date,index_name,ticker,data_source,close_level,log_return,return_pct,garch_volatility
2021-01-04,EURO_STOXX_50,^STOXX50E,Yahoo Finance,3564.389892578125,,,
2021-01-05,EURO_STOXX_50,^STOXX50E,Yahoo Finance,3547.85009765625,-0.0046510873539580945,-0.46510873539580944,0.9122050613741134
2021-01-06,EURO_STOXX_50,^STOXX50E,Yahoo Finance,3611.080078125,0.017665104472798187,1.7665104472798188,0.8857493262529195
2021-01-07,EURO_STOXX_50,^STOXX50E,Yahoo Finance,3622.419921875,0.0031353709932236714,0.3135370993223671,1.0906894202380324
2021-01-08,EURO_STOXX_50,^STOXX50E,Yahoo Finance,3645.050048828125,0.006227806977629031,0.6227806977629031,1.0095873701437925
2021-01-11,EURO_STOXX_50,^STOXX50E,Yahoo Finance,3620.6201171875,-0.006724781925948252,-0.6724781925948252,0.9620993032769853
2021-01-12,EURO_STOXX_50,^STOXX50E,Yahoo Finance,3612.1298828125,-0.0023477206525043272,-0.23477206525043273,0.9528692071151268
2021-01-13,EURO_STOXX_50,^STOXX50E,Yahoo Finance,3616.510009765625,0.001211881503101873,0.1211881503101873,0.8987265040769855
2021-01-14,EURO_STOXX_50,^STOXX50E,Yahoo Finance,3641.3701171875,0.006850541538443722,0.6850541538443722,0.8419173948831032
2021-01-15,EURO_STOXX_50,^STOXX50E,Yahoo Finance,3599.550048828125,-0.011551165432514809,-1.155116543251481,0.8321389012729085
2021-01-18,EURO_STOXX_50,^STOXX50E,Yahoo Finance,3602.669921875,0.0008663643306397995,0.08663643306397995,0.9476998194349063
2021-01-19,EURO_STOXX_50,^STOXX50E,Yahoo Finance,3595.419921875,-0.0020144239955396264,-0.20144239955396265,0.8833324078735193
2021-01-20,EURO_STOXX_50,^STOXX50E,Yahoo Finance,3624.0400390625,0.007928644877053168,0.7928644877053168,0.8384122314269926
2021-01-21,EURO_STOXX_50,^STOXX50E,Yahoo Finance,3618.35009765625,-0.0015712886131562835,-0.15712886131562834,0.8441498635737955
2021-01-22,EURO_STOXX_50,^STOXX50E,Yahoo Finance,3602.409912109375,-0.004415106282172152,-0.4415106282172152,0.8031216372206794
2021-01-25,EURO_STOXX_50,^STOXX50E,Yahoo Finance,3553.139892578125,-0.013771352180007483,-1.3771352180007483,0.7949021137943332
2021-01-26,EURO_STOXX_50,^STOXX50E,Yahoo Finance,3592.830078125,0.01110852518383248,1.110852518383248,0.9790594171394059
2021-01-27,EURO_STOXX_50,^STOXX50E,Yahoo Finance,3536.3798828125,-0.01583664260764582,-1.583664260764582,1.0060792498055717
2021-01-28,EURO_STOXX_50,^STOXX50E,Yahoo Finance,3557.0400390625,0.005825177389394374,0.5825177389394375,1.1730698901766046
2021-01-29,EURO_STOXX_50,^STOXX50E,Yahoo Finance,3481.43994140625,-0.02148276484562079,-2.148276484562079,1.0957384150158238
2021-02-01,EURO_STOXX_50,^STOXX50E,Yahoo Finance,3530.85009765625,0.014092678347553863,1.4092678347553864,1.3863684505366711
2021-02-02,EURO_STOXX_50,^STOXX50E,Yahoo Finance,3590.4599609375,0.01674165429866707,1.6741654298667068,1.3779501446975833
2021-02-03,EURO_STOXX_50,^STOXX50E,Yahoo Finance,3609.75,0.005358200752215759,0.5358200752215759,1.4203536186268526
2021-02-04,EURO_STOXX_50,^STOXX50E,Yahoo Finance,3642.1201171875,0.008927443998208651,0.8927443998208652,1.303948202799529
2021-02-05,EURO_STOXX_50,^STOXX50E,Yahoo Finance,3655.77001953125,0.0037407848036864985,0.3740784803686498,1.2362520486454747
2021-02-08,EURO_STOXX_50,^STOXX50E,Yahoo Finance,3665.510009765625,0.002660735811661241,0.26607358116612406,1.136924092371338
2021-02-09,EURO_STOXX_50,^STOXX50E,Yahoo Finance,3661.1298828125,-0.001195671559999039,-0.1195671559999039,1.0476009999176188
2021-02-10,EURO_STOXX_50,^STOXX50E,Yahoo Finance,3648.3701171875,-0.0034912862947709916,-0.34912862947709916,0.9727987915780987
2021-02-11,EURO_STOXX_50,^STOXX50E,Yahoo Finance,3671.679931640625,0.006368779745326779,0.6368779745326779,0.9241154315809506
2021-02-12,EURO_STOXX_50,^STOXX50E,Yahoo Finance,3695.610107421875,0.0064963534254687625,0.6496353425468763,0.8930664420000706
2021-02-15,EURO_STOXX_50,^STOXX50E,Yahoo Finance,3734.199951171875,0.010387934674398514,1.0387934674398513,0.8691527790933734
2021-02-16,EURO_STOXX_50,^STOXX50E,Yahoo Finance,3726.39990234375,-0.0020909985318260374,-0.20909985318260374,0.9089834780222588
2021-02-17,EURO_STOXX_50,^STOXX50E,Yahoo Finance,3699.85009765625,-0.007150289258846604,-0.7150289258846604,0.8603115952649071
2021-02-18,EURO_STOXX_50,^STOXX50E,Yahoo Finance,3681.0400390625,-0.005096973120511829,-0.509697312051183,0.8793452488372868
2021-02-19,EURO_STOXX_50,^STOXX50E,Yahoo Finance,3713.4599609375,0.008768714478690548,0.8768714478690548,0.8644676429552985
2021-02-22,EURO_STOXX_50,^STOXX50E,Yahoo Finance,3699.85009765625,-0.00367174135817862,-0.367174135817862,0.8774372512558862
2021-02-23,EURO_STOXX_50,^STOXX50E,Yahoo Finance,3689.10009765625,-0.0029097523465603497,-0.290975234656035,0.8469581179885989
2021-02-24,EURO_STOXX_50,^STOXX50E,Yahoo Finance,3705.989990234375,0.004567874561459367,0.45678745614593674,0.814946390622371
2021-02-25,EURO_STOXX_50,^STOXX50E,Yahoo Finance,3685.280029296875,-0.005603912475238808,-0.5603912475238808,0.7863468632207671
2021-02-26,EURO_STOXX_50,^STOXX50E,Yahoo Finance,3636.43994140625,-0.013341349440033632,-1.3341349440033632,0.7976338185278249
2021-03-01,EURO_STOXX_50,^STOXX50E,Yahoo Finance,3706.6201171875,0.019115276780619618,1.9115276780619619,0.9693476339899888
2021-03-02,EURO_STOXX_50,^STOXX50E,Yahoo Finance,3707.719970703125,0.0002966827824606962,0.029668278246069622,1.1843873230947999
2021-03-03,EURO_STOXX_50,^STOXX50E,Yahoo Finance,3712.780029296875,0.0013638055058405288,0.13638055058405288,1.0864189645428517
2021-03-04,EURO_STOXX_50,^STOXX50E,Yahoo Finance,3704.85009765625,-0.0021381315935002287,-0.21381315935002287,1.0018870559290114
2021-03-05,EURO_STOXX_50,^STOXX50E,Yahoo Finance,3669.5400390625,-0.009576474201244746,-0.9576474201244747,0.9386723510897811
2021-03-08,EURO_STOXX_50,^STOXX50E,Yahoo Finance,3763.239990234375,0.025213961626020392,2.521396162602039,0.982773345568318
2021-03-09,EURO_STOXX_50,^STOXX50E,Yahoo Finance,3786.050048828125,0.006042986264903889,0.6042986264903889,1.373476434720265
2021-03-10,EURO_STOXX_50,^STOXX50E,Yahoo Finance,3819.919921875,0.008906187391586502,0.8906187391586502,1.2681772342717808
2021-03-11,EURO_STOXX_50,^STOXX50E,Yahoo Finance,3845.639892578125,0.006710551569102259,0.6710551569102259,1.2062017785356758
2021-03-12,EURO_STOXX_50,^STOXX50E,Yahoo Finance,3833.360107421875,-0.003198279886374693,-0.3198279886374693,1.1312883665809694
2021-03-15,EURO_STOXX_50,^STOXX50E,Yahoo Finance,3829.840087890625,-0.0009186814096207207,-0.09186814096207206,1.0551269012247773
2021-03-16,EURO_STOXX_50,^STOXX50E,Yahoo Finance,3850.9599609375,0.00549940791084351,0.549940791084351,0.9781866123698655
2021-03-17,EURO_STOXX_50,^STOXX50E,Yahoo Finance,3849.739990234375,-0.0003168467077191926,-0.03168467077191926,0.9292377021425615
2021-03-18,EURO_STOXX_50,^STOXX50E,Yahoo Finance,3867.5400390625,0.00461304509522379,0.461304509522379,0.869365474604223
2021-03-19,EURO_STOXX_50,^STOXX50E,Yahoo Finance,3837.02001953125,-0.007922627363297977,-0.7922627363297976,0.8315304204854248
2021-03-22,EURO_STOXX_50,^STOXX50E,Yahoo Finance,3833.840087890625,-0.000829093942074252,-0.0829093942074252,0.8707722099374081
2021-03-23,EURO_STOXX_50,^STOXX50E,Yahoo Finance,3827.02001953125,-0.0017804972458639104,-0.17804972458639104,0.8218047749983219
2021-03-24,EURO_STOXX_50,^STOXX50E,Yahoo Finance,3832.550048828125,0.0014439531744899776,0.14439531744899775,0.785833055856274
2021-03-25,EURO_STOXX_50,^STOXX50E,Yahoo Finance,3832.570068359375,5.223540125709177e-06,0.0005223540125709178,0.7474407357586473
2021-03-26,EURO_STOXX_50,^STOXX50E,Yahoo Finance,3866.679931640625,0.008860625761391398,0.8860625761391399,0.7164827847683122
2021-03-29,EURO_STOXX_50,^STOXX50E,Yahoo Finance,3882.8701171875,0.004178361066081155,0.4178361066081155,0.7664104407641203
2021-03-30,EURO_STOXX_50,^STOXX50E,Yahoo Finance,3926.199951171875,0.011097423454192129,1.1097423454192128,0.7435513029102323
2021-03-31,EURO_STOXX_50,^STOXX50E,Yahoo Finance,3919.2099609375,-0.0017819316421399645,-0.17819316421399645,0.8311639144100085
2021-04-01,EURO_STOXX_50,^STOXX50E,Yahoo Finance,3945.9599609375,0.006802167889068095,0.6802167889068095,0.7935912217659306
2021-04-06,EURO_STOXX_50,^STOXX50E,Yahoo Finance,3970.419921875,0.006179602075248798,0.6179602075248798,0.7930383060686194
2021-04-07,EURO_STOXX_50,^STOXX50E,Yahoo Finance,3956.77001953125,-0.0034438220694072365,-0.34438220694072363,0.7847941731613655
2021-04-08,EURO_STOXX_50,^STOXX50E,Yahoo Finance,3977.830078125,0.005308423307901534,0.5308423307901534,0.7692936487252084
2021-04-09,EURO_STOXX_50,^STOXX50E,Yahoo Finance,3978.840087890625,0.0002538775015115307,0.025387750151153073,0.7560764251181417
2021-04-12,EURO_STOXX_50,^STOXX50E,Yahoo Finance,3961.89990234375,-0.004266658086396459,-0.42666580863964587,0.7231000063999822
2021-04-13,EURO_STOXX_50,^STOXX50E,Yahoo Finance,3966.989990234375,0.001283934739624809,0.12839347396248088,0.7296740658398673
2021-04-14,EURO_STOXX_50,^STOXX50E,Yahoo Finance,3976.280029296875,0.002339097947176495,0.23390979471764947,0.7007899543629207
2021-04-15,EURO_STOXX_50,^STOXX50E,Yahoo Finance,3993.429931640625,0.0043037774020356955,0.43037774020356956,0.6794169435369227
2021-04-16,EURO_STOXX_50,^STOXX50E,Yahoo Finance,4032.989990234375,0.00985754030302295,0.985754030302295,0.6744110884554078
2021-04-19,EURO_STOXX_50,^STOXX50E,Yahoo Finance,4019.909912109375,-0.0032485414661750423,-0.3248541466175042,0.7556762729280835
2021-04-20,EURO_STOXX_50,^STOXX50E,Yahoo Finance,3940.4599609375,-0.019962034605986306,-1.9962034605986307,0.743847510840474
2021-04-21,EURO_STOXX_50,^STOXX50E,Yahoo Finance,3976.409912109375,0.009081922236427021,0.9081922236427021,1.1365585973316823
2021-04-22,EURO_STOXX_50,^STOXX50E,Yahoo Finance,4014.800048828125,0.009608165032316617,0.9608165032316617,1.0998044319523317
2021-04-23,EURO_STOXX_50,^STOXX50E,Yahoo Finance,4013.340087890625,-0.00036371087916536323,-0.03637108791653632,1.0771853172373673
2021-04-26,EURO_STOXX_50,^STOXX50E,Yahoo Finance,4020.830078125,0.001864534170800144,0.1864534170800144,0.9954214812401103
2021-04-27,EURO_STOXX_50,^STOXX50E,Yahoo Finance,4011.909912109375,-0.002220953172423805,-0.22209531724238052,0.9246949509371987
2021-04-28,EURO_STOXX_50,^STOXX50E,Yahoo Finance,4015.030029296875,0.0007774114089348322,0.07774114089348322,0.8742896222956416
2021-04-29,EURO_STOXX_50,^STOXX50E,Yahoo Finance,3996.89990234375,-0.004525790428545095,-0.4525790428545095,0.8212823441521995
2021-04-30,EURO_STOXX_50,^STOXX50E,Yahoo Finance,3974.739990234375,-0.005559701514047605,-0.5559701514047605,0.810779750644278
2021-05-03,EURO_STOXX_50,^STOXX50E,Yahoo Finance,4000.25,0.006397524461754053,0.6397524461754054,0.8161220862053119
2021-05-04,EURO_STOXX_50,^STOXX50E,Yahoo Finance,3924.800048828125,-0.019041452203838707,-1.9041452203838707,0.8058795440815723
2021-05-05,EURO_STOXX_50,^STOXX50E,Yahoo Finance,4002.7900390625,0.019676220775629163,1.9676220775629163,1.140325335399014
2021-05-06,EURO_STOXX_50,^STOXX50E,Yahoo Finance,3999.43994140625,-0.0008372910701501878,-0.08372910701501879,1.3134544524859304
2021-05-07,EURO_STOXX_50,^STOXX50E,Yahoo Finance,4034.25,0.008666074170837321,0.8666074170837321,1.2001622903910867
2021-05-10,EURO_STOXX_50,^STOXX50E,Yahoo Finance,4023.35009765625,-0.002705497632130778,-0.27054976321307783,1.1468998313207364
2021-05-11,EURO_STOXX_50,^STOXX50E,Yahoo Finance,3946.06005859375,-0.019397285602536767,-1.9397285602536767,1.0651357883939157
2021-05-12,EURO_STOXX_50,^STOXX50E,Yahoo Finance,3947.429931640625,0.0003470893260958474,0.03470893260958474,1.3076038004090047
2021-05-14,EURO_STOXX_50,^STOXX50E,Yahoo Finance,4017.43994140625,0.017580152341548114,1.7580152341548114,1.1929436120826216
2021-05-17,EURO_STOXX_50,^STOXX50E,Yahoo Finance,4006.840087890625,-0.0026419466026611667,-0.26419466026611665,1.2998972876506023
2021-05-18,EURO_STOXX_50,^STOXX50E,Yahoo Finance,4005.340087890625,-0.0003744299265906946,-0.03744299265906946,1.1957650494509586
2021-05-19,EURO_STOXX_50,^STOXX50E,Yahoo Finance,3936.739990234375,-0.017275525574911944,-1.7275525574911945,1.097337468757533
2021-05-20,EURO_STOXX_50,^STOXX50E,Yahoo Finance,3999.909912109375,0.01591887172547376,1.5918871725473758,1.27210408100711
2021-05-21,EURO_STOXX_50,^STOXX50E,Yahoo Finance,4025.780029296875,0.00644684929948013,0.644684929948013,1.3229608285792016
2021-05-25,EURO_STOXX_50,^STOXX50E,Yahoo Finance,4036.0400390625,0.0025453347303571435,0.25453347303571433,1.2280643823552078
2021-05-26,EURO_STOXX_50,^STOXX50E,Yahoo Finance,4031.669921875,-0.0010833601198065451,-0.10833601198065451,1.1257531321097438
2021-05-27,EURO_STOXX_50,^STOXX50E,Yahoo Finance,4039.2099609375,0.0018684558228056088,0.1868455822805609,1.039166980806701
2021-05-28,EURO_STOXX_50,^STOXX50E,Yahoo Finance,4070.56005859375,0.007731477895236448,0.7731477895236448,0.9620231831056856
2021-05-31,EURO_STOXX_50,^STOXX50E,Yahoo Finance,4039.4599609375,-0.007669586518933932,-0.7669586518933932,0.9401148922953196
2021-06-01,EURO_STOXX_50,^STOXX50E,Yahoo Finance,4071.75,0.0079618724687831,0.7961872468783099,0.9499992145447748
2021-06-02,EURO_STOXX_50,^STOXX50E,Yahoo Finance,4088.5,0.004105272148361864,0.41052721483618637,0.9334361627790216
2021-06-03,EURO_STOXX_50,^STOXX50E,Yahoo Finance,4079.239990234375,-0.0022674604588611836,-0.22674604588611835,0.881282245623601
2021-06-04,EURO_STOXX_50,^STOXX50E,Yahoo Finance,4089.3798828125,0.002482646504267618,0.2482646504267618,0.8383850646053331
2021-06-07,EURO_STOXX_50,^STOXX50E,Yahoo Finance,4097.64990234375,0.0020202741558579774,0.20202741558579773,0.7936627609002416
2021-06-08,EURO_STOXX_50,^STOXX50E,Yahoo Finance,4096.009765625,-0.00040034290100371774,-0.040034290100371774,0.7550031495640238
2021-06-09,EURO_STOXX_50,^STOXX50E,Yahoo Finance,4096.85009765625,0.0002051376560126059,0.02051376560126059,0.7238982679804533
2021-06-10,EURO_STOXX_50,^STOXX50E,Yahoo Finance,4096.06982421875,-0.00019047505585296395,-0.019047505585296394,0.6966532795901317
2021-06-11,EURO_STOXX_50,^STOXX50E,Yahoo Finance,4126.7001953125,0.0074501689088069855,0.7450168908806986,0.675326874282558
2021-06-14,EURO_STOXX_50,^STOXX50E,Yahoo Finance,4132.669921875,0.0014455648596336352,0.1445564859633635,0.7111697579583874
2021-06-15,EURO_STOXX_50,^STOXX50E,Yahoo Finance,4143.52001953125,0.0026220045574556518,0.26220045574556516,0.6857427343169694
2021-06-16,EURO_STOXX_50,^STOXX50E,Yahoo Finance,4151.759765625,0.0019866114265190207,0.19866114265190207,0.6683069558534827
2021-06-17,EURO_STOXX_50,^STOXX50E,Yahoo Finance,4158.14013671875,0.0015356075097224917,0.15356075097224917,0.6518545908287644
2021-06-18,EURO_STOXX_50,^STOXX50E,Yahoo Finance,4083.3701171875,-0.018145235209584772,-1.8145235209584771,0.6375336687223783
2021-06-21,EURO_STOXX_50,^STOXX50E,Yahoo Finance,4112.330078125,0.0070671402759360505,0.706714027593605,1.0224098740529926
2021-06-22,EURO_STOXX_50,^STOXX50E,Yahoo Finance,4123.1298828125,0.0026227583959096226,0.26227583959096223,0.9814889403728211
2021-06-23,EURO_STOXX_50,^STOXX50E,Yahoo Finance,4075.93994140625,-0.011511174682132195,-1.1511174682132195,0.9147321435571449
2021-06-24,EURO_STOXX_50,^STOXX50E,Yahoo Finance,4122.43017578125,0.011341457397203646,1.1341457397203647,1.0052320149737197
2021-06-25,EURO_STOXX_50,^STOXX50E,Yahoo Finance,4120.66015625,-0.0004294553346275579,-0.042945533462755786,1.0304556829625517
2021-06-28,EURO_STOXX_50,^STOXX50E,Yahoo Finance,4089.909912109375,-0.00749043919215761,-0.749043919215761,0.9556493398847584
2021-06-29,EURO_STOXX_50,^STOXX50E,Yahoo Finance,4107.509765625,0.004294005004110776,0.4294005004110776,0.9593300056666066
2021-06-30,EURO_STOXX_50,^STOXX50E,Yahoo Finance,4064.300048828125,-0.010575409973865694,-1.0575409973865695,0.9042221416255739
2021-07-01,EURO_STOXX_50,^STOXX50E,Yahoo Finance,4078.889892578125,0.0035833277785238147,0.3583327778523815,0.9773020585663413
2021-07-02,EURO_STOXX_50,^STOXX50E,Yahoo Finance,4084.31005859375,0.0013279515005302019,0.1327951500530202,0.9152007055442893
2021-07-05,EURO_STOXX_50,^STOXX50E,Yahoo Finance,4087.3701171875,0.0007489423645959102,0.07489423645959102,0.8559161268152169
2021-07-06,EURO_STOXX_50,^STOXX50E,Yahoo Finance,4052.669921875,-0.008525856222526303,-0.8525856222526303,0.8058381010057861
2021-07-07,EURO_STOXX_50,^STOXX50E,Yahoo Finance,4078.530029296875,0.006360732675728654,0.6360732675728653,0.8630283887044136
2021-07-08,EURO_STOXX_50,^STOXX50E,Yahoo Finance,3991.659912109375,-0.02152947409732643,-2.152947409732643,0.8432328740027469
2021-07-09,EURO_STOXX_50,^STOXX50E,Yahoo Finance,4068.090087890625,0.018966460977504426,1.8966460977504425,1.240334899661844
2021-07-12,EURO_STOXX_50,^STOXX50E,Yahoo Finance,4093.3798828125,0.006197382568547556,0.6197382568547556,1.366337014681076
2021-07-13,EURO_STOXX_50,^STOXX50E,Yahoo Finance,4094.56005859375,0.00028827172594539716,0.028827172594539714,1.263189222888399
2021-07-14,EURO_STOXX_50,^STOXX50E,Yahoo Finance,4099.5,0.001205737319326581,0.1205737319326581,1.1545205659833666
2021-07-15,EURO_STOXX_50,^STOXX50E,Yahoo Finance,4056.389892578125,-0.010571626023681339,-1.057162602368134,1.0603471671569198
2021-07-16,EURO_STOXX_50,^STOXX50E,Yahoo Finance,4035.77001953125,-0.005096270439300237,-0.5096270439300237,1.094359167719789
2021-07-19,EURO_STOXX_50,^STOXX50E,Yahoo Finance,3928.530029296875,-0.02693180102658552,-2.6931801026585522,1.0406876436008503
2021-07-20,EURO_STOXX_50,^STOXX50E,Yahoo Finance,3956.340087890625,0.007054060117370904,0.7054060117370904,1.5232208216421381
2021-07-21,EURO_STOXX_50,^STOXX50E,Yahoo Finance,4026.679931640625,0.017622820432846287,1.7622820432846287,1.4041549472330346
2021-07-22,EURO_STOXX_50,^STOXX50E,Yahoo Finance,4059.050048828125,0.008006770000593548,0.8006770000593547,1.458165661511527
2021-07-23,EURO_STOXX_50,^STOXX50E,Yahoo Finance,4109.10009765625,0.012255082077258093,1.2255082077258093,1.3566852986662004
2021-07-26,EURO_STOXX_50,^STOXX50E,Yahoo Finance,4102.58984375,-0.0015856066940379417,-0.15856066940379418,1.324389200223077
2021-07-27,EURO_STOXX_50,^STOXX50E,Yahoo Finance,4064.830078125,-0.009246502571741444,-0.9246502571741444,1.2120430621833829
2021-07-28,EURO_STOXX_50,^STOXX50E,Yahoo Finance,4103.02978515625,0.00935373186741153,0.935373186741153,1.1911036276277658
2021-07-29,EURO_STOXX_50,^STOXX50E,Yahoo Finance,4116.77001953125,0.0033432072555064614,0.3343207255506461,1.148061844298677
2021-07-30,EURO_STOXX_50,^STOXX50E,Yahoo Finance,4089.300048828125,-0.006695061846504872,-0.6695061846504872,1.0595160652805804
2021-08-02,EURO_STOXX_50,^STOXX50E,Yahoo Finance,4116.6201171875,0.006658648572925727,0.6658648572925727,1.0309948195053007
2021-08-03,EURO_STOXX_50,^STOXX50E,Yahoo Finance,4117.9501953125,0.00032304736885854974,0.03230473688585497,0.9841968128060249
2021-08-04,EURO_STOXX_50,^STOXX50E,Yahoo Finance,4144.89990234375,0.006523125138287258,0.6523125138287258,0.9147589296378341
2021-08-05,EURO_STOXX_50,^STOXX50E,Yahoo Finance,4161.080078125,0.0038960354554165226,0.3896035455416523,0.8871209865359307
2021-08-06,EURO_STOXX_50,^STOXX50E,Yahoo Finance,4174.5400390625,0.003229507210477722,0.3229507210477722,0.8412352596680107
2021-08-09,EURO_STOXX_50,^STOXX50E,Yahoo Finance,4177.14990234375,0.0006249904832468571,0.06249904832468571,0.7992114736828153
2021-08-10,EURO_STOXX_50,^STOXX50E,Yahoo Finance,4187.81982421875,0.0025510977350845245,0.25510977350845243,0.7584509173784123
2021-08-11,EURO_STOXX_50,^STOXX50E,Yahoo Finance,4206.330078125,0.004410281952199471,0.4410281952199471,0.7275280943140706
2021-08-12,EURO_STOXX_50,^STOXX50E,Yahoo Finance,4226.330078125,0.004743470537234269,0.4743470537234269,0.7139156263996083
2021-08-13,EURO_STOXX_50,^STOXX50E,Yahoo Finance,4229.7001953125,0.0007970920767684092,0.07970920767684092,0.7060159096730406
2021-08-16,EURO_STOXX_50,^STOXX50E,Yahoo Finance,4202.43994140625,-0.006465819693752334,-0.6465819693752334,0.6812542668971491
2021-08-17,EURO_STOXX_50,^STOXX50E,Yahoo Finance,4196.39990234375,-0.0014383034362193397,-0.14383034362193398,0.7319908975820967
2021-08-18,EURO_STOXX_50,^STOXX50E,Yahoo Finance,4189.419921875,-0.0016647107204801103,-0.16647107204801104,0.7099081345827932
2021-08-19,EURO_STOXX_50,^STOXX50E,Yahoo Finance,4124.7099609375,-0.015566576068673323,-1.5566576068673323,0.6934125003167941
2021-08-20,EURO_STOXX_50,^STOXX50E,Yahoo Finance,4147.5,0.00551003826785787,0.551003826785787,0.9693180002137811
2021-08-23,EURO_STOXX_50,^STOXX50E,Yahoo Finance,4176.419921875,0.006948658447008732,0.6948658447008732,0.9219495751201233
2021-08-24,EURO_STOXX_50,^STOXX50E,Yahoo Finance,4178.080078125,0.00039742803802780195,0.0397428038027802,0.8978988978190227
2021-08-25,EURO_STOXX_50,^STOXX50E,Yahoo Finance,4181.1201171875,0.0007273516904715072,0.07273516904715072,0.8415007314998562
2021-08-26,EURO_STOXX_50,^STOXX50E,Yahoo Finance,4169.8701171875,-0.0026942928897711067,-0.26942928897711066,0.7937469858932757
2021-08-27,EURO_STOXX_50,^STOXX50E,Yahoo Finance,4190.97998046875,0.0050497037722857605,0.5049703772285761,0.7695188068811004
2021-08-30,EURO_STOXX_50,^STOXX50E,Yahoo Finance,4198.7998046875,0.001864131522752661,0.18641315227526611,0.7536735289725007
2021-08-31,EURO_STOXX_50,^STOXX50E,Yahoo Finance,4196.41015625,-0.0005692885617292234,-0.05692885617292234,0.7214784692285234
2021-09-01,EURO_STOXX_50,^STOXX50E,Yahoo Finance,4227.27001953125,0.007326964152231548,0.7326964152231548,0.6969553353041158
2021-09-02,EURO_STOXX_50,^STOXX50E,Yahoo Finance,4232.10009765625,0.0011419475878169407,0.11419475878169406,0.7255418541310891
2021-09-03,EURO_STOXX_50,^STOXX50E,Yahoo Finance,4201.97998046875,-0.0071425087164494905,-0.714250871644949,0.697297925204401
2021-09-06,EURO_STOXX_50,^STOXX50E,Yahoo Finance,4246.1298828125,0.010452114139945888,1.045211413994589,0.7563999068753526
2021-09-07,EURO_STOXX_50,^STOXX50E,Yahoo Finance,4225.009765625,-0.004986380068055215,-0.49863800680552145,0.8266907641426743
2021-09-08,EURO_STOXX_50,^STOXX50E,Yahoo Finance,4177.14990234375,-0.011392399764555482,-1.1392399764555483,0.8208870126393916
2021-09-09,EURO_STOXX_50,^STOXX50E,Yahoo Finance,4177.10986328125,-9.585304652637128e-06,-0.0009585304652637128,0.9361344543622532
2021-09-10,EURO_STOXX_50,^STOXX50E,Yahoo Finance,4170.35009765625,-0.001619598568728917,-0.1619598568728917,0.8744885992233881
2021-09-13,EURO_STOXX_50,^STOXX50E,Yahoo Finance,4189.52978515625,0.004588515964433248,0.4588515964433248,0.8286731197088786
2021-09-14,EURO_STOXX_50,^STOXX50E,Yahoo Finance,4191.669921875,0.0005106993843540417,0.05106993843540417,0.797783012447662
2021-09-15,EURO_STOXX_50,^STOXX50E,Yahoo Finance,4145.93994140625,-0.010969675911809595,-1.0969675911809595,0.7573681822648359
2021-09-16,EURO_STOXX_50,^STOXX50E,Yahoo Finance,4169.8701171875,0.005755360372160161,0.5755360372160161,0.8824092929114125
2021-09-17,EURO_STOXX_50,^STOXX50E,Yahoo Finance,4130.83984375,-0.009404150070894249,-0.9404150070894248,0.8525076384766911
2021-09-20,EURO_STOXX_50,^STOXX50E,Yahoo Finance,4043.6298828125,-0.021337963876362002,-2.1337963876362003,0.9150340658133742
2021-09-21,EURO_STOXX_50,^STOXX50E,Yahoo Finance,4097.509765625,0.013236640525060088,1.3236640525060088,1.273949291241275
2021-09-22,EURO_STOXX_50,^STOXX50E,Yahoo Finance,4150.18994140625,0.01277468726278855,1.2774687262788549,1.274054740918806
2021-09-23,EURO_STOXX_50,^STOXX50E,Yahoo Finance,4194.919921875,0.010720148583008635,1.0720148583008635,1.2662993260987851
2021-09-24,EURO_STOXX_50,^STOXX50E,Yahoo Finance,4158.509765625,-0.008717470115181269,-0.8717470115181268,1.2282575336371113
2021-09-27,EURO_STOXX_50,^STOXX50E,Yahoo Finance,4165.47998046875,0.0016747297114693403,0.16747297114693402,1.196320705274009
2021-09-28,EURO_STOXX_50,^STOXX50E,Yahoo Finance,4058.820068359375,-0.025939202570461388,-2.593920257046139,1.096755398177568
2021-09-29,EURO_STOXX_50,^STOXX50E,Yahoo Finance,4080.219970703125,0.005258593533135666,0.5258593533135666,1.5223700870488222
2021-09-30,EURO_STOXX_50,^STOXX50E,Yahoo Finance,4048.080078125,-0.007908187415758456,-0.7908187415758456,1.3914882493969334
2021-10-01,EURO_STOXX_50,^STOXX50E,Yahoo Finance,4035.300048828125,-0.0031620534342493255,-0.31620534342493256,1.3200760715431945
2021-10-04,EURO_STOXX_50,^STOXX50E,Yahoo Finance,3996.409912109375,-0.009684224367527042,-0.9684224367527041,1.2160950473828664
2021-10-05,EURO_STOXX_50,^STOXX50E,Yahoo Finance,4065.429931640625,0.017123065515139098,1.7123065515139098,1.201193147992749
2021-10-06,EURO_STOXX_50,^STOXX50E,Yahoo Finance,4012.64990234375,-0.013067655050492955,-1.3067655050492955,1.2955850785384329
2021-10-07,EURO_STOXX_50,^STOXX50E,Yahoo Finance,4098.33984375,0.021130128953167356,2.1130128953167358,1.3230166355156066
2021-10-08,EURO_STOXX_50,^STOXX50E,Yahoo Finance,4073.2900390625,-0.006130939240247552,-0.6130939240247552,1.4772924885427816
2021-10-11,EURO_STOXX_50,^STOXX50E,Yahoo Finance,4072.52001953125,-0.00018905904458978444,-0.018905904458978443,1.3735036556503804
2021-10-12,EURO_STOXX_50,^STOXX50E,Yahoo Finance,4055.090087890625,-0.004289073449772093,-0.4289073449772093,1.2508411552767396
2021-10-13,EURO_STOXX_50,^STOXX50E,Yahoo Finance,4083.280029296875,0.006927690371244555,0.6927690371244555,1.1649059071233323
2021-10-14,EURO_STOXX_50,^STOXX50E,Yahoo Finance,4149.06005859375,0.015981222496644895,1.5981222496644896,1.0985885502236636
2021-10-15,EURO_STOXX_50,^STOXX50E,Yahoo Finance,4182.91015625,0.008125397240033753,0.8125397240033753,1.1950444059902319
2021-10-18,EURO_STOXX_50,^STOXX50E,Yahoo Finance,4151.39990234375,-0.007561610697362833,-0.7561610697362833,1.136353310548561
2021-10-19,EURO_STOXX_50,^STOXX50E,Yahoo Finance,4166.830078125,0.0037099703941183668,0.3709970394118367,1.1052412346581117
2021-10-20,EURO_STOXX_50,^STOXX50E,Yahoo Finance,4172.169921875,0.0012806918047378827,0.12806918047378826,1.0244995773648242
2021-10-21,EURO_STOXX_50,^STOXX50E,Yahoo Finance,4155.72998046875,-0.003948165312869429,-0.39481653128694294,0.9488223975871458
2021-10-22,EURO_STOXX_50,^STOXX50E,Yahoo Finance,4188.81005859375,0.007928597924339965,0.7928597924339965,0.9084090874327393
2021-10-25,EURO_STOXX_50,^STOXX50E,Yahoo Finance,4188.31005859375,-0.00011937276620105813,-0.011937276620105814,0.8996237125279862
2021-10-26,EURO_STOXX_50,^STOXX50E,Yahoo Finance,4223.97021484375,0.00847816969788391,0.8478169697883909,0.8438658382937663
2021-10-27,EURO_STOXX_50,^STOXX50E,Yahoo Finance,4220.8798828125,-0.0007318856186812082,-0.07318856186812082,0.8567884417115581
2021-10-28,EURO_STOXX_50,^STOXX50E,Yahoo Finance,4233.8701171875,0.0030728867433887593,0.3072886743388759,0.8097173951380554
2021-10-29,EURO_STOXX_50,^STOXX50E,Yahoo Finance,4250.56005859375,0.003934256653240128,0.39342566532401285,0.7722352972009763
2021-11-01,EURO_STOXX_50,^STOXX50E,Yahoo Finance,4280.47021484375,0.0070121140934773386,0.7012114093477338,0.7464978690164338
2021-11-02,EURO_STOXX_50,^STOXX50E,Yahoo Finance,4296.22021484375,0.003672749490854449,0.3672749490854449,0.7589433780765337
2021-11-03,EURO_STOXX_50,^STOXX50E,Yahoo Finance,4309.60986328125,0.0031117647270198037,0.31117647270198034,0.7338267122814813
2021-11-04,EURO_STOXX_50,^STOXX50E,Yahoo Finance,4333.33984375,0.005491190137843426,0.5491190137843426,0.7099069283584144
2021-11-05,EURO_STOXX_50,^STOXX50E,Yahoo Finance,4363.0400390625,0.006830499860015722,0.6830499860015722,0.7106717379360955
2021-11-08,EURO_STOXX_50,^STOXX50E,Yahoo Finance,4352.52978515625,-0.0024118351899022,-0.24118351899022,0.7285748924429069
2021-11-09,EURO_STOXX_50,^STOXX50E,Yahoo Finance,4344.6298828125,-0.0018166630987567988,-0.1816663098756799,0.7142172955768868
2021-11-10,EURO_STOXX_50,^STOXX50E,Yahoo Finance,4348.81982421875,0.000963930745993469,0.0963930745993469,0.6979610410650654
2021-11-11,EURO_STOXX_50,^STOXX50E,Yahoo Finance,4358.0,0.002108733008933361,0.21087330089333609,0.6746172662955358
2021-11-12,EURO_STOXX_50,^STOXX50E,Yahoo Finance,4370.330078125,0.002825302484332335,0.2825302484332335,0.657336419095256
2021-11-15,EURO_STOXX_50,^STOXX50E,Yahoo Finance,4386.18994140625,0.0036224163454202755,0.36224163454202757,0.6463195282488627
2021-11-16,EURO_STOXX_50,^STOXX50E,Yahoo Finance,4401.490234375,0.0034822178603309216,0.3482217860330922,0.6425005644691919
2021-11-17,EURO_STOXX_50,^STOXX50E,Yahoo Finance,4400.81005859375,-0.00015454500754699143,-0.015454500754699143,0.6384475590333824
2021-11-18,EURO_STOXX_50,^STOXX50E,Yahoo Finance,4383.7001953125,-0.003895467003411817,-0.3895467003411817,0.6280440695229812
2021-11-19,EURO_STOXX_50,^STOXX50E,Yahoo Finance,4356.47021484375,-0.006231015481950056,-0.6231015481950055,0.6512321452660644
2021-11-22,EURO_STOXX_50,^STOXX50E,Yahoo Finance,4338.68994140625,-0.004089699994065324,-0.40896999940653234,0.7056983669423711
2021-11-23,EURO_STOXX_50,^STOXX50E,Yahoo Finance,4283.81982421875,-0.012727351863251227,-1.2727351863251226,0.7137877198922734
2021-11-24,EURO_STOXX_50,^STOXX50E,Yahoo Finance,4276.25,-0.0017686365526087477,-0.17686365526087477,0.8992159987141296
2021-11-25,EURO_STOXX_50,^STOXX50E,Yahoo Finance,4293.240234375,0.003965289923323015,0.3965289923323015,0.85018739114244
2021-11-26,EURO_STOXX_50,^STOXX50E,Yahoo Finance,4089.580078125,-0.048599452834340355,-4.859945283434035,0.8109548111952194
2021-11-29,EURO_STOXX_50,^STOXX50E,Yahoo Finance,4109.509765625,0.004861448558505065,0.4861448558505065,2.2336109718055446
2021-11-30,EURO_STOXX_50,^STOXX50E,Yahoo Finance,4063.06005859375,-0.011367344226282272,-1.1367344226282272,2.010943174865704
2021-12-01,EURO_STOXX_50,^STOXX50E,Yahoo Finance,4179.14990234375,0.028171454477725552,2.817145447772555,1.8818690419217845
2021-12-02,EURO_STOXX_50,^STOXX50E,Yahoo Finance,4108.02001953125,-0.017166687850556257,-1.7166687850556257,2.048548692977847
2021-12-03,EURO_STOXX_50,^STOXX50E,Yahoo Finance,4080.14990234375,-0.00680743684638042,-0.680743684638042,1.9946395366344016
2021-12-06,EURO_STOXX_50,^STOXX50E,Yahoo Finance,4137.10986328125,0.013863714883120437,1.3863714883120437,1.8236171021401715
2021-12-07,EURO_STOXX_50,^STOXX50E,Yahoo Finance,4276.2001953125,0.0330673670332634,3.3067367033263397,1.7316181124912988
2021-12-08,EURO_STOXX_50,^STOXX50E,Yahoo Finance,4233.08984375,-0.010132624510208119,-1.013262451020812,2.0704774620594453
2021-12-09,EURO_STOXX_50,^STOXX50E,Yahoo Finance,4208.2998046875,-0.005873466659242222,-0.5873466659242222,1.918816925003483
2021-12-10,EURO_STOXX_50,^STOXX50E,Yahoo Finance,4199.16015625,-0.0021741767621274444,-0.21741767621274444,1.751108835872084
2021-12-13,EURO_STOXX_50,^STOXX50E,Yahoo Finance,4183.0400390625,-0.0038462782288914057,-0.38462782288914055,1.5853486156373338
2021-12-14,EURO_STOXX_50,^STOXX50E,Yahoo Finance,4144.509765625,-0.009253753935480056,-0.9253753935480056,1.4490007158226297
2021-12-15,EURO_STOXX_50,^STOXX50E,Yahoo Finance,4159.68017578125,0.003653680163768734,0.36536801637687344,1.3848660531116705
2021-12-16,EURO_STOXX_50,^STOXX50E,Yahoo Finance,4201.8701171875,0.010091501688983899,1.00915016889839,1.2648809716485017
2021-12-17,EURO_STOXX_50,^STOXX50E,Yahoo Finance,4161.35009765625,-0.00969012785844995,-0.969012785844995,1.2184124838479895
2021-12-20,EURO_STOXX_50,^STOXX50E,Yahoo Finance,4107.1298828125,-0.013115105110743649,-1.3115105110743648,1.2031432674215918
2021-12-21,EURO_STOXX_50,^STOXX50E,Yahoo Finance,4174.990234375,0.016387560012561517,1.6387560012561517,1.2530033723639324
2021-12-22,EURO_STOXX_50,^STOXX50E,Yahoo Finance,4217.06005859375,0.010026197453690829,1.0026197453690828,1.3181632902608467
2021-12-23,EURO_STOXX_50,^STOXX50E,Yahoo Finance,4265.85986328125,0.011505553151459767,1.1505553151459766,1.2614629711068142
2021-12-27,EURO_STOXX_50,^STOXX50E,Yahoo Finance,4287.97998046875,0.0051719851902579045,0.5171985190257905,1.2359120757683173
2021-12-28,EURO_STOXX_50,^STOXX50E,Yahoo Finance,4311.93017578125,0.005569885451314773,0.5569885451314773,1.144470335046807
2021-12-29,EURO_STOXX_50,^STOXX50E,Yahoo Finance,4284.830078125,-0.006304744258163719,-0.6304744258163719,1.0695236581167273
2021-12-30,EURO_STOXX_50,^STOXX50E,Yahoo Finance,4306.06982421875,0.0049447181579525944,0.49447181579525945,1.034103281155874
2022-01-03,EURO_STOXX_50,^STOXX50E,Yahoo Finance,4331.81982421875,0.0059621220751146,0.59621220751146,0.9716233360310472
2022-01-04,EURO_STOXX_50,^STOXX50E,Yahoo Finance,4367.6201171875,0.008230528702327126,0.8230528702327126,0.9280360382062179
2022-01-05,EURO_STOXX_50,^STOXX50E,Yahoo Finance,4392.14990234375,0.005600569243042244,0.5600569243042244,0.9195261633037498
2022-01-06,EURO_STOXX_50,^STOXX50E,Yahoo Finance,4324.81005859375,-0.015450612063914106,-1.5450612063914106,0.8815167793539925
2022-01-07,EURO_STOXX_50,^STOXX50E,Yahoo Finance,4305.830078125,-0.004398285820114605,-0.43982858201146047,1.0803301298608827
2022-01-10,EURO_STOXX_50,^STOXX50E,Yahoo Finance,4239.52001953125,-0.015519876616007278,-1.5519876616007278,1.022061624844797
2022-01-11,EURO_STOXX_50,^STOXX50E,Yahoo Finance,4281.5400390625,0.009862707188895932,0.9862707188895932,1.1759488773482436
2022-01-12,EURO_STOXX_50,^STOXX50E,Yahoo Finance,4316.39013671875,0.008106669349565708,0.8106669349565708,1.1425474925697987
2022-01-13,EURO_STOXX_50,^STOXX50E,Yahoo Finance,4315.89990234375,-0.00011358153475115951,-0.011358153475115951,1.0925808347367514
2022-01-14,EURO_STOXX_50,^STOXX50E,Yahoo Finance,4272.18994140625,-0.010179292289741333,-1.0179292289741333,1.008073185205977
2022-01-17,EURO_STOXX_50,^STOXX50E,Yahoo Finance,4302.14013671875,0.006986042489366256,0.6986042489366256,1.0469687274050803
2022-01-18,EURO_STOXX_50,^STOXX50E,Yahoo Finance,4257.81982421875,-0.010355354172888813,-1.0355354172888813,1.0008837095007566
2022-01-19,EURO_STOXX_50,^STOXX50E,Yahoo Finance,4268.27978515625,0.002453634525614241,0.2453634525614241,1.0448923286632807
2022-01-20,EURO_STOXX_50,^STOXX50E,Yahoo Finance,4299.60986328125,0.007313403662624878,0.7313403662624878,0.9682094946829762
2022-01-21,EURO_STOXX_50,^STOXX50E,Yahoo Finance,4229.56005859375,-0.016426306525166662,-1.642630652516666,0.9399199964135201
2022-01-24,EURO_STOXX_50,^STOXX50E,Yahoo Finance,4054.360107421875,-0.042305110822077774,-4.230511082207777,1.144701677511892
2022-01-25,EURO_STOXX_50,^STOXX50E,Yahoo Finance,4078.260009765625,0.005877557491318839,0.5877557491318839,2.1116574789927984
2022-01-26,EURO_STOXX_50,^STOXX50E,Yahoo Finance,4164.60009765625,0.020949826782639454,2.0949826782639454,1.9080527414837252
2022-01-27,EURO_STOXX_50,^STOXX50E,Yahoo Finance,4184.97021484375,0.004879330753362843,0.48793307533628427,1.9144007581932931
2022-01-28,EURO_STOXX_50,^STOXX50E,Yahoo Finance,4136.91015625,-0.011550416676431743,-1.1550416676431743,1.7310677914303283
2022-01-31,EURO_STOXX_50,^STOXX50E,Yahoo Finance,4174.60009765625,0.009069398605110995,0.9069398605110995,1.6495493113626938
2022-02-01,EURO_STOXX_50,^STOXX50E,Yahoo Finance,4224.4501953125,0.011870552331715781,1.187055233171578,1.5296893722824771
2022-02-02,EURO_STOXX_50,^STOXX50E,Yahoo Finance,4222.0498046875,-0.0005683752298870547,-0.056837522988705466,1.4607501327559318
2022-02-03,EURO_STOXX_50,^STOXX50E,Yahoo Finance,4141.02001953125,-0.019378606804891337,-1.9378606804891336,1.3274282304080538
2022-02-04,EURO_STOXX_50,^STOXX50E,Yahoo Finance,4086.580078125,-0.01323368546484718,-1.323368546484718,1.484907732933149
2022-02-07,EURO_STOXX_50,^STOXX50E,Yahoo Finance,4120.56005859375,0.008280637120061522,0.8280637120061521,1.474867577554411
2022-02-08,EURO_STOXX_50,^STOXX50E,Yahoo Finance,4129.25,0.0021067017442823167,0.21067017442823166,1.373458728177969
2022-02-09,EURO_STOXX_50,^STOXX50E,Yahoo Finance,4204.08984375,0.017962031382984443,1.7962031382984442,1.2507736151282705
2022-02-10,EURO_STOXX_50,^STOXX50E,Yahoo Finance,4197.06982421875,-0.0016712028916382423,-0.16712028916382424,1.3507467450406052
2022-02-11,EURO_STOXX_50,^STOXX50E,Yahoo Finance,4155.22998046875,-0.010018843841446978,-1.0018843841446978,1.2351630625891914
2022-02-14,EURO_STOXX_50,^STOXX50E,Yahoo Finance,4064.449951171875,-0.02208935658971965,-2.208935658971965,1.221805100127335
2022-02-15,EURO_STOXX_50,^STOXX50E,Yahoo Finance,4143.7099609375,0.019313091907257263,1.9313091907257263,1.4841117728639706
2022-02-16,EURO_STOXX_50,^STOXX50E,Yahoo Finance,4137.22021484375,-0.0015673957598046958,-0.1567395759804696,1.5539880627376728
2022-02-17,EURO_STOXX_50,^STOXX50E,Yahoo Finance,4113.18994140625,-0.005825247699203514,-0.5825247699203514,1.411286232076205
2022-02-18,EURO_STOXX_50,^STOXX50E,Yahoo Finance,4074.280029296875,-0.009504817771549467,-0.9504817771549467,1.314559188719379
2022-02-21,EURO_STOXX_50,^STOXX50E,Yahoo Finance,3985.7099609375,-0.02197859645396827,-2.197859645396827,1.2779734447391033
2022-02-22,EURO_STOXX_50,^STOXX50E,Yahoo Finance,3985.469970703125,-6.021448179703936e-05,-0.006021448179703936,1.5180738618649186
2022-02-23,EURO_STOXX_50,^STOXX50E,Yahoo Finance,3973.409912109375,-0.003030594254918118,-0.3030594254918118,1.3765272127478696
2022-02-24,EURO_STOXX_50,^STOXX50E,Yahoo Finance,3829.2900390625,-0.03694522834653949,-3.6945228346539487,1.2638858189516355
2022-02-25,EURO_STOXX_50,^STOXX50E,Yahoo Finance,3970.68994140625,0.03626045074817916,3.626045074817916,1.9766354708979332
2022-02-28,EURO_STOXX_50,^STOXX50E,Yahoo Finance,3924.22998046875,-0.01176971969905469,-1.176971969905469,2.3218523723432387
2022-03-01,EURO_STOXX_50,^STOXX50E,Yahoo Finance,3765.85009765625,-0.041196523352477685,-4.1196523352477685,2.1506398396088064
2022-03-02,EURO_STOXX_50,^STOXX50E,Yahoo Finance,3820.590087890625,0.014431258643148308,1.4431258643148308,2.6290855010204237
2022-03-03,EURO_STOXX_50,^STOXX50E,Yahoo Finance,3741.780029296875,-0.020843442095067666,-2.0843442095067664,2.4213099274180077
2022-03-04,EURO_STOXX_50,^STOXX50E,Yahoo Finance,3556.010009765625,-0.05092230932102969,-5.092230932102969,2.357912776286498
2022-03-07,EURO_STOXX_50,^STOXX50E,Yahoo Finance,3512.219970703125,-0.012390824703889398,-1.2390824703889398,3.0478290985549545
2022-03-08,EURO_STOXX_50,^STOXX50E,Yahoo Finance,3505.2900390625,-0.0019750406864151885,-0.19750406864151884,2.781792197278238
2022-03-09,EURO_STOXX_50,^STOXX50E,Yahoo Finance,3766.02001953125,0.0717454789293807,7.17454789293807,2.491462144945499
2022-03-10,EURO_STOXX_50,^STOXX50E,Yahoo Finance,3651.389892578125,-0.030910858482994116,-3.0910858482994117,3.7349890465652344
2022-03-11,EURO_STOXX_50,^STOXX50E,Yahoo Finance,3686.780029296875,0.009645568712027994,0.9645568712027994,3.595253731199767
2022-03-14,EURO_STOXX_50,^STOXX50E,Yahoo Finance,3741.10009765625,0.014626255622475569,1.4626255622475568,3.229671136596893
2022-03-15,EURO_STOXX_50,^STOXX50E,Yahoo Finance,3738.110107421875,-0.0007995470943256896,-0.07995470943256895,2.9421089203534514
2022-03-16,EURO_STOXX_50,^STOXX50E,Yahoo Finance,3889.68994140625,0.039749283035570085,3.9749283035570087,2.6312461328298773
2022-03-17,EURO_STOXX_50,^STOXX50E,Yahoo Finance,3885.320068359375,-0.0011240817700605733,-0.11240817700605733,2.8705591833946795
2022-03-18,EURO_STOXX_50,^STOXX50E,Yahoo Finance,3902.43994140625,0.004396617410657143,0.4396617410657143,2.5683973218225016
2022-03-21,EURO_STOXX_50,^STOXX50E,Yahoo Finance,3881.800048828125,-0.005303007351620683,-0.5303007351620683,2.3042745019309208
2022-03-22,EURO_STOXX_50,^STOXX50E,Yahoo Finance,3926.1201171875,0.011352714533132064,1.1352714533132064,2.083467157764261
2022-03-23,EURO_STOXX_50,^STOXX50E,Yahoo Finance,3869.219970703125,-0.014598761928047944,-1.4598761928047943,1.9227702977904684
2022-03-24,EURO_STOXX_50,^STOXX50E,Yahoo Finance,3863.389892578125,-0.0015079201803257824,-0.15079201803257825,1.8516088341701138
2022-03-25,EURO_STOXX_50,^STOXX50E,Yahoo Finance,3867.72998046875,0.001122758000862601,0.11227580008626009,1.6712516750635467
2022-03-28,EURO_STOXX_50,^STOXX50E,Yahoo Finance,3887.10009765625,0.00499563685505775,0.49956368550577496,1.509794977996288
2022-03-29,EURO_STOXX_50,^STOXX50E,Yahoo Finance,4002.179931640625,0.02917579213689176,2.917579213689176,1.3791868740335875
2022-03-30,EURO_STOXX_50,^STOXX50E,Yahoo Finance,3959.139892578125,-0.010812392749396644,-1.0812392749396644,1.7318462870384452
2022-03-31,EURO_STOXX_50,^STOXX50E,Yahoo Finance,3902.52001953125,-0.014404299512376597,-1.4404299512376597,1.6404383749414635
2022-04-01,EURO_STOXX_50,^STOXX50E,Yahoo Finance,3918.679931640625,0.00413234163712563,0.41323416371256305,1.6191924949536811
2022-04-04,EURO_STOXX_50,^STOXX50E,Yahoo Finance,3951.1201171875,0.00824426772890489,0.8244267728904889,1.470323127178865
2022-04-05,EURO_STOXX_50,^STOXX50E,Yahoo Finance,3917.85009765625,-0.008456053808808692,-0.8456053808808692,1.3692515779999976
2022-04-06,EURO_STOXX_50,^STOXX50E,Yahoo Finance,3824.68994140625,-0.024065655953630073,-2.4065655953630074,1.30842778087731
2022-04-07,EURO_STOXX_50,^STOXX50E,Yahoo Finance,3802.010009765625,-0.0059475260966560545,-0.5947526096656055,1.5956679223450676
2022-04-08,EURO_STOXX_50,^STOXX50E,Yahoo Finance,3858.3701171875,0.014714968045098944,1.4714968045098944,1.47299013523605
2022-04-11,EURO_STOXX_50,^STOXX50E,Yahoo Finance,3839.6201171875,-0.004871410980853364,-0.48714109808533645,1.4576148900835448
2022-04-12,EURO_STOXX_50,^STOXX50E,Yahoo Finance,3831.469970703125,-0.002124899970570982,-0.2124899970570982,1.3459740559678415
2022-04-13,EURO_STOXX_50,^STOXX50E,Yahoo Finance,3827.9599609375,-0.000916519908832586,-0.0916519908832586,1.232923702438804
2022-04-14,EURO_STOXX_50,^STOXX50E,Yahoo Finance,3848.679931640625,0.005398200595318246,0.5398200595318245,1.1307869101340917
2022-04-19,EURO_STOXX_50,^STOXX50E,Yahoo Finance,3830.760009765625,-0.004666995129237123,-0.4666995129237123,1.0566329020359655
2022-04-20,EURO_STOXX_50,^STOXX50E,Yahoo Finance,3896.81005859375,0.01709506527453242,1.7095065274532422,1.0049073173350769
2022-04-21,EURO_STOXX_50,^STOXX50E,Yahoo Finance,3928.030029296875,0.007979750644598913,0.7979750644598913,1.1551342862816814
2022-04-22,EURO_STOXX_50,^STOXX50E,Yahoo Finance,3840.010009765625,-0.022663062089973905,-2.2663062089973907,1.101543150853028
2022-04-25,EURO_STOXX_50,^STOXX50E,Yahoo Finance,3757.590087890625,-0.021697155461924186,-2.1697155461924185,1.4246021466473264
2022-04-26,EURO_STOXX_50,^STOXX50E,Yahoo Finance,3721.360107421875,-0.009688596107164603,-0.9688596107164602,1.61092387081226
2022-04-27,EURO_STOXX_50,^STOXX50E,Yahoo Finance,3734.639892578125,0.0035621778966299245,0.35621778966299245,1.5251556843684926
2022-04-28,EURO_STOXX_50,^STOXX50E,Yahoo Finance,3777.02001953125,0.011283944461633836,1.1283944461633837,1.3863768518453452
2022-04-29,EURO_STOXX_50,^STOXX50E,Yahoo Finance,3802.860107421875,0.006818099378613882,0.6818099378613882,1.3344950058808098
2022-05-02,EURO_STOXX_50,^STOXX50E,Yahoo Finance,3732.43994140625,-0.018691283887076835,-1.8691283887076835,1.24093643234758
2022-05-03,EURO_STOXX_50,^STOXX50E,Yahoo Finance,3761.18994140625,0.007673221526049858,0.7673221526049858,1.407114805011583
2022-05-04,EURO_STOXX_50,^STOXX50E,Yahoo Finance,3724.989990234375,-0.009671216470288376,-0.9671216470288376,1.310214252125932
2022-05-05,EURO_STOXX_50,^STOXX50E,Yahoo Finance,3696.6298828125,-0.007642602544514341,-0.7642602544514341,1.27690376918924
2022-05-06,EURO_STOXX_50,^STOXX50E,Yahoo Finance,3629.169921875,-0.018417611630365965,-1.8417611630365964,1.2216333317948669
2022-05-09,EURO_STOXX_50,^STOXX50E,Yahoo Finance,3526.860107421875,-0.02859596333407203,-2.859596333407203,1.3868067576447716
2022-05-10,EURO_STOXX_50,^STOXX50E,Yahoo Finance,3554.800048828125,0.007890829484454616,0.7890829484454616,1.7765539653632905
2022-05-11,EURO_STOXX_50,^STOXX50E,Yahoo Finance,3647.8701171875,0.025844651119095417,2.584465111909542,1.6286483031638315
2022-05-12,EURO_STOXX_50,^STOXX50E,Yahoo Finance,3613.429931640625,-0.009486026902178379,-0.9486026902178378,1.8100546497836094
2022-05-13,EURO_STOXX_50,^STOXX50E,Yahoo Finance,3703.419921875,0.02459925511953732,2.459925511953732,1.6903814932479029
2022-05-16,EURO_STOXX_50,^STOXX50E,Yahoo Finance,3685.340087890625,-0.004893884777679327,-0.48938847776793265,1.8248919644612658
2022-05-17,EURO_STOXX_50,^STOXX50E,Yahoo Finance,3741.510009765625,0.01512646469283635,1.512646469283635,1.663103807480726
2022-05-18,EURO_STOXX_50,^STOXX50E,Yahoo Finance,3690.739990234375,-0.013662298563607565,-1.3662298563607564,1.617681877787374
2022-05-19,EURO_STOXX_50,^STOXX50E,Yahoo Finance,3633.330078125,-0.015677372668327815,-1.5677372668327816,1.588479660607672
2022-05-20,EURO_STOXX_50,^STOXX50E,Yahoo Finance,3657.030029296875,0.006501745952466635,0.6501745952466634,1.6006351758158979
2022-05-23,EURO_STOXX_50,^STOXX50E,Yahoo Finance,3708.389892578125,0.013946440608909752,1.3946440608909751,1.466793444576709
2022-05-24,EURO_STOXX_50,^STOXX50E,Yahoo Finance,3647.56005859375,-0.016539324232704263,-1.6539324232704262,1.439948716570175
2022-05-25,EURO_STOXX_50,^STOXX50E,Yahoo Finance,3677.10009765625,0.008065957624684959,0.8065957624684958,1.5029538183757543
2022-05-27,EURO_STOXX_50,^STOXX50E,Yahoo Finance,3808.860107421875,0.0352055353792746,3.52055353792746,1.3953556763052353
2022-05-30,EURO_STOXX_50,^STOXX50E,Yahoo Finance,3841.6201171875,0.008564223169786772,0.8564223169786772,1.9258674783890002
2022-05-31,EURO_STOXX_50,^STOXX50E,Yahoo Finance,3789.2099609375,-0.013736639353734465,-1.3736639353734466,1.7627718910379546
2022-06-01,EURO_STOXX_50,^STOXX50E,Yahoo Finance,3759.5400390625,-0.007860923904067205,-0.7860923904067205,1.7073973181684343
2022-06-02,EURO_STOXX_50,^STOXX50E,Yahoo Finance,3795.1298828125,0.009422015099662458,0.9422015099662457,1.5860667367885373
2022-06-03,EURO_STOXX_50,^STOXX50E,Yahoo Finance,3783.659912109375,-0.0030268630667223983,-0.30268630667223984,1.4791541637610075
2022-06-07,EURO_STOXX_50,^STOXX50E,Yahoo Finance,3806.739990234375,0.0060814053419376065,0.6081405341937607,1.3524847586310385
2022-06-08,EURO_STOXX_50,^STOXX50E,Yahoo Finance,3788.929931640625,-0.004689537964781767,-0.4689537964781767,1.2504811347982765
2022-06-09,EURO_STOXX_50,^STOXX50E,Yahoo Finance,3724.449951171875,-0.017164462479229457,-1.7164462479229456,1.1679549117728574
2022-06-10,EURO_STOXX_50,^STOXX50E,Yahoo Finance,3599.199951171875,-0.03420759183472862,-3.420759183472862,1.3181708236289476
2022-06-13,EURO_STOXX_50,^STOXX50E,Yahoo Finance,3502.5,-0.027234585749417603,-2.7234585749417604,1.9130408303422572
2022-06-14,EURO_STOXX_50,^STOXX50E,Yahoo Finance,3475.179931640625,-0.007830742663361477,-0.7830742663361476,2.095031630785536
2022-06-15,EURO_STOXX_50,^STOXX50E,Yahoo Finance,3532.320068359375,0.016308641651140827,1.6308641651140827,1.9185323347532164
2022-06-16,EURO_STOXX_50,^STOXX50E,Yahoo Finance,3427.909912109375,-0.030004177841364783,-3.0004177841364785,1.8447542716650809
2022-06-17,EURO_STOXX_50,^STOXX50E,Yahoo Finance,3438.4599609375,0.0030729649946899355,0.30729649946899357,2.1165023423343583
2022-06-20,EURO_STOXX_50,^STOXX50E,Yahoo Finance,3469.830078125,0.009081938549567858,0.9081938549567857,1.9030613902502362
2022-06-21,EURO_STOXX_50,^STOXX50E,Yahoo Finance,3494.0,0.006941587792167374,0.6941587792167374,1.7472387551801571
2022-06-22,EURO_STOXX_50,^STOXX50E,Yahoo Finance,3464.639892578125,-0.008438511576674329,-0.8438511576674329,1.5965114452027644
2022-06-23,EURO_STOXX_50,^STOXX50E,Yahoo Finance,3436.2900390625,-0.008216287741404963,-0.8216287741404963,1.4982067182261403
2022-06-24,EURO_STOXX_50,^STOXX50E,Yahoo Finance,3533.169921875,0.027803050460686853,2.780305046068685,1.4129897266145766
2022-06-27,EURO_STOXX_50,^STOXX50E,Yahoo Finance,3538.8798828125,0.001614796936094907,0.16147969360949072,1.7142554112416457
2022-06-28,EURO_STOXX_50,^STOXX50E,Yahoo Finance,3549.2900390625,0.0029373346998124474,0.2937334699812447,1.5476984319791702
2022-06-29,EURO_STOXX_50,^STOXX50E,Yahoo Finance,3514.320068359375,-0.009901525105740477,-0.9901525105740476,1.404185615853373
2022-06-30,EURO_STOXX_50,^STOXX50E,Yahoo Finance,3454.860107421875,-0.01706410287710988,-1.706410287710988,1.3568914896516437
2022-07-01,EURO_STOXX_50,^STOXX50E,Yahoo Finance,3448.31005859375,-0.001897693562897499,-0.1897693562897499,1.452060942447325
2022-07-04,EURO_STOXX_50,^STOXX50E,Yahoo Finance,3452.419921875,0.001191138844385769,0.1191138844385769,1.3238266217816197
2022-07-05,EURO_STOXX_50,^STOXX50E,Yahoo Finance,3359.830078125,-0.02718501107931789,-2.718501107931789,1.206767688998212
2022-07-06,EURO_STOXX_50,^STOXX50E,Yahoo Finance,3421.840087890625,0.018288043069511373,1.8288043069511373,1.625089236360669
2022-07-07,EURO_STOXX_50,^STOXX50E,Yahoo Finance,3488.5,0.019293400617943088,1.9293400617943088,1.6420110592415196
2022-07-08,EURO_STOXX_50,^STOXX50E,Yahoo Finance,3506.550048828125,0.005160817653698608,0.5160817653698608,1.6745463774699592
2022-07-11,EURO_STOXX_50,^STOXX50E,Yahoo Finance,3471.68994140625,-0.009991171830828701,-0.9991171830828701,1.5230373234234904
2022-07-12,EURO_STOXX_50,^STOXX50E,Yahoo Finance,3487.050048828125,0.004414630346720109,0.4414630346720109,1.4559883604160386
2022-07-13,EURO_STOXX_50,^STOXX50E,Yahoo Finance,3453.969970703125,-0.00953183494399862,-0.953183494399862,1.3297104609441648
2022-07-14,EURO_STOXX_50,^STOXX50E,Yahoo Finance,3396.610107421875,-0.016746378591754475,-1.6746378591754474,1.2907079912038637
2022-07-15,EURO_STOXX_50,^STOXX50E,Yahoo Finance,3477.199951171875,0.023449451149411982,2.3449451149411984,1.3962505433221084
2022-07-18,EURO_STOXX_50,^STOXX50E,Yahoo Finance,3511.860107421875,0.009918484060476223,0.9918484060476223,1.5865166195833929
2022-07-19,EURO_STOXX_50,^STOXX50E,Yahoo Finance,3587.43994140625,0.02129299763329806,2.129299763329806,1.4847553248464218
2022-07-20,EURO_STOXX_50,^STOXX50E,Yahoo Finance,3585.239990234375,-0.0006134251804978768,-0.06134251804978767,1.597961038081618
2022-07-21,EURO_STOXX_50,^STOXX50E,Yahoo Finance,3596.510009765625,0.0031385188240576458,0.31385188240576456,1.4471876199722238
2022-07-22,EURO_STOXX_50,^STOXX50E,Yahoo Finance,3596.489990234375,-5.566392673411505e-06,-0.0005566392673411506,1.3172241015465365
2022-07-25,EURO_STOXX_50,^STOXX50E,Yahoo Finance,3604.159912109375,0.0021303423662470313,0.21303423662470314,1.2017064325820905
2022-07-26,EURO_STOXX_50,^STOXX50E,Yahoo Finance,3575.360107421875,-0.008022809069424038,-0.8022809069424038,1.102096049281721
2022-07-27,EURO_STOXX_50,^STOXX50E,Yahoo Finance,3607.780029296875,0.009026732430117576,0.9026732430117577,1.0841391238793228
2022-07-28,EURO_STOXX_50,^STOXX50E,Yahoo Finance,3652.199951171875,0.012237079524281762,1.2237079524281762,1.0563503169943544
2022-07-29,EURO_STOXX_50,^STOXX50E,Yahoo Finance,3708.10009765625,0.015189930015888461,1.5189930015888462,1.0862417436453686
2022-08-02,EURO_STOXX_50,^STOXX50E,Yahoo Finance,3684.6298828125,-0.006349560652046822,-0.6349560652046822,1.1684894664733219
2022-08-03,EURO_STOXX_50,^STOXX50E,Yahoo Finance,3732.5400390625,0.01291889577688059,1.291889577688059,1.1161400738502856
2022-08-04,EURO_STOXX_50,^STOXX50E,Yahoo Finance,3754.60009765625,0.005892803400877271,0.5892803400877271,1.1450034952353312
2022-08-05,EURO_STOXX_50,^STOXX50E,Yahoo Finance,3725.389892578125,-0.007810265415306045,-0.7810265415306045,1.0725461784411159
2022-08-08,EURO_STOXX_50,^STOXX50E,Yahoo Finance,3757.219970703125,0.008507798936945104,0.8507798936945103,1.0572400490990277
2022-08-09,EURO_STOXX_50,^STOXX50E,Yahoo Finance,3715.3701171875,-0.011201013456411052,-1.1201013456411053,1.0275265795409012
2022-08-10,EURO_STOXX_50,^STOXX50E,Yahoo Finance,3749.35009765625,0.009104216688095131,0.9104216688095131,1.0817231222162345
2022-08-11,EURO_STOXX_50,^STOXX50E,Yahoo Finance,3757.050048828125,0.00205157031928307,0.205157031928307,1.0554539698352776
2022-08-12,EURO_STOXX_50,^STOXX50E,Yahoo Finance,3776.81005859375,0.005245665514149432,0.5245665514149432,0.9762834762514608
2022-08-15,EURO_STOXX_50,^STOXX50E,Yahoo Finance,3789.6201171875,0.0033860276339796134,0.33860276339796136,0.9254930152366542
2022-08-16,EURO_STOXX_50,^STOXX50E,Yahoo Finance,3805.219970703125,0.004108019464124494,0.41080194641244944,0.8705292220032634
2022-08-17,EURO_STOXX_50,^STOXX50E,Yahoo Finance,3756.06005859375,-0.013003249343633788,-1.3003249343633787,0.8287994301005496
2022-08-18,EURO_STOXX_50,^STOXX50E,Yahoo Finance,3777.3798828125,0.005660065335880862,0.5660065335880862,0.9811307793221521
2022-08-19,EURO_STOXX_50,^STOXX50E,Yahoo Finance,3730.320068359375,-0.01253657740903949,-1.2536577409039489,0.9331130418909349
2022-08-22,EURO_STOXX_50,^STOXX50E,Yahoo Finance,3658.219970703125,-0.019517356880068865,-1.9517356880068863,1.0416651655964941
2022-08-23,EURO_STOXX_50,^STOXX50E,Yahoo Finance,3652.52001953125,-0.0015593366292485505,-0.15593366292485505,1.2959511095683915
2022-08-24,EURO_STOXX_50,^STOXX50E,Yahoo Finance,3667.4599609375,0.004081968035648371,0.40819680356483706,1.1873732529572556
2022-08-25,EURO_STOXX_50,^STOXX50E,Yahoo Finance,3674.5400390625,0.0019286516806443583,0.19286516806443582,1.0965723443310398
2022-08-26,EURO_STOXX_50,^STOXX50E,Yahoo Finance,3603.679931640625,-0.01947243879132195,-1.947243879132195,1.011279432104313
2022-08-29,EURO_STOXX_50,^STOXX50E,Yahoo Finance,3570.510009765625,-0.009247081135233017,-0.9247081135233016,1.2754787422241882
2022-08-30,EURO_STOXX_50,^STOXX50E,Yahoo Finance,3561.919921875,-0.002408742077045206,-0.2408742077045206,1.2424129673552242
2022-08-31,EURO_STOXX_50,^STOXX50E,Yahoo Finance,3517.25,-0.012620269114142624,-1.2620269114142624,1.1451273952857657
2022-09-01,EURO_STOXX_50,^STOXX50E,Yahoo Finance,3456.699951171875,-0.0173650716724592,-1.7365071672459198,1.1990488810717745
2022-09-02,EURO_STOXX_50,^STOXX50E,Yahoo Finance,3544.3798828125,0.025048854805474176,2.5048854805474177,1.3449535097114487
2022-09-05,EURO_STOXX_50,^STOXX50E,Yahoo Finance,3490.010009765625,-0.015458613070291732,-1.5458613070291731,1.5934652539465868
2022-09-06,EURO_STOXX_50,^STOXX50E,Yahoo Finance,3500.139892578125,0.002898332666743124,0.28983326667431236,1.6005093419767957
2022-09-07,EURO_STOXX_50,^STOXX50E,Yahoo Finance,3502.090087890625,0.0005570212256278197,0.05570212256278197,1.4501725957282006
2022-09-08,EURO_STOXX_50,^STOXX50E,Yahoo Finance,3512.3798828125,0.0029338787807943485,0.29338787807943484,1.3167323577256582
2022-09-09,EURO_STOXX_50,^STOXX50E,Yahoo Finance,3570.0400390625,0.016282974141250527,1.6282974141250528,1.2034539931604036
2022-09-12,EURO_STOXX_50,^STOXX50E,Yahoo Finance,3646.510009765625,0.02119373731982351,2.1193737319823507,1.2788681918018883
2022-09-13,EURO_STOXX_50,^STOXX50E,Yahoo Finance,3586.179931640625,-0.01668299840726684,-1.668299840726684,1.4477965011220246
2022-09-14,EURO_STOXX_50,^STOXX50E,Yahoo Finance,3567.56005859375,-0.005205644913065771,-0.5205644913065771,1.5119006459051472
2022-09-15,EURO_STOXX_50,^STOXX50E,Yahoo Finance,3541.7900390625,-0.007249645057330557,-0.7249645057330557,1.3951234009233866
2022-09-16,EURO_STOXX_50,^STOXX50E,Yahoo Finance,3500.409912109375,-0.011752180711329266,-1.1752180711329265,1.3154697189050566
2022-09-19,EURO_STOXX_50,^STOXX50E,Yahoo Finance,3499.489990234375,-0.0002628385814454534,-0.02628385814454534,1.3146986160343128
2022-09-20,EURO_STOXX_50,^STOXX50E,Yahoo Finance,3467.090087890625,-0.009301590043385608,-0.9301590043385608,1.1999394466230684
2022-09-21,EURO_STOXX_50,^STOXX50E,Yahoo Finance,3491.8701171875,0.007121792136552068,0.7121792136552069,1.1822231957341975
2022-09-22,EURO_STOXX_50,^STOXX50E,Yahoo Finance,3427.139892578125,-0.018711380124101947,-1.8711380124101946,1.1150174378105744
2022-09-23,EURO_STOXX_50,^STOXX50E,Yahoo Finance,3348.60009765625,-0.023183685567162597,-2.3183685567162597,1.3216227438930441
2022-09-26,EURO_STOXX_50,^STOXX50E,Yahoo Finance,3342.56005859375,-0.0018053792054074248,-0.18053792054074247,1.5798549765925747
2022-09-27,EURO_STOXX_50,^STOXX50E,Yahoo Finance,3328.64990234375,-0.004170210948341452,-0.4170210948341452,1.4346159944002754
2022-09-28,EURO_STOXX_50,^STOXX50E,Yahoo Finance,3335.300048828125,0.0019958579343017386,0.19958579343017385,1.321075160064309
2022-09-29,EURO_STOXX_50,^STOXX50E,Yahoo Finance,3279.0400390625,-0.017011936442163922,-1.7011936442163922,1.2051285198154067
2022-09-30,EURO_STOXX_50,^STOXX50E,Yahoo Finance,3318.199951171875,0.01187174396987159,1.1871743969871589,1.3407103452558782
2022-10-03,EURO_STOXX_50,^STOXX50E,Yahoo Finance,3342.169921875,0.007197820735943322,0.7197820735943322,1.3056354851880159
2022-10-04,EURO_STOXX_50,^STOXX50E,Yahoo Finance,3484.47998046875,0.04169854332253051,4.169854332253051,1.2197775144625964
2022-10-05,EURO_STOXX_50,^STOXX50E,Yahoo Finance,3447.719970703125,-0.01060568206030955,-1.0605682060309551,2.053598717867796
2022-10-06,EURO_STOXX_50,^STOXX50E,Yahoo Finance,3433.449951171875,-0.004147562158660365,-0.4147562158660365,1.9094480126217783
2022-10-07,EURO_STOXX_50,^STOXX50E,Yahoo Finance,3375.4599609375,-0.01703397259058062,-1.703397259058062,1.7323566964676065
2022-10-10,EURO_STOXX_50,^STOXX50E,Yahoo Finance,3356.8798828125,-0.005519663513424038,-0.5519663513424038,1.7390202478077301
2022-10-11,EURO_STOXX_50,^STOXX50E,Yahoo Finance,3340.35009765625,-0.004936315094399806,-0.4936315094399806,1.5929935542483453
2022-10-12,EURO_STOXX_50,^STOXX50E,Yahoo Finance,3331.530029296875,-0.0026439544265180956,-0.2643954426518096,1.46278639037202
2022-10-13,EURO_STOXX_50,^STOXX50E,Yahoo Finance,3362.39990234375,0.009223308938700471,0.9223308938700471,1.3363773647659432
2022-10-14,EURO_STOXX_50,^STOXX50E,Yahoo Finance,3381.72998046875,0.0057324314312724185,0.5732431431272419,1.266747818305041
2022-10-17,EURO_STOXX_50,^STOXX50E,Yahoo Finance,3441.639892578125,0.017560663656113456,1.7560663656113455,1.1746772935422738
2022-10-18,EURO_STOXX_50,^STOXX50E,Yahoo Finance,3463.830078125,0.006426865085413269,0.6426865085413269,1.2862188799413006
2022-10-19,EURO_STOXX_50,^STOXX50E,Yahoo Finance,3471.239990234375,0.002136940176847099,0.21369401768470989,1.1966229346104456
2022-10-20,EURO_STOXX_50,^STOXX50E,Yahoo Finance,3492.85009765625,0.006206173817801952,0.6206173817801952,1.0977238628956305
2022-10-21,EURO_STOXX_50,^STOXX50E,Yahoo Finance,3476.6298828125,-0.004654649751337053,-0.46546497513370527,1.0354558196415053
2022-10-24,EURO_STOXX_50,^STOXX50E,Yahoo Finance,3527.7900390625,0.014608223554939062,1.4608223554939062,0.9871872667969998
2022-10-25,EURO_STOXX_50,^STOXX50E,Yahoo Finance,3585.580078125,0.016248644334404806,1.6248644334404805,1.083448007716452
2022-10-26,EURO_STOXX_50,^STOXX50E,Yahoo Finance,3605.31005859375,0.005487506999524625,0.5487506999524625,1.1901678599626002
2022-10-27,EURO_STOXX_50,^STOXX50E,Yahoo Finance,3604.510009765625,-0.00022193309231663598,-0.022193309231663596,1.1076734457220108
2022-10-28,EURO_STOXX_50,^STOXX50E,Yahoo Finance,3613.02001953125,0.0023581512441720625,0.23581512441720626,1.0212365424313896
2022-10-31,EURO_STOXX_50,^STOXX50E,Yahoo Finance,3617.5400390625,0.001250254498518951,0.12502544985189512,0.947770979563001
2022-11-01,EURO_STOXX_50,^STOXX50E,Yahoo Finance,3651.02001953125,0.009212338338765816,0.9212338338765816,0.8834634652889737
2022-11-02,EURO_STOXX_50,^STOXX50E,Yahoo Finance,3622.010009765625,-0.007977462900097787,-0.7977462900097787,0.8993944072971666
2022-11-03,EURO_STOXX_50,^STOXX50E,Yahoo Finance,3593.179931640625,-0.007991537795751619,-0.7991537795751619,0.9235416842556577
2022-11-04,EURO_STOXX_50,^STOXX50E,Yahoo Finance,3688.330078125,0.026136217002177643,2.6136217002177644,0.9424467358745446
2022-11-07,EURO_STOXX_50,^STOXX50E,Yahoo Finance,3708.800048828125,0.005534585063170642,0.5534585063170642,1.38080177502248
2022-11-08,EURO_STOXX_50,^STOXX50E,Yahoo Finance,3739.280029296875,0.008184700030503119,0.8184700030503119,1.271006754008903
2022-11-09,EURO_STOXX_50,^STOXX50E,Yahoo Finance,3728.030029296875,-0.003013135499469651,-0.30131354994696513,1.2004283578059098
2022-11-10,EURO_STOXX_50,^STOXX50E,Yahoo Finance,3846.56005859375,0.031299305764281055,3.1299305764281056,1.1127159350747913
2022-11-11,EURO_STOXX_50,^STOXX50E,Yahoo Finance,3868.5,0.005687577383283923,0.5687577383283923,1.642112052475306
2022-11-14,EURO_STOXX_50,^STOXX50E,Yahoo Finance,3887.510009765625,0.004902017353990331,0.49020173539903306,1.4976458277009554
2022-11-15,EURO_STOXX_50,^STOXX50E,Yahoo Finance,3915.090087890625,0.007069487772115961,0.7069487772115961,1.3681794185824356
2022-11-16,EURO_STOXX_50,^STOXX50E,Yahoo Finance,3882.780029296875,-0.008286940667490422,-0.8286940667490422,1.2717419303599302
2022-11-17,EURO_STOXX_50,^STOXX50E,Yahoo Finance,3878.419921875,-0.0011235654043159858,-0.11235654043159858,1.225801730252228
2022-11-18,EURO_STOXX_50,^STOXX50E,Yahoo Finance,3924.840087890625,0.011897774404030288,1.1897774404030288,1.125299476219533
2022-11-21,EURO_STOXX_50,^STOXX50E,Yahoo Finance,3909.280029296875,-0.003972387153192158,-0.3972387153192158,1.1337727770924781
2022-11-22,EURO_STOXX_50,^STOXX50E,Yahoo Finance,3929.89990234375,0.005260734102750754,0.5260734102750754,1.0631865071168225
2022-11-23,EURO_STOXX_50,^STOXX50E,Yahoo Finance,3946.43994140625,0.004199936443509216,0.41999364435092157,0.998492977641238
2022-11-24,EURO_STOXX_50,^STOXX50E,Yahoo Finance,3961.989990234375,0.003932529971786548,0.39325299717865475,0.93657537097438
2022-11-25,EURO_STOXX_50,^STOXX50E,Yahoo Finance,3962.409912109375,0.00010598200004238541,0.01059820000423854,0.8828449178942481
2022-11-28,EURO_STOXX_50,^STOXX50E,Yahoo Finance,3935.510009765625,-0.006811921778853982,-0.6811921778853982,0.8292539130088156
2022-11-29,EURO_STOXX_50,^STOXX50E,Yahoo Finance,3934.43994140625,-0.00027193778171610627,-0.027193778171610627,0.8497660077391672
2022-11-30,EURO_STOXX_50,^STOXX50E,Yahoo Finance,3964.719970703125,0.007666683027143914,0.7666683027143915,0.8023346103972243
2022-12-01,EURO_STOXX_50,^STOXX50E,Yahoo Finance,3984.5,0.004976606558493049,0.4976606558493049,0.8120039805720402
2022-12-02,EURO_STOXX_50,^STOXX50E,Yahoo Finance,3977.89990234375,-0.0016578165499889065,-0.16578165499889067,0.7874788268058441
2022-12-05,EURO_STOXX_50,^STOXX50E,Yahoo Finance,3956.530029296875,-0.005386631403379055,-0.5386631403379055,0.7567365779438154
2022-12-06,EURO_STOXX_50,^STOXX50E,Yahoo Finance,3939.18994140625,-0.004392282358605949,-0.4392282358605949,0.7713901757676132
2022-12-07,EURO_STOXX_50,^STOXX50E,Yahoo Finance,3920.89990234375,-0.0046539091633489345,-0.46539091633489343,0.7693526396417061
2022-12-08,EURO_STOXX_50,^STOXX50E,Yahoo Finance,3921.27001953125,9.439152465761817e-05,0.009439152465761817,0.7710796646694792
2022-12-09,EURO_STOXX_50,^STOXX50E,Yahoo Finance,3942.6201171875,0.005429920749730189,0.5429920749730189,0.7358353661711097
2022-12-12,EURO_STOXX_50,^STOXX50E,Yahoo Finance,3921.820068359375,-0.005289657454813917,-0.5289657454813917,0.7305650511008689
2022-12-13,EURO_STOXX_50,^STOXX50E,Yahoo Finance,3986.830078125,0.016440599310650124,1.6440599310650124,0.7497051253857918
2022-12-14,EURO_STOXX_50,^STOXX50E,Yahoo Finance,3975.260009765625,-0.0029062912817026305,-0.29062912817026304,0.9711050487077565
2022-12-15,EURO_STOXX_50,^STOXX50E,Yahoo Finance,3835.699951171875,-0.035738222460937864,-3.5738222460937865,0.9179633672827601
2022-12-16,EURO_STOXX_50,^STOXX50E,Yahoo Finance,3804.02001953125,-0.00829352734067866,-0.8293527340678661,1.774460385757092
2022-12-19,EURO_STOXX_50,^STOXX50E,Yahoo Finance,3811.239990234375,0.0018961855162297862,0.18961855162297864,1.6475299884841463
2022-12-20,EURO_STOXX_50,^STOXX50E,Yahoo Finance,3802.489990234375,-0.00229848021262678,-0.22984802126267803,1.489529226319518
2022-12-21,EURO_STOXX_50,^STOXX50E,Yahoo Finance,3872.14990234375,0.018153770382377633,1.8153770382377632,1.357981548594214
2022-12-22,EURO_STOXX_50,^STOXX50E,Yahoo Finance,3823.2900390625,-0.012698564401861775,-1.2698564401861776,1.4344052358053532
2022-12-23,EURO_STOXX_50,^STOXX50E,Yahoo Finance,3817.010009765625,-0.0016439225347291214,-0.16439225347291214,1.4254449380603726
2022-12-27,EURO_STOXX_50,^STOXX50E,Yahoo Finance,3832.889892578125,0.004151663635976407,0.4151663635976407,1.2997832264457507
2022-12-28,EURO_STOXX_50,^STOXX50E,Yahoo Finance,3808.820068359375,-0.006299611982887098,-0.6299611982887098,1.1935017586788943
2022-12-29,EURO_STOXX_50,^STOXX50E,Yahoo Finance,3850.070068359375,0.01077189987821951,1.077189987821951,1.1363117233842484
2022-12-30,EURO_STOXX_50,^STOXX50E,Yahoo Finance,3793.6201171875,-0.014770608465045182,-1.4770608465045183,1.1239867442000928
2023-01-03,EURO_STOXX_50,^STOXX50E,Yahoo Finance,3882.2900390625,0.023104456536394362,2.310445653639436,1.2299088442801087
2023-01-04,EURO_STOXX_50,^STOXX50E,Yahoo Finance,3973.969970703125,0.023340391880693746,2.3340391880693745,1.4641958246768236
2023-01-05,EURO_STOXX_50,^STOXX50E,Yahoo Finance,3959.47998046875,-0.0036528890800188417,-0.3652889080018842,1.631575453296704
2023-01-06,EURO_STOXX_50,^STOXX50E,Yahoo Finance,4017.830078125,0.014629276755501672,1.4629276755501672,1.4879470112414341
2023-01-09,EURO_STOXX_50,^STOXX50E,Yahoo Finance,4068.6201171875,0.012561929086740302,1.2561929086740302,1.4681528426375596
2023-01-10,EURO_STOXX_50,^STOXX50E,Yahoo Finance,4057.4599609375,-0.00274675197864744,-0.274675197864744,1.4197508791069864
2023-01-11,EURO_STOXX_50,^STOXX50E,Yahoo Finance,4099.759765625,0.010371225800016285,1.0371225800016286,1.299657645278888
2023-01-12,EURO_STOXX_50,^STOXX50E,Yahoo Finance,4126.68017578125,0.006544873953597036,0.6544873953597036,1.2507468599600151
2023-01-13,EURO_STOXX_50,^STOXX50E,Yahoo Finance,4150.7998046875,0.00582778749762457,0.582778749762457,1.1674939766437098
2023-01-16,EURO_STOXX_50,^STOXX50E,Yahoo Finance,4157.0,0.001492620575697616,0.1492620575697616,1.0910375869841573
2023-01-17,EURO_STOXX_50,^STOXX50E,Yahoo Finance,4174.330078125,0.004160224827841061,0.4160224827841061,1.0059555805938665
2023-01-18,EURO_STOXX_50,^STOXX50E,Yahoo Finance,4174.33984375,2.33944450831217e-06,0.00023394445083121698,0.9426297558316484
2023-01-19,EURO_STOXX_50,^STOXX50E,Yahoo Finance,4094.280029296875,-0.019365339716961593,-1.9365339716961594,0.8799677871131428
2023-01-20,EURO_STOXX_50,^STOXX50E,Yahoo Finance,4119.89990234375,0.006237982692771691,0.6237982692771691,1.1927078648767688
2023-01-23,EURO_STOXX_50,^STOXX50E,Yahoo Finance,4150.81982421875,0.007476995218427428,0.7476995218427428,1.1157439471353257
2023-01-24,EURO_STOXX_50,^STOXX50E,Yahoo Finance,4153.02001953125,0.0005299223986464127,0.05299223986464127,1.0632294182296462
2023-01-25,EURO_STOXX_50,^STOXX50E,Yahoo Finance,4148.10986328125,-0.0011830092751151813,-0.11830092751151813,0.9820392838916978
2023-01-26,EURO_STOXX_50,^STOXX50E,Yahoo Finance,4173.97998046875,0.006217236536781613,0.6217236536781613,0.9170411686474366
2023-01-27,EURO_STOXX_50,^STOXX50E,Yahoo Finance,4178.009765625,0.0009649881265351999,0.09649881265351999,0.8856484181998345
2023-01-30,EURO_STOXX_50,^STOXX50E,Yahoo Finance,4158.6298828125,-0.004649335593213016,-0.4649335593213016,0.8308162422466268
2023-01-31,EURO_STOXX_50,^STOXX50E,Yahoo Finance,4163.4501953125,0.0011584394751822976,0.11584394751822977,0.8199284873783156
2023-02-01,EURO_STOXX_50,^STOXX50E,Yahoo Finance,4171.43994140625,0.0019171814888838514,0.19171814888838515,0.7756552259867717
2023-02-02,EURO_STOXX_50,^STOXX50E,Yahoo Finance,4241.1201171875,0.01656612704201821,1.6566127042018208,0.739799094675616
2023-02-03,EURO_STOXX_50,^STOXX50E,Yahoo Finance,4257.97998046875,0.0039674518956100335,0.39674518956100335,0.9686873365769322
2023-02-06,EURO_STOXX_50,^STOXX50E,Yahoo Finance,4205.4501953125,-0.012413515232752543,-1.2413515232752543,0.9100504405527695
2023-02-07,EURO_STOXX_50,^STOXX50E,Yahoo Finance,4209.31005859375,0.0009174030953936355,0.09174030953936355,1.0225029438991426
2023-02-08,EURO_STOXX_50,^STOXX50E,Yahoo Finance,4209.14990234375,-3.804882383773476e-05,-0.003804882383773476,0.9470265573964928
2023-02-09,EURO_STOXX_50,^STOXX50E,Yahoo Finance,4250.14013671875,0.009691251867084808,0.9691251867084808,0.8837754291820843
2023-02-10,EURO_STOXX_50,^STOXX50E,Yahoo Finance,4197.93994140625,-0.012358040919989311,-1.235804091998931,0.907687644991083
2023-02-13,EURO_STOXX_50,^STOXX50E,Yahoo Finance,4241.35986328125,0.01029002547708593,1.029002547708593,1.0195399376993235
2023-02-14,EURO_STOXX_50,^STOXX50E,Yahoo Finance,4238.759765625,-0.0006132219476870309,-0.06132219476870309,1.0235616618806938
2023-02-15,EURO_STOXX_50,^STOXX50E,Yahoo Finance,4280.0400390625,0.009691646123378878,0.9691646123378879,0.9502854495314927
2023-02-16,EURO_STOXX_50,^STOXX50E,Yahoo Finance,4297.240234375,0.004010646223510802,0.40106462235108026,0.9593830704193727
2023-02-17,EURO_STOXX_50,^STOXX50E,Yahoo Finance,4274.919921875,-0.00520764020646771,-0.520764020646771,0.9024780231226567
2023-02-20,EURO_STOXX_50,^STOXX50E,Yahoo Finance,4271.18017578125,-0.0008751936648822151,-0.0875193664882215,0.8844995334813147
2023-02-21,EURO_STOXX_50,^STOXX50E,Yahoo Finance,4250.39990234375,-0.004877103644436731,-0.4877103644436731,0.8335024209269664
2023-02-22,EURO_STOXX_50,^STOXX50E,Yahoo Finance,4242.8798828125,-0.0017708168544015653,-0.17708168544015654,0.8249204957965172
2023-02-23,EURO_STOXX_50,^STOXX50E,Yahoo Finance,4258.16015625,0.003594922462065822,0.3594922462065822,0.7883512293754923
2023-02-24,EURO_STOXX_50,^STOXX50E,Yahoo Finance,4178.81982421875,-0.018808310818540563,-1.8808310818540563,0.7574679863831186
2023-02-27,EURO_STOXX_50,^STOXX50E,Yahoo Finance,4248.009765625,0.01642171484499598,1.642171484499598,1.1062807400758845
2023-02-28,EURO_STOXX_50,^STOXX50E,Yahoo Finance,4238.3798828125,-0.0022694896993247365,-0.22694896993247365,1.210611064313225
2023-03-01,EURO_STOXX_50,^STOXX50E,Yahoo Finance,4215.75,-0.00535358154545518,-0.5353581545455179,1.1171167889319729
2023-03-02,EURO_STOXX_50,^STOXX50E,Yahoo Finance,4240.58984375,0.0058748620922224794,0.5874862092222479,1.0623339250016575
2023-03-03,EURO_STOXX_50,^STOXX50E,Yahoo Finance,4294.7998046875,0.012702569440956242,1.2702569440956242,1.0028316963943444
2023-03-06,EURO_STOXX_50,^STOXX50E,Yahoo Finance,4313.77978515625,0.004409557006438727,0.4409557006438727,1.0544697943890218
2023-03-07,EURO_STOXX_50,^STOXX50E,Yahoo Finance,4278.9599609375,-0.008104519824257637,-0.8104519824257637,0.985188149103381
2023-03-08,EURO_STOXX_50,^STOXX50E,Yahoo Finance,4288.4501953125,0.0022154275524388072,0.22154275524388073,0.9924438238453953
2023-03-09,EURO_STOXX_50,^STOXX50E,Yahoo Finance,4286.1201171875,-0.0005434857018917107,-0.054348570189171067,0.9228897203968733
2023-03-10,EURO_STOXX_50,^STOXX50E,Yahoo Finance,4229.52978515625,-0.01329109715641517,-1.329109715641517,0.86465538725975
2023-03-13,EURO_STOXX_50,^STOXX50E,Yahoo Finance,4096.5400390625,-0.031948100457049565,-3.1948100457049566,1.0125242775458676
2023-03-14,EURO_STOXX_50,^STOXX50E,Yahoo Finance,4179.47021484375,0.020041771123163903,2.0041771123163903,1.6794850820476164
2023-03-15,EURO_STOXX_50,^STOXX50E,Yahoo Finance,4034.919921875,-0.03519803999858466,-3.519803999858466,1.7183403921528715
2023-03-16,EURO_STOXX_50,^STOXX50E,Yahoo Finance,4116.97998046875,0.020133424480475174,2.0133424480475175,2.1788934199014522
2023-03-17,EURO_STOXX_50,^STOXX50E,Yahoo Finance,4064.989990234375,-0.012708599555879375,-1.2708599555879374,2.117411945488355
2023-03-20,EURO_STOXX_50,^STOXX50E,Yahoo Finance,4119.419921875,0.01330107721761357,1.3301077217613568,1.9878725918467448
2023-03-21,EURO_STOXX_50,^STOXX50E,Yahoo Finance,4181.60009765625,0.014981613982987004,1.4981613982987003,1.8623609306885607
2023-03-22,EURO_STOXX_50,^STOXX50E,Yahoo Finance,4195.7001953125,0.003366266094812719,0.3366266094812719,1.7791422998443678
2023-03-23,EURO_STOXX_50,^STOXX50E,Yahoo Finance,4207.14013671875,0.002722876556554681,0.27228765565546814,1.607562267736395
2023-03-24,EURO_STOXX_50,^STOXX50E,Yahoo Finance,4130.6201171875,-0.018355569280027142,-1.8355569280027142,1.4559337978875169
2023-03-27,EURO_STOXX_50,^STOXX50E,Yahoo Finance,4164.6201171875,0.008197517959012236,0.8197517959012236,1.5541115183485352
2023-03-28,EURO_STOXX_50,^STOXX50E,Yahoo Finance,4168.2099609375,0.000861614586743852,0.0861614586743852,1.4401811991987445
2023-03-29,EURO_STOXX_50,^STOXX50E,Yahoo Finance,4231.27001953125,0.015015511331334754,1.5015511331334754,1.3079202004765005
2023-03-30,EURO_STOXX_50,^STOXX50E,Yahoo Finance,4285.419921875,0.012716356333286967,1.2716356333286967,1.3328267311889375
2023-03-31,EURO_STOXX_50,^STOXX50E,Yahoo Finance,4315.0498046875,0.006890321338587387,0.6890321338587387,1.312351523464716
2023-04-03,EURO_STOXX_50,^STOXX50E,Yahoo Finance,4311.0498046875,-0.0009274180609633117,-0.09274180609633118,1.2227331267850772
2023-04-04,EURO_STOXX_50,^STOXX50E,Yahoo Finance,4315.31982421875,0.0009899923290302439,0.09899923290302438,1.1220315044077607
2023-04-05,EURO_STOXX_50,^STOXX50E,Yahoo Finance,4298.35986328125,-0.003937918164962083,-0.3937918164962083,1.032337073234437
2023-04-06,EURO_STOXX_50,^STOXX50E,Yahoo Finance,4309.4501953125,0.0025768082920864833,0.2576808292086483,0.9777150110150609
2023-04-11,EURO_STOXX_50,^STOXX50E,Yahoo Finance,4333.2900390625,0.005516746672067803,0.5516746672067803,0.9113817287805897
2023-04-12,EURO_STOXX_50,^STOXX50E,Yahoo Finance,4334.02978515625,0.0001706977729099648,0.017069777290996478,0.8740116585200501
2023-04-13,EURO_STOXX_50,^STOXX50E,Yahoo Finance,4363.240234375,0.0067171788355555075,0.6717178835555507,0.821700849583806
2023-04-14,EURO_STOXX_50,^STOXX50E,Yahoo Finance,4390.75,0.006285100953302658,0.6285100953302658,0.814290568321793
2023-04-17,EURO_STOXX_50,^STOXX50E,Yahoo Finance,4367.60986328125,-0.005284137880471894,-0.5284137880471894,0.8030665921228065
2023-04-18,EURO_STOXX_50,^STOXX50E,Yahoo Finance,4393.9501953125,0.006012721755371082,0.6012721755371082,0.8061651173604218
2023-04-19,EURO_STOXX_50,^STOXX50E,Yahoo Finance,4393.56982421875,-8.657074877603485e-05,-0.008657074877603485,0.7933757728846537
2023-04-20,EURO_STOXX_50,^STOXX50E,Yahoo Finance,4384.85986328125,-0.0019844013350386385,-0.19844013350386386,0.7547677034113384
2023-04-21,EURO_STOXX_50,^STOXX50E,Yahoo Finance,4408.58984375,0.005397207890774616,0.5397207890774616,0.7321197184679908
2023-04-24,EURO_STOXX_50,^STOXX50E,Yahoo Finance,4401.7998046875,-0.0015413711941861298,-0.15413711941861297,0.7272477115008622
2023-04-25,EURO_STOXX_50,^STOXX50E,Yahoo Finance,4377.85009765625,-0.005455745206967837,-0.5455745206967837,0.7066828503048991
2023-04-26,EURO_STOXX_50,^STOXX50E,Yahoo Finance,4347.7099609375,-0.0069084978825375894,-0.690849788253759,0.7339433531853541
2023-04-27,EURO_STOXX_50,^STOXX50E,Yahoo Finance,4358.0498046875,0.002375404075068885,0.23754040750688848,0.7790617206355384
2023-04-28,EURO_STOXX_50,^STOXX50E,Yahoo Finance,4359.31005859375,0.00028913660438355715,0.028913660438355714,0.7439267336129172
2023-05-02,EURO_STOXX_50,^STOXX50E,Yahoo Finance,4294.85009765625,-0.014897148163606684,-1.4897148163606684,0.7129989076323683
2023-05-03,EURO_STOXX_50,^STOXX50E,Yahoo Finance,4310.18017578125,0.0035630541337470937,0.3563054133747094,0.9604881670747523
2023-05-04,EURO_STOXX_50,^STOXX50E,Yahoo Finance,4287.02978515625,-0.005385571990308053,-0.5385571990308053,0.9009029933188216
2023-05-05,EURO_STOXX_50,^STOXX50E,Yahoo Finance,4340.43017578125,0.01237932666681121,1.237932666681121,0.88548493335281
2023-05-08,EURO_STOXX_50,^STOXX50E,Yahoo Finance,4348.64990234375,0.0018919676054309246,0.18919676054309245,0.9608338319372285
2023-05-09,EURO_STOXX_50,^STOXX50E,Yahoo Finance,4323.08984375,-0.005895041447966539,-0.5895041447966539,0.8953320545399418
2023-05-10,EURO_STOXX_50,^STOXX50E,Yahoo Finance,4306.759765625,-0.0037845613435568215,-0.37845613435568215,0.8878187105146135
2023-05-11,EURO_STOXX_50,^STOXX50E,Yahoo Finance,4309.75,0.0006940709350719233,0.06940709350719233,0.8565825185837032
2023-05-12,EURO_STOXX_50,^STOXX50E,Yahoo Finance,4317.8798828125,0.0018846161296257288,0.18846161296257288,0.8064280701315231
2023-05-15,EURO_STOXX_50,^STOXX50E,Yahoo Finance,4316.41015625,-0.00034043947331992026,-0.03404394733199202,0.7653175509379136
2023-05-16,EURO_STOXX_50,^STOXX50E,Yahoo Finance,4315.509765625,-0.000208618855692482,-0.0208618855692482,0.7322211585730662
2023-05-17,EURO_STOXX_50,^STOXX50E,Yahoo Finance,4323.22998046875,0.0017873479525757575,0.17873479525757574,0.7045210149208301
2023-05-19,EURO_STOXX_50,^STOXX50E,Yahoo Finance,4395.2998046875,0.01653294021042796,1.653294021042796,0.6808749213200685
2023-05-22,EURO_STOXX_50,^STOXX50E,Yahoo Finance,4385.6298828125,-0.0022024833652357495,-0.22024833652357495,0.9328852664612133
2023-05-23,EURO_STOXX_50,^STOXX50E,Yahoo Finance,4342.3798828125,-0.00991070247842851,-0.991070247842851,0.8810270702489931
2023-05-24,EURO_STOXX_50,^STOXX50E,Yahoo Finance,4263.740234375,-0.018275793548859873,-1.8275793548859873,0.9464006834415983
2023-05-25,EURO_STOXX_50,^STOXX50E,Yahoo Finance,4269.64013671875,0.0013827822099268393,0.13827822099268394,1.200556801521789
2023-05-26,EURO_STOXX_50,^STOXX50E,Yahoo Finance,4337.5,0.015768598699006882,1.5768598699006882,1.100144742954338
2023-05-30,EURO_STOXX_50,^STOXX50E,Yahoo Finance,4291.580078125,-0.0106431635656988,-1.0643163565698799,1.1914225271780274
2023-05-31,EURO_STOXX_50,^STOXX50E,Yahoo Finance,4218.0400390625,-0.017284407267465152,-1.7284407267465152,1.197537106511237
2023-06-01,EURO_STOXX_50,^STOXX50E,Yahoo Finance,4257.60986328125,0.009337363428171151,0.933736342817115,1.3419201524943594
2023-06-02,EURO_STOXX_50,^STOXX50E,Yahoo Finance,4323.52001953125,0.015361951938914275,1.5361951938914276,1.272709694924542
2023-06-05,EURO_STOXX_50,^STOXX50E,Yahoo Finance,4293.240234375,-0.007028142573898672,-0.7028142573898671,1.3123193968713474
2023-06-06,EURO_STOXX_50,^STOXX50E,Yahoo Finance,4295.22021484375,0.00046107926223443857,0.046107926223443854,1.2436502326973142
2023-06-07,EURO_STOXX_50,^STOXX50E,Yahoo Finance,4291.91015625,-0.0007709347860454878,-0.07709347860454878,1.1374531541349748
2023-06-08,EURO_STOXX_50,^STOXX50E,Yahoo Finance,4297.68017578125,0.0013434914067148003,0.13434914067148004,1.048187725970873
2023-06-09,EURO_STOXX_50,^STOXX50E,Yahoo Finance,4289.7900390625,-0.0018375933171477384,-0.18375933171477385,0.9691156899364769
2023-06-12,EURO_STOXX_50,^STOXX50E,Yahoo Finance,4316.490234375,0.0062048364978238004,0.62048364978238,0.9092981381442972
2023-06-13,EURO_STOXX_50,^STOXX50E,Yahoo Finance,4347.5498046875,0.0071697968214225315,0.7169796821422532,0.8791770996333248
2023-06-14,EURO_STOXX_50,^STOXX50E,Yahoo Finance,4375.97998046875,0.006518067144035117,0.6518067144035117,0.8660817542525904
2023-06-15,EURO_STOXX_50,^STOXX50E,Yahoo Finance,4365.1201171875,-0.002484783093078691,-0.2484783093078691,0.8475267252466029
2023-06-16,EURO_STOXX_50,^STOXX50E,Yahoo Finance,4394.81982421875,0.006780827500704601,0.67808275007046,0.8119869626643168
2023-06-19,EURO_STOXX_50,^STOXX50E,Yahoo Finance,4362.3798828125,-0.007408781545974216,-0.7408781545974216,0.8073610207208083
2023-06-20,EURO_STOXX_50,^STOXX50E,Yahoo Finance,4343.14013671875,-0.004420132829608106,-0.44201328296081066,0.8432202809813051
2023-06-21,EURO_STOXX_50,^STOXX50E,Yahoo Finance,4322.75,-0.004705846491319578,-0.47058464913195786,0.8271605996555703
2023-06-22,EURO_STOXX_50,^STOXX50E,Yahoo Finance,4304.47021484375,-0.0042377062499745904,-0.42377062499745904,0.8176979734309003
2023-06-23,EURO_STOXX_50,^STOXX50E,Yahoo Finance,4271.60986328125,-0.007663294203480511,-0.7663294203480511,0.8044859502163604
2023-06-26,EURO_STOXX_50,^STOXX50E,Yahoo Finance,4280.56982421875,0.0020953638822296394,0.20953638822296394,0.8456383925795932
2023-06-27,EURO_STOXX_50,^STOXX50E,Yahoo Finance,4305.259765625,0.005751339274900949,0.5751339274900948,0.7985809372015943
2023-06-28,EURO_STOXX_50,^STOXX50E,Yahoo Finance,4344.75,0.009130743156269147,0.9130743156269148,0.7843572543820385
2023-06-29,EURO_STOXX_50,^STOXX50E,Yahoo Finance,4354.68994140625,0.002285192104046859,0.2285192104046859,0.8220362123760143
2023-06-30,EURO_STOXX_50,^STOXX50E,Yahoo Finance,4399.08984375,0.010144254067104614,1.0144254067104614,0.7793732221802727
2023-07-03,EURO_STOXX_50,^STOXX50E,Yahoo Finance,4398.14990234375,-0.00021369007483152959,-0.021369007483152958,0.8372837935012553
2023-07-04,EURO_STOXX_50,^STOXX50E,Yahoo Finance,4390.990234375,-0.001629208191256211,-0.1629208191256211,0.791724908741484
2023-07-05,EURO_STOXX_50,^STOXX50E,Yahoo Finance,4350.7099609375,-0.00921572637346465,-0.921572637346465,0.7600577175786625
2023-07-06,EURO_STOXX_50,^STOXX50E,Yahoo Finance,4223.08984375,-0.029771990604964674,-2.9771990604964675,0.8440423404746454
2023-07-07,EURO_STOXX_50,^STOXX50E,Yahoo Finance,4236.60009765625,0.003194033229496491,0.3194033229496491,1.52485473903942
2023-07-10,EURO_STOXX_50,^STOXX50E,Yahoo Finance,4256.509765625,0.004688436805716503,0.46884368057165027,1.384968102372515
2023-07-11,EURO_STOXX_50,^STOXX50E,Yahoo Finance,4286.56005859375,0.007035039517138135,0.7035039517138135,1.2696527496211603
2023-07-12,EURO_STOXX_50,^STOXX50E,Yahoo Finance,4360.4599609375,0.017092987282845713,1.7092987282845713,1.187838628118737
2023-07-13,EURO_STOXX_50,^STOXX50E,Yahoo Finance,4391.759765625,0.0071524571138781,0.71524571138781,1.2851308071797172
2023-07-14,EURO_STOXX_50,^STOXX50E,Yahoo Finance,4400.10986328125,0.0018995050016382127,0.18995050016382126,1.2020070152580224
2023-07-17,EURO_STOXX_50,^STOXX50E,Yahoo Finance,4356.7900390625,-0.009893952902017871,-0.9893952902017871,1.1019625622972713
2023-07-18,EURO_STOXX_50,^STOXX50E,Yahoo Finance,4369.72998046875,0.002965661194002529,0.2965661194002529,1.1142860758982245
2023-07-19,EURO_STOXX_50,^STOXX50E,Yahoo Finance,4362.27978515625,-0.0017064106248808892,-0.1706410624880889,1.029156991983405
2023-07-20,EURO_STOXX_50,^STOXX50E,Yahoo Finance,4373.72998046875,0.0026213802814989058,0.26213802814989057,0.9594045085929684
2023-07-21,EURO_STOXX_50,^STOXX50E,Yahoo Finance,4391.41015625,0.004034208120797341,0.40342081207973407,0.8959996764574301
2023-07-24,EURO_STOXX_50,^STOXX50E,Yahoo Finance,4383.02978515625,-0.0019101785864149145,-0.19101785864149146,0.8495205779223263
2023-07-25,EURO_STOXX_50,^STOXX50E,Yahoo Finance,4391.2998046875,0.0018850493124216905,0.18850493124216905,0.8096217606138879
2023-07-26,EURO_STOXX_50,^STOXX50E,Yahoo Finance,4346.14990234375,-0.010334893070345817,-1.0334893070345816,0.7679815167886238
2023-07-27,EURO_STOXX_50,^STOXX50E,Yahoo Finance,4447.43994140625,0.023038263301897104,2.3038263301897106,0.8746660123047052
2023-07-28,EURO_STOXX_50,^STOXX50E,Yahoo Finance,4466.5,0.00427646759274483,0.427646759274483,1.2438414111688325
2023-07-31,EURO_STOXX_50,^STOXX50E,Yahoo Finance,4471.31005859375,0.001076339511936557,0.10763395119365571,1.1460023137071367
2023-08-02,EURO_STOXX_50,^STOXX50E,Yahoo Finance,4336.5,-0.0306138725293198,-3.06138725293198,1.0529729628288769
2023-08-03,EURO_STOXX_50,^STOXX50E,Yahoo Finance,4304.6298828125,-0.007376410753643586,-0.7376410753643586,1.653084882786937
2023-08-04,EURO_STOXX_50,^STOXX50E,Yahoo Finance,4332.91015625,0.006548247386015341,0.6548247386015341,1.5350288777645014
2023-08-07,EURO_STOXX_50,^STOXX50E,Yahoo Finance,4337.5,0.0010587374982324721,0.10587374982324721,1.4105511122565049
2023-08-08,EURO_STOXX_50,^STOXX50E,Yahoo Finance,4288.85009765625,-0.01127949076723534,-1.1279490767235338,1.2821170001461744
2023-08-09,EURO_STOXX_50,^STOXX50E,Yahoo Finance,4317.330078125,0.006618519215326829,0.6618519215326829,1.2801405509959976
2023-08-10,EURO_STOXX_50,^STOXX50E,Yahoo Finance,4384.0400390625,0.015333508880772744,1.5333508880772744,1.1930539815926382
2023-08-11,EURO_STOXX_50,^STOXX50E,Yahoo Finance,4321.330078125,-0.014407439278885591,-1.4407439278885592,1.2511302170066987
2023-08-14,EURO_STOXX_50,^STOXX50E,Yahoo Finance,4330.22998046875,0.002057410553210885,0.2057410553210885,1.3158097329548901
2023-08-15,EURO_STOXX_50,^STOXX50E,Yahoo Finance,4288.56982421875,-0.009667350825793251,-0.9667350825793252,1.2006596831183565
2023-08-16,EURO_STOXX_50,^STOXX50E,Yahoo Finance,4284.27001953125,-0.0010031226819647928,-0.10031226819647927,1.1885745097600877
2023-08-17,EURO_STOXX_50,^STOXX50E,Yahoo Finance,4227.830078125,-0.013261302826274858,-1.326130282627486,1.092846921585038
2023-08-18,EURO_STOXX_50,^STOXX50E,Yahoo Finance,4212.9501953125,-0.003525716283182703,-0.35257162831827027,1.1734901438668135
2023-08-21,EURO_STOXX_50,^STOXX50E,Yahoo Finance,4224.8701171875,0.0028253575835731413,0.28253575835731415,1.0933072309939518
2023-08-22,EURO_STOXX_50,^STOXX50E,Yahoo Finance,4260.3701171875,0.008367519633631085,0.8367519633631085,1.0107201797765455
2023-08-23,EURO_STOXX_50,^STOXX50E,Yahoo Finance,4266.669921875,0.0014776067204677684,0.14776067204677684,0.9879013652958417
2023-08-24,EURO_STOXX_50,^STOXX50E,Yahoo Finance,4232.22021484375,-0.008106916350824585,-0.8106916350824586,0.9177614599737371
2023-08-25,EURO_STOXX_50,^STOXX50E,Yahoo Finance,4236.25,0.0009517150933247031,0.09517150933247032,0.9399526532696049
2023-08-28,EURO_STOXX_50,^STOXX50E,Yahoo Finance,4293.68994140625,0.013468045506158266,1.3468045506158266,0.8767488755953592
2023-08-29,EURO_STOXX_50,^STOXX50E,Yahoo Finance,4326.47021484375,0.007605527241984533,0.7605527241984533,0.9785884269874471
2023-08-30,EURO_STOXX_50,^STOXX50E,Yahoo Finance,4315.31005859375,-0.0025828387441119683,-0.2582838744111968,0.9519592512328884
2023-08-31,EURO_STOXX_50,^STOXX50E,Yahoo Finance,4297.10986328125,-0.004226506039100105,-0.42265060391001047,0.8995711551330402
2023-09-01,EURO_STOXX_50,^STOXX50E,Yahoo Finance,4282.64013671875,-0.0033729981132653414,-0.33729981132653414,0.870759938687196
2023-09-04,EURO_STOXX_50,^STOXX50E,Yahoo Finance,4279.8701171875,-0.0006470111090656886,-0.06470111090656887,0.8386295811307541
2023-09-05,EURO_STOXX_50,^STOXX50E,Yahoo Finance,4269.16015625,-0.0025055395051361545,-0.25055395051361545,0.794217701985219
2023-09-06,EURO_STOXX_50,^STOXX50E,Yahoo Finance,4238.259765625,-0.007264370818862283,-0.7264370818862282,0.76833538817315
2023-09-07,EURO_STOXX_50,^STOXX50E,Yahoo Finance,4221.02001953125,-0.004075942727755682,-0.4075942727755682,0.8112191814903092
2023-09-08,EURO_STOXX_50,^STOXX50E,Yahoo Finance,4237.18994140625,0.003823490229915055,0.3823490229915055,0.7974208288955887
2023-09-11,EURO_STOXX_50,^STOXX50E,Yahoo Finance,4254.330078125,0.004037006321048285,0.40370063210482854,0.7664074254082422
2023-09-12,EURO_STOXX_50,^STOXX50E,Yahoo Finance,4242.27001953125,-0.002838798237940858,-0.28387982379408583,0.742479196913841
2023-09-13,EURO_STOXX_50,^STOXX50E,Yahoo Finance,4223.47998046875,-0.004439079802255564,-0.44390798022555644,0.729233602676864
2023-09-14,EURO_STOXX_50,^STOXX50E,Yahoo Finance,4279.75,0.01323516853201417,1.323516853201417,0.7367202933180913
2023-09-15,EURO_STOXX_50,^STOXX50E,Yahoo Finance,4295.0498046875,0.0035685546653854445,0.35685546653854444,0.876677150003182
2023-09-18,EURO_STOXX_50,^STOXX50E,Yahoo Finance,4245.8798828125,-0.011514077950279271,-1.1514077950279271,0.8305786668880416
2023-09-19,EURO_STOXX_50,^STOXX50E,Yahoo Finance,4242.7001953125,-0.0007491683224881383,-0.07491683224881383,0.9457390760673181
2023-09-20,EURO_STOXX_50,^STOXX50E,Yahoo Finance,4275.97998046875,0.007813406250350053,0.7813406250350053,0.8846451966946065
2023-09-21,EURO_STOXX_50,^STOXX50E,Yahoo Finance,4212.58984375,-0.014935687971499812,-1.4935687971499811,0.8790702181970884
2023-09-22,EURO_STOXX_50,^STOXX50E,Yahoo Finance,4207.16015625,-0.0012897504682848786,-0.12897504682848787,1.0648503611751705
2023-09-25,EURO_STOXX_50,^STOXX50E,Yahoo Finance,4167.3701171875,-0.009502703360652344,-0.9502703360652345,0.9878816824930988
2023-09-26,EURO_STOXX_50,^STOXX50E,Yahoo Finance,4129.18017578125,-0.009206286900447117,-0.9206286900447117,1.0188581465553557
2023-09-27,EURO_STOXX_50,^STOXX50E,Yahoo Finance,4131.68017578125,0.0006052638514459499,0.060526385144594984,1.0374461512196673
2023-09-28,EURO_STOXX_50,^STOXX50E,Yahoo Finance,4161.56005859375,0.007205871591720677,0.7205871591720677,0.9599182219966115
2023-09-29,EURO_STOXX_50,^STOXX50E,Yahoo Finance,4174.66015625,0.0031429372310835127,0.3142937231083513,0.9318685127348795
2023-10-02,EURO_STOXX_50,^STOXX50E,Yahoo Finance,4137.6298828125,-0.008909823462295524,-0.8909823462295524,0.8747514130425346
2023-10-03,EURO_STOXX_50,^STOXX50E,Yahoo Finance,4095.590087890625,-0.010212325296117085,-1.0212325296117086,0.9218251947844455
2023-10-04,EURO_STOXX_50,^STOXX50E,Yahoo Finance,4099.85009765625,0.0010396049639443733,0.10396049639443733,0.9827399922030723
2023-10-05,EURO_STOXX_50,^STOXX50E,Yahoo Finance,4099.81005859375,-9.766029746886448e-06,-0.000976602974688645,0.913116960766093
2023-10-06,EURO_STOXX_50,^STOXX50E,Yahoo Finance,4144.43017578125,0.010824661001769173,1.0824661001769174,0.8550179581270168
2023-10-09,EURO_STOXX_50,^STOXX50E,Yahoo Finance,4112.56982421875,-0.007717211985847342,-0.7717211985847342,0.9066665638639763
2023-10-10,EURO_STOXX_50,^STOXX50E,Yahoo Finance,4205.22998046875,0.02228088959332742,2.228088959332742,0.9247189368872809
2023-10-11,EURO_STOXX_50,^STOXX50E,Yahoo Finance,4200.7998046875,-0.0010540472267274732,-0.10540472267274732,1.2488249222527181
2023-10-12,EURO_STOXX_50,^STOXX50E,Yahoo Finance,4198.22998046875,-0.0006119336077325648,-0.06119336077325648,1.1449286465478719
2023-10-13,EURO_STOXX_50,^STOXX50E,Yahoo Finance,4136.1201171875,-0.014904824582051016,-1.4904824582051015,1.0541591070963139
2023-10-16,EURO_STOXX_50,^STOXX50E,Yahoo Finance,4149.85986328125,0.0033163871308154176,0.33163871308154175,1.1831918573196238
2023-10-17,EURO_STOXX_50,^STOXX50E,Yahoo Finance,4152.31982421875,0.0005926060630066426,0.059260606300664265,1.0895594859182303
2023-10-18,EURO_STOXX_50,^STOXX50E,Yahoo Finance,4105.85986328125,-0.011251983578657289,-1.125198357865729,1.004566850904747
2023-10-19,EURO_STOXX_50,^STOXX50E,Yahoo Finance,4090.330078125,-0.0037895177763860163,-0.3789517776386016,1.0655696320565544
2023-10-20,EURO_STOXX_50,^STOXX50E,Yahoo Finance,4024.679931640625,-0.01618028287703506,-1.618028287703506,1.0042494715809573
2023-10-23,EURO_STOXX_50,^STOXX50E,Yahoo Finance,4041.75,0.004232378880227757,0.42323788802277573,1.1807086204702044
2023-10-24,EURO_STOXX_50,^STOXX50E,Yahoo Finance,4065.3701171875,0.005827022094041737,0.5827022094041737,1.0916513841320699
2023-10-25,EURO_STOXX_50,^STOXX50E,Yahoo Finance,4073.35009765625,0.0019609921008072293,0.19609921008072292,1.0270322217570653
2023-10-26,EURO_STOXX_50,^STOXX50E,Yahoo Finance,4049.39990234375,-0.005897082815376276,-0.5897082815376276,0.9518225777033338
2023-10-27,EURO_STOXX_50,^STOXX50E,Yahoo Finance,4014.360107421875,-0.008690738668405851,-0.8690738668405852,0.9331804401638903
2023-10-30,EURO_STOXX_50,^STOXX50E,Yahoo Finance,4028.320068359375,0.0034714733526201684,0.34714733526201685,0.9621183705102255
2023-10-31,EURO_STOXX_50,^STOXX50E,Yahoo Finance,4061.1201171875,0.008109393932352143,0.8109393932352142,0.9018146437814929
2023-11-01,EURO_STOXX_50,^STOXX50E,Yahoo Finance,4091.7099609375,0.007504139545398624,0.7504139545398624,0.8969079722564733
2023-11-02,EURO_STOXX_50,^STOXX50E,Yahoo Finance,4169.6201171875,0.018861966624124482,1.8861966624124482,0.8846683053953791
2023-11-03,EURO_STOXX_50,^STOXX50E,Yahoo Finance,4174.669921875,0.0012103618834789628,0.12103618834789628,1.123485200796376
2023-11-06,EURO_STOXX_50,^STOXX50E,Yahoo Finance,4158.64013671875,-0.0038471639275386993,-0.38471639275386993,1.033637786379647
2023-11-07,EURO_STOXX_50,^STOXX50E,Yahoo Finance,4153.3701171875,-0.0012680495034120072,-0.12680495034120073,0.9779944703881004
2023-11-08,EURO_STOXX_50,^STOXX50E,Yahoo Finance,4178.490234375,0.006029912226353102,0.6029912226353102,0.9139803928782317
2023-11-09,EURO_STOXX_50,^STOXX50E,Yahoo Finance,4229.2001953125,0.012062902714112924,1.2062902714112924,0.8811813355224161
2023-11-10,EURO_STOXX_50,^STOXX50E,Yahoo Finance,4197.35986328125,-0.007557172403784962,-0.7557172403784962,0.9510178749365347
2023-11-13,EURO_STOXX_50,^STOXX50E,Yahoo Finance,4232.18994140625,0.0082638520793144,0.8263852079314399,0.9567428517783314
2023-11-14,EURO_STOXX_50,^STOXX50E,Yahoo Finance,4291.72021484375,0.013968059315330884,1.3968059315330885,0.9429755005237677
2023-11-15,EURO_STOXX_50,^STOXX50E,Yahoo Finance,4315.52978515625,0.005532459506337228,0.5532459506337228,1.037212608957949
2023-11-16,EURO_STOXX_50,^STOXX50E,Yahoo Finance,4302.4501953125,-0.0030354212741498274,-0.3035421274149827,0.9788444834797356
2023-11-17,EURO_STOXX_50,^STOXX50E,Yahoo Finance,4340.77001953125,0.008867082948506477,0.8867082948506476,0.9254282626079188
2023-11-20,EURO_STOXX_50,^STOXX50E,Yahoo Finance,4342.41015625,0.00037777328238106534,0.03777732823810653,0.9268149313653913
2023-11-21,EURO_STOXX_50,^STOXX50E,Yahoo Finance,4331.89990234375,-0.0024233072091353713,-0.24233072091353713,0.8659722377356873
2023-11-22,EURO_STOXX_50,^STOXX50E,Yahoo Finance,4352.02001953125,0.004633887316240414,0.4633887316240414,0.8267858528407828
2023-11-23,EURO_STOXX_50,^STOXX50E,Yahoo Finance,4361.31982421875,0.0021346139105186492,0.21346139105186493,0.7966040231865248
2023-11-24,EURO_STOXX_50,^STOXX50E,Yahoo Finance,4372.10009765625,0.002468741686334216,0.2468741686334216,0.7577497749007486
2023-11-27,EURO_STOXX_50,^STOXX50E,Yahoo Finance,4354.41015625,-0.004054304670000642,-0.4054304670000642,0.7266369095841508
2023-11-28,EURO_STOXX_50,^STOXX50E,Yahoo Finance,4348.02001953125,-0.0014685869896494917,-0.14685869896494919,0.7297817639796655
2023-11-29,EURO_STOXX_50,^STOXX50E,Yahoo Finance,4370.52978515625,0.005163660504280135,0.5163660504280134,0.7082918105446684
2023-11-30,EURO_STOXX_50,^STOXX50E,Yahoo Finance,4382.47021484375,0.0027283073447294244,0.2728307344729424,0.7057821876243445
2023-12-01,EURO_STOXX_50,^STOXX50E,Yahoo Finance,4418.509765625,0.008189940735569367,0.8189940735569368,0.6850880670276964
2023-12-04,EURO_STOXX_50,^STOXX50E,Yahoo Finance,4414.9501953125,-0.0008059289385832685,-0.08059289385832685,0.7310413279533949
2023-12-05,EURO_STOXX_50,^STOXX50E,Yahoo Finance,4452.77001953125,0.008529825616921389,0.8529825616921388,0.7057892682434527
2023-12-06,EURO_STOXX_50,^STOXX50E,Yahoo Finance,4483.259765625,0.006824029271536142,0.6824029271536142,0.7524614136167415
2023-12-07,EURO_STOXX_50,^STOXX50E,Yahoo Finance,4473.77001953125,-0.0021189501145085494,-0.21189501145085493,0.7609594709351466
2023-12-08,EURO_STOXX_50,^STOXX50E,Yahoo Finance,4523.31005859375,0.011012581705042667,1.1012581705042668,0.7381591273875766
2023-12-11,EURO_STOXX_50,^STOXX50E,Yahoo Finance,4540.18994140625,0.0037248088108867623,0.3724808810886762,0.8254984730722803
2023-12-12,EURO_STOXX_50,^STOXX50E,Yahoo Finance,4536.60986328125,-0.0007888415273407976,-0.07888415273407977,0.7889482119894197
2023-12-13,EURO_STOXX_50,^STOXX50E,Yahoo Finance,4530.18994140625,-0.0014161386787393123,-0.14161386787393124,0.7534357795121944
2023-12-14,EURO_STOXX_50,^STOXX50E,Yahoo Finance,4539.16015625,0.001978139044633524,0.19781390446335242,0.727310995488043
2023-12-15,EURO_STOXX_50,^STOXX50E,Yahoo Finance,4549.43994140625,0.0022621282550575788,0.2262128255057579,0.7000229939389233
2023-12-18,EURO_STOXX_50,^STOXX50E,Yahoo Finance,4521.1298828125,-0.0062421989064748076,-0.6242198906474807,0.67852041872657
2023-12-19,EURO_STOXX_50,^STOXX50E,Yahoo Finance,4535.39990234375,0.0031513243326562104,0.315132433265621,0.7259522924611551
2023-12-20,EURO_STOXX_50,^STOXX50E,Yahoo Finance,4533.81982421875,-0.0003484485300007908,-0.034844853000079085,0.7036904549110086
2023-12-21,EURO_STOXX_50,^STOXX50E,Yahoo Finance,4524.85986328125,-0.00197820525032551,-0.19782052503255101,0.6815881849509504
2023-12-22,EURO_STOXX_50,^STOXX50E,Yahoo Finance,4521.47021484375,-0.0007493975052559615,-0.07493975052559615,0.6728856141977051
2023-12-27,EURO_STOXX_50,^STOXX50E,Yahoo Finance,4528.3798828125,0.0015270240361670508,0.1527024036167051,0.6581724729614743
2023-12-28,EURO_STOXX_50,^STOXX50E,Yahoo Finance,4514.3798828125,-0.0030964023259527737,-0.3096402325952774,0.6426350789456454
2023-12-29,EURO_STOXX_50,^STOXX50E,Yahoo Finance,4521.64990234375,0.00160911844532826,0.160911844532826,0.6526865507998842
2021-01-04,DAX,^GDAXI,Yahoo Finance,13726.740234375,,,
2021-01-05,DAX,^GDAXI,Yahoo Finance,13651.2197265625,-0.005516897494651185,-0.5516897494651185,0.9444004889254657
2021-01-06,DAX,^GDAXI,Yahoo Finance,13891.9697265625,0.017482080783920988,1.7482080783920988,0.9181149069133953
2021-01-07,DAX,^GDAXI,Yahoo Finance,13968.240234375,0.0054752421792615595,0.5475242179261559,1.0892144588856607
2021-01-08,DAX,^GDAXI,Yahoo Finance,14049.5302734375,0.005802764865969338,0.5802764865969338,1.0253057175303726
2021-01-11,DAX,^GDAXI,Yahoo Finance,13936.66015625,-0.008066173168097945,-0.8066173168097944,0.97306906787675
2021-01-12,DAX,^GDAXI,Yahoo Finance,13925.0595703125,-0.0008327258131731314,-0.08327258131731313,0.974833132889356
2021-01-13,DAX,^GDAXI,Yahoo Finance,13939.7099609375,0.001051535126354734,0.10515351263547339,0.9108156501469644
2021-01-14,DAX,^GDAXI,Yahoo Finance,13988.7001953125,0.0035082759346884654,0.35082759346884657,0.8528736492387703
2021-01-15,DAX,^GDAXI,Yahoo Finance,13787.73046875,-0.014470774590024327,-1.4470774590024327,0.8100088947344378
2021-01-18,DAX,^GDAXI,Yahoo Finance,13848.349609375,0.00438696353996804,0.43869635399680396,0.982502351042317
2021-01-19,DAX,^GDAXI,Yahoo Finance,13815.0595703125,-0.0024067933866047365,-0.24067933866047364,0.9261307196682947
2021-01-20,DAX,^GDAXI,Yahoo Finance,13921.3701171875,0.007665807652996217,0.7665807652996217,0.8758155039916966
2021-01-21,DAX,^GDAXI,Yahoo Finance,13906.669921875,-0.0010565024816139173,-0.10565024816139174,0.8672847781872174
2021-01-22,DAX,^GDAXI,Yahoo Finance,13873.9697265625,-0.0023541726057217664,-0.23541726057217666,0.8187587672688854
2021-01-25,DAX,^GDAXI,Yahoo Finance,13643.9501953125,-0.016718188683941728,-1.6718188683941728,0.7840430162559281
2021-01-26,DAX,^GDAXI,Yahoo Finance,13870.990234375,0.016503411498957576,1.6503411498957576,1.0252501295279006
2021-01-27,DAX,^GDAXI,Yahoo Finance,13620.4599609375,-0.018226554604030464,-1.8226554604030463,1.1418929487479161
2021-01-28,DAX,^GDAXI,Yahoo Finance,13665.9296875,0.003332780132216691,0.3332780132216691,1.3033634715702396
2021-01-29,DAX,^GDAXI,Yahoo Finance,13432.8701171875,-0.017201154178810452,-1.7201154178810452,1.2006632939450141
2021-02-01,DAX,^GDAXI,Yahoo Finance,13622.01953125,0.013982869521548669,1.3982869521548669,1.3224242763708558
2021-02-02,DAX,^GDAXI,Yahoo Finance,13835.16015625,0.015525622717371443,1.5525622717371443,1.3235080341401102
2021-02-03,DAX,^GDAXI,Yahoo Finance,13933.6298828125,0.007092144754145803,0.7092144754145803,1.3503525558548748
2021-02-04,DAX,^GDAXI,Yahoo Finance,14060.2900390625,0.009049180745515409,0.9049180745515408,1.26327993491649
2021-02-05,DAX,^GDAXI,Yahoo Finance,14056.7197265625,-0.0002539610398793954,-0.02539610398793954,1.2071948861773512
2021-02-08,DAX,^GDAXI,Yahoo Finance,14059.91015625,0.0002269425400191207,0.022694254001912068,1.112553201866071
2021-02-09,DAX,^GDAXI,Yahoo Finance,14011.7998046875,-0.00342767852285461,-0.34276785228546097,1.0288819106691107
2021-02-10,DAX,^GDAXI,Yahoo Finance,13932.9697265625,-0.005641863471989793,-0.5641863471989793,0.9706529929875721
2021-02-11,DAX,^GDAXI,Yahoo Finance,14040.91015625,0.007717268097921679,0.7717268097921679,0.9414113146167414
2021-02-12,DAX,^GDAXI,Yahoo Finance,14049.8896484375,0.0006393191048871501,0.06393191048871501,0.9218980874817452
2021-02-15,DAX,^GDAXI,Yahoo Finance,14109.48046875,0.004232403567258049,0.42324035672580484,0.8624551058963082
2021-02-16,DAX,^GDAXI,Yahoo Finance,14064.599609375,-0.003185970737202383,-0.3185970737202383,0.8225243489756081
2021-02-17,DAX,^GDAXI,Yahoo Finance,13909.26953125,-0.011105483747610641,-1.110548374761064,0.7933569086165873
2021-02-18,DAX,^GDAXI,Yahoo Finance,13886.9296875,-0.0016074031117871651,-0.1607403111787165,0.8919011277562833
2021-02-19,DAX,^GDAXI,Yahoo Finance,13993.23046875,0.007625587210826922,0.7625587210826923,0.8422004704541038
2021-02-22,DAX,^GDAXI,Yahoo Finance,13950.0400390625,-0.0030912962797109834,-0.30912962797109833,0.8393507203519643
2021-02-23,DAX,^GDAXI,Yahoo Finance,13864.8095703125,-0.006128434034470845,-0.6128434034470844,0.8067555286801064
2021-02-24,DAX,^GDAXI,Yahoo Finance,13976.0,0.007987628419278836,0.7987628419278836,0.8129052735893407
2021-02-25,DAX,^GDAXI,Yahoo Finance,13879.330078125,-0.0069408841826718035,-0.6940884182671804,0.8206061148189842
2021-02-26,DAX,^GDAXI,Yahoo Finance,13786.2900390625,-0.006726065739988457,-0.6726065739988457,0.8357180313347973
2021-03-01,DAX,^GDAXI,Yahoo Finance,14012.8203125,0.016298024282334657,1.6298024282334658,0.8446178006280729
2021-03-02,DAX,^GDAXI,Yahoo Finance,14039.7998046875,0.0019234923791840353,0.19234923791840353,1.0099233046979292
2021-03-03,DAX,^GDAXI,Yahoo Finance,14080.0302734375,0.0028613612590661338,0.28613612590661336,0.9399280368150228
2021-03-04,DAX,^GDAXI,Yahoo Finance,14056.33984375,-0.0016839723949606347,-0.16839723949606347,0.8818339716739019
2021-03-05,DAX,^GDAXI,Yahoo Finance,13920.6904296875,-0.009697274924604687,-0.9697274924604686,0.833935478408623
2021-03-08,DAX,^GDAXI,Yahoo Finance,14380.91015625,0.032525389982220175,3.2525389982220174,0.8932191656879543
2021-03-09,DAX,^GDAXI,Yahoo Finance,14437.9404296875,0.003957850276761392,0.3957850276761392,1.5250114101055274
2021-03-10,DAX,^GDAXI,Yahoo Finance,14540.25,0.007061172136193416,0.7061172136193417,1.3982722486839225
2021-03-11,DAX,^GDAXI,Yahoo Finance,14569.3896484375,0.0020020624454774967,0.20020624454774966,1.304591081184616
2021-03-12,DAX,^GDAXI,Yahoo Finance,14502.3896484375,-0.004609289162299682,-0.46092891622996823,1.1984504433038072
2021-03-15,DAX,^GDAXI,Yahoo Finance,14461.419921875,-0.0028290307452718904,-0.28290307452718905,1.1254668529406502
2021-03-16,DAX,^GDAXI,Yahoo Finance,14557.580078125,0.006627417086543896,0.6627417086543896,1.0502748429182298
2021-03-17,DAX,^GDAXI,Yahoo Finance,14596.6103515625,0.0026775085282599973,0.26775085282599975,1.0016020324259105
2021-03-18,DAX,^GDAXI,Yahoo Finance,14775.51953125,0.012182391475523935,1.2182391475523935,0.9346054405648322
2021-03-19,DAX,^GDAXI,Yahoo Finance,14621.0,-0.010512874098222198,-1.0512874098222198,0.9854996003049737
2021-03-22,DAX,^GDAXI,Yahoo Finance,14657.2099609375,0.0024735104671781086,0.24735104671781086,1.0247377711535914
2021-03-23,DAX,^GDAXI,Yahoo Finance,14662.01953125,0.00032808299801482215,0.03280829980148221,0.9541052998291705
2021-03-24,DAX,^GDAXI,Yahoo Finance,14610.3896484375,-0.0035275495114906828,-0.3527549511490683,0.8905772922359373
2021-03-25,DAX,^GDAXI,Yahoo Finance,14621.3603515625,0.0007506019064939343,0.07506019064939343,0.8535153958753423
2021-03-26,DAX,^GDAXI,Yahoo Finance,14748.9404296875,0.008687747634630852,0.8687747634630852,0.8033815251404687
2021-03-29,DAX,^GDAXI,Yahoo Finance,14817.7197265625,0.004652498495020411,0.46524984950204107,0.8233575611162368
2021-03-30,DAX,^GDAXI,Yahoo Finance,15008.6103515625,0.012800316426128569,1.2800316426128568,0.7924988470805354
2021-03-31,DAX,^GDAXI,Yahoo Finance,15008.33984375,-1.8023670675907375e-05,-0.0018023670675907375,0.892003632368858
2021-04-01,DAX,^GDAXI,Yahoo Finance,15107.169921875,0.0065634242077806495,0.6563424207780649,0.8372595767115275
2021-04-06,DAX,^GDAXI,Yahoo Finance,15212.6796875,0.006959809687879199,0.6959809687879199,0.822359265058423
2021-04-07,DAX,^GDAXI,Yahoo Finance,15176.3603515625,-0.0023902928939746977,-0.23902928939746976,0.8147651063733795
2021-04-08,DAX,^GDAXI,Yahoo Finance,15202.6796875,0.001732730362029624,0.1732730362029624,0.7809048245962255
2021-04-09,DAX,^GDAXI,Yahoo Finance,15234.16015625,0.0020685774303147693,0.20685774303147694,0.7420117398099919
2021-04-12,DAX,^GDAXI,Yahoo Finance,15215.0,-0.0012585016256962541,-0.12585016256962542,0.7097587088027171
2021-04-13,DAX,^GDAXI,Yahoo Finance,15234.3603515625,0.00127164275031716,0.127164275031716,0.6858594819299887
2021-04-14,DAX,^GDAXI,Yahoo Finance,15209.150390625,-0.0016561799927364942,-0.16561799927364942,0.6607862392856053
2021-04-15,DAX,^GDAXI,Yahoo Finance,15255.330078125,0.003031709201025788,0.3031709201025788,0.6472782718281276
2021-04-16,DAX,^GDAXI,Yahoo Finance,15459.75,0.013310916957726933,1.3310916957726933,0.6344182177846577
2021-04-19,DAX,^GDAXI,Yahoo Finance,15368.3896484375,-0.00592709258910148,-0.592709258910148,0.7956821808859199
2021-04-20,DAX,^GDAXI,Yahoo Finance,15129.509765625,-0.01566565387969088,-1.5665653879690882,0.8012330320689673
2021-04-21,DAX,^GDAXI,Yahoo Finance,15195.9697265625,0.004383117329137117,0.43831173291371167,1.0076119841463487
2021-04-22,DAX,^GDAXI,Yahoo Finance,15320.51953125,0.008162832573323587,0.8162832573323586,0.9477118950387611
2021-04-23,DAX,^GDAXI,Yahoo Finance,15279.6201171875,-0.002673153710220862,-0.2673153710220862,0.9326206211550948
2021-04-26,DAX,^GDAXI,Yahoo Finance,15296.33984375,0.0010936518919022974,0.10936518919022974,0.883022529528352
2021-04-27,DAX,^GDAXI,Yahoo Finance,15249.26953125,-0.003081971564582623,-0.3081971564582623,0.8288759679584733
2021-04-28,DAX,^GDAXI,Yahoo Finance,15292.1796875,0.0028099638741548682,0.2809963874154868,0.7978594083980712
2021-04-29,DAX,^GDAXI,Yahoo Finance,15154.2001953125,-0.009063832044202493,-0.9063832044202493,0.7597924478985213
2021-04-30,DAX,^GDAXI,Yahoo Finance,15135.91015625,-0.0012076576198054095,-0.12076576198054095,0.8253457317976269
2021-05-03,DAX,^GDAXI,Yahoo Finance,15236.4697265625,0.00662180165973522,0.6621801659735219,0.7834634999259069
2021-05-04,DAX,^GDAXI,Yahoo Finance,14856.48046875,-0.025255712927880668,-2.525571292788067,0.778926665937899
2021-05-05,DAX,^GDAXI,Yahoo Finance,15170.7802734375,0.02093506207546954,2.093506207546954,1.283334330043602
2021-05-06,DAX,^GDAXI,Yahoo Finance,15196.740234375,0.0017097192544605207,0.17097192544605208,1.429315778091061
2021-05-07,DAX,^GDAXI,Yahoo Finance,15399.650390625,0.013263860666457718,1.3263860666457719,1.3082672826518906
2021-05-10,DAX,^GDAXI,Yahoo Finance,15400.41015625,4.933533322097458e-05,0.004933533322097458,1.300676942510126
2021-05-11,DAX,^GDAXI,Yahoo Finance,15119.75,-0.01839230636448681,-1.839230636448681,1.1944837457967834
2021-05-12,DAX,^GDAXI,Yahoo Finance,15150.2197265625,0.0020131990305122674,0.20131990305122674,1.34482670149921
2021-05-13,DAX,^GDAXI,Yahoo Finance,15199.6796875,0.0032593191857282836,0.3259319185728283,1.233972601340792
2021-05-14,DAX,^GDAXI,Yahoo Finance,15416.6396484375,0.014173068315606717,1.4173068315606716,1.139458513672638
2021-05-17,DAX,^GDAXI,Yahoo Finance,15396.6201171875,-0.0012994103330277638,-0.12994103330277637,1.181057684482439
2021-05-18,DAX,^GDAXI,Yahoo Finance,15386.580078125,-0.0006523064109517441,-0.0652306410951744,1.0920793280454997
2021-05-19,DAX,^GDAXI,Yahoo Finance,15113.5595703125,-0.017903380348371304,-1.7903380348371305,1.0124211650157817
2021-05-20,DAX,^GDAXI,Yahoo Finance,15370.259765625,0.016842132566438225,1.6842132566438226,1.2054220400182623
2021-05-21,DAX,^GDAXI,Yahoo Finance,15437.509765625,0.00436578874999644,0.436578874999644,1.2833051482109534
2021-05-25,DAX,^GDAXI,Yahoo Finance,15465.08984375,0.001784968630238088,0.1784968630238088,1.187282898533006
2021-05-26,DAX,^GDAXI,Yahoo Finance,15450.7197265625,-0.0009296291070571605,-0.09296291070571605,1.0948595060058104
2021-05-27,DAX,^GDAXI,Yahoo Finance,15406.73046875,-0.002851129133022428,-0.2851129133022428,1.0155671365360048
2021-05-28,DAX,^GDAXI,Yahoo Finance,15519.98046875,0.007323798928203658,0.7323798928203659,0.9553599081038464
2021-05-31,DAX,^GDAXI,Yahoo Finance,15421.1298828125,-0.006389616993714464,-0.6389616993714464,0.9288807033527
2021-06-01,DAX,^GDAXI,Yahoo Finance,15567.3603515625,0.00943779790901597,0.9437797909015969,0.9157102774683551
2021-06-02,DAX,^GDAXI,Yahoo Finance,15602.7099609375,0.0022681774006697284,0.22681774006697283,0.9242967264015232
2021-06-03,DAX,^GDAXI,Yahoo Finance,15632.669921875,0.0019183355693224201,0.19183355693224202,0.8664279690584521
2021-06-04,DAX,^GDAXI,Yahoo Finance,15692.900390625,0.0038454554774755676,0.3845455477475568,0.8156691389493771
2021-06-07,DAX,^GDAXI,Yahoo Finance,15677.150390625,-0.0010041425455906275,-0.10041425455906275,0.7803368023067088
2021-06-08,DAX,^GDAXI,Yahoo Finance,15640.599609375,-0.0023341905370219767,-0.23341905370219768,0.744305847684849
2021-06-09,DAX,^GDAXI,Yahoo Finance,15581.1396484375,-0.003808886643482044,-0.3808886643482044,0.7212749750256991
2021-06-10,DAX,^GDAXI,Yahoo Finance,15571.2197265625,-0.0006368649058569346,-0.06368649058569346,0.7151920729751428
2021-06-11,DAX,^GDAXI,Yahoo Finance,15693.26953125,0.007807607134119748,0.7807607134119747,0.6878232802249554
2021-06-14,DAX,^GDAXI,Yahoo Finance,15673.6396484375,-0.0012516301980978748,-0.12516301980978747,0.7191694684774378
2021-06-15,DAX,^GDAXI,Yahoo Finance,15729.51953125,0.0035588739000442585,0.3558873900044258,0.6937227004236804
2021-06-16,DAX,^GDAXI,Yahoo Finance,15710.5703125,-0.0012054177414032804,-0.12054177414032805,0.6761249709660218
2021-06-17,DAX,^GDAXI,Yahoo Finance,15727.669921875,0.001087822405692339,0.10878224056923391,0.6574847538436288
2021-06-18,DAX,^GDAXI,Yahoo Finance,15448.0400390625,-0.017939439545172596,-1.7939439545172595,0.6368285697268933
2021-06-21,DAX,^GDAXI,Yahoo Finance,15603.240234375,0.009996463035589586,0.9996463035589586,0.9764148201067561
2021-06-22,DAX,^GDAXI,Yahoo Finance,15636.330078125,0.002118457827314313,0.21184578273143131,0.9815450958900203
2021-06-23,DAX,^GDAXI,Yahoo Finance,15456.3896484375,-0.011574570520730246,-1.1574570520730247,0.9156582736853285
2021-06-24,DAX,^GDAXI,Yahoo Finance,15589.23046875,0.008557833958115765,0.8557833958115765,0.9916051228990168
2021-06-25,DAX,^GDAXI,Yahoo Finance,15607.9697265625,0.001201342424892398,0.12013424248923979,0.973837829171594
2021-06-28,DAX,^GDAXI,Yahoo Finance,15554.1796875,-0.0034522710080758163,-0.3452271008075816,0.9076133263334697
2021-06-29,DAX,^GDAXI,Yahoo Finance,15690.58984375,0.008731766948341995,0.8731766948341996,0.8673263164916081
2021-06-30,DAX,^GDAXI,Yahoo Finance,15531.0400390625,-0.010220555055044206,-1.0220555055044207,0.8749798177652346
2021-07-01,DAX,^GDAXI,Yahoo Finance,15603.8095703125,0.0046744830740426254,0.4674483074042625,0.9343025816341892
2021-07-02,DAX,^GDAXI,Yahoo Finance,15650.08984375,0.0029615701164827043,0.2961570116482704,0.8867404582143341
2021-07-05,DAX,^GDAXI,Yahoo Finance,15661.9697265625,0.0007588056196588011,0.07588056196588011,0.8364176890161313
2021-07-06,DAX,^GDAXI,Yahoo Finance,15511.3798828125,-0.009661522873624095,-0.9661522873624095,0.7886770329265921
2021-07-07,DAX,^GDAXI,Yahoo Finance,15692.7099609375,0.011622330289324754,1.1622330289324754,0.8585631757815606
2021-07-08,DAX,^GDAXI,Yahoo Finance,15420.6396484375,-0.017489421804465333,-1.7489421804465333,0.9168919238399027
2021-07-09,DAX,^GDAXI,Yahoo Finance,15687.9296875,0.017184757939864164,1.7184757939864164,1.1308972804603763
2021-07-12,DAX,^GDAXI,Yahoo Finance,15790.509765625,0.0065175048714066226,0.6517504871406623,1.2343995775834247
2021-07-13,DAX,^GDAXI,Yahoo Finance,15789.6396484375,-5.5105324316948245e-05,-0.005510532431694824,1.1584329769406307
2021-07-14,DAX,^GDAXI,Yahoo Finance,15788.98046875,-4.174847951872446e-05,-0.004174847951872446,1.069433720410293
2021-07-15,DAX,^GDAXI,Yahoo Finance,15629.66015625,-0.010141856867934,-1.0141856867934,0.9914714511358679
2021-07-16,DAX,^GDAXI,Yahoo Finance,15540.3095703125,-0.005733135544161682,-0.5733135544161683,1.0228716009520329
2021-07-19,DAX,^GDAXI,Yahoo Finance,15133.2001953125,-0.02654624693669571,-2.6546246936695708,0.9861615416979044
2021-07-20,DAX,^GDAXI,Yahoo Finance,15216.26953125,0.005474200645338385,0.5474200645338385,1.4334701262334952
2021-07-21,DAX,^GDAXI,Yahoo Finance,15422.5,0.013462262782400135,1.3462262782400136,1.3246915790860487
2021-07-22,DAX,^GDAXI,Yahoo Finance,15514.5400390625,0.005950169149915788,0.5950169149915788,1.3171312068742786
2021-07-23,DAX,^GDAXI,Yahoo Finance,15669.2900390625,0.009925097074168625,0.9925097074168625,1.225998115292069
2021-07-26,DAX,^GDAXI,Yahoo Finance,15618.98046875,-0.0032158769311219485,-0.3215876931121949,1.1860229542210061
2021-07-27,DAX,^GDAXI,Yahoo Finance,15519.1298828125,-0.0064134224629773225,-0.6413422462977323,1.1051232086555234
2021-07-28,DAX,^GDAXI,Yahoo Finance,15570.3603515625,0.0032956806132106164,0.32956806132106164,1.0627803726803728
2021-07-29,DAX,^GDAXI,Yahoo Finance,15640.4697265625,0.004492638788989978,0.44926387889899777,0.9900072670875357
2021-07-30,DAX,^GDAXI,Yahoo Finance,15544.3896484375,-0.006161989123227729,-0.6161989123227729,0.9332439772110364
2021-08-02,DAX,^GDAXI,Yahoo Finance,15568.73046875,0.0015646663006932625,0.15646663006932626,0.9164481217308924
2021-08-03,DAX,^GDAXI,Yahoo Finance,15555.080078125,-0.0008771671116352622,-0.08771671116352622,0.8582094459847215
2021-08-04,DAX,^GDAXI,Yahoo Finance,15692.1298828125,0.008772026921567993,0.8772026921567992,0.8103314640039686
2021-08-05,DAX,^GDAXI,Yahoo Finance,15744.669921875,0.0033425850154926596,0.33425850154926595,0.8301543441286708
2021-08-06,DAX,^GDAXI,Yahoo Finance,15761.4501953125,0.0010652073287193168,0.10652073287193169,0.7897762528050492
2021-08-09,DAX,^GDAXI,Yahoo Finance,15745.41015625,-0.0010181935152707032,-0.10181935152707032,0.7487615242848772
2021-08-10,DAX,^GDAXI,Yahoo Finance,15770.7099609375,0.0016055155284339765,0.16055155284339764,0.7176068307588032
2021-08-11,DAX,^GDAXI,Yahoo Finance,15826.08984375,0.003505414463711049,0.3505414463711049,0.6880347454985748
2021-08-12,DAX,^GDAXI,Yahoo Finance,15937.509765625,0.007015601521228146,0.7015601521228146,0.6710519905071862
2021-08-13,DAX,^GDAXI,Yahoo Finance,15977.4404296875,0.0025023184842177825,0.25023184842177826,0.6941820024956574
2021-08-16,DAX,^GDAXI,Yahoo Finance,15925.73046875,-0.003241684432248429,-0.3241684432248429,0.6709293865791492
2021-08-17,DAX,^GDAXI,Yahoo Finance,15921.9501953125,-0.00023739709620483685,-0.023739709620483686,0.6683758633446221
2021-08-18,DAX,^GDAXI,Yahoo Finance,15965.9697265625,0.0027608924833929837,0.2760892483392984,0.6472921497671421
2021-08-19,DAX,^GDAXI,Yahoo Finance,15765.8095703125,-0.012615921041525502,-1.2615921041525502,0.6330026338375325
2021-08-20,DAX,^GDAXI,Yahoo Finance,15808.0400390625,0.0026750297765486385,0.26750297765486386,0.8198609816225497
2021-08-23,DAX,^GDAXI,Yahoo Finance,15852.7900390625,0.002826838695600058,0.2826838695600058,0.778001019917908
2021-08-24,DAX,^GDAXI,Yahoo Finance,15905.849609375,0.0033414289949451775,0.33414289949451775,0.7429940851098312
2021-08-25,DAX,^GDAXI,Yahoo Finance,15860.66015625,-0.0028451022124228896,-0.284510221242289,0.7159978341869115
2021-08-26,DAX,^GDAXI,Yahoo Finance,15793.6201171875,-0.004235770879516042,-0.4235770879516042,0.7017107621548575
2021-08-27,DAX,^GDAXI,Yahoo Finance,15851.75,0.003673835886838961,0.3673835886838961,0.704020067452866
2021-08-30,DAX,^GDAXI,Yahoo Finance,15887.3095703125,0.002240745987590973,0.2240745987590973,0.6854494456801362
2021-08-31,DAX,^GDAXI,Yahoo Finance,15835.08984375,-0.0032922965913955303,-0.32922965913955304,0.6626331528233913
2021-09-01,DAX,^GDAXI,Yahoo Finance,15824.2900390625,-0.0006822499459172293,-0.06822499459172293,0.6621433305804372
2021-09-02,DAX,^GDAXI,Yahoo Finance,15840.58984375,0.0010295195299977013,0.10295195299977013,0.6435257455838954
2021-09-03,DAX,^GDAXI,Yahoo Finance,15781.2001953125,-0.0037562527733977493,-0.3756252773397749,0.6251357629919247
2021-09-06,DAX,^GDAXI,Yahoo Finance,15932.1201171875,0.009517834127444095,0.9517834127444095,0.6370609959016229
2021-09-07,DAX,^GDAXI,Yahoo Finance,15843.08984375,-0.0056037714007931266,-0.5603771400793126,0.7113568712779326
2021-09-08,DAX,^GDAXI,Yahoo Finance,15610.2802734375,-0.014803744154006891,-1.480374415400689,0.7294680504536029
2021-09-09,DAX,^GDAXI,Yahoo Finance,15623.150390625,0.0008241245128885783,0.08241245128885782,0.9388894486664718
2021-09-10,DAX,^GDAXI,Yahoo Finance,15609.8095703125,-0.0008542783739049761,-0.08542783739049761,0.8771455456459331
2021-09-13,DAX,^GDAXI,Yahoo Finance,15701.419921875,0.005851613906803205,0.5851613906803205,0.8265190098629909
2021-09-14,DAX,^GDAXI,Yahoo Finance,15722.990234375,0.001372838235022874,0.1372838235022874,0.8058675399050189
2021-09-15,DAX,^GDAXI,Yahoo Finance,15616.0,-0.006827957712776306,-0.6827957712776306,0.7627786841493663
2021-09-16,DAX,^GDAXI,Yahoo Finance,15651.75,0.002286702150175917,0.22867021501759172,0.7883069723225711
2021-09-17,DAX,^GDAXI,Yahoo Finance,15490.169921875,-0.010377107673413282,-1.0377107673413282,0.7497355851117578
2021-09-20,DAX,^GDAXI,Yahoo Finance,15132.0595703125,-0.023389980673356355,-2.3389980673356354,0.8448083872838734
2021-09-21,DAX,^GDAXI,Yahoo Finance,15348.5302734375,0.014204078316168715,1.4204078316168716,1.2577232737896613
2021-09-22,DAX,^GDAXI,Yahoo Finance,15506.740234375,0.010255061444008493,1.0255061444008493,1.2751138148910388
2021-09-23,DAX,^GDAXI,Yahoo Finance,15643.9697265625,0.008810738510213828,0.8810738510213828,1.2312802265042053
2021-09-24,DAX,^GDAXI,Yahoo Finance,15531.75,-0.007199205806866574,-0.7199205806866573,1.1774569856321844
2021-09-27,DAX,^GDAXI,Yahoo Finance,15573.8798828125,0.002708828513215661,0.2708828513215661,1.1325492598616633
2021-09-28,DAX,^GDAXI,Yahoo Finance,15248.5595703125,-0.021110100264298454,-2.1110100264298453,1.0488473688910114
2021-09-29,DAX,^GDAXI,Yahoo Finance,15365.26953125,0.007624693139174854,0.7624693139174854,1.313295410377504
2021-09-30,DAX,^GDAXI,Yahoo Finance,15260.6904296875,-0.0068294680835424195,-0.6829468083542419,1.2357787245480774
2021-10-01,DAX,^GDAXI,Yahoo Finance,15156.4404296875,-0.006854716750402673,-0.6854716750402673,1.17784224867048
2021-10-04,DAX,^GDAXI,Yahoo Finance,15036.5498046875,-0.00794166157069588,-0.794166157069588,1.1290041565464048
2021-10-05,DAX,^GDAXI,Yahoo Finance,15194.490234375,0.010448986637103837,1.0448986637103836,1.1010443638429668
2021-10-06,DAX,^GDAXI,Yahoo Finance,14973.330078125,-0.014662253756491812,-1.4662253756491812,1.0894634805237995
2021-10-07,DAX,^GDAXI,Yahoo Finance,15250.8603515625,0.018365294156240934,1.8365294156240934,1.1852778026753161
2021-10-08,DAX,^GDAXI,Yahoo Finance,15206.1298828125,-0.002937289637995145,-0.2937289637995145,1.300178209705664
2021-10-11,DAX,^GDAXI,Yahoo Finance,15199.1396484375,-0.0004598041461840785,-0.04598041461840785,1.203207380993071
2021-10-12,DAX,^GDAXI,Yahoo Finance,15146.8701171875,-0.0034449064865897773,-0.3444906486589777,1.1094045184653125
2021-10-13,DAX,^GDAXI,Yahoo Finance,15249.3798828125,0.006744921117307366,0.6744921117307366,1.0401425391584427
2021-10-14,DAX,^GDAXI,Yahoo Finance,15462.7197265625,0.013893109100115581,1.3893109100115582,0.9941186005082656
2021-10-15,DAX,^GDAXI,Yahoo Finance,15587.3603515625,0.008028404059793055,0.8028404059793055,1.0638253099963775
2021-10-18,DAX,^GDAXI,Yahoo Finance,15474.4697265625,-0.007268800438864377,-0.7268800438864377,1.0275440670325149
2021-10-19,DAX,^GDAXI,Yahoo Finance,15515.830078125,0.0026692465952541256,0.26692465952541256,1.0083063457546586
2021-10-20,DAX,^GDAXI,Yahoo Finance,15522.919921875,0.0004568382343558414,0.045683823435584144,0.9404014528373627
2021-10-21,DAX,^GDAXI,Yahoo Finance,15472.5595703125,-0.003249531654447369,-0.3249531654447369,0.8785854238403669
2021-10-22,DAX,^GDAXI,Yahoo Finance,15542.98046875,0.004541015204645765,0.4541015204645765,0.841134843890796
2021-10-25,DAX,^GDAXI,Yahoo Finance,15599.23046875,0.0036124642071348086,0.36124642071348084,0.8066407448703286
2021-10-26,DAX,^GDAXI,Yahoo Finance,15757.0595703125,0.010066907422078162,1.0066907422078162,0.7712820796698728
2021-10-27,DAX,^GDAXI,Yahoo Finance,15705.8095703125,-0.00325781130123325,-0.325781130123325,0.8216328595290531
2021-10-28,DAX,^GDAXI,Yahoo Finance,15696.330078125,-0.0006037481892365499,-0.06037481892365499,0.7932018100826206
2021-10-29,DAX,^GDAXI,Yahoo Finance,15688.76953125,-0.0004817921316388104,-0.04817921316388104,0.7538402309336365
2021-11-01,DAX,^GDAXI,Yahoo Finance,15806.2900390625,0.00746282463631857,0.746282463631857,0.7200002063520589
2021-11-02,DAX,^GDAXI,Yahoo Finance,15954.4501953125,0.009329834876765773,0.9329834876765773,0.7391334114775411
2021-11-03,DAX,^GDAXI,Yahoo Finance,15959.98046875,0.0003465688328308513,0.03465688328308513,0.7839692061394485
2021-11-04,DAX,^GDAXI,Yahoo Finance,16029.650390625,0.004355788432480682,0.43557884324806817,0.7439961407741531
2021-11-05,DAX,^GDAXI,Yahoo Finance,16054.3603515625,0.0015403289832843193,0.15403289832843192,0.7237113083188177
2021-11-08,DAX,^GDAXI,Yahoo Finance,16046.51953125,-0.0004885112493523099,-0.04885112493523099,0.6930825838640918
2021-11-09,DAX,^GDAXI,Yahoo Finance,16040.4697265625,-0.00037708771680505457,-0.03770877168050546,0.6687357308008376
2021-11-10,DAX,^GDAXI,Yahoo Finance,16067.830078125,0.0017042545604243797,0.17042545604243797,0.6479899542091716
2021-11-11,DAX,^GDAXI,Yahoo Finance,16083.1103515625,0.000950533600807981,0.0950533600807981,0.6297898965591108
2021-11-12,DAX,^GDAXI,Yahoo Finance,16094.0703125,0.000681225709347964,0.0681225709347964,0.6136648197041518
2021-11-15,DAX,^GDAXI,Yahoo Finance,16148.6396484375,0.0033849132474642342,0.3384913247464234,0.60029441100811
2021-11-16,DAX,^GDAXI,Yahoo Finance,16247.8603515625,0.006125415607290588,0.6125415607290587,0.598092214232362
2021-11-17,DAX,^GDAXI,Yahoo Finance,16251.1298828125,0.000201208175235708,0.0201208175235708,0.624780698684159
2021-11-18,DAX,^GDAXI,Yahoo Finance,16221.73046875,-0.0018107072661151368,-0.1810707266115137,0.6100089022210989
2021-11-19,DAX,^GDAXI,Yahoo Finance,16159.9697265625,-0.0038145506075324314,-0.38145506075324315,0.6066081909488453
2021-11-22,DAX,^GDAXI,Yahoo Finance,16115.6904296875,-0.0027438214704558965,-0.27438214704558966,0.6230796949190395
2021-11-23,DAX,^GDAXI,Yahoo Finance,15937.0,-0.011149908386961135,-1.1149908386961136,0.6248267569880962
2021-11-24,DAX,^GDAXI,Yahoo Finance,15878.3896484375,-0.0036844067297226958,-0.36844067297226957,0.7769006530724953
2021-11-25,DAX,^GDAXI,Yahoo Finance,15917.98046875,0.002490274243674787,0.2490274243674787,0.7597187747392563
2021-11-26,DAX,^GDAXI,Yahoo Finance,15257.0400390625,-0.042408278956132264,-4.240827895613227,0.7261373650993163
2021-11-29,DAX,^GDAXI,Yahoo Finance,15280.8603515625,0.0015600494484798678,0.15600494484798677,1.872172196382599
2021-11-30,DAX,^GDAXI,Yahoo Finance,15100.1298828125,-0.011897742589148936,-1.1897742589148936,1.7016695297660434
2021-12-01,DAX,^GDAXI,Yahoo Finance,15472.669921875,0.024371891462565076,2.4371891462565074,1.6318971750754294
2021-12-02,DAX,^GDAXI,Yahoo Finance,15263.1103515625,-0.013636407845613846,-1.3636407845613845,1.7631442507586175
2021-12-03,DAX,^GDAXI,Yahoo Finance,15169.98046875,-0.006120323043746625,-0.6120323043746625,1.7064857449081792
2021-12-06,DAX,^GDAXI,Yahoo Finance,15380.7900390625,0.0138008248398052,1.3800824839805201,1.5787876509186385
2021-12-07,DAX,^GDAXI,Yahoo Finance,15813.9404296875,0.027772525998830674,2.7772525998830675,1.5318435209217112
2021-12-08,DAX,^GDAXI,Yahoo Finance,15687.08984375,-0.008053785574609416,-0.8053785574609417,1.7691175901952159
2021-12-09,DAX,^GDAXI,Yahoo Finance,15639.259765625,-0.003053666698411591,-0.3053666698411591,1.6487650474839104
2021-12-10,DAX,^GDAXI,Yahoo Finance,15623.3095703125,-0.001020402163691476,-0.1020402163691476,1.5106123278643446
2021-12-13,DAX,^GDAXI,Yahoo Finance,15621.7197265625,-0.00010176618727196045,-0.010176618727196045,1.3818411099227634
2021-12-14,DAX,^GDAXI,Yahoo Finance,15453.5595703125,-0.010822866374632171,-1.0822866374632172,1.2663329048668288
2021-12-15,DAX,^GDAXI,Yahoo Finance,15476.349609375,0.001473657297502022,0.14736572975020218,1.2545684605189398
2021-12-16,DAX,^GDAXI,Yahoo Finance,15636.400390625,0.010288527570173222,1.0288527570173223,1.1536992290350765
2021-12-17,DAX,^GDAXI,Yahoo Finance,15531.6904296875,-0.006719074034839673,-0.6719074034839673,1.130559785588253
2021-12-20,DAX,^GDAXI,Yahoo Finance,15239.669921875,-0.018980589186378575,-1.8980589186378576,1.0876047985779018
2021-12-21,DAX,^GDAXI,Yahoo Finance,15447.4404296875,0.013541430283578527,1.3541430283578526,1.2837768448625235
2021-12-22,DAX,^GDAXI,Yahoo Finance,15593.4697265625,0.009408897705466976,0.9408897705466976,1.2851518675583258
2021-12-23,DAX,^GDAXI,Yahoo Finance,15756.3095703125,0.010388673345340969,1.0388673345340969,1.2297335355453363
2021-12-27,DAX,^GDAXI,Yahoo Finance,15835.25,0.004997574989071142,0.4997574989071142,1.1950151972494218
2021-12-28,DAX,^GDAXI,Yahoo Finance,15963.7001953125,0.008078939284277026,0.8078939284277026,1.1136598825297093
2021-12-29,DAX,^GDAXI,Yahoo Finance,15852.25,-0.007005960877587732,-0.7005960877587732,1.0700184360681062
2021-12-30,DAX,^GDAXI,Yahoo Finance,15884.8603515625,0.0020550303841652398,0.20550303841652398,1.0402345789616796
2022-01-03,DAX,^GDAXI,Yahoo Finance,16020.73046875,0.008517061432296871,0.8517061432296871,0.9665931744021097
2022-01-04,DAX,^GDAXI,Yahoo Finance,16152.6103515625,0.008198130382432627,0.8198130382432627,0.952714231053026
2022-01-05,DAX,^GDAXI,Yahoo Finance,16271.75,0.007348807089666669,0.7348807089666669,0.9371882361011199
2022-01-06,DAX,^GDAXI,Yahoo Finance,16052.0302734375,-0.013595137009672893,-1.3595137009672893,0.9140480336883902
2022-01-07,DAX,^GDAXI,Yahoo Finance,15947.740234375,-0.006518197265411269,-0.651819726541127,1.033703437025911
2022-01-10,DAX,^GDAXI,Yahoo Finance,15768.26953125,-0.011317477833885791,-1.1317477833885792,1.0041017582191838
2022-01-11,DAX,^GDAXI,Yahoo Finance,15941.8095703125,0.010945527513658675,1.0945527513658675,1.0538644838259599
2022-01-12,DAX,^GDAXI,Yahoo Finance,16010.3203125,0.004288343057617768,0.42883430576177684,1.058491928753216
2022-01-13,DAX,^GDAXI,Yahoo Finance,16031.58984375,0.0013276071414166765,0.13276071414166765,0.9910848270933452
2022-01-14,DAX,^GDAXI,Yahoo Finance,15883.240234375,-0.009296660986286204,-0.9296660986286204,0.9227102048105208
2022-01-17,DAX,^GDAXI,Yahoo Finance,15933.7197265625,0.0031731211658622485,0.3173121165862248,0.9543591974432291
2022-01-18,DAX,^GDAXI,Yahoo Finance,15772.5595703125,-0.010165907054072828,-1.0165907054072827,0.8955344928392652
2022-01-19,DAX,^GDAXI,Yahoo Finance,15809.7197265625,0.002353229356826263,0.2353229356826263,0.9489238898281785
2022-01-20,DAX,^GDAXI,Yahoo Finance,15912.330078125,0.006469361852101199,0.64693618521012,0.8879629734878142
2022-01-21,DAX,^GDAXI,Yahoo Finance,15603.8798828125,-0.019574691542314424,-1.9574691542314424,0.8633729854077266
2022-01-24,DAX,^GDAXI,Yahoo Finance,15011.1298828125,-0.03872767561927696,-3.872767561927696,1.1542506423370316
2022-01-25,DAX,^GDAXI,Yahoo Finance,15123.8701171875,0.007482379981029827,0.7482379981029826,1.9142959255844758
2022-01-26,DAX,^GDAXI,Yahoo Finance,15459.3896484375,0.021942264846823753,2.194226484682375,1.7594224315752451
2022-01-27,DAX,^GDAXI,Yahoo Finance,15524.26953125,0.004188012607935824,0.4188012607935824,1.8120855409787717
2022-01-28,DAX,^GDAXI,Yahoo Finance,15318.9501953125,-0.013313938731046812,-1.3313938731046813,1.6533889474459513
2022-01-31,DAX,^GDAXI,Yahoo Finance,15471.2001953125,0.009889606835872167,0.9889606835872167,1.6103992436999195
2022-02-01,DAX,^GDAXI,Yahoo Finance,15619.3896484375,0.009532824953876107,0.9532824953876107,1.512919239431112
2022-02-02,DAX,^GDAXI,Yahoo Finance,15613.76953125,-0.0003598814462426668,-0.03598814462426668,1.4254898968264296
2022-02-03,DAX,^GDAXI,Yahoo Finance,15368.4697265625,-0.01583519696168138,-1.583519696168138,1.3052807332883598
2022-02-04,DAX,^GDAXI,Yahoo Finance,15099.5595703125,-0.017652414369642124,-1.7652414369642124,1.3727976156328636
2022-02-07,DAX,^GDAXI,Yahoo Finance,15206.6396484375,0.007066575584222655,0.7066575584222655,1.4609332249851772
2022-02-08,DAX,^GDAXI,Yahoo Finance,15242.3798828125,0.0023475469055383195,0.23475469055383194,1.3591222757855623
2022-02-09,DAX,^GDAXI,Yahoo Finance,15482.009765625,0.015598991198870113,1.5598991198870114,1.2471821278869455
2022-02-10,DAX,^GDAXI,Yahoo Finance,15490.4404296875,0.0005443976319311632,0.05443976319311632,1.291505902201175
2022-02-11,DAX,^GDAXI,Yahoo Finance,15425.1201171875,-0.004225730250104241,-0.4225730250104241,1.1860341864765833
2022-02-14,DAX,^GDAXI,Yahoo Finance,15113.9697265625,-0.020377893346779027,-2.037789334677903,1.111836822495118
2022-02-15,DAX,^GDAXI,Yahoo Finance,15412.7099609375,0.019573027577137678,1.9573027577137678,1.335637368875837
2022-02-16,DAX,^GDAXI,Yahoo Finance,15396.0703125,-0.001080188823300169,-0.10801888233001691,1.4381853691430393
2022-02-17,DAX,^GDAXI,Yahoo Finance,15267.6298828125,-0.008377409121631707,-0.8377409121631707,1.3178859010285235
2022-02-18,DAX,^GDAXI,Yahoo Finance,15042.509765625,-0.014854715907989877,-1.4854715907989877,1.264671490781206
2022-02-21,DAX,^GDAXI,Yahoo Finance,14731.1201171875,-0.020917906473215172,-2.0917906473215173,1.3223997441329354
2022-02-22,DAX,^GDAXI,Yahoo Finance,14693.0,-0.00259108094739484,-0.259108094739484,1.4955534840301061
2022-02-23,DAX,^GDAXI,Yahoo Finance,14631.3603515625,-0.004203995482339625,-0.42039954823396253,1.3733899738817212
2022-02-24,DAX,^GDAXI,Yahoo Finance,14052.099609375,-0.04039537140683894,-4.039537140683894,1.2744845876879256
2022-02-25,DAX,^GDAXI,Yahoo Finance,14567.23046875,0.036002694628299615,3.6002694628299614,2.029511111807219
2022-02-28,DAX,^GDAXI,Yahoo Finance,14461.01953125,-0.0073177963857386785,-0.7317796385738679,2.3220962694845757
2022-03-01,DAX,^GDAXI,Yahoo Finance,13904.849609375,-0.03921904919868051,-3.9219049198680507,2.1286145407125727
2022-03-02,DAX,^GDAXI,Yahoo Finance,14000.1103515625,0.006827539790147059,0.6827539790147059,2.5138008026785377
2022-03-03,DAX,^GDAXI,Yahoo Finance,13698.400390625,-0.021786145629930087,-2.1786145629930087,2.28754193672648
2022-03-04,DAX,^GDAXI,Yahoo Finance,13094.5400390625,-0.04508371379435531,-4.5083713794355305,2.263094670372781
2022-03-07,DAX,^GDAXI,Yahoo Finance,12834.650390625,-0.020046777213711283,-2.004677721371128,2.7591182928493914
2022-03-08,DAX,^GDAXI,Yahoo Finance,12831.509765625,-0.000244728856716811,-0.0244728856716811,2.63198549342519
2022-03-09,DAX,^GDAXI,Yahoo Finance,13847.9296875,0.07623189406906641,7.623189406906642,2.3810236442750115
2022-03-10,DAX,^GDAXI,Yahoo Finance,13442.099609375,-0.029744196583587196,-2.9744196583587197,3.7201754648988565
2022-03-11,DAX,^GDAXI,Yahoo Finance,13628.1103515625,0.013743053350843283,1.3743053350843284,3.574742513945084
2022-03-14,DAX,^GDAXI,Yahoo Finance,13929.1103515625,0.02184632292675992,2.184632292675992,3.267641409360182
2022-03-15,DAX,^GDAXI,Yahoo Finance,13917.26953125,-0.0008504388057609214,-0.08504388057609215,3.069135025372973
2022-03-16,DAX,^GDAXI,Yahoo Finance,14440.740234375,0.0369229136178751,3.69229136178751,2.7732756157796956
2022-03-17,DAX,^GDAXI,Yahoo Finance,14388.0595703125,-0.003654728816846391,-0.3654728816846391,2.8969148664720348
2022-03-18,DAX,^GDAXI,Yahoo Finance,14413.08984375,0.001738144501063217,0.1738144501063217,2.6242351514746116
2022-03-21,DAX,^GDAXI,Yahoo Finance,14326.9697265625,-0.00599305472831208,-0.599305472831208,2.37396948412824
2022-03-22,DAX,^GDAXI,Yahoo Finance,14473.2001953125,0.01015492101478409,1.015492101478409,2.1670913867915673
2022-03-23,DAX,^GDAXI,Yahoo Finance,14283.650390625,-0.013183123050481473,-1.3183123050481473,2.0001172473286695
2022-03-24,DAX,^GDAXI,Yahoo Finance,14273.7900390625,-0.000690562725929507,-0.06905627259295069,1.9009746373962662
2022-03-25,DAX,^GDAXI,Yahoo Finance,14305.759765625,0.0022372458709628723,0.22372458709628723,1.7281796120022146
2022-03-28,DAX,^GDAXI,Yahoo Finance,14417.3701171875,0.007771500790776113,0.7771500790776112,1.5741719764163256
2022-03-29,DAX,^GDAXI,Yahoo Finance,14820.330078125,0.02756615432282499,2.756615432282499,1.4631032151499075
2022-03-30,DAX,^GDAXI,Yahoo Finance,14606.0498046875,-0.014564079027232888,-1.4564079027232888,1.7161235498679417
2022-03-31,DAX,^GDAXI,Yahoo Finance,14414.75,-0.013183825176215733,-1.3183825176215733,1.6805778045419804
2022-04-01,DAX,^GDAXI,Yahoo Finance,14446.48046875,0.0021988308203777585,0.21988308203777585,1.631226378939414
2022-04-04,DAX,^GDAXI,Yahoo Finance,14518.16015625,0.004949471651154712,0.4949471651154712,1.487943443817069
2022-04-05,DAX,^GDAXI,Yahoo Finance,14424.3603515625,-0.0064818220010125615,-0.6481822001012562,1.3697812854365994
2022-04-06,DAX,^GDAXI,Yahoo Finance,14151.6904296875,-0.019084386415598766,-1.9084386415598766,1.2890932685961705
2022-04-07,DAX,^GDAXI,Yahoo Finance,14078.150390625,-0.005210104150806345,-0.5210104150806345,1.4292343597163395
2022-04-08,DAX,^GDAXI,Yahoo Finance,14283.669921875,0.014492943424814428,1.4492943424814428,1.330083989153019
2022-04-11,DAX,^GDAXI,Yahoo Finance,14192.7802734375,-0.006383517359407458,-0.6383517359407458,1.338000671372798
2022-04-12,DAX,^GDAXI,Yahoo Finance,14124.9501953125,-0.004790652833342941,-0.4790652833342941,1.2608471134722603
2022-04-13,DAX,^GDAXI,Yahoo Finance,14076.4404296875,-0.003440242654263527,-0.3440242654263527,1.180778469820867
2022-04-14,DAX,^GDAXI,Yahoo Finance,14163.849609375,0.0061904080093687424,0.6190408009368742,1.1019339081632729
2022-04-19,DAX,^GDAXI,Yahoo Finance,14153.4599609375,-0.000733801979168139,-0.0733801979168139,1.041824201375641
2022-04-20,DAX,^GDAXI,Yahoo Finance,14362.0302734375,0.014628823163775513,1.4628823163775513,0.9687715127244306
2022-04-21,DAX,^GDAXI,Yahoo Finance,14502.41015625,0.009726915715889994,0.9726915715889994,1.0598892657912549
2022-04-22,DAX,^GDAXI,Yahoo Finance,14142.08984375,-0.025159407151034215,-2.5159407151034214,1.0455946642583245
2022-04-25,DAX,^GDAXI,Yahoo Finance,13924.169921875,-0.015529272736061354,-1.5529272736061355,1.4258363217883074
2022-04-26,DAX,^GDAXI,Yahoo Finance,13756.400390625,-0.01212197463567726,-1.212197463567726,1.4611574943245282
2022-04-27,DAX,^GDAXI,Yahoo Finance,13793.9404296875,0.002725197669282177,0.27251976692821767,1.4339179037310084
2022-04-28,DAX,^GDAXI,Yahoo Finance,13979.83984375,0.013386884209220412,1.338688420922041,1.314074448662869
2022-04-29,DAX,^GDAXI,Yahoo Finance,14097.8798828125,0.008408142515340437,0.8408142515340438,1.307313246414051
2022-05-02,DAX,^GDAXI,Yahoo Finance,13939.0703125,-0.011328712122194108,-1.132871212219411,1.238002921657914
2022-05-03,DAX,^GDAXI,Yahoo Finance,14039.4697265625,0.007176918085860725,0.7176918085860725,1.2393298073378585
2022-05-04,DAX,^GDAXI,Yahoo Finance,13970.8203125,-0.004901737998442648,-0.4901737998442648,1.1681932838571942
2022-05-05,DAX,^GDAXI,Yahoo Finance,13902.51953125,-0.004900806170790601,-0.4900806170790601,1.1017917709168092
2022-05-06,DAX,^GDAXI,Yahoo Finance,13674.2900390625,-0.01655265469624645,-1.655265469624645,1.0448989909936037
2022-05-09,DAX,^GDAXI,Yahoo Finance,13380.669921875,-0.021706307909419176,-2.170630790941918,1.1951162989447615
2022-05-10,DAX,^GDAXI,Yahoo Finance,13534.740234375,0.011448608395192994,1.1448608395192994,1.4260173259195297
2022-05-11,DAX,^GDAXI,Yahoo Finance,13828.6396484375,0.02148204772848076,2.148204772848076,1.3729344847445104
2022-05-12,DAX,^GDAXI,Yahoo Finance,13739.6396484375,-0.006456718479696583,-0.6456718479696583,1.5072495801125931
2022-05-13,DAX,^GDAXI,Yahoo Finance,14027.9296875,0.02076525997840436,2.076525997840436,1.4076870338027914
2022-05-16,DAX,^GDAXI,Yahoo Finance,13964.3798828125,-0.004540526654895977,-0.4540526654895977,1.5175824731590961
2022-05-17,DAX,^GDAXI,Yahoo Finance,14185.9404296875,0.015741570224920984,1.5741570224920984,1.4027430462899106
2022-05-18,DAX,^GDAXI,Yahoo Finance,14007.759765625,-0.012639918500398542,-1.2639918500398541,1.4173185155803465
2022-05-19,DAX,^GDAXI,Yahoo Finance,13882.2998046875,-0.008996811704535954,-0.8996811704535954,1.4057078465910304
2022-05-20,DAX,^GDAXI,Yahoo Finance,13981.91015625,0.007149729063229838,0.7149729063229837,1.3461933857746018
2022-05-23,DAX,^GDAXI,Yahoo Finance,14175.400390625,0.013743733070246797,1.3743733070246797,1.2601433481375142
2022-05-24,DAX,^GDAXI,Yahoo Finance,13919.75,-0.018199400492222437,-1.8199400492222437,1.269365359554605
2022-05-25,DAX,^GDAXI,Yahoo Finance,14007.9296875,0.006314880542903636,0.6314880542903636,1.3950263532205156
2022-05-26,DAX,^GDAXI,Yahoo Finance,14231.2900390625,0.0158194887688653,1.5819488768865302,1.296332720907528
2022-05-27,DAX,^GDAXI,Yahoo Finance,14462.1904296875,0.016094622969482972,1.6094622969482972,1.3341199712790814
2022-05-30,DAX,^GDAXI,Yahoo Finance,14575.98046875,0.007837313301050407,0.7837313301050407,1.3688898877475735
2022-05-31,DAX,^GDAXI,Yahoo Finance,14388.349609375,-0.012956176341295332,-1.2956176341295331,1.28557295579119
2022-06-01,DAX,^GDAXI,Yahoo Finance,14340.4697265625,-0.003333233195779761,-0.3333233195779761,1.3044012421274713
2022-06-02,DAX,^GDAXI,Yahoo Finance,14485.169921875,0.010039771017798908,1.0039771017798909,1.2090064280169541
2022-06-03,DAX,^GDAXI,Yahoo Finance,14460.08984375,-0.0017329320658704803,-0.17329320658704803,1.1732536158592635
2022-06-06,DAX,^GDAXI,Yahoo Finance,14653.8095703125,0.013307910615959297,1.3307910615959297,1.0867576162033292
2022-06-07,DAX,^GDAXI,Yahoo Finance,14556.6201171875,-0.006654459575460924,-0.6654459575460925,1.1241592250156192
2022-06-08,DAX,^GDAXI,Yahoo Finance,14445.990234375,-0.007628997393037259,-0.7628997393037259,1.0814906226675434
2022-06-09,DAX,^GDAXI,Yahoo Finance,14198.7998046875,-0.0172594433810205,-1.7259443381020498,1.0575913530737373
2022-06-10,DAX,^GDAXI,Yahoo Finance,13761.830078125,-0.031258616713241,-3.1258616713241,1.2208427519592224
2022-06-13,DAX,^GDAXI,Yahoo Finance,13427.0302734375,-0.024628963768441557,-2.4628963768441556,1.7109920731689634
2022-06-14,DAX,^GDAXI,Yahoo Finance,13304.3896484375,-0.009175830228495307,-0.9175830228495307,1.8641032648667002
2022-06-15,DAX,^GDAXI,Yahoo Finance,13485.2900390625,0.013505435105176397,1.3505435105176398,1.741344423578389
2022-06-16,DAX,^GDAXI,Yahoo Finance,13038.490234375,-0.033693694410409446,-3.3693694410409445,1.6647950421432316
2022-06-17,DAX,^GDAXI,Yahoo Finance,13126.259765625,0.006709015791487905,0.6709015791487906,2.0561150462024522
2022-06-20,DAX,^GDAXI,Yahoo Finance,13265.599609375,0.010559402918800209,1.055940291880021,1.8804465847310787
2022-06-21,DAX,^GDAXI,Yahoo Finance,13292.400390625,0.002018283782489523,0.20182837824895228,1.7529946003203607
2022-06-22,DAX,^GDAXI,Yahoo Finance,13144.2802734375,-0.011205768909561344,-1.1205768909561344,1.595958650569748
2022-06-23,DAX,^GDAXI,Yahoo Finance,12912.58984375,-0.017783911495089264,-1.7783911495089264,1.5339392265206728
2022-06-24,DAX,^GDAXI,Yahoo Finance,13118.1298828125,0.01579244162526282,1.579244162526282,1.5879807389692795
2022-06-27,DAX,^GDAXI,Yahoo Finance,13186.0703125,0.005165759100514254,0.5165759100514253,1.56845983508337
2022-06-28,DAX,^GDAXI,Yahoo Finance,13231.8203125,0.0034635653834173205,0.3463565383417321,1.4417442629070547
2022-06-29,DAX,^GDAXI,Yahoo Finance,13003.349609375,-0.01741757188845406,-1.741757188845406,1.3230378066366775
2022-06-30,DAX,^GDAXI,Yahoo Finance,12783.76953125,-0.01703062557649504,-1.703062557649504,1.418345253220082
2022-07-01,DAX,^GDAXI,Yahoo Finance,12813.0302734375,0.002286282281884564,0.2286282281884564,1.4835041046652828
2022-07-04,DAX,^GDAXI,Yahoo Finance,12773.3798828125,-0.0030993345391231563,-0.30993345391231564,1.3570606789277795
2022-07-05,DAX,^GDAXI,Yahoo Finance,12401.2001953125,-0.02957005082649629,-2.957005082649629,1.2538655682642252
2022-07-06,DAX,^GDAXI,Yahoo Finance,12594.51953125,0.015468503626828852,1.5468503626828853,1.6802104404235707
2022-07-07,DAX,^GDAXI,Yahoo Finance,12843.2197265625,0.019554262849314802,1.9554262849314803,1.639744760287383
2022-07-08,DAX,^GDAXI,Yahoo Finance,13015.23046875,0.013304221875052305,1.3304221875052304,1.6734070617469574
2022-07-11,DAX,^GDAXI,Yahoo Finance,12832.4404296875,-0.014143872925323119,-1.4143872925323118,1.6048103405070795
2022-07-12,DAX,^GDAXI,Yahoo Finance,12905.48046875,0.005675690388770691,0.5675690388770691,1.5824752285174966
2022-07-13,DAX,^GDAXI,Yahoo Finance,12756.3203125,-0.011625204121600223,-1.1625204121600223,1.4566989834403992
2022-07-14,DAX,^GDAXI,Yahoo Finance,12519.66015625,-0.01872663833068975,-1.872663833068975,1.4230862459110831
2022-07-15,DAX,^GDAXI,Yahoo Finance,12864.7197265625,0.027188438530702068,2.7188438530702066,1.5212820676525804
2022-07-18,DAX,^GDAXI,Yahoo Finance,12959.8095703125,0.0073643374026903475,0.7364337402690347,1.7473759872461023
2022-07-19,DAX,^GDAXI,Yahoo Finance,13308.41015625,0.026543180791123003,2.6543180791123,1.611795210661308
2022-07-20,DAX,^GDAXI,Yahoo Finance,13281.98046875,-0.0019879133463264237,-0.19879133463264237,1.7968720397154379
2022-07-21,DAX,^GDAXI,Yahoo Finance,13246.6396484375,-0.0026643557835130047,-0.2664355783513005,1.6382420371570774
2022-07-22,DAX,^GDAXI,Yahoo Finance,13253.6796875,0.0005313173127366728,0.053131731273667285,1.4997608111255745
2022-07-25,DAX,^GDAXI,Yahoo Finance,13210.3203125,-0.0032768601722135506,-0.32768601722135504,1.3702643308236773
2022-07-26,DAX,^GDAXI,Yahoo Finance,13096.9296875,-0.008620538232262434,-0.8620538232262434,1.266356866473019
2022-07-27,DAX,^GDAXI,Yahoo Finance,13166.3798828125,0.005288774212547557,0.5288774212547557,1.224273794747392
2022-07-28,DAX,^GDAXI,Yahoo Finance,13282.1103515625,0.008751441488818757,0.8751441488818756,1.1408966034021506
2022-07-29,DAX,^GDAXI,Yahoo Finance,13484.0498046875,0.015089447540360745,1.5089447540360745,1.1005362912210641
2022-08-01,DAX,^GDAXI,Yahoo Finance,13479.6298828125,-0.0003278426361544902,-0.03278426361544902,1.1683986454927622
2022-08-02,DAX,^GDAXI,Yahoo Finance,13449.2001953125,-0.002260009095360677,-0.22600090953606772,1.0785991133656743
2022-08-03,DAX,^GDAXI,Yahoo Finance,13587.5595703125,0.01023499739014424,1.023499739014424,1.0065679937758394
2022-08-04,DAX,^GDAXI,Yahoo Finance,13662.6796875,0.005513368654394415,0.5513368654394415,1.0094718584991693
2022-08-05,DAX,^GDAXI,Yahoo Finance,13573.9296875,-0.006516986963183269,-0.6516986963183269,0.9572067091409503
2022-08-08,DAX,^GDAXI,Yahoo Finance,13687.6904296875,0.008345901822611853,0.8345901822611853,0.9406421237659008
2022-08-09,DAX,^GDAXI,Yahoo Finance,13534.9697265625,-0.011220233765465912,-1.1220233765465912,0.9291716073286741
2022-08-10,DAX,^GDAXI,Yahoo Finance,13700.9296875,0.012187004547419902,1.2187004547419902,0.9947197902069356
2022-08-11,DAX,^GDAXI,Yahoo Finance,13694.509765625,-0.0004686854542709002,-0.04686854542709002,1.0321530237102043
2022-08-12,DAX,^GDAXI,Yahoo Finance,13795.849609375,0.00737278850522654,0.7372788505226541,0.9597087442255527
2022-08-15,DAX,^GDAXI,Yahoo Finance,13816.6103515625,0.0015037230387191399,0.150372303871914,0.933058909896798
2022-08-16,DAX,^GDAXI,Yahoo Finance,13910.1201171875,0.006745124187092483,0.6745124187092483,0.8725101816112786
2022-08-17,DAX,^GDAXI,Yahoo Finance,13626.7099609375,-0.02058480681508428,-2.058480681508428,0.8535362194096738
2022-08-18,DAX,^GDAXI,Yahoo Finance,13697.41015625,0.0051749408792347365,0.5174940879234736,1.1776708324752623
2022-08-19,DAX,^GDAXI,Yahoo Finance,13544.51953125,-0.011224772403785383,-1.1224772403785384,1.099699524809206
2022-08-22,DAX,^GDAXI,Yahoo Finance,13230.5703125,-0.023451918151710584,-2.3451918151710585,1.1269155275059481
2022-08-23,DAX,^GDAXI,Yahoo Finance,13194.23046875,-0.0027504363767785335,-0.27504363767785334,1.4273609298341567
2022-08-24,DAX,^GDAXI,Yahoo Finance,13220.0595703125,0.0019556921466940863,0.19556921466940863,1.313972896090851
2022-08-25,DAX,^GDAXI,Yahoo Finance,13271.9599609375,0.003918195588129629,0.39181955881296293,1.206654106332586
2022-08-26,DAX,^GDAXI,Yahoo Finance,12971.4697265625,-0.022901226777076275,-2.2901226777076276,1.1181347658328051
2022-08-29,DAX,^GDAXI,Yahoo Finance,12892.990234375,-0.006068538307308729,-0.6068538307308728,1.4066416237131127
2022-08-30,DAX,^GDAXI,Yahoo Finance,12961.1396484375,0.005271851902018426,0.5271851902018426,1.3172608089628557
2022-08-31,DAX,^GDAXI,Yahoo Finance,12834.9599609375,-0.00978292809780381,-0.978292809780381,1.2218279710908047
2022-09-01,DAX,^GDAXI,Yahoo Finance,12630.23046875,-0.01607951087683679,-1.607951087683679,1.2028267890197126
2022-09-02,DAX,^GDAXI,Yahoo Finance,13050.26953125,0.032715603371463335,3.2715603371463335,1.2998674472350265
2022-09-05,DAX,^GDAXI,Yahoo Finance,12760.7802734375,-0.022432361288070777,-2.243236128807078,1.7514889709014645
2022-09-06,DAX,^GDAXI,Yahoo Finance,12871.4404296875,0.00863451084095359,0.863451084095359,1.848094015131705
2022-09-07,DAX,^GDAXI,Yahoo Finance,12915.9697265625,0.003453572178375991,0.3453572178375991,1.709006480851002
2022-09-08,DAX,^GDAXI,Yahoo Finance,12904.3203125,-0.0009023457780928021,-0.09023457780928021,1.5596636337833978
2022-09-09,DAX,^GDAXI,Yahoo Finance,13088.2099609375,0.014149658735170281,1.414965873517028,1.4250648553904666
2022-09-12,DAX,^GDAXI,Yahoo Finance,13402.26953125,0.023712238640070674,2.3712238640070673,1.409707849775628
2022-09-13,DAX,^GDAXI,Yahoo Finance,13188.9501953125,-0.016044688012082253,-1.6044688012082253,1.5848223121513385
2022-09-14,DAX,^GDAXI,Yahoo Finance,13028.0,-0.012278485193386637,-1.2278485193386637,1.5970143847237765
2022-09-15,DAX,^GDAXI,Yahoo Finance,12956.66015625,-0.0054909336942938775,-0.5490933694293878,1.548970693294549
2022-09-16,DAX,^GDAXI,Yahoo Finance,12741.259765625,-0.016764425762128696,-1.6764425762128696,1.4365355798636135
2022-09-19,DAX,^GDAXI,Yahoo Finance,12803.240234375,0.004852754243192195,0.48527542431921944,1.4925136471677474
2022-09-20,DAX,^GDAXI,Yahoo Finance,12670.830078125,-0.010395774771039564,-1.0395774771039563,1.3733401352600054
2022-09-21,DAX,^GDAXI,Yahoo Finance,12767.150390625,0.007572988976071784,0.7572988976071784,1.3367801896871336
2022-09-22,DAX,^GDAXI,Yahoo Finance,12531.6298828125,-0.018619657520526578,-1.8619657520526578,1.2555629330368445
2022-09-23,DAX,^GDAXI,Yahoo Finance,12284.1904296875,-0.01994273417289695,-1.994273417289695,1.3942775248157337
2022-09-26,DAX,^GDAXI,Yahoo Finance,12227.919921875,-0.004591249456038354,-0.45912494560383543,1.5257252188937758
2022-09-27,DAX,^GDAXI,Yahoo Finance,12139.6796875,-0.007242454857740845,-0.7242454857740845,1.4101947839915814
2022-09-28,DAX,^GDAXI,Yahoo Finance,12183.2802734375,0.0035851419981988665,0.35851419981988664,1.3310524909541896
2022-09-29,DAX,^GDAXI,Yahoo Finance,11975.5498046875,-0.017197487444994188,-1.7197487444994188,1.2259007519826062
2022-09-30,DAX,^GDAXI,Yahoo Finance,12114.3603515625,0.011524499867734735,1.1524499867734734,1.3409719983839394
2022-10-03,DAX,^GDAXI,Yahoo Finance,12209.48046875,0.007821182745900756,0.7821182745900755,1.3026589440044927
2022-10-04,DAX,^GDAXI,Yahoo Finance,12670.48046875,0.03706217781261862,3.706217781261862,1.2284078739361501
2022-10-05,DAX,^GDAXI,Yahoo Finance,12517.1796875,-0.012172839658645743,-1.2172839658645744,1.843910958260341
2022-10-06,DAX,^GDAXI,Yahoo Finance,12470.7802734375,-0.003713745937088292,-0.3713745937088292,1.7558796639018504
2022-10-07,DAX,^GDAXI,Yahoo Finance,12273.0,-0.01598660216693997,-1.5986602166939972,1.6082273473075097
2022-10-10,DAX,^GDAXI,Yahoo Finance,12272.9404296875,-4.8537812328272925e-06,-0.00048537812328272925,1.6148795763233539
2022-10-11,DAX,^GDAXI,Yahoo Finance,12220.25,-0.004302462034817436,-0.43024620348174364,1.4727829648227297
2022-10-12,DAX,^GDAXI,Yahoo Finance,12172.259765625,-0.00393483874806835,-0.393483874806835,1.3620249816870726
2022-10-13,DAX,^GDAXI,Yahoo Finance,12355.580078125,0.014948216167373131,1.4948216167373132,1.2628778561433665
2022-10-14,DAX,^GDAXI,Yahoo Finance,12437.8095703125,0.006633203031709579,0.6633203031709579,1.292096770462144
2022-10-17,DAX,^GDAXI,Yahoo Finance,12649.0302734375,0.0168395617585175,1.6839561758517503,1.2092198591379624
2022-10-18,DAX,^GDAXI,Yahoo Finance,12765.6103515625,0.009174309999999845,0.9174309999999846,1.2861447730692108
2022-10-19,DAX,^GDAXI,Yahoo Finance,12741.41015625,-0.0018975326864552513,-0.18975326864552514,1.2279638493062162
2022-10-20,DAX,^GDAXI,Yahoo Finance,12767.41015625,0.002038511282382018,0.2038511282382018,1.1352887084165186
2022-10-21,DAX,^GDAXI,Yahoo Finance,12730.900390625,-0.002863702715411822,-0.28637027154118216,1.0496522660273662
2022-10-24,DAX,^GDAXI,Yahoo Finance,12931.4501953125,0.01563020401531917,1.5630204015319171,0.984830672366068
2022-10-25,DAX,^GDAXI,Yahoo Finance,13052.9599609375,0.009352581075021175,0.9352581075021176,1.0931970701264353
2022-10-26,DAX,^GDAXI,Yahoo Finance,13195.8095703125,0.01088439741803436,1.088439741803436,1.0680947733478274
2022-10-27,DAX,^GDAXI,Yahoo Finance,13211.23046875,0.001167938562416155,0.11679385624161549,1.069053427720099
2022-10-28,DAX,^GDAXI,Yahoo Finance,13243.330078125,0.0024267743984353525,0.24267743984353524,0.9906107815712037
2022-10-31,DAX,^GDAXI,Yahoo Finance,13253.740234375,0.000785759079237375,0.0785759079237375,0.9243116600727217
2022-11-01,DAX,^GDAXI,Yahoo Finance,13338.740234375,0.006392806386088777,0.6392806386088777,0.8645130452505686
2022-11-02,DAX,^GDAXI,Yahoo Finance,13256.740234375,-0.0061664808001497835,-0.6166480800149784,0.8430499744814918
2022-11-03,DAX,^GDAXI,Yahoo Finance,13130.1904296875,-0.009591928410773543,-0.9591928410773544,0.8427242221137555
2022-11-04,DAX,^GDAXI,Yahoo Finance,13459.849609375,0.02479695938923305,2.479695938923305,0.8978921819597344
2022-11-07,DAX,^GDAXI,Yahoo Finance,13533.51953125,0.005458385309449212,0.5458385309449212,1.279445030253217
2022-11-08,DAX,^GDAXI,Yahoo Finance,13688.75,0.011404791296152676,1.1404791296152677,1.1899768030829536
2022-11-09,DAX,^GDAXI,Yahoo Finance,13666.3203125,-0.0016398928805775536,-0.16398928805775537,1.1760940943421352
2022-11-10,DAX,^GDAXI,Yahoo Finance,14146.08984375,0.034503815043386364,3.4503815043386363,1.0888944809934116
2022-11-11,DAX,^GDAXI,Yahoo Finance,14224.8603515625,0.0055529130802089086,0.5552913080208909,1.6878854286391503
2022-11-14,DAX,^GDAXI,Yahoo Finance,14313.2998046875,0.0061979984525114265,0.6197998452511426,1.5489850406579182
2022-11-15,DAX,^GDAXI,Yahoo Finance,14378.509765625,0.0045455531871306295,0.45455531871306293,1.4302560834639104
2022-11-16,DAX,^GDAXI,Yahoo Finance,14234.0302734375,-0.010099118775888958,-1.0099118775888958,1.3171190090477312
2022-11-17,DAX,^GDAXI,Yahoo Finance,14266.3798828125,0.002270116330976313,0.2270116330976313,1.286005988985051
2022-11-18,DAX,^GDAXI,Yahoo Finance,14431.8603515625,0.011532574922613939,1.1532574922613938,1.1825434626501379
2022-11-21,DAX,^GDAXI,Yahoo Finance,14379.9296875,-0.003604824290862554,-0.3604824290862554,1.171881009823415
2022-11-22,DAX,^GDAXI,Yahoo Finance,14422.349609375,0.0029455969167769503,0.294559691677695,1.0952700279125291
2022-11-23,DAX,^GDAXI,Yahoo Finance,14427.58984375,0.00036327524646244543,0.036327524646244544,1.0170178503221692
2022-11-24,DAX,^GDAXI,Yahoo Finance,14539.5595703125,0.007730845905921982,0.7730845905921981,0.9452713001876201
2022-11-25,DAX,^GDAXI,Yahoo Finance,14541.3798828125,0.00012518938773022797,0.012518938773022797,0.9252560042456901
2022-11-28,DAX,^GDAXI,Yahoo Finance,14383.3603515625,-0.010926362834623981,-1.0926362834623982,0.8657941249109725
2022-11-29,DAX,^GDAXI,Yahoo Finance,14355.4501953125,-0.001942332650065319,-0.1942332650065319,0.9412721988969004
2022-11-30,DAX,^GDAXI,Yahoo Finance,14397.0400390625,0.0028929579606595686,0.28929579606595685,0.8862541923825065
2022-12-01,DAX,^GDAXI,Yahoo Finance,14490.2998046875,0.006456813962978359,0.6456813962978359,0.8357218299125798
2022-12-02,DAX,^GDAXI,Yahoo Finance,14529.3896484375,0.0026940238251144037,0.2694023825114404,0.819898043597405
2022-12-05,DAX,^GDAXI,Yahoo Finance,14447.6103515625,-0.005644443109854937,-0.5644443109854936,0.7781058222388776
2022-12-06,DAX,^GDAXI,Yahoo Finance,14343.1904296875,-0.0072537322264857144,-0.7253732226485714,0.7832735562094154
2022-12-07,DAX,^GDAXI,Yahoo Finance,14261.1904296875,-0.005733403217342297,-0.5733403217342297,0.81113210076362
2022-12-08,DAX,^GDAXI,Yahoo Finance,14264.5595703125,0.00023621749757094592,0.023621749757094593,0.811119438904587
2022-12-09,DAX,^GDAXI,Yahoo Finance,14370.7197265625,0.007414674850307062,0.7414674850307063,0.7673381350346858
2022-12-12,DAX,^GDAXI,Yahoo Finance,14306.6298828125,-0.004469726200243823,-0.44697262002438226,0.776099162415892
2022-12-13,DAX,^GDAXI,Yahoo Finance,14497.8896484375,0.01328003935503363,1.328003935503363,0.7672200312024192
2022-12-14,DAX,^GDAXI,Yahoo Finance,14460.2001953125,-0.00260303594675592,-0.260303594675592,0.8846844896919019
2022-12-15,DAX,^GDAXI,Yahoo Finance,13986.23046875,-0.03332675372250476,-3.332675372250476,0.8416451982284106
2022-12-16,DAX,^GDAXI,Yahoo Finance,13893.0703125,-0.006683130522147943,-0.6683130522147943,1.5859971570150302
2022-12-19,DAX,^GDAXI,Yahoo Finance,13942.8701171875,0.0035780977434280623,0.35780977434280625,1.4779516719095094
2022-12-20,DAX,^GDAXI,Yahoo Finance,13884.66015625,-0.004183630043227707,-0.4183630043227707,1.355385448763464
2022-12-21,DAX,^GDAXI,Yahoo Finance,14097.8203125,0.0152355528121833,1.52355528121833,1.2586410471260132
2022-12-22,DAX,^GDAXI,Yahoo Finance,13914.0703125,-0.013119616816044727,-1.3119616816044728,1.293873565215554
2022-12-23,DAX,^GDAXI,Yahoo Finance,13940.9296875,0.0019285143295310382,0.1928514329531038,1.3138256609725354
2022-12-27,DAX,^GDAXI,Yahoo Finance,13995.099609375,0.0038781452576770147,0.3878145257677015,1.206483743514751
2022-12-28,DAX,^GDAXI,Yahoo Finance,13925.599609375,-0.004978395633902036,-0.4978395633902036,1.1178081547725705
2022-12-29,DAX,^GDAXI,Yahoo Finance,14071.7197265625,0.010438245330955115,1.0438245330955114,1.0592744207419194
2022-12-30,DAX,^GDAXI,Yahoo Finance,13923.58984375,-0.010582577404380268,-1.058257740438027,1.055221302178267
2023-01-02,DAX,^GDAXI,Yahoo Finance,14069.259765625,0.010407746180438885,1.0407746180438886,1.0807043405270353
2023-01-03,DAX,^GDAXI,Yahoo Finance,14181.669921875,0.007958021257238117,0.7958021257238117,1.072240214500151
2023-01-04,DAX,^GDAXI,Yahoo Finance,14490.7802734375,0.02156232381153874,2.156232381153874,1.0338177011739984
2023-01-05,DAX,^GDAXI,Yahoo Finance,14436.3095703125,-0.003766073103131592,-0.3766073103131592,1.2712016825213597
2023-01-06,DAX,^GDAXI,Yahoo Finance,14610.01953125,0.011961031724754226,1.1961031724754225,1.1826040648785383
2023-01-09,DAX,^GDAXI,Yahoo Finance,14792.830078125,0.0124350466005668,1.24350466005668,1.1783649964556104
2023-01-10,DAX,^GDAXI,Yahoo Finance,14774.599609375,-0.0012331454747913722,-0.12331454747913721,1.1823105866819004
2023-01-11,DAX,^GDAXI,Yahoo Finance,14947.91015625,0.011662037457026157,1.1662037457026158,1.092971564315926
2023-01-12,DAX,^GDAXI,Yahoo Finance,15058.2998046875,0.007357820037865542,0.7357820037865541,1.101220202484474
2023-01-13,DAX,^GDAXI,Yahoo Finance,15086.51953125,0.0018722775871715626,0.18722775871715625,1.0519307316691082
2023-01-16,DAX,^GDAXI,Yahoo Finance,15134.0400390625,0.003144915094552991,0.31449150945529913,0.9764514749725801
2023-01-17,DAX,^GDAXI,Yahoo Finance,15187.0703125,0.0034979146141551247,0.3497914614155125,0.9145093530354158
2023-01-18,DAX,^GDAXI,Yahoo Finance,15181.7998046875,-0.00034709937149967826,-0.034709937149967826,0.8627151528806599
2023-01-19,DAX,^GDAXI,Yahoo Finance,14920.3603515625,-0.017370582414515032,-1.7370582414515032,0.8126782157516486
2023-01-20,DAX,^GDAXI,Yahoo Finance,15033.5595703125,0.00755826001684081,0.755826001684081,1.061078124346932
2023-01-23,DAX,^GDAXI,Yahoo Finance,15102.9501953125,0.004605095159965551,0.4605095159965551,1.0200653376965167
2023-01-24,DAX,^GDAXI,Yahoo Finance,15093.1103515625,-0.000651730319789013,-0.0651730319789013,0.9598148394267324
2023-01-25,DAX,^GDAXI,Yahoo Finance,15081.6396484375,-0.0007602849188502119,-0.07602849188502118,0.8972879307496665
2023-01-26,DAX,^GDAXI,Yahoo Finance,15132.849609375,0.00338976505849431,0.338976505849431,0.8435588799791042
2023-01-27,DAX,^GDAXI,Yahoo Finance,15150.0302734375,0.0011346784699686376,0.11346784699686377,0.8014419869849151
2023-01-30,DAX,^GDAXI,Yahoo Finance,15126.080078125,-0.0015821187087907594,-0.15821187087907593,0.7587771966090304
2023-01-31,DAX,^GDAXI,Yahoo Finance,15128.26953125,0.00014473642019029485,0.014473642019029485,0.7287506962830149
2023-02-01,DAX,^GDAXI,Yahoo Finance,15180.740234375,0.0034623866599074087,0.3462386659907409,0.6973093755979989
2023-02-02,DAX,^GDAXI,Yahoo Finance,15509.1904296875,0.021405244587293086,2.1405244587293084,0.6784916228578658
2023-02-03,DAX,^GDAXI,Yahoo Finance,15476.4296875,-0.002114577941051755,-0.2114577941051755,1.054773561766142
2023-02-06,DAX,^GDAXI,Yahoo Finance,15345.91015625,-0.008469202017936116,-0.8469202017936116,0.9851807337757457
2023-02-07,DAX,^GDAXI,Yahoo Finance,15320.8798828125,-0.0016324029325455972,-0.16324029325455972,0.9906418331166307
2023-02-08,DAX,^GDAXI,Yahoo Finance,15412.0498046875,0.005933062044065664,0.5933062044065663,0.9274119568653012
2023-02-09,DAX,^GDAXI,Yahoo Finance,15523.419921875,0.007200187960002645,0.7200187960002645,0.891133345012334
2023-02-10,DAX,^GDAXI,Yahoo Finance,15307.98046875,-0.013975554593732505,-1.3975554593732504,0.8741683464925262
2023-02-13,DAX,^GDAXI,Yahoo Finance,15397.33984375,0.0058204654024422995,0.58204654024423,1.0142716074119822
2023-02-14,DAX,^GDAXI,Yahoo Finance,15380.5595703125,-0.0010904106790648974,-0.10904106790648974,0.9638029716170765
2023-02-15,DAX,^GDAXI,Yahoo Finance,15506.33984375,0.008144616074990894,0.8144616074990894,0.9020835753615366
2023-02-16,DAX,^GDAXI,Yahoo Finance,15533.6396484375,0.0017590096496958511,0.1759009649695851,0.8949697975584427
2023-02-17,DAX,^GDAXI,Yahoo Finance,15482.0,-0.0033299133430264504,-0.33299133430264505,0.8399558859282641
2023-02-20,DAX,^GDAXI,Yahoo Finance,15477.5498046875,-0.0002874844996922882,-0.02874844996922882,0.8091946228694514
2023-02-21,DAX,^GDAXI,Yahoo Finance,15397.6201171875,-0.005177614650416546,-0.5177614650416545,0.7666363812529985
2023-02-22,DAX,^GDAXI,Yahoo Finance,15399.8896484375,0.00014738407562037704,0.014738407562037703,0.7679466635308022
2023-02-23,DAX,^GDAXI,Yahoo Finance,15475.6904296875,0.004910089679164108,0.4910089679164108,0.7305897747191292
2023-02-24,DAX,^GDAXI,Yahoo Finance,15209.740234375,-0.017334405869660657,-1.7334405869660656,0.7173262373049337
2023-02-27,DAX,^GDAXI,Yahoo Finance,15381.4296875,0.01122488981444615,1.1224889814446148,1.0027802365421188
2023-02-28,DAX,^GDAXI,Yahoo Finance,15365.1396484375,-0.0010596330542604112,-0.10596330542604113,1.022033303302572
2023-03-01,DAX,^GDAXI,Yahoo Finance,15305.01953125,-0.0039204357459107645,-0.39204357459107647,0.9524952961391969
2023-03-02,DAX,^GDAXI,Yahoo Finance,15327.6396484375,0.0014768630543143778,0.1476863054314378,0.9092460246859433
2023-03-03,DAX,^GDAXI,Yahoo Finance,15578.3896484375,0.016226963337134578,1.6226963337134577,0.8518656425557641
2023-03-06,DAX,^GDAXI,Yahoo Finance,15653.580078125,0.004814974887177785,0.4814974887177785,1.0130946597963228
2023-03-07,DAX,^GDAXI,Yahoo Finance,15559.5302734375,-0.006026319598284786,-0.6026319598284786,0.9551938415097241
2023-03-08,DAX,^GDAXI,Yahoo Finance,15631.8701171875,0.004638456276087954,0.4638456276087954,0.93296342221713
2023-03-09,DAX,^GDAXI,Yahoo Finance,15633.2099609375,8.57086402768453e-05,0.00857086402768453,0.8853457848011029
2023-03-10,DAX,^GDAXI,Yahoo Finance,15427.9697265625,-0.013215417024382795,-1.3215417024382794,0.8313540494971423
2023-03-13,DAX,^GDAXI,Yahoo Finance,14959.4697265625,-0.030837552271425768,-3.0837552271425768,0.9665049172013129
2023-03-14,DAX,^GDAXI,Yahoo Finance,15232.830078125,0.01810844640668792,1.810844640668792,1.5599313382441715
2023-03-15,DAX,^GDAXI,Yahoo Finance,14735.259765625,-0.03320972704836144,-3.320972704836144,1.5840601481184304
2023-03-16,DAX,^GDAXI,Yahoo Finance,14967.099609375,0.015611187600414352,1.5611187600414351,1.9903424100289788
2023-03-17,DAX,^GDAXI,Yahoo Finance,14768.2001953125,-0.013378199102217025,-1.3378199102217025,1.9020476950309755
2023-03-20,DAX,^GDAXI,Yahoo Finance,14933.3798828125,0.011122734211361044,1.1122734211361043,1.820048160200219
2023-03-21,DAX,^GDAXI,Yahoo Finance,15195.33984375,0.017389823716577376,1.7389823716577375,1.70591686568402
2023-03-22,DAX,^GDAXI,Yahoo Finance,15216.1904296875,0.001371229202679795,0.1371229202679795,1.6900255328918534
2023-03-23,DAX,^GDAXI,Yahoo Finance,15210.3896484375,-0.0003812969650474218,-0.038129696504742176,1.539361337792443
2023-03-24,DAX,^GDAXI,Yahoo Finance,14957.23046875,-0.016783897541230275,-1.6783897541230275,1.4061850884069993
2023-03-27,DAX,^GDAXI,Yahoo Finance,15127.6796875,0.01133133133217044,1.133133133217044,1.4692880917739517
2023-03-28,DAX,^GDAXI,Yahoo Finance,15142.01953125,0.0009474719070787628,0.09474719070787628,1.4079921858936781
2023-03-29,DAX,^GDAXI,Yahoo Finance,15328.7802734375,0.01225849548428203,1.225849548428203,1.288922464266289
2023-03-30,DAX,^GDAXI,Yahoo Finance,15522.400390625,0.012552042103065503,1.2552042103065504,1.2697535153130812
2023-03-31,DAX,^GDAXI,Yahoo Finance,15628.83984375,0.006833748290709876,0.6833748290709876,1.2583817378696385
2023-04-03,DAX,^GDAXI,Yahoo Finance,15580.919921875,-0.003070831681625113,-0.3070831681625113,1.1816835757762547
2023-04-04,DAX,^GDAXI,Yahoo Finance,15603.4697265625,0.0014462241443289035,0.14462241443289034,1.1005042942111838
2023-04-05,DAX,^GDAXI,Yahoo Finance,15520.169921875,-0.005352844624026383,-0.5352844624026384,1.0183409551236724
2023-04-06,DAX,^GDAXI,Yahoo Finance,15597.8896484375,0.00499516288859765,0.499516288859765,0.978358253715175
2023-04-11,DAX,^GDAXI,Yahoo Finance,15655.169921875,0.0036655827213205247,0.3665582721320525,0.9266748786577572
2023-04-12,DAX,^GDAXI,Yahoo Finance,15703.599609375,0.003088751677893238,0.3088751677893238,0.8740224963492387
2023-04-13,DAX,^GDAXI,Yahoo Finance,15729.4599609375,0.001645424133099298,0.1645424133099298,0.8260478497322564
2023-04-14,DAX,^GDAXI,Yahoo Finance,15807.5,0.00494912626016291,0.49491262601629105,0.7804546374577229
2023-04-17,DAX,^GDAXI,Yahoo Finance,15789.5302734375,-0.0011374314829180616,-0.11374314829180616,0.7590239287091454
2023-04-18,DAX,^GDAXI,Yahoo Finance,15882.669921875,0.005881493319267852,0.5881493319267852,0.7267951866542135
2023-04-19,DAX,^GDAXI,Yahoo Finance,15895.2001953125,0.0007886163572757404,0.07886163572757404,0.7241651395156996
2023-04-20,DAX,^GDAXI,Yahoo Finance,15795.9697265625,-0.006262362247234691,-0.6262362247234691,0.6928814875592394
2023-04-21,DAX,^GDAXI,Yahoo Finance,15881.66015625,0.005410167302099126,0.5410167302099126,0.7249199480564087
2023-04-24,DAX,^GDAXI,Yahoo Finance,15863.9501953125,-0.0011157424650908335,-0.11157424650908336,0.7175455191848885
2023-04-25,DAX,^GDAXI,Yahoo Finance,15872.1298828125,0.0005154819159133301,0.05154819159133301,0.6917194968321139
2023-04-26,DAX,^GDAXI,Yahoo Finance,15795.73046875,-0.0048250536308058764,-0.48250536308058767,0.6656012314926363
2023-04-27,DAX,^GDAXI,Yahoo Finance,15800.4501953125,0.00029875298206348457,0.029875298206348457,0.6825394214491326
2023-04-28,DAX,^GDAXI,Yahoo Finance,15922.3798828125,0.007687226368913168,0.7687226368913168,0.658104273730738
2023-05-02,DAX,^GDAXI,Yahoo Finance,15726.9404296875,-0.012350466642115141,-1.235046664211514,0.6943391625091094
2023-05-03,DAX,^GDAXI,Yahoo Finance,15815.0595703125,0.005587430719483529,0.5587430719483529,0.8524682407845519
2023-05-04,DAX,^GDAXI,Yahoo Finance,15734.240234375,-0.005123379169960088,-0.5123379169960087,0.8249504986970082
2023-05-05,DAX,^GDAXI,Yahoo Finance,15961.01953125,0.014310226108008792,1.4310226108008792,0.8147911308353168
2023-05-08,DAX,^GDAXI,Yahoo Finance,15952.830078125,-0.0005132225290897682,-0.05132225290897682,0.9417119231184001
2023-05-09,DAX,^GDAXI,Yahoo Finance,15955.48046875,0.00016612541282627895,0.016612541282627895,0.88125185454331
2023-05-10,DAX,^GDAXI,Yahoo Finance,15896.23046875,-0.0037203695874876747,-0.37203695874876747,0.8277119183693421
2023-05-11,DAX,^GDAXI,Yahoo Finance,15834.91015625,-0.0038649974521424856,-0.38649974521424857,0.8023422200372907
2023-05-12,DAX,^GDAXI,Yahoo Finance,15913.8203125,0.004970927503231007,0.49709275032310074,0.7825677827731392
2023-05-15,DAX,^GDAXI,Yahoo Finance,15917.240234375,0.00021487954403036656,0.021487954403036656,0.7609758451939116
2023-05-16,DAX,^GDAXI,Yahoo Finance,15897.9296875,-0.0012139208618881672,-0.12139208618881672,0.7245586315818184
2023-05-17,DAX,^GDAXI,Yahoo Finance,15951.2998046875,0.0033514259524086436,0.33514259524086437,0.69807085461328
2023-05-18,DAX,^GDAXI,Yahoo Finance,16163.3603515625,0.013206655655658733,1.3206655655658732,0.6784448692534731
2023-05-19,DAX,^GDAXI,Yahoo Finance,16275.3798828125,0.006906555293001099,0.6906555293001099,0.8220387595300112
2023-05-22,DAX,^GDAXI,Yahoo Finance,16223.990234375,-0.003162503832106413,-0.3162503832106413,0.8138577298506463
2023-05-23,DAX,^GDAXI,Yahoo Finance,16152.8603515625,-0.004393879945849793,-0.43938799458497935,0.7858892125585758
2023-05-24,DAX,^GDAXI,Yahoo Finance,15842.1298828125,-0.01942430589231978,-1.942430589231978,0.7744189422626828
2023-05-25,DAX,^GDAXI,Yahoo Finance,15793.7998046875,-0.0030553940535913214,-0.30553940535913215,1.097442368588257
2023-05-26,DAX,^GDAXI,Yahoo Finance,15983.9697265625,0.011968882328363751,1.196888232836375,1.027311996034422
2023-05-29,DAX,^GDAXI,Yahoo Finance,15952.73046875,-0.001956324077609966,-0.1956324077609966,1.0539441186057823
2023-05-30,DAX,^GDAXI,Yahoo Finance,15908.91015625,-0.0027506643895094376,-0.27506643895094374,0.9837161283001047
2023-05-31,DAX,^GDAXI,Yahoo Finance,15664.01953125,-0.015513006778311815,-1.5513006778311815,0.927331260429655
2023-06-01,DAX,^GDAXI,Yahoo Finance,15853.66015625,0.012034065673685878,1.2034065673685879,1.0880093804440332
2023-06-02,DAX,^GDAXI,Yahoo Finance,16051.23046875,0.012385113008230194,1.2385113008230193,1.103254774253586
2023-06-05,DAX,^GDAXI,Yahoo Finance,15963.8896484375,-0.005456236720305126,-0.5456236720305127,1.121227605013381
2023-06-06,DAX,^GDAXI,Yahoo Finance,15992.4404296875,0.001786862807888011,0.1786862807888011,1.0665878790357874
2023-06-07,DAX,^GDAXI,Yahoo Finance,15960.5595703125,-0.0019954852410745912,-0.19954852410745913,0.9891096464009973
2023-06-08,DAX,^GDAXI,Yahoo Finance,15989.9599609375,0.0018403706327475775,0.18403706327475775,0.9277609540610505
2023-06-09,DAX,^GDAXI,Yahoo Finance,15949.83984375,-0.002512234800077262,-0.2512234800077262,0.8684485423346359
2023-06-12,DAX,^GDAXI,Yahoo Finance,16097.8701171875,0.009238184345050415,0.9238184345050415,0.8272314906215152
2023-06-13,DAX,^GDAXI,Yahoo Finance,16230.6796875,0.008216286734134775,0.8216286734134776,0.8508219385376279
2023-06-14,DAX,^GDAXI,Yahoo Finance,16310.7900390625,0.004923595281371546,0.4923595281371546,0.854328313489021
2023-06-15,DAX,^GDAXI,Yahoo Finance,16290.1201171875,-0.0012680581336934154,-0.12680581336934155,0.8207422633352094
2023-06-16,DAX,^GDAXI,Yahoo Finance,16357.6298828125,0.004135651727713479,0.41356517277134786,0.7797948413686681
2023-06-19,DAX,^GDAXI,Yahoo Finance,16201.2001953125,-0.009609122366319119,-0.9609122366319118,0.7520110881767191
2023-06-20,DAX,^GDAXI,Yahoo Finance,16111.3203125,-0.005563175710652921,-0.5563175710652921,0.830416484703953
2023-06-21,DAX,^GDAXI,Yahoo Finance,16023.1298828125,-0.005488853897582908,-0.5488853897582908,0.8246179669899334
2023-06-22,DAX,^GDAXI,Yahoo Finance,15988.16015625,-0.0021848379387735626,-0.21848379387735625,0.8189581071819619
2023-06-23,DAX,^GDAXI,Yahoo Finance,15829.9404296875,-0.00994534731941198,-0.994534731941198,0.7831286160016123
2023-06-26,DAX,^GDAXI,Yahoo Finance,15813.0595703125,-0.0010669570506227565,-0.10669570506227566,0.8601306199043346
2023-06-27,DAX,^GDAXI,Yahoo Finance,15846.8603515625,0.0021352419194751054,0.21352419194751054,0.8126610134182604
2023-06-28,DAX,^GDAXI,Yahoo Finance,15949.0,0.006424735713688167,0.6424735713688167,0.7700748137034973
2023-06-29,DAX,^GDAXI,Yahoo Finance,15946.7197265625,-0.00014298303728105182,-0.014298303728105182,0.7656687120200888
2023-06-30,DAX,^GDAXI,Yahoo Finance,16147.900390625,0.0125368861412709,1.25368861412709,0.7291838661194843
2023-07-03,DAX,^GDAXI,Yahoo Finance,16081.0400390625,-0.004149093739210347,-0.4149093739210347,0.8411499949098192
2023-07-04,DAX,^GDAXI,Yahoo Finance,16039.169921875,-0.0026070901126777485,-0.26070901126777485,0.8176355135628056
2023-07-05,DAX,^GDAXI,Yahoo Finance,15937.580078125,-0.006354003176892583,-0.6354003176892583,0.7848199617680293
2023-07-06,DAX,^GDAXI,Yahoo Finance,15528.5400390625,-0.026000223749537515,-2.6000223749537517,0.7985543526240028
2023-07-07,DAX,^GDAXI,Yahoo Finance,15603.400390625,0.004809240594387629,0.4809240594387629,1.3174694158018685
2023-07-10,DAX,^GDAXI,Yahoo Finance,15673.16015625,0.004460840967480253,0.4460840967480253,1.2194309487582717
2023-07-11,DAX,^GDAXI,Yahoo Finance,15790.33984375,0.007448645527859914,0.7448645527859914,1.131914885706223
2023-07-12,DAX,^GDAXI,Yahoo Finance,16023.0,0.014626839269726633,1.4626839269726633,1.0788977354988654
2023-07-13,DAX,^GDAXI,Yahoo Finance,16141.0302734375,0.007339304325099197,0.7339304325099197,1.1427890279901094
2023-07-14,DAX,^GDAXI,Yahoo Finance,16105.0703125,-0.002230345697049001,-0.2230345697049001,1.087078335609777
2023-07-17,DAX,^GDAXI,Yahoo Finance,16068.650390625,-0.0022639555907691474,-0.22639555907691475,1.0137855058674126
2023-07-18,DAX,^GDAXI,Yahoo Finance,16125.490234375,0.0035310712884596153,0.3531071288459615,0.9504474752125615
2023-07-19,DAX,^GDAXI,Yahoo Finance,16108.9296875,-0.001027507141257687,-0.1027507141257687,0.8937917690655592
2023-07-20,DAX,^GDAXI,Yahoo Finance,16204.2197265625,0.005897928058184373,0.5897928058184373,0.8414325380871434
2023-07-21,DAX,^GDAXI,Yahoo Finance,16177.2197265625,-0.0016676223610290603,-0.16676223610290603,0.8187370181234772
2023-07-24,DAX,^GDAXI,Yahoo Finance,16190.9501953125,0.0008483933201479061,0.08483933201479062,0.7799912320926701
2023-07-25,DAX,^GDAXI,Yahoo Finance,16211.58984375,0.0012739526718618614,0.12739526718618613,0.7403454880138397
2023-07-26,DAX,^GDAXI,Yahoo Finance,16131.4599609375,-0.004955008710854717,-0.49550087108547175,0.706821683393107
2023-07-27,DAX,^GDAXI,Yahoo Finance,16406.029296875,0.01687750713192438,1.687750713192438,0.7170045616361616
2023-07-28,DAX,^GDAXI,Yahoo Finance,16469.75,0.0038764576403446053,0.38764576403446055,0.9423480679411148
2023-07-31,DAX,^GDAXI,Yahoo Finance,16446.830078125,-0.0013926067364686248,-0.13926067364686248,0.8886237778427709
2023-08-01,DAX,^GDAXI,Yahoo Finance,16240.400390625,-0.012630769199588878,-1.2630769199588878,0.8384242923642072
2023-08-02,DAX,^GDAXI,Yahoo Finance,16020.01953125,-0.013662828206126841,-1.3662828206126842,0.9579643184826542
2023-08-03,DAX,^GDAXI,Yahoo Finance,15893.3798828125,-0.007936497865689316,-0.7936497865689316,1.066916771018215
2023-08-04,DAX,^GDAXI,Yahoo Finance,15951.8603515625,0.0036727959380174415,0.36727959380174413,1.0496178041793955
2023-08-07,DAX,^GDAXI,Yahoo Finance,15950.759765625,-6.899658610449472e-05,-0.006899658610449472,0.9802163583530636
2023-08-08,DAX,^GDAXI,Yahoo Finance,15774.9296875,-0.011084511098277745,-1.1084511098277745,0.9137540946822235
2023-08-09,DAX,^GDAXI,Yahoo Finance,15852.580078125,0.004910316823599382,0.4910316823599382,0.9804028107929958
2023-08-10,DAX,^GDAXI,Yahoo Finance,15996.51953125,0.009038901249810709,0.9038901249810709,0.9278146263735054
2023-08-11,DAX,^GDAXI,Yahoo Finance,15832.169921875,-0.01032722822559821,-1.0327228225598208,0.9282017766699748
2023-08-14,DAX,^GDAXI,Yahoo Finance,15904.25,0.004542428052187615,0.4542428052187615,0.9769854091353845
2023-08-15,DAX,^GDAXI,Yahoo Finance,15767.2802734375,-0.00864944505706523,-0.8649445057065229,0.9223810519167642
2023-08-16,DAX,^GDAXI,Yahoo Finance,15789.4501953125,0.0014050838089445768,0.1405083808944577,0.9432882639033046
2023-08-17,DAX,^GDAXI,Yahoo Finance,15676.900390625,-0.0071536916466102525,-0.7153691646610253,0.8812632696317135
2023-08-18,DAX,^GDAXI,Yahoo Finance,15574.259765625,-0.0065687797544438185,-0.6568779754443819,0.8873992945300114
2023-08-21,DAX,^GDAXI,Yahoo Finance,15603.2802734375,0.00186162963193506,0.186162963193506,0.8841504483583108
2023-08-22,DAX,^GDAXI,Yahoo Finance,15705.6201171875,0.006537451456842292,0.6537451456842291,0.830816730350306
2023-08-23,DAX,^GDAXI,Yahoo Finance,15728.41015625,0.001450023611823726,0.14500236118237259,0.8167543280950675
2023-08-24,DAX,^GDAXI,Yahoo Finance,15621.490234375,-0.006821095767501448,-0.6821095767501448,0.7721966123511876
2023-08-25,DAX,^GDAXI,Yahoo Finance,15631.8203125,0.0006610549935623476,0.06610549935623476,0.7955939661145148
2023-08-28,DAX,^GDAXI,Yahoo Finance,15792.6103515625,0.01023353097525468,1.023353097525468,0.7537066632321943
2023-08-29,DAX,^GDAXI,Yahoo Finance,15930.8798828125,0.008717225363247004,0.8717225363247004,0.8114109296214278
2023-08-30,DAX,^GDAXI,Yahoo Finance,15891.9296875,-0.002447943175912836,-0.24479431759128362,0.8301639522498935
2023-08-31,DAX,^GDAXI,Yahoo Finance,15947.080078125,0.0034643317231712145,0.34643317231712145,0.7943168154953271
2023-09-01,DAX,^GDAXI,Yahoo Finance,15840.33984375,-0.006715904331487367,-0.6715904331487367,0.7599966334997346
2023-09-04,DAX,^GDAXI,Yahoo Finance,15824.849609375,-0.0009783763102735386,-0.09783763102735386,0.7843730976879697
2023-09-05,DAX,^GDAXI,Yahoo Finance,15771.7099609375,-0.003363638273423204,-0.3363638273423204,0.7476335928851418
2023-09-06,DAX,^GDAXI,Yahoo Finance,15741.3701171875,-0.0019255403184360806,-0.19255403184360806,0.7324672052288231
2023-09-07,DAX,^GDAXI,Yahoo Finance,15718.66015625,-0.001443734458280984,-0.1443734458280984,0.7086337275192724
2023-09-08,DAX,^GDAXI,Yahoo Finance,15740.2998046875,0.0013757385417320633,0.13757385417320633,0.6858697591399487
2023-09-11,DAX,^GDAXI,Yahoo Finance,15800.990234375,0.0038483210111109785,0.38483210111109784,0.6609204027720452
2023-09-12,DAX,^GDAXI,Yahoo Finance,15715.5302734375,-0.0054231983109953455,-0.5423198310995345,0.6510256558795668
2023-09-13,DAX,^GDAXI,Yahoo Finance,15654.0302734375,-0.003921003528322212,-0.39210035283222117,0.6795807299669931
2023-09-14,DAX,^GDAXI,Yahoo Finance,15805.2900390625,0.009616287303144747,0.9616287303144746,0.6825563703948225
2023-09-15,DAX,^GDAXI,Yahoo Finance,15893.5302734375,0.005567428783243866,0.5567428783243866,0.7466244939184843
2023-09-18,DAX,^GDAXI,Yahoo Finance,15727.1201171875,-0.010525507256928553,-1.0525507256928552,0.7369637784928413
2023-09-19,DAX,^GDAXI,Yahoo Finance,15664.48046875,-0.003990859364067893,-0.39908593640678935,0.8388872628226647
2023-09-20,DAX,^GDAXI,Yahoo Finance,15781.58984375,0.00744830214040099,0.744830214040099,0.814211678566441
2023-09-21,DAX,^GDAXI,Yahoo Finance,15571.8603515625,-0.013378599108415866,-1.3378599108415867,0.8143133129272548
2023-09-22,DAX,^GDAXI,Yahoo Finance,15557.2900390625,-0.0009361202205127012,-0.09361202205127012,0.9585754061870388
2023-09-25,DAX,^GDAXI,Yahoo Finance,15405.490234375,-0.009805386957205736,-0.9805386957205736,0.8970470100808045
2023-09-26,DAX,^GDAXI,Yahoo Finance,15255.8701171875,-0.009759599905361405,-0.9759599905361405,0.9434215641285013
2023-09-27,DAX,^GDAXI,Yahoo Finance,15217.4501953125,-0.0025215461812357,-0.25215461812357,0.9785805098762989
2023-09-28,DAX,^GDAXI,Yahoo Finance,15323.5,0.0069447892250670065,0.6944789225067006,0.9215261889950402
2023-09-29,DAX,^GDAXI,Yahoo Finance,15386.580078125,0.0041081082614586,0.41081082614585995,0.8964643845888559
2023-10-02,DAX,^GDAXI,Yahoo Finance,15247.2099609375,-0.009099173076763925,-0.9099173076763926,0.850686122455122
2023-10-03,DAX,^GDAXI,Yahoo Finance,15085.2099609375,-0.01068174189590285,-1.068174189590285,0.8949411085343597
2023-10-04,DAX,^GDAXI,Yahoo Finance,15099.919921875,0.0009746495813716273,0.09746495813716273,0.9583149334871625
2023-10-05,DAX,^GDAXI,Yahoo Finance,15070.2197265625,-0.001968847691965825,-0.19688476919658252,0.8940217981539944
2023-10-06,DAX,^GDAXI,Yahoo Finance,15229.76953125,0.010531441313921008,1.0531441313921008,0.8458313545969186
2023-10-09,DAX,^GDAXI,Yahoo Finance,15128.1103515625,-0.006697408387907724,-0.6697408387907724,0.8871129921370244
2023-10-10,DAX,^GDAXI,Yahoo Finance,15423.51953125,0.019338960806318535,1.9338960806318535,0.8856719085887134
2023-10-11,DAX,^GDAXI,Yahoo Finance,15460.009765625,0.0023630881694196065,0.23630881694196065,1.1155842048144673
2023-10-12,DAX,^GDAXI,Yahoo Finance,15425.0302734375,-0.0022651424184347555,-0.22651424184347554,1.0330903894408012
2023-10-13,DAX,^GDAXI,Yahoo Finance,15186.66015625,-0.015574111193234097,-1.5574111193234097,0.9671478837773896
2023-10-16,DAX,^GDAXI,Yahoo Finance,15237.990234375,0.0033742459596189903,0.33742459596189905,1.1171886460299654
2023-10-17,DAX,^GDAXI,Yahoo Finance,15251.6904296875,0.0008986775811459815,0.08986775811459814,1.0377094146908745
2023-10-18,DAX,^GDAXI,Yahoo Finance,15094.91015625,-0.010332733505565326,-1.0332733505565326,0.9631385027347754
2023-10-19,DAX,^GDAXI,Yahoo Finance,15045.23046875,-0.003296582660916618,-0.3296582660916618,1.0041073094969974
2023-10-20,DAX,^GDAXI,Yahoo Finance,14798.4697265625,-0.016537250021769485,-1.6537250021769485,0.9484648637306831
2023-10-23,DAX,^GDAXI,Yahoo Finance,14800.7197265625,0.00015203119044169267,0.015203119044169267,1.127698607991458
2023-10-24,DAX,^GDAXI,Yahoo Finance,14879.9404296875,0.0053382162549131945,0.5338216254913195,1.0422289818710393
2023-10-25,DAX,^GDAXI,Yahoo Finance,14892.1796875,0.0008221959641307257,0.08221959641307257,0.9839159555723439
2023-10-26,DAX,^GDAXI,Yahoo Finance,14731.0498046875,-0.010878724208663225,-1.0878724208663224,0.9162558004193023
2023-10-27,DAX,^GDAXI,Yahoo Finance,14687.41015625,-0.0029668229067912645,-0.29668229067912644,0.9782835592059923
2023-10-30,DAX,^GDAXI,Yahoo Finance,14716.5400390625,0.0019813591132355358,0.19813591132355357,0.9240599957376368
2023-10-31,DAX,^GDAXI,Yahoo Finance,14810.33984375,0.006353540949674667,0.6353540949674668,0.8655304112749757
2023-11-01,DAX,^GDAXI,Yahoo Finance,14923.26953125,0.00759613332444547,0.759613332444547,0.84347822724077
2023-11-02,DAX,^GDAXI,Yahoo Finance,15143.599609375,0.01465626641081838,1.4656266410818382,0.8400052895122583
2023-11-03,DAX,^GDAXI,Yahoo Finance,15189.25,0.003009966137605249,0.3009966137605249,0.9674191690862918
2023-11-06,DAX,^GDAXI,Yahoo Finance,15135.9697265625,-0.0035139285876212905,-0.35139285876212906,0.906158241577089
2023-11-07,DAX,^GDAXI,Yahoo Finance,15152.6396484375,0.0011007387861062855,0.11007387861062855,0.8665892004188736
2023-11-08,DAX,^GDAXI,Yahoo Finance,15229.599609375,0.005066125961720225,0.5066125961720225,0.8147074014328076
2023-11-09,DAX,^GDAXI,Yahoo Finance,15352.5400390625,0.00804005824086727,0.8040058240867269,0.788646238845751
2023-11-10,DAX,^GDAXI,Yahoo Finance,15234.3896484375,-0.007725586025069316,-0.7725586025069316,0.801957719881396
2023-11-13,DAX,^GDAXI,Yahoo Finance,15345.0,0.007234338895524853,0.7234338895524853,0.8334418698393261
2023-11-14,DAX,^GDAXI,Yahoo Finance,15614.4296875,0.01740577862138782,1.740577862138782,0.8272068984602281
2023-11-15,DAX,^GDAXI,Yahoo Finance,15748.169921875,0.008528696390834213,0.8528696390834213,1.026522441508644
2023-11-16,DAX,^GDAXI,Yahoo Finance,15786.6103515625,0.0024379715599134005,0.24379715599134005,1.002358552118792
2023-11-17,DAX,^GDAXI,Yahoo Finance,15919.16015625,0.008361290376463645,0.8361290376463646,0.9345469369379641
2023-11-20,DAX,^GDAXI,Yahoo Finance,15901.330078125,-0.0011206665805415935,-0.11206665805415936,0.9243779019924533
2023-11-21,DAX,^GDAXI,Yahoo Finance,15900.5302734375,-5.0299239027282614e-05,-0.0050299239027282614,0.8681218000448073
2023-11-22,DAX,^GDAXI,Yahoo Finance,15957.8203125,0.0035965515956458576,0.35965515956458577,0.8167247311803048
2023-11-23,DAX,^GDAXI,Yahoo Finance,15994.73046875,0.0023103114940737947,0.23103114940737945,0.7797406286659536
2023-11-24,DAX,^GDAXI,Yahoo Finance,16029.490234375,0.0021708431001558077,0.21708431001558076,0.7425181711109481
2023-11-27,DAX,^GDAXI,Yahoo Finance,15966.3701171875,-0.003945522850599633,-0.3945522850599633,0.7104876557608252
2023-11-28,DAX,^GDAXI,Yahoo Finance,15992.669921875,0.0016458448434062542,0.16458448434062542,0.7078609102007636
2023-11-29,DAX,^GDAXI,Yahoo Finance,16166.4501953125,0.010807631821599465,1.0807631821599466,0.6798827044237237
2023-11-30,DAX,^GDAXI,Yahoo Finance,16215.4296875,0.00302511958645477,0.302511958645477,0.7685274145228939
2023-12-01,DAX,^GDAXI,Yahoo Finance,16397.51953125,0.011166836505028106,1.1166836505028106,0.7358762487169926
2023-12-04,DAX,^GDAXI,Yahoo Finance,16404.759765625,0.0004414470364728123,0.04414470364728123,0.81648872076686
2023-12-05,DAX,^GDAXI,Yahoo Finance,16533.109375,0.007793476771123729,0.7793476771123728,0.7717261861392409
2023-12-06,DAX,^GDAXI,Yahoo Finance,16656.439453125,0.007431896493775858,0.7431896493775858,0.7849186814572343
2023-12-07,DAX,^GDAXI,Yahoo Finance,16628.990234375,-0.0016493237569797992,-0.16493237569797992,0.7904464300112848
2023-12-08,DAX,^GDAXI,Yahoo Finance,16759.220703125,0.007801024705102276,0.7801024705102276,0.7558817812999591
2023-12-11,DAX,^GDAXI,Yahoo Finance,16794.4296875,0.002098668662753746,0.20986686627537463,0.7724367344806118
2023-12-12,DAX,^GDAXI,Yahoo Finance,16791.740234375,-0.00016015241612872444,-0.016015241612872443,0.7356687926859549
2023-12-13,DAX,^GDAXI,Yahoo Finance,16766.05078125,-0.001531057758321442,-0.15310577583214421,0.7037574775610482
2023-12-14,DAX,^GDAXI,Yahoo Finance,16752.23046875,-0.0008246433150979794,-0.08246433150979794,0.6822699211680643
2023-12-15,DAX,^GDAXI,Yahoo Finance,16751.439453125,-4.721964053434075e-05,-0.004721964053434074,0.6608904166813601
2023-12-18,DAX,^GDAXI,Yahoo Finance,16650.55078125,-0.006040896244381847,-0.6040896244381847,0.6405682267152418
2023-12-19,DAX,^GDAXI,Yahoo Finance,16744.41015625,0.005621184724288284,0.5621184724288284,0.6811720111842263
2023-12-20,DAX,^GDAXI,Yahoo Finance,16733.05078125,-0.0006786282542250116,-0.06786282542250116,0.6842755176421605
2023-12-21,DAX,^GDAXI,Yahoo Finance,16687.419921875,-0.002730714844525454,-0.27307148445254537,0.6620041080457146
2023-12-22,DAX,^GDAXI,Yahoo Finance,16706.1796875,0.0011235546822104872,0.11235546822104872,0.6563396795289472
2023-12-27,DAX,^GDAXI,Yahoo Finance,16742.0703125,0.002146039854072149,0.21460398540721493,0.6358958881515565
2023-12-28,DAX,^GDAXI,Yahoo Finance,16701.55078125,-0.0024231557320244196,-0.24231557320244196,0.6209823603502874
2023-12-29,DAX,^GDAXI,Yahoo Finance,16751.640625,0.0029946249716265123,0.2994624971626512,0.6202858554731469
2021-01-04,CAC_40,^FCHI,Yahoo Finance,5588.9599609375,,,
2021-01-05,CAC_40,^FCHI,Yahoo Finance,5564.60009765625,-0.004368094471353493,-0.4368094471353493,0.8485011246798299
2021-01-06,CAC_40,^FCHI,Yahoo Finance,5630.60009765625,0.011790903867112758,1.1790903867112759,0.8312948958710986
2021-01-07,CAC_40,^FCHI,Yahoo Finance,5669.85009765625,0.006946653833930592,0.6946653833930592,0.8876784010284451
2021-01-08,CAC_40,^FCHI,Yahoo Finance,5706.8798828125,0.0065097644028521565,0.6509764402852156,0.8683151961546803
2021-01-11,CAC_40,^FCHI,Yahoo Finance,5662.43017578125,-0.007819284244631164,-0.7819284244631164,0.848046351740964
2021-01-12,CAC_40,^FCHI,Yahoo Finance,5650.97021484375,-0.0020259098876407476,-0.20259098876407475,0.8717419921152375
2021-01-13,CAC_40,^FCHI,Yahoo Finance,5662.669921875,0.002068248779433021,0.20682487794330212,0.8340769066165169
2021-01-14,CAC_40,^FCHI,Yahoo Finance,5681.14013671875,0.003256442248326901,0.3256442248326901,0.7944388765182553
2021-01-15,CAC_40,^FCHI,Yahoo Finance,5611.68994140625,-0.012300029386317463,-1.2300029386317464,0.7639877016835326
2021-01-18,CAC_40,^FCHI,Yahoo Finance,5617.27001953125,0.0009938727368763566,0.09938727368763567,0.8884537090308826
2021-01-19,CAC_40,^FCHI,Yahoo Finance,5598.60986328125,-0.003327456010943827,-0.33274560109438267,0.8404426379592382
2021-01-20,CAC_40,^FCHI,Yahoo Finance,5628.43994140625,0.005313978086845196,0.5313978086845197,0.8158032891665242
2021-01-21,CAC_40,^FCHI,Yahoo Finance,5590.7900390625,-0.006711698350680652,-0.6711698350680653,0.7940395571718317
2021-01-22,CAC_40,^FCHI,Yahoo Finance,5559.56982421875,-0.005599872436696649,-0.5599872436696649,0.8132741236156948
2021-01-25,CAC_40,^FCHI,Yahoo Finance,5472.35986328125,-0.015810792878076057,-1.5810792878076056,0.8149354499853934
2021-01-26,CAC_40,^FCHI,Yahoo Finance,5523.52001953125,0.009305399105809799,0.93053991058098,1.0022814644066331
2021-01-27,CAC_40,^FCHI,Yahoo Finance,5459.6201171875,-0.011636130022568504,-1.1636130022568505,0.9889855368920791
2021-01-28,CAC_40,^FCHI,Yahoo Finance,5510.52001953125,0.009279784392311903,0.9279784392311903,1.0429228795859073
2021-01-29,CAC_40,^FCHI,Yahoo Finance,5399.2099609375,-0.020406356785215077,-2.040635678521508,1.0224985223417435
2021-02-01,CAC_40,^FCHI,Yahoo Finance,5461.68017578125,0.011503827584669963,1.1503827584669963,1.2508409066947281
2021-02-02,CAC_40,^FCHI,Yahoo Finance,5563.10986328125,0.018400812903810782,1.8400812903810781,1.2223385300071095
2021-02-03,CAC_40,^FCHI,Yahoo Finance,5563.0498046875,-1.079592519666702e-05,-0.001079592519666702,1.3062004154501343
2021-02-04,CAC_40,^FCHI,Yahoo Finance,5608.5400390625,0.008143959174256043,0.8143959174256042,1.2074932728979366
2021-02-05,CAC_40,^FCHI,Yahoo Finance,5659.259765625,0.00900265712943789,0.900265712943789,1.1506699765147508
2021-02-08,CAC_40,^FCHI,Yahoo Finance,5686.02978515625,0.0047191513434668994,0.47191513434668997,1.1102121931580298
2021-02-09,CAC_40,^FCHI,Yahoo Finance,5691.5400390625,0.000968617098765656,0.0968617098765656,1.0429737292257697
2021-02-10,CAC_40,^FCHI,Yahoo Finance,5670.7998046875,-0.003650701826391832,-0.36507018263918317,0.9749466101820945
2021-02-11,CAC_40,^FCHI,Yahoo Finance,5669.81982421875,-0.00017282661851943017,-0.017282661851943017,0.9324422228839677
2021-02-12,CAC_40,^FCHI,Yahoo Finance,5703.669921875,0.0059524734025809605,0.595247340258096,0.8797799768431442
2021-02-15,CAC_40,^FCHI,Yahoo Finance,5786.25,0.01437459975973219,1.437459975973219,0.85291746789817
2021-02-16,CAC_40,^FCHI,Yahoo Finance,5786.52978515625,4.8352282078917354e-05,0.0048352282078917355,0.9514249497243874
2021-02-17,CAC_40,^FCHI,Yahoo Finance,5765.83984375,-0.00358194278618164,-0.358194278618164,0.8958633326623491
2021-02-18,CAC_40,^FCHI,Yahoo Finance,5728.330078125,-0.0065267694901891965,-0.6526769490189197,0.8645798676039437
2021-02-19,CAC_40,^FCHI,Yahoo Finance,5773.5498046875,0.007863055432457387,0.7863055432457386,0.8678359400201631
2021-02-22,CAC_40,^FCHI,Yahoo Finance,5767.43994140625,-0.0010588110701895775,-0.10588110701895774,0.8613004147431734
2021-02-23,CAC_40,^FCHI,Yahoo Finance,5779.83984375,0.0021476758753025565,0.21476758753025565,0.8208479605504012
2021-02-24,CAC_40,^FCHI,Yahoo Finance,5797.97998046875,0.003133604052929888,0.3133604052929888,0.7832340623180887
2021-02-25,CAC_40,^FCHI,Yahoo Finance,5783.89013671875,-0.002433087326713964,-0.2433087326713964,0.7539737449832576
2021-02-26,CAC_40,^FCHI,Yahoo Finance,5703.22021484375,-0.01404552504390169,-1.404552504390169,0.7367601723967043
2021-03-01,CAC_40,^FCHI,Yahoo Finance,5792.7900390625,0.015583082264444274,1.5583082264444275,0.908770223580753
2021-03-02,CAC_40,^FCHI,Yahoo Finance,5809.72998046875,0.0029200472680960886,0.29200472680960887,1.0163963400991705
2021-03-03,CAC_40,^FCHI,Yahoo Finance,5830.06005859375,0.0034932071334467067,0.3493207133446707,0.9542505462511358
2021-03-04,CAC_40,^FCHI,Yahoo Finance,5830.64990234375,0.00010116772520350977,0.010116772520350977,0.9021417670448373
2021-03-05,CAC_40,^FCHI,Yahoo Finance,5782.64990234375,-0.008266431443691791,-0.8266431443691791,0.853045696796934
2021-03-08,CAC_40,^FCHI,Yahoo Finance,5902.990234375,0.02059700367126617,2.059700367126617,0.8822426139605798
2021-03-09,CAC_40,^FCHI,Yahoo Finance,5924.97021484375,0.003716618070267994,0.3716618070267994,1.1111073694498455
2021-03-10,CAC_40,^FCHI,Yahoo Finance,5990.5498046875,0.011007535030283603,1.1007535030283602,1.039476458003956
2021-03-11,CAC_40,^FCHI,Yahoo Finance,6033.759765625,0.0071871314831071,0.71871314831071,1.0410616679516813
2021-03-12,CAC_40,^FCHI,Yahoo Finance,6046.5498046875,0.0021175026628370178,0.21175026628370178,1.000037548141393
2021-03-15,CAC_40,^FCHI,Yahoo Finance,6035.97021484375,-0.0017512228459663317,-0.17512228459663318,0.9382498589518836
2021-03-16,CAC_40,^FCHI,Yahoo Finance,6055.43017578125,0.003218812893541187,0.3218812893541187,0.8898825146666761
2021-03-17,CAC_40,^FCHI,Yahoo Finance,6054.81982421875,-0.00010079916814540657,-0.010079916814540657,0.8455591031428129
2021-03-18,CAC_40,^FCHI,Yahoo Finance,6062.7900390625,0.0013154765804530872,0.1315476580453087,0.8046016878244305
2021-03-19,CAC_40,^FCHI,Yahoo Finance,5997.9599609375,-0.010750691711759778,-1.0750691711759777,0.7682964186280409
2021-03-22,CAC_40,^FCHI,Yahoo Finance,5968.47998046875,-0.004927119553070359,-0.49271195530703593,0.8601472131553077
2021-03-23,CAC_40,^FCHI,Yahoo Finance,5945.2998046875,-0.003891326757686274,-0.3891326757686274,0.8463543550753665
2021-03-24,CAC_40,^FCHI,Yahoo Finance,5947.2900390625,0.0003347015948129597,0.03347015948129597,0.8252922951095066
2021-03-25,CAC_40,^FCHI,Yahoo Finance,5952.41015625,0.0008605456304668026,0.08605456304668026,0.7864614588898029
2021-03-26,CAC_40,^FCHI,Yahoo Finance,5988.81005859375,0.0060965319172588735,0.6096531917258874,0.752749126650599
2021-03-29,CAC_40,^FCHI,Yahoo Finance,6015.509765625,0.004448357166379629,0.4448357166379629,0.7482061630751737
2021-03-30,CAC_40,^FCHI,Yahoo Finance,6088.0400390625,0.011985102355821802,1.1985102355821802,0.731226937544644
2021-03-31,CAC_40,^FCHI,Yahoo Finance,6067.22998046875,-0.0034240422289012434,-0.34240422289012434,0.8160685972902518
2021-04-01,CAC_40,^FCHI,Yahoo Finance,6102.9599609375,0.005871737959200202,0.5871737959200202,0.7960577837084244
2021-04-06,CAC_40,^FCHI,Yahoo Finance,6131.33984375,0.004639404652456926,0.4639404652456926,0.7820329781416105
2021-04-07,CAC_40,^FCHI,Yahoo Finance,6130.66015625,-0.000110860789544307,-0.0110860789544307,0.7608652441323798
2021-04-08,CAC_40,^FCHI,Yahoo Finance,6165.72021484375,0.005702516113611591,0.5702516113611591,0.7321915434432675
2021-04-09,CAC_40,^FCHI,Yahoo Finance,6169.41015625,0.0005982817214420916,0.05982817214420916,0.727646883631732
2021-04-12,CAC_40,^FCHI,Yahoo Finance,6161.68017578125,-0.001253738521598211,-0.12537385215982108,0.7028646440099112
2021-04-13,CAC_40,^FCHI,Yahoo Finance,6184.10009765625,0.0036320015461711783,0.36320015461711785,0.687208172906855
2021-04-14,CAC_40,^FCHI,Yahoo Finance,6208.580078125,0.003950721226112456,0.3950721226112456,0.6754341021495686
2021-04-15,CAC_40,^FCHI,Yahoo Finance,6234.14013671875,0.004108441579554561,0.41084415795545604,0.6674839530828859
2021-04-16,CAC_40,^FCHI,Yahoo Finance,6287.06982421875,0.008454454951173161,0.8454454951173161,0.6619048629349855
2021-04-19,CAC_40,^FCHI,Yahoo Finance,6296.68994140625,0.001528973731349749,0.1528973731349749,0.7042171166315541
2021-04-20,CAC_40,^FCHI,Yahoo Finance,6165.10986328125,-0.021118132256229525,-2.1118132256229525,0.6830652347235439
2021-04-21,CAC_40,^FCHI,Yahoo Finance,6210.5498046875,0.007343470461669859,0.7343470461669859,1.0652165716193398
2021-04-22,CAC_40,^FCHI,Yahoo Finance,6267.27978515625,0.009092987036040334,0.9092987036040334,1.0219738860100642
2021-04-23,CAC_40,^FCHI,Yahoo Finance,6257.93994140625,-0.001491366328897568,-0.14913663288975681,1.0029153897446386
2021-04-26,CAC_40,^FCHI,Yahoo Finance,6275.52001953125,0.0028053051127151936,0.28053051127151934,0.9447898246778887
2021-04-27,CAC_40,^FCHI,Yahoo Finance,6273.759765625,-0.0002805346518573367,-0.02805346518573367,0.8916931293101114
2021-04-28,CAC_40,^FCHI,Yahoo Finance,6306.97998046875,0.005281134929194206,0.5281134929194206,0.844741876599947
2021-04-29,CAC_40,^FCHI,Yahoo Finance,6302.56982421875,-0.0006994946684269538,-0.06994946684269539,0.8181822718259436
2021-04-30,CAC_40,^FCHI,Yahoo Finance,6269.47998046875,-0.005264045350515481,-0.5264045350515482,0.782675963876353
2021-05-03,CAC_40,^FCHI,Yahoo Finance,6307.89990234375,0.006109387127305891,0.6109387127305891,0.7861478486347387
2021-05-04,CAC_40,^FCHI,Yahoo Finance,6251.75,-0.008941376052703795,-0.8941376052703796,0.7759158571080353
2021-05-05,CAC_40,^FCHI,Yahoo Finance,6339.47021484375,0.01393377807449869,1.3933778074498688,0.8330205251638916
2021-05-06,CAC_40,^FCHI,Yahoo Finance,6357.08984375,0.0027754982665921966,0.2775498266592197,0.9281788273776772
2021-05-07,CAC_40,^FCHI,Yahoo Finance,6385.509765625,0.004460623400119285,0.4460623400119285,0.8772214170214265
2021-05-10,CAC_40,^FCHI,Yahoo Finance,6385.990234375,7.524077050108156e-05,0.007524077050108156,0.8404639240221311
2021-05-11,CAC_40,^FCHI,Yahoo Finance,6267.39013671875,-0.01874654321433888,-1.874654321433888,0.7998895790921554
2021-05-12,CAC_40,^FCHI,Yahoo Finance,6279.35009765625,0.0019064656375393553,0.19064656375393552,1.0659566120454438
2021-05-13,CAC_40,^FCHI,Yahoo Finance,6288.330078125,0.0014290595991306159,0.1429059599130616,0.9955752227045295
2021-05-14,CAC_40,^FCHI,Yahoo Finance,6385.14013671875,0.01527788995645186,1.527788995645186,0.933620211883686
2021-05-17,CAC_40,^FCHI,Yahoo Finance,6367.35009765625,-0.002790051241117178,-0.2790051241117178,1.0286754052953857
2021-05-18,CAC_40,^FCHI,Yahoo Finance,6353.669921875,-0.0021507993909109426,-0.21507993909109427,0.9732165174440495
2021-05-19,CAC_40,^FCHI,Yahoo Finance,6262.5498046875,-0.014445167190420943,-1.4445167190420942,0.9219339054107417
2021-05-20,CAC_40,^FCHI,Yahoo Finance,6343.580078125,0.012855870945360457,1.2855870945360457,1.0461239971200398
2021-05-21,CAC_40,^FCHI,Yahoo Finance,6386.41015625,0.006729029472592185,0.6729029472592185,1.073181017112361
2021-05-24,CAC_40,^FCHI,Yahoo Finance,6408.490234375,0.0034513906899206613,0.34513906899206614,1.0237327609332176
2021-05-25,CAC_40,^FCHI,Yahoo Finance,6390.27001953125,-0.0028471862572245136,-0.2847186257224514,0.9622981535012115
2021-05-26,CAC_40,^FCHI,Yahoo Finance,6391.60009765625,0.00020811948761895283,0.020811948761895283,0.9163251847597956
2021-05-27,CAC_40,^FCHI,Yahoo Finance,6435.7099609375,0.006877519440476058,0.6877519440476058,0.8651680644233604
2021-05-28,CAC_40,^FCHI,Yahoo Finance,6484.10986328125,0.007492384478434909,0.7492384478434909,0.848852588008531
2021-05-31,CAC_40,^FCHI,Yahoo Finance,6447.169921875,-0.005713284764008345,-0.5713284764008345,0.8415887081080394
2021-06-01,CAC_40,^FCHI,Yahoo Finance,6489.39990234375,0.00652879875386179,0.6528798753861791,0.8394047439344323
2021-06-02,CAC_40,^FCHI,Yahoo Finance,6521.52001953125,0.00493741912680226,0.493741912680226,0.8240645448429915
2021-06-03,CAC_40,^FCHI,Yahoo Finance,6507.919921875,-0.0020875958838715903,-0.20875958838715902,0.798294195987845
2021-06-04,CAC_40,^FCHI,Yahoo Finance,6515.66015625,0.0011886493943921476,0.11886493943921476,0.7719270370512344
2021-06-07,CAC_40,^FCHI,Yahoo Finance,6543.56005859375,0.0042728347225007585,0.42728347225007585,0.7403150221319633
2021-06-08,CAC_40,^FCHI,Yahoo Finance,6551.009765625,0.0011378316256268075,0.11378316256268074,0.7235000603859569
2021-06-09,CAC_40,^FCHI,Yahoo Finance,6563.4501953125,0.001897208646953382,0.1897208646953382,0.6991439563175941
2021-06-10,CAC_40,^FCHI,Yahoo Finance,6546.490234375,-0.0025873451507722085,-0.25873451507722084,0.679285878092025
2021-06-11,CAC_40,^FCHI,Yahoo Finance,6600.66015625,0.008240603752253254,0.8240603752253254,0.6758595327742256
2021-06-14,CAC_40,^FCHI,Yahoo Finance,6616.35009765625,0.0023742054329976563,0.23742054329976564,0.7119046467883344
2021-06-15,CAC_40,^FCHI,Yahoo Finance,6639.52001953125,0.003495801522809134,0.3495801522809134,0.6910889714942803
2021-06-16,CAC_40,^FCHI,Yahoo Finance,6652.64990234375,0.0019755821901289547,0.19755821901289547,0.6779584989089854
2021-06-17,CAC_40,^FCHI,Yahoo Finance,6666.259765625,0.0020436910163865152,0.20436910163865152,0.6616293236908587
2021-06-18,CAC_40,^FCHI,Yahoo Finance,6569.16015625,-0.014672953640289154,-1.4672953640289155,0.6481039981464324
2021-06-21,CAC_40,^FCHI,Yahoo Finance,6602.5400390625,0.005068435171707104,0.5068435171707104,0.8675548213458032
2021-06-22,CAC_40,^FCHI,Yahoo Finance,6611.5,0.001356127616412287,0.1356127616412287,0.8360130620846973
2021-06-23,CAC_40,^FCHI,Yahoo Finance,6551.06982421875,-0.009182188762995409,-0.9182188762995409,0.7952818483447338
2021-06-24,CAC_40,^FCHI,Yahoo Finance,6631.14990234375,0.012149860174709133,1.2149860174709133,0.8518687008344944
2021-06-25,CAC_40,^FCHI,Yahoo Finance,6622.8701171875,-0.0012493999890012305,-0.12493999890012306,0.9095762641966716
2021-06-28,CAC_40,^FCHI,Yahoo Finance,6558.02001953125,-0.009840097331145698,-0.9840097331145699,0.8630896856685111
2021-06-29,CAC_40,^FCHI,Yahoo Finance,6567.43017578125,0.0014338796341847291,0.1433879634184729,0.9150206314094347
2021-06-30,CAC_40,^FCHI,Yahoo Finance,6507.830078125,-0.009116531416482193,-0.9116531416482193,0.8635582634948384
2021-07-01,CAC_40,^FCHI,Yahoo Finance,6553.81982421875,0.007041979610242234,0.7041979610242234,0.9035796077189959
2021-07-02,CAC_40,^FCHI,Yahoo Finance,6552.85986328125,-0.00014648422973696426,-0.014648422973696427,0.8825344098380661
2021-07-05,CAC_40,^FCHI,Yahoo Finance,6567.5400390625,0.0022377643999481733,0.22377643999481733,0.8365484083753185
2021-07-06,CAC_40,^FCHI,Yahoo Finance,6507.47998046875,-0.009187057600829248,-0.9187057600829248,0.7968891643044967
2021-07-07,CAC_40,^FCHI,Yahoo Finance,6527.72021484375,0.003105475993939193,0.3105475993939193,0.8531790305429297
2021-07-08,CAC_40,^FCHI,Yahoo Finance,6396.72998046875,-0.020270838258307625,-2.0270838258307626,0.813607790771923
2021-07-09,CAC_40,^FCHI,Yahoo Finance,6529.419921875,0.020531187312243276,2.0531187312243278,1.114738460553278
2021-07-12,CAC_40,^FCHI,Yahoo Finance,6559.25,0.004558160600107234,0.45581606001072345,1.269174328072162
2021-07-13,CAC_40,^FCHI,Yahoo Finance,6558.47021484375,-0.00011889034746847798,-0.011889034746847797,1.1813647222254953
2021-07-14,CAC_40,^FCHI,Yahoo Finance,6558.3798828125,-1.3773433496463423e-05,-0.0013773433496463423,1.0974140520807196
2021-07-15,CAC_40,^FCHI,Yahoo Finance,6493.35986328125,-0.009963508111786513,-0.9963508111786513,1.023458972010378
2021-07-16,CAC_40,^FCHI,Yahoo Finance,6460.080078125,-0.005138381546601677,-0.5138381546601677,1.043358786555292
2021-07-19,CAC_40,^FCHI,Yahoo Finance,6295.97021484375,-0.025731933414616874,-2.573193341461687,1.0026286810437075
2021-07-20,CAC_40,^FCHI,Yahoo Finance,6346.85009765625,0.00804886192144656,0.8048861921446561,1.3760293988214654
2021-07-21,CAC_40,^FCHI,Yahoo Finance,6464.47998046875,0.018363930647180202,1.8363930647180202,1.2955281362181703
2021-07-22,CAC_40,^FCHI,Yahoo Finance,6481.58984375,0.0026432536631555894,0.2643253663155589,1.3620317973691707
2021-07-23,CAC_40,^FCHI,Yahoo Finance,6568.81982421875,0.013368358814574465,1.3368358814574466,1.25770709712559
2021-07-26,CAC_40,^FCHI,Yahoo Finance,6578.60009765625,0.001487786242422682,0.1487786242422682,1.2521628524182642
2021-07-27,CAC_40,^FCHI,Yahoo Finance,6531.919921875,-0.007121055911130213,-0.7121055911130213,1.1591256495942739
2021-07-28,CAC_40,^FCHI,Yahoo Finance,6609.31005859375,0.011778354312920835,1.1778354312920836,1.1198247593416977
2021-07-29,CAC_40,^FCHI,Yahoo Finance,6633.77001953125,0.0036940029974223635,0.36940029974223637,1.1172176966648575
2021-07-30,CAC_40,^FCHI,Yahoo Finance,6612.759765625,-0.0031721925463526614,-0.3172192546352661,1.0447404865291898
2021-08-02,CAC_40,^FCHI,Yahoo Finance,6675.89990234375,0.00950293159057964,0.950293159057964,0.9893185225170417
2021-08-03,CAC_40,^FCHI,Yahoo Finance,6723.81005859375,0.00715095484174786,0.715095484174786,0.9806170888935969
2021-08-04,CAC_40,^FCHI,Yahoo Finance,6746.22998046875,0.003328860569603775,0.3328860569603775,0.9484069741389163
2021-08-05,CAC_40,^FCHI,Yahoo Finance,6781.18994140625,0.005168766693476179,0.5168766693476179,0.8964798176651624
2021-08-06,CAC_40,^FCHI,Yahoo Finance,6816.9599609375,0.005261024814814704,0.5261024814814704,0.8612837228960859
2021-08-09,CAC_40,^FCHI,Yahoo Finance,6813.18017578125,-0.0005546216275440324,-0.055462162754403244,0.832029247885521
2021-08-10,CAC_40,^FCHI,Yahoo Finance,6820.2099609375,0.0010312601207427723,0.10312601207427723,0.7940958453397421
2021-08-11,CAC_40,^FCHI,Yahoo Finance,6857.990234375,0.00552417262135924,0.552417262135924,0.759241836783285
2021-08-12,CAC_40,^FCHI,Yahoo Finance,6882.47021484375,0.003563200295920772,0.3563200295920772,0.7484594085257392
2021-08-13,CAC_40,^FCHI,Yahoo Finance,6896.0400390625,0.0019697091131025937,0.19697091131025937,0.726405448679519
2021-08-16,CAC_40,^FCHI,Yahoo Finance,6838.77001953125,-0.008339445714449232,-0.8339445714449232,0.7024263061857667
2021-08-17,CAC_40,^FCHI,Yahoo Finance,6819.83984375,-0.0027719055001211345,-0.27719055001211346,0.7672012281157132
2021-08-18,CAC_40,^FCHI,Yahoo Finance,6770.10986328125,-0.007318673507181471,-0.7318673507181471,0.7501814420261868
2021-08-19,CAC_40,^FCHI,Yahoo Finance,6605.89013671875,-0.024555618753798986,-2.4555618753798987,0.7872768221515458
2021-08-20,CAC_40,^FCHI,Yahoo Finance,6626.10986328125,0.00305618837676371,0.305618837676371,1.2211940268791783
2021-08-23,CAC_40,^FCHI,Yahoo Finance,6683.10009765625,0.008564081994916534,0.8564081994916534,1.1341302964521458
2021-08-24,CAC_40,^FCHI,Yahoo Finance,6664.31005859375,-0.0028155351870204777,-0.28155351870204776,1.0918419171867475
2021-08-25,CAC_40,^FCHI,Yahoo Finance,6676.47998046875,0.0018244684482980756,0.18244684482980755,1.0281123097742526
2021-08-26,CAC_40,^FCHI,Yahoo Finance,6666.02978515625,-0.0015664515346712335,-0.15664515346712335,0.9623654704439549
2021-08-27,CAC_40,^FCHI,Yahoo Finance,6681.919921875,0.0023809116117362475,0.23809116117362475,0.9099315792517427
2021-08-30,CAC_40,^FCHI,Yahoo Finance,6687.2998046875,0.0008048163188168531,0.0804816318816853,0.8604597715780323
2021-08-31,CAC_40,^FCHI,Yahoo Finance,6680.18017578125,-0.0010652164192300195,-0.10652164192300195,0.8163174723979062
2021-09-01,CAC_40,^FCHI,Yahoo Finance,6758.68994140625,0.0116841160169583,1.1684116016958301,0.7823610533927552
2021-09-02,CAC_40,^FCHI,Yahoo Finance,6763.080078125,0.0006493435203625605,0.06493435203625605,0.8486226369769121
2021-09-03,CAC_40,^FCHI,Yahoo Finance,6689.990234375,-0.010866004740075683,-1.0866004740075683,0.8062063838851173
2021-09-06,CAC_40,^FCHI,Yahoo Finance,6743.5,0.007966663570382232,0.7966663570382232,0.8902477686786641
2021-09-07,CAC_40,^FCHI,Yahoo Finance,6726.06982421875,-0.0025880834708036406,-0.25880834708036404,0.8809506627434738
2021-09-08,CAC_40,^FCHI,Yahoo Finance,6668.89013671875,-0.008537544715879058,-0.8537544715879058,0.8451151000121505
2021-09-09,CAC_40,^FCHI,Yahoo Finance,6684.72021484375,0.002370907211394639,0.2370907211394639,0.8800887815236947
2021-09-10,CAC_40,^FCHI,Yahoo Finance,6663.77001953125,-0.003138963605121975,-0.3138963605121975,0.834655129845381
2021-09-13,CAC_40,^FCHI,Yahoo Finance,6676.93017578125,0.0019729340028815977,0.19729340028815978,0.8095212384916569
2021-09-14,CAC_40,^FCHI,Yahoo Finance,6652.97021484375,-0.003594923598705484,-0.3594923598705484,0.7732111599666727
2021-09-15,CAC_40,^FCHI,Yahoo Finance,6583.6201171875,-0.010478639963890844,-1.0478639963890843,0.7616959248976959
2021-09-16,CAC_40,^FCHI,Yahoo Finance,6622.58984375,0.005901744677579821,0.5901744677579821,0.8500875032605679
2021-09-17,CAC_40,^FCHI,Yahoo Finance,6570.18994140625,-0.007943766021699019,-0.7943766021699019,0.8274961653624128
2021-09-20,CAC_40,^FCHI,Yahoo Finance,6455.81005859375,-0.01756223286743604,-1.756223286743604,0.857261290252132
2021-09-21,CAC_40,^FCHI,Yahoo Finance,6552.72998046875,0.014901244102119472,1.490124410211947,1.0723720331149216
2021-09-22,CAC_40,^FCHI,Yahoo Finance,6637.0,0.012778300438572993,1.2778300438572994,1.1273939973970095
2021-09-23,CAC_40,^FCHI,Yahoo Finance,6701.97998046875,0.009742948048801714,0.9742948048801714,1.1373958382035816
2021-09-24,CAC_40,^FCHI,Yahoo Finance,6638.4599609375,-0.009522999218752581,-0.9522999218752581,1.1068173557119996
2021-09-27,CAC_40,^FCHI,Yahoo Finance,6650.91015625,0.0018737079101875521,0.1873707910187552,1.1047545213804788
2021-09-28,CAC_40,^FCHI,Yahoo Finance,6506.5,-0.021952033669349617,-2.1952033669349618,1.0295616442592248
2021-09-29,CAC_40,^FCHI,Yahoo Finance,6560.7998046875,0.008310839735772414,0.8310839735772414,1.2935368660760276
2021-09-30,CAC_40,^FCHI,Yahoo Finance,6520.009765625,-0.0062366432377621885,-0.6236643237762188,1.2261613253318677
2021-10-01,CAC_40,^FCHI,Yahoo Finance,6517.68994140625,-0.0003558640397248598,-0.03558640397248598,1.1685708710922853
2021-10-04,CAC_40,^FCHI,Yahoo Finance,6477.66015625,-0.006160651534841678,-0.6160651534841678,1.0865479404540324
2021-10-05,CAC_40,^FCHI,Yahoo Finance,6576.27978515625,0.01510984509522669,1.510984509522669,1.0487311812281321
2021-10-06,CAC_40,^FCHI,Yahoo Finance,6493.1201171875,-0.01272603040827392,-1.2726030408273918,1.1127355890294244
2021-10-07,CAC_40,^FCHI,Yahoo Finance,6600.18994140625,0.016355254774147863,1.6355254774147863,1.1580627828194976
2021-10-08,CAC_40,^FCHI,Yahoo Finance,6559.990234375,-0.006109313326677291,-0.6109313326677291,1.2194329243805409
2021-10-11,CAC_40,^FCHI,Yahoo Finance,6570.5400390625,0.0016069125523369976,0.16069125523369976,1.1616807660476511
2021-10-12,CAC_40,^FCHI,Yahoo Finance,6548.10986328125,-0.0034195893336067926,-0.3419589333606793,1.0793720796701838
2021-10-13,CAC_40,^FCHI,Yahoo Finance,6597.3798828125,0.00749614524807618,0.749614524807618,1.0207691735821944
2021-10-14,CAC_40,^FCHI,Yahoo Finance,6685.2099609375,0.013225035070604041,1.322503507060404,0.9855495011930687
2021-10-15,CAC_40,^FCHI,Yahoo Finance,6727.52001953125,0.006308961560277824,0.6308961560277824,1.03125166129758
2021-10-18,CAC_40,^FCHI,Yahoo Finance,6673.10009765625,-0.008122045183206193,-0.8122045183206192,0.9845724799276875
2021-10-19,CAC_40,^FCHI,Yahoo Finance,6669.85009765625,-0.00048714864654356344,-0.048714864654356343,0.986069447468161
2021-10-20,CAC_40,^FCHI,Yahoo Finance,6705.60986328125,0.005347083529226869,0.5347083529226869,0.9270481966040928
2021-10-21,CAC_40,^FCHI,Yahoo Finance,6686.169921875,-0.0029032668357744477,-0.2903266835774448,0.8885504594475109
2021-10-22,CAC_40,^FCHI,Yahoo Finance,6733.68994140625,0.007082073677688362,0.7082073677688362,0.8535804468531947
2021-10-25,CAC_40,^FCHI,Yahoo Finance,6712.8701171875,-0.0030966791157783675,-0.30966791157783674,0.8412281119989586
2021-10-26,CAC_40,^FCHI,Yahoo Finance,6766.509765625,0.007958812948899274,0.7958812948899274,0.8147634816954916
2021-10-27,CAC_40,^FCHI,Yahoo Finance,6753.52001953125,-0.0019215564310270342,-0.19215564310270342,0.8189167668105575
2021-10-28,CAC_40,^FCHI,Yahoo Finance,6804.22021484375,0.007479186173466454,0.7479186173466454,0.7884950549745527
2021-10-29,CAC_40,^FCHI,Yahoo Finance,6830.33984375,0.003831390341313751,0.3831390341313751,0.7919459387054745
2021-11-01,CAC_40,^FCHI,Yahoo Finance,6893.2900390625,0.009174050503682522,0.9174050503682523,0.7645001294826674
2021-11-02,CAC_40,^FCHI,Yahoo Finance,6927.02978515625,0.004882638542803343,0.4882638542803343,0.7945804217972965
2021-11-03,CAC_40,^FCHI,Yahoo Finance,6950.64990234375,0.0034040474384234463,0.34040474384234465,0.7730682325382974
2021-11-04,CAC_40,^FCHI,Yahoo Finance,6987.7900390625,0.005329179560071228,0.5329179560071228,0.7464672358947619
2021-11-05,CAC_40,^FCHI,Yahoo Finance,7040.7900390625,0.007556039437859652,0.7556039437859652,0.73624591084792
2021-11-08,CAC_40,^FCHI,Yahoo Finance,7047.47998046875,0.0009497180136121621,0.0949718013612162,0.7505973825424962
2021-11-09,CAC_40,^FCHI,Yahoo Finance,7043.27001953125,-0.0005975496070499553,-0.05975496070499553,0.7221437315758666
2021-11-10,CAC_40,^FCHI,Yahoo Finance,7045.16015625,0.0002683246758520936,0.02683246758520936,0.7007581056482582
2021-11-11,CAC_40,^FCHI,Yahoo Finance,7059.5498046875,0.002040404016765687,0.2040404016765687,0.6805720656072272
2021-11-12,CAC_40,^FCHI,Yahoo Finance,7091.39990234375,0.004501486062515091,0.4501486062515091,0.6639511237154151
2021-11-15,CAC_40,^FCHI,Yahoo Finance,7128.6298828125,0.005236285169246482,0.5236285169246482,0.6617092530112438
2021-11-16,CAC_40,^FCHI,Yahoo Finance,7152.60009765625,0.0033568869608484177,0.33568869608484175,0.6658112689010829
2021-11-17,CAC_40,^FCHI,Yahoo Finance,7156.85009765625,0.0005940130566806565,0.059401305668065646,0.6562322800723078
2021-11-18,CAC_40,^FCHI,Yahoo Finance,7141.97998046875,-0.0020799075822216795,-0.20799075822216795,0.6427810223359968
2021-11-19,CAC_40,^FCHI,Yahoo Finance,7112.2900390625,-0.004165767072071455,-0.41657670720714546,0.6422237651812527
2021-11-22,CAC_40,^FCHI,Yahoo Finance,7105.0,-0.0010255174764491367,-0.10255174764491368,0.6606313418664685
2021-11-23,CAC_40,^FCHI,Yahoo Finance,7044.6201171875,-0.008534539981947937,-0.8534539981947937,0.650944080254311
2021-11-24,CAC_40,^FCHI,Yahoo Finance,7042.22998046875,-0.0003393429652642528,-0.03393429652642528,0.7326733996078582
2021-11-25,CAC_40,^FCHI,Yahoo Finance,7075.8701171875,0.004765542126927917,0.47655421269279175,0.7088604431868093
2021-11-26,CAC_40,^FCHI,Yahoo Finance,6739.72998046875,-0.04867055885206973,-4.867055885206973,0.7006820203829588
2021-11-29,CAC_40,^FCHI,Yahoo Finance,6776.25,0.00540398971570093,0.540398971570093,1.9858366558242015
2021-11-30,CAC_40,^FCHI,Yahoo Finance,6721.16015625,-0.008163069659212268,-0.8163069659212269,1.8202982038414133
2021-12-01,CAC_40,^FCHI,Yahoo Finance,6881.8701171875,0.023629652434513183,2.362965243451318,1.700358096528704
2021-12-02,CAC_40,^FCHI,Yahoo Finance,6795.75,-0.012593017579569155,-1.2593017579569155,1.7728312932761328
2021-12-03,CAC_40,^FCHI,Yahoo Finance,6765.52001953125,-0.004458289009359491,-0.4458289009359491,1.701275515636377
2021-12-06,CAC_40,^FCHI,Yahoo Finance,6865.77978515625,0.014710493505577236,1.4710493505577236,1.5720713394810053
2021-12-07,CAC_40,^FCHI,Yahoo Finance,7065.39013671875,0.02865861437757511,2.865861437757511,1.531260277008811
2021-12-08,CAC_40,^FCHI,Yahoo Finance,7014.56982421875,-0.0072188462659528935,-0.7218846265952894,1.7467006948339026
2021-12-09,CAC_40,^FCHI,Yahoo Finance,7008.22998046875,-0.0009042194526434679,-0.09042194526434678,1.6288558151912507
2021-12-10,CAC_40,^FCHI,Yahoo Finance,6991.68017578125,-0.002364274086326905,-0.2364274086326905,1.4955449558077
2021-12-13,CAC_40,^FCHI,Yahoo Finance,6942.91015625,-0.006999878361160733,-0.6999878361160733,1.3809276935594175
2021-12-14,CAC_40,^FCHI,Yahoo Finance,6895.31005859375,-0.006879538647612265,-0.6879538647612266,1.308500002995562
2021-12-15,CAC_40,^FCHI,Yahoo Finance,6927.6298828125,0.004676267603247467,0.4676267603247467,1.2450283445532122
2021-12-16,CAC_40,^FCHI,Yahoo Finance,7005.06982421875,0.011116401056363865,1.1116401056363865,1.160662316333731
2021-12-17,CAC_40,^FCHI,Yahoo Finance,6926.6298828125,-0.011260760988782297,-1.1260760988782297,1.1423719467684048
2021-12-20,CAC_40,^FCHI,Yahoo Finance,6870.10009765625,-0.008194710135315027,-0.8194710135315028,1.1584207527417902
2021-12-21,CAC_40,^FCHI,Yahoo Finance,6964.990234375,0.013717528747248046,1.3717528747248047,1.1309396324095815
2021-12-22,CAC_40,^FCHI,Yahoo Finance,7051.669921875,0.012368251995361011,1.236825199536101,1.1543154355579603
2021-12-23,CAC_40,^FCHI,Yahoo Finance,7106.14990234375,0.007696135429222603,0.7696135429222604,1.1535320108484444
2021-12-24,CAC_40,^FCHI,Yahoo Finance,7086.580078125,-0.002757726899356123,-0.27577268993561227,1.1005266427577578
2021-12-27,CAC_40,^FCHI,Yahoo Finance,7140.39013671875,0.007564550199523045,0.7564550199523046,1.0353580875186124
2021-12-28,CAC_40,^FCHI,Yahoo Finance,7181.10986328125,0.005686532317248189,0.5686532317248189,0.9985466158985566
2021-12-29,CAC_40,^FCHI,Yahoo Finance,7161.52001953125,-0.0027316965008436227,-0.2731696500843623,0.9520609481612893
2021-12-30,CAC_40,^FCHI,Yahoo Finance,7173.22998046875,0.0016337869223033226,0.16337869223033227,0.9068440588412657
2021-12-31,CAC_40,^FCHI,Yahoo Finance,7153.02978515625,-0.002820025467900324,-0.2820025467900324,0.856627887874192
2022-01-03,CAC_40,^FCHI,Yahoo Finance,7217.22021484375,0.00893385384761054,0.8933853847610539,0.8258939738027675
2022-01-04,CAC_40,^FCHI,Yahoo Finance,7317.41015625,0.013786594604738652,1.3786594604738653,0.8401413233006996
2022-01-05,CAC_40,^FCHI,Yahoo Finance,7376.3701171875,0.008025201993962283,0.8025201993962283,0.9305698103128102
2022-01-06,CAC_40,^FCHI,Yahoo Finance,7249.66015625,-0.017327070804954783,-1.7327070804954783,0.9150325528986581
2022-01-07,CAC_40,^FCHI,Yahoo Finance,7219.47998046875,-0.004171667322920678,-0.41716673229206774,1.105214290169902
2022-01-10,CAC_40,^FCHI,Yahoo Finance,7115.77001953125,-0.014469474947923786,-1.4469474947923786,1.0480651999412052
2022-01-11,CAC_40,^FCHI,Yahoo Finance,7183.3798828125,0.009456557569495386,0.9456557569495385,1.1396181229693365
2022-01-12,CAC_40,^FCHI,Yahoo Finance,7237.18994140625,0.007462993349232872,0.7462993349232871,1.1055768931557417
2022-01-13,CAC_40,^FCHI,Yahoo Finance,7201.14013671875,-0.0049936356081472745,-0.49936356081472744,1.0574714096146804
2022-01-14,CAC_40,^FCHI,Yahoo Finance,7143.0,-0.008106509634817294,-0.8106509634817294,1.013422015246002
2022-01-17,CAC_40,^FCHI,Yahoo Finance,7201.64013671875,0.008175940673923354,0.8175940673923354,1.0095002134206255
2022-01-18,CAC_40,^FCHI,Yahoo Finance,7133.830078125,-0.009460528791287356,-0.9460528791287356,0.9826267033306683
2022-01-19,CAC_40,^FCHI,Yahoo Finance,7172.97998046875,0.005472918128392723,0.5472918128392723,1.003158026380051
2022-01-20,CAC_40,^FCHI,Yahoo Finance,7194.16015625,0.0029484213174368014,0.2948421317436801,0.9545966146982463
2022-01-21,CAC_40,^FCHI,Yahoo Finance,7068.58984375,-0.01760860381644039,-1.7608603816440391,0.9006041210002836
2022-01-24,CAC_40,^FCHI,Yahoo Finance,6787.7900390625,-0.04053558798417405,-4.053558798417405,1.1021575800306616
2022-01-25,CAC_40,^FCHI,Yahoo Finance,6837.9599609375,0.007364020123073643,0.7364020123073644,1.8681362878390324
2022-01-26,CAC_40,^FCHI,Yahoo Finance,6981.9599609375,0.020840238230424035,2.0840238230424033,1.7238718262154376
2022-01-27,CAC_40,^FCHI,Yahoo Finance,7023.7998046875,0.005974680261903256,0.5974680261903256,1.7442850684195554
2022-01-28,CAC_40,^FCHI,Yahoo Finance,6965.8798828125,-0.008280425872582766,-0.8280425872582766,1.6074068496276683
2022-01-31,CAC_40,^FCHI,Yahoo Finance,6999.2001953125,0.0047719562713875825,0.47719562713875824,1.5156710504498347
2022-02-01,CAC_40,^FCHI,Yahoo Finance,7099.490234375,0.014227098779427417,1.4227098779427416,1.399790514666506
2022-02-02,CAC_40,^FCHI,Yahoo Finance,7115.27001953125,0.002220198069654666,0.2220198069654666,1.381167849429352
2022-02-03,CAC_40,^FCHI,Yahoo Finance,7005.6298828125,-0.015529086786428567,-1.5529086786428568,1.274026096115365
2022-02-04,CAC_40,^FCHI,Yahoo Finance,6951.3798828125,-0.007773910618585721,-0.7773910618585721,1.3326370376482204
2022-02-07,CAC_40,^FCHI,Yahoo Finance,7009.25,0.008290521149433513,0.8290521149433513,1.2741157532209348
2022-02-08,CAC_40,^FCHI,Yahoo Finance,7028.41015625,0.0027298236223256317,0.27298236223256317,1.2092390931026877
2022-02-09,CAC_40,^FCHI,Yahoo Finance,7130.8798828125,0.014474103605678692,1.4474103605678692,1.1228519520554263
2022-02-10,CAC_40,^FCHI,Yahoo Finance,7101.5498046875,-0.004121589958902008,-0.41215899589020083,1.1598681261236532
2022-02-11,CAC_40,^FCHI,Yahoo Finance,7011.60009765625,-0.012747108283428888,-1.2747108283428887,1.0949837586608393
2022-02-14,CAC_40,^FCHI,Yahoo Finance,6852.2001953125,-0.022996137196467058,-2.2996137196467057,1.144492932699214
2022-02-15,CAC_40,^FCHI,Yahoo Finance,6979.97021484375,0.018474852453214213,1.8474852453214212,1.3952935900317378
2022-02-16,CAC_40,^FCHI,Yahoo Finance,6964.97998046875,-0.0021499166277343163,-0.21499166277343162,1.442284182119016
2022-02-17,CAC_40,^FCHI,Yahoo Finance,6946.81982421875,-0.002610757316811046,-0.2610757316811046,1.3330200769591107
2022-02-18,CAC_40,^FCHI,Yahoo Finance,6929.6298828125,-0.0024775717942771267,-0.24775717942771266,1.2382694562800922
2022-02-21,CAC_40,^FCHI,Yahoo Finance,6788.33984375,-0.020599992320524087,-2.0599992320524088,1.1543973159269616
2022-02-22,CAC_40,^FCHI,Yahoo Finance,6787.60009765625,-0.00010897898748446202,-0.010897898748446202,1.345835365582438
2022-02-23,CAC_40,^FCHI,Yahoo Finance,6780.669921875,-0.0010215268967850456,-0.10215268967850455,1.2427179987114054
2022-02-24,CAC_40,^FCHI,Yahoo Finance,6521.0498046875,-0.03904052964095606,-3.9040529640956065,1.1533178638567496
2022-02-25,CAC_40,^FCHI,Yahoo Finance,6752.43017578125,0.034867090166039116,3.4867090166039114,1.8472708443375312
2022-02-28,CAC_40,^FCHI,Yahoo Finance,6658.830078125,-0.013958660955896318,-1.3958660955896318,2.112125162971202
2022-03-01,CAC_40,^FCHI,Yahoo Finance,6396.490234375,-0.0401943661164254,-4.01943661164254,2.0069609367800743
2022-03-02,CAC_40,^FCHI,Yahoo Finance,6498.02001953125,0.015748079058049713,1.5748079058049713,2.3982708515783338
2022-03-03,CAC_40,^FCHI,Yahoo Finance,6378.3701171875,-0.01858492092416769,-1.8584920924167692,2.251645848297183
2022-03-04,CAC_40,^FCHI,Yahoo Finance,6061.66015625,-0.0509288814543701,-5.09288814543701,2.1798512515952178
2022-03-07,CAC_40,^FCHI,Yahoo Finance,5982.27001953125,-0.013183617879212153,-1.3183617879212153,2.784396326564602
2022-03-08,CAC_40,^FCHI,Yahoo Finance,5962.9599609375,-0.0032331023255159157,-0.3233102325515916,2.5863364259732147
2022-03-09,CAC_40,^FCHI,Yahoo Finance,6387.830078125,0.06882763429594767,6.882763429594767,2.357793164957464
2022-03-10,CAC_40,^FCHI,Yahoo Finance,6207.2001953125,-0.028684689767613406,-2.8684689767613407,3.3276040768417023
2022-03-11,CAC_40,^FCHI,Yahoo Finance,6260.25,0.008510180353741084,0.8510180353741084,3.219518815638792
2022-03-14,CAC_40,^FCHI,Yahoo Finance,6369.93994140625,0.017369920772138885,1.7369920772138885,2.9358110636255472
2022-03-15,CAC_40,^FCHI,Yahoo Finance,6355.0,-0.002348136547540202,-0.23481365475402022,2.7361526268437903
2022-03-16,CAC_40,^FCHI,Yahoo Finance,6588.64013671875,0.036105070032910545,3.6105070032910547,2.490377392918523
2022-03-17,CAC_40,^FCHI,Yahoo Finance,6612.52001953125,0.0036178500338622777,0.36178500338622777,2.6197958137628743
2022-03-18,CAC_40,^FCHI,Yahoo Finance,6620.240234375,0.0011668337628039603,0.11668337628039603,2.3843136068491626
2022-03-21,CAC_40,^FCHI,Yahoo Finance,6582.330078125,-0.005742860601198375,-0.5742860601198375,2.1706398710676647
2022-03-22,CAC_40,^FCHI,Yahoo Finance,6659.41015625,0.011642117632752021,1.164211763275202,1.9951296380729615
2022-03-23,CAC_40,^FCHI,Yahoo Finance,6581.43017578125,-0.011778841840393945,-1.1778841840393945,1.8640812059520246
2022-03-24,CAC_40,^FCHI,Yahoo Finance,6555.77001953125,-0.003906492784022475,-0.39064927840224745,1.7707321144018666
2022-03-25,CAC_40,^FCHI,Yahoo Finance,6553.68017578125,-0.0003188301166818348,-0.031883011668183484,1.6311230658219302
2022-03-28,CAC_40,^FCHI,Yahoo Finance,6589.10986328125,0.005391514772501525,0.5391514772501524,1.4966447265548386
2022-03-29,CAC_40,^FCHI,Yahoo Finance,6792.16015625,0.030350763328124992,3.035076332812499,1.385473075131344
2022-03-30,CAC_40,^FCHI,Yahoo Finance,6741.58984375,-0.007473249891594712,-0.7473249891594712,1.6848049275450465
2022-03-31,CAC_40,^FCHI,Yahoo Finance,6659.8701171875,-0.012195796532147179,-1.2195796532147178,1.5765219403833513
2022-04-01,CAC_40,^FCHI,Yahoo Finance,6684.31005859375,0.003663015398709954,0.3663015398709954,1.5301477026301489
2022-04-04,CAC_40,^FCHI,Yahoo Finance,6731.3701171875,0.007015708633823618,0.7015708633823619,1.4091252938868526
2022-04-05,CAC_40,^FCHI,Yahoo Finance,6645.509765625,-0.012837303083254464,-1.2837303083254463,1.317188560152367
2022-04-06,CAC_40,^FCHI,Yahoo Finance,6498.830078125,-0.022319230666571464,-2.2319230666571466,1.3235957412353665
2022-04-07,CAC_40,^FCHI,Yahoo Finance,6461.68017578125,-0.005732799613621007,-0.5732799613621007,1.50442685498914
2022-04-08,CAC_40,^FCHI,Yahoo Finance,6548.22021484375,0.01330391669175882,1.330391669175882,1.4061350775062966
2022-04-11,CAC_40,^FCHI,Yahoo Finance,6555.81005859375,0.0011583985140984536,0.11583985140984536,1.374471235799237
2022-04-12,CAC_40,^FCHI,Yahoo Finance,6537.41015625,-0.0028106018464983166,-0.2810601846498317,1.2673463690967786
2022-04-13,CAC_40,^FCHI,Yahoo Finance,6542.14013671875,0.0007232635020311222,0.07232635020311222,1.1814031937578118
2022-04-14,CAC_40,^FCHI,Yahoo Finance,6589.35009765625,0.0071903742068536326,0.7190374206853632,1.096627958525151
2022-04-19,CAC_40,^FCHI,Yahoo Finance,6534.7900390625,-0.008314506297712848,-0.8314506297712848,1.0475273034586547
2022-04-20,CAC_40,^FCHI,Yahoo Finance,6624.91015625,0.013696592581623994,1.3696592581623994,1.0402051118990698
2022-04-21,CAC_40,^FCHI,Yahoo Finance,6715.10009765625,0.013521925980286545,1.3521925980286544,1.0819082784984038
2022-04-22,CAC_40,^FCHI,Yahoo Finance,6581.419921875,-0.020108220784701463,-2.0108220784701465,1.112097282114732
2022-04-25,CAC_40,^FCHI,Yahoo Finance,6449.3798828125,-0.020266531669049567,-2.0266531669049566,1.3050619495029914
2022-04-26,CAC_40,^FCHI,Yahoo Finance,6414.56982421875,-0.005412045966089864,-0.5412045966089865,1.4471565984944559
2022-04-27,CAC_40,^FCHI,Yahoo Finance,6445.259765625,0.004773002543389482,0.4773002543389482,1.3538566892211945
2022-04-28,CAC_40,^FCHI,Yahoo Finance,6508.14013671875,0.00970878155459604,0.9708781554596041,1.2567948592578957
2022-04-29,CAC_40,^FCHI,Yahoo Finance,6533.77001953125,0.003930392940851114,0.39303929408511135,1.2075140454930142
2022-05-02,CAC_40,^FCHI,Yahoo Finance,6425.60986328125,-0.016692568427167976,-1.6692568427167975,1.1247465607850213
2022-05-03,CAC_40,^FCHI,Yahoo Finance,6476.18017578125,0.007839310875308245,0.7839310875308245,1.2406444053257446
2022-05-04,CAC_40,^FCHI,Yahoo Finance,6395.68017578125,-0.01250806757206788,-1.250806757206788,1.176646508777384
2022-05-05,CAC_40,^FCHI,Yahoo Finance,6368.39990234375,-0.00427454462972131,-0.42745446297213097,1.2051659075291015
2022-05-06,CAC_40,^FCHI,Yahoo Finance,6258.35986328125,-0.01743009719262494,-1.7430097192624938,1.1352985494314674
2022-05-09,CAC_40,^FCHI,Yahoo Finance,6086.02001953125,-0.027923807203312154,-2.792380720331215,1.2634623933324414
2022-05-10,CAC_40,^FCHI,Yahoo Finance,6116.91015625,0.005062751692205275,0.5062751692205275,1.5966004606869686
2022-05-11,CAC_40,^FCHI,Yahoo Finance,6269.72998046875,0.02467619580002551,2.467619580002551,1.4726305758954603
2022-05-12,CAC_40,^FCHI,Yahoo Finance,6206.259765625,-0.010174866076793248,-1.0174866076793248,1.6185767712615091
2022-05-13,CAC_40,^FCHI,Yahoo Finance,6362.68017578125,0.024891277544882774,2.4891277544882775,1.5432472319204737
2022-05-16,CAC_40,^FCHI,Yahoo Finance,6347.77001953125,-0.002346126669010601,-0.23461266690106009,1.675827191813897
2022-05-17,CAC_40,^FCHI,Yahoo Finance,6430.18994140625,0.012900504489207558,1.2900504489207558,1.54095948132222
2022-05-18,CAC_40,^FCHI,Yahoo Finance,6352.93994140625,-0.012086389030080415,-1.2086389030080416,1.4834348821289258
2022-05-19,CAC_40,^FCHI,Yahoo Finance,6272.7099609375,-0.012709216715172339,-1.2709216715172338,1.4506007620565062
2022-05-20,CAC_40,^FCHI,Yahoo Finance,6285.240234375,0.001995592815863671,0.1995592815863671,1.431441149576749
2022-05-23,CAC_40,^FCHI,Yahoo Finance,6358.740234375,0.011626216615785716,1.1626216615785716,1.3183951986964273
2022-05-24,CAC_40,^FCHI,Yahoo Finance,6253.14013671875,-0.016746521924487386,-1.6746521924487385,1.2805197117652283
2022-05-25,CAC_40,^FCHI,Yahoo Finance,6298.64013671875,0.007249999332055937,0.7249999332055936,1.3595732476120455
2022-05-26,CAC_40,^FCHI,Yahoo Finance,6410.580078125,0.017616003861657292,1.7616003861657292,1.2754391661461522
2022-05-27,CAC_40,^FCHI,Yahoo Finance,6515.75,0.016272560261972276,1.6272560261972275,1.3331277823861143
2022-05-30,CAC_40,^FCHI,Yahoo Finance,6562.39013671875,0.0071325637987956275,0.7132563798795627,1.3565679006290903
2022-05-31,CAC_40,^FCHI,Yahoo Finance,6468.7998046875,-0.014364296994814691,-1.4364296994814691,1.2720219610070678
2022-06-01,CAC_40,^FCHI,Yahoo Finance,6418.89013671875,-0.007745362854762894,-0.7745362854762894,1.3112037544106705
2022-06-02,CAC_40,^FCHI,Yahoo Finance,6500.43994140625,0.012624631047847201,1.2624631047847201,1.2555081639103056
2022-06-03,CAC_40,^FCHI,Yahoo Finance,6485.2998046875,-0.0023318107208297584,-0.23318107208297584,1.240322721622132
2022-06-06,CAC_40,^FCHI,Yahoo Finance,6548.77978515625,0.009740692766409275,0.9740692766409275,1.1555841516867882
2022-06-07,CAC_40,^FCHI,Yahoo Finance,6500.35009765625,-0.007422703321014588,-0.7422703321014589,1.1221010407522685
2022-06-08,CAC_40,^FCHI,Yahoo Finance,6448.6298828125,-0.007988349655306983,-0.7988349655306983,1.0917792041663095
2022-06-09,CAC_40,^FCHI,Yahoo Finance,6358.4599609375,-0.014081483450074107,-1.4081483450074106,1.0728562271635547
2022-06-10,CAC_40,^FCHI,Yahoo Finance,6187.22998046875,-0.027298716101258703,-2.7298716101258704,1.1510845988508824
2022-06-13,CAC_40,^FCHI,Yahoo Finance,6022.31982421875,-0.02701494947073235,-2.701494947073235,1.5088668352178594
2022-06-14,CAC_40,^FCHI,Yahoo Finance,5949.83984375,-0.012108235773180431,-1.2108235773180431,1.7414804855910522
2022-06-15,CAC_40,^FCHI,Yahoo Finance,6030.1298828125,0.013404247766886887,1.3404247766886888,1.6690997479708065
2022-06-16,CAC_40,^FCHI,Yahoo Finance,5886.240234375,-0.024151086428222873,-2.4151086428222874,1.5982056825652602
2022-06-17,CAC_40,^FCHI,Yahoo Finance,5882.64990234375,-0.000610139461057478,-0.0610139461057478,1.745005068038472
2022-06-20,CAC_40,^FCHI,Yahoo Finance,5920.08984375,0.006344301033808091,0.6344301033808091,1.598673844740504
2022-06-21,CAC_40,^FCHI,Yahoo Finance,5964.66015625,0.007500455869671963,0.7500455869671964,1.4801386636281673
2022-06-22,CAC_40,^FCHI,Yahoo Finance,5916.6298828125,-0.008085070714996008,-0.8085070714996009,1.3825003340749016
2022-06-23,CAC_40,^FCHI,Yahoo Finance,5883.330078125,-0.005644068826711059,-0.564406882671106,1.3198530112855895
2022-06-24,CAC_40,^FCHI,Yahoo Finance,6073.35009765625,0.03178742205866742,3.178742205866742,1.244604039871407
2022-06-27,CAC_40,^FCHI,Yahoo Finance,6047.31005859375,-0.004296808720090534,-0.4296808720090534,1.6299738419268481
2022-06-28,CAC_40,^FCHI,Yahoo Finance,6086.02001953125,0.006380786152853427,0.6380786152853427,1.5081798685508672
2022-06-29,CAC_40,^FCHI,Yahoo Finance,6031.47998046875,-0.009001924054415522,-0.9001924054415522,1.400475475140737
2022-06-30,CAC_40,^FCHI,Yahoo Finance,5922.85986328125,-0.018172999593217182,-1.8172999593217183,1.3445184748410541
2022-07-01,CAC_40,^FCHI,Yahoo Finance,5931.06005859375,0.0013835417608021696,0.13835417608021697,1.4353620258202688
2022-07-04,CAC_40,^FCHI,Yahoo Finance,5954.64990234375,0.003969451518177206,0.39694515181772055,1.3214685683623077
2022-07-05,CAC_40,^FCHI,Yahoo Finance,5794.9599609375,-0.027183843015654595,-2.7183843015654596,1.2252157404247521
2022-07-06,CAC_40,^FCHI,Yahoo Finance,5912.3798828125,0.020059870283335654,2.0059870283335655,1.5529486418638678
2022-07-07,CAC_40,^FCHI,Yahoo Finance,6006.7001953125,0.015827107593724982,1.5827107593724983,1.5942718444136437
2022-07-08,CAC_40,^FCHI,Yahoo Finance,6033.1298828125,0.004390382552275882,0.4390382552275882,1.5642670934868972
2022-07-11,CAC_40,^FCHI,Yahoo Finance,5996.2998046875,-0.006123348182175756,-0.6123348182175756,1.4415569844332157
2022-07-12,CAC_40,^FCHI,Yahoo Finance,6044.2001953125,0.007956587073351585,0.7956587073351584,1.3540192598673702
2022-07-13,CAC_40,^FCHI,Yahoo Finance,6000.240234375,-0.007299659356463495,-0.7299659356463495,1.2757070265729904
2022-07-14,CAC_40,^FCHI,Yahoo Finance,5915.41015625,-0.014238670746712371,-1.4238670746712372,1.2208204667435278
2022-07-15,CAC_40,^FCHI,Yahoo Finance,6036.0,0.020180704163301755,2.0180704163301755,1.2686197196749136
2022-07-18,CAC_40,^FCHI,Yahoo Finance,6091.91015625,0.009220146193546256,0.9220146193546256,1.3754360960863088
2022-07-19,CAC_40,^FCHI,Yahoo Finance,6201.22021484375,0.01778439443334308,1.7784394433343078,1.304618910274868
2022-07-20,CAC_40,^FCHI,Yahoo Finance,6184.66015625,-0.002674023640658978,-0.2674023640658978,1.358937885838451
2022-07-21,CAC_40,^FCHI,Yahoo Finance,6201.10986328125,0.0026562283454510567,0.26562283454510566,1.2613693848381864
2022-07-22,CAC_40,^FCHI,Yahoo Finance,6216.81982421875,0.0025302074845070725,0.25302074845070727,1.1686875098194165
2022-07-25,CAC_40,^FCHI,Yahoo Finance,6237.5498046875,0.003328952043407197,0.33289520434071973,1.0867483141698622
2022-07-26,CAC_40,^FCHI,Yahoo Finance,6211.4501953125,-0.004193051267502297,-0.4193051267502297,1.016869167409436
2022-07-27,CAC_40,^FCHI,Yahoo Finance,6257.93994140625,0.007456653612218346,0.7456653612218346,0.9723032017204121
2022-07-28,CAC_40,^FCHI,Yahoo Finance,6339.2099609375,0.012903100735009039,1.2903100735009039,0.9442270062232891
2022-07-29,CAC_40,^FCHI,Yahoo Finance,6448.5,0.017093396777385625,1.7093396777385625,0.9936597830719982
2022-08-01,CAC_40,^FCHI,Yahoo Finance,6436.85986328125,-0.0018067232904032723,-0.18067232904032723,1.1091195001023308
2022-08-02,CAC_40,^FCHI,Yahoo Finance,6409.7998046875,-0.004212783605065945,-0.42127836050659445,1.0385325483666505
2022-08-03,CAC_40,^FCHI,Yahoo Finance,6472.06005859375,0.00966642074429021,0.966642074429021,0.9910073396318458
2022-08-04,CAC_40,^FCHI,Yahoo Finance,6513.39013671875,0.006365619530319028,0.6365619530319028,0.9840066911352437
2022-08-05,CAC_40,^FCHI,Yahoo Finance,6472.35009765625,-0.006320806509246973,-0.6320806509246972,0.9446311754950499
2022-08-08,CAC_40,^FCHI,Yahoo Finance,6524.43994140625,0.008015844298040819,0.8015844298040818,0.931284793041934
2022-08-09,CAC_40,^FCHI,Yahoo Finance,6490.0,-0.0052925860742441865,-0.5292586074244187,0.9155273590868924
2022-08-10,CAC_40,^FCHI,Yahoo Finance,6523.43994140625,0.005139304466666651,0.5139304466666651,0.8961690587768156
2022-08-11,CAC_40,^FCHI,Yahoo Finance,6544.669921875,0.0032491308027964814,0.32491308027964816,0.8608219279702679
2022-08-12,CAC_40,^FCHI,Yahoo Finance,6553.85986328125,0.0014032022012977772,0.1403202201297777,0.8206894536929007
2022-08-15,CAC_40,^FCHI,Yahoo Finance,6569.9501953125,0.002452083658880223,0.24520836588802228,0.7821415550805032
2022-08-16,CAC_40,^FCHI,Yahoo Finance,6592.580078125,0.003438534178376102,0.3438534178376102,0.7508358747780014
2022-08-17,CAC_40,^FCHI,Yahoo Finance,6528.31982421875,-0.009795176881744097,-0.9795176881744097,0.7278211755817304
2022-08-18,CAC_40,^FCHI,Yahoo Finance,6557.39990234375,0.004444558893747679,0.4444558893747679,0.8122940140475438
2022-08-19,CAC_40,^FCHI,Yahoo Finance,6495.830078125,-0.009433723442874468,-0.9433723442874468,0.7851616616829192
2022-08-22,CAC_40,^FCHI,Yahoo Finance,6378.740234375,-0.01818982216045215,-1.818982216045215,0.8484910436719286
2022-08-23,CAC_40,^FCHI,Yahoo Finance,6362.02001953125,-0.0026246823751918708,-0.2624682375191871,1.0822201198474826
2022-08-24,CAC_40,^FCHI,Yahoo Finance,6386.759765625,0.003881120792017616,0.3881120792017616,1.0187585695222408
2022-08-25,CAC_40,^FCHI,Yahoo Finance,6381.56005859375,-0.0008144700932111492,-0.08144700932111491,0.9596131157602373
2022-08-26,CAC_40,^FCHI,Yahoo Finance,6274.259765625,-0.01695707833440334,-1.695707833440334,0.9049205092903597
2022-08-29,CAC_40,^FCHI,Yahoo Finance,6222.27978515625,-0.008319147879940553,-0.8319147879940554,1.0897161912460138
2022-08-30,CAC_40,^FCHI,Yahoo Finance,6210.22021484375,-0.001940007897818394,-0.1940007897818394,1.0751371458204808
2022-08-31,CAC_40,^FCHI,Yahoo Finance,6125.10009765625,-0.013801257872401614,-1.3801257872401613,1.0094171300981576
2022-09-01,CAC_40,^FCHI,Yahoo Finance,6034.31005859375,-0.01493357410583825,-1.493357410583825,1.0977637025009261
2022-09-02,CAC_40,^FCHI,Yahoo Finance,6167.509765625,0.021833628155107466,2.1833628155107467,1.1859910579224366
2022-09-05,CAC_40,^FCHI,Yahoo Finance,6093.22021484375,-0.012118439938979588,-1.2118439938979588,1.3485929561336707
2022-09-06,CAC_40,^FCHI,Yahoo Finance,6104.60986328125,0.0018674881802221745,0.18674881802221743,1.3390292494447118
2022-09-07,CAC_40,^FCHI,Yahoo Finance,6105.919921875,0.00021457850262465592,0.02145785026246559,1.2362791738377643
2022-09-08,CAC_40,^FCHI,Yahoo Finance,6125.89990234375,0.0032668889054409626,0.3266888905440963,1.1454198542666412
2022-09-09,CAC_40,^FCHI,Yahoo Finance,6212.330078125,0.014010370968705816,1.4010370968705816,1.0680732903388215
2022-09-12,CAC_40,^FCHI,Yahoo Finance,6333.58984375,0.019331151883871002,1.9331151883871003,1.109006373053322
2022-09-13,CAC_40,^FCHI,Yahoo Finance,6245.68994140625,-0.013975574839506797,-1.3975574839506797,1.2396066500653014
2022-09-14,CAC_40,^FCHI,Yahoo Finance,6222.41015625,-0.003734299857547818,-0.3734299857547818,1.2790534828306181
2022-09-15,CAC_40,^FCHI,Yahoo Finance,6157.83984375,-0.010431275297080666,-1.0431275297080667,1.1963996470131049
2022-09-16,CAC_40,^FCHI,Yahoo Finance,6077.2998046875,-0.013165555068351627,-1.3165555068351626,1.190593707046009
2022-09-19,CAC_40,^FCHI,Yahoo Finance,6061.58984375,-0.00258837013325525,-0.258837013325525,1.2268502790599645
2022-09-20,CAC_40,^FCHI,Yahoo Finance,5979.47021484375,-0.013640144924685968,-1.3640144924685969,1.1448683983965526
2022-09-21,CAC_40,^FCHI,Yahoo Finance,6031.330078125,0.008635592016620227,0.8635592016620227,1.1987980056849334
2022-09-22,CAC_40,^FCHI,Yahoo Finance,5918.5,-0.018884524807279028,-1.8884524807279028,1.1476351297370075
2022-09-23,CAC_40,^FCHI,Yahoo Finance,5783.41015625,-0.02308953727383677,-2.308953727383677,1.3030998606434845
2022-09-26,CAC_40,^FCHI,Yahoo Finance,5769.39013671875,-0.0024271217468114785,-0.24271217468114786,1.5069144684403113
2022-09-27,CAC_40,^FCHI,Yahoo Finance,5753.81982421875,-0.002702427887500827,-0.27024278875008273,1.3912230540196466
2022-09-28,CAC_40,^FCHI,Yahoo Finance,5765.009765625,0.0019428961664890824,0.19428961664890826,1.2899594437247401
2022-09-29,CAC_40,^FCHI,Yahoo Finance,5676.8701171875,-0.015406802519487601,-1.5406802519487601,1.192904492365791
2022-09-30,CAC_40,^FCHI,Yahoo Finance,5762.33984375,0.014943569944226307,1.4943569944226307,1.2674787815165267
2022-10-03,CAC_40,^FCHI,Yahoo Finance,5794.14990234375,0.005505155913408895,0.5505155913408895,1.2830316330332316
2022-10-04,CAC_40,^FCHI,Yahoo Finance,6039.68994140625,0.0415039054165161,4.15039054165161,1.1979747403023193
2022-10-05,CAC_40,^FCHI,Yahoo Finance,5985.4599609375,-0.009019488080896781,-0.9019488080896781,1.880695032323304
2022-10-06,CAC_40,^FCHI,Yahoo Finance,5936.419921875,-0.008226943425143202,-0.8226943425143203,1.7599342292575126
2022-10-07,CAC_40,^FCHI,Yahoo Finance,5866.93994140625,-0.01177305170611609,-1.177305170611609,1.6480492779806555
2022-10-10,CAC_40,^FCHI,Yahoo Finance,5840.5498046875,-0.004508256165580968,-0.4508256165580968,1.5857263300399311
2022-10-11,CAC_40,^FCHI,Yahoo Finance,5833.2001953125,-0.0012591687068972263,-0.12591687068972263,1.470186135186448
2022-10-12,CAC_40,^FCHI,Yahoo Finance,5818.47021484375,-0.0025283908310713464,-0.25283908310713465,1.35517270959977
2022-10-13,CAC_40,^FCHI,Yahoo Finance,5879.18994140625,0.01038160984398329,1.038160984398329,1.2574539824570807
2022-10-14,CAC_40,^FCHI,Yahoo Finance,5931.919921875,0.00892893748471262,0.892893748471262,1.2150981191949974
2022-10-17,CAC_40,^FCHI,Yahoo Finance,6040.66015625,0.018165378528777573,1.8165378528777574,1.1643170972358252
2022-10-18,CAC_40,^FCHI,Yahoo Finance,6067.0,0.004350945593577991,0.43509455935779906,1.2575571530793554
2022-10-19,CAC_40,^FCHI,Yahoo Finance,6040.72021484375,-0.004341003253893953,-0.4341003253893953,1.1703108545137324
2022-10-20,CAC_40,^FCHI,Yahoo Finance,6086.89990234375,0.007615659172813701,0.7615659172813701,1.1055165360152377
2022-10-21,CAC_40,^FCHI,Yahoo Finance,6035.39013671875,-0.008498406732408323,-0.8498406732408323,1.0587355138523205
2022-10-24,CAC_40,^FCHI,Yahoo Finance,6131.35986328125,0.015776064602309833,1.5776064602309834,1.051780653488593
2022-10-25,CAC_40,^FCHI,Yahoo Finance,6250.5498046875,0.019252865880304632,1.9252865880304633,1.1271180777816536
2022-10-26,CAC_40,^FCHI,Yahoo Finance,6276.31005859375,0.004112808876132615,0.41128088761326154,1.251295999534097
2022-10-27,CAC_40,^FCHI,Yahoo Finance,6244.02978515625,-0.0051564646592148315,-0.5156464659214831,1.1638943326203774
2022-10-28,CAC_40,^FCHI,Yahoo Finance,6273.0498046875,0.004636875769404059,0.4636875769404059,1.106006553263681
2022-10-31,CAC_40,^FCHI,Yahoo Finance,6266.77001953125,-0.0010015751054233022,-0.10015751054233023,1.0389084557701709
2022-11-01,CAC_40,^FCHI,Yahoo Finance,6328.25,0.009762663128012125,0.9762663128012125,0.974460347040819
2022-11-02,CAC_40,^FCHI,Yahoo Finance,6276.8798828125,-0.008150713568025134,-0.8150713568025134,0.971599460470665
2022-11-03,CAC_40,^FCHI,Yahoo Finance,6243.27978515625,-0.005367372176047104,-0.5367372176047104,0.9758651306988957
2022-11-04,CAC_40,^FCHI,Yahoo Finance,6416.43994140625,0.02735778674048637,2.7357786740486367,0.9475407672268569
2022-11-07,CAC_40,^FCHI,Yahoo Finance,6416.60986328125,2.648191623902242e-05,0.002648191623902242,1.3298428457982692
2022-11-08,CAC_40,^FCHI,Yahoo Finance,6441.5,0.003871512698591652,0.3871512698591652,1.2283804183647282
2022-11-09,CAC_40,^FCHI,Yahoo Finance,6430.56982421875,-0.001698278296736115,-0.16982782967361149,1.1428775575891128
2022-11-10,CAC_40,^FCHI,Yahoo Finance,6556.830078125,0.01944411241696211,1.944411241696211,1.0676558260321336
2022-11-11,CAC_40,^FCHI,Yahoo Finance,6594.6201171875,0.005746916501071923,0.5746916501071923,1.2119465062366286
2022-11-14,CAC_40,^FCHI,Yahoo Finance,6609.169921875,0.002203883965681905,0.22038839656819048,1.137166312417073
2022-11-15,CAC_40,^FCHI,Yahoo Finance,6641.66015625,0.004903888932872604,0.49038889328726043,1.0584689196650412
2022-11-16,CAC_40,^FCHI,Yahoo Finance,6607.22021484375,-0.005198932742146469,-0.5198932742146469,0.9989677652274129
2022-11-17,CAC_40,^FCHI,Yahoo Finance,6576.1201171875,-0.004718099444424528,-0.47180994444245283,0.965480280079588
2022-11-18,CAC_40,^FCHI,Yahoo Finance,6644.4599609375,0.010338495293068585,1.0338495293068584,0.9328357046655097
2022-11-21,CAC_40,^FCHI,Yahoo Finance,6634.4501953125,-0.0015076188336485817,-0.15076188336485816,0.9453175419736607
2022-11-22,CAC_40,^FCHI,Yahoo Finance,6657.52978515625,0.003472712578883279,0.3472712578883279,0.8949510268558711
2022-11-23,CAC_40,^FCHI,Yahoo Finance,6679.08984375,0.0032332147088969163,0.32332147088969165,0.8508846094818989
2022-11-24,CAC_40,^FCHI,Yahoo Finance,6707.31982421875,0.0042177137885058,0.42177137885058,0.8121065133947288
2022-11-25,CAC_40,^FCHI,Yahoo Finance,6712.47998046875,0.0007690362865941845,0.07690362865941845,0.7836716752237856
2022-11-28,CAC_40,^FCHI,Yahoo Finance,6665.2001953125,-0.007068487419370823,-0.7068487419370822,0.7504071726465473
2022-11-29,CAC_40,^FCHI,Yahoo Finance,6668.97021484375,0.000565467444279079,0.0565467444279079,0.7837524946165766
2022-11-30,CAC_40,^FCHI,Yahoo Finance,6738.5498046875,0.01037928183423737,1.037928183423737,0.7506265612583629
2022-12-01,CAC_40,^FCHI,Yahoo Finance,6753.97021484375,0.0022857726870767767,0.22857726870767767,0.8023294048296044
2022-12-02,CAC_40,^FCHI,Yahoo Finance,6742.25,-0.0017368148419886482,-0.1736814841988648,0.7676667797643854
2022-12-05,CAC_40,^FCHI,Yahoo Finance,6696.9599609375,-0.006740010855704252,-0.6740010855704252,0.7441073576614613
2022-12-06,CAC_40,^FCHI,Yahoo Finance,6687.7900390625,-0.0013702046447905988,-0.13702046447905988,0.7740795998351332
2022-12-07,CAC_40,^FCHI,Yahoo Finance,6660.58984375,-0.00407543585049624,-0.407543585049624,0.7477207418862256
2022-12-08,CAC_40,^FCHI,Yahoo Finance,6647.31005859375,-0.0019957753907999805,-0.19957753907999803,0.7450403272251482
2022-12-09,CAC_40,^FCHI,Yahoo Finance,6677.64013671875,0.004552381819205899,0.45523818192058985,0.7265170125143883
2022-12-12,CAC_40,^FCHI,Yahoo Finance,6650.5498046875,-0.004065123539880131,-0.40651235398801316,0.7138145421071072
2022-12-13,CAC_40,^FCHI,Yahoo Finance,6744.97998046875,0.014098992953482088,1.4098992953482088,0.7172117757336296
2022-12-14,CAC_40,^FCHI,Yahoo Finance,6730.7900390625,-0.0021059941851633277,-0.21059941851633276,0.8489165275864425
2022-12-15,CAC_40,^FCHI,Yahoo Finance,6522.77001953125,-0.031393392078238554,-3.1393392078238556,0.8150194308136621
2022-12-16,CAC_40,^FCHI,Yahoo Finance,6452.6298828125,-0.010811353860636246,-1.0811353860636246,1.4445108946346705
2022-12-19,CAC_40,^FCHI,Yahoo Finance,6473.2900390625,0.003196704601076851,0.3196704601076851,1.4021755223443468
2022-12-20,CAC_40,^FCHI,Yahoo Finance,6450.43017578125,-0.0035376635739982343,-0.35376635739982343,1.2944148342683308
2022-12-21,CAC_40,^FCHI,Yahoo Finance,6580.240234375,0.019924431950880433,1.9924431950880432,1.2087658761029565
2022-12-22,CAC_40,^FCHI,Yahoo Finance,6517.97021484375,-0.009508243726505682,-0.9508243726505682,1.3254459640449971
2022-12-23,CAC_40,^FCHI,Yahoo Finance,6504.89990234375,-0.0020072866842655314,-0.20072866842655315,1.2865081623573886
2022-12-27,CAC_40,^FCHI,Yahoo Finance,6550.66015625,0.007010107738787762,0.7010107738787762,1.1949491064655113
2022-12-28,CAC_40,^FCHI,Yahoo Finance,6510.490234375,-0.006151073577490232,-0.6151073577490231,1.1307456986721391
2022-12-29,CAC_40,^FCHI,Yahoo Finance,6573.47021484375,0.009627125844038648,0.9627125844038649,1.0861954098813162
2022-12-30,CAC_40,^FCHI,Yahoo Finance,6473.759765625,-0.015284836798084352,-1.5284836798084351,1.0625853087880996
2023-01-02,CAC_40,^FCHI,Yahoo Finance,6594.56982421875,0.018489509227697855,1.8489509227697856,1.1663567056859265
2023-01-03,CAC_40,^FCHI,Yahoo Finance,6623.89013671875,0.004436274826757168,0.44362748267571683,1.265343735022818
2023-01-04,CAC_40,^FCHI,Yahoo Finance,6776.43017578125,0.02276760923927018,2.276760923927018,1.177497505113087
2023-01-05,CAC_40,^FCHI,Yahoo Finance,6761.5,-0.0022056816131228664,-0.22056816131228665,1.3631308289171247
2023-01-06,CAC_40,^FCHI,Yahoo Finance,6860.9501953125,0.014601185650779204,1.4601185650779205,1.2632397953421735
2023-01-09,CAC_40,^FCHI,Yahoo Finance,6907.35986328125,0.006741545409955759,0.6741545409955759,1.2744320943404301
2023-01-10,CAC_40,^FCHI,Yahoo Finance,6869.14013671875,-0.005548553640849728,-0.5548553640849728,1.197819023078981
2023-01-11,CAC_40,^FCHI,Yahoo Finance,6924.18994140625,0.007982132909800745,0.7982132909800744,1.1383673220079584
2023-01-12,CAC_40,^FCHI,Yahoo Finance,6975.68017578125,0.007408769933106091,0.7408769933106091,1.090037047430882
2023-01-13,CAC_40,^FCHI,Yahoo Finance,7023.5,0.00683183009475828,0.683183009475828,1.0437230808760158
2023-01-16,CAC_40,^FCHI,Yahoo Finance,7043.31005859375,0.0028165691592383158,0.2816569159238316,0.9993320878183949
2023-01-17,CAC_40,^FCHI,Yahoo Finance,7077.16015625,0.004794480917987845,0.4794480917987845,0.9391090894269535
2023-01-18,CAC_40,^FCHI,Yahoo Finance,7083.39013671875,0.0008799066055786597,0.08799066055786596,0.8953761388703446
2023-01-19,CAC_40,^FCHI,Yahoo Finance,6951.8701171875,-0.018741920981182637,-1.8741920981182638,0.8464552550467724
2023-01-20,CAC_40,^FCHI,Yahoo Finance,6995.990234375,0.0063264562779963415,0.6326456277996342,1.0948641726692063
2023-01-23,CAC_40,^FCHI,Yahoo Finance,7032.02001953125,0.0051368460289284296,0.513684602892843,1.0393720853008972
2023-01-24,CAC_40,^FCHI,Yahoo Finance,7050.47998046875,0.002621689545298839,0.2621689545298839,0.9837461582633323
2023-01-25,CAC_40,^FCHI,Yahoo Finance,7043.8798828125,-0.0009365587657344019,-0.09365587657344018,0.925056105684501
2023-01-26,CAC_40,^FCHI,Yahoo Finance,7095.990234375,0.0073707307139191155,0.7370730713919116,0.8753639128326127
2023-01-27,CAC_40,^FCHI,Yahoo Finance,7097.2099609375,0.00017187477788210492,0.017187477788210493,0.8622576879443015
2023-01-30,CAC_40,^FCHI,Yahoo Finance,7082.009765625,-0.0021440109439437383,-0.21440109439437383,0.8184917266063498
2023-01-31,CAC_40,^FCHI,Yahoo Finance,7082.419921875,5.7913556586925826e-05,0.005791355658692583,0.789362130136307
2023-02-01,CAC_40,^FCHI,Yahoo Finance,7077.10986328125,-0.0007500332176634094,-0.07500332176634095,0.7561288020160941
2023-02-02,CAC_40,^FCHI,Yahoo Finance,7166.27001953125,0.012519685858216363,1.2519685858216363,0.7300066507026044
2023-02-03,CAC_40,^FCHI,Yahoo Finance,7233.93994140625,0.009398532407297667,0.9398532407297667,0.8254403404794038
2023-02-06,CAC_40,^FCHI,Yahoo Finance,7137.10009765625,-0.013477286166139054,-1.3477286166139053,0.8460659040806313
2023-02-07,CAC_40,^FCHI,Yahoo Finance,7132.35009765625,-0.0006657579809216604,-0.06657579809216604,0.9714427161423047
2023-02-08,CAC_40,^FCHI,Yahoo Finance,7119.830078125,-0.0017569273749549214,-0.17569273749549214,0.914776759048694
2023-02-09,CAC_40,^FCHI,Yahoo Finance,7188.35986328125,0.009579172412949548,0.9579172412949548,0.869683692809159
2023-02-10,CAC_40,^FCHI,Yahoo Finance,7129.72998046875,-0.008189669313082619,-0.8189669313082619,0.8840095092563773
2023-02-13,CAC_40,^FCHI,Yahoo Finance,7208.58984375,0.01099998596972332,1.0999985969723318,0.9057314189286607
2023-02-14,CAC_40,^FCHI,Yahoo Finance,7213.81005859375,0.0007239038033977073,0.07239038033977073,0.9331383984049288
2023-02-15,CAC_40,^FCHI,Yahoo Finance,7300.85986328125,0.011994878128083867,1.1994878128083868,0.8792567535591093
2023-02-16,CAC_40,^FCHI,Yahoo Finance,7366.16015625,0.008904429713295789,0.890442971329579,0.9280704605769885
2023-02-17,CAC_40,^FCHI,Yahoo Finance,7347.72021484375,-0.002506470162199739,-0.25064701621997393,0.9229355035939638
2023-02-20,CAC_40,^FCHI,Yahoo Finance,7335.60986328125,-0.0016495378424460417,-0.16495378424460416,0.8805416571353345
2023-02-21,CAC_40,^FCHI,Yahoo Finance,7308.64990234375,-0.0036819875947388878,-0.3681987594738888,0.8397787172219857
2023-02-22,CAC_40,^FCHI,Yahoo Finance,7299.259765625,-0.0012856237785611898,-0.128562377856119,0.8180338211682382
2023-02-23,CAC_40,^FCHI,Yahoo Finance,7317.43017578125,0.0024862564081302744,0.24862564081302743,0.7847111060715436
2023-02-24,CAC_40,^FCHI,Yahoo Finance,7187.27001953125,-0.01794778912283428,-1.794778912283428,0.7531161462411167
2023-02-27,CAC_40,^FCHI,Yahoo Finance,7295.5498046875,0.014953138137914986,1.4953138137914985,1.0164601308421208
2023-02-28,CAC_40,^FCHI,Yahoo Finance,7267.93017578125,-0.003793003053751254,-0.3793003053751254,1.0851225966038536
2023-03-01,CAC_40,^FCHI,Yahoo Finance,7234.25,-0.00464485145352521,-0.464485145352521,1.0281340561010135
2023-03-02,CAC_40,^FCHI,Yahoo Finance,7284.22021484375,0.006883702129149643,0.6883702129149643,0.9854902496032707
2023-03-03,CAC_40,^FCHI,Yahoo Finance,7348.1201171875,0.008734120053177438,0.8734120053177438,0.9501753621198946
2023-03-06,CAC_40,^FCHI,Yahoo Finance,7373.2099609375,0.0034086414623874916,0.34086414623874917,0.9391796380165115
2023-03-07,CAC_40,^FCHI,Yahoo Finance,7339.27001953125,-0.004613770303519632,-0.4613770303519632,0.888788152516919
2023-03-08,CAC_40,^FCHI,Yahoo Finance,7324.759765625,-0.0019790274371622217,-0.19790274371622218,0.867267799935059
2023-03-09,CAC_40,^FCHI,Yahoo Finance,7315.8798828125,-0.001213045893432506,-0.1213045893432506,0.8300085673739984
2023-03-10,CAC_40,^FCHI,Yahoo Finance,7220.669921875,-0.013099576406587798,-1.3099576406587798,0.7946354587883036
2023-03-13,CAC_40,^FCHI,Yahoo Finance,7011.5,-0.029396077379018837,-2.9396077379018837,0.9270413924649945
2023-03-14,CAC_40,^FCHI,Yahoo Finance,7141.56982421875,0.018380957336482835,1.8380957336482835,1.4385411540144726
2023-03-15,CAC_40,^FCHI,Yahoo Finance,6885.7099609375,-0.03648437159962336,-3.6484371599623358,1.4750804190142195
2023-03-16,CAC_40,^FCHI,Yahoo Finance,7025.72021484375,0.02012948772933565,2.012948772933565,1.9557490242496636
2023-03-17,CAC_40,^FCHI,Yahoo Finance,6925.39990234375,-0.014381933613825231,-1.438193361382523,1.923986719047979
2023-03-20,CAC_40,^FCHI,Yahoo Finance,7013.14013671875,0.012589753739228625,1.2589753739228624,1.8506170256502454
2023-03-21,CAC_40,^FCHI,Yahoo Finance,7112.91015625,0.014125912973185255,1.4125912973185255,1.7463099022884885
2023-03-22,CAC_40,^FCHI,Yahoo Finance,7131.1201171875,0.0025568565228502598,0.255685652285026,1.6720707379043347
2023-03-23,CAC_40,^FCHI,Yahoo Finance,7139.25,0.0011394075451846748,0.11394075451846748,1.5333218718053214
2023-03-24,CAC_40,^FCHI,Yahoo Finance,7015.10009765625,-0.01754274627620525,-1.754274627620525,1.4085696229181977
2023-03-27,CAC_40,^FCHI,Yahoo Finance,7078.27001953125,0.008964547782891661,0.8964547782891661,1.4734202434653676
2023-03-28,CAC_40,^FCHI,Yahoo Finance,7088.33984375,0.0014216281823076426,0.14216281823076427,1.3873108534308198
2023-03-29,CAC_40,^FCHI,Yahoo Finance,7186.990234375,0.013821321188824596,1.3821321188824596,1.278807337574079
2023-03-30,CAC_40,^FCHI,Yahoo Finance,7263.3701171875,0.010571444901752523,1.0571444901752522,1.2758067639566004
2023-03-31,CAC_40,^FCHI,Yahoo Finance,7322.39013671875,0.008092871489413036,0.8092871489413036,1.23269337783277
2023-04-03,CAC_40,^FCHI,Yahoo Finance,7345.9599609375,0.003213700838518273,0.3213700838518273,1.1718944892264787
2023-04-04,CAC_40,^FCHI,Yahoo Finance,7344.9599609375,-0.0001361385137026307,-0.01361385137026307,1.0911680127123975
2023-04-05,CAC_40,^FCHI,Yahoo Finance,7316.2998046875,-0.003909649404605507,-0.39096494046055075,1.0181726490353329
2023-04-06,CAC_40,^FCHI,Yahoo Finance,7324.75,0.0011543156212855262,0.11543156212855263,0.971321223651541
2023-04-11,CAC_40,^FCHI,Yahoo Finance,7390.27978515625,0.008906569582589114,0.8906569582589113,0.9123806649538256
2023-04-12,CAC_40,^FCHI,Yahoo Finance,7396.93994140625,0.0009007990445148178,0.09007990445148178,0.9100725933084148
2023-04-13,CAC_40,^FCHI,Yahoo Finance,7480.830078125,0.011277365585729485,1.1277365585729484,0.8591768953970178
2023-04-14,CAC_40,^FCHI,Yahoo Finance,7519.60986328125,0.005170497892427917,0.5170497892427917,0.9007741613387478
2023-04-17,CAC_40,^FCHI,Yahoo Finance,7498.18017578125,-0.00285390886266135,-0.285390886266135,0.8649532701901189
2023-04-18,CAC_40,^FCHI,Yahoo Finance,7533.6298828125,0.004716633939993971,0.4716633939993971,0.833186080386482
2023-04-19,CAC_40,^FCHI,Yahoo Finance,7549.43994140625,0.0020963987528122645,0.20963987528122646,0.8045498749371929
2023-04-20,CAC_40,^FCHI,Yahoo Finance,7538.7099609375,-0.0014223058952957622,-0.14223058952957623,0.7691742261758503
2023-04-21,CAC_40,^FCHI,Yahoo Finance,7577.0,0.0050662682812591545,0.5066268281259154,0.7438098966674671
2023-04-24,CAC_40,^FCHI,Yahoo Finance,7573.85986328125,-0.0004145159802213718,-0.04145159802213718,0.7319537209154747
2023-04-25,CAC_40,^FCHI,Yahoo Finance,7531.60986328125,-0.00559401474329363,-0.559401474329363,0.7084666983856468
2023-04-26,CAC_40,^FCHI,Yahoo Finance,7466.66015625,-0.008661013964020522,-0.8661013964020522,0.730427174619255
2023-04-27,CAC_40,^FCHI,Yahoo Finance,7483.83984375,0.0022982101015478966,0.22982101015478965,0.7937747755388179
2023-04-28,CAC_40,^FCHI,Yahoo Finance,7491.5,0.0010230361378131653,0.10230361378131654,0.7603843332427718
2023-05-02,CAC_40,^FCHI,Yahoo Finance,7383.2001953125,-0.01456186907819431,-1.456186907819431,0.730462078355501
2023-05-03,CAC_40,^FCHI,Yahoo Finance,7403.830078125,0.0027902690148982985,0.27902690148982984,0.916862878914388
2023-05-04,CAC_40,^FCHI,Yahoo Finance,7340.77001953125,-0.008553700020641125,-0.8553700020641125,0.8674718469776426
2023-05-05,CAC_40,^FCHI,Yahoo Finance,7432.93017578125,0.012476407468005372,1.2476407468005373,0.8979522868084798
2023-05-08,CAC_40,^FCHI,Yahoo Finance,7440.91015625,0.0010730223071212042,0.10730223071212042,0.9506034205453723
2023-05-09,CAC_40,^FCHI,Yahoo Finance,7397.169921875,-0.005895690121963351,-0.5895690121963351,0.8943429908395103
2023-05-10,CAC_40,^FCHI,Yahoo Finance,7361.2001953125,-0.004874494608687365,-0.48744946086873653,0.8849011335596169
2023-05-11,CAC_40,^FCHI,Yahoo Finance,7381.77978515625,0.002791783375891347,0.2791783375891347,0.8664720367646606
2023-05-12,CAC_40,^FCHI,Yahoo Finance,7414.85009765625,0.004469986453146662,0.4469986453146662,0.8240103012011951
2023-05-15,CAC_40,^FCHI,Yahoo Finance,7418.2099609375,0.00045302362768581347,0.04530236276858135,0.7952402122154886
2023-05-16,CAC_40,^FCHI,Yahoo Finance,7406.009765625,-0.001645981817861735,-0.1645981817861735,0.7605624885923808
2023-05-17,CAC_40,^FCHI,Yahoo Finance,7399.43994140625,-0.0008874873482361187,-0.08874873482361187,0.737637653784208
2023-05-18,CAC_40,^FCHI,Yahoo Finance,7446.89013671875,0.006392200177618599,0.6392200177618599,0.7148697023060689
2023-05-19,CAC_40,^FCHI,Yahoo Finance,7491.9599609375,0.00603392639552499,0.603392639552499,0.7201694302125472
2023-05-22,CAC_40,^FCHI,Yahoo Finance,7478.16015625,-0.0018436470099515284,-0.18436470099515284,0.7208812934030282
2023-05-23,CAC_40,^FCHI,Yahoo Finance,7378.7099609375,-0.013387972023683865,-1.3387972023683865,0.7053903149142813
2023-05-24,CAC_40,^FCHI,Yahoo Finance,7253.4599609375,-0.017120230274649727,-1.7120230274649726,0.8726364272325032
2023-05-25,CAC_40,^FCHI,Yahoo Finance,7229.27001953125,-0.0033405254304567675,-0.3340525430456767,1.0718413334617822
2023-05-26,CAC_40,^FCHI,Yahoo Finance,7319.18017578125,0.012360258270273696,1.2360258270273696,1.0137687171867575
2023-05-29,CAC_40,^FCHI,Yahoo Finance,7303.81005859375,-0.0021021860237111587,-0.21021860237111586,1.0397490928855213
2023-05-30,CAC_40,^FCHI,Yahoo Finance,7209.75,-0.012961861201292543,-1.2961861201292544,0.9793357848879534
2023-05-31,CAC_40,^FCHI,Yahoo Finance,7098.7001953125,-0.01552258042693111,-1.552258042693111,1.059250182309914
2023-06-01,CAC_40,^FCHI,Yahoo Finance,7137.43017578125,0.005441096001639629,0.5441096001639629,1.1685966441608806
2023-06-02,CAC_40,^FCHI,Yahoo Finance,7270.68994140625,0.018498397367669835,1.8498397367669834,1.0976405680304022
2023-06-05,CAC_40,^FCHI,Yahoo Finance,7200.91015625,-0.009643760951134417,-0.9643760951134417,1.2141866360686806
2023-06-06,CAC_40,^FCHI,Yahoo Finance,7209.0,0.0011228167992995502,0.11228167992995501,1.194984270868576
2023-06-07,CAC_40,^FCHI,Yahoo Finance,7202.7900390625,-0.0008617890359216883,-0.08617890359216883,1.1085316783356376
2023-06-08,CAC_40,^FCHI,Yahoo Finance,7222.14990234375,0.0026842226011276203,0.26842226011276205,1.0349451252372892
2023-06-09,CAC_40,^FCHI,Yahoo Finance,7213.14013671875,-0.0012482973006530766,-0.12482973006530766,0.969829166550931
2023-06-12,CAC_40,^FCHI,Yahoo Finance,7250.35009765625,0.005145375345593239,0.5145375345593238,0.9151848779506531
2023-06-13,CAC_40,^FCHI,Yahoo Finance,7290.7998046875,0.005563495547155046,0.5563495547155046,0.87707737887454
2023-06-14,CAC_40,^FCHI,Yahoo Finance,7328.52978515625,0.005161668188169468,0.5161668188169468,0.8476084825488434
2023-06-15,CAC_40,^FCHI,Yahoo Finance,7290.91015625,-0.005146532574747274,-0.5146532574747273,0.8197512261438176
2023-06-16,CAC_40,^FCHI,Yahoo Finance,7388.64990234375,0.013316637565641382,1.3316637565641383,0.8152066436240946
2023-06-19,CAC_40,^FCHI,Yahoo Finance,7314.0498046875,-0.010147896554186044,-1.0147896554186044,0.9031418630696634
2023-06-20,CAC_40,^FCHI,Yahoo Finance,7294.169921875,-0.002721740972810784,-0.2721740972810784,0.9511672255276133
2023-06-21,CAC_40,^FCHI,Yahoo Finance,7260.97021484375,-0.004561929915691307,-0.4561929915691307,0.9060178548774238
2023-06-22,CAC_40,^FCHI,Yahoo Finance,7203.27978515625,-0.007977010298304714,-0.7977010298304714,0.8812657949617396
2023-06-23,CAC_40,^FCHI,Yahoo Finance,7163.419921875,-0.005548938360260556,-0.5548938360260557,0.9005066448100278
2023-06-26,CAC_40,^FCHI,Yahoo Finance,7184.35009765625,0.0029175531249008963,0.2917553124900896,0.8862726857418037
2023-06-27,CAC_40,^FCHI,Yahoo Finance,7215.580078125,0.004337525120085181,0.43375251200851805,0.841440583370374
2023-06-28,CAC_40,^FCHI,Yahoo Finance,7286.31982421875,0.009756005440832398,0.9756005440832398,0.8092655307827054
2023-06-29,CAC_40,^FCHI,Yahoo Finance,7312.72998046875,0.00361806904056516,0.361806904056516,0.8383109634342616
2023-06-30,CAC_40,^FCHI,Yahoo Finance,7400.06005859375,0.01187145381943504,1.187145381943504,0.8029333778024795
2023-07-03,CAC_40,^FCHI,Yahoo Finance,7386.7001953125,-0.0018070039260979103,-0.18070039260979104,0.8674645609663362
2023-07-04,CAC_40,^FCHI,Yahoo Finance,7369.93017578125,-0.002272880234714159,-0.22728802347141588,0.8293147077953781
2023-07-05,CAC_40,^FCHI,Yahoo Finance,7310.81005859375,-0.008054149291311371,-0.8054149291311371,0.7992932562084278
2023-07-06,CAC_40,^FCHI,Yahoo Finance,7082.2900390625,-0.031756775499904716,-3.1756775499904717,0.8367649418419111
2023-07-07,CAC_40,^FCHI,Yahoo Finance,7111.8798828125,0.004169301449311886,0.4169301449311886,1.4660782815838682
2023-07-10,CAC_40,^FCHI,Yahoo Finance,7143.68994140625,0.004462832672757155,0.44628326727571543,1.3537527984764042
2023-07-11,CAC_40,^FCHI,Yahoo Finance,7220.009765625,0.010626864110047556,1.0626864110047556,1.2554669708643222
2023-07-12,CAC_40,^FCHI,Yahoo Finance,7333.009765625,0.015529735363985615,1.5529735363985615,1.2160996140454565
2023-07-13,CAC_40,^FCHI,Yahoo Finance,7369.7998046875,0.005004501441783846,0.5004501441783846,1.251064944636008
2023-07-14,CAC_40,^FCHI,Yahoo Finance,7374.5400390625,0.0006429904069695439,0.06429904069695438,1.1674575394210882
2023-07-17,CAC_40,^FCHI,Yahoo Finance,7291.66015625,-0.011302281978172148,-1.1302281978172148,1.0843794130825155
2023-07-18,CAC_40,^FCHI,Yahoo Finance,7319.18017578125,0.0037670731388748384,0.37670731388748385,1.1125331115738613
2023-07-19,CAC_40,^FCHI,Yahoo Finance,7326.93994140625,0.0010596343999616086,0.10596343999616085,1.04090628772302
2023-07-20,CAC_40,^FCHI,Yahoo Finance,7384.91015625,0.007880791944961453,0.7880791944961453,0.9731310550204509
2023-07-21,CAC_40,^FCHI,Yahoo Finance,7432.77001953125,0.006459854598687043,0.6459854598687043,0.9490901740297515
2023-07-24,CAC_40,^FCHI,Yahoo Finance,7427.31005859375,-0.0007348494967045541,-0.07348494967045541,0.9157102776666454
2023-07-25,CAC_40,^FCHI,Yahoo Finance,7415.4501953125,-0.0015980674217418336,-0.15980674217418336,0.8666659804785576
2023-07-26,CAC_40,^FCHI,Yahoo Finance,7315.06982421875,-0.013629108107790387,-1.3629108107790386,0.8276498941672277
2023-07-27,CAC_40,^FCHI,Yahoo Finance,7465.240234375,0.020321032129073772,2.0321032129073773,0.961628485166591
2023-07-28,CAC_40,^FCHI,Yahoo Finance,7476.47021484375,0.0015031722936209736,0.15031722936209735,1.1572584586011334
2023-07-31,CAC_40,^FCHI,Yahoo Finance,7497.77978515625,0.00284616387433228,0.284616387433228,1.0754113884033167
2023-08-01,CAC_40,^FCHI,Yahoo Finance,7406.080078125,-0.012305653037068192,-1.2305653037068192,1.005591320218268
2023-08-02,CAC_40,^FCHI,Yahoo Finance,7312.83984375,-0.012669609197184763,-1.2669609197184764,1.0674032325829927
2023-08-03,CAC_40,^FCHI,Yahoo Finance,7260.52978515625,-0.007178886500738742,-0.7178886500738741,1.1216353157894772
2023-08-04,CAC_40,^FCHI,Yahoo Finance,7315.06982421875,0.0074837804379644345,0.7483780437964435,1.088754960710136
2023-08-07,CAC_40,^FCHI,Yahoo Finance,7319.759765625,0.0006409287567042252,0.06409287567042253,1.0432740937076788
2023-08-08,CAC_40,^FCHI,Yahoo Finance,7269.47021484375,-0.00689409242718144,-0.689409242718144,0.9753306974285608
2023-08-09,CAC_40,^FCHI,Yahoo Finance,7322.0400390625,0.0072055669024990625,0.7205566902499062,0.9632709303281461
2023-08-10,CAC_40,^FCHI,Yahoo Finance,7433.6201171875,0.015123986835002655,1.5123986835002654,0.9342532704253843
2023-08-11,CAC_40,^FCHI,Yahoo Finance,7340.18994140625,-0.012648249973911084,-1.2648249973911083,1.0261647611117386
2023-08-14,CAC_40,^FCHI,Yahoo Finance,7348.83984375,0.001177736510864886,0.1177736510864886,1.089314268866979
2023-08-15,CAC_40,^FCHI,Yahoo Finance,7267.7001953125,-0.011102556652135238,-1.1102556652135238,1.0155640454378674
2023-08-16,CAC_40,^FCHI,Yahoo Finance,7260.25,-0.0010256362205858362,-0.10256362205858362,1.0548011085877615
2023-08-17,CAC_40,^FCHI,Yahoo Finance,7191.740234375,-0.009481085679415788,-0.9481085679415788,0.9884012490891945
2023-08-18,CAC_40,^FCHI,Yahoo Finance,7164.10986328125,-0.003849358278844186,-0.3849358278844186,1.0080910224835398
2023-08-21,CAC_40,^FCHI,Yahoo Finance,7198.06005859375,0.0047277338638304035,0.47277338638304034,0.9622438386754409
2023-08-22,CAC_40,^FCHI,Yahoo Finance,7240.8798828125,0.005931176377462613,0.5931176377462613,0.9148722737590502
2023-08-23,CAC_40,^FCHI,Yahoo Finance,7246.6201171875,0.0007924396445745552,0.07924396445745552,0.8824405106652806
2023-08-24,CAC_40,^FCHI,Yahoo Finance,7214.4599609375,-0.004447829497580947,-0.44478294975809474,0.8353004154098325
2023-08-25,CAC_40,^FCHI,Yahoo Finance,7229.60009765625,0.002096383177885336,0.20963831778853362,0.8210320113288382
2023-08-28,CAC_40,^FCHI,Yahoo Finance,7324.7099609375,0.013069835229302365,1.3069835229302365,0.7832940844835112
2023-08-29,CAC_40,^FCHI,Yahoo Finance,7373.43017578125,0.006629463704572533,0.6629463704572532,0.8749286785132767
2023-08-30,CAC_40,^FCHI,Yahoo Finance,7364.39990234375,-0.0012254551069899042,-0.12254551069899042,0.8546761068616222
2023-08-31,CAC_40,^FCHI,Yahoo Finance,7316.7001953125,-0.0064981335949114115,-0.6498133594911412,0.8157971262557872
2023-09-01,CAC_40,^FCHI,Yahoo Finance,7296.77001953125,-0.002727646184655362,-0.2727646184655362,0.8279265312195838
2023-09-04,CAC_40,^FCHI,Yahoo Finance,7279.509765625,-0.002368267106276192,-0.2368267106276192,0.8009662409473914
2023-09-05,CAC_40,^FCHI,Yahoo Finance,7254.72021484375,-0.0034111989218188255,-0.34111989218188254,0.7758648775534602
2023-09-06,CAC_40,^FCHI,Yahoo Finance,7194.08984375,-0.008392487231353055,-0.8392487231353055,0.7623537708187271
2023-09-07,CAC_40,^FCHI,Yahoo Finance,7196.10009765625,0.00027939227036090185,0.027939227036090183,0.813524947857208
2023-09-08,CAC_40,^FCHI,Yahoo Finance,7240.77001953125,0.006188330859366881,0.6188330859366881,0.7764415204633318
2023-09-11,CAC_40,^FCHI,Yahoo Finance,7278.27001953125,0.005165642258184185,0.5165642258184184,0.7686138877811235
2023-09-12,CAC_40,^FCHI,Yahoo Finance,7252.8798828125,-0.003494584080175932,-0.3494584080175932,0.7533808864830727
2023-09-13,CAC_40,^FCHI,Yahoo Finance,7222.56982421875,-0.004187794300609275,-0.41877943006092755,0.7443870544300012
2023-09-14,CAC_40,^FCHI,Yahoo Finance,7308.669921875,0.011850483065873742,1.1850483065873743,0.7434096748659462
2023-09-15,CAC_40,^FCHI,Yahoo Finance,7378.81982421875,0.009552406432718489,0.9552406432718489,0.8225275322091047
2023-09-18,CAC_40,^FCHI,Yahoo Finance,7276.14013671875,-0.014013189804863152,-1.4013189804863153,0.8458990916139272
2023-09-19,CAC_40,^FCHI,Yahoo Finance,7282.1201171875,0.000821524097080256,0.08215240970802559,0.9827553240488612
2023-09-20,CAC_40,^FCHI,Yahoo Finance,7330.7900390625,0.0066612469823550185,0.6661246982355018,0.9223811184914907
2023-09-21,CAC_40,^FCHI,Yahoo Finance,7213.89990234375,-0.016073584768696064,-1.6073584768696063,0.8948452648935613
2023-09-22,CAC_40,^FCHI,Yahoo Finance,7184.81982421875,-0.004039264353444301,-0.40392643534443007,1.0625109239315622
2023-09-25,CAC_40,^FCHI,Yahoo Finance,7123.8798828125,-0.008517938193273547,-0.8517938193273548,1.0103364072300842
2023-09-26,CAC_40,^FCHI,Yahoo Finance,7074.02001953125,-0.007023583571180933,-0.7023583571180934,1.0123430276642118
2023-09-27,CAC_40,^FCHI,Yahoo Finance,7071.7900390625,-0.0003152849469893521,-0.03152849469893521,0.9954920025285546
2023-09-28,CAC_40,^FCHI,Yahoo Finance,7116.240234375,0.006265893134876369,0.6265893134876369,0.9348726188504006
2023-09-29,CAC_40,^FCHI,Yahoo Finance,7135.06005859375,0.0026411393728085746,0.26411393728085747,0.9020620312270554
2023-10-02,CAC_40,^FCHI,Yahoo Finance,7068.16015625,-0.009420454810040816,-0.9420454810040816,0.8542756300753648
2023-10-03,CAC_40,^FCHI,Yahoo Finance,6997.0498046875,-0.010111609801307937,-1.0111609801307937,0.9012479971539147
2023-10-04,CAC_40,^FCHI,Yahoo Finance,6996.72998046875,-4.5709482886763676e-05,-0.0045709482886763676,0.9490943381956995
2023-10-05,CAC_40,^FCHI,Yahoo Finance,6998.25,0.00021722353863283948,0.021722353863283948,0.8939954391442569
2023-10-06,CAC_40,^FCHI,Yahoo Finance,7060.14990234375,0.008806166106231252,0.8806166106231252,0.8458257747685326
2023-10-09,CAC_40,^FCHI,Yahoo Finance,7021.39990234375,-0.00550366946111695,-0.550366946111695,0.8545708564362469
2023-10-10,CAC_40,^FCHI,Yahoo Finance,7162.43017578125,0.019886718966097644,1.9886718966097643,0.8477499674463634
2023-10-11,CAC_40,^FCHI,Yahoo Finance,7131.2099609375,-0.004368413391291734,-0.4368413391291734,1.0711605665196504
2023-10-12,CAC_40,^FCHI,Yahoo Finance,7104.52978515625,-0.0037483414975671234,-0.37483414975671236,1.0201752472474592
2023-10-13,CAC_40,^FCHI,Yahoo Finance,7003.52978515625,-0.014318301538662684,-1.4318301538662683,0.9718970882794369
2023-10-16,CAC_40,^FCHI,Yahoo Finance,7022.18994140625,0.002660849870590489,0.26608498705904887,1.0799419338125908
2023-10-17,CAC_40,^FCHI,Yahoo Finance,7029.7001953125,0.001068931588318485,0.10689315883184851,1.0091184705562997
2023-10-18,CAC_40,^FCHI,Yahoo Finance,6965.990234375,-0.009104288398383589,-0.9104288398383589,0.9453406194443823
2023-10-19,CAC_40,^FCHI,Yahoo Finance,6921.3701171875,-0.006426026199707186,-0.6426026199707187,0.9680594068232367
2023-10-20,CAC_40,^FCHI,Yahoo Finance,6816.22021484375,-0.015308646323698443,-1.5308646323698443,0.9519220257368857
2023-10-23,CAC_40,^FCHI,Yahoo Finance,6850.47021484375,0.005012196900030857,0.5012196900030857,1.085860555807605
2023-10-24,CAC_40,^FCHI,Yahoo Finance,6893.64990234375,0.006283389434383184,0.6283389434383184,1.0233181898524102
2023-10-25,CAC_40,^FCHI,Yahoo Finance,6915.06982421875,0.0031023787113177207,0.3102378711317721,0.977583952712679
2023-10-26,CAC_40,^FCHI,Yahoo Finance,6888.9599609375,-0.0037829380007105107,-0.37829380007105107,0.9210199640806424
2023-10-27,CAC_40,^FCHI,Yahoo Finance,6795.3798828125,-0.013677172298518168,-1.3677172298518168,0.8874554688537521
2023-10-30,CAC_40,^FCHI,Yahoo Finance,6825.06982421875,0.004359619406035136,0.4359619406035136,1.0053059575756802
2023-10-31,CAC_40,^FCHI,Yahoo Finance,6885.64990234375,0.008836950002046602,0.8836950002046602,0.9501058907419793
2023-11-01,CAC_40,^FCHI,Yahoo Finance,6932.6298828125,0.006799712006594166,0.6799712006594165,0.9403119388106279
2023-11-02,CAC_40,^FCHI,Yahoo Finance,7060.68994140625,0.018303538459890644,1.8303538459890645,0.9111991358512477
2023-11-03,CAC_40,^FCHI,Yahoo Finance,7047.5,-0.0018698281358533661,-0.1869828135853366,1.0762506386538404
2023-11-06,CAC_40,^FCHI,Yahoo Finance,7013.72998046875,-0.004803290253482714,-0.4803290253482714,1.0100974579328006
2023-11-07,CAC_40,^FCHI,Yahoo Finance,6986.22998046875,-0.003928587716800556,-0.3928587716800556,0.9714391647270394
2023-11-08,CAC_40,^FCHI,Yahoo Finance,7034.16015625,0.0068372366293553925,0.6837236629355392,0.9314815399196213
2023-11-09,CAC_40,^FCHI,Yahoo Finance,7113.66015625,0.01123859859965855,1.123859859965855,0.9040847197562927
2023-11-10,CAC_40,^FCHI,Yahoo Finance,7045.0400390625,-0.009693072599991392,-0.9693072599991392,0.935449417567666
2023-11-13,CAC_40,^FCHI,Yahoo Finance,7087.06005859375,0.005946765600848936,0.5946765600848937,0.9691523800595704
2023-11-14,CAC_40,^FCHI,Yahoo Finance,7185.68017578125,0.013819586864224919,1.381958686422492,0.9287535944254922
2023-11-15,CAC_40,^FCHI,Yahoo Finance,7209.60986328125,0.0033246582009810446,0.33246582009810444,0.9976897546636914
2023-11-16,CAC_40,^FCHI,Yahoo Finance,7168.39990234375,-0.005732375266986705,-0.5732375266986705,0.9392108485571043
2023-11-17,CAC_40,^FCHI,Yahoo Finance,7233.91015625,0.0090972497385811,0.9097249738581101,0.920432590457064
2023-11-20,CAC_40,^FCHI,Yahoo Finance,7246.93017578125,0.0017982413646242673,0.17982413646242673,0.9190042414124892
2023-11-21,CAC_40,^FCHI,Yahoo Finance,7229.4501953125,-0.0024149667963986395,-0.24149667963986396,0.8673405465875893
2023-11-22,CAC_40,^FCHI,Yahoo Finance,7260.72998046875,0.004317383685253535,0.43173836852535347,0.8324757749635137
2023-11-23,CAC_40,^FCHI,Yahoo Finance,7277.93017578125,0.0023661332134291583,0.23661332134291582,0.8015285927262674
2023-11-24,CAC_40,^FCHI,Yahoo Finance,7292.7998046875,0.0020410280182484703,0.20410280182484702,0.7671685815639072
2023-11-27,CAC_40,^FCHI,Yahoo Finance,7265.490234375,-0.0037517596191118095,-0.37517596191118097,0.7371590034934097
2023-11-28,CAC_40,^FCHI,Yahoo Finance,7250.1298828125,-0.0021163900917605533,-0.21163900917605533,0.7332947447426404
2023-11-29,CAC_40,^FCHI,Yahoo Finance,7267.64013671875,0.002412252346420893,0.2412252346420893,0.7174114348927735
2023-11-30,CAC_40,^FCHI,Yahoo Finance,7310.77001953125,0.005916970119995322,0.5916970119995323,0.695834930164424
2023-12-01,CAC_40,^FCHI,Yahoo Finance,7346.14990234375,0.004827747128053414,0.48277471280534134,0.699900135494934
2023-12-04,CAC_40,^FCHI,Yahoo Finance,7332.58984375,-0.0018475785640497207,-0.18475785640497205,0.6937449529864346
2023-12-05,CAC_40,^FCHI,Yahoo Finance,7386.990234375,0.007391601937014254,0.7391601937014254,0.682788986755909
2023-12-06,CAC_40,^FCHI,Yahoo Finance,7435.990234375,0.006611380024022249,0.6611380024022249,0.7059499686889613
2023-12-07,CAC_40,^FCHI,Yahoo Finance,7428.52001953125,-0.0010051075138085756,-0.10051075138085756,0.7152849188305211
2023-12-08,CAC_40,^FCHI,Yahoo Finance,7526.5498046875,0.013110094486147287,1.3110094486147286,0.6965145802839696
2023-12-11,CAC_40,^FCHI,Yahoo Finance,7551.52978515625,0.0033134197460599926,0.33134197460599923,0.813510560418416
2023-12-12,CAC_40,^FCHI,Yahoo Finance,7543.5498046875,-0.0010572956789845441,-0.10572956789845442,0.7804636392811537
2023-12-13,CAC_40,^FCHI,Yahoo Finance,7531.22021484375,-0.0016357918000850153,-0.16357918000850152,0.7517991457423439
2023-12-14,CAC_40,^FCHI,Yahoo Finance,7575.85009765625,0.005908493404225247,0.5908493404225247,0.73019764985467
2023-12-15,CAC_40,^FCHI,Yahoo Finance,7596.91015625,0.0027760370250448393,0.2776037025044839,0.7278980545918963
2023-12-18,CAC_40,^FCHI,Yahoo Finance,7568.85986328125,-0.0036991626430896455,-0.36991626430896457,0.705802059842562
2023-12-19,CAC_40,^FCHI,Yahoo Finance,7574.669921875,0.0007673321822928283,0.07673321822928283,0.7071024257602951
2023-12-20,CAC_40,^FCHI,Yahoo Finance,7583.43017578125,0.001155851303938324,0.1155851303938324,0.6853633133776591
2023-12-21,CAC_40,^FCHI,Yahoo Finance,7571.39990234375,-0.0015876490732618786,-0.15876490732618787,0.6669692607039741
2023-12-22,CAC_40,^FCHI,Yahoo Finance,7568.81982421875,-0.0003408243997211027,-0.03408243997211027,0.6590592295118176
2023-12-27,CAC_40,^FCHI,Yahoo Finance,7571.81982421875,0.00039628445150539324,0.03962844515053932,0.6470461650199306
2023-12-28,CAC_40,^FCHI,Yahoo Finance,7535.16015625,-0.004853351229173034,-0.48533512291730346,0.6353640858159323
2023-12-29,CAC_40,^FCHI,Yahoo Finance,7543.18017578125,0.00106378024516666,0.106378024516666,0.6633601043863377
2021-01-04,FTSE_100,^FTSE,Yahoo Finance,6571.89990234375,,,
2021-01-05,FTSE_100,^FTSE,Yahoo Finance,6612.2998046875,0.006128552311137965,0.6128552311137965,1.0741430427646435
2021-01-06,FTSE_100,^FTSE,Yahoo Finance,6841.89990234375,0.03413393512330993,3.413393512330993,0.9867463473125885
2021-01-07,FTSE_100,^FTSE,Yahoo Finance,6857.0,0.002204571736359204,0.22045717363592038,1.683521450708665
2021-01-08,FTSE_100,^FTSE,Yahoo Finance,6873.2998046875,0.002374283530075448,0.2374283530075448,1.4461328077200606
2021-01-11,FTSE_100,^FTSE,Yahoo Finance,6798.5,-0.010942312218699278,-1.094231221869928,1.2553911429575473
2021-01-12,FTSE_100,^FTSE,Yahoo Finance,6754.10009765625,-0.006552257260161277,-0.6552257260161277,1.2071481791429926
2021-01-13,FTSE_100,^FTSE,Yahoo Finance,6745.5,-0.0012741264567076914,-0.12741264567076915,1.1065406797818063
2021-01-14,FTSE_100,^FTSE,Yahoo Finance,6802.0,0.008341070688268878,0.8341070688268879,0.9873924259018171
2021-01-15,FTSE_100,^FTSE,Yahoo Finance,6735.7001953125,-0.009794918457259055,-0.9794918457259055,0.9499464123925578
2021-01-18,FTSE_100,^FTSE,Yahoo Finance,6720.7001953125,-0.0022294232896577977,-0.22294232896577976,0.971109848535614
2021-01-19,FTSE_100,^FTSE,Yahoo Finance,6713.0,-0.0011463998814723634,-0.11463998814723635,0.8875601305919653
2021-01-20,FTSE_100,^FTSE,Yahoo Finance,6740.39990234375,0.004073310899437706,0.4073310899437706,0.818912193978271
2021-01-21,FTSE_100,^FTSE,Yahoo Finance,6715.39990234375,-0.0037158740660466734,-0.3715874066046673,0.7775699140954772
2021-01-22,FTSE_100,^FTSE,Yahoo Finance,6695.10009765625,-0.003027451652400399,-0.3027451652400399,0.756427492976067
2021-01-25,FTSE_100,^FTSE,Yahoo Finance,6638.89990234375,-0.008429657733141189,-0.8429657733141188,0.734546950750108
2021-01-26,FTSE_100,^FTSE,Yahoo Finance,6654.0,0.0022719051918209873,0.22719051918209873,0.8014814198049198
2021-01-27,FTSE_100,^FTSE,Yahoo Finance,6567.39990234375,-0.013100176498600756,-1.3100176498600755,0.7539638255434435
2021-01-28,FTSE_100,^FTSE,Yahoo Finance,6526.2001953125,-0.00629312682451587,-0.629312682451587,0.9255119564882269
2021-01-29,FTSE_100,^FTSE,Yahoo Finance,6407.5,-0.01835569501707922,-1.835569501707922,0.8946235869181836
2021-02-01,FTSE_100,^FTSE,Yahoo Finance,6466.39990234375,0.009150345079303622,0.9150345079303621,1.153732402245324
2021-02-02,FTSE_100,^FTSE,Yahoo Finance,6516.7001953125,0.00774861847537821,0.7748618475378211,1.0833961334851845
2021-02-03,FTSE_100,^FTSE,Yahoo Finance,6507.7998046875,-0.0013667153457603623,-0.13667153457603623,1.0122316358261614
2021-02-04,FTSE_100,^FTSE,Yahoo Finance,6503.7001953125,-0.0006301517135856349,-0.0630151713585635,0.9147379847668449
2021-02-05,FTSE_100,^FTSE,Yahoo Finance,6489.2998046875,-0.0022166391936190833,-0.22166391936190832,0.8377121952223946
2021-02-08,FTSE_100,^FTSE,Yahoo Finance,6523.5,0.005256405165859978,0.5256405165859979,0.7873654930310283
2021-02-09,FTSE_100,^FTSE,Yahoo Finance,6531.60009765625,0.0012409094737035943,0.12409094737035943,0.7659503302261416
2021-02-10,FTSE_100,^FTSE,Yahoo Finance,6524.39990234375,-0.0011029712074827253,-0.11029712074827254,0.7249934684247124
2021-02-11,FTSE_100,^FTSE,Yahoo Finance,6528.7001953125,0.0006588922312943654,0.06588922312943654,0.6986834311435683
2021-02-12,FTSE_100,^FTSE,Yahoo Finance,6589.7998046875,0.009315097180428545,0.9315097180428545,0.6756617377062579
2021-02-15,FTSE_100,^FTSE,Yahoo Finance,6756.10009765625,0.024922845546716064,2.4922845546716066,0.7557178281530025
2021-02-16,FTSE_100,^FTSE,Yahoo Finance,6748.89990234375,-0.0010663007767074664,-0.10663007767074664,1.2594769302742943
2021-02-17,FTSE_100,^FTSE,Yahoo Finance,6710.89990234375,-0.0056464585673770325,-0.5646458567377033,1.10681075960209
2021-02-18,FTSE_100,^FTSE,Yahoo Finance,6617.2001953125,-0.014060706337634983,-1.4060706337634983,1.0202057167440417
2021-02-19,FTSE_100,^FTSE,Yahoo Finance,6624.0,0.0010270678163522412,0.10270678163522412,1.1111257320735461
2021-02-22,FTSE_100,^FTSE,Yahoo Finance,6612.2001953125,-0.0017829600095639253,-0.17829600095639253,0.9876785587937511
2021-02-23,FTSE_100,^FTSE,Yahoo Finance,6625.89990234375,0.0020697398902835814,0.20697398902835815,0.8977728419003024
2021-02-24,FTSE_100,^FTSE,Yahoo Finance,6659.0,0.004983126164807071,0.49831261648070707,0.8252595393625823
2021-02-25,FTSE_100,^FTSE,Yahoo Finance,6652.0,-0.001051761797804124,-0.1051761797804124,0.7903817006739959
2021-02-26,FTSE_100,^FTSE,Yahoo Finance,6483.39990234375,-0.025672512273359305,-2.5672512273359307,0.7461209141337538
2021-03-01,FTSE_100,^FTSE,Yahoo Finance,6588.5,0.016080655945847885,1.6080655945847886,1.328716565829167
2021-03-02,FTSE_100,^FTSE,Yahoo Finance,6613.7998046875,0.0038326406809611325,0.38326406809611324,1.3331987734314006
2021-03-03,FTSE_100,^FTSE,Yahoo Finance,6675.5,0.009285762163881543,0.9285762163881544,1.1708493910726772
2021-03-04,FTSE_100,^FTSE,Yahoo Finance,6650.89990234375,-0.003691938674956223,-0.3691938674956223,1.0980078175743753
2021-03-05,FTSE_100,^FTSE,Yahoo Finance,6630.5,-0.0030719530375398515,-0.3071953037539851,0.9947202390410701
2021-03-08,FTSE_100,^FTSE,Yahoo Finance,6719.10009765625,0.013274015393007613,1.3274015393007612,0.9111251497110833
2021-03-09,FTSE_100,^FTSE,Yahoo Finance,6730.2998046875,0.0016654586377592361,0.16654586377592362,0.992030699282651
2021-03-10,FTSE_100,^FTSE,Yahoo Finance,6725.60009765625,-0.0006985348072533417,-0.06985348072533416,0.8961331790102148
2021-03-11,FTSE_100,^FTSE,Yahoo Finance,6737.0,0.0016935666194927744,0.16935666194927745,0.8238180971158457
2021-03-12,FTSE_100,^FTSE,Yahoo Finance,6761.5,0.0036300369527546682,0.36300369527546683,0.7686938150746673
2021-03-15,FTSE_100,^FTSE,Yahoo Finance,6749.7001953125,-0.0017466705424961512,-0.17466705424961512,0.7375955085123709
2021-03-16,FTSE_100,^FTSE,Yahoo Finance,6803.60009765625,0.007953809822632553,0.7953809822632554,0.7112208838841375
2021-03-17,FTSE_100,^FTSE,Yahoo Finance,6762.7001953125,-0.006029650733927635,-0.6029650733927635,0.7522158174260212
2021-03-18,FTSE_100,^FTSE,Yahoo Finance,6779.7001953125,0.002510634516672779,0.2510634516672779,0.7692630324470462
2021-03-19,FTSE_100,^FTSE,Yahoo Finance,6708.7001953125,-0.010527661352948421,-1.052766135294842,0.7313026121918246
2021-03-22,FTSE_100,^FTSE,Yahoo Finance,6726.10009765625,0.0025902747630137542,0.2590274763013754,0.8464282224923193
2021-03-23,FTSE_100,^FTSE,Yahoo Finance,6699.2001953125,-0.004007349966882343,-0.40073499668823426,0.7886671605733784
2021-03-24,FTSE_100,^FTSE,Yahoo Finance,6712.89990234375,0.00204288839123195,0.204288839123195,0.7674965522866868
2021-03-25,FTSE_100,^FTSE,Yahoo Finance,6674.7998046875,-0.0056918217991399865,-0.5691821799139987,0.7281150247399275
2021-03-26,FTSE_100,^FTSE,Yahoo Finance,6740.60009765625,0.009809744191949393,0.9809744191949392,0.7476377683070661
2021-03-29,FTSE_100,^FTSE,Yahoo Finance,6736.2001953125,-0.0006529595162693049,-0.0652959516269305,0.8113845987019189
2021-03-30,FTSE_100,^FTSE,Yahoo Finance,6772.10009765625,0.0053152485634830994,0.5315248563483099,0.7601912985585806
2021-03-31,FTSE_100,^FTSE,Yahoo Finance,6713.60009765625,-0.00867591094277753,-0.8675910942777529,0.7472934304865136
2021-04-01,FTSE_100,^FTSE,Yahoo Finance,6737.2998046875,0.0035238878778570447,0.3523887877857045,0.814708816760986
2021-04-06,FTSE_100,^FTSE,Yahoo Finance,6823.60009765625,0.01272798393209452,1.272798393209452,0.770422559008582
2021-04-07,FTSE_100,^FTSE,Yahoo Finance,6885.2998046875,0.009001469713728697,0.9001469713728697,0.891716424647304
2021-04-08,FTSE_100,^FTSE,Yahoo Finance,6942.2001953125,0.008230079450352822,0.8230079450352822,0.8925996084075536
2021-04-09,FTSE_100,^FTSE,Yahoo Finance,6915.7998046875,-0.0038101345884169217,-0.3810134588416922,0.8806069083636665
2021-04-12,FTSE_100,^FTSE,Yahoo Finance,6889.10009765625,-0.0038681541353537607,-0.3868154135353761,0.8321245217513329
2021-04-13,FTSE_100,^FTSE,Yahoo Finance,6890.5,0.00020318475698067554,0.020318475698067554,0.7972914360694585
2021-04-14,FTSE_100,^FTSE,Yahoo Finance,6939.60009765625,0.007100498709290149,0.710049870929015,0.7479310966252709
2021-04-15,FTSE_100,^FTSE,Yahoo Finance,6983.5,0.006306073721336296,0.6306073721336296,0.7626925617863237
2021-04-16,FTSE_100,^FTSE,Yahoo Finance,7019.5,0.005141766666179917,0.5141766666179917,0.7613794907030625
2021-04-19,FTSE_100,^FTSE,Yahoo Finance,7000.10009765625,-0.0027675418116162418,-0.2767541811616242,0.7461997994172969
2021-04-20,FTSE_100,^FTSE,Yahoo Finance,6859.89990234375,-0.020231598481995832,-2.023159848199583,0.7249277682505987
2021-04-21,FTSE_100,^FTSE,Yahoo Finance,6895.2998046875,0.005147141626733584,0.5147141626733585,1.129739567561073
2021-04-22,FTSE_100,^FTSE,Yahoo Finance,6938.2001953125,0.006202411270622253,0.6202411270622252,1.0202982753856487
2021-04-23,FTSE_100,^FTSE,Yahoo Finance,6938.60009765625,5.763610276392037e-05,0.005763610276392037,0.9469838975373716
2021-04-26,FTSE_100,^FTSE,Yahoo Finance,6963.10009765625,0.003524752371465561,0.3524752371465561,0.8608894914525006
2021-04-27,FTSE_100,^FTSE,Yahoo Finance,6945.0,-0.0026028153015350583,-0.2602815301535058,0.8045712330903029
2021-04-28,FTSE_100,^FTSE,Yahoo Finance,6963.7001953125,0.002688994128544557,0.26889941285445573,0.7657843317294629
2021-04-29,FTSE_100,^FTSE,Yahoo Finance,6961.5,-0.0003160019676484858,-0.03160019676484858,0.7296278548603009
2021-04-30,FTSE_100,^FTSE,Yahoo Finance,6969.7998046875,0.001191533566261887,0.1191533566261887,0.6992434987483142
2021-05-04,FTSE_100,^FTSE,Yahoo Finance,6923.2001953125,-0.006708383233678184,-0.6708383233678183,0.6764551147936537
2021-05-05,FTSE_100,^FTSE,Yahoo Finance,7039.2998046875,0.016630586962299267,1.6630586962299267,0.7306813229370963
2021-05-06,FTSE_100,^FTSE,Yahoo Finance,7076.2001953125,0.005228362393589149,0.522836239358915,0.976200192159067
2021-05-07,FTSE_100,^FTSE,Yahoo Finance,7129.7001953125,0.007532117143204818,0.7532117143204818,0.9042362195329905
2021-05-10,FTSE_100,^FTSE,Yahoo Finance,7123.7001953125,-0.0008419044143807019,-0.0841904414380702,0.8784267566810829
2021-05-11,FTSE_100,^FTSE,Yahoo Finance,6948.0,-0.024973432405641087,-2.4973432405641085,0.8109148526653251
2021-05-12,FTSE_100,^FTSE,Yahoo Finance,7004.60009765625,0.008113241651507471,0.8113241651507471,1.3302241266601644
2021-05-13,FTSE_100,^FTSE,Yahoo Finance,6963.2998046875,-0.005913618169717113,-0.5913618169717113,1.2034472841801338
2021-05-14,FTSE_100,^FTSE,Yahoo Finance,7043.60009765625,0.01146594510837348,1.146594510837348,1.0964603499396446
2021-05-17,FTSE_100,^FTSE,Yahoo Finance,7032.89990234375,-0.001520292313208018,-0.15202923132080182,1.0796186402160541
2021-05-18,FTSE_100,^FTSE,Yahoo Finance,7034.2001953125,0.00018487008174064137,0.018487008174064137,0.967408431066974
2021-05-19,FTSE_100,^FTSE,Yahoo Finance,6950.2001953125,-0.012013530494777335,-1.2013530494777336,0.8763887990540038
2021-05-20,FTSE_100,^FTSE,Yahoo Finance,7019.7998046875,0.009964235537516962,0.9964235537516961,0.9710969485081486
2021-05-21,FTSE_100,^FTSE,Yahoo Finance,7018.10009765625,-0.00024215973206538418,-0.024215973206538417,0.9645947879891188
2021-05-24,FTSE_100,^FTSE,Yahoo Finance,7051.60009765625,0.004762015230029319,0.4762015230029319,0.874836298712372
2021-05-25,FTSE_100,^FTSE,Yahoo Finance,7029.7998046875,-0.0030963271460212167,-0.30963271460212166,0.8245484247029105
2021-05-26,FTSE_100,^FTSE,Yahoo Finance,7026.89990234375,-0.00041260074488742984,-0.041260074488742984,0.7844324227026256
2021-05-27,FTSE_100,^FTSE,Yahoo Finance,7019.7001953125,-0.001025117482051015,-0.1025117482051015,0.7395699150327749
2021-05-28,FTSE_100,^FTSE,Yahoo Finance,7022.60009765625,0.0004130238386122301,0.04130238386122301,0.7088778408342384
2021-06-01,FTSE_100,^FTSE,Yahoo Finance,7080.5,0.008210992937065228,0.8210992937065228,0.683077644628755
2021-06-02,FTSE_100,^FTSE,Yahoo Finance,7108.0,0.0038763836114284102,0.387638361142841,0.7385897069292043
2021-06-03,FTSE_100,^FTSE,Yahoo Finance,7064.39990234375,-0.006152837276040744,-0.6152837276040743,0.7178400008433566
2021-06-04,FTSE_100,^FTSE,Yahoo Finance,7069.0,0.0006509541724529323,0.06509541724529323,0.7481117185365453
2021-06-07,FTSE_100,^FTSE,Yahoo Finance,7077.2001953125,0.0011593496653187854,0.11593496653187854,0.7114885381299333
2021-06-08,FTSE_100,^FTSE,Yahoo Finance,7095.10009765625,0.0025260418551438877,0.2526041855143888,0.6852262731188251
2021-06-09,FTSE_100,^FTSE,Yahoo Finance,7081.0,-0.001989278039642921,-0.1989278039642921,0.6707941631587615
2021-06-10,FTSE_100,^FTSE,Yahoo Finance,7088.2001953125,0.0010163164939455678,0.10163164939455678,0.6653414268550543
2021-06-11,FTSE_100,^FTSE,Yahoo Finance,7134.10009765625,0.006454660745085137,0.6454660745085137,0.6520383251429015
2021-06-14,FTSE_100,^FTSE,Yahoo Finance,7146.7001953125,0.0017646211230978033,0.17646211230978032,0.6884810767857795
2021-06-15,FTSE_100,^FTSE,Yahoo Finance,7172.5,0.0036035298416174093,0.36035298416174094,0.6700257362224434
2021-06-16,FTSE_100,^FTSE,Yahoo Finance,7185.0,0.0017412506576055377,0.17412506576055378,0.6671655876407574
2021-06-17,FTSE_100,^FTSE,Yahoo Finance,7153.39990234375,-0.0044077650272064265,-0.44077650272064267,0.654797371699443
2021-06-18,FTSE_100,^FTSE,Yahoo Finance,7017.5,-0.019180725249881358,-1.9180725249881359,0.6795930161559026
2021-06-21,FTSE_100,^FTSE,Yahoo Finance,7062.2998046875,0.0063637205779584404,0.636372057795844,1.0743288000510005
2021-06-22,FTSE_100,^FTSE,Yahoo Finance,7090.0,0.003914590712177001,0.3914590712177001,0.9893099134329097
2021-06-23,FTSE_100,^FTSE,Yahoo Finance,7074.10009765625,-0.0022450997822257013,-0.22450997822257013,0.9037744661934114
2021-06-24,FTSE_100,^FTSE,Yahoo Finance,7110.0,0.005062003053339038,0.5062003053339038,0.8367759644832464
2021-06-25,FTSE_100,^FTSE,Yahoo Finance,7136.10009765625,0.0036641785021066958,0.3664178502106696,0.7995371689730011
2021-06-28,FTSE_100,^FTSE,Yahoo Finance,7073.0,-0.008881704263403354,-0.8881704263403354,0.7602850611701192
2021-06-29,FTSE_100,^FTSE,Yahoo Finance,7087.60009765625,0.002062074026389405,0.2062074026389405,0.8273009256131779
2021-06-30,FTSE_100,^FTSE,Yahoo Finance,7037.5,-0.007093798614433627,-0.7093798614433627,0.7723536102484666
2021-07-01,FTSE_100,^FTSE,Yahoo Finance,7125.2001953125,0.012384829881895031,1.2384829881895032,0.8006542899118385
2021-07-02,FTSE_100,^FTSE,Yahoo Finance,7123.2998046875,-0.0002667495717118961,-0.026674957171189607,0.9018291914895904
2021-07-05,FTSE_100,^FTSE,Yahoo Finance,7164.89990234375,0.005823017042809645,0.5823017042809645,0.8270483887813456
2021-07-06,FTSE_100,^FTSE,Yahoo Finance,7100.89990234375,-0.008972567994250915,-0.8972567994250915,0.8008003975854615
2021-07-07,FTSE_100,^FTSE,Yahoo Finance,7151.0,0.007030684241708535,0.7030684241708535,0.8553064513328787
2021-07-08,FTSE_100,^FTSE,Yahoo Finance,7030.7001953125,-0.01696590516335476,-1.696590516335476,0.836482776992999
2021-07-09,FTSE_100,^FTSE,Yahoo Finance,7121.89990234375,0.012888228142280399,1.28882281422804,1.0809741076097783
2021-07-12,FTSE_100,^FTSE,Yahoo Finance,7125.39990234375,0.0004913211792252733,0.04913211792252733,1.0962706619997715
2021-07-13,FTSE_100,^FTSE,Yahoo Finance,7124.7001953125,-9.820380587041587e-05,-0.009820380587041587,0.9759677594666698
2021-07-14,FTSE_100,^FTSE,Yahoo Finance,7091.2001953125,-0.004713041184880997,-0.4713041184880997,0.883314660077369
2021-07-15,FTSE_100,^FTSE,Yahoo Finance,7012.0,-0.01123163917467032,-1.123163917467032,0.8437428459856653
2021-07-16,FTSE_100,^FTSE,Yahoo Finance,7008.10009765625,-0.0005563301855437793,-0.05563301855437793,0.9322374598772799
2021-07-19,FTSE_100,^FTSE,Yahoo Finance,6844.39990234375,-0.023635851465817242,-2.363585146581724,0.8508162467404787
2021-07-20,FTSE_100,^FTSE,Yahoo Finance,6881.10009765625,0.005347751670468917,0.5347751670468917,1.3015595599548089
2021-07-21,FTSE_100,^FTSE,Yahoo Finance,6998.2998046875,0.016888697431225046,1.6888697431225046,1.1552808139892068
2021-07-22,FTSE_100,^FTSE,Yahoo Finance,6968.2998046875,-0.004295969953666171,-0.42959699536661716,1.2347454822582795
2021-07-23,FTSE_100,^FTSE,Yahoo Finance,7027.60009765625,0.008474002849209641,0.8474002849209641,1.1051492260652303
2021-07-26,FTSE_100,^FTSE,Yahoo Finance,7025.39990234375,-0.00031312820472176767,-0.03131282047217677,1.0379752083742466
2021-07-27,FTSE_100,^FTSE,Yahoo Finance,6996.10009765625,-0.004179274305055571,-0.41792743050555714,0.9315043820753874
2021-07-28,FTSE_100,^FTSE,Yahoo Finance,7016.60009765625,0.0029259192502959688,0.29259192502959686,0.8733681159927413
2021-07-29,FTSE_100,^FTSE,Yahoo Finance,7078.39990234375,0.008769095524012374,0.8769095524012375,0.8104109844160862
2021-07-30,FTSE_100,^FTSE,Yahoo Finance,7032.2998046875,-0.006534085854111678,-0.6534085854111679,0.8328237275499606
2021-08-02,FTSE_100,^FTSE,Yahoo Finance,7081.7001953125,0.0070002256420718485,0.7000225642071849,0.832640083686399
2021-08-03,FTSE_100,^FTSE,Yahoo Finance,7105.7001953125,0.0033832868929412076,0.33832868929412074,0.8200059015712843
2021-08-04,FTSE_100,^FTSE,Yahoo Finance,7123.89990234375,0.0025580082125080347,0.25580082125080345,0.7733918738584942
2021-08-05,FTSE_100,^FTSE,Yahoo Finance,7120.39990234375,-0.000491424656659525,-0.0491424656659525,0.7345436509425936
2021-08-06,FTSE_100,^FTSE,Yahoo Finance,7123.0,0.0003650950900710322,0.036509509007103216,0.7032907509156903
2021-08-09,FTSE_100,^FTSE,Yahoo Finance,7132.2998046875,0.0013047506729749589,0.1304750672974959,0.6790861489836252
2021-08-10,FTSE_100,^FTSE,Yahoo Finance,7161.0,0.004015900355610987,0.4015900355610987,0.6622152471788967
2021-08-11,FTSE_100,^FTSE,Yahoo Finance,7220.10009765625,0.008219180725137488,0.8219180725137488,0.6652953676562585
2021-08-12,FTSE_100,^FTSE,Yahoo Finance,7193.2001953125,-0.00373265428865573,-0.373265428865573,0.7273770658422873
2021-08-13,FTSE_100,^FTSE,Yahoo Finance,7218.7001953125,0.0035387458863325926,0.35387458863325927,0.7210794348350579
2021-08-16,FTSE_100,^FTSE,Yahoo Finance,7154.0,-0.009003267510791033,-0.9003267510791033,0.7026928761199263
2021-08-17,FTSE_100,^FTSE,Yahoo Finance,7181.10009765625,0.003780947430557112,0.37809474305571117,0.7938006764628314
2021-08-18,FTSE_100,^FTSE,Yahoo Finance,7169.2998046875,-0.001644594674536151,-0.1644594674536151,0.7569586546993573
2021-08-19,FTSE_100,^FTSE,Yahoo Finance,7058.89990234375,-0.015518775426849438,-1.5518775426849438,0.724619745816445
2021-08-20,FTSE_100,^FTSE,Yahoo Finance,7087.89990234375,0.004099872907232095,0.4099872907232095,0.9788504145497764
2021-08-23,FTSE_100,^FTSE,Yahoo Finance,7109.0,0.002972495874116614,0.2972495874116614,0.8970868345906498
2021-08-24,FTSE_100,^FTSE,Yahoo Finance,7125.7998046875,0.0023603861969128622,0.23603861969128623,0.8284552275088074
2021-08-25,FTSE_100,^FTSE,Yahoo Finance,7150.10009765625,0.003404383135865657,0.3404383135865657,0.774306706896632
2021-08-26,FTSE_100,^FTSE,Yahoo Finance,7125.0,-0.00351663012541038,-0.35166301254103804,0.7400761782639206
2021-08-27,FTSE_100,^FTSE,Yahoo Finance,7148.0,0.0032228711424673677,0.3222871142467368,0.727696791258348
2021-08-31,FTSE_100,^FTSE,Yahoo Finance,7119.7001953125,-0.003966980159768412,-0.39669801597684123,0.7051969248909202
2021-09-01,FTSE_100,^FTSE,Yahoo Finance,7149.7998046875,0.0042187398321085565,0.4218739832108557,0.7083180139315578
2021-09-02,FTSE_100,^FTSE,Yahoo Finance,7163.89990234375,0.0019701548175037873,0.19701548175037872,0.69934717697869
2021-09-03,FTSE_100,^FTSE,Yahoo Finance,7138.39990234375,-0.003565863863632598,-0.3565863863632598,0.6784713243839777
2021-09-06,FTSE_100,^FTSE,Yahoo Finance,7187.2001953125,0.006813045373586215,0.6813045373586215,0.685247054118477
2021-09-07,FTSE_100,^FTSE,Yahoo Finance,7149.39990234375,-0.0052732698554936825,-0.5273269855493683,0.716010765258028
2021-09-08,FTSE_100,^FTSE,Yahoo Finance,7095.5,-0.007567643149030344,-0.7567643149030344,0.7331214739551901
2021-09-09,FTSE_100,^FTSE,Yahoo Finance,7024.2001953125,-0.01009942275525329,-1.0099422755253291,0.7834360420431049
2021-09-10,FTSE_100,^FTSE,Yahoo Finance,7029.2001953125,0.0007115715872306677,0.07115715872306677,0.8684611257811365
2021-09-13,FTSE_100,^FTSE,Yahoo Finance,7068.39990234375,0.005561203011438998,0.5561203011438998,0.8008907728420552
2021-09-14,FTSE_100,^FTSE,Yahoo Finance,7034.10009765625,-0.004864367639947406,-0.4864367639947406,0.779028595090124
2021-09-15,FTSE_100,^FTSE,Yahoo Finance,7016.5,-0.0025052462868707854,-0.25052462868707853,0.7709892721840342
2021-09-16,FTSE_100,^FTSE,Yahoo Finance,7027.5,0.0015665055894964397,0.15665055894964397,0.7406193439747784
2021-09-17,FTSE_100,^FTSE,Yahoo Finance,6963.60009765625,-0.00913442777230747,-0.9134427772307471,0.7070959969170652
2021-09-20,FTSE_100,^FTSE,Yahoo Finance,6903.89990234375,-0.008610140851994214,-0.8610140851994214,0.7994215475736436
2021-09-21,FTSE_100,^FTSE,Yahoo Finance,6981.0,0.01110571781401611,1.1105717814016112,0.847087010614573
2021-09-22,FTSE_100,^FTSE,Yahoo Finance,7083.39990234375,0.014561831647832296,1.4561831647832295,0.9026713541882174
2021-09-23,FTSE_100,^FTSE,Yahoo Finance,7078.39990234375,-0.0007061249667009216,-0.07061249667009216,1.0176715765512099
2021-09-24,FTSE_100,^FTSE,Yahoo Finance,7051.5,-0.003807519519237855,-0.3807519519237855,0.9167104729981643
2021-09-27,FTSE_100,^FTSE,Yahoo Finance,7063.39990234375,0.0016861480060731335,0.16861480060731335,0.858768498593849
2021-09-28,FTSE_100,^FTSE,Yahoo Finance,7028.10009765625,-0.005010095238405426,-0.5010095238405425,0.7948142976534602
2021-09-29,FTSE_100,^FTSE,Yahoo Finance,7108.2001953125,0.011332661765874148,1.1332661765874148,0.7839993799702998
2021-09-30,FTSE_100,^FTSE,Yahoo Finance,7086.39990234375,-0.0030716342777015186,-0.3071634277701519,0.8671990486683446
2021-10-01,FTSE_100,^FTSE,Yahoo Finance,7027.10009765625,-0.008403323576138806,-0.8403323576138806,0.8155620007884156
2021-10-04,FTSE_100,^FTSE,Yahoo Finance,7011.0,-0.0022937726050287644,-0.22937726050287643,0.8536835509773817
2021-10-05,FTSE_100,^FTSE,Yahoo Finance,7077.10009765625,0.009383888849085751,0.9383888849085751,0.799708687412893
2021-10-06,FTSE_100,^FTSE,Yahoo Finance,6995.89990234375,-0.011539983861006688,-1.1539983861006688,0.8369423520957331
2021-10-07,FTSE_100,^FTSE,Yahoo Finance,7078.0,0.011667132710361947,1.1667132710361947,0.935219791264183
2021-10-08,FTSE_100,^FTSE,Yahoo Finance,7095.60009765625,0.002483505472306239,0.24835054723062389,0.9725807547032088
2021-10-11,FTSE_100,^FTSE,Yahoo Finance,7146.89990234375,0.007203795195528496,0.7203795195528496,0.8835915478071185
2021-10-12,FTSE_100,^FTSE,Yahoo Finance,7130.2001953125,-0.0023393706751371076,-0.23393706751371077,0.8590447658168175
2021-10-13,FTSE_100,^FTSE,Yahoo Finance,7141.7998046875,0.0016255061559850102,0.162550615598501,0.8039950248402881
2021-10-14,FTSE_100,^FTSE,Yahoo Finance,7207.7001953125,0.00918510804393131,0.918510804393131,0.7538010907109611
2021-10-15,FTSE_100,^FTSE,Yahoo Finance,7234.0,0.0036422074140205624,0.36422074140205624,0.8029100443153067
2021-10-18,FTSE_100,^FTSE,Yahoo Finance,7203.7998046875,-0.004183496068252665,-0.4183496068252665,0.76259390026183
2021-10-19,FTSE_100,^FTSE,Yahoo Finance,7217.5,0.0018999950932996165,0.18999950932996165,0.7509909408496589
2021-10-20,FTSE_100,^FTSE,Yahoo Finance,7223.10009765625,0.0007756046007940739,0.0775604600794074,0.7155750852870015
2021-10-21,FTSE_100,^FTSE,Yahoo Finance,7190.2998046875,-0.004551368839046643,-0.4551368839046643,0.6878574614623014
2021-10-22,FTSE_100,^FTSE,Yahoo Finance,7204.60009765625,0.0019868561462851888,0.1986856146285189,0.7038301000544511
2021-10-25,FTSE_100,^FTSE,Yahoo Finance,7222.7998046875,0.0025229378554962453,0.2522937855496245,0.6817443641357115
2021-10-26,FTSE_100,^FTSE,Yahoo Finance,7277.60009765625,0.00755848862597677,0.755848862597677,0.6683082807487146
2021-10-27,FTSE_100,^FTSE,Yahoo Finance,7253.2998046875,-0.003344640151020595,-0.33446401510205953,0.7172629932403111
2021-10-28,FTSE_100,^FTSE,Yahoo Finance,7249.5,-0.00052400982232677,-0.052400982232677,0.7098462943075867
2021-10-29,FTSE_100,^FTSE,Yahoo Finance,7237.60009765625,-0.0016428277488115556,-0.16428277488115556,0.6855399735091692
2021-11-01,FTSE_100,^FTSE,Yahoo Finance,7288.60009765625,0.0070218238582211824,0.7021823858221182,0.6733980877286913
2021-11-02,FTSE_100,^FTSE,Yahoo Finance,7274.7998046875,-0.001895202657612733,-0.18952026576127332,0.7115090189963879
2021-11-03,FTSE_100,^FTSE,Yahoo Finance,7248.89990234375,-0.003566574677398975,-0.3566574677398975,0.693471149205987
2021-11-04,FTSE_100,^FTSE,Yahoo Finance,7279.89990234375,0.004267392690501253,0.42673926905012527,0.6956116824184077
2021-11-05,FTSE_100,^FTSE,Yahoo Finance,7304.0,0.0033050308566567477,0.33050308566567477,0.690887410532098
2021-11-08,FTSE_100,^FTSE,Yahoo Finance,7300.39990234375,-0.0004930154957744474,-0.04930154957744474,0.6795555136115676
2021-11-09,FTSE_100,^FTSE,Yahoo Finance,7274.0,-0.0036227812320955752,-0.36227812320955755,0.6637669904036695
2021-11-10,FTSE_100,^FTSE,Yahoo Finance,7340.2001953125,0.009059770255418468,0.9059770255418468,0.6758161939832932
2021-11-11,FTSE_100,^FTSE,Yahoo Finance,7384.2001953125,0.005976492054048438,0.5976492054048438,0.7505477266306478
2021-11-12,FTSE_100,^FTSE,Yahoo Finance,7347.89990234375,-0.004928064049697801,-0.49280640496978007,0.7485599538316702
2021-11-15,FTSE_100,^FTSE,Yahoo Finance,7351.89990234375,0.0005442251121611968,0.054422511216119684,0.7505770409685628
2021-11-16,FTSE_100,^FTSE,Yahoo Finance,7327.0,-0.003392614758900721,-0.3392614758900721,0.713305643475762
2021-11-17,FTSE_100,^FTSE,Yahoo Finance,7291.2001953125,-0.004897986862917483,-0.48979868629174833,0.7075660747344278
2021-11-18,FTSE_100,^FTSE,Yahoo Finance,7256.0,-0.004839455502073896,-0.4839455502073896,0.7219929305889082
2021-11-19,FTSE_100,^FTSE,Yahoo Finance,7223.60009765625,-0.004475255697728823,-0.44752556977288227,0.7310471575422184
2021-11-22,FTSE_100,^FTSE,Yahoo Finance,7255.5,0.004406344833903852,0.4406344833903852,0.7324841952079629
2021-11-23,FTSE_100,^FTSE,Yahoo Finance,7266.7001953125,0.001542493201108791,0.15424932011087908,0.7181803067787023
2021-11-24,FTSE_100,^FTSE,Yahoo Finance,7286.2998046875,0.0026935506390362977,0.2693550639036298,0.6907659427653994
2021-11-25,FTSE_100,^FTSE,Yahoo Finance,7310.39990234375,0.003302132679177337,0.3302132679177337,0.6756148992264321
2021-11-26,FTSE_100,^FTSE,Yahoo Finance,7044.0,-0.037121787834373005,-3.7121787834373006,0.6687782222580345
2021-11-29,FTSE_100,^FTSE,Yahoo Finance,7110.0,0.009326053181189864,0.9326053181189864,1.739306540980602
2021-11-30,FTSE_100,^FTSE,Yahoo Finance,7059.5,-0.007128016347706769,-0.7128016347706769,1.5351008758080167
2021-12-01,FTSE_100,^FTSE,Yahoo Finance,7168.7001953125,0.01535012693230199,1.5350126932301988,1.3656932804347883
2021-12-02,FTSE_100,^FTSE,Yahoo Finance,7129.2001953125,-0.005525300836054678,-0.5525300836054678,1.3440984261784314
2021-12-03,FTSE_100,^FTSE,Yahoo Finance,7122.2998046875,-0.0009683740187679328,-0.09683740187679328,1.2009275620018465
2021-12-06,FTSE_100,^FTSE,Yahoo Finance,7232.2998046875,0.015326397979884887,1.5326397979884887,1.0603417397117145
2021-12-07,FTSE_100,^FTSE,Yahoo Finance,7339.89990234375,0.014768127725760635,1.4768127725760634,1.1360116110256204
2021-12-08,FTSE_100,^FTSE,Yahoo Finance,7337.39990234375,-0.0003406621187063986,-0.03406621187063986,1.1733573620134023
2021-12-09,FTSE_100,^FTSE,Yahoo Finance,7321.2998046875,-0.002196661975760727,-0.2196661975760727,1.0372305835766922
2021-12-10,FTSE_100,^FTSE,Yahoo Finance,7291.7998046875,-0.004037478818652976,-0.4037478818652976,0.9379258192137532
2021-12-13,FTSE_100,^FTSE,Yahoo Finance,7231.39990234375,-0.008317760795568726,-0.8317760795568726,0.8767307773678852
2021-12-14,FTSE_100,^FTSE,Yahoo Finance,7218.60009765625,-0.0017715997280625985,-0.17715997280625984,0.8932557101897222
2021-12-15,FTSE_100,^FTSE,Yahoo Finance,7170.7998046875,-0.006643844652468381,-0.664384465246838,0.8261182817263086
2021-12-16,FTSE_100,^FTSE,Yahoo Finance,7260.60009765625,0.012445286338739188,1.2445286338739188,0.8297302488896104
2021-12-17,FTSE_100,^FTSE,Yahoo Finance,7269.89990234375,0.0012800393595968306,0.12800393595968307,0.9213187744100497
2021-12-20,FTSE_100,^FTSE,Yahoo Finance,7198.0,-0.009939313202845102,-0.9939313202845101,0.8413563108274541
2021-12-21,FTSE_100,^FTSE,Yahoo Finance,7297.39990234375,0.013714897290011678,1.3714897290011678,0.9018896091156439
2021-12-22,FTSE_100,^FTSE,Yahoo Finance,7341.7001953125,0.006052343095265524,0.6052343095265523,0.9965432564050715
2021-12-23,FTSE_100,^FTSE,Yahoo Finance,7373.2998046875,0.004294890648872258,0.4294890648872258,0.9276275803662207
2021-12-24,FTSE_100,^FTSE,Yahoo Finance,7372.10009765625,-0.00016272288874396969,-0.016272288874396967,0.8598932479882884
2021-12-29,FTSE_100,^FTSE,Yahoo Finance,7420.7001953125,0.00657080086993989,0.657080086993989,0.795197167876319
2021-12-30,FTSE_100,^FTSE,Yahoo Finance,7403.0,-0.0023880952112229417,-0.23880952112229417,0.78769618006508
2021-12-31,FTSE_100,^FTSE,Yahoo Finance,7384.5,-0.0025021145767333895,-0.25021145767333897,0.7518591876341005
2022-01-04,FTSE_100,^FTSE,Yahoo Finance,7505.2001953125,0.016212930770477786,1.6212930770477787,0.7267983100118711
2022-01-05,FTSE_100,^FTSE,Yahoo Finance,7516.89990234375,0.0015576662811189448,0.15576662811189448,0.9618000100039803
2022-01-06,FTSE_100,^FTSE,Yahoo Finance,7450.39990234375,-0.008886096818031503,-0.8886096818031504,0.8727147800996808
2022-01-07,FTSE_100,^FTSE,Yahoo Finance,7485.2998046875,0.004673362018121931,0.46733620181219315,0.9012043898565635
2022-01-10,FTSE_100,^FTSE,Yahoo Finance,7445.2998046875,-0.005358136544441921,-0.535813654444192,0.8432751614823204
2022-01-11,FTSE_100,^FTSE,Yahoo Finance,7491.39990234375,0.006172748323126084,0.6172748323126084,0.8229316907486867
2022-01-12,FTSE_100,^FTSE,Yahoo Finance,7551.7001953125,0.00801704642666863,0.8017046426668629,0.8021009508318417
2022-01-13,FTSE_100,^FTSE,Yahoo Finance,7563.89990234375,0.0016141879384738895,0.16141879384738894,0.8143050663556891
2022-01-14,FTSE_100,^FTSE,Yahoo Finance,7543.0,-0.0027669364082479613,-0.27669364082479614,0.7614270714173053
2022-01-17,FTSE_100,^FTSE,Yahoo Finance,7611.2001953125,0.009000891485582505,0.9000891485582505,0.7358441292589051
2022-01-18,FTSE_100,^FTSE,Yahoo Finance,7563.60009765625,-0.006273592120803638,-0.6273592120803637,0.787664362963808
2022-01-19,FTSE_100,^FTSE,Yahoo Finance,7589.7001953125,0.003444810432294618,0.3444810432294618,0.7973344376484798
2022-01-20,FTSE_100,^FTSE,Yahoo Finance,7585.0,-0.0006194778680716237,-0.06194778680716237,0.7571470265457524
2022-01-21,FTSE_100,^FTSE,Yahoo Finance,7494.10009765625,-0.01205655547840585,-1.205655547840585,0.7201475968569409
2022-01-24,FTSE_100,^FTSE,Yahoo Finance,7297.2001953125,-0.02662531762475952,-2.662531762475952,0.8784454270409089
2022-01-25,FTSE_100,^FTSE,Yahoo Finance,7371.5,0.01013047361040723,1.013047361040723,1.4169818012484436
2022-01-26,FTSE_100,^FTSE,Yahoo Finance,7469.7998046875,0.013246985569899342,1.3246985569899343,1.294646584463603
2022-01-27,FTSE_100,^FTSE,Yahoo Finance,7554.2998046875,0.011248712828342233,1.1248712828342233,1.2533073554854184
2022-01-28,FTSE_100,^FTSE,Yahoo Finance,7466.10009765625,-0.011744124170291338,-1.174412417029134,1.1887959061225113
2022-01-31,FTSE_100,^FTSE,Yahoo Finance,7464.39990234375,-0.0002277479414419211,-0.02277479414419211,1.1743519334179753
2022-02-01,FTSE_100,^FTSE,Yahoo Finance,7535.7998046875,0.009519932131559706,0.9519932131559706,1.0378270157154375
2022-02-02,FTSE_100,^FTSE,Yahoo Finance,7583.0,0.006243927992993088,0.6243927992993088,1.0044417970475266
2022-02-03,FTSE_100,^FTSE,Yahoo Finance,7528.7998046875,-0.007173259098407008,-0.7173259098407008,0.935579523087707
2022-02-04,FTSE_100,^FTSE,Yahoo Finance,7516.39990234375,-0.0016483536799543857,-0.16483536799543858,0.9148961960642948
2022-02-07,FTSE_100,^FTSE,Yahoo Finance,7573.5,0.007568025044505868,0.7568025044505867,0.841786276999231
2022-02-08,FTSE_100,^FTSE,Yahoo Finance,7567.10009765625,-0.0008453961776462685,-0.08453961776462685,0.8347210286149708
2022-02-09,FTSE_100,^FTSE,Yahoo Finance,7643.39990234375,0.01003260177781658,1.003260177781658,0.7781827902624334
2022-02-10,FTSE_100,^FTSE,Yahoo Finance,7672.39990234375,0.00378694355202944,0.378694355202944,0.8356151861874849
2022-02-11,FTSE_100,^FTSE,Yahoo Finance,7661.0,-0.0014869376024587138,-0.1486937602458714,0.7876569676713122
2022-02-14,FTSE_100,^FTSE,Yahoo Finance,7531.60009765625,-0.017035007928345218,-1.7035007928345218,0.7461587504461525
2022-02-15,FTSE_100,^FTSE,Yahoo Finance,7608.89990234375,0.010211086335759343,1.0211086335759343,1.0361481593599597
2022-02-16,FTSE_100,^FTSE,Yahoo Finance,7603.7998046875,-0.0006705052943320873,-0.06705052943320873,1.0147229525197135
2022-02-17,FTSE_100,^FTSE,Yahoo Finance,7537.39990234375,-0.008770814637036325,-0.8770814637036325,0.9143410717478395
2022-02-18,FTSE_100,^FTSE,Yahoo Finance,7513.60009765625,-0.0031625572419340525,-0.31625572419340525,0.9273006410277559
2022-02-21,FTSE_100,^FTSE,Yahoo Finance,7484.2998046875,-0.0039072577408836755,-0.39072577408836756,0.8610112047675387
2022-02-22,FTSE_100,^FTSE,Yahoo Finance,7494.2001953125,0.0013219470663657874,0.13219470663657873,0.8187239830447274
2022-02-23,FTSE_100,^FTSE,Yahoo Finance,7498.2001953125,0.0005336036912957366,0.05336036912957366,0.7641456072222735
2022-02-24,FTSE_100,^FTSE,Yahoo Finance,7207.0,-0.039610241843269715,-3.9610241843269716,0.7232511610556152
2022-02-25,FTSE_100,^FTSE,Yahoo Finance,7489.5,0.03844926368433252,3.844926368433252,1.8523849080056023
2022-02-28,FTSE_100,^FTSE,Yahoo Finance,7458.2998046875,-0.0041745596048256926,-0.4174559604825693,2.2587648244292358
2022-03-01,FTSE_100,^FTSE,Yahoo Finance,7330.2001953125,-0.01732465272097179,-1.732465272097179,1.9249158495345176
2022-03-02,FTSE_100,^FTSE,Yahoo Finance,7429.60009765625,0.013469207323035887,1.3469207323035888,1.8112062161649327
2022-03-03,FTSE_100,^FTSE,Yahoo Finance,7238.89990234375,-0.026002786961483657,-2.6002786961483655,1.6419487002295066
2022-03-04,FTSE_100,^FTSE,Yahoo Finance,6987.10009765625,-0.03540364192358721,-3.5403641923587212,1.812188707256729
2022-03-07,FTSE_100,^FTSE,Yahoo Finance,6959.5,-0.00395797305348608,-0.395797305348608,2.183047522705237
2022-03-08,FTSE_100,^FTSE,Yahoo Finance,6964.10009765625,0.0006607627038059291,0.06607627038059291,1.86221797972382
2022-03-09,FTSE_100,^FTSE,Yahoo Finance,7190.7001953125,0.03202015620761313,3.202015620761313,1.5897296050944438
2022-03-10,FTSE_100,^FTSE,Yahoo Finance,7099.10009765625,-0.012820522391501832,-1.2820522391501832,1.914261743058918
2022-03-11,FTSE_100,^FTSE,Yahoo Finance,7155.60009765625,0.007927251377215803,0.7927251377215804,1.7303802188440935
2022-03-14,FTSE_100,^FTSE,Yahoo Finance,7193.5,0.0052825599124994415,0.5282559912499442,1.5147303590346792
2022-03-15,FTSE_100,^FTSE,Yahoo Finance,7175.7001953125,-0.002477495413820058,-0.24774954138200583,1.3231693677072354
2022-03-16,FTSE_100,^FTSE,Yahoo Finance,7291.7001953125,0.016036396698151895,1.6036396698151896,1.1626690312796557
2022-03-17,FTSE_100,^FTSE,Yahoo Finance,7385.2998046875,0.012754769817082137,1.2754769817082137,1.2196092745317606
2022-03-18,FTSE_100,^FTSE,Yahoo Finance,7404.7001953125,0.0026234485127657812,0.26234485127657814,1.1906065962748413
2022-03-21,FTSE_100,^FTSE,Yahoo Finance,7442.39990234375,0.005078404241474185,0.5078404241474185,1.0533086551636082
2022-03-22,FTSE_100,^FTSE,Yahoo Finance,7476.7001953125,0.004598179941042888,0.45981799410428875,0.9612177576237302
2022-03-23,FTSE_100,^FTSE,Yahoo Finance,7460.60009765625,-0.0021556912661918077,-0.21556912661918076,0.8875228930124949
2022-03-24,FTSE_100,^FTSE,Yahoo Finance,7467.39990234375,0.0009110135527585148,0.09110135527585148,0.8240356200129012
2022-03-25,FTSE_100,^FTSE,Yahoo Finance,7483.39990234375,0.002140354538509718,0.21403545385097178,0.7676512533062103
2022-03-28,FTSE_100,^FTSE,Yahoo Finance,7473.10009765625,-0.0013773016836416832,-0.13773016836416832,0.7285788222332455
2022-03-29,FTSE_100,^FTSE,Yahoo Finance,7537.2998046875,0.008554082358711995,0.8554082358711995,0.7026167918102567
2022-03-30,FTSE_100,^FTSE,Yahoo Finance,7578.7998046875,0.005490848213375551,0.5490848213375551,0.7576176921418708
2022-03-31,FTSE_100,^FTSE,Yahoo Finance,7515.7001953125,-0.008360658111626503,-0.8360658111626503,0.7475088157455129
2022-04-01,FTSE_100,^FTSE,Yahoo Finance,7537.89990234375,0.0029494237897055896,0.29494237897055897,0.8083625123804499
2022-04-04,FTSE_100,^FTSE,Yahoo Finance,7558.89990234375,0.002782048356780275,0.2782048356780275,0.7622262919942714
2022-04-05,FTSE_100,^FTSE,Yahoo Finance,7613.7001953125,0.007223617693572317,0.7223617693572316,0.7275191819473709
2022-04-06,FTSE_100,^FTSE,Yahoo Finance,7587.7001953125,-0.0034207408113807133,-0.3420740811380713,0.7507915058883201
2022-04-07,FTSE_100,^FTSE,Yahoo Finance,7551.7998046875,-0.0047426213435901475,-0.47426213435901476,0.7343064065026675
2022-04-08,FTSE_100,^FTSE,Yahoo Finance,7669.60009765625,0.015478555934919412,1.5478555934919414,0.7382228079011967
2022-04-11,FTSE_100,^FTSE,Yahoo Finance,7618.2998046875,-0.006711253455000224,-0.6711253455000223,0.9466125787665897
2022-04-12,FTSE_100,^FTSE,Yahoo Finance,7576.7001953125,-0.005475447621778853,-0.5475447621778853,0.915802184716436
2022-04-13,FTSE_100,^FTSE,Yahoo Finance,7580.7998046875,0.0005409347814567371,0.05409347814567371,0.8766240518884623
2022-04-14,FTSE_100,^FTSE,Yahoo Finance,7616.39990234375,0.004685095078221683,0.46850950782216827,0.8070575220602758
2022-04-19,FTSE_100,^FTSE,Yahoo Finance,7601.2998046875,-0.001984544695036584,-0.1984544695036584,0.774286083854567
2022-04-20,FTSE_100,^FTSE,Yahoo Finance,7629.2001953125,0.003663756519374178,0.3663756519374178,0.7393006243671044
2022-04-21,FTSE_100,^FTSE,Yahoo Finance,7628.0,-0.00015732838261427217,-0.015732838261427216,0.7166669120442627
2022-04-22,FTSE_100,^FTSE,Yahoo Finance,7521.7001953125,-0.014033485528677687,-1.4033485528677687,0.6894932173503391
2022-04-25,FTSE_100,^FTSE,Yahoo Finance,7380.5,-0.018950815214580544,-1.8950815214580543,0.9166295178702905
2022-04-26,FTSE_100,^FTSE,Yahoo Finance,7386.2001953125,0.0007720337679011335,0.07720337679011335,1.1834782473107788
2022-04-27,FTSE_100,^FTSE,Yahoo Finance,7425.60009765625,0.005320081893252912,0.5320081893252911,1.0443440159012305
2022-04-28,FTSE_100,^FTSE,Yahoo Finance,7509.2001953125,0.011195458821762753,1.1195458821762754,0.9564890555330438
2022-04-29,FTSE_100,^FTSE,Yahoo Finance,7544.60009765625,0.004703127038601967,0.4703127038601967,0.9774291384063072
2022-05-03,FTSE_100,^FTSE,Yahoo Finance,7561.2998046875,0.0022110187333952576,0.22110187333952577,0.9005914977294296
2022-05-04,FTSE_100,^FTSE,Yahoo Finance,7493.5,-0.00900712914691445,-0.900712914691445,0.8278533142136016
2022-05-05,FTSE_100,^FTSE,Yahoo Finance,7503.2998046875,0.001306919637522715,0.13069196375227152,0.8737169575734667
2022-05-06,FTSE_100,^FTSE,Yahoo Finance,7387.89990234375,-0.01549938417636534,-1.549938417636534,0.8053336823896081
2022-05-09,FTSE_100,^FTSE,Yahoo Finance,7216.60009765625,-0.02345957216947118,-2.3459572169471183,1.021187986125257
2022-05-10,FTSE_100,^FTSE,Yahoo Finance,7243.2001953125,0.0036791832699032893,0.36791832699032895,1.3784669768870887
2022-05-11,FTSE_100,^FTSE,Yahoo Finance,7347.7001953125,0.01432424100032349,1.432424100032349,1.206010199951131
2022-05-12,FTSE_100,^FTSE,Yahoo Finance,7233.2998046875,-0.015692029093924455,-1.5692029093924456,1.2117118571212553
2022-05-13,FTSE_100,^FTSE,Yahoo Finance,7418.2001953125,0.02524112990700308,2.524112990700308,1.274304830566077
2022-05-16,FTSE_100,^FTSE,Yahoo Finance,7464.7998046875,0.00626214629530434,0.6262146295304339,1.531725681024785
2022-05-17,FTSE_100,^FTSE,Yahoo Finance,7518.39990234375,0.007154723604237525,0.7154723604237525,1.3435083646717043
2022-05-18,FTSE_100,^FTSE,Yahoo Finance,7438.10009765625,-0.010737883361431048,-1.0737883361431049,1.2035818682617696
2022-05-19,FTSE_100,^FTSE,Yahoo Finance,7302.7001953125,-0.018371283485190945,-1.8371283485190946,1.1662419271052686
2022-05-20,FTSE_100,^FTSE,Yahoo Finance,7390.0,0.01188356542928539,1.188356542928539,1.3119395113683534
2022-05-23,FTSE_100,^FTSE,Yahoo Finance,7513.39990234375,0.0165603450608964,1.65603450608964,1.2421676096802892
2022-05-24,FTSE_100,^FTSE,Yahoo Finance,7484.39990234375,-0.0038672387310398626,-0.38672387310398626,1.2845806925213494
2022-05-25,FTSE_100,^FTSE,Yahoo Finance,7522.7998046875,0.0051175418330788175,0.5117541833078818,1.1407091468755417
2022-05-26,FTSE_100,^FTSE,Yahoo Finance,7564.89990234375,0.0055807323501238315,0.5580732350123832,1.0285105993287302
2022-05-27,FTSE_100,^FTSE,Yahoo Finance,7585.5,0.00271941473284061,0.271941473284061,0.9468977086269575
2022-05-30,FTSE_100,^FTSE,Yahoo Finance,7600.10009765625,0.0019228877437850263,0.1922887743785026,0.8649556508156405
2022-05-31,FTSE_100,^FTSE,Yahoo Finance,7607.7001953125,0.0009995000121710731,0.09995000121710731,0.8000837627289652
2022-06-01,FTSE_100,^FTSE,Yahoo Finance,7533.0,-0.009867549118408684,-0.9867549118408684,0.7499014421397205
2022-06-06,FTSE_100,^FTSE,Yahoo Finance,7608.2001953125,0.009933269843090725,0.9933269843090725,0.8423261547972987
2022-06-07,FTSE_100,^FTSE,Yahoo Finance,7598.89990234375,-0.0012231515632224305,-0.12231515632224305,0.8758509248576716
2022-06-08,FTSE_100,^FTSE,Yahoo Finance,7593.0,-0.000776716892329148,-0.0776716892329148,0.8104203979524844
2022-06-09,FTSE_100,^FTSE,Yahoo Finance,7476.2001953125,-0.015502102597104415,-1.5502102597104415,0.7598816408229758
2022-06-10,FTSE_100,^FTSE,Yahoo Finance,7317.5,-0.021455928050088426,-2.1455928050088424,0.9967672314535149
2022-06-13,FTSE_100,^FTSE,Yahoo Finance,7205.7998046875,-0.015382509396975398,-1.5382509396975397,1.3028302019890634
2022-06-14,FTSE_100,^FTSE,Yahoo Finance,7187.5,-0.002542824063459646,-0.2542824063459646,1.3284719441512447
2022-06-15,FTSE_100,^FTSE,Yahoo Finance,7273.39990234375,0.011880438047688607,1.1880438047688606,1.1671857914635868
2022-06-16,FTSE_100,^FTSE,Yahoo Finance,7045.0,-0.03190569882051383,-3.1905698820513826,1.1373052702137465
2022-06-17,FTSE_100,^FTSE,Yahoo Finance,7016.2998046875,-0.004082159624815188,-0.40821596248151876,1.7162540063700356
2022-06-20,FTSE_100,^FTSE,Yahoo Finance,7121.7998046875,0.014924489311414536,1.4924489311414535,1.484942304444652
2022-06-21,FTSE_100,^FTSE,Yahoo Finance,7152.10009765625,0.004245558493336111,0.42455584933361107,1.4214056258335093
2022-06-22,FTSE_100,^FTSE,Yahoo Finance,7089.2001953125,-0.008833506781020802,-0.8833506781020801,1.2429129001513668
2022-06-23,FTSE_100,^FTSE,Yahoo Finance,7020.5,-0.009738086176998279,-0.9738086176998278,1.163885339680131
2022-06-24,FTSE_100,^FTSE,Yahoo Finance,7208.7998046875,0.026468034272508687,2.6468034272508687,1.1203453883770766
2022-06-27,FTSE_100,^FTSE,Yahoo Finance,7258.2998046875,0.006843139883490644,0.6843139883490644,1.4840917971692469
2022-06-28,FTSE_100,^FTSE,Yahoo Finance,7323.39990234375,0.008929072946303582,0.8929072946303582,1.3105955667263047
2022-06-29,FTSE_100,^FTSE,Yahoo Finance,7312.2998046875,-0.001516852628400757,-0.1516852628400757,1.1981780135101938
2022-06-30,FTSE_100,^FTSE,Yahoo Finance,7169.2998046875,-0.019749841453615177,-1.9749841453615178,1.0599642785419168
2022-07-01,FTSE_100,^FTSE,Yahoo Finance,7168.7001953125,-8.363919310213807e-05,-0.008363919310213807,1.2867357050291437
2022-07-04,FTSE_100,^FTSE,Yahoo Finance,7232.7001953125,0.008888083045574207,0.8888083045574208,1.1264425373674658
2022-07-05,FTSE_100,^FTSE,Yahoo Finance,7025.5,-0.02906605038106109,-2.906605038106109,1.059488734591441
2022-07-06,FTSE_100,^FTSE,Yahoo Finance,7107.7998046875,0.01164635804359683,1.164635804359683,1.5826739348338372
2022-07-07,FTSE_100,^FTSE,Yahoo Finance,7189.10009765625,0.011373258521559584,1.1373258521559584,1.4415243742422599
2022-07-08,FTSE_100,^FTSE,Yahoo Finance,7196.2001953125,0.0009871324321630058,0.09871324321630058,1.330621071140725
2022-07-11,FTSE_100,^FTSE,Yahoo Finance,7196.60009765625,5.556977595930116e-05,0.005556977595930115,1.1609969028773075
2022-07-12,FTSE_100,^FTSE,Yahoo Finance,7209.89990234375,0.0018463621928729386,0.18463621928729385,1.0269609381838694
2022-07-13,FTSE_100,^FTSE,Yahoo Finance,7156.39990234375,-0.007448020442880891,-0.7448020442880892,0.9234670290535656
2022-07-14,FTSE_100,^FTSE,Yahoo Finance,7039.7998046875,-0.016427314656073694,-1.6427314656073695,0.9106871928188729
2022-07-15,FTSE_100,^FTSE,Yahoo Finance,7159.0,0.016790573482593277,1.6790573482593278,1.1066113535805475
2022-07-18,FTSE_100,^FTSE,Yahoo Finance,7223.2001953125,0.008927788636692614,0.8927788636692614,1.2009628045779273
2022-07-19,FTSE_100,^FTSE,Yahoo Finance,7296.2998046875,0.010069248528298158,1.0069248528298158,1.1154549719163152
2022-07-20,FTSE_100,^FTSE,Yahoo Finance,7264.2998046875,-0.0043954304600025374,-0.43954304600025373,1.0692740586576113
2022-07-21,FTSE_100,^FTSE,Yahoo Finance,7270.5,0.0008531518523672028,0.08531518523672027,0.9788859215049578
2022-07-22,FTSE_100,^FTSE,Yahoo Finance,7276.39990234375,0.0008111560135639202,0.08111560135639202,0.8850177901243116
2022-07-25,FTSE_100,^FTSE,Yahoo Finance,7306.2998046875,0.004100741953736014,0.41007419537360146,0.8134131216471917
2022-07-26,FTSE_100,^FTSE,Yahoo Finance,7306.2998046875,0.0,0.0,0.773769934535962
2022-07-27,FTSE_100,^FTSE,Yahoo Finance,7348.2001953125,0.005718448914094675,0.5718448914094675,0.7308403983530902
2022-07-28,FTSE_100,^FTSE,Yahoo Finance,7345.2998046875,-0.0003947855395474368,-0.03947855395474368,0.7315558668218382
2022-07-29,FTSE_100,^FTSE,Yahoo Finance,7423.39990234375,0.010576533783911496,1.0576533783911495,0.7008482855883431
2022-08-01,FTSE_100,^FTSE,Yahoo Finance,7413.39990234375,-0.0013479997905064738,-0.1347999790506474,0.7986714351877409
2022-08-02,FTSE_100,^FTSE,Yahoo Finance,7409.10009765625,-0.0005801726845146989,-0.05801726845146989,0.7535571576522677
2022-08-03,FTSE_100,^FTSE,Yahoo Finance,7445.7001953125,0.004927723159661764,0.4927723159661764,0.7174012361346234
2022-08-04,FTSE_100,^FTSE,Yahoo Finance,7448.10009765625,0.00032226863759584674,0.032226863759584674,0.7128847319218339
2022-08-05,FTSE_100,^FTSE,Yahoo Finance,7439.7001953125,-0.0011284277152819589,-0.11284277152819588,0.6860380329470886
2022-08-08,FTSE_100,^FTSE,Yahoo Finance,7482.39990234375,0.0057230313826267965,0.5723031382626796,0.6709122091358322
2022-08-09,FTSE_100,^FTSE,Yahoo Finance,7488.2001953125,0.0007748912162703653,0.07748912162703653,0.6905650922178904
2022-08-10,FTSE_100,^FTSE,Yahoo Finance,7507.10009765625,0.0025207781081405607,0.25207781081405606,0.6698567776528873
2022-08-11,FTSE_100,^FTSE,Yahoo Finance,7465.89990234375,-0.00550327914180897,-0.550327914180897,0.6598904549926722
2022-08-12,FTSE_100,^FTSE,Yahoo Finance,7500.89990234375,0.004677027054224202,0.4677027054224202,0.6991882240219148
2022-08-15,FTSE_100,^FTSE,Yahoo Finance,7509.2001953125,0.001105961154261398,0.11059611542613981,0.6974867866220882
2022-08-16,FTSE_100,^FTSE,Yahoo Finance,7536.10009765625,0.003575858305715734,0.3575858305715734,0.6750791146846005
2022-08-17,FTSE_100,^FTSE,Yahoo Finance,7515.7998046875,-0.002697374472181084,-0.2697374472181084,0.6704758179656176
2022-08-18,FTSE_100,^FTSE,Yahoo Finance,7541.89990234375,0.003466681405931355,0.3466681405931355,0.6708984102129169
2022-08-19,FTSE_100,^FTSE,Yahoo Finance,7550.39990234375,0.001126402338771503,0.11264023387715029,0.666698725596218
2022-08-22,FTSE_100,^FTSE,Yahoo Finance,7533.7998046875,-0.0022009923867456725,-0.22009923867456727,0.6531295769218611
2022-08-23,FTSE_100,^FTSE,Yahoo Finance,7488.10009765625,-0.006084429840824636,-0.6084429840824637,0.654633074206022
2022-08-24,FTSE_100,^FTSE,Yahoo Finance,7471.5,-0.0022193246291875293,-0.22193246291875293,0.7054777072017793
2022-08-25,FTSE_100,^FTSE,Yahoo Finance,7479.7001953125,0.001096928143241855,0.10969281432418551,0.6914913352345122
2022-08-26,FTSE_100,^FTSE,Yahoo Finance,7427.2998046875,-0.0070303356076518945,-0.7030335607651894,0.67076812190758
2022-08-30,FTSE_100,^FTSE,Yahoo Finance,7361.60009765625,-0.008885061050205458,-0.8885061050205457,0.7330663021653095
2022-08-31,FTSE_100,^FTSE,Yahoo Finance,7284.2001953125,-0.010569667942145396,-1.0569667942145395,0.8101208891630506
2022-09-01,FTSE_100,^FTSE,Yahoo Finance,7148.5,-0.018805101255468228,-1.8805101255468228,0.8958704440069505
2022-09-02,FTSE_100,^FTSE,Yahoo Finance,7281.2001953125,0.018393166126742994,1.8393166126742995,1.167952682908499
2022-09-05,FTSE_100,^FTSE,Yahoo Finance,7287.39990234375,0.0008511054410083659,0.08511054410083659,1.279879961635097
2022-09-06,FTSE_100,^FTSE,Yahoo Finance,7300.39990234375,0.0017823117420596299,0.178231174205963,1.1205935004477356
2022-09-07,FTSE_100,^FTSE,Yahoo Finance,7237.7998046875,-0.008611861964701754,-0.8611861964701755,0.9961227035496282
2022-09-08,FTSE_100,^FTSE,Yahoo Finance,7262.10009765625,0.0033517908237364856,0.3351790823736486,0.9813554478956791
2022-09-09,FTSE_100,^FTSE,Yahoo Finance,7351.10009765625,0.012180918519419546,1.2180918519419546,0.8943199919708659
2022-09-12,FTSE_100,^FTSE,Yahoo Finance,7473.0,0.016446549772805963,1.6446549772805963,0.9565526221733114
2022-09-13,FTSE_100,^FTSE,Yahoo Finance,7385.89990234375,-0.011723760959500428,-1.1723760959500429,1.0987109432319522
2022-09-14,FTSE_100,^FTSE,Yahoo Finance,7277.2998046875,-0.014812876532202337,-1.4812876532202337,1.1112953296353907
2022-09-15,FTSE_100,^FTSE,Yahoo Finance,7282.10009765625,0.0006594081040271144,0.06594081040271144,1.1877895944643502
2022-09-16,FTSE_100,^FTSE,Yahoo Finance,7236.7001953125,-0.006253967187558085,-0.6253967187558085,1.0477276303363805
2022-09-20,FTSE_100,^FTSE,Yahoo Finance,7192.7001953125,-0.006098678418551247,-0.6098678418551248,0.9833398213965349
2022-09-21,FTSE_100,^FTSE,Yahoo Finance,7237.60009765625,0.006223023267931892,0.6223023267931892,0.9339245447185724
2022-09-22,FTSE_100,^FTSE,Yahoo Finance,7159.5,-0.01084952709037598,-1.084952709037598,0.8831159175519128
2022-09-23,FTSE_100,^FTSE,Yahoo Finance,7018.60009765625,-0.019876364268559377,-1.9876364268559377,0.9487109398654141
2022-09-26,FTSE_100,^FTSE,Yahoo Finance,7021.0,0.00034187617174729305,0.034187617174729304,1.2287449910518002
2022-09-27,FTSE_100,^FTSE,Yahoo Finance,6984.60009765625,-0.005197918553346126,-0.5197918553346126,1.080133067231863
2022-09-28,FTSE_100,^FTSE,Yahoo Finance,7005.39990234375,0.0029735268067543437,0.29735268067543436,0.9951664369183136
2022-09-29,FTSE_100,^FTSE,Yahoo Finance,6881.60009765625,-0.017830069050263162,-1.7830069050263162,0.9029520204916096
2022-09-30,FTSE_100,^FTSE,Yahoo Finance,6893.7998046875,0.0017712313700083853,0.17712313700083854,1.1426440562345694
2022-10-03,FTSE_100,^FTSE,Yahoo Finance,6908.7998046875,0.002173504459980518,0.21735044599805178,1.013359118321477
2022-10-04,FTSE_100,^FTSE,Yahoo Finance,7086.5,0.02539563255657696,2.539563255657696,0.9138499152645727
2022-10-05,FTSE_100,^FTSE,Yahoo Finance,7052.60009765625,-0.004795208615473278,-0.47952086154732776,1.346080395021994
2022-10-06,FTSE_100,^FTSE,Yahoo Finance,6997.2998046875,-0.007872024559191953,-0.7872024559191954,1.1960283524353281
2022-10-07,FTSE_100,^FTSE,Yahoo Finance,6991.10009765625,-0.0008864069486811992,-0.08864069486811992,1.1151882696519602
2022-10-10,FTSE_100,^FTSE,Yahoo Finance,6959.2998046875,-0.00455905899073131,-0.455905899073131,0.9928997007093847
2022-10-11,FTSE_100,^FTSE,Yahoo Finance,6885.2001953125,-0.010704657728527266,-1.0704657728527265,0.9229417585988215
2022-10-12,FTSE_100,^FTSE,Yahoo Finance,6826.2001953125,-0.00860603037844421,-0.860603037844421,0.9716021576471459
2022-10-13,FTSE_100,^FTSE,Yahoo Finance,6850.2998046875,0.003524240020272473,0.35242400202724733,0.9640182065668617
2022-10-14,FTSE_100,^FTSE,Yahoo Finance,6858.7998046875,0.0012400524223214022,0.12400524223214023,0.882110059146327
2022-10-17,FTSE_100,^FTSE,Yahoo Finance,6920.2001953125,0.00891222832320111,0.8912228323201109,0.8115740693058907
2022-10-18,FTSE_100,^FTSE,Yahoo Finance,6936.7001953125,0.0023814860947462516,0.23814860947462516,0.8361654216619115
2022-10-19,FTSE_100,^FTSE,Yahoo Finance,6925.0,-0.0016881331909128832,-0.16881331909128833,0.780129570440113
2022-10-20,FTSE_100,^FTSE,Yahoo Finance,6943.89990234375,0.0027255101956909994,0.27255101956909994,0.741749437344198
2022-10-21,FTSE_100,^FTSE,Yahoo Finance,6969.7001953125,0.003708647993221564,0.3708647993221564,0.7123550717814505
2022-10-24,FTSE_100,^FTSE,Yahoo Finance,7014.0,0.006335941455671863,0.6335941455671863,0.6977994123927814
2022-10-25,FTSE_100,^FTSE,Yahoo Finance,7013.5,-7.128854039735269e-05,-0.007128854039735269,0.7172524712436849
2022-10-26,FTSE_100,^FTSE,Yahoo Finance,7056.10009765625,0.006055641602050739,0.6055641602050739,0.6897421388578231
2022-10-27,FTSE_100,^FTSE,Yahoo Finance,7073.7001953125,0.0024912038944149336,0.24912038944149337,0.7078317533566567
2022-10-28,FTSE_100,^FTSE,Yahoo Finance,7047.7001953125,-0.0036823584999039153,-0.36823584999039155,0.6867413785278887
2022-10-31,FTSE_100,^FTSE,Yahoo Finance,7094.5,0.006618485791080257,0.6618485791080257,0.6922595433752736
2022-11-01,FTSE_100,^FTSE,Yahoo Finance,7186.2001953125,0.012842711412976457,1.2842711412976457,0.7176978792814869
2022-11-02,FTSE_100,^FTSE,Yahoo Finance,7144.10009765625,-0.005875692472122633,-0.5875692472122632,0.8635389043240664
2022-11-03,FTSE_100,^FTSE,Yahoo Finance,7188.60009765625,0.006209596570563766,0.6209596570563766,0.8444310862484141
2022-11-04,FTSE_100,^FTSE,Yahoo Finance,7334.7998046875,0.020133666588026223,2.0133666588026222,0.8179368534409189
2022-11-07,FTSE_100,^FTSE,Yahoo Finance,7300.0,-0.004755769910329587,-0.4755769910329587,1.1282534490403675
2022-11-08,FTSE_100,^FTSE,Yahoo Finance,7306.10009765625,0.0008352808717086312,0.08352808717086312,1.0272031195134816
2022-11-09,FTSE_100,^FTSE,Yahoo Finance,7296.2998046875,-0.0013422854470153019,-0.13422854470153017,0.922281912997997
2022-11-10,FTSE_100,^FTSE,Yahoo Finance,7375.2998046875,0.010769209303646403,1.0769209303646403,0.8459554907732346
2022-11-11,FTSE_100,^FTSE,Yahoo Finance,7318.0,-0.007799486285670117,-0.7799486285670117,0.8949222116426878
2022-11-14,FTSE_100,^FTSE,Yahoo Finance,7385.2001953125,0.009140957388909713,0.9140957388909713,0.8965870916190214
2022-11-15,FTSE_100,^FTSE,Yahoo Finance,7369.39990234375,-0.0021417454765199954,-0.21417454765199953,0.8983662022258493
2022-11-16,FTSE_100,^FTSE,Yahoo Finance,7351.2001953125,-0.0024726867360753886,-0.24726867360753885,0.8320757423374409
2022-11-17,FTSE_100,^FTSE,Yahoo Finance,7346.5,-0.0006395824394653825,-0.06395824394653825,0.7849824345680455
2022-11-18,FTSE_100,^FTSE,Yahoo Finance,7385.5,0.00529460916465347,0.529460916465347,0.7406331074187947
2022-11-21,FTSE_100,^FTSE,Yahoo Finance,7376.89990234375,-0.0011651355722724019,-0.11651355722724019,0.733279599270392
2022-11-22,FTSE_100,^FTSE,Yahoo Finance,7452.7998046875,0.010236291575045858,1.0236291575045857,0.7049539976401367
2022-11-23,FTSE_100,^FTSE,Yahoo Finance,7465.2001953125,0.0016624739886092483,0.16624739886092482,0.7936035507727536
2022-11-24,FTSE_100,^FTSE,Yahoo Finance,7466.60009765625,0.00018750617077443983,0.018750617077443982,0.7461986743113035
2022-11-25,FTSE_100,^FTSE,Yahoo Finance,7486.7001953125,0.0026883844192806634,0.26883844192806633,0.7103681842247349
2022-11-28,FTSE_100,^FTSE,Yahoo Finance,7474.0,-0.0016978080166631868,-0.16978080166631868,0.6895680090815415
2022-11-29,FTSE_100,^FTSE,Yahoo Finance,7512.0,0.00507141084266954,0.507141084266954,0.6765937941024507
2022-11-30,FTSE_100,^FTSE,Yahoo Finance,7573.10009765625,0.008100765840239211,0.8100765840239211,0.6862552107730846
2022-12-01,FTSE_100,^FTSE,Yahoo Finance,7558.5,-0.0019297499395756143,-0.19297499395756143,0.7385985907615069
2022-12-02,FTSE_100,^FTSE,Yahoo Finance,7556.2001953125,-0.0003043136384486871,-0.03043136384486871,0.7131087812272872
2022-12-05,FTSE_100,^FTSE,Yahoo Finance,7567.5,0.0014943177455598138,0.1494317745559814,0.6872686134315034
2022-12-06,FTSE_100,^FTSE,Yahoo Finance,7521.39990234375,-0.0061104840505321455,-0.6110484050532146,0.6684415155389166
2022-12-07,FTSE_100,^FTSE,Yahoo Finance,7489.2001953125,-0.004290269038123542,-0.4290269038123542,0.7148673440173413
2022-12-08,FTSE_100,^FTSE,Yahoo Finance,7472.2001953125,-0.0022725155229161237,-0.22725155229161237,0.7189467588959115
2022-12-09,FTSE_100,^FTSE,Yahoo Finance,7476.60009765625,0.000588662954160335,0.058866295416033505,0.7014659113873992
2022-12-12,FTSE_100,^FTSE,Yahoo Finance,7446.0,-0.004101180805800062,-0.41011808058000626,0.6776677392199126
2022-12-13,FTSE_100,^FTSE,Yahoo Finance,7502.89990234375,0.007612624006314793,0.7612624006314793,0.6910484779578292
2022-12-14,FTSE_100,^FTSE,Yahoo Finance,7495.89990234375,-0.0009334080858979059,-0.09334080858979059,0.7330174330265055
2022-12-15,FTSE_100,^FTSE,Yahoo Finance,7426.2001953125,-0.00934187727858461,-0.934187727858461,0.7037452989508043
2022-12-16,FTSE_100,^FTSE,Yahoo Finance,7332.10009765625,-0.012752332045479722,-1.2752332045479722,0.8020340430410434
2022-12-19,FTSE_100,^FTSE,Yahoo Finance,7361.2998046875,0.003974538999032613,0.3974538999032613,0.9441178271648387
2022-12-20,FTSE_100,^FTSE,Yahoo Finance,7370.60009765625,0.0012626062172462452,0.12626062172462452,0.8699457121248144
2022-12-21,FTSE_100,^FTSE,Yahoo Finance,7497.2998046875,0.0170438024125066,1.70438024125066,0.8024279187427805
2022-12-22,FTSE_100,^FTSE,Yahoo Finance,7469.2998046875,-0.0037416692365214604,-0.37416692365214604,1.0265242080618313
2022-12-23,FTSE_100,^FTSE,Yahoo Finance,7473.0,0.0004952645090113546,0.04952645090113546,0.9405949178061757
2022-12-28,FTSE_100,^FTSE,Yahoo Finance,7497.2001953125,0.0032331186059320234,0.3233118605932023,0.8556580740883096
2022-12-29,FTSE_100,^FTSE,Yahoo Finance,7512.7001953125,0.002065304246690581,0.2065304246690581,0.7988741942867232
2022-12-30,FTSE_100,^FTSE,Yahoo Finance,7451.7001953125,-0.008152727310286068,-0.8152727310286068,0.7512800048999918
2023-01-03,FTSE_100,^FTSE,Yahoo Finance,7554.10009765625,0.013648254659328403,1.3648254659328403,0.8066191553209561
2023-01-04,FTSE_100,^FTSE,Yahoo Finance,7585.2001953125,0.0041085308834543765,0.41085308834543766,0.9363874719315121
2023-01-05,FTSE_100,^FTSE,Yahoo Finance,7633.5,0.006347449681587779,0.6347449681587779,0.8650758068039904
2023-01-06,FTSE_100,^FTSE,Yahoo Finance,7699.5,0.008608935971470435,0.8608935971470435,0.8344878723445129
2023-01-09,FTSE_100,^FTSE,Yahoo Finance,7724.89990234375,0.003293473388123449,0.3293473388123449,0.8464234226881366
2023-01-10,FTSE_100,^FTSE,Yahoo Finance,7694.5,-0.003943077152684498,-0.3943077152684498,0.79237008366454
2023-01-11,FTSE_100,^FTSE,Yahoo Finance,7725.0,0.003956034862039758,0.3956034862039758,0.7694392381768146
2023-01-12,FTSE_100,^FTSE,Yahoo Finance,7794.0,0.008892384132708289,0.8892384132708289,0.7406555865030013
2023-01-13,FTSE_100,^FTSE,Yahoo Finance,7844.10009765625,0.006407462383617648,0.6407462383617648,0.7887179874312018
2023-01-16,FTSE_100,^FTSE,Yahoo Finance,7860.10009765625,0.0020376721306595695,0.20376721306595694,0.7809373339668957
2023-01-17,FTSE_100,^FTSE,Yahoo Finance,7851.0,-0.0011584292146761225,-0.11584292146761224,0.7379623409326674
2023-01-18,FTSE_100,^FTSE,Yahoo Finance,7830.7001953125,-0.0025889815228585192,-0.25889815228585195,0.7083103997337097
2023-01-19,FTSE_100,^FTSE,Yahoo Finance,7747.2998046875,-0.010707560336057926,-1.0707560336057926,0.6964600229958783
2023-01-20,FTSE_100,^FTSE,Yahoo Finance,7770.60009765625,0.003003023685658996,0.3003023685658996,0.8302107264601196
2023-01-23,FTSE_100,^FTSE,Yahoo Finance,7784.7001953125,0.0018128999443891333,0.18128999443891333,0.7786662993311049
2023-01-24,FTSE_100,^FTSE,Yahoo Finance,7757.39990234375,-0.0035130800696105964,-0.3513080069610596,0.7355852300033227
2023-01-25,FTSE_100,^FTSE,Yahoo Finance,7744.89990234375,-0.00161266429710882,-0.161266429710882,0.7244882963560806
2023-01-26,FTSE_100,^FTSE,Yahoo Finance,7761.10009765625,0.0020895396887537243,0.20895396887537243,0.7009847928107064
2023-01-27,FTSE_100,^FTSE,Yahoo Finance,7765.2001953125,0.0005281487120810972,0.05281487120810972,0.6800849431225543
2023-01-30,FTSE_100,^FTSE,Yahoo Finance,7784.89990234375,0.002533709422621804,0.25337094226218043,0.6623642815671684
2023-01-31,FTSE_100,^FTSE,Yahoo Finance,7771.7001953125,-0.0016969916454852136,-0.16969916454852135,0.6546808131988486
2023-02-01,FTSE_100,^FTSE,Yahoo Finance,7761.10009765625,-0.0013648664892176776,-0.13648664892176776,0.6520593234230615
2023-02-02,FTSE_100,^FTSE,Yahoo Finance,7820.2001953125,0.007586065343843562,0.7586065343843562,0.6481982171180293
2023-02-03,FTSE_100,^FTSE,Yahoo Finance,7901.7998046875,0.0103804022502076,1.0380402250207599,0.7048135784142808
2023-02-06,FTSE_100,^FTSE,Yahoo Finance,7836.7001953125,-0.008272704596569307,-0.8272704596569307,0.7967021645609028
2023-02-07,FTSE_100,^FTSE,Yahoo Finance,7864.7001953125,0.0035665646355476487,0.3566564635547649,0.8386713444515751
2023-02-08,FTSE_100,^FTSE,Yahoo Finance,7885.2001953125,0.002603192536876267,0.2603192536876267,0.7883738850182188
2023-02-09,FTSE_100,^FTSE,Yahoo Finance,7911.2001953125,0.003291892182554052,0.3291892182554052,0.7457426220323554
2023-02-10,FTSE_100,^FTSE,Yahoo Finance,7882.5,-0.0036343892246652426,-0.36343892246652426,0.7186343431785872
2023-02-13,FTSE_100,^FTSE,Yahoo Finance,7947.60009765625,0.008224896147232635,0.8224896147232634,0.7138760356626866
2023-02-14,FTSE_100,^FTSE,Yahoo Finance,7953.89990234375,0.0007923535537020865,0.07923535537020865,0.7588127831188839
2023-02-15,FTSE_100,^FTSE,Yahoo Finance,7997.7998046875,0.005504117301610042,0.5504117301610042,0.7193455018539855
2023-02-16,FTSE_100,^FTSE,Yahoo Finance,8012.5,0.0018363428071646558,0.1836342807164656,0.7209165284104415
2023-02-17,FTSE_100,^FTSE,Yahoo Finance,8004.39990234375,-0.0010114439618381936,-0.10114439618381936,0.6935439034872716
2023-02-20,FTSE_100,^FTSE,Yahoo Finance,8014.2998046875,0.0012360433474922184,0.12360433474922185,0.6757113257111954
2023-02-21,FTSE_100,^FTSE,Yahoo Finance,7977.7998046875,-0.0045647618850428685,-0.45647618850428684,0.6596946920291323
2023-02-22,FTSE_100,^FTSE,Yahoo Finance,7930.60009765625,-0.005933952606141928,-0.5933952606141928,0.6850234885918733
2023-02-23,FTSE_100,^FTSE,Yahoo Finance,7907.7001953125,-0.0028917141205296146,-0.2891714120529615,0.7227328467221991
2023-02-24,FTSE_100,^FTSE,Yahoo Finance,7878.7001953125,-0.0036740525900993376,-0.36740525900993376,0.7093226301137222
2023-02-27,FTSE_100,^FTSE,Yahoo Finance,7935.10009765625,0.007133028169659873,0.7133028169659873,0.7078137759428154
2023-02-28,FTSE_100,^FTSE,Yahoo Finance,7876.2998046875,-0.007437742945105437,-0.7437742945105438,0.7361251799070421
2023-03-01,FTSE_100,^FTSE,Yahoo Finance,7914.89990234375,0.004888821020912945,0.48888210209129446,0.7829320873390276
2023-03-02,FTSE_100,^FTSE,Yahoo Finance,7944.0,0.0036698800667755906,0.36698800667755904,0.7588988929931423
2023-03-03,FTSE_100,^FTSE,Yahoo Finance,7947.10009765625,0.00039016778908027055,0.03901677890802705,0.7308102807224699
2023-03-06,FTSE_100,^FTSE,Yahoo Finance,7929.7998046875,-0.0021793045143929796,-0.21793045143929796,0.6989702413781071
2023-03-07,FTSE_100,^FTSE,Yahoo Finance,7919.5,-0.0012997174972208484,-0.12997174972208483,0.6865809779535462
2023-03-08,FTSE_100,^FTSE,Yahoo Finance,7929.89990234375,0.0013123403914873804,0.13123403914873805,0.6721644128937176
2023-03-09,FTSE_100,^FTSE,Yahoo Finance,7880.0,-0.006312509042037634,-0.6312509042037634,0.6573030885432248
2023-03-10,FTSE_100,^FTSE,Yahoo Finance,7748.39990234375,-0.016841546034911677,-1.6841546034911676,0.7112110563086198
2023-03-13,FTSE_100,^FTSE,Yahoo Finance,7548.60009765625,-0.02612422929487136,-2.6124229294871357,1.0128278455997393
2023-03-14,FTSE_100,^FTSE,Yahoo Finance,7637.10009765625,0.011655834214516462,1.1655834214516463,1.46121894035614
2023-03-15,FTSE_100,^FTSE,Yahoo Finance,7344.5,-0.03906622896518858,-3.9066228965188583,1.3496125635120404
2023-03-16,FTSE_100,^FTSE,Yahoo Finance,7410.0,0.008878705518663104,0.8878705518663105,2.0626255352862835
2023-03-17,FTSE_100,^FTSE,Yahoo Finance,7335.39990234375,-0.0101185094522654,-1.01185094522654,1.7880226577878933
2023-03-20,FTSE_100,^FTSE,Yahoo Finance,7403.89990234375,0.009294945361614088,0.9294945361614089,1.5969306250882105
2023-03-21,FTSE_100,^FTSE,Yahoo Finance,7536.2001953125,0.01771122689926453,1.7711226899264532,1.42318524124304
2023-03-22,FTSE_100,^FTSE,Yahoo Finance,7566.7998046875,0.004052128880992279,0.40521288809922784,1.4333513511834917
2023-03-23,FTSE_100,^FTSE,Yahoo Finance,7499.60009765625,-0.008920532189414635,-0.8920532189414635,1.2514270839310881
2023-03-24,FTSE_100,^FTSE,Yahoo Finance,7405.5,-0.012626731423296119,-1.2626731423296118,1.1714976072950862
2023-03-27,FTSE_100,^FTSE,Yahoo Finance,7471.7998046875,0.008912940448177194,0.8912940448177195,1.1798199328457002
2023-03-28,FTSE_100,^FTSE,Yahoo Finance,7484.2998046875,0.0016715591948446833,0.16715591948446834,1.0994597924011364
2023-03-29,FTSE_100,^FTSE,Yahoo Finance,7564.2998046875,0.010632318716232374,1.0632318716232374,0.979398777486011
2023-03-30,FTSE_100,^FTSE,Yahoo Finance,7620.39990234375,0.007389063199890225,0.7389063199890226,0.9824224746103097
2023-03-31,FTSE_100,^FTSE,Yahoo Finance,7631.7001953125,0.0014818018455297825,0.14818018455297824,0.9330594865727868
2023-04-03,FTSE_100,^FTSE,Yahoo Finance,7673.0,0.005397022405963948,0.5397022405963948,0.8506147791063533
2023-04-04,FTSE_100,^FTSE,Yahoo Finance,7634.5,-0.0050302245540988725,-0.5030224554098872,0.8130617308225088
2023-04-05,FTSE_100,^FTSE,Yahoo Finance,7662.89990234375,0.0037130407982255247,0.3713040798225525,0.7971574909477047
2023-04-06,FTSE_100,^FTSE,Yahoo Finance,7741.60009765625,0.010217907759419696,1.0217907759419695,0.7589024096113322
2023-04-11,FTSE_100,^FTSE,Yahoo Finance,7785.7001953125,0.005680345636796792,0.5680345636796792,0.8270716125826866
2023-04-12,FTSE_100,^FTSE,Yahoo Finance,7824.7998046875,0.005009409197572631,0.5009409197572632,0.7991619043619633
2023-04-13,FTSE_100,^FTSE,Yahoo Finance,7843.39990234375,0.0023742493383450748,0.23742493383450747,0.7717886283759509
2023-04-14,FTSE_100,^FTSE,Yahoo Finance,7871.89990234375,0.003627042639766591,0.3627042639766591,0.7325432870944905
2023-04-17,FTSE_100,^FTSE,Yahoo Finance,7879.5,0.0009650060684332968,0.09650060684332969,0.7115474356582183
2023-04-18,FTSE_100,^FTSE,Yahoo Finance,7909.39990234375,0.003787463125513653,0.37874631255136526,0.6850573046187395
2023-04-19,FTSE_100,^FTSE,Yahoo Finance,7898.7998046875,-0.00134108873134258,-0.134108873134258,0.6791926372893976
2023-04-20,FTSE_100,^FTSE,Yahoo Finance,7902.60009765625,0.0004810071342424313,0.04810071342424313,0.6671503482035616
2023-04-21,FTSE_100,^FTSE,Yahoo Finance,7914.10009765625,0.0014541594497542295,0.14541594497542296,0.6531782220781135
2023-04-24,FTSE_100,^FTSE,Yahoo Finance,7912.2001953125,-0.00024009431360540187,-0.024009431360540186,0.6441564684676033
2023-04-25,FTSE_100,^FTSE,Yahoo Finance,7891.10009765625,-0.0026703422453967316,-0.2670342245396732,0.6380317987097568
2023-04-26,FTSE_100,^FTSE,Yahoo Finance,7852.60009765625,-0.0048908549155740905,-0.48908549155740905,0.6482852430995698
2023-04-27,FTSE_100,^FTSE,Yahoo Finance,7831.60009765625,-0.0026778557130849763,-0.2677855713084976,0.6821092327766979
2023-04-28,FTSE_100,^FTSE,Yahoo Finance,7870.60009765625,0.004967466942336623,0.4967466942336623,0.6788242888799026
2023-05-02,FTSE_100,^FTSE,Yahoo Finance,7773.0,-0.012478120564749274,-1.2478120564749273,0.6865820350247935
2023-05-03,FTSE_100,^FTSE,Yahoo Finance,7788.39990234375,0.0019792444725669775,0.19792444725669775,0.8710219683595535
2023-05-04,FTSE_100,^FTSE,Yahoo Finance,7702.60009765625,-0.011077487840097681,-1.1077487840097682,0.8048098272157094
2023-05-05,FTSE_100,^FTSE,Yahoo Finance,7778.39990234375,0.009792702077959164,0.9792702077959163,0.904343738716427
2023-05-09,FTSE_100,^FTSE,Yahoo Finance,7764.10009765625,-0.0018400911979863863,-0.18400911979863863,0.9152492457841501
2023-05-10,FTSE_100,^FTSE,Yahoo Finance,7741.2998046875,-0.0029409508359700106,-0.29409508359700104,0.8430456800305737
2023-05-11,FTSE_100,^FTSE,Yahoo Finance,7730.60009765625,-0.0013831150413980639,-0.1383115041398064,0.7966768306166523
2023-05-12,FTSE_100,^FTSE,Yahoo Finance,7754.60009765625,0.0030997363823547217,0.3099736382354722,0.7522599187874243
2023-05-15,FTSE_100,^FTSE,Yahoo Finance,7777.7001953125,0.0029744615094858522,0.29744615094858523,0.722108749096609
2023-05-16,FTSE_100,^FTSE,Yahoo Finance,7751.10009765625,-0.0034259083987402783,-0.34259083987402783,0.6996146539352188
2023-05-17,FTSE_100,^FTSE,Yahoo Finance,7723.2001953125,-0.003605970163101752,-0.3605970163101752,0.6983543810412877
2023-05-18,FTSE_100,^FTSE,Yahoo Finance,7742.2998046875,0.0024699646419606264,0.24699646419606264,0.6994331615881828
2023-05-19,FTSE_100,^FTSE,Yahoo Finance,7756.89990234375,0.0018839813991266233,0.18839813991266233,0.6806311924300484
2023-05-22,FTSE_100,^FTSE,Yahoo Finance,7771.0,0.0018160989728624928,0.18160989728624927,0.6648118391407672
2023-05-23,FTSE_100,^FTSE,Yahoo Finance,7763.0,-0.0010299988035618296,-0.10299988035618296,0.65336641678879
2023-05-24,FTSE_100,^FTSE,Yahoo Finance,7627.10009765625,-0.017661150208478745,-1.7661150208478744,0.6473728574534339
2023-05-25,FTSE_100,^FTSE,Yahoo Finance,7570.89990234375,-0.007395769374830228,-0.7395769374830228,1.00943771985226
2023-05-26,FTSE_100,^FTSE,Yahoo Finance,7627.2001953125,0.007408893235555344,0.7408893235555344,0.9712344404128094
2023-05-30,FTSE_100,^FTSE,Yahoo Finance,7522.10009765625,-0.013875463796823298,-1.3875463796823297,0.9251471288966823
2023-05-31,FTSE_100,^FTSE,Yahoo Finance,7446.10009765625,-0.010154948773990063,-1.0154948773990062,1.0470103938734276
2023-06-01,FTSE_100,^FTSE,Yahoo Finance,7490.2998046875,0.005918405551183875,0.5918405551183875,1.044837385282224
2023-06-02,FTSE_100,^FTSE,Yahoo Finance,7607.2998046875,0.015499462867345265,1.5499462867345266,0.9624993879202441
2023-06-05,FTSE_100,^FTSE,Yahoo Finance,7600.0,-0.0009600396312199313,-0.09600396312199314,1.0780901249125823
2023-06-06,FTSE_100,^FTSE,Yahoo Finance,7628.10009765625,0.003690562758353794,0.36905627583537937,0.9642235310835536
2023-06-07,FTSE_100,^FTSE,Yahoo Finance,7624.2998046875,-0.000498320667137445,-0.0498320667137445,0.8832792794884021
2023-06-08,FTSE_100,^FTSE,Yahoo Finance,7599.7001953125,-0.0032316908545059475,-0.32316908545059475,0.8135536229040117
2023-06-09,FTSE_100,^FTSE,Yahoo Finance,7562.39990234375,-0.004920211313352327,-0.4920211313352327,0.7776236097496364
2023-06-12,FTSE_100,^FTSE,Yahoo Finance,7570.7001953125,0.001096972034484819,0.1096972034484819,0.7707345377942912
2023-06-13,FTSE_100,^FTSE,Yahoo Finance,7594.7998046875,0.00317821762038548,0.317821762038548,0.7283227775914051
2023-06-14,FTSE_100,^FTSE,Yahoo Finance,7602.7001953125,0.0010396961785388474,0.10396961785388474,0.7053523529855978
2023-06-15,FTSE_100,^FTSE,Yahoo Finance,7628.2998046875,0.0033615171007631353,0.3361517100763135,0.6806603628790193
2023-06-16,FTSE_100,^FTSE,Yahoo Finance,7642.7001953125,0.0018859792932247117,0.1885979293224712,0.6727547926588381
2023-06-19,FTSE_100,^FTSE,Yahoo Finance,7588.5,-0.007117026025077204,-0.7117026025077203,0.6592236183155817
2023-06-20,FTSE_100,^FTSE,Yahoo Finance,7569.2998046875,-0.0025333763249015314,-0.2533376324901531,0.7274298137366344
2023-06-21,FTSE_100,^FTSE,Yahoo Finance,7559.2001953125,-0.0013351767690622308,-0.13351767690622307,0.7095650900223003
2023-06-22,FTSE_100,^FTSE,Yahoo Finance,7502.0,-0.007595738664304112,-0.7595738664304112,0.6887375769688452
2023-06-23,FTSE_100,^FTSE,Yahoo Finance,7461.89990234375,-0.005359591270757274,-0.5359591270757273,0.755485221604688
2023-06-26,FTSE_100,^FTSE,Yahoo Finance,7453.60009765625,-0.001112910132969968,-0.11129101329699681,0.7613865939290857
2023-06-27,FTSE_100,^FTSE,Yahoo Finance,7461.5,0.0010593161334172478,0.10593161334172478,0.7251306905673355
2023-06-28,FTSE_100,^FTSE,Yahoo Finance,7500.5,0.00521321859742223,0.521321859742223,0.6949738288612973
2023-06-29,FTSE_100,^FTSE,Yahoo Finance,7471.7001953125,-0.003847108618926244,-0.38471086189262443,0.7005590629286536
2023-06-30,FTSE_100,^FTSE,Yahoo Finance,7531.5,0.007971648792851125,0.7971648792851125,0.7037002077041405
2023-07-03,FTSE_100,^FTSE,Yahoo Finance,7527.2998046875,-0.0005578393332663969,-0.05578393332663969,0.7476017179331363
2023-07-04,FTSE_100,^FTSE,Yahoo Finance,7519.7001953125,-0.0010101163050679847,-0.10101163050679847,0.7129883487521527
2023-07-05,FTSE_100,^FTSE,Yahoo Finance,7442.10009765625,-0.010373189318058905,-1.0373189318058906,0.689625937962173
2023-07-06,FTSE_100,^FTSE,Yahoo Finance,7280.5,-0.021953539035517302,-2.19535390355173,0.8179506099334106
2023-07-07,FTSE_100,^FTSE,Yahoo Finance,7256.89990234375,-0.0032468142235997574,-0.32468142235997577,1.2297780296206087
2023-07-10,FTSE_100,^FTSE,Yahoo Finance,7273.7998046875,0.002326097201724702,0.23260972017247022,1.0935956506262392
2023-07-11,FTSE_100,^FTSE,Yahoo Finance,7282.5,0.0011953857045054652,0.11953857045054653,0.9764693443811802
2023-07-12,FTSE_100,^FTSE,Yahoo Finance,7416.10009765625,0.018179115847473594,1.8179115847473595,0.8834227547456842
2023-07-13,FTSE_100,^FTSE,Yahoo Finance,7440.2001953125,0.003244430756171365,0.32444307561713653,1.1039610097873587
2023-07-14,FTSE_100,^FTSE,Yahoo Finance,7434.60009765625,-0.0007529644513587933,-0.07529644513587933,0.9881556196259775
2023-07-17,FTSE_100,^FTSE,Yahoo Finance,7406.39990234375,-0.0038003138942569376,-0.38003138942569376,0.8941198866481057
2023-07-18,FTSE_100,^FTSE,Yahoo Finance,7453.7001953125,0.006366101493757096,0.6366101493757096,0.8419844927884635
2023-07-19,FTSE_100,^FTSE,Yahoo Finance,7588.2001953125,0.017883855267585458,1.7883855267585458,0.8181465838649056
2023-07-20,FTSE_100,^FTSE,Yahoo Finance,7646.10009765625,0.007601291823883052,0.7601291823883052,1.0596519738769563
2023-07-21,FTSE_100,^FTSE,Yahoo Finance,7663.7001953125,0.002299194643003769,0.22991946430037688,0.9927158167326978
2023-07-24,FTSE_100,^FTSE,Yahoo Finance,7678.60009765625,0.0019423302560331137,0.19423302560331138,0.8983692425316055
2023-07-25,FTSE_100,^FTSE,Yahoo Finance,7691.7998046875,0.0017175493624129385,0.17175493624129384,0.8253302447809642
2023-07-26,FTSE_100,^FTSE,Yahoo Finance,7676.89990234375,-0.0019389938376104738,-0.19389938376104737,0.7698799444412912
2023-07-27,FTSE_100,^FTSE,Yahoo Finance,7692.7998046875,0.002068993971094569,0.20689939710945693,0.7358013712798993
2023-07-28,FTSE_100,^FTSE,Yahoo Finance,7694.2998046875,0.00019496851815239223,0.019496851815239222,0.7051047208538961
2023-07-31,FTSE_100,^FTSE,Yahoo Finance,7699.39990234375,0.0006626214542210339,0.06626214542210339,0.680561632447198
2023-08-01,FTSE_100,^FTSE,Yahoo Finance,7666.2998046875,-0.004308316508397497,-0.4308316508397497,0.6626833309399307
2023-08-02,FTSE_100,^FTSE,Yahoo Finance,7561.60009765625,-0.013751253628405768,-1.3751253628405768,0.6835590409140934
2023-08-03,FTSE_100,^FTSE,Yahoo Finance,7529.2001953125,-0.004294000516655197,-0.4294000516655197,0.9053199594097211
2023-08-04,FTSE_100,^FTSE,Yahoo Finance,7564.39990234375,0.004664198152444649,0.46641981524446496,0.855213177605564
2023-08-07,FTSE_100,^FTSE,Yahoo Finance,7554.5,-0.0013096063632424728,-0.1309606363242473,0.8092228633787384
2023-08-08,FTSE_100,^FTSE,Yahoo Finance,7527.39990234375,-0.0035937285087341182,-0.3593728508734118,0.7611580634218854
2023-08-09,FTSE_100,^FTSE,Yahoo Finance,7587.2998046875,0.007926087463826274,0.7926087463826275,0.7434498591440191
2023-08-10,FTSE_100,^FTSE,Yahoo Finance,7618.60009765625,0.004116867449840238,0.4116867449840238,0.7730937576647949
2023-08-11,FTSE_100,^FTSE,Yahoo Finance,7524.2001953125,-0.012468119953753699,-1.2468119953753698,0.7446270032597706
2023-08-14,FTSE_100,^FTSE,Yahoo Finance,7507.2001953125,-0.0022619325952821794,-0.22619325952821795,0.9032903840195654
2023-08-15,FTSE_100,^FTSE,Yahoo Finance,7389.60009765625,-0.015788966542028198,-1.5788966542028198,0.8365190785524669
2023-08-16,FTSE_100,^FTSE,Yahoo Finance,7356.89990234375,-0.004434984424923136,-0.4434984424923136,1.0467025295061565
2023-08-17,FTSE_100,^FTSE,Yahoo Finance,7310.2001953125,-0.006367975200361731,-0.6367975200361731,0.9621622751926627
2023-08-18,FTSE_100,^FTSE,Yahoo Finance,7262.39990234375,-0.0065603206131066155,-0.6560320613106616,0.9221349520075305
2023-08-21,FTSE_100,^FTSE,Yahoo Finance,7257.7998046875,-0.0006336135732238913,-0.06336135732238914,0.8960473205729695
2023-08-22,FTSE_100,^FTSE,Yahoo Finance,7270.7998046875,0.0017895741942077768,0.17895741942077767,0.8235640211069136
2023-08-23,FTSE_100,^FTSE,Yahoo Finance,7320.5,0.006812331757180876,0.6812331757180876,0.7687521687964037
2023-08-24,FTSE_100,^FTSE,Yahoo Finance,7333.60009765625,0.0017879093303059565,0.17879093303059565,0.7726790652215105
2023-08-25,FTSE_100,^FTSE,Yahoo Finance,7338.60009765625,0.0006815610647337623,0.06815610647337624,0.7311131166142221
2023-08-29,FTSE_100,^FTSE,Yahoo Finance,7465.0,0.017077328944714004,1.7077328944714005,0.6991017673476007
2023-08-30,FTSE_100,^FTSE,Yahoo Finance,7473.7001953125,0.0011647862507982456,0.11647862507982455,0.9736199569896583
2023-08-31,FTSE_100,^FTSE,Yahoo Finance,7439.10009765625,-0.004640330328646483,-0.4640330328646483,0.88120117380567
2023-09-01,FTSE_100,^FTSE,Yahoo Finance,7464.5,0.0034085625982021063,0.3408562598202106,0.8413678168430738
2023-09-04,FTSE_100,^FTSE,Yahoo Finance,7452.7998046875,-0.0015686750102167774,-0.15686750102167774,0.7893358189041367
2023-09-05,FTSE_100,^FTSE,Yahoo Finance,7437.89990234375,-0.002001236692657492,-0.2001236692657492,0.747824520386265
2023-09-06,FTSE_100,^FTSE,Yahoo Finance,7426.10009765625,-0.001587702794166491,-0.1587702794166491,0.7202330305661415
2023-09-07,FTSE_100,^FTSE,Yahoo Finance,7441.7001953125,0.0020985085989515253,0.20985085989515254,0.6977841354440091
2023-09-08,FTSE_100,^FTSE,Yahoo Finance,7478.2001953125,0.00489280382045632,0.489280382045632,0.6778284022549369
2023-09-11,FTSE_100,^FTSE,Yahoo Finance,7496.89990234375,0.002497441303070781,0.24974413030707812,0.685049912821669
2023-09-12,FTSE_100,^FTSE,Yahoo Finance,7527.5,0.004073392636806076,0.40733926368060763,0.6705246501929938
2023-09-13,FTSE_100,^FTSE,Yahoo Finance,7526.0,-0.00019928920250634926,-0.019928920250634925,0.6715830724621571
2023-09-14,FTSE_100,^FTSE,Yahoo Finance,7673.10009765625,0.01935702637855697,1.935702637855697,0.6572921206981901
2023-09-15,FTSE_100,^FTSE,Yahoo Finance,7711.39990234375,0.0049790222380440416,0.49790222380440413,1.0267839877334477
2023-09-18,FTSE_100,^FTSE,Yahoo Finance,7652.89990234375,-0.007615092577319914,-0.7615092577319914,0.9402200664491197
2023-09-19,FTSE_100,^FTSE,Yahoo Finance,7660.2001953125,0.000953470358745854,0.0953470358745854,0.9252169132744177
2023-09-20,FTSE_100,^FTSE,Yahoo Finance,7731.7001953125,0.009290667492274541,0.9290667492274541,0.8439969577019796
2023-09-21,FTSE_100,^FTSE,Yahoo Finance,7678.60009765625,-0.006891534467802342,-0.6891534467802343,0.8649364896421906
2023-09-22,FTSE_100,^FTSE,Yahoo Finance,7683.89990234375,0.0006899664634987011,0.06899664634987011,0.8606749220601712
2023-09-25,FTSE_100,^FTSE,Yahoo Finance,7624.0,-0.007826051705342335,-0.7826051705342335,0.7950257429742661
2023-09-26,FTSE_100,^FTSE,Yahoo Finance,7625.7001953125,0.0002229808190023209,0.022298081900232088,0.8290758598025162
2023-09-27,FTSE_100,^FTSE,Yahoo Finance,7593.2001953125,-0.004271011514626218,-0.42710115146262184,0.7715523798891962
2023-09-28,FTSE_100,^FTSE,Yahoo Finance,7601.89990234375,0.001145067544920719,0.1145067544920719,0.758348866864014
2023-09-29,FTSE_100,^FTSE,Yahoo Finance,7608.10009765625,0.0008152788502206963,0.08152788502206963,0.7192876615937408
2023-10-02,FTSE_100,^FTSE,Yahoo Finance,7510.7001953125,-0.012884785559908725,-1.2884785559908725,0.6905581165594225
2023-10-03,FTSE_100,^FTSE,Yahoo Finance,7470.2001953125,-0.005406897797929749,-0.540689779792975,0.8844338864254446
2023-10-04,FTSE_100,^FTSE,Yahoo Finance,7412.5,-0.007754034369736219,-0.7754034369736219,0.8530565263603929
2023-10-05,FTSE_100,^FTSE,Yahoo Finance,7451.5,0.005247590082866641,0.5247590082866641,0.8669587989994035
2023-10-06,FTSE_100,^FTSE,Yahoo Finance,7494.60009765625,0.0057674198412862145,0.5767419841286214,0.8234304573092351
2023-10-09,FTSE_100,^FTSE,Yahoo Finance,7492.2001953125,-0.00032026881220129094,-0.032026881220129096,0.7975529808324342
2023-10-10,FTSE_100,^FTSE,Yahoo Finance,7628.2001953125,0.017989426755117735,1.7989426755117734,0.7490298972496382
2023-10-11,FTSE_100,^FTSE,Yahoo Finance,7620.0,-0.0010755624923581102,-0.10755624923581102,1.0267568518231274
2023-10-12,FTSE_100,^FTSE,Yahoo Finance,7644.7998046875,0.0032492829023862122,0.32492829023862124,0.9248468573343228
2023-10-13,FTSE_100,^FTSE,Yahoo Finance,7599.60009765625,-0.005930025422510287,-0.5930025422510288,0.8508601914879125
2023-10-16,FTSE_100,^FTSE,Yahoo Finance,7630.60009765625,0.004070864783559929,0.40708647835599293,0.8362145947811327
2023-10-17,FTSE_100,^FTSE,Yahoo Finance,7675.2001953125,0.005827885250891048,0.5827885250891048,0.7902443196518543
2023-10-18,FTSE_100,^FTSE,Yahoo Finance,7588.0,-0.011426325140113951,-1.142632514011395,0.7746017392857095
2023-10-19,FTSE_100,^FTSE,Yahoo Finance,7499.5,-0.01173170041949067,-1.1731700419490672,0.8943141470759175
2023-10-20,FTSE_100,^FTSE,Yahoo Finance,7402.10009765625,-0.013072594725324373,-1.3072594725324373,0.9758265164894103
2023-10-23,FTSE_100,^FTSE,Yahoo Finance,7374.7998046875,-0.003695000197623524,-0.36950001976235236,1.0591957177889202
2023-10-24,FTSE_100,^FTSE,Yahoo Finance,7389.7001953125,0.002018408436946463,0.2018408436946463,0.9650555547251718
2023-10-25,FTSE_100,^FTSE,Yahoo Finance,7414.2998046875,0.0033233763869951758,0.3323376386995176,0.8762960930652471
2023-10-26,FTSE_100,^FTSE,Yahoo Finance,7354.60009765625,-0.008084560473784912,-0.8084560473784912,0.8148023025018359
2023-10-27,FTSE_100,^FTSE,Yahoo Finance,7291.2998046875,-0.008644151270633943,-0.8644151270633943,0.8471078799868689
2023-10-30,FTSE_100,^FTSE,Yahoo Finance,7327.39990234375,0.004938903153010471,0.4938903153010471,0.8793577859570129
2023-10-31,FTSE_100,^FTSE,Yahoo Finance,7321.7001953125,-0.0007781648402796855,-0.07781648402796855,0.8295150002239027
2023-11-01,FTSE_100,^FTSE,Yahoo Finance,7342.39990234375,0.0028231832355315677,0.2823183235531568,0.7740730248864217
2023-11-02,FTSE_100,^FTSE,Yahoo Finance,7446.5,0.014078371985670569,1.4078371985670568,0.7363790916200745
2023-11-03,FTSE_100,^FTSE,Yahoo Finance,7417.7001953125,-0.0038750609312920973,-0.38750609312920975,0.9067455156261633
2023-11-06,FTSE_100,^FTSE,Yahoo Finance,7417.7998046875,1.3428516059628786e-05,0.0013428516059628786,0.8520332279362804
2023-11-07,FTSE_100,^FTSE,Yahoo Finance,7410.0,-0.0010520516205573141,-0.10520516205573141,0.7890001441649925
2023-11-08,FTSE_100,^FTSE,Yahoo Finance,7401.7001953125,-0.0011207093644566765,-0.11207093644566765,0.7451052585079087
2023-11-09,FTSE_100,^FTSE,Yahoo Finance,7455.7001953125,0.007269136775157048,0.7269136775157048,0.713315768582259
2023-11-10,FTSE_100,^FTSE,Yahoo Finance,7360.60009765625,-0.012837402294066496,-1.2837402294066496,0.7419963620863731
2023-11-13,FTSE_100,^FTSE,Yahoo Finance,7425.7998046875,0.00881893226601809,0.8818932266018089,0.911647672253789
2023-11-14,FTSE_100,^FTSE,Yahoo Finance,7440.5,0.0019776541973201786,0.19776541973201786,0.9034520906009244
2023-11-15,FTSE_100,^FTSE,Yahoo Finance,7486.89990234375,0.006216762743192039,0.6216762743192039,0.8292784147911373
2023-11-16,FTSE_100,^FTSE,Yahoo Finance,7411.0,-0.010189430661938191,-1.018943066193819,0.8071810018395585
2023-11-17,FTSE_100,^FTSE,Yahoo Finance,7504.2998046875,0.012510780586869078,1.251078058686908,0.8854432352248062
2023-11-20,FTSE_100,^FTSE,Yahoo Finance,7496.39990234375,-0.0010532712777898462,-0.10532712777898462,0.9581516722094898
2023-11-21,FTSE_100,^FTSE,Yahoo Finance,7482.0,-0.0019227563523467137,-0.19227563523467137,0.8721057536631086
2023-11-22,FTSE_100,^FTSE,Yahoo Finance,7469.5,-0.0016720734257195118,-0.1672073425719512,0.81111006462923
2023-11-23,FTSE_100,^FTSE,Yahoo Finance,7483.60009765625,0.001885910178259322,0.1885910178259322,0.7644048419499908
2023-11-24,FTSE_100,^FTSE,Yahoo Finance,7488.2001953125,0.0006145016245193983,0.06145016245193983,0.7253347364587271
2023-11-27,FTSE_100,^FTSE,Yahoo Finance,7460.7001953125,-0.0036792045304536686,-0.36792045304536686,0.69490704800075
2023-11-28,FTSE_100,^FTSE,Yahoo Finance,7455.2001953125,-0.0007374680850947107,-0.07374680850947107,0.6978638376850934
2023-11-29,FTSE_100,^FTSE,Yahoo Finance,7423.5,-0.0042611576095519885,-0.4261157609551989,0.6776725076178359
2023-11-30,FTSE_100,^FTSE,Yahoo Finance,7453.7998046875,0.0040732991845578185,0.40732991845578187,0.693085409624899
2023-12-01,FTSE_100,^FTSE,Yahoo Finance,7529.39990234375,0.010091401129718068,1.0091401129718067,0.6873150349975629
2023-12-04,FTSE_100,^FTSE,Yahoo Finance,7513.0,-0.0021804910051657243,-0.21804910051657242,0.779566250201928
2023-12-05,FTSE_100,^FTSE,Yahoo Finance,7489.7998046875,-0.0030927845612322763,-0.30927845612322763,0.7444582075938386
2023-12-06,FTSE_100,^FTSE,Yahoo Finance,7515.39990234375,0.0034121668480685706,0.3412166848068571,0.7266070819833369
2023-12-07,FTSE_100,^FTSE,Yahoo Finance,7513.7001953125,-0.0002261887973933426,-0.02261887973933426,0.70571787548189
2023-12-08,FTSE_100,^FTSE,Yahoo Finance,7554.5,0.005415365321292119,0.5415365321292119,0.6817548427798376
2023-12-11,FTSE_100,^FTSE,Yahoo Finance,7544.89990234375,-0.0012715868195952945,-0.12715868195952945,0.6939496281326067
2023-12-12,FTSE_100,^FTSE,Yahoo Finance,7542.7998046875,-0.00027838540143187784,-0.027838540143187783,0.6772561841003367
2023-12-13,FTSE_100,^FTSE,Yahoo Finance,7548.39990234375,0.0007421673587278054,0.07421673587278055,0.6615189914201062
2023-12-14,FTSE_100,^FTSE,Yahoo Finance,7649.0,0.013239313004269804,1.3239313004269804,0.6491556988303817
2023-12-15,FTSE_100,^FTSE,Yahoo Finance,7576.39990234375,-0.009536780428811563,-0.9536780428811562,0.835749594764495
2023-12-18,FTSE_100,^FTSE,Yahoo Finance,7614.5,0.0050161843986911234,0.5016184398691124,0.8897443498668633
2023-12-19,FTSE_100,^FTSE,Yahoo Finance,7638.0,0.0030814644937158676,0.30814644937158675,0.837902942602937
2023-12-20,FTSE_100,^FTSE,Yahoo Finance,7715.7001953125,0.010121450549114052,1.0121450549114053,0.7848061630083092
2023-12-21,FTSE_100,^FTSE,Yahoo Finance,7694.7001953125,-0.002725433793628834,-0.27254337936288336,0.8417215006961745
2023-12-22,FTSE_100,^FTSE,Yahoo Finance,7697.5,0.00036379525770869974,0.036379525770869975,0.7939829680350896
2023-12-27,FTSE_100,^FTSE,Yahoo Finance,7725.0,0.0035662219672907905,0.356622196729079,0.7453364950817223
2023-12-28,FTSE_100,^FTSE,Yahoo Finance,7722.7001953125,-0.0002977536688845486,-0.02977536688845486,0.7202687809485945
2023-12-29,FTSE_100,^FTSE,Yahoo Finance,7733.2001953125,0.001358704617647271,0.1358704617647271,0.692421525808832
2021-01-04,WIG20,WIG20,Stooq,2008.75,,,
2021-01-05,WIG20,WIG20,Stooq,2009.12,0.00018417718893135927,0.018417718893135926,1.4994885937453302
2021-01-07,WIG20,WIG20,Stooq,2074.11,0.031835330750860785,3.1835330750860784,1.4527054190997544
2021-01-08,WIG20,WIG20,Stooq,2072.74,-0.0006607425153276663,-0.06607425153276662,1.6037123566537388
2021-01-11,WIG20,WIG20,Stooq,2066.97,-0.0027876366878433747,-0.27876366878433745,1.551824408837187
2021-01-12,WIG20,WIG20,Stooq,2043.73,-0.011307197123384202,-1.1307197123384203,1.5044619299692583
2021-01-13,WIG20,WIG20,Stooq,2023.36,-0.01001707379471094,-1.001707379471094,1.4857157740009463
2021-01-14,WIG20,WIG20,Stooq,2031.71,0.004118307107717222,0.41183071077172223,1.4624069419849173
2021-01-15,WIG20,WIG20,Stooq,1985.68,-0.022916378250608504,-2.2916378250608505,1.42031857691156
2021-01-18,WIG20,WIG20,Stooq,2023.74,0.018985859930475666,1.8985859930475666,1.4919923430288724
2021-01-19,WIG20,WIG20,Stooq,1980.12,-0.021789835745119054,-2.1789835745119053,1.5147929740090935
2021-01-20,WIG20,WIG20,Stooq,1986.09,0.003010432886153539,0.3010432886153539,1.5652205850944028
2021-01-21,WIG20,WIG20,Stooq,1953.49,-0.016550365333993126,-1.6550365333993127,1.5162908170649312
2021-01-22,WIG20,WIG20,Stooq,1952.67,-0.0004198496795038338,-0.04198496795038338,1.526667738276328
2021-01-25,WIG20,WIG20,Stooq,1945.78,-0.0035347418455368203,-0.353474184553682,1.478626935598901
2021-01-26,WIG20,WIG20,Stooq,1981.98,0.018433420081830673,1.8433420081830674,1.4362895071959818
2021-01-27,WIG20,WIG20,Stooq,1929.21,-0.0269857523445324,-2.69857523445324,1.460383669333358
2021-01-28,WIG20,WIG20,Stooq,1987.83,0.029932998804464598,2.9932998804464597,1.567178218903508
2021-01-29,WIG20,WIG20,Stooq,1948.01,-0.020235252822066625,-2.0235252822066627,1.679333179140957
2021-02-01,WIG20,WIG20,Stooq,1967.72,0.010067173407654123,1.0067173407654122,1.7007681083812682
2021-02-02,WIG20,WIG20,Stooq,1954.02,-0.006986723102303334,-0.6986723102303334,1.6603893483502616
2021-02-03,WIG20,WIG20,Stooq,1940.69,-0.006845209040031797,-0.6845209040031797,1.615784196756545
2021-02-04,WIG20,WIG20,Stooq,1927.02,-0.007068811737149847,-0.7068811737149847,1.5733016963063033
2021-02-05,WIG20,WIG20,Stooq,1957.73,0.01581087058220169,1.581087058220169,1.5338946513784262
2021-02-08,WIG20,WIG20,Stooq,1952.1,-0.0028799226008529165,-0.28799226008529166,1.5319114512889864
2021-02-09,WIG20,WIG20,Stooq,1941.6,-0.00539334075665647,-0.5393340756656471,1.4857223428483568
2021-02-10,WIG20,WIG20,Stooq,1917.54,-0.012469260893120646,-1.2469260893120646,1.4468146386777831
2021-02-11,WIG20,WIG20,Stooq,1954.92,0.019306157346807323,1.9306157346807322,1.4381620874155931
2021-02-12,WIG20,WIG20,Stooq,1937.07,-0.009172749753771237,-0.9172749753771238,1.4686314622483176
2021-02-15,WIG20,WIG20,Stooq,1974.82,0.019300732828975768,1.9300732828975768,1.4429402909616786
2021-02-16,WIG20,WIG20,Stooq,2004.54,0.0149373530432011,1.49373530432011,1.4728885715748758
2021-02-17,WIG20,WIG20,Stooq,1986.8,-0.008889303751288574,-0.8889303751288574,1.4706105594291672
2021-02-18,WIG20,WIG20,Stooq,1980.77,-0.003039646253410758,-0.3039646253410758,1.4436716038484518
2021-02-19,WIG20,WIG20,Stooq,1985.31,0.0022894152326753915,0.22894152326753914,1.402448919968401
2021-02-22,WIG20,WIG20,Stooq,1961.62,-0.012004410763979652,-1.2004410763979652,1.3614641676721537
2021-02-23,WIG20,WIG20,Stooq,1922.59,-0.02009742712021121,-2.009742712021121,1.3568603207143262
2021-02-24,WIG20,WIG20,Stooq,1937.9,0.007931677203934773,0.7931677203934774,1.4106387972709227
2021-02-25,WIG20,WIG20,Stooq,1936.47,-0.0007381845641670838,-0.07381845641670838,1.3805720817247689
2021-02-26,WIG20,WIG20,Stooq,1907.28,-0.015188584668003066,-1.5188584668003067,1.3403815907661119
2021-03-01,WIG20,WIG20,Stooq,1949.57,0.02193069212071915,2.193069212071915,1.3573759307770137
2021-03-02,WIG20,WIG20,Stooq,1959.52,0.0050907098522243585,0.5090709852224359,1.4187036330167788
2021-03-03,WIG20,WIG20,Stooq,1943.24,-0.008342862194157348,-0.8342862194157348,1.3807408929415597
2021-03-04,WIG20,WIG20,Stooq,1944.86,0.0008333119486356941,0.08333119486356941,1.357520240596259
2021-03-05,WIG20,WIG20,Stooq,1939.59,-0.002713384511755663,-0.2713384511755663,1.3182631684576893
2021-03-08,WIG20,WIG20,Stooq,1965.25,0.013142853158166035,1.3142853158166035,1.2835126839625883
2021-03-09,WIG20,WIG20,Stooq,1994.18,0.014613474586190412,1.4613474586190411,1.2861229707907793
2021-03-10,WIG20,WIG20,Stooq,2003.55,0.004687668831167585,0.4687668831167585,1.2976353513071612
2021-03-11,WIG20,WIG20,Stooq,1994.38,-0.004587382010777494,-0.4587382010777494,1.265803637333189
2021-03-12,WIG20,WIG20,Stooq,2006.11,0.005864298431542912,0.5864298431542913,1.2378141755118701
2021-03-15,WIG20,WIG20,Stooq,2001.24,-0.0024305350905014047,-0.24305350905014048,1.2123086134077865
2021-03-16,WIG20,WIG20,Stooq,1981.41,-0.009958275958784443,-0.9958275958784444,1.183255140329971
2021-03-17,WIG20,WIG20,Stooq,1939.01,-0.021631178935774622,-2.163117893577462,1.1817038184539796
2021-03-18,WIG20,WIG20,Stooq,1960.75,0.01114951956584685,1.114951956584685,1.2730743740844312
2021-03-19,WIG20,WIG20,Stooq,1927.56,-0.0170720987351008,-1.70720987351008,1.2656099977688149
2021-03-22,WIG20,WIG20,Stooq,1929.12,0.0008089860113254932,0.08089860113254932,1.3042189842664735
2021-03-23,WIG20,WIG20,Stooq,1923.55,-0.002891503233238183,-0.2891503233238183,1.2678706012978849
2021-03-24,WIG20,WIG20,Stooq,1899.95,-0.012344867116970725,-1.2344867116970726,1.236286960583042
2021-03-25,WIG20,WIG20,Stooq,1876.85,-0.012232730383229215,-1.2232730383229216,1.2440074833626487
2021-03-26,WIG20,WIG20,Stooq,1918.71,0.022058245577107543,2.2058245577107543,1.2503707717644064
2021-03-29,WIG20,WIG20,Stooq,1953.02,0.017723807266975602,1.7723807266975602,1.3265380998409733
2021-03-30,WIG20,WIG20,Stooq,1942.32,-0.005493757624089654,-0.5493757624089655,1.35619204444163
2021-03-31,WIG20,WIG20,Stooq,1938.84,-0.0017932787788167408,-0.1793278778816741,1.3250928197298537
2021-04-01,WIG20,WIG20,Stooq,1954.38,0.007983151494741669,0.7983151494741668,1.2887842046288926
2021-04-06,WIG20,WIG20,Stooq,2012.87,0.029488556754402904,2.9488556754402904,1.2666131461787191
2021-04-07,WIG20,WIG20,Stooq,1998.73,-0.007049585481691618,-0.7049585481691618,1.4220677442599055
2021-04-08,WIG20,WIG20,Stooq,1980.32,-0.009253531052480222,-0.9253531052480222,1.3916084531646478
2021-04-09,WIG20,WIG20,Stooq,1975.11,-0.0026343548049341777,-0.26343548049341775,1.371373209875178
2021-04-12,WIG20,WIG20,Stooq,1982.58,0.0037749337975945428,0.3774933797594543,1.3335332990979112
2021-04-13,WIG20,WIG20,Stooq,1974.73,-0.003967346655417666,-0.3967346655417666,1.2980461243306471
2021-04-14,WIG20,WIG20,Stooq,2011.96,0.01867769117734527,1.867769117734527,1.2667172322274034
2021-04-15,WIG20,WIG20,Stooq,2019.29,0.003636593155052438,0.3636593155052438,1.31034508974932
2021-04-16,WIG20,WIG20,Stooq,2012.27,-0.003482526414029764,-0.3482526414029764,1.275962385764963
2021-04-19,WIG20,WIG20,Stooq,1998.99,-0.006621385060685943,-0.6621385060685943,1.244955532105732
2021-04-20,WIG20,WIG20,Stooq,1987.76,-0.005633676403964452,-0.5633676403964452,1.2243159913264456
2021-04-21,WIG20,WIG20,Stooq,1982.4,-0.002700144707794473,-0.2700144707794473,1.2017948726650174
2021-04-22,WIG20,WIG20,Stooq,1989.73,0.0036907192465545206,0.3690719246554521,1.173782840615818
2021-04-23,WIG20,WIG20,Stooq,1986.63,-0.0015592152763067796,-0.15592152763067796,1.147472621197689
2021-04-26,WIG20,WIG20,Stooq,2005.1,0.009254198963532408,0.9254198963532408,1.121146853906811
2021-04-27,WIG20,WIG20,Stooq,1998.92,-0.003086900119085103,-0.3086900119085103,1.1160708157844825
2021-04-28,WIG20,WIG20,Stooq,2029.64,0.015251402718202384,1.5251402718202383,1.0939966398214798
2021-04-29,WIG20,WIG20,Stooq,2050.69,0.010317884458385029,1.031788445838503,1.1291038371230881
2021-04-30,WIG20,WIG20,Stooq,2037.59,-0.006408584947546065,-0.6408584947546065,1.1286739800792622
2021-05-04,WIG20,WIG20,Stooq,2004.04,-0.016602593833218604,-1.6602593833218604,1.1151897262694028
2021-05-05,WIG20,WIG20,Stooq,2047.36,0.02138601523570256,2.138601523570256,1.1671793870493283
2021-05-06,WIG20,WIG20,Stooq,2046.67,-0.0003370761848510736,-0.03370761848510736,1.248149701547405
2021-05-07,WIG20,WIG20,Stooq,2097.31,0.024441489073527476,2.444148907352748,1.2150703901787667
2021-05-10,WIG20,WIG20,Stooq,2115.7,0.008730155779496897,0.8730155779496898,1.3208847734233535
2021-05-11,WIG20,WIG20,Stooq,2110.48,-0.002470317239006727,-0.24703172390067268,1.2993434266338468
2021-05-12,WIG20,WIG20,Stooq,2091.39,-0.009086493083293843,-0.9086493083293843,1.2653139467156915
2021-05-13,WIG20,WIG20,Stooq,2089.32,-0.0009902625004636633,-0.09902625004636634,1.2532050277820515
2021-05-14,WIG20,WIG20,Stooq,2092.8,0.0016642280963721987,0.16642280963721987,1.220209989290757
2021-05-17,WIG20,WIG20,Stooq,2128.49,0.016909925850057995,1.6909925850057996,1.1888943479638903
2021-05-18,WIG20,WIG20,Stooq,2136.54,0.0037748900051043787,0.3774890005104379,1.226717054323268
2021-05-19,WIG20,WIG20,Stooq,2115.15,-0.010061966166693047,-1.0061966166693046,1.1973862247179226
2021-05-20,WIG20,WIG20,Stooq,2131.18,0.00755008496630308,0.755008496630308,1.1952520044252444
2021-05-21,WIG20,WIG20,Stooq,2139.06,0.0036906632622295443,0.36906632622295443,1.177765031249928
2021-05-24,WIG20,WIG20,Stooq,2134.18,-0.0022839822342798034,-0.22839822342798033,1.1512143082301134
2021-05-25,WIG20,WIG20,Stooq,2153.78,0.009141939992795042,0.9141939992795043,1.1255944293186306
2021-05-26,WIG20,WIG20,Stooq,2164.89,0.005145113893319556,0.5145113893319556,1.1196522985534918
2021-05-27,WIG20,WIG20,Stooq,2207.47,0.019477511520078157,1.9477511520078157,1.0997772055934834
2021-05-28,WIG20,WIG20,Stooq,2236.31,0.012980122742837217,1.2980122742837217,1.1713002659810923
2021-05-31,WIG20,WIG20,Stooq,2233.36,-0.0013200081564612434,-0.13200081564612434,1.1826451282943626
2021-06-01,WIG20,WIG20,Stooq,2233.37,4.477548452643551e-06,0.0004477548452643551,1.1539908731224697
2021-06-02,WIG20,WIG20,Stooq,2252.26,0.008422501039509693,0.8422501039509693,1.126222755034625
2021-06-04,WIG20,WIG20,Stooq,2254.59,0.0010339816978986473,0.10339816978986473,1.1170382332521318
2021-06-07,WIG20,WIG20,Stooq,2246.63,-0.003536822593745988,-0.3536822593745988,1.0914822820066121
2021-06-08,WIG20,WIG20,Stooq,2237.61,-0.0040229836785136254,-0.4022983678513625,1.0719234365849706
2021-06-09,WIG20,WIG20,Stooq,2218.45,-0.008599578137518861,-0.8599578137518861,1.054817582268609
2021-06-10,WIG20,WIG20,Stooq,2236.89,0.008277754467292212,0.8277754467292212,1.0566460701646083
2021-06-11,WIG20,WIG20,Stooq,2224.67,-0.005477918287644867,-0.5477918287644867,1.05209871091023
2021-06-14,WIG20,WIG20,Stooq,2253.2,0.012742838026658713,1.2742838026658714,1.0407179279800163
2021-06-15,WIG20,WIG20,Stooq,2230.37,-0.010183937046965037,-1.0183937046965037,1.0629308700907611
2021-06-16,WIG20,WIG20,Stooq,2225.27,-0.002289234420757603,-0.2289234420757603,1.0728619302334559
2021-06-17,WIG20,WIG20,Stooq,2211.58,-0.006171064356571727,-0.6171064356571727,1.0521025626064373
2021-06-18,WIG20,WIG20,Stooq,2220.68,0.004106263074167633,0.41062630741676326,1.043236646034523
2021-06-21,WIG20,WIG20,Stooq,2219.45,-0.0005540378463978035,-0.055403784639780344,1.0259401045370837
2021-06-22,WIG20,WIG20,Stooq,2220.53,0.00048648868747181394,0.04864886874718139,1.0062280792092095
2021-06-23,WIG20,WIG20,Stooq,2233.7,0.005913497228004784,0.5913497228004784,0.9874461490007475
2021-06-24,WIG20,WIG20,Stooq,2273.11,0.017489534534767974,1.7489534534767974,0.9789173239351951
2021-06-25,WIG20,WIG20,Stooq,2282.46,0.004104870797255462,0.4104870797255462,1.0480172894343585
2021-06-28,WIG20,WIG20,Stooq,2285.81,0.0014666386183371629,0.1466638618337163,1.0304027718401867
2021-06-29,WIG20,WIG20,Stooq,2258.24,-0.012134698477406343,-1.2134698477406343,1.010368757785745
2021-06-30,WIG20,WIG20,Stooq,2218.41,-0.01779502576772121,-1.7795025767721209,1.0383414059840708
2021-07-01,WIG20,WIG20,Stooq,2250.58,0.014397237712516827,1.4397237712516826,1.1115580907698766
2021-07-02,WIG20,WIG20,Stooq,2252.18,0.0007106752602141545,0.07106752602141544,1.138325756773153
2021-07-05,WIG20,WIG20,Stooq,2258.82,0.002943917000906395,0.29439170009063953,1.1114331321968285
2021-07-06,WIG20,WIG20,Stooq,2228.46,-0.013531789086108095,-1.3531789086108095,1.0877923869922221
2021-07-07,WIG20,WIG20,Stooq,2285.79,0.025400933685710857,2.540093368571086,1.1178794551988278
2021-07-08,WIG20,WIG20,Stooq,2234.6,-0.022649456504746736,-2.2649456504746737,1.250819705066769
2021-07-09,WIG20,WIG20,Stooq,2251.78,0.0076587734328872874,0.7658773432887287,1.342662534301874
2021-07-12,WIG20,WIG20,Stooq,2255.48,0.0016417960495336728,0.16417960495336728,1.3159347085585384
2021-07-13,WIG20,WIG20,Stooq,2264.26,0.003885184123092862,0.3885184123092862,1.2792286441480851
2021-07-14,WIG20,WIG20,Stooq,2268.57,0.0019016823039418522,0.1901682303941852,1.2470134421884678
2021-07-15,WIG20,WIG20,Stooq,2260.49,-0.0035680730978628235,-0.35680730978628233,1.2143223441091067
2021-07-16,WIG20,WIG20,Stooq,2258.1,-0.001057852216234568,-0.1057852216234568,1.1871536026677345
2021-07-19,WIG20,WIG20,Stooq,2205.86,-0.023406296190985706,-2.3406296190985705,1.1580075971823909
2021-07-20,WIG20,WIG20,Stooq,2221.28,0.006966150768882071,0.6966150768882071,1.2722860176899122
2021-07-21,WIG20,WIG20,Stooq,2241.97,0.009271337346185756,0.9271337346185756,1.2477939525797075
2021-07-22,WIG20,WIG20,Stooq,2229.86,-0.005416140418335507,-0.5416140418335507,1.2334358627023112
2021-07-23,WIG20,WIG20,Stooq,2242.41,0.005612377133962527,0.5612377133962527,1.2096825035949608
2021-07-26,WIG20,WIG20,Stooq,2240.65,-0.0007851780214498189,-0.07851780214498189,1.1852708718616607
2021-07-27,WIG20,WIG20,Stooq,2224.59,-0.007193373369176341,-0.7193373369176341,1.1560356104726237
2021-07-28,WIG20,WIG20,Stooq,2245.76,0.009471364997116557,0.9471364997116557,1.1436430320045003
2021-07-29,WIG20,WIG20,Stooq,2265.69,0.008835354331875994,0.8835354331875994,1.1378573528223248
2021-07-30,WIG20,WIG20,Stooq,2253.45,-0.005416973110129451,-0.541697311012945,1.1295993138211589
2021-08-02,WIG20,WIG20,Stooq,2253.28,-7.544272680200989e-05,-0.00754427268020099,1.112638410923502
2021-08-03,WIG20,WIG20,Stooq,2257.73,0.001972951265229748,0.1972951265229748,1.0873525762565448
2021-08-04,WIG20,WIG20,Stooq,2272.09,0.006340229017566932,0.6340229017566932,1.0641281269974487
2021-08-05,WIG20,WIG20,Stooq,2270.67,-0.0006251706214940727,-0.06251706214940726,1.0515032669835003
2021-08-06,WIG20,WIG20,Stooq,2273.89,0.0014170791182615057,0.14170791182615058,1.0302257336573215
2021-08-09,WIG20,WIG20,Stooq,2274.48,0.0002594336007446649,0.02594336007446649,1.010174924306459
2021-08-10,WIG20,WIG20,Stooq,2277.23,0.001208337233523741,0.1208337233523741,0.9911565425294081
2021-08-11,WIG20,WIG20,Stooq,2283.69,0.0028327637055166627,0.28327637055166627,0.973503712714408
2021-08-12,WIG20,WIG20,Stooq,2297.72,0.006124771133215712,0.6124771133215712,0.9585583492832606
2021-08-13,WIG20,WIG20,Stooq,2302.03,0.0018740154405652205,0.18740154405652204,0.9529134298854323
2021-08-16,WIG20,WIG20,Stooq,2282.1,-0.008695270671505231,-0.8695270671505231,0.9382217336577143
2021-08-17,WIG20,WIG20,Stooq,2300.04,0.007830442398996709,0.7830442398996709,0.9508445865154659
2021-08-18,WIG20,WIG20,Stooq,2284.97,-0.006573618931088988,-0.6573618931088988,0.9527706199071516
2021-08-19,WIG20,WIG20,Stooq,2260.02,-0.010979232354576379,-1.0979232354576378,0.9532744643903074
2021-08-20,WIG20,WIG20,Stooq,2255.56,-0.00197538364962889,-0.197538364962889,0.9790329833786597
2021-08-23,WIG20,WIG20,Stooq,2287.52,0.014069982145786267,1.4069982145786266,0.9638967910955055
2021-08-24,WIG20,WIG20,Stooq,2300.9,0.0058320894446331675,0.5832089444633167,1.0044443665823621
2021-08-25,WIG20,WIG20,Stooq,2325.19,0.01050140538714466,1.050140538714466,0.9944111313248452
2021-08-26,WIG20,WIG20,Stooq,2309.44,-0.006796685228723332,-0.6796685228723333,1.0066640935854712
2021-08-27,WIG20,WIG20,Stooq,2323.77,0.006185795892544775,0.6185795892544775,1.0038146818606055
2021-08-30,WIG20,WIG20,Stooq,2350.23,0.011322328912992053,1.1322328912992052,0.9950027958798116
2021-08-31,WIG20,WIG20,Stooq,2368.03,0.007545190153120069,0.7545190153120069,1.0122757736042804
2021-09-01,WIG20,WIG20,Stooq,2371.16,0.0013209010211013038,0.1320901021101304,1.0080085446342872
2021-09-02,WIG20,WIG20,Stooq,2391.94,0.008725465280216818,0.8725465280216819,0.9893222384343047
2021-09-03,WIG20,WIG20,Stooq,2380.82,-0.004659786002760324,-0.4659786002760324,0.9923160596851788
2021-09-06,WIG20,WIG20,Stooq,2416.38,0.014825586313842324,1.4825586313842323,0.9825412630375989
2021-09-07,WIG20,WIG20,Stooq,2394.79,-0.008975008126533724,-0.8975008126533724,1.027070838668896
2021-09-08,WIG20,WIG20,Stooq,2364.63,-0.012673982844654656,-1.2673982844654657,1.0332540996218915
2021-09-09,WIG20,WIG20,Stooq,2356.39,-0.003490774606919814,-0.3490774606919814,1.0627504833917487
2021-09-10,WIG20,WIG20,Stooq,2360.7,0.0018273983321901012,0.18273983321901013,1.0449632264853652
2021-09-13,WIG20,WIG20,Stooq,2387.74,0.011389126653892743,1.1389126653892743,1.0242563834627252
2021-09-14,WIG20,WIG20,Stooq,2376.01,-0.004924701635052534,-0.4924701635052534,1.0391479077618677
2021-09-15,WIG20,WIG20,Stooq,2355.23,-0.008784223002716057,-0.8784223002716057,1.0268627935566998
2021-09-16,WIG20,WIG20,Stooq,2357.28,0.0008700247338726698,0.08700247338726698,1.032027484462726
2021-09-17,WIG20,WIG20,Stooq,2333.01,-0.010349132620182307,-1.0349132620182306,1.0116507687251612
2021-09-20,WIG20,WIG20,Stooq,2272.52,-0.02626993144586753,-2.626993144586753,1.0273488797487162
2021-09-21,WIG20,WIG20,Stooq,2278.11,0.0024568039202116786,0.24568039202116787,1.201380258875698
2021-09-22,WIG20,WIG20,Stooq,2334.1,0.024280226016935413,2.4280226016935416,1.1717848666566462
2021-09-23,WIG20,WIG20,Stooq,2320.51,-0.005839388742122227,-0.5839388742122228,1.2826647939883762
2021-09-24,WIG20,WIG20,Stooq,2299.18,-0.009234451478893476,-0.9234451478893476,1.2570613842510672
2021-09-27,WIG20,WIG20,Stooq,2292.47,-0.0029226987146209835,-0.2922698714620984,1.2462396166110914
2021-09-28,WIG20,WIG20,Stooq,2275.68,-0.007350930072586879,-0.7350930072586879,1.2159693623821386
2021-09-29,WIG20,WIG20,Stooq,2290.97,0.0066963998273775515,0.6696399827377552,1.1999840766514385
2021-09-30,WIG20,WIG20,Stooq,2310.29,0.008397749112457319,0.8397749112457319,1.1793038551415886
2021-10-01,WIG20,WIG20,Stooq,2327.88,0.0075849243692623445,0.7584924369262345,1.1661673574217981
2021-10-04,WIG20,WIG20,Stooq,2338.09,0.004376374599799003,0.4376374599799003,1.1508005296256485
2021-10-05,WIG20,WIG20,Stooq,2364.72,0.01132526495151487,1.132526495151487,1.127179613281223
2021-10-06,WIG20,WIG20,Stooq,2349.46,-0.006474107183298206,-0.6474107183298207,1.1324241592455595
2021-10-07,WIG20,WIG20,Stooq,2359.54,0.004281170267940987,0.4281170267940987,1.118919345177757
2021-10-08,WIG20,WIG20,Stooq,2411.12,0.02162468505450914,2.162468505450914,1.0971014691502086
2021-10-11,WIG20,WIG20,Stooq,2457.36,0.01899623311319053,1.899623311319053,1.190857066484883
2021-10-12,WIG20,WIG20,Stooq,2472.33,0.006073422878857369,0.6073422878857369,1.2461001750665823
2021-10-13,WIG20,WIG20,Stooq,2451.89,-0.008301870101409902,-0.8301870101409903,1.2206429573788076
2021-10-14,WIG20,WIG20,Stooq,2459.5,0.0030989215232759314,0.30989215232759315,1.2082601072734036
2021-10-15,WIG20,WIG20,Stooq,2453.98,-0.002246880956999059,-0.22468809569990592,1.1790111047652123
2021-10-18,WIG20,WIG20,Stooq,2459.81,0.002372914892819523,0.2372914892819523,1.1516660390847009
2021-10-19,WIG20,WIG20,Stooq,2447.54,-0.005000672692743756,-0.5000672692743756,1.124917546965581
2021-10-20,WIG20,WIG20,Stooq,2443.11,-0.001811620627766608,-0.1811620627766608,1.106990641225244
2021-10-21,WIG20,WIG20,Stooq,2427.35,-0.006471690561471117,-0.6471690561471117,1.0834204962545526
2021-10-22,WIG20,WIG20,Stooq,2417.09,-0.004235790035725209,-0.4235790035725209,1.0734173335229285
2021-10-25,WIG20,WIG20,Stooq,2427.19,0.004169872358640277,0.4169872358640277,1.0567691385482985
2021-10-26,WIG20,WIG20,Stooq,2425.29,-0.0007831047617294492,-0.07831047617294493,1.0387172513126475
2021-10-27,WIG20,WIG20,Stooq,2404.82,-0.008476048186359041,-0.8476048186359041,1.0183531352767894
2021-10-28,WIG20,WIG20,Stooq,2392.67,-0.005065159479864488,-0.5065159479864488,1.0226089123566582
2021-10-29,WIG20,WIG20,Stooq,2405.05,0.005160796160346671,0.5160796160346671,1.0119531833201794
2021-11-02,WIG20,WIG20,Stooq,2407.53,0.0010306323092902096,0.10306323092902096,0.9993668507319233
2021-11-03,WIG20,WIG20,Stooq,2380.11,-0.01145462056895841,-1.1454620568958411,0.98111479210602
2021-11-04,WIG20,WIG20,Stooq,2438.8,0.024359409948787134,2.4359409948787136,1.0072914633016918
2021-11-05,WIG20,WIG20,Stooq,2439.16,0.0001476026866367052,0.01476026866367052,1.1481534259757482
2021-11-08,WIG20,WIG20,Stooq,2423.92,-0.006267653376043667,-0.6267653376043667,1.120697746029829
2021-11-09,WIG20,WIG20,Stooq,2395.05,-0.011981956890434027,-1.1981956890434027,1.1072562150194045
2021-11-10,WIG20,WIG20,Stooq,2366.59,-0.011954006983428897,-1.1954006983428898,1.1244147793571686
2021-11-12,WIG20,WIG20,Stooq,2358.23,-0.003538762841439558,-0.35387628414395583,1.1397645718871448
2021-11-15,WIG20,WIG20,Stooq,2335.04,-0.009882316051696314,-0.9882316051696314,1.1171300966552433
2021-11-16,WIG20,WIG20,Stooq,2340.03,0.002134728205130389,0.2134728205130389,1.1206069895870097
2021-11-17,WIG20,WIG20,Stooq,2317.49,-0.00967904634629138,-0.9679046346291379,1.0954965549824704
2021-11-18,WIG20,WIG20,Stooq,2271.31,-0.02012794590347936,-2.012794590347936,1.099678875944129
2021-11-19,WIG20,WIG20,Stooq,2248.18,-0.010235757550181385,-1.0235757550181384,1.187587561485375
2021-11-22,WIG20,WIG20,Stooq,2247.82,-0.0001601423490965917,-0.01601423490965917,1.1871716803199632
2021-11-23,WIG20,WIG20,Stooq,2261.15,0.0059126757704824635,0.5912675770482464,1.157514816433062
2021-11-24,WIG20,WIG20,Stooq,2239.75,-0.009509280926131522,-0.9509280926131523,1.1372494855547541
2021-11-25,WIG20,WIG20,Stooq,2229.44,-0.004613819635933702,-0.46138196359337025,1.1370443934390342
2021-11-26,WIG20,WIG20,Stooq,2143.13,-0.03948305558558774,-3.9483055585587743,1.1172150058023014
2021-11-29,WIG20,WIG20,Stooq,2148.62,0.002558398319809363,0.2558398319809363,1.4657327756854654
2021-11-30,WIG20,WIG20,Stooq,2194.37,0.021069213791006163,2.1069213791006165,1.4215927151716965
2021-12-01,WIG20,WIG20,Stooq,2217.18,0.010341128751911169,1.0341128751911168,1.4679759736333386
2021-12-02,WIG20,WIG20,Stooq,2201.86,-0.0069336604224113675,-0.6933660422411367,1.4430995503673598
2021-12-03,WIG20,WIG20,Stooq,2179.71,-0.010110617285228508,-1.0110617285228507,1.4109869961234576
2021-12-06,WIG20,WIG20,Stooq,2190.67,0.0050155926834549594,0.5015592683454959,1.393194170936939
2021-12-07,WIG20,WIG20,Stooq,2231.12,0.01829626843054656,1.829626843054656,1.3565213910938814
2021-12-08,WIG20,WIG20,Stooq,2219.62,-0.005167691481557691,-0.516769148155769,1.3875019086006781
2021-12-09,WIG20,WIG20,Stooq,2212.81,-0.00307280898217094,-0.307280898217094,1.3536994419216066
2021-12-10,WIG20,WIG20,Stooq,2213.78,0.00043826060941994186,0.043826060941994184,1.3175086295561487
2021-12-13,WIG20,WIG20,Stooq,2214.38,0.0002709929197100949,0.02709929197100949,1.2804055916344372
2021-12-14,WIG20,WIG20,Stooq,2211.81,-0.0011612697551682566,-0.11612697551682566,1.2453634255047736
2021-12-15,WIG20,WIG20,Stooq,2161.04,-0.023221597550811234,-2.3221597550811235,1.2129455047054216
2021-12-16,WIG20,WIG20,Stooq,2213.89,0.024161561919451447,2.4161561919451446,1.3164673364893198
2021-12-17,WIG20,WIG20,Stooq,2194.56,-0.008769578369627311,-0.8769578369627311,1.4044658246961848
2021-12-20,WIG20,WIG20,Stooq,2189.91,-0.0021211237588246038,-0.21211237588246037,1.381368157167408
2021-12-21,WIG20,WIG20,Stooq,2185.47,-0.0020295387024853125,-0.20295387024853126,1.3423189720332032
2021-12-22,WIG20,WIG20,Stooq,2212.32,0.012210830267116947,1.2210830267116948,1.305315532080347
2021-12-23,WIG20,WIG20,Stooq,2225.8,0.006074662899016886,0.6074662899016886,1.3009037441030513
2021-12-27,WIG20,WIG20,Stooq,2226.24,0.00019766219595170878,0.01976621959517088,1.2720798612911768
2021-12-28,WIG20,WIG20,Stooq,2252.43,0.011695569682753591,1.169556968275359,1.2375107902496667
2021-12-29,WIG20,WIG20,Stooq,2260.7,0.0036648664037440635,0.36648664037440637,1.2356821543759857
2021-12-30,WIG20,WIG20,Stooq,2266.92,0.002747582134987316,0.27475821349873164,1.2056469724228123
2022-01-03,WIG20,WIG20,Stooq,2286.5,0.008600182141348474,0.8600182141348475,1.1761160431165143
2022-01-04,WIG20,WIG20,Stooq,2300.68,0.006182467296552658,0.6182467296552658,1.1640411203996266
2022-01-05,WIG20,WIG20,Stooq,2310.97,0.004462618402122886,0.4462618402122886,1.144136835612816
2022-01-07,WIG20,WIG20,Stooq,2311.93,0.0004153237205216235,0.04153237205216235,1.1211125752535658
2022-01-10,WIG20,WIG20,Stooq,2291.23,-0.008993882261281621,-0.8993882261281622,1.0952327231558994
2022-01-11,WIG20,WIG20,Stooq,2344.45,0.022962041537351808,2.296204153735181,1.0957643644764896
2022-01-12,WIG20,WIG20,Stooq,2411.11,0.02803638956935513,2.803638956935513,1.2043148173099711
2022-01-13,WIG20,WIG20,Stooq,2407.62,-0.001448514695874282,-0.1448514695874282,1.3534066417709496
2022-01-14,WIG20,WIG20,Stooq,2383.16,-0.010211369564398056,-1.0211369564398056,1.3152002606058453
2022-01-17,WIG20,WIG20,Stooq,2365.29,-0.007526702129354105,-0.7526702129354105,1.3047694043492695
2022-01-18,WIG20,WIG20,Stooq,2317.36,-0.020472029282336133,-2.0472029282336135,1.2834449269846402
2022-01-19,WIG20,WIG20,Stooq,2316.94,-0.0001812571482855981,-0.01812571482855981,1.3495110452764831
2022-01-20,WIG20,WIG20,Stooq,2308.94,-0.003458804800622628,-0.3458804800622628,1.310763673078945
2022-01-21,WIG20,WIG20,Stooq,2273.81,-0.015331706132346372,-1.5331706132346372,1.277688153810348
2022-01-24,WIG20,WIG20,Stooq,2170.36,-0.04656378621715216,-4.656378621715216,1.301694807377496
2022-01-25,WIG20,WIG20,Stooq,2199.6,0.013382473241296692,1.338247324129669,1.710927150826634
2022-01-26,WIG20,WIG20,Stooq,2233.18,0.015151053003889867,1.5151053003889867,1.6832541571926642
2022-01-27,WIG20,WIG20,Stooq,2234.33,0.0005148281818732638,0.051482818187326376,1.6662105859957117
2022-01-28,WIG20,WIG20,Stooq,2183.7,-0.022920721027101063,-2.2920721027101063,1.6109245616852892
2022-01-31,WIG20,WIG20,Stooq,2209.62,0.011799869233762235,1.1799869233762235,1.6603768442580067
2022-02-01,WIG20,WIG20,Stooq,2224.28,0.006612712700315191,0.6612712700315191,1.6290707869266674
2022-02-02,WIG20,WIG20,Stooq,2252.92,0.012793884864139881,1.2793884864139882,1.582758255660188
2022-02-03,WIG20,WIG20,Stooq,2235.15,-0.00791881270096022,-0.7918812700960219,1.5609985835523263
2022-02-04,WIG20,WIG20,Stooq,2174.57,-0.02747739606166803,-2.747739606166803,1.5249723757212654
2022-02-07,WIG20,WIG20,Stooq,2171.62,-0.0013575110397984996,-0.13575110397984996,1.627721682167245
2022-02-08,WIG20,WIG20,Stooq,2215.12,0.019833145295887904,1.9833145295887904,1.5750146282820918
2022-02-09,WIG20,WIG20,Stooq,2235.93,0.009350670797550422,0.9350670797550422,1.5961448264417695
2022-02-10,WIG20,WIG20,Stooq,2213.21,-0.010213298523325132,-1.0213298523325132,1.5595371888826188
2022-02-11,WIG20,WIG20,Stooq,2203.13,-0.0045648738566212805,-0.45648738566212804,1.5321915902497703
2022-02-14,WIG20,WIG20,Stooq,2161.79,-0.018942494305017977,-1.8942494305017976,1.4888446117280392
2022-02-15,WIG20,WIG20,Stooq,2209.7,0.021920177494472875,2.1920177494472877,1.5189481810737568
2022-02-16,WIG20,WIG20,Stooq,2212.73,0.0013702875903593374,0.13702875903593373,1.5618295027995281
2022-02-17,WIG20,WIG20,Stooq,2175.61,-0.016917962310008368,-1.6917962310008368,1.5119706986170252
2022-02-18,WIG20,WIG20,Stooq,2143.28,-0.014971719076703981,-1.4971719076703982,1.525215124608123
2022-02-21,WIG20,WIG20,Stooq,2069.53,-0.035015837555854454,-3.5015837555854454,1.524768845996583
2022-02-22,WIG20,WIG20,Stooq,2101.31,0.015239431408189575,1.5239431408189574,1.7133161930293108
2022-02-23,WIG20,WIG20,Stooq,2038.99,-0.030106372549497117,-3.0106372549497116,1.6945799362260423
2022-02-24,WIG20,WIG20,Stooq,1817.45,-0.11502016748465382,-11.502016748465383,1.8008994145005102
2022-02-25,WIG20,WIG20,Stooq,1970.78,0.08099498374224252,8.099498374224252,3.3187923199830145
2022-02-28,WIG20,WIG20,Stooq,1999.88,0.014657775286877854,1.4657775286877854,3.7474378830985113
2022-03-01,WIG20,WIG20,Stooq,1967.01,-0.01657255548178683,-1.6572555481786828,3.614436273893884
2022-03-02,WIG20,WIG20,Stooq,2043.96,0.03837447940026254,3.8374479400262542,3.4955545024811534
2022-03-03,WIG20,WIG20,Stooq,2009.56,-0.016973310043301812,-1.6973310043301812,3.4824965860548662
2022-03-04,WIG20,WIG20,Stooq,1918.75,-0.046241860281677184,-4.624186028167719,3.3715171192167936
2022-03-07,WIG20,WIG20,Stooq,1934.94,0.008402385895686659,0.8402385895686658,3.4341878222542896
2022-03-08,WIG20,WIG20,Stooq,1908.1,-0.01396833569489795,-1.396833569489795,3.303802556390327
2022-03-09,WIG20,WIG20,Stooq,1973.25,0.03357394705221589,3.357394705221589,3.1930924071882583
2022-03-10,WIG20,WIG20,Stooq,1970.27,-0.0015113404102073467,-0.15113404102073466,3.1726254240675464
2022-03-11,WIG20,WIG20,Stooq,2033.49,0.03158293952718072,3.158293952718072,3.0483992747016755
2022-03-14,WIG20,WIG20,Stooq,1972.14,-0.03063428114804579,-3.063428114804579,3.0264704074842173
2022-03-15,WIG20,WIG20,Stooq,1999.93,0.013992932372128628,1.3992932372128628,3.0063679910739545
2022-03-16,WIG20,WIG20,Stooq,2060.07,0.029627782859256067,2.962778285925607,2.9079146118839323
2022-03-17,WIG20,WIG20,Stooq,2125.29,0.031168300846664793,3.1168300846664794,2.8845133726574743
2022-03-18,WIG20,WIG20,Stooq,2099.26,-0.012323361977112295,-1.2323361977112295,2.8724729416130206
2022-03-21,WIG20,WIG20,Stooq,2093.04,-0.0029673470715366767,-0.2967347071536677,2.7788601985573598
2022-03-22,WIG20,WIG20,Stooq,2121.52,0.013515258303113488,1.3515258303113489,2.6730108169328544
2022-03-23,WIG20,WIG20,Stooq,2120.86,-0.0003111461044623248,-0.03111461044623248,2.5902518576047107
2022-03-24,WIG20,WIG20,Stooq,2138.8,0.00842325728908575,0.842325728908575,2.4916023105475733
2022-03-25,WIG20,WIG20,Stooq,2115.58,-0.01091591751034509,-1.091591751034509,2.405188641491126
2022-03-28,WIG20,WIG20,Stooq,2123.12,0.003557698328709304,0.3557698328709304,2.3316217722086034
2022-03-29,WIG20,WIG20,Stooq,2171.56,0.022559098370259743,2.2559098370259743,2.2459142494634206
2022-03-30,WIG20,WIG20,Stooq,2179.56,0.003677218286151963,0.3677218286151963,2.2293142659095166
2022-03-31,WIG20,WIG20,Stooq,2133.05,-0.02157014119005975,-2.157014119005975,2.1484848166374344
2022-04-01,WIG20,WIG20,Stooq,2164.81,0.014779717410937317,1.4779717410937316,2.1392272469795595
2022-04-04,WIG20,WIG20,Stooq,2157.79,-0.0032480480135294036,-0.3248048013529404,2.090628804948625
2022-04-05,WIG20,WIG20,Stooq,2123.49,-0.01602358822096167,-1.602358822096167,2.0169215930172437
2022-04-06,WIG20,WIG20,Stooq,2107.82,-0.007406723514640799,-0.74067235146408,1.9861561180784217
2022-04-07,WIG20,WIG20,Stooq,2076.63,-0.014907850564389136,-1.4907850564389136,1.9250299237853432
2022-04-08,WIG20,WIG20,Stooq,2085.07,0.004056040354114634,0.4056040354114634,1.8949358600549393
2022-04-11,WIG20,WIG20,Stooq,2121.65,0.017391660022175265,1.7391660022175266,1.830531016630309
2022-04-12,WIG20,WIG20,Stooq,2094.01,-0.013113199864731065,-1.3113199864731064,1.814921298132202
2022-04-13,WIG20,WIG20,Stooq,2104.32,0.004911486579383551,0.4911486579383551,1.7836403970859525
2022-04-14,WIG20,WIG20,Stooq,2093.17,-0.005312711275369333,-0.5312711275369333,1.7259467812664786
2022-04-19,WIG20,WIG20,Stooq,2068.52,-0.011846287575402419,-1.1846287575402419,1.6737251535295994
2022-04-20,WIG20,WIG20,Stooq,2047.81,-0.010062446278702496,-1.0062446278702497,1.6459808129528477
2022-04-21,WIG20,WIG20,Stooq,2028.76,-0.009346160457962781,-0.9346160457962781,1.6125154357572435
2022-04-22,WIG20,WIG20,Stooq,1973.31,-0.02771243314450459,-2.771243314450459,1.5783855012199717
2022-04-25,WIG20,WIG20,Stooq,1919.55,-0.027621552263994858,-2.7621552263994857,1.6761967586139879
2022-04-26,WIG20,WIG20,Stooq,1896.46,-0.012101793129502686,-1.2101793129502685,1.7603872646136909
2022-04-27,WIG20,WIG20,Stooq,1883.09,-0.00707494583715443,-0.707494583715443,1.7281265153408227
2022-04-28,WIG20,WIG20,Stooq,1884.42,0.0007060366423708703,0.07060366423708703,1.6799930253267266
2022-04-29,WIG20,WIG20,Stooq,1858.12,-0.014054857363314976,-1.4054857363314976,1.6240277847333542
2022-05-02,WIG20,WIG20,Stooq,1824.05,-0.018505920324844553,-1.8505920324844554,1.6106739703103934
2022-05-04,WIG20,WIG20,Stooq,1812.56,-0.006319092910070118,-0.6319092910070119,1.626037014213652
2022-05-05,WIG20,WIG20,Stooq,1765.85,-0.026108049785049416,-2.6108049785049414,1.5815661618556416
2022-05-06,WIG20,WIG20,Stooq,1765.14,-0.0004021535091114839,-0.04021535091114839,1.6631944583038556
2022-05-09,WIG20,WIG20,Stooq,1727.34,-0.021647354374838886,-2.1647354374838885,1.6082069047063487
2022-05-10,WIG20,WIG20,Stooq,1719.24,-0.004700320266917654,-0.47003202669176536,1.6474474482466994
2022-05-11,WIG20,WIG20,Stooq,1718.07,-0.0006807649267511552,-0.06807649267511552,1.5981539637855937
2022-05-12,WIG20,WIG20,Stooq,1691.62,-0.015514918112054682,-1.5514918112054683,1.5465574457044593
2022-05-13,WIG20,WIG20,Stooq,1765.63,0.042820917534727845,4.282091753472785,1.547698870003654
2022-05-16,WIG20,WIG20,Stooq,1762.22,-0.0019331893714266387,-0.19331893714266388,1.8216515511257678
2022-05-17,WIG20,WIG20,Stooq,1800.55,0.021517795949443478,2.151779594944348,1.7597060037518388
2022-05-18,WIG20,WIG20,Stooq,1801.68,0.000627389165636592,0.06273891656365921,1.7759823604924097
2022-05-19,WIG20,WIG20,Stooq,1776.4,-0.014130718514909397,-1.4130718514909397,1.7152702109890343
2022-05-20,WIG20,WIG20,Stooq,1782.66,0.003517786413002538,0.3517786413002538,1.6957155806206825
2022-05-23,WIG20,WIG20,Stooq,1836.87,0.029956405324236664,2.9956405324236663,1.6406345608482924
2022-05-24,WIG20,WIG20,Stooq,1810.98,-0.014194900955062392,-1.4194900955062393,1.7428187718901695
2022-05-25,WIG20,WIG20,Stooq,1796.58,-0.007983277605464292,-0.7983277605464292,1.721650237479655
2022-05-26,WIG20,WIG20,Stooq,1827.01,0.01679589322211701,1.679589322211701,1.6764780786579687
2022-05-27,WIG20,WIG20,Stooq,1810.68,-0.00897828550321638,-0.8978285503216381,1.6690876048722465
2022-05-30,WIG20,WIG20,Stooq,1858.6,0.026121050809678623,2.6121050809678623,1.63020448466326
2022-05-31,WIG20,WIG20,Stooq,1842.93,-0.008466819726550714,-0.8466819726550714,1.6969160744131297
2022-06-01,WIG20,WIG20,Stooq,1822.57,-0.011109103472323792,-1.1109103472323791,1.6546784742777398
2022-06-02,WIG20,WIG20,Stooq,1833.76,0.0061209108240245415,0.6120910824024541,1.6249486348477329
2022-06-03,WIG20,WIG20,Stooq,1819.99,-0.007537497198137389,-0.753749719813739,1.5777645028710068
2022-06-06,WIG20,WIG20,Stooq,1849.55,0.01611135969043962,1.6111359690439622,1.5395205686094964
2022-06-07,WIG20,WIG20,Stooq,1828.57,-0.011408125638601304,-1.1408125638601303,1.538896684209462
2022-06-08,WIG20,WIG20,Stooq,1792.8,-0.01975559711537285,-1.975559711537285,1.5182359711762468
2022-06-09,WIG20,WIG20,Stooq,1767.5,-0.01421252471598941,-1.4212524715989412,1.5516775415853392
2022-06-10,WIG20,WIG20,Stooq,1725.18,-0.02423472592303636,-2.423472592303636,1.544666041992966
2022-06-13,WIG20,WIG20,Stooq,1681.75,-0.025496474941976204,-2.5496474941976204,1.6132831999375483
2022-06-14,WIG20,WIG20,Stooq,1704.07,0.01318458945200001,1.318458945200001,1.6852390184773574
2022-06-15,WIG20,WIG20,Stooq,1707.11,0.0017823748994802138,0.17823748994802138,1.6583668027488618
2022-06-17,WIG20,WIG20,Stooq,1676.67,-0.017992198761925794,-1.7992198761925795,1.6037853340590622
2022-06-20,WIG20,WIG20,Stooq,1679.89,0.001918631567899463,0.1918631567899463,1.6162079195397752
2022-06-21,WIG20,WIG20,Stooq,1719.05,0.02304349757497213,2.3043497574972127,1.5638246613301954
2022-06-22,WIG20,WIG20,Stooq,1680.61,-0.022614989905865225,-2.2614989905865226,1.6112019678484832
2022-06-23,WIG20,WIG20,Stooq,1654.32,-0.015766774486770097,-1.5766774486770097,1.658057871395692
2022-06-24,WIG20,WIG20,Stooq,1682.33,0.016789689049609303,1.6789689049609302,1.651797369827834
2022-06-27,WIG20,WIG20,Stooq,1713.18,0.0181715553177199,1.81715553177199,1.6462935020964982
2022-06-28,WIG20,WIG20,Stooq,1739.08,0.01500494513357996,1.500494513357996,1.649767507989432
2022-06-29,WIG20,WIG20,Stooq,1733.19,-0.0033925965718960903,-0.33925965718960904,1.6343771024638347
2022-06-30,WIG20,WIG20,Stooq,1695.97,-0.02170879265836279,-2.170879265836279,1.583538232495941
2022-07-01,WIG20,WIG20,Stooq,1688.85,-0.004207024598907407,-0.42070245989074073,1.6258519829644222
2022-07-04,WIG20,WIG20,Stooq,1693.1,0.002513344216936858,0.2513344216936858,1.576784080264428
2022-07-05,WIG20,WIG20,Stooq,1644.46,-0.029149105303479982,-2.9149105303479983,1.5268124350309507
2022-07-06,WIG20,WIG20,Stooq,1654.84,0.006292264569799958,0.6292264569799958,1.6469079585552082
2022-07-07,WIG20,WIG20,Stooq,1708.8,0.032087042365369446,3.2087042365369447,1.5989080514720737
2022-07-08,WIG20,WIG20,Stooq,1740.46,0.018358076319777625,1.8358076319777625,1.7295019844042256
2022-07-11,WIG20,WIG20,Stooq,1714.56,-0.014992958169464153,-1.4992958169464154,1.7273412505162824
2022-07-12,WIG20,WIG20,Stooq,1663.46,-0.030256717433564832,-3.025671743356483,1.7114801370668737
2022-07-13,WIG20,WIG20,Stooq,1655.65,-0.004706089532544487,-0.4706089532544487,1.817039837058831
2022-07-14,WIG20,WIG20,Stooq,1613.98,-0.025490502770691818,-2.5490502770691816,1.758920438726519
2022-07-15,WIG20,WIG20,Stooq,1620.13,0.003803214741010724,0.3803214741010724,1.8140948658543499
2022-07-18,WIG20,WIG20,Stooq,1669.48,0.03000580775693302,3.000580775693302,1.7533953570255283
2022-07-19,WIG20,WIG20,Stooq,1679.27,0.005846974477622068,0.5846974477622068,1.8413818845153684
2022-07-20,WIG20,WIG20,Stooq,1694.58,0.009075747344555258,0.9075747344555258,1.7823098130368302
2022-07-21,WIG20,WIG20,Stooq,1683.09,-0.00680353280266092,-0.680353280266092,1.7340640340725306
2022-07-22,WIG20,WIG20,Stooq,1701.73,0.011013990954540639,1.1013990954540638,1.684886754279889
2022-07-25,WIG20,WIG20,Stooq,1685.62,-0.009511932020599644,-0.9511932020599644,1.6489102250404564
2022-07-26,WIG20,WIG20,Stooq,1654.7,-0.018513725132990374,-1.8513725132990373,1.6131632700504115
2022-07-27,WIG20,WIG20,Stooq,1651.89,-0.0016996365902348116,-0.16996365902348115,1.6283565578261339
2022-07-28,WIG20,WIG20,Stooq,1667.17,0.00920749124774313,0.9207491247743129,1.5758796059471425
2022-07-29,WIG20,WIG20,Stooq,1721.11,0.03184185334138738,3.184185334138738,1.5400018034595608
2022-08-01,WIG20,WIG20,Stooq,1736.47,0.00888488540805351,0.888488540805351,1.6769318380030185
2022-08-02,WIG20,WIG20,Stooq,1713.61,-0.01325206056069061,-1.325206056069061,1.6340794502717302
2022-08-03,WIG20,WIG20,Stooq,1688.03,-0.015040087834235662,-1.5040087834235663,1.615782362044104
2022-08-04,WIG20,WIG20,Stooq,1674.37,-0.008125193404283516,-0.8125193404283516,1.6085638878141482
2022-08-05,WIG20,WIG20,Stooq,1652.14,-0.013365557852622043,-1.3365557852622043,1.570388398120357
2022-08-08,WIG20,WIG20,Stooq,1695.78,0.026071394703825083,2.607139470382508,1.5572940854760655
2022-08-09,WIG20,WIG20,Stooq,1684.14,-0.006887764218100108,-0.6887764218100108,1.6323414428786467
2022-08-10,WIG20,WIG20,Stooq,1694.11,0.00590248143010383,0.5902481430103831,1.5890407262436104
2022-08-11,WIG20,WIG20,Stooq,1724.98,0.01805792702660368,1.805792702660368,1.5433383489490924
2022-08-12,WIG20,WIG20,Stooq,1735.07,0.005832302193066109,0.5832302193066109,1.5548975871480875
2022-08-16,WIG20,WIG20,Stooq,1735.0,-4.034500745485838e-05,-0.004034500745485838,1.5109086873674764
2022-08-17,WIG20,WIG20,Stooq,1682.93,-0.030471091449674692,-3.047109144967469,1.463571835749196
2022-08-18,WIG20,WIG20,Stooq,1699.68,0.009903676100418486,0.9903676100418486,1.608284566141145
2022-08-19,WIG20,WIG20,Stooq,1673.4,-0.015582513170205049,-1.5582513170205048,1.5728763015484912
2022-08-22,WIG20,WIG20,Stooq,1640.02,-0.02014904799566288,-2.014904799566288,1.5722848169758212
2022-08-23,WIG20,WIG20,Stooq,1656.77,0.010161486857009855,1.0161486857009854,1.603359816231319
2022-08-24,WIG20,WIG20,Stooq,1620.63,-0.022054961205211682,-2.2054961205211683,1.5691906453561377
2022-08-25,WIG20,WIG20,Stooq,1632.0,0.006991294006418871,0.6991294006418871,1.6158967539861047
2022-08-26,WIG20,WIG20,Stooq,1602.81,-0.018047917699918682,-1.8047917699918683,1.5712163537235413
2022-08-29,WIG20,WIG20,Stooq,1573.35,-0.018551234748411076,-1.8551234748411076,1.586941607487478
2022-08-30,WIG20,WIG20,Stooq,1535.11,-0.024605064384183844,-2.4605064384183843,1.6047821869398362
2022-08-31,WIG20,WIG20,Stooq,1528.22,-0.004498380271470887,-0.4498380271470887,1.669621164271529
2022-09-01,WIG20,WIG20,Stooq,1462.59,-0.04389482274593114,-4.389482274593115,1.6187721080839002
2022-09-02,WIG20,WIG20,Stooq,1505.75,0.029082276249693857,2.9082276249693857,1.9056946309187073
2022-09-05,WIG20,WIG20,Stooq,1492.06,-0.009133397491492952,-0.9133397491492952,1.967335758107312
2022-09-06,WIG20,WIG20,Stooq,1452.86,-0.026623687878640678,-2.6623687878640676,1.9119393869270165
2022-09-07,WIG20,WIG20,Stooq,1469.42,0.011333737537537627,1.1333737537537627,1.9603330250965674
2022-09-08,WIG20,WIG20,Stooq,1473.18,0.002555564498301899,0.2555564498301899,1.9092497787911695
2022-09-09,WIG20,WIG20,Stooq,1534.68,0.040898560643692704,4.08985606436927,1.842768706930403
2022-09-12,WIG20,WIG20,Stooq,1561.97,0.01762595483599516,1.7625954835995161,2.0352038369461427
2022-09-13,WIG20,WIG20,Stooq,1519.35,-0.027665233268308418,-2.766523326830842,2.0063518892347405
2022-09-14,WIG20,WIG20,Stooq,1528.29,0.005866851493513267,0.5866851493513267,2.0535741405241836
2022-09-15,WIG20,WIG20,Stooq,1539.75,0.007470602272723594,0.7470602272723594,1.983905971807336
2022-09-16,WIG20,WIG20,Stooq,1501.91,-0.02488243414487843,-2.488243414487843,1.920779179272235
2022-09-19,WIG20,WIG20,Stooq,1527.25,0.016731101107602182,1.6731101107602182,1.9543017237727844
2022-09-20,WIG20,WIG20,Stooq,1497.41,-0.0197317835133042,-1.97317835133042,1.926422366658813
2022-09-21,WIG20,WIG20,Stooq,1509.32,0.007922269237056254,0.7922269237056254,1.9231754653142716
2022-09-22,WIG20,WIG20,Stooq,1518.19,0.00585961755988275,0.5859617559882749,1.8642289227804782
2022-09-23,WIG20,WIG20,Stooq,1457.78,-0.040604105262568364,-4.060410526256836,1.8040156092163757
2022-09-26,WIG20,WIG20,Stooq,1433.08,-0.017088756344539387,-1.7088756344539386,2.01136752148224
2022-09-27,WIG20,WIG20,Stooq,1458.81,0.017795060653900175,1.7795060653900174,1.9864571807783646
2022-09-28,WIG20,WIG20,Stooq,1435.37,-0.016198379180275856,-1.6198379180275855,1.9618536474709005
2022-09-29,WIG20,WIG20,Stooq,1380.1,-0.03926669538603336,-3.926669538603336,1.9357282553473971
2022-09-30,WIG20,WIG20,Stooq,1377.91,-0.0015881018997589728,-0.15881018997589727,2.105534295205829
2022-10-03,WIG20,WIG20,Stooq,1386.96,0.006546443283396907,0.6546443283396908,2.0296901008045207
2022-10-04,WIG20,WIG20,Stooq,1449.81,0.044318211668461296,4.43182116684613,1.9623862626327764
2022-10-05,WIG20,WIG20,Stooq,1419.12,-0.02139555216540945,-2.1395552165409453,2.1754635381675413
2022-10-06,WIG20,WIG20,Stooq,1417.82,-0.0009164804972915368,-0.09164804972915369,2.1630641781879043
2022-10-07,WIG20,WIG20,Stooq,1405.21,-0.008933722892333927,-0.8933722892333927,2.0841786662349717
2022-10-10,WIG20,WIG20,Stooq,1379.49,-0.01847289216325397,-1.847289216325397,2.021892013873089
2022-10-11,WIG20,WIG20,Stooq,1381.84,0.0017020787572243888,0.17020787572243887,2.0038186683195276
2022-10-12,WIG20,WIG20,Stooq,1377.19,-0.0033707530565196702,-0.337075305651967,1.9323606217357208
2022-10-13,WIG20,WIG20,Stooq,1358.5,-0.01366404146210678,-1.366404146210678,1.8664692643932377
2022-10-14,WIG20,WIG20,Stooq,1397.23,0.02811055535022229,2.8110555350222293,1.8343479347082052
2022-10-17,WIG20,WIG20,Stooq,1414.06,0.011973294154356892,1.1973294154356893,1.8954161244417889
2022-10-18,WIG20,WIG20,Stooq,1427.68,0.009585749780859621,0.9585749780859621,1.8503734577956648
2022-10-19,WIG20,WIG20,Stooq,1397.66,-0.0212513395150836,-2.12513395150836,1.799856460180104
2022-10-20,WIG20,WIG20,Stooq,1426.52,0.020438502247990747,2.043850224799075,1.8175817150322686
2022-10-21,WIG20,WIG20,Stooq,1411.62,-0.010499930864365984,-1.0499930864365985,1.821480782687711
2022-10-24,WIG20,WIG20,Stooq,1433.21,0.015178702779320211,1.5178702779320212,1.7789876141917673
2022-10-25,WIG20,WIG20,Stooq,1444.02,0.007514206972665081,0.7514206972665081,1.7553304313239515
2022-10-26,WIG20,WIG20,Stooq,1487.6,0.029733192278547108,2.9733192278547107,1.704321783587704
2022-10-27,WIG20,WIG20,Stooq,1506.74,0.012784293489152939,1.2784293489152938,1.795895105095322
2022-10-28,WIG20,WIG20,Stooq,1508.7,0.0012999763059608305,0.12999763059608305,1.7601153660564202
2022-10-31,WIG20,WIG20,Stooq,1536.28,0.018115556915148445,1.8115556915148445,1.7002939523121043
2022-11-02,WIG20,WIG20,Stooq,1573.97,0.02423718031407516,2.4237180314075157,1.6989816520863583
2022-11-03,WIG20,WIG20,Stooq,1559.55,-0.009203771983163442,-0.9203771983163442,1.7418740877814363
2022-11-04,WIG20,WIG20,Stooq,1601.27,0.0263997462828511,2.6399746282851098,1.6994685445678346
2022-11-07,WIG20,WIG20,Stooq,1618.14,0.010480277076308674,1.0480277076308675,1.760670038100959
2022-11-08,WIG20,WIG20,Stooq,1644.75,0.01631105551485862,1.631105551485862,1.7181919821249931
2022-11-09,WIG20,WIG20,Stooq,1644.12,-0.00038311031308978254,-0.038311031308978255,1.7048723033690947
2022-11-10,WIG20,WIG20,Stooq,1690.38,0.02774806905966937,2.774806905966937,1.6477996126687315
2022-11-14,WIG20,WIG20,Stooq,1743.89,0.031164894372532507,3.1164894372532506,1.7274365403984873
2022-11-15,WIG20,WIG20,Stooq,1769.55,0.014607026870741818,1.4607026870741817,1.8301571832921237
2022-11-16,WIG20,WIG20,Stooq,1741.17,-0.016167975923146793,-1.6167975923146793,1.8002640022444674
2022-11-17,WIG20,WIG20,Stooq,1708.23,-0.019099554328654154,-1.9099554328654154,1.7855136356173478
2022-11-18,WIG20,WIG20,Stooq,1707.23,-0.000585572677516181,-0.0585572677516181,1.7897238934931712
2022-11-21,WIG20,WIG20,Stooq,1685.5,-0.01280991835252863,-1.2809918352528629,1.728536087668435
2022-11-22,WIG20,WIG20,Stooq,1717.75,0.018953039237069893,1.8953039237069893,1.7015669699450913
2022-11-23,WIG20,WIG20,Stooq,1713.61,-0.0024130385671281593,-0.24130385671281593,1.7054669723796974
2022-11-24,WIG20,WIG20,Stooq,1753.95,0.023268130910379957,2.326813091037996,1.649755783380321
2022-11-25,WIG20,WIG20,Stooq,1755.69,0.0009915547706096507,0.09915547706096507,1.6898854541886275
2022-11-28,WIG20,WIG20,Stooq,1728.74,-0.01546912258920122,-1.5469122589201219,1.6334653114801085
2022-11-29,WIG20,WIG20,Stooq,1736.19,0.004300237800171639,0.4300237800171639,1.6273727117309091
2022-11-30,WIG20,WIG20,Stooq,1736.26,4.0317355186989575e-05,0.004031735518698958,1.576795986382251
2022-12-01,WIG20,WIG20,Stooq,1766.38,0.017198879963704335,1.7198879963704334,1.5260592173855043
2022-12-02,WIG20,WIG20,Stooq,1733.46,-0.01881284340041079,-1.881284340041079,1.5334134734012779
2022-12-05,WIG20,WIG20,Stooq,1746.54,0.007517276778875161,0.7517276778875162,1.5581776891542547
2022-12-06,WIG20,WIG20,Stooq,1733.59,-0.00744228507119227,-0.744228507119227,1.5181265985440764
2022-12-07,WIG20,WIG20,Stooq,1735.66,0.0011933416419406674,0.11933416419406674,1.483114142917462
2022-12-08,WIG20,WIG20,Stooq,1725.66,-0.005778158519051202,-0.5778158519051202,1.437266909923303
2022-12-09,WIG20,WIG20,Stooq,1730.16,0.0026043037793628946,0.2604303779362895,1.402134114927947
2022-12-12,WIG20,WIG20,Stooq,1755.34,0.014448680565607384,1.4448680565607384,1.3614375489548962
2022-12-13,WIG20,WIG20,Stooq,1784.67,0.016570953842824337,1.6570953842824339,1.365370260556277
2022-12-14,WIG20,WIG20,Stooq,1787.37,0.0015117414778146156,0.15117414778146157,1.3828478704216232
2022-12-15,WIG20,WIG20,Stooq,1756.52,-0.0174106867300874,-1.74106867300874,1.3424321642901418
2022-12-16,WIG20,WIG20,Stooq,1741.3,-0.008702618235254653,-0.8702618235254653,1.3755745486439659
2022-12-19,WIG20,WIG20,Stooq,1743.24,0.0011134899874554634,0.11134899874554634,1.3541287538161333
2022-12-20,WIG20,WIG20,Stooq,1763.2,0.01138488928580299,1.138488928580299,1.3151172241437403
2022-12-21,WIG20,WIG20,Stooq,1786.1,0.012904131951842382,1.2904131951842381,1.3056624632311247
2022-12-22,WIG20,WIG20,Stooq,1780.07,-0.0033817825548510703,-0.33817825548510705,1.3050687097733575
2022-12-23,WIG20,WIG20,Stooq,1780.27,0.00011234882073649948,0.011234882073649947,1.2721805409744265
2022-12-27,WIG20,WIG20,Stooq,1765.87,-0.008121551405996203,-0.8121551405996204,1.23761963170934
2022-12-28,WIG20,WIG20,Stooq,1767.88,0.001137601820597539,0.1137601820597539,1.2232520232216768
2022-12-29,WIG20,WIG20,Stooq,1802.2,0.019227052210012457,1.9227052210012456,1.1915208077609456
2022-12-30,WIG20,WIG20,Stooq,1792.01,-0.0056702459244884805,-0.5670245924488481,1.2487459996389092
2023-01-02,WIG20,WIG20,Stooq,1791.47,-0.00030138301544167855,-0.030138301544167856,1.2247747679862548
2023-01-03,WIG20,WIG20,Stooq,1824.82,0.01844484015432677,1.8444840154326771,1.193007855854591
2023-01-04,WIG20,WIG20,Stooq,1855.05,0.016430297840841993,1.6430297840841994,1.2431549683635044
2023-01-05,WIG20,WIG20,Stooq,1856.05,0.0005389237822766407,0.053892378227664066,1.2715145707736968
2023-01-09,WIG20,WIG20,Stooq,1912.47,0.02994502666469796,2.994502666469796,1.236957143294083
2023-01-10,WIG20,WIG20,Stooq,1937.98,0.013250593176870043,1.3250593176870042,1.4035887162814278
2023-01-11,WIG20,WIG20,Stooq,1914.74,-0.012064350317873456,-1.2064350317873456,1.397180828719292
2023-01-12,WIG20,WIG20,Stooq,1930.79,0.008347402410447582,0.8347402410447582,1.3901327553007656
2023-01-13,WIG20,WIG20,Stooq,1923.44,-0.0038139960042701286,-0.3813996004270129,1.3627312466357488
2023-01-16,WIG20,WIG20,Stooq,1933.08,0.004999336229550394,0.49993362295503946,1.3273487789295357
2023-01-17,WIG20,WIG20,Stooq,1904.51,-0.014889828171026492,-1.4889828171026491,1.2944208872563183
2023-01-18,WIG20,WIG20,Stooq,1913.25,0.00457860906318254,0.457860906318254,1.3136529959140364
2023-01-19,WIG20,WIG20,Stooq,1889.84,-0.012311197304527118,-1.2311197304527117,1.2806777842161052
2023-01-20,WIG20,WIG20,Stooq,1892.32,0.0013114201173033417,0.13114201173033418,1.2843919191483837
2023-01-23,WIG20,WIG20,Stooq,1923.15,0.016160877164012613,1.6160877164012613,1.2492788868821083
2023-01-24,WIG20,WIG20,Stooq,1918.6,-0.0023687132829721983,-0.23687132829721982,1.2750169014769401
2023-01-25,WIG20,WIG20,Stooq,1886.24,-0.017010323840029783,-1.7010323840029782,1.2422333718376335
2023-01-26,WIG20,WIG20,Stooq,1911.61,0.013360389366423418,1.3360389366423417,1.2829040202066475
2023-01-27,WIG20,WIG20,Stooq,1911.5,-5.754477377331071e-05,-0.005754477377331071,1.286857757739234
2023-01-30,WIG20,WIG20,Stooq,1889.82,-0.011406687713452908,-1.1406687713452908,1.2515170634142188
2023-01-31,WIG20,WIG20,Stooq,1902.25,0.006555809633617613,0.6555809633617613,1.252382604708412
2023-02-01,WIG20,WIG20,Stooq,1871.93,-0.016067411880629576,-1.6067411880629576,1.2279057731355527
2023-02-02,WIG20,WIG20,Stooq,1903.79,0.016876651974817667,1.6876651974817667,1.2625787383303142
2023-02-03,WIG20,WIG20,Stooq,1906.13,0.001228372403743563,0.12283724037435631,1.292321809665041
2023-02-06,WIG20,WIG20,Stooq,1864.76,-0.0219426500845213,-2.1942650084521302,1.2567370235973752
2023-02-07,WIG20,WIG20,Stooq,1870.87,0.003271204829428992,0.3271204829428992,1.340552989392653
2023-02-08,WIG20,WIG20,Stooq,1886.68,0.008415107342484584,0.8415107342484583,1.303968793413451
2023-02-09,WIG20,WIG20,Stooq,1896.24,0.005054307440631536,0.5054307440631536,1.2823647869984316
2023-02-10,WIG20,WIG20,Stooq,1848.04,-0.025747360093563192,-2.5747360093563194,1.2521964049255545
2023-02-13,WIG20,WIG20,Stooq,1853.29,0.002836820019183286,0.2836820019183286,1.377501408235201
2023-02-14,WIG20,WIG20,Stooq,1852.67,-0.00033459616713849016,-0.03345961671384902,1.3383734980295179
2023-02-15,WIG20,WIG20,Stooq,1870.03,0.009326631659627709,0.9326631659627709,1.3002852567683685
2023-02-16,WIG20,WIG20,Stooq,1865.51,-0.002419999360686438,-0.2419999360686438,1.282497406208516
2023-02-17,WIG20,WIG20,Stooq,1859.26,-0.003355915058223871,-0.3355915058223871,1.2493571414410067
2023-02-20,WIG20,WIG20,Stooq,1849.48,-0.00527404060118821,-0.527404060118821,1.2196762506553478
2023-02-21,WIG20,WIG20,Stooq,1825.89,-0.012836979104099694,-1.2836979104099695,1.196384414793733
2023-02-22,WIG20,WIG20,Stooq,1796.87,-0.016021277003350536,-1.6021277003350536,1.210828214998576
2023-02-23,WIG20,WIG20,Stooq,1824.76,0.015402209146344919,1.5402209146344918,1.2469714774394576
2023-02-24,WIG20,WIG20,Stooq,1807.31,-0.009608919577510143,-0.9608919577510142,1.2674704262319039
2023-02-27,WIG20,WIG20,Stooq,1820.79,0.007430920883559139,0.7430920883559139,1.2576544550330797
2023-02-28,WIG20,WIG20,Stooq,1847.94,0.014801032316538456,1.4801032316538456,1.23560694485689
2023-03-01,WIG20,WIG20,Stooq,1856.22,0.00447065666216762,0.447065666216762,1.253014411177041
2023-03-02,WIG20,WIG20,Stooq,1817.77,-0.02093168672148928,-2.093168672148928,1.2233798478986768
2023-03-03,WIG20,WIG20,Stooq,1841.85,0.013160026191872839,1.3160026191872838,1.3017468095252809
2023-03-06,WIG20,WIG20,Stooq,1873.63,0.017107224396225112,1.7107224396225114,1.302947082914539
2023-03-07,WIG20,WIG20,Stooq,1853.4,-0.010855935518265443,-1.0855935518265443,1.3303305406603774
2023-03-08,WIG20,WIG20,Stooq,1860.83,0.00400083457987166,0.40008345798716605,1.322005494960989
2023-03-09,WIG20,WIG20,Stooq,1835.94,-0.013466012824583292,-1.346601282458329,1.2875269345282871
2023-03-10,WIG20,WIG20,Stooq,1799.58,-0.0200033075834143,-2.00033075834143,1.2978145438351558
2023-03-13,WIG20,WIG20,Stooq,1753.3,-0.026053577848382574,-2.605357784838257,1.3577970906682666
2023-03-14,WIG20,WIG20,Stooq,1755.3,0.0011400559862174225,0.11400559862174224,1.4698112490269009
2023-03-15,WIG20,WIG20,Stooq,1707.42,-0.027656323237936768,-2.765632323793677,1.424644418683714
2023-03-16,WIG20,WIG20,Stooq,1706.55,-0.000509670570528121,-0.0509670570528121,1.54391636501334
2023-03-17,WIG20,WIG20,Stooq,1678.16,-0.016775833563301007,-1.6775833563301008,1.495020869986815
2023-03-20,WIG20,WIG20,Stooq,1686.56,0.004992996416344825,0.49929964163448254,1.5088126446407757
2023-03-21,WIG20,WIG20,Stooq,1719.16,0.019144847915104936,1.9144847915104937,1.4656775002072442
2023-03-22,WIG20,WIG20,Stooq,1707.29,-0.006928481363378627,-0.6928481363378627,1.4921954614866477
2023-03-23,WIG20,WIG20,Stooq,1705.91,-0.0008086253809888034,-0.08086253809888035,1.4571222175060778
2023-03-24,WIG20,WIG20,Stooq,1670.18,-0.021167287644002275,-2.1167287644002277,1.4128880720460901
2023-03-27,WIG20,WIG20,Stooq,1686.96,0.00999668750214551,0.9996687502145509,1.4695249069702403
2023-03-28,WIG20,WIG20,Stooq,1694.12,0.004235339419985885,0.4235339419985885,1.443163877657716
2023-03-29,WIG20,WIG20,Stooq,1709.39,0.00897314975321081,0.897314975321081,1.402307456038853
2023-03-30,WIG20,WIG20,Stooq,1763.29,0.03104480050412987,3.1044800504129872,1.3763674626601006
2023-03-31,WIG20,WIG20,Stooq,1758.56,-0.0026860898924958468,-0.26860898924958465,1.5310849588067335
2023-04-03,WIG20,WIG20,Stooq,1775.99,0.0098627215850425,0.98627215850425,1.484683815182974
2023-04-04,WIG20,WIG20,Stooq,1773.53,-0.001386103131613782,-0.1386103131613782,1.4568253907580864
2023-04-05,WIG20,WIG20,Stooq,1756.95,-0.00939255959002555,-0.9392559590025549,1.4129951925906061
2023-04-06,WIG20,WIG20,Stooq,1754.24,-0.0015436365096271028,-0.1543636509627103,1.3919021572144845
2023-04-11,WIG20,WIG20,Stooq,1783.31,0.016435473349829054,1.6435473349829053,1.3516832301977721
2023-04-12,WIG20,WIG20,Stooq,1816.28,0.018319265273780905,1.8319265273780905,1.36949325664622
2023-04-13,WIG20,WIG20,Stooq,1840.77,0.013393509028318078,1.3393509028318078,1.3993327418349055
2023-04-14,WIG20,WIG20,Stooq,1854.27,0.0073071252642926765,0.7307125264292677,1.3940423238757522
2023-04-17,WIG20,WIG20,Stooq,1861.85,0.004079529462206729,0.40795294622067285,1.3630446694254388
2023-04-18,WIG20,WIG20,Stooq,1896.92,0.018660901142673138,1.8660901142673139,1.3263757524081414
2023-04-19,WIG20,WIG20,Stooq,1896.87,-2.6358865410639205e-05,-0.0026358865410639203,1.3633531043282818
2023-04-20,WIG20,WIG20,Stooq,1911.19,0.007520925353078939,0.7520925353078939,1.3238137558068084
2023-04-21,WIG20,WIG20,Stooq,1900.63,-0.005540674541385295,-0.5540674541385295,1.2978242411657628
2023-04-24,WIG20,WIG20,Stooq,1910.52,0.0051900461541637575,0.5190046154163758,1.2704028765280257
2023-04-25,WIG20,WIG20,Stooq,1890.69,-0.01043361450240234,-1.043361450240234,1.2412500255015098
2023-04-26,WIG20,WIG20,Stooq,1888.61,-0.001100733051101113,-0.11007330511011129,1.2376014545867808
2023-04-27,WIG20,WIG20,Stooq,1948.07,0.030998030106030052,3.0998030106030052,1.2055775551263148
2023-04-28,WIG20,WIG20,Stooq,1923.09,-0.012905871482759202,-1.2905871482759201,1.39193274802233
2023-05-02,WIG20,WIG20,Stooq,1919.24,-0.0020039930398808308,-0.2003993039880831,1.3900004749242463
2023-05-04,WIG20,WIG20,Stooq,1884.32,-0.018362261232561922,-1.8362261232561923,1.3503466270480948
2023-05-05,WIG20,WIG20,Stooq,1912.37,0.014776297440916193,1.4776297440916193,1.3902243336156315
2023-05-08,WIG20,WIG20,Stooq,1922.08,0.005064622438910486,0.5064622438910485,1.3937483154573302
2023-05-09,WIG20,WIG20,Stooq,1919.92,-0.0011244144859840538,-0.11244144859840538,1.3571426121355297
2023-05-10,WIG20,WIG20,Stooq,1931.94,0.006241160902516823,0.6241160902516824,1.3184702651273148
2023-05-11,WIG20,WIG20,Stooq,1918.71,-0.0068715941769276504,-0.687159417692765,1.2890233565709188
2023-05-12,WIG20,WIG20,Stooq,1939.03,0.0105347628030214,1.05347628030214,1.2663667746558942
2023-05-15,WIG20,WIG20,Stooq,1940.63,0.0008248145923660492,0.08248145923660492,1.2563836530658412
2023-05-16,WIG20,WIG20,Stooq,1948.83,0.004216529877702455,0.4216529877702455,1.222700583376486
2023-05-17,WIG20,WIG20,Stooq,1933.08,-0.008114606687885564,-0.8114606687885564,1.1943837365458447
2023-05-18,WIG20,WIG20,Stooq,1939.9,0.00352183953918597,0.35218395391859697,1.1830862609427033
2023-05-19,WIG20,WIG20,Stooq,1992.31,0.026658344189519435,2.6658344189519436,1.1559424227160442
2023-05-22,WIG20,WIG20,Stooq,2004.72,0.006209630589180716,0.6209630589180716,1.297116476023263
2023-05-23,WIG20,WIG20,Stooq,2004.06,-0.0003292772394411559,-0.03292772394411559,1.2688827814184545
2023-05-24,WIG20,WIG20,Stooq,1958.63,-0.022929873643721878,-2.2929873643721876,1.2346341180952247
2023-05-25,WIG20,WIG20,Stooq,1941.16,-0.008959516724677692,-0.8959516724677692,1.3317698960707791
2023-05-26,WIG20,WIG20,Stooq,1984.12,0.021889758378790272,2.188975837879027,1.3143830495773774
2023-05-29,WIG20,WIG20,Stooq,1980.39,-0.001881695897143418,-0.1881695897143418,1.380638985076003
2023-05-30,WIG20,WIG20,Stooq,1946.38,-0.017322557953234997,-1.7322557953234996,1.341363567306588
2023-05-31,WIG20,WIG20,Stooq,1894.48,-0.027026842508565393,-2.702684250856539,1.3739310031063638
2023-06-01,WIG20,WIG20,Stooq,1946.21,0.026939497064987758,2.693949706498776,1.494100189069811
2023-06-02,WIG20,WIG20,Stooq,2018.09,0.03626762793879932,3.626762793879932,1.5857095014992286
2023-06-05,WIG20,WIG20,Stooq,2020.07,0.0009806447286262133,0.09806447286262134,1.7667082197477917
2023-06-06,WIG20,WIG20,Stooq,2053.44,0.016384271301970947,1.6384271301970947,1.7064897670880717
2023-06-07,WIG20,WIG20,Stooq,2036.31,-0.008377089149989289,-0.837708914998929,1.6944526818299517
2023-06-09,WIG20,WIG20,Stooq,2050.99,0.007183256977928358,0.7183256977928358,1.652068313002256
2023-06-12,WIG20,WIG20,Stooq,2044.2,-0.003316088495113748,-0.3316088495113748,1.6058680573289486
2023-06-13,WIG20,WIG20,Stooq,2024.98,-0.009446690946319598,-0.9446690946319598,1.5564038418927861
2023-06-14,WIG20,WIG20,Stooq,2075.83,0.024801249737469222,2.480124973746922,1.5261613856956227
2023-06-15,WIG20,WIG20,Stooq,2097.34,0.010308801458423665,1.0308801458423664,1.5932396178091925
2023-06-16,WIG20,WIG20,Stooq,2108.05,0.00509347440049431,0.509347440049431,1.5602451984864862
2023-06-19,WIG20,WIG20,Stooq,2083.81,-0.01156540065343415,-1.156540065343415,1.5145112815983555
2023-06-20,WIG20,WIG20,Stooq,2066.78,-0.008206108320445578,-0.8206108320445579,1.4962973267861488
2023-06-21,WIG20,WIG20,Stooq,2076.16,0.004528193035720226,0.4528193035720226,1.465193752959833
2023-06-22,WIG20,WIG20,Stooq,2075.51,-0.0003131270092808995,-0.03131270092808995,1.4236155021208954
2023-06-23,WIG20,WIG20,Stooq,2035.0,-0.019711087720907693,-1.9711087720907694,1.3809314659497751
2023-06-26,WIG20,WIG20,Stooq,2068.49,0.01632305359200677,1.632305359200677,1.4286344434769183
2023-06-27,WIG20,WIG20,Stooq,2039.34,-0.014192646389135788,-1.4192646389135788,1.4387096722358035
2023-06-28,WIG20,WIG20,Stooq,2045.15,0.002844910340634793,0.2844910340634793,1.4406094704417722
2023-06-29,WIG20,WIG20,Stooq,2062.11,0.008258593999603972,0.8258593999603973,1.398076779821737
2023-06-30,WIG20,WIG20,Stooq,2060.38,-0.0008392986285251234,-0.08392986285251233,1.3698721907628346
2023-07-03,WIG20,WIG20,Stooq,2078.46,0.008736803068649069,0.8736803068649068,1.3303181553486927
2023-07-04,WIG20,WIG20,Stooq,2056.53,-0.01060713840380294,-1.060713840380294,1.3081783731475913
2023-07-05,WIG20,WIG20,Stooq,2015.11,-0.02034631199463424,-2.0346311994634236,1.300257428978782
2023-07-06,WIG20,WIG20,Stooq,2010.48,-0.002300284947828215,-0.2300284947828215,1.363059730996133
2023-07-07,WIG20,WIG20,Stooq,2035.57,0.012402378422930046,1.2402378422930045,1.3252351125328499
2023-07-10,WIG20,WIG20,Stooq,2041.39,0.0028550704218052894,0.2855070421805289,1.3202996256401314
2023-07-11,WIG20,WIG20,Stooq,2054.39,0.0063480185241499105,0.6348018524149911,1.2843489038845108
2023-07-12,WIG20,WIG20,Stooq,2114.5,0.028839411029994242,2.883941102999424,1.2572788552782797
2023-07-13,WIG20,WIG20,Stooq,2117.53,0.0014319371638374233,0.14319371638374234,1.4065356536374856
2023-07-14,WIG20,WIG20,Stooq,2127.08,0.004499832076170331,0.4499832076170331,1.3648149497881483
2023-07-17,WIG20,WIG20,Stooq,2136.87,0.004591994372819544,0.4591994372819544,1.3287669327675564
2023-07-18,WIG20,WIG20,Stooq,2161.24,0.011339989509429849,1.1339989509429849,1.29494555699749
2023-07-19,WIG20,WIG20,Stooq,2171.53,0.004749857179667357,0.4749857179667357,1.2867831829978575
2023-07-20,WIG20,WIG20,Stooq,2159.05,-0.005763678097975573,-0.5763678097975573,1.2557121406826588
2023-07-21,WIG20,WIG20,Stooq,2155.56,-0.0016177595477475661,-0.16177595477475662,1.2315812426343606
2023-07-24,WIG20,WIG20,Stooq,2173.8,0.008426237560342137,0.8426237560342137,1.200378324626735
2023-07-25,WIG20,WIG20,Stooq,2181.76,0.0036551023803971052,0.3655102380397105,1.18586687979227
2023-07-26,WIG20,WIG20,Stooq,2163.91,-0.008215120056783565,-0.8215120056783565,1.1587700257788431
2023-07-27,WIG20,WIG20,Stooq,2189.58,0.011792974143635195,1.1792974143635195,1.1505476547820195
2023-07-28,WIG20,WIG20,Stooq,2189.24,-0.00015529297878581877,-0.015529297878581877,1.1564923055057441
2023-07-31,WIG20,WIG20,Stooq,2193.56,0.001971343159181309,0.1971343159181309,1.1286249169227962
2023-08-01,WIG20,WIG20,Stooq,2188.77,-0.0021860525827803448,-0.21860525827803448,1.1028921598094368
2023-08-02,WIG20,WIG20,Stooq,2142.82,-0.021217023648473866,-2.1217023648473865,1.0800910081951616
2023-08-03,WIG20,WIG20,Stooq,2141.81,-0.0004714526195763262,-0.04714526195763262,1.182687804659383
2023-08-04,WIG20,WIG20,Stooq,2169.73,0.012951469904167907,1.2951469904167907,1.153421170981847
2023-08-07,WIG20,WIG20,Stooq,2152.17,-0.008126100385907222,-0.8126100385907222,1.166209491190291
2023-08-08,WIG20,WIG20,Stooq,2113.37,-0.018192805673782595,-1.8192805673782595,1.1570322591745248
2023-08-09,WIG20,WIG20,Stooq,2096.43,-0.008047931698621625,-0.8047931698621625,1.2180735993037657
2023-08-10,WIG20,WIG20,Stooq,2130.58,0.016158345034153573,1.6158345034153574,1.204782992354452
2023-08-11,WIG20,WIG20,Stooq,2105.31,-0.01193151842380491,-1.193151842380491,1.235039929178835
2023-08-14,WIG20,WIG20,Stooq,2087.01,-0.008730305049541639,-0.8730305049541639,1.2403517400697337
2023-08-16,WIG20,WIG20,Stooq,2044.35,-0.020652529090932088,-2.065252909093209,1.2284396462152887
2023-08-17,WIG20,WIG20,Stooq,2021.15,-0.011413234209398954,-1.1413234209398955,1.3033894134998492
2023-08-18,WIG20,WIG20,Stooq,2014.55,-0.003270810954239171,-0.3270810954239171,1.3001093203083445
2023-08-21,WIG20,WIG20,Stooq,2015.21,0.0003275629347163257,0.03275629347163257,1.2673077927162861
2023-08-22,WIG20,WIG20,Stooq,2009.59,-0.0027926871658611433,-0.27926871658611435,1.2329911467892432
2023-08-23,WIG20,WIG20,Stooq,2012.34,0.001367502879739983,0.1367502879739983,1.203283457797843
2023-08-24,WIG20,WIG20,Stooq,2009.58,-0.001372479031532498,-0.1372479031532498,1.1727857476367323
2023-08-25,WIG20,WIG20,Stooq,2000.42,-0.004568586499887426,-0.4568586499887426,1.1447618560917128
2023-08-28,WIG20,WIG20,Stooq,2039.32,0.019259260441855507,1.9259260441855508,1.12430814985193
2023-08-29,WIG20,WIG20,Stooq,2042.08,0.0013524772973562756,0.13524772973562757,1.1904292271092642
2023-08-30,WIG20,WIG20,Stooq,2049.96,0.0038513845125860736,0.38513845125860735,1.160667435993881
2023-08-31,WIG20,WIG20,Stooq,2027.38,-0.011075961698859247,-1.1075961698859247,1.1354306991925192
2023-09-01,WIG20,WIG20,Stooq,2050.94,0.01155390557393804,1.155390557393804,1.1442485087627363
2023-09-04,WIG20,WIG20,Stooq,2025.59,-0.01243720849322112,-1.243720849322112,1.1493452808683071
2023-09-05,WIG20,WIG20,Stooq,2006.27,-0.009583739452834805,-0.9583739452834805,1.1655346043063473
2023-09-06,WIG20,WIG20,Stooq,1958.07,-0.02431798245848928,-2.431798245848928,1.1634394777439765
2023-09-07,WIG20,WIG20,Stooq,1927.39,-0.015792538150391687,-1.5792538150391686,1.2872002583448883
2023-09-08,WIG20,WIG20,Stooq,1943.99,0.008575805907123701,0.8575805907123701,1.313650692767094
2023-09-11,WIG20,WIG20,Stooq,1941.79,-0.0011323339124018213,-0.11323339124018213,1.292005696862399
2023-09-12,WIG20,WIG20,Stooq,1949.57,0.003998607358922635,0.3998607358922635,1.2569344160128026
2023-09-13,WIG20,WIG20,Stooq,1949.65,4.1033847800999236e-05,0.004103384780099924,1.2262045565346182
2023-09-14,WIG20,WIG20,Stooq,1967.77,0.009251052595124673,0.9251052595124672,1.1942498274544113
2023-09-15,WIG20,WIG20,Stooq,1975.05,0.003692792606784019,0.3692792606784019,1.183659429509957
2023-09-18,WIG20,WIG20,Stooq,1943.94,-0.015876873123917917,-1.5876873123917918,1.1567572807377131
2023-09-19,WIG20,WIG20,Stooq,1930.86,-0.006751341841041878,-0.6751341841041878,1.1977102319902453
2023-09-20,WIG20,WIG20,Stooq,1975.57,0.02289146478549596,2.289146478549596,1.1807060365632356
2023-09-21,WIG20,WIG20,Stooq,1949.56,-0.01325325821961328,-1.325325821961328,1.2751809579778863
2023-09-22,WIG20,WIG20,Stooq,1949.25,-0.00015902288167576333,-0.015902288167576332,1.2851976011524975
2023-09-25,WIG20,WIG20,Stooq,1925.22,-0.012404436283653685,-1.2404436283653686,1.2499782021467896
2023-09-26,WIG20,WIG20,Stooq,1928.42,0.001660767863893134,0.1660767863893134,1.2568764584324392
2023-09-27,WIG20,WIG20,Stooq,1898.92,-0.015415711280540582,-1.5415711280540583,1.2234742312930518
2023-09-28,WIG20,WIG20,Stooq,1884.74,-0.007495423155139768,-0.7495423155139769,1.2535780505643845
2023-09-29,WIG20,WIG20,Stooq,1915.6,0.016241009134185903,1.6241009134185902,1.2355722200354873
2023-10-02,WIG20,WIG20,Stooq,1873.32,-0.022318631711878666,-2.2318631711878667,1.2632864566226771
2023-10-03,WIG20,WIG20,Stooq,1864.31,-0.004821246325974268,-0.48212463259742677,1.34997344082648
2023-10-04,WIG20,WIG20,Stooq,1879.35,0.008034960929070177,0.8034960929070177,1.3175225519283071
2023-10-05,WIG20,WIG20,Stooq,1864.65,-0.007852604453837177,-0.7852604453837178,1.2936663153986567
2023-10-06,WIG20,WIG20,Stooq,1870.43,0.00309498303321258,0.309498303321258,1.2743327031270513
2023-10-09,WIG20,WIG20,Stooq,1909.41,0.02062594285847458,2.062594285847458,1.2412569241737619
2023-10-10,WIG20,WIG20,Stooq,1960.21,0.026257316544798508,2.625731654479851,1.305017669906793
2023-10-11,WIG20,WIG20,Stooq,1976.83,0.00844294125901375,0.844294125901375,1.4166892245665217
2023-10-12,WIG20,WIG20,Stooq,1960.94,-0.008070601507444,-0.8070601507444,1.3879502862900082
2023-10-13,WIG20,WIG20,Stooq,1974.56,0.006921638610983759,0.6921638610983759,1.3632165986161777
2023-10-16,WIG20,WIG20,Stooq,2079.49,0.051777082618249516,5.177708261824952,1.3329529852989415
2023-10-17,WIG20,WIG20,Stooq,2118.37,0.018524253687869325,1.8524253687869325,1.8034305109313178
2023-10-18,WIG20,WIG20,Stooq,2094.62,-0.011274772355076368,-1.1274772355076368,1.7964355430620793
2023-10-19,WIG20,WIG20,Stooq,2051.4,-0.020849665782605165,-2.0849665782605165,1.7584446194409937
2023-10-20,WIG20,WIG20,Stooq,2028.92,-0.011018855114609243,-1.1018855114609243,1.7770462420900615
2023-10-23,WIG20,WIG20,Stooq,2021.14,-0.0038419231170104635,-0.38419231170104634,1.7392297161354742
2023-10-24,WIG20,WIG20,Stooq,2059.53,0.018816092770740946,1.8816092770740946,1.6836590705439103
2023-10-25,WIG20,WIG20,Stooq,2096.22,0.01765792135245419,1.7657921352454191,1.6881700833781976
2023-10-26,WIG20,WIG20,Stooq,2120.96,0.01173309359320273,1.173309359320273,1.6850130242864325
2023-10-27,WIG20,WIG20,Stooq,2103.73,-0.008156856731299419,-0.8156856731299419,1.651868872409286
2023-10-30,WIG20,WIG20,Stooq,2126.47,0.010751368278694102,1.0751368278694102,1.6112522127421791
2023-10-31,WIG20,WIG20,Stooq,2149.73,0.010878924934872544,1.0878924934872545,1.5788302851245317
2023-11-02,WIG20,WIG20,Stooq,2158.41,0.004029586663929817,0.4029586663929817,1.548961863965119
2023-11-03,WIG20,WIG20,Stooq,2177.29,0.008709144699091738,0.8709144699091738,1.5021090223038087
2023-11-06,WIG20,WIG20,Stooq,2186.01,0.00399698008805925,0.399698008805925,1.4690096992101418
2023-11-07,WIG20,WIG20,Stooq,2168.12,-0.008217531710179995,-0.8217531710179995,1.426381555275736
2023-11-08,WIG20,WIG20,Stooq,2140.2,-0.012961149988356232,-1.296114998835623,1.3997224415521807
2023-11-09,WIG20,WIG20,Stooq,2170.91,0.014247151875648309,1.424715187564831,1.397484877652777
2023-11-10,WIG20,WIG20,Stooq,2141.09,-0.013831389330798282,-1.3831389330798283,1.3972250212709285
2023-11-13,WIG20,WIG20,Stooq,2132.7,-0.003926262534203838,-0.3926262534203838,1.4003645754568228
2023-11-14,WIG20,WIG20,Stooq,2236.12,0.047353438494376315,4.735343849437632,1.3630668954830265
2023-11-15,WIG20,WIG20,Stooq,2218.61,-0.007861347456546429,-0.7861347456546428,1.7512584680660974
2023-11-16,WIG20,WIG20,Stooq,2217.16,-0.000653776030608963,-0.0653776030608963,1.7040532106382908
2023-11-17,WIG20,WIG20,Stooq,2228.28,0.00500288978973676,0.5002889789736761,1.6471203503373437
2023-11-20,WIG20,WIG20,Stooq,2250.55,0.00994464337073033,0.994464337073033,1.5966160313144702
2023-11-21,WIG20,WIG20,Stooq,2240.99,-0.004256898273883106,-0.42568982738831057,1.562067191263934
2023-11-22,WIG20,WIG20,Stooq,2241.16,7.58564528548238e-05,0.00758564528548238,1.5164960339771432
2023-11-23,WIG20,WIG20,Stooq,2225.6,-0.006967046781028346,-0.6967046781028347,1.4688477226025327
2023-11-24,WIG20,WIG20,Stooq,2228.01,0.001082268198264919,0.10822681982649189,1.4352870603325056
2023-11-27,WIG20,WIG20,Stooq,2208.05,-0.008999037299313544,-0.8999037299313544,1.3919216812914932
2023-11-28,WIG20,WIG20,Stooq,2239.69,0.014227690346637935,1.4227690346637936,1.3705963739875577
2023-11-29,WIG20,WIG20,Stooq,2222.44,-0.007731772016545253,-0.7731772016545253,1.3724260420370487
2023-11-30,WIG20,WIG20,Stooq,2215.25,-0.0032404274708105886,-0.32404274708105885,1.3474397938011882
2023-12-01,WIG20,WIG20,Stooq,2285.98,0.03142955248268568,3.142955248268568,1.3118805589636888
2023-12-04,WIG20,WIG20,Stooq,2281.04,-0.0021633371111189634,-0.21633371111189634,1.4829570873032247
2023-12-05,WIG20,WIG20,Stooq,2298.78,0.00774706810535692,0.774706810535692,1.4384796560696116
2023-12-06,WIG20,WIG20,Stooq,2309.81,0.0047867226464469005,0.47867226464469004,1.4061335838335225
2023-12-07,WIG20,WIG20,Stooq,2288.84,-0.009120131060741707,-0.9120131060741707,1.368287463277097
2023-12-08,WIG20,WIG20,Stooq,2306.05,0.0074909651711162475,0.7490965171116247,1.3490738303631011
2023-12-11,WIG20,WIG20,Stooq,2313.32,0.0031476179662126612,0.31476179662126613,1.3214049620313908
2023-12-12,WIG20,WIG20,Stooq,2293.66,-0.008534927151503446,-0.8534927151503446,1.2857349975620918
2023-12-13,WIG20,WIG20,Stooq,2298.31,0.002025275247627482,0.20252752476274818,1.2697357521227235
2023-12-14,WIG20,WIG20,Stooq,2312.56,0.006181065772442285,0.6181065772442285,1.2358491358937147
2023-12-15,WIG20,WIG20,Stooq,2320.45,0.0034059963727820866,0.34059963727820863,1.2113327457967755
2023-12-18,WIG20,WIG20,Stooq,2334.5,0.006036603042273636,0.6036603042273636,1.1823334104811438
2023-12-19,WIG20,WIG20,Stooq,2354.57,0.008560385134354663,0.8560385134354663,1.1608143434839988
2023-12-20,WIG20,WIG20,Stooq,2346.52,-0.0034247410145744335,-0.34247410145744334,1.1496787190074726
2023-12-21,WIG20,WIG20,Stooq,2348.67,0.0009158309462557725,0.09158309462557725,1.1261818393704301
2023-12-22,WIG20,WIG20,Stooq,2346.7,-0.0008391245484785587,-0.08391245484785587,1.1000474491936874
2023-12-27,WIG20,WIG20,Stooq,2371.28,0.010419807795731505,1.0419807795731504,1.0759236171693838
2023-12-28,WIG20,WIG20,Stooq,2356.32,-0.0063288137464287,-0.63288137464287,1.0804644721213394
2023-12-29,WIG20,WIG20,Stooq,2342.99,-0.00567318851160168,-0.567318851160168,1.0701264451183394
