date,index_name,ticker,data_source,close_level
2021-01-04,EURO_STOXX_50,^STOXX50E,Yahoo Finance,3564.389892578125
2021-01-05,EURO_STOXX_50,^STOXX50E,Yahoo Finance,3547.85009765625
2021-01-06,EURO_STOXX_50,^STOXX50E,Yahoo Finance,3611.080078125
2021-01-07,EURO_STOXX_50,^STOXX50E,Yahoo Finance,3622.419921875
2021-01-08,EURO_STOXX_50,^STOXX50E,Yahoo Finance,3645.050048828125
2021-01-11,EURO_STOXX_50,^STOXX50E,Yahoo Finance,3620.6201171875
2021-01-12,EURO_STOXX_50,^STOXX50E,Yahoo Finance,3612.1298828125
2021-01-13,EURO_STOXX_50,^STOXX50E,Yahoo Finance,3616.510009765625
2021-01-14,EURO_STOXX_50,^STOXX50E,Yahoo Finance,3641.3701171875
2021-01-15,EURO_STOXX_50,^STOXX50E,Yahoo Finance,3599.550048828125
2021-01-18,EURO_STOXX_50,^STOXX50E,Yahoo Finance,3602.669921875
2021-01-19,EURO_STOXX_50,^STOXX50E,Yahoo Finance,3595.419921875
2021-01-20,EURO_STOXX_50,^STOXX50E,Yahoo Finance,3624.0400390625
2021-01-21,EURO_STOXX_50,^STOXX50E,Yahoo Finance,3618.35009765625
2021-01-22,EURO_STOXX_50,^STOXX50E,Yahoo Finance,3602.409912109375
2021-01-25,EURO_STOXX_50,^STOXX50E,Yahoo Finance,3553.139892578125
2021-01-26,EURO_STOXX_50,^STOXX50E,Yahoo Finance,3592.830078125
2021-01-27,EURO_STOXX_50,^STOXX50E,Yahoo Finance,3536.3798828125
2021-01-28,EURO_STOXX_50,^STOXX50E,Yahoo Finance,3557.0400390625
2021-01-29,EURO_STOXX_50,^STOXX50E,Yahoo Finance,3481.43994140625
2021-02-01,EURO_STOXX_50,^STOXX50E,Yahoo Finance,3530.85009765625
2021-02-02,EURO_STOXX_50,^STOXX50E,Yahoo Finance,3590.4599609375
2021-02-03,EURO_STOXX_50,^STOXX50E,Yahoo Finance,3609.75
2021-02-04,EURO_STOXX_50,^STOXX50E,Yahoo Finance,3642.1201171875
2021-02-05,EURO_STOXX_50,^STOXX50E,Yahoo Finance,3655.77001953125
2021-02-08,EURO_STOXX_50,^STOXX50E,Yahoo Finance,3665.510009765625
2021-02-09,EURO_STOXX_50,^STOXX50E,Yahoo Finance,3661.1298828125
2021-02-10,EURO_STOXX_50,^STOXX50E,Yahoo Finance,3648.3701171875
2021-02-11,EURO_STOXX_50,^STOXX50E,Yahoo Finance,3671.679931640625
2021-02-12,EURO_STOXX_50,^STOXX50E,Yahoo Finance,3695.610107421875
2021-02-15,EURO_STOXX_50,^STOXX50E,Yahoo Finance,3734.199951171875
2021-02-16,EURO_STOXX_50,^STOXX50E,Yahoo Finance,3726.39990234375
2021-02-17,EURO_STOXX_50,^STOXX50E,Yahoo Finance,3699.85009765625
2021-02-18,EURO_STOXX_50,^STOXX50E,Yahoo Finance,3681.0400390625
2021-02-19,EURO_STOXX_50,^STOXX50E,Yahoo Finance,3713.4599609375
2021-02-22,EURO_STOXX_50,^STOXX50E,Yahoo Finance,3699.85009765625
2021-02-23,EURO_STOXX_50,^STOXX50E,Yahoo Finance,3689.10009765625
2021-02-24,EURO_STOXX_50,^STOXX50E,Yahoo Finance,3705.989990234375
2021-02-25,EURO_STOXX_50,^STOXX50E,Yahoo Finance,3685.280029296875
2021-02-26,EURO_STOXX_50,^STOXX50E,Yahoo Finance,3636.43994140625
2021-03-01,EURO_STOXX_50,^STOXX50E,Yahoo Finance,3706.6201171875
2021-03-02,EURO_STOXX_50,^STOXX50E,Yahoo Finance,3707.719970703125
2021-03-03,EURO_STOXX_50,^STOXX50E,Yahoo Finance,3712.780029296875
2021-03-04,EURO_STOXX_50,^STOXX50E,Yahoo Finance,3704.85009765625
2021-03-05,EURO_STOXX_50,^STOXX50E,Yahoo Finance,3669.5400390625
2021-03-08,EURO_STOXX_50,^STOXX50E,Yahoo Finance,3763.239990234375
2021-03-09,EURO_STOXX_50,^STOXX50E,Yahoo Finance,3786.050048828125
2021-03-10,EURO_STOXX_50,^STOXX50E,Yahoo Finance,3819.919921875
2021-03-11,EURO_STOXX_50,^STOXX50E,Yahoo Finance,3845.639892578125
2021-03-12,EURO_STOXX_50,^STOXX50E,Yahoo Finance,3833.360107421875
2021-03-15,EURO_STOXX_50,^STOXX50E,Yahoo Finance,3829.840087890625
2021-03-16,EURO_STOXX_50,^STOXX50E,Yahoo Finance,3850.9599609375
2021-03-17,EURO_STOXX_50,^STOXX50E,Yahoo Finance,3849.739990234375
2021-03-18,EURO_STOXX_50,^STOXX50E,Yahoo Finance,3867.5400390625
2021-03-19,EURO_STOXX_50,^STOXX50E,Yahoo Finance,3837.02001953125
2021-03-22,EURO_STOXX_50,^STOXX50E,Yahoo Finance,3833.840087890625
2021-03-23,EURO_STOXX_50,^STOXX50E,Yahoo Finance,3827.02001953125
2021-03-24,EURO_STOXX_50,^STOXX50E,Yahoo Finance,3832.550048828125
2021-03-25,EURO_STOXX_50,^STOXX50E,Yahoo Finance,3832.570068359375
2021-03-26,EURO_STOXX_50,^STOXX50E,Yahoo Finance,3866.679931640625
2021-03-29,EURO_STOXX_50,^STOXX50E,Yahoo Finance,3882.8701171875
2021-03-30,EURO_STOXX_50,^STOXX50E,Yahoo Finance,3926.199951171875
2021-03-31,EURO_STOXX_50,^STOXX50E,Yahoo Finance,3919.2099609375
2021-04-01,EURO_STOXX_50,^STOXX50E,Yahoo Finance,3945.9599609375
2021-04-06,EURO_STOXX_50,^STOXX50E,Yahoo Finance,3970.419921875
2021-04-07,EURO_STOXX_50,^STOXX50E,Yahoo Finance,3956.77001953125
2021-04-08,EURO_STOXX_50,^STOXX50E,Yahoo Finance,3977.830078125
2021-04-09,EURO_STOXX_50,^STOXX50E,Yahoo Finance,3978.840087890625
2021-04-12,EURO_STOXX_50,^STOXX50E,Yahoo Finance,3961.89990234375
2021-04-13,EURO_STOXX_50,^STOXX50E,Yahoo Finance,3966.989990234375
2021-04-14,EURO_STOXX_50,^STOXX50E,Yahoo Finance,3976.280029296875
2021-04-15,EURO_STOXX_50,^STOXX50E,Yahoo Finance,3993.429931640625
2021-04-16,EURO_STOXX_50,^STOXX50E,Yahoo Finance,4032.989990234375
2021-04-19,EURO_STOXX_50,^STOXX50E,Yahoo Finance,4019.909912109375
2021-04-20,EURO_STOXX_50,^STOXX50E,Yahoo Finance,3940.4599609375
2021-04-21,EURO_STOXX_50,^STOXX50E,Yahoo Finance,3976.409912109375
2021-04-22,EURO_STOXX_50,^STOXX50E,Yahoo Finance,4014.800048828125
2021-04-23,EURO_STOXX_50,^STOXX50E,Yahoo Finance,4013.340087890625
2021-04-26,EURO_STOXX_50,^STOXX50E,Yahoo Finance,4020.830078125
2021-04-27,EURO_STOXX_50,^STOXX50E,Yahoo Finance,4011.909912109375
2021-04-28,EURO_STOXX_50,^STOXX50E,Yahoo Finance,4015.030029296875
2021-04-29,EURO_STOXX_50,^STOXX50E,Yahoo Finance,3996.89990234375
2021-04-30,EURO_STOXX_50,^STOXX50E,Yahoo Finance,3974.739990234375
2021-05-03,EURO_STOXX_50,^STOXX50E,Yahoo Finance,4000.25
2021-05-04,EURO_STOXX_50,^STOXX50E,Yahoo Finance,3924.800048828125
2021-05-05,EURO_STOXX_50,^STOXX50E,Yahoo Finance,4002.7900390625
2021-05-06,EURO_STOXX_50,^STOXX50E,Yahoo Finance,3999.43994140625
2021-05-07,EURO_STOXX_50,^STOXX50E,Yahoo Finance,4034.25
2021-05-10,EURO_STOXX_50,^STOXX50E,Yahoo Finance,4023.35009765625
2021-05-11,EURO_STOXX_50,^STOXX50E,Yahoo Finance,3946.06005859375
2021-05-12,EURO_STOXX_50,^STOXX50E,Yahoo Finance,3947.429931640625
2021-05-14,EURO_STOXX_50,^STOXX50E,Yahoo Finance,4017.43994140625
2021-05-17,EURO_STOXX_50,^STOXX50E,Yahoo Finance,4006.840087890625
2021-05-18,EURO_STOXX_50,^STOXX50E,Yahoo Finance,4005.340087890625
2021-05-19,EURO_STOXX_50,^STOXX50E,Yahoo Finance,3936.739990234375
2021-05-20,EURO_STOXX_50,^STOXX50E,Yahoo Finance,3999.909912109375
2021-05-21,EURO_STOXX_50,^STOXX50E,Yahoo Finance,4025.780029296875
2021-05-25,EURO_STOXX_50,^STOXX50E,Yahoo Finance,4036.0400390625
2021-05-26,EURO_STOXX_50,^STOXX50E,Yahoo Finance,4031.669921875
2021-05-27,EURO_STOXX_50,^STOXX50E,Yahoo Finance,4039.2099609375
2021-05-28,EURO_STOXX_50,^STOXX50E,Yahoo Finance,4070.56005859375
2021-05-31,EURO_STOXX_50,^STOXX50E,Yahoo Finance,4039.4599609375
2021-06-01,EURO_STOXX_50,^STOXX50E,Yahoo Finance,4071.75
2021-06-02,EURO_STOXX_50,^STOXX50E,Yahoo Finance,4088.5
2021-06-03,EURO_STOXX_50,^STOXX50E,Yahoo Finance,4079.239990234375
2021-06-04,EURO_STOXX_50,^STOXX50E,Yahoo Finance,4089.3798828125
2021-06-07,EURO_STOXX_50,^STOXX50E,Yahoo Finance,4097.64990234375
2021-06-08,EURO_STOXX_50,^STOXX50E,Yahoo Finance,4096.009765625
2021-06-09,EURO_STOXX_50,^STOXX50E,Yahoo Finance,4096.85009765625
2021-06-10,EURO_STOXX_50,^STOXX50E,Yahoo Finance,4096.06982421875
2021-06-11,EURO_STOXX_50,^STOXX50E,Yahoo Finance,4126.7001953125
2021-06-14,EURO_STOXX_50,^STOXX50E,Yahoo Finance,4132.669921875
2021-06-15,EURO_STOXX_50,^STOXX50E,Yahoo Finance,4143.52001953125
2021-06-16,EURO_STOXX_50,^STOXX50E,Yahoo Finance,4151.759765625
2021-06-17,EURO_STOXX_50,^STOXX50E,Yahoo Finance,4158.14013671875
2021-06-18,EURO_STOXX_50,^STOXX50E,Yahoo Finance,4083.3701171875
2021-06-21,EURO_STOXX_50,^STOXX50E,Yahoo Finance,4112.330078125
2021-06-22,EURO_STOXX_50,^STOXX50E,Yahoo Finance,4123.1298828125
2021-06-23,EURO_STOXX_50,^STOXX50E,Yahoo Finance,4075.93994140625
2021-06-24,EURO_STOXX_50,^STOXX50E,Yahoo Finance,4122.43017578125
2021-06-25,EURO_STOXX_50,^STOXX50E,Yahoo Finance,4120.66015625
2021-06-28,EURO_STOXX_50,^STOXX50E,Yahoo Finance,4089.909912109375
2021-06-29,EURO_STOXX_50,^STOXX50E,Yahoo Finance,4107.509765625
2021-06-30,EURO_STOXX_50,^STOXX50E,Yahoo Finance,4064.300048828125
2021-07-01,EURO_STOXX_50,^STOXX50E,Yahoo Finance,4078.889892578125
2021-07-02,EURO_STOXX_50,^STOXX50E,Yahoo Finance,4084.31005859375
2021-07-05,EURO_STOXX_50,^STOXX50E,Yahoo Finance,4087.3701171875
2021-07-06,EURO_STOXX_50,^STOXX50E,Yahoo Finance,4052.669921875
2021-07-07,EURO_STOXX_50,^STOXX50E,Yahoo Finance,4078.530029296875
2021-07-08,EURO_STOXX_50,^STOXX50E,Yahoo Finance,3991.659912109375
2021-07-09,EURO_STOXX_50,^STOXX50E,Yahoo Finance,4068.090087890625
2021-07-12,EURO_STOXX_50,^STOXX50E,Yahoo Finance,4093.3798828125
2021-07-13,EURO_STOXX_50,^STOXX50E,Yahoo Finance,4094.56005859375
2021-07-14,EURO_STOXX_50,^STOXX50E,Yahoo Finance,4099.5
2021-07-15,EURO_STOXX_50,^STOXX50E,Yahoo Finance,4056.389892578125
2021-07-16,EURO_STOXX_50,^STOXX50E,Yahoo Finance,4035.77001953125
2021-07-19,EURO_STOXX_50,^STOXX50E,Yahoo Finance,3928.530029296875
2021-07-20,EURO_STOXX_50,^STOXX50E,Yahoo Finance,3956.340087890625
2021-07-21,EURO_STOXX_50,^STOXX50E,Yahoo Finance,4026.679931640625
2021-07-22,EURO_STOXX_50,^STOXX50E,Yahoo Finance,4059.050048828125
2021-07-23,EURO_STOXX_50,^STOXX50E,Yahoo Finance,4109.10009765625
2021-07-26,EURO_STOXX_50,^STOXX50E,Yahoo Finance,4102.58984375
2021-07-27,EURO_STOXX_50,^STOXX50E,Yahoo Finance,4064.830078125
2021-07-28,EURO_STOXX_50,^STOXX50E,Yahoo Finance,4103.02978515625
2021-07-29,EURO_STOXX_50,^STOXX50E,Yahoo Finance,4116.77001953125
2021-07-30,EURO_STOXX_50,^STOXX50E,Yahoo Finance,4089.300048828125
2021-08-02,EURO_STOXX_50,^STOXX50E,Yahoo Finance,4116.6201171875
2021-08-03,EURO_STOXX_50,^STOXX50E,Yahoo Finance,4117.9501953125
2021-08-04,EURO_STOXX_50,^STOXX50E,Yahoo Finance,4144.89990234375
2021-08-05,EURO_STOXX_50,^STOXX50E,Yahoo Finance,4161.080078125
2021-08-06,EURO_STOXX_50,^STOXX50E,Yahoo Finance,4174.5400390625
2021-08-09,EURO_STOXX_50,^STOXX50E,Yahoo Finance,4177.14990234375
2021-08-10,EURO_STOXX_50,^STOXX50E,Yahoo Finance,4187.81982421875
2021-08-11,EURO_STOXX_50,^STOXX50E,Yahoo Finance,4206.330078125
2021-08-12,EURO_STOXX_50,^STOXX50E,Yahoo Finance,4226.330078125
2021-08-13,EURO_STOXX_50,^STOXX50E,Yahoo Finance,4229.7001953125
2021-08-16,EURO_STOXX_50,^STOXX50E,Yahoo Finance,4202.43994140625
2021-08-17,EURO_STOXX_50,^STOXX50E,Yahoo Finance,4196.39990234375
2021-08-18,EURO_STOXX_50,^STOXX50E,Yahoo Finance,4189.419921875
2021-08-19,EURO_STOXX_50,^STOXX50E,Yahoo Finance,4124.7099609375
2021-08-20,EURO_STOXX_50,^STOXX50E,Yahoo Finance,4147.5
2021-08-23,EURO_STOXX_50,^STOXX50E,Yahoo Finance,4176.419921875
2021-08-24,EURO_STOXX_50,^STOXX50E,Yahoo Finance,4178.080078125
2021-08-25,EURO_STOXX_50,^STOXX50E,Yahoo Finance,4181.1201171875
2021-08-26,EURO_STOXX_50,^STOXX50E,Yahoo Finance,4169.8701171875
2021-08-27,EURO_STOXX_50,^STOXX50E,Yahoo Finance,4190.97998046875
2021-08-30,EURO_STOXX_50,^STOXX50E,Yahoo Finance,4198.7998046875
2021-08-31,EURO_STOXX_50,^STOXX50E,Yahoo Finance,4196.41015625
2021-09-01,EURO_STOXX_50,^STOXX50E,Yahoo Finance,4227.27001953125
2021-09-02,EURO_STOXX_50,^STOXX50E,Yahoo Finance,4232.10009765625
2021-09-03,EURO_STOXX_50,^STOXX50E,Yahoo Finance,4201.97998046875
2021-09-06,EURO_STOXX_50,^STOXX50E,Yahoo Finance,4246.1298828125
2021-09-07,EURO_STOXX_50,^STOXX50E,Yahoo Finance,4225.009765625
2021-09-08,EURO_STOXX_50,^STOXX50E,Yahoo Finance,4177.14990234375
2021-09-09,EURO_STOXX_50,^STOXX50E,Yahoo Finance,4177.10986328125
2021-09-10,EURO_STOXX_50,^STOXX50E,Yahoo Finance,4170.35009765625
2021-09-13,EURO_STOXX_50,^STOXX50E,Yahoo Finance,4189.52978515625
2021-09-14,EURO_STOXX_50,^STOXX50E,Yahoo Finance,4191.669921875
2021-09-15,EURO_STOXX_50,^STOXX50E,Yahoo Finance,4145.93994140625
2021-09-16,EURO_STOXX_50,^STOXX50E,Yahoo Finance,4169.8701171875
2021-09-17,EURO_STOXX_50,^STOXX50E,Yahoo Finance,4130.83984375
2021-09-20,EURO_STOXX_50,^STOXX50E,Yahoo Finance,4043.6298828125
2021-09-21,EURO_STOXX_50,^STOXX50E,Yahoo Finance,4097.509765625
2021-09-22,EURO_STOXX_50,^STOXX50E,Yahoo Finance,4150.18994140625
2021-09-23,EURO_STOXX_50,^STOXX50E,Yahoo Finance,4194.919921875
2021-09-24,EURO_STOXX_50,^STOXX50E,Yahoo Finance,4158.509765625
2021-09-27,EURO_STOXX_50,^STOXX50E,Yahoo Finance,4165.47998046875
2021-09-28,EURO_STOXX_50,^STOXX50E,Yahoo Finance,4058.820068359375
2021-09-29,EURO_STOXX_50,^STOXX50E,Yahoo Finance,4080.219970703125
2021-09-30,EURO_STOXX_50,^STOXX50E,Yahoo Finance,4048.080078125
2021-10-01,EURO_STOXX_50,^STOXX50E,Yahoo Finance,4035.300048828125
2021-10-04,EURO_STOXX_50,^STOXX50E,Yahoo Finance,3996.409912109375
2021-10-05,EURO_STOXX_50,^STOXX50E,Yahoo Finance,4065.429931640625
2021-10-06,EURO_STOXX_50,^STOXX50E,Yahoo Finance,4012.64990234375
2021-10-07,EURO_STOXX_50,^STOXX50E,Yahoo Finance,4098.33984375
2021-10-08,EURO_STOXX_50,^STOXX50E,Yahoo Finance,4073.2900390625
2021-10-11,EURO_STOXX_50,^STOXX50E,Yahoo Finance,4072.52001953125
2021-10-12,EURO_STOXX_50,^STOXX50E,Yahoo Finance,4055.090087890625
2021-10-13,EURO_STOXX_50,^STOXX50E,Yahoo Finance,4083.280029296875
2021-10-14,EURO_STOXX_50,^STOXX50E,Yahoo Finance,4149.06005859375
2021-10-15,EURO_STOXX_50,^STOXX50E,Yahoo Finance,4182.91015625
2021-10-18,EURO_STOXX_50,^STOXX50E,Yahoo Finance,4151.39990234375
2021-10-19,EURO_STOXX_50,^STOXX50E,Yahoo Finance,4166.830078125
2021-10-20,EURO_STOXX_50,^STOXX50E,Yahoo Finance,4172.169921875
2021-10-21,EURO_STOXX_50,^STOXX50E,Yahoo Finance,4155.72998046875
2021-10-22,EURO_STOXX_50,^STOXX50E,Yahoo Finance,4188.81005859375
2021-10-25,EURO_STOXX_50,^STOXX50E,Yahoo Finance,4188.31005859375
2021-10-26,EURO_STOXX_50,^STOXX50E,Yahoo Finance,4223.97021484375
2021-10-27,EURO_STOXX_50,^STOXX50E,Yahoo Finance,4220.8798828125
2021-10-28,EURO_STOXX_50,^STOXX50E,Yahoo Finance,4233.8701171875
2021-10-29,EURO_STOXX_50,^STOXX50E,Yahoo Finance,4250.56005859375
2021-11-01,EURO_STOXX_50,^STOXX50E,Yahoo Finance,4280.47021484375
2021-11-02,EURO_STOXX_50,^STOXX50E,Yahoo Finance,4296.22021484375
2021-11-03,EURO_STOXX_50,^STOXX50E,Yahoo Finance,4309.60986328125
2021-11-04,EURO_STOXX_50,^STOXX50E,Yahoo Finance,4333.33984375
2021-11-05,EURO_STOXX_50,^STOXX50E,Yahoo Finance,4363.0400390625
2021-11-08,EURO_STOXX_50,^STOXX50E,Yahoo Finance,4352.52978515625
2021-11-09,EURO_STOXX_50,^STOXX50E,Yahoo Finance,4344.6298828125
2021-11-10,EURO_STOXX_50,^STOXX50E,Yahoo Finance,4348.81982421875
2021-11-11,EURO_STOXX_50,^STOXX50E,Yahoo Finance,4358.0
2021-11-12,EURO_STOXX_50,^STOXX50E,Yahoo Finance,4370.330078125
2021-11-15,EURO_STOXX_50,^STOXX50E,Yahoo Finance,4386.18994140625
2021-11-16,EURO_STOXX_50,^STOXX50E,Yahoo Finance,4401.490234375
2021-11-17,EURO_STOXX_50,^STOXX50E,Yahoo Finance,4400.81005859375
2021-11-18,EURO_STOXX_50,^STOXX50E,Yahoo Finance,4383.7001953125
2021-11-19,EURO_STOXX_50,^STOXX50E,Yahoo Finance,4356.47021484375
2021-11-22,EURO_STOXX_50,^STOXX50E,Yahoo Finance,4338.68994140625
2021-11-23,EURO_STOXX_50,^STOXX50E,Yahoo Finance,4283.81982421875
2021-11-24,EURO_STOXX_50,^STOXX50E,Yahoo Finance,4276.25
2021-11-25,EURO_STOXX_50,^STOXX50E,Yahoo Finance,4293.240234375
2021-11-26,EURO_STOXX_50,^STOXX50E,Yahoo Finance,4089.580078125
2021-11-29,EURO_STOXX_50,^STOXX50E,Yahoo Finance,4109.509765625
2021-11-30,EURO_STOXX_50,^STOXX50E,Yahoo Finance,4063.06005859375
2021-12-01,EURO_STOXX_50,^STOXX50E,Yahoo Finance,4179.14990234375
2021-12-02,EURO_STOXX_50,^STOXX50E,Yahoo Finance,4108.02001953125
2021-12-03,EURO_STOXX_50,^STOXX50E,Yahoo Finance,4080.14990234375
2021-12-06,EURO_STOXX_50,^STOXX50E,Yahoo Finance,4137.10986328125
2021-12-07,EURO_STOXX_50,^STOXX50E,Yahoo Finance,4276.2001953125
2021-12-08,EURO_STOXX_50,^STOXX50E,Yahoo Finance,4233.08984375
2021-12-09,EURO_STOXX_50,^STOXX50E,Yahoo Finance,4208.2998046875
2021-12-10,EURO_STOXX_50,^STOXX50E,Yahoo Finance,4199.16015625
2021-12-13,EURO_STOXX_50,^STOXX50E,Yahoo Finance,4183.0400390625
2021-12-14,EURO_STOXX_50,^STOXX50E,Yahoo Finance,4144.509765625
2021-12-15,EURO_STOXX_50,^STOXX50E,Yahoo Finance,4159.68017578125
2021-12-16,EURO_STOXX_50,^STOXX50E,Yahoo Finance,4201.8701171875
2021-12-17,EURO_STOXX_50,^STOXX50E,Yahoo Finance,4161.35009765625
2021-12-20,EURO_STOXX_50,^STOXX50E,Yahoo Finance,4107.1298828125
2021-12-21,EURO_STOXX_50,^STOXX50E,Yahoo Finance,4174.990234375
2021-12-22,EURO_STOXX_50,^STOXX50E,Yahoo Finance,4217.06005859375
2021-12-23,EURO_STOXX_50,^STOXX50E,Yahoo Finance,4265.85986328125
2021-12-27,EURO_STOXX_50,^STOXX50E,Yahoo Finance,4287.97998046875
2021-12-28,EURO_STOXX_50,^STOXX50E,Yahoo Finance,4311.93017578125
2021-12-29,EURO_STOXX_50,^STOXX50E,Yahoo Finance,4284.830078125
2021-12-30,EURO_STOXX_50,^STOXX50E,Yahoo Finance,4306.06982421875
2022-01-03,EURO_STOXX_50,^STOXX50E,Yahoo Finance,4331.81982421875
2022-01-04,EURO_STOXX_50,^STOXX50E,Yahoo Finance,4367.6201171875
2022-01-05,EURO_STOXX_50,^STOXX50E,Yahoo Finance,4392.14990234375
2022-01-06,EURO_STOXX_50,^STOXX50E,Yahoo Finance,4324.81005859375
2022-01-07,EURO_STOXX_50,^STOXX50E,Yahoo Finance,4305.830078125
2022-01-10,EURO_STOXX_50,^STOXX50E,Yahoo Finance,4239.52001953125
2022-01-11,EURO_STOXX_50,^STOXX50E,Yahoo Finance,4281.5400390625
2022-01-12,EURO_STOXX_50,^STOXX50E,Yahoo Finance,4316.39013671875
2022-01-13,EURO_STOXX_50,^STOXX50E,Yahoo Finance,4315.89990234375
2022-01-14,EURO_STOXX_50,^STOXX50E,Yahoo Finance,4272.18994140625
2022-01-17,EURO_STOXX_50,^STOXX50E,Yahoo Finance,4302.14013671875
2022-01-18,EURO_STOXX_50,^STOXX50E,Yahoo Finance,4257.81982421875
2022-01-19,EURO_STOXX_50,^STOXX50E,Yahoo Finance,4268.27978515625
2022-01-20,EURO_STOXX_50,^STOXX50E,Yahoo Finance,4299.60986328125
2022-01-21,EURO_STOXX_50,^STOXX50E,Yahoo Finance,4229.56005859375
2022-01-24,EURO_STOXX_50,^STOXX50E,Yahoo Finance,4054.360107421875
2022-01-25,EURO_STOXX_50,^STOXX50E,Yahoo Finance,4078.260009765625
2022-01-26,EURO_STOXX_50,^STOXX50E,Yahoo Finance,4164.60009765625
2022-01-27,EURO_STOXX_50,^STOXX50E,Yahoo Finance,4184.97021484375
2022-01-28,EURO_STOXX_50,^STOXX50E,Yahoo Finance,4136.91015625
2022-01-31,EURO_STOXX_50,^STOXX50E,Yahoo Finance,4174.60009765625
2022-02-01,EURO_STOXX_50,^STOXX50E,Yahoo Finance,4224.4501953125
2022-02-02,EURO_STOXX_50,^STOXX50E,Yahoo Finance,4222.0498046875
2022-02-03,EURO_STOXX_50,^STOXX50E,Yahoo Finance,4141.02001953125
2022-02-04,EURO_STOXX_50,^STOXX50E,Yahoo Finance,4086.580078125
2022-02-07,EURO_STOXX_50,^STOXX50E,Yahoo Finance,4120.56005859375
2022-02-08,EURO_STOXX_50,^STOXX50E,Yahoo Finance,4129.25
2022-02-09,EURO_STOXX_50,^STOXX50E,Yahoo Finance,4204.08984375
2022-02-10,EURO_STOXX_50,^STOXX50E,Yahoo Finance,4197.06982421875
2022-02-11,EURO_STOXX_50,^STOXX50E,Yahoo Finance,4155.22998046875
2022-02-14,EURO_STOXX_50,^STOXX50E,Yahoo Finance,4064.449951171875
2022-02-15,EURO_STOXX_50,^STOXX50E,Yahoo Finance,4143.7099609375
2022-02-16,EURO_STOXX_50,^STOXX50E,Yahoo Finance,4137.22021484375
2022-02-17,EURO_STOXX_50,^STOXX50E,Yahoo Finance,4113.18994140625
2022-02-18,EURO_STOXX_50,^STOXX50E,Yahoo Finance,4074.280029296875
2022-02-21,EURO_STOXX_50,^STOXX50E,Yahoo Finance,3985.7099609375
2022-02-22,EURO_STOXX_50,^STOXX50E,Yahoo Finance,3985.469970703125
2022-02-23,EURO_STOXX_50,^STOXX50E,Yahoo Finance,3973.409912109375
2022-02-24,EURO_STOXX_50,^STOXX50E,Yahoo Finance,3829.2900390625
2022-02-25,EURO_STOXX_50,^STOXX50E,Yahoo Finance,3970.68994140625
2022-02-28,EURO_STOXX_50,^STOXX50E,Yahoo Finance,3924.22998046875
2022-03-01,EURO_STOXX_50,^STOXX50E,Yahoo Finance,3765.85009765625
2022-03-02,EURO_STOXX_50,^STOXX50E,Yahoo Finance,3820.590087890625
2022-03-03,EURO_STOXX_50,^STOXX50E,Yahoo Finance,3741.780029296875
2022-03-04,EURO_STOXX_50,^STOXX50E,Yahoo Finance,3556.010009765625
2022-03-07,EURO_STOXX_50,^STOXX50E,Yahoo Finance,3512.219970703125
2022-03-08,EURO_STOXX_50,^STOXX50E,Yahoo Finance,3505.2900390625
2022-03-09,EURO_STOXX_50,^STOXX50E,Yahoo Finance,3766.02001953125
2022-03-10,EURO_STOXX_50,^STOXX50E,Yahoo Finance,3651.389892578125
2022-03-11,EURO_STOXX_50,^STOXX50E,Yahoo Finance,3686.780029296875
2022-03-14,EURO_STOXX_50,^STOXX50E,Yahoo Finance,3741.10009765625
2022-03-15,EURO_STOXX_50,^STOXX50E,Yahoo Finance,3738.110107421875
2022-03-16,EURO_STOXX_50,^STOXX50E,Yahoo Finance,3889.68994140625
2022-03-17,EURO_STOXX_50,^STOXX50E,Yahoo Finance,3885.320068359375
2022-03-18,EURO_STOXX_50,^STOXX50E,Yahoo Finance,3902.43994140625
2022-03-21,EURO_STOXX_50,^STOXX50E,Yahoo Finance,3881.800048828125
2022-03-22,EURO_STOXX_50,^STOXX50E,Yahoo Finance,3926.1201171875
2022-03-23,EURO_STOXX_50,^STOXX50E,Yahoo Finance,3869.219970703125
2022-03-24,EURO_STOXX_50,^STOXX50E,Yahoo Finance,3863.389892578125
2022-03-25,EURO_STOXX_50,^STOXX50E,Yahoo Finance,3867.72998046875
2022-03-28,EURO_STOXX_50,^STOXX50E,Yahoo Finance,3887.10009765625
2022-03-29,EURO_STOXX_50,^STOXX50E,Yahoo Finance,4002.179931640625
2022-03-30,EURO_STOXX_50,^STOXX50E,Yahoo Finance,3959.139892578125
2022-03-31,EURO_STOXX_50,^STOXX50E,Yahoo Finance,3902.52001953125
2022-04-01,EURO_STOXX_50,^STOXX50E,Yahoo Finance,3918.679931640625
2022-04-04,EURO_STOXX_50,^STOXX50E,Yahoo Finance,3951.1201171875
2022-04-05,EURO_STOXX_50,^STOXX50E,Yahoo Finance,3917.85009765625
2022-04-06,EURO_STOXX_50,^STOXX50E,Yahoo Finance,3824.68994140625
2022-04-07,EURO_STOXX_50,^STOXX50E,Yahoo Finance,3802.010009765625
2022-04-08,EURO_STOXX_50,^STOXX50E,Yahoo Finance,3858.3701171875
2022-04-11,EURO_STOXX_50,^STOXX50E,Yahoo Finance,3839.6201171875
2022-04-12,EURO_STOXX_50,^STOXX50E,Yahoo Finance,3831.469970703125
2022-04-13,EURO_STOXX_50,^STOXX50E,Yahoo Finance,3827.9599609375
2022-04-14,EURO_STOXX_50,^STOXX50E,Yahoo Finance,3848.679931640625
2022-04-19,EURO_STOXX_50,^STOXX50E,Yahoo Finance,3830.760009765625
2022-04-20,EURO_STOXX_50,^STOXX50E,Yahoo Finance,3896.81005859375
2022-04-21,EURO_STOXX_50,^STOXX50E,Yahoo Finance,3928.030029296875
2022-04-22,EURO_STOXX_50,^STOXX50E,Yahoo Finance,3840.010009765625
2022-04-25,EURO_STOXX_50,^STOXX50E,Yahoo Finance,3757.590087890625
2022-04-26,EURO_STOXX_50,^STOXX50E,Yahoo Finance,3721.360107421875
2022-04-27,EURO_STOXX_50,^STOXX50E,Yahoo Finance,3734.639892578125
2022-04-28,EURO_STOXX_50,^STOXX50E,Yahoo Finance,3777.02001953125
2022-04-29,EURO_STOXX_50,^STOXX50E,Yahoo Finance,3802.860107421875
2022-05-02,EURO_STOXX_50,^STOXX50E,Yahoo Finance,3732.43994140625
2022-05-03,EURO_STOXX_50,^STOXX50E,Yahoo Finance,3761.18994140625
2022-05-04,EURO_STOXX_50,^STOXX50E,Yahoo Finance,3724.989990234375
2022-05-05,EURO_STOXX_50,^STOXX50E,Yahoo Finance,3696.6298828125
2022-05-06,EURO_STOXX_50,^STOXX50E,Yahoo Finance,3629.169921875
2022-05-09,EURO_STOXX_50,^STOXX50E,Yahoo Finance,3526.860107421875
2022-05-10,EURO_STOXX_50,^STOXX50E,Yahoo Finance,3554.800048828125
2022-05-11,EURO_STOXX_50,^STOXX50E,Yahoo Finance,3647.8701171875
2022-05-12,EURO_STOXX_50,^STOXX50E,Yahoo Finance,3613.429931640625
2022-05-13,EURO_STOXX_50,^STOXX50E,Yahoo Finance,3703.419921875
2022-05-16,EURO_STOXX_50,^STOXX50E,Yahoo Finance,3685.340087890625
2022-05-17,EURO_STOXX_50,^STOXX50E,Yahoo Finance,3741.510009765625
2022-05-18,EURO_STOXX_50,^STOXX50E,Yahoo Finance,3690.739990234375
2022-05-19,EURO_STOXX_50,^STOXX50E,Yahoo Finance,3633.330078125
2022-05-20,EURO_STOXX_50,^STOXX50E,Yahoo Finance,3657.030029296875
2022-05-23,EURO_STOXX_50,^STOXX50E,Yahoo Finance,3708.389892578125
2022-05-24,EURO_STOXX_50,^STOXX50E,Yahoo Finance,3647.56005859375
2022-05-25,EURO_STOXX_50,^STOXX50E,Yahoo Finance,3677.10009765625
2022-05-27,EURO_STOXX_50,^STOXX50E,Yahoo Finance,3808.860107421875
2022-05-30,EURO_STOXX_50,^STOXX50E,Yahoo Finance,3841.6201171875
2022-05-31,EURO_STOXX_50,^STOXX50E,Yahoo Finance,3789.2099609375
2022-06-01,EURO_STOXX_50,^STOXX50E,Yahoo Finance,3759.5400390625
2022-06-02,EURO_STOXX_50,^STOXX50E,Yahoo Finance,3795.1298828125
2022-06-03,EURO_STOXX_50,^STOXX50E,Yahoo Finance,3783.659912109375
2022-06-07,EURO_STOXX_50,^STOXX50E,Yahoo Finance,3806.739990234375
2022-06-08,EURO_STOXX_50,^STOXX50E,Yahoo Finance,3788.929931640625
2022-06-09,EURO_STOXX_50,^STOXX50E,Yahoo Finance,3724.449951171875
2022-06-10,EURO_STOXX_50,^STOXX50E,Yahoo Finance,3599.199951171875
2022-06-13,EURO_STOXX_50,^STOXX50E,Yahoo Finance,3502.5
2022-06-14,EURO_STOXX_50,^STOXX50E,Yahoo Finance,3475.179931640625
2022-06-15,EURO_STOXX_50,^STOXX50E,Yahoo Finance,3532.320068359375
2022-06-16,EURO_STOXX_50,^STOXX50E,Yahoo Finance,3427.909912109375
2022-06-17,EURO_STOXX_50,^STOXX50E,Yahoo Finance,3438.4599609375
2022-06-20,EURO_STOXX_50,^STOXX50E,Yahoo Finance,3469.830078125
2022-06-21,EURO_STOXX_50,^STOXX50E,Yahoo Finance,3494.0
2022-06-22,EURO_STOXX_50,^STOXX50E,Yahoo Finance,3464.639892578125
2022-06-23,EURO_STOXX_50,^STOXX50E,Yahoo Finance,3436.2900390625
2022-06-24,EURO_STOXX_50,^STOXX50E,Yahoo Finance,3533.169921875
2022-06-27,EURO_STOXX_50,^STOXX50E,Yahoo Finance,3538.8798828125
2022-06-28,EURO_STOXX_50,^STOXX50E,Yahoo Finance,3549.2900390625
2022-06-29,EURO_STOXX_50,^STOXX50E,Yahoo Finance,3514.320068359375
2022-06-30,EURO_STOXX_50,^STOXX50E,Yahoo Finance,3454.860107421875
2022-07-01,EURO_STOXX_50,^STOXX50E,Yahoo Finance,3448.31005859375
2022-07-04,EURO_STOXX_50,^STOXX50E,Yahoo Finance,3452.419921875
2022-07-05,EURO_STOXX_50,^STOXX50E,Yahoo Finance,3359.830078125
2022-07-06,EURO_STOXX_50,^STOXX50E,Yahoo Finance,3421.840087890625
2022-07-07,EURO_STOXX_50,^STOXX50E,Yahoo Finance,3488.5
2022-07-08,EURO_STOXX_50,^STOXX50E,Yahoo Finance,3506.550048828125
2022-07-11,EURO_STOXX_50,^STOXX50E,Yahoo Finance,3471.68994140625
2022-07-12,EURO_STOXX_50,^STOXX50E,Yahoo Finance,3487.050048828125
2022-07-13,EURO_STOXX_50,^STOXX50E,Yahoo Finance,3453.969970703125
2022-07-14,EURO_STOXX_50,^STOXX50E,Yahoo Finance,3396.610107421875
2022-07-15,EURO_STOXX_50,^STOXX50E,Yahoo Finance,3477.199951171875
2022-07-18,EURO_STOXX_50,^STOXX50E,Yahoo Finance,3511.860107421875
2022-07-19,EURO_STOXX_50,^STOXX50E,Yahoo Finance,3587.43994140625
2022-07-20,EURO_STOXX_50,^STOXX50E,Yahoo Finance,3585.239990234375
2022-07-21,EURO_STOXX_50,^STOXX50E,Yahoo Finance,3596.510009765625
2022-07-22,EURO_STOXX_50,^STOXX50E,Yahoo Finance,3596.489990234375
2022-07-25,EURO_STOXX_50,^STOXX50E,Yahoo Finance,3604.159912109375
2022-07-26,EURO_STOXX_50,^STOXX50E,Yahoo Finance,3575.360107421875
2022-07-27,EURO_STOXX_50,^STOXX50E,Yahoo Finance,3607.780029296875
2022-07-28,EURO_STOXX_50,^STOXX50E,Yahoo Finance,3652.199951171875
2022-07-29,EURO_STOXX_50,^STOXX50E,Yahoo Finance,3708.10009765625
2022-08-02,EURO_STOXX_50,^STOXX50E,Yahoo Finance,3684.6298828125
2022-08-03,EURO_STOXX_50,^STOXX50E,Yahoo Finance,3732.5400390625
2022-08-04,EURO_STOXX_50,^STOXX50E,Yahoo Finance,3754.60009765625
2022-08-05,EURO_STOXX_50,^STOXX50E,Yahoo Finance,3725.389892578125
2022-08-08,EURO_STOXX_50,^STOXX50E,Yahoo Finance,3757.219970703125
2022-08-09,EURO_STOXX_50,^STOXX50E,Yahoo Finance,3715.3701171875
2022-08-10,EURO_STOXX_50,^STOXX50E,Yahoo Finance,3749.35009765625
2022-08-11,EURO_STOXX_50,^STOXX50E,Yahoo Finance,3757.050048828125
2022-08-12,EURO_STOXX_50,^STOXX50E,Yahoo Finance,3776.81005859375
2022-08-15,EURO_STOXX_50,^STOXX50E,Yahoo Finance,3789.6201171875
2022-08-16,EURO_STOXX_50,^STOXX50E,Yahoo Finance,3805.219970703125
2022-08-17,EURO_STOXX_50,^STOXX50E,Yahoo Finance,3756.06005859375
2022-08-18,EURO_STOXX_50,^STOXX50E,Yahoo Finance,3777.3798828125
2022-08-19,EURO_STOXX_50,^STOXX50E,Yahoo Finance,3730.320068359375
2022-08-22,EURO_STOXX_50,^STOXX50E,Yahoo Finance,3658.219970703125
2022-08-23,EURO_STOXX_50,^STOXX50E,Yahoo Finance,3652.52001953125
2022-08-24,EURO_STOXX_50,^STOXX50E,Yahoo Finance,3667.4599609375
2022-08-25,EURO_STOXX_50,^STOXX50E,Yahoo Finance,3674.5400390625
2022-08-26,EURO_STOXX_50,^STOXX50E,Yahoo Finance,3603.679931640625
2022-08-29,EURO_STOXX_50,^STOXX50E,Yahoo Finance,3570.510009765625
2022-08-30,EURO_STOXX_50,^STOXX50E,Yahoo Finance,3561.919921875
2022-08-31,EURO_STOXX_50,^STOXX50E,Yahoo Finance,3517.25
2022-09-01,EURO_STOXX_50,^STOXX50E,Yahoo Finance,3456.699951171875
2022-09-02,EURO_STOXX_50,^STOXX50E,Yahoo Finance,3544.3798828125
2022-09-05,EURO_STOXX_50,^STOXX50E,Yahoo Finance,3490.010009765625
2022-09-06,EURO_STOXX_50,^STOXX50E,Yahoo Finance,3500.139892578125
2022-09-07,EURO_STOXX_50,^STOXX50E,Yahoo Finance,3502.090087890625
2022-09-08,EURO_STOXX_50,^STOXX50E,Yahoo Finance,3512.3798828125
2022-09-09,EURO_STOXX_50,^STOXX50E,Yahoo Finance,3570.0400390625
2022-09-12,EURO_STOXX_50,^STOXX50E,Yahoo Finance,3646.510009765625
2022-09-13,EURO_STOXX_50,^STOXX50E,Yahoo Finance,3586.179931640625
2022-09-14,EURO_STOXX_50,^STOXX50E,Yahoo Finance,3567.56005859375
2022-09-15,EURO_STOXX_50,^STOXX50E,Yahoo Finance,3541.7900390625
2022-09-16,EURO_STOXX_50,^STOXX50E,Yahoo Finance,3500.409912109375
2022-09-19,EURO_STOXX_50,^STOXX50E,Yahoo Finance,3499.489990234375
2022-09-20,EURO_STOXX_50,^STOXX50E,Yahoo Finance,3467.090087890625
2022-09-21,EURO_STOXX_50,^STOXX50E,Yahoo Finance,3491.8701171875
2022-09-22,EURO_STOXX_50,^STOXX50E,Yahoo Finance,3427.139892578125
2022-09-23,EURO_STOXX_50,^STOXX50E,Yahoo Finance,3348.60009765625
2022-09-26,EURO_STOXX_50,^STOXX50E,Yahoo Finance,3342.56005859375
2022-09-27,EURO_STOXX_50,^STOXX50E,Yahoo Finance,3328.64990234375
2022-09-28,EURO_STOXX_50,^STOXX50E,Yahoo Finance,3335.300048828125
2022-09-29,EURO_STOXX_50,^STOXX50E,Yahoo Finance,3279.0400390625
2022-09-30,EURO_STOXX_50,^STOXX50E,Yahoo Finance,3318.199951171875
2022-10-03,EURO_STOXX_50,^STOXX50E,Yahoo Finance,3342.169921875
2022-10-04,EURO_STOXX_50,^STOXX50E,Yahoo Finance,3484.47998046875
2022-10-05,EURO_STOXX_50,^STOXX50E,Yahoo Finance,3447.719970703125
2022-10-06,EURO_STOXX_50,^STOXX50E,Yahoo Finance,3433.449951171875
2022-10-07,EURO_STOXX_50,^STOXX50E,Yahoo Finance,3375.4599609375
2022-10-10,EURO_STOXX_50,^STOXX50E,Yahoo Finance,3356.8798828125
2022-10-11,EURO_STOXX_50,^STOXX50E,Yahoo Finance,3340.35009765625
2022-10-12,EURO_STOXX_50,^STOXX50E,Yahoo Finance,3331.530029296875
2022-10-13,EURO_STOXX_50,^STOXX50E,Yahoo Finance,3362.39990234375
2022-10-14,EURO_STOXX_50,^STOXX50E,Yahoo Finance,3381.72998046875
2022-10-17,EURO_STOXX_50,^STOXX50E,Yahoo Finance,3441.639892578125
2022-10-18,EURO_STOXX_50,^STOXX50E,Yahoo Finance,3463.830078125
2022-10-19,EURO_STOXX_50,^STOXX50E,Yahoo Finance,3471.239990234375
2022-10-20,EURO_STOXX_50,^STOXX50E,Yahoo Finance,3492.85009765625
2022-10-21,EURO_STOXX_50,^STOXX50E,Yahoo Finance,3476.6298828125
2022-10-24,EURO_STOXX_50,^STOXX50E,Yahoo Finance,3527.7900390625
2022-10-25,EURO_STOXX_50,^STOXX50E,Yahoo Finance,3585.580078125
2022-10-26,EURO_STOXX_50,^STOXX50E,Yahoo Finance,3605.31005859375
2022-10-27,EURO_STOXX_50,^STOXX50E,Yahoo Finance,3604.510009765625
2022-10-28,EURO_STOXX_50,^STOXX50E,Yahoo Finance,3613.02001953125
2022-10-31,EURO_STOXX_50,^STOXX50E,Yahoo Finance,3617.5400390625
2022-11-01,EURO_STOXX_50,^STOXX50E,Yahoo Finance,3651.02001953125
2022-11-02,EURO_STOXX_50,^STOXX50E,Yahoo Finance,3622.010009765625
2022-11-03,EURO_STOXX_50,^STOXX50E,Yahoo Finance,3593.179931640625
2022-11-04,EURO_STOXX_50,^STOXX50E,Yahoo Finance,3688.330078125
2022-11-07,EURO_STOXX_50,^STOXX50E,Yahoo Finance,3708.800048828125
2022-11-08,EURO_STOXX_50,^STOXX50E,Yahoo Finance,3739.280029296875
2022-11-09,EURO_STOXX_50,^STOXX50E,Yahoo Finance,3728.030029296875
2022-11-10,EURO_STOXX_50,^STOXX50E,Yahoo Finance,3846.56005859375
2022-11-11,EURO_STOXX_50,^STOXX50E,Yahoo Finance,3868.5
2022-11-14,EURO_STOXX_50,^STOXX50E,Yahoo Finance,3887.510009765625
2022-11-15,EURO_STOXX_50,^STOXX50E,Yahoo Finance,3915.090087890625
2022-11-16,EURO_STOXX_50,^STOXX50E,Yahoo Finance,3882.780029296875
2022-11-17,EURO_STOXX_50,^STOXX50E,Yahoo Finance,3878.419921875
2022-11-18,EURO_STOXX_50,^STOXX50E,Yahoo Finance,3924.840087890625
2022-11-21,EURO_STOXX_50,^STOXX50E,Yahoo Finance,3909.280029296875
2022-11-22,EURO_STOXX_50,^STOXX50E,Yahoo Finance,3929.89990234375
2022-11-23,EURO_STOXX_50,^STOXX50E,Yahoo Finance,3946.43994140625
2022-11-24,EURO_STOXX_50,^STOXX50E,Yahoo Finance,3961.989990234375
2022-11-25,EURO_STOXX_50,^STOXX50E,Yahoo Finance,3962.409912109375
2022-11-28,EURO_STOXX_50,^STOXX50E,Yahoo Finance,3935.510009765625
2022-11-29,EURO_STOXX_50,^STOXX50E,Yahoo Finance,3934.43994140625
2022-11-30,EURO_STOXX_50,^STOXX50E,Yahoo Finance,3964.719970703125
2022-12-01,EURO_STOXX_50,^STOXX50E,Yahoo Finance,3984.5
2022-12-02,EURO_STOXX_50,^STOXX50E,Yahoo Finance,3977.89990234375
2022-12-05,EURO_STOXX_50,^STOXX50E,Yahoo Finance,3956.530029296875
2022-12-06,EURO_STOXX_50,^STOXX50E,Yahoo Finance,3939.18994140625
2022-12-07,EURO_STOXX_50,^STOXX50E,Yahoo Finance,3920.89990234375
2022-12-08,EURO_STOXX_50,^STOXX50E,Yahoo Finance,3921.27001953125
2022-12-09,EURO_STOXX_50,^STOXX50E,Yahoo Finance,3942.6201171875
2022-12-12,EURO_STOXX_50,^STOXX50E,Yahoo Finance,3921.820068359375
2022-12-13,EURO_STOXX_50,^STOXX50E,Yahoo Finance,3986.830078125
2022-12-14,EURO_STOXX_50,^STOXX50E,Yahoo Finance,3975.260009765625
2022-12-15,EURO_STOXX_50,^STOXX50E,Yahoo Finance,3835.699951171875
2022-12-16,EURO_STOXX_50,^STOXX50E,Yahoo Finance,3804.02001953125
2022-12-19,EURO_STOXX_50,^STOXX50E,Yahoo Finance,3811.239990234375
2022-12-20,EURO_STOXX_50,^STOXX50E,Yahoo Finance,3802.489990234375
2022-12-21,EURO_STOXX_50,^STOXX50E,Yahoo Finance,3872.14990234375
2022-12-22,EURO_STOXX_50,^STOXX50E,Yahoo Finance,3823.2900390625
2022-12-23,EURO_STOXX_50,^STOXX50E,Yahoo Finance,3817.010009765625
2022-12-27,EURO_STOXX_50,^STOXX50E,Yahoo Finance,3832.889892578125
2022-12-28,EURO_STOXX_50,^STOXX50E,Yahoo Finance,3808.820068359375
2022-12-29,EURO_STOXX_50,^STOXX50E,Yahoo Finance,3850.070068359375
2022-12-30,EURO_STOXX_50,^STOXX50E,Yahoo Finance,3793.6201171875
2023-01-03,EURO_STOXX_50,^STOXX50E,Yahoo Finance,3882.2900390625
2023-01-04,EURO_STOXX_50,^STOXX50E,Yahoo Finance,3973.969970703125
2023-01-05,EURO_STOXX_50,^STOXX50E,Yahoo Finance,3959.47998046875
2023-01-06,EURO_STOXX_50,^STOXX50E,Yahoo Finance,4017.830078125
2023-01-09,EURO_STOXX_50,^STOXX50E,Yahoo Finance,4068.6201171875
2023-01-10,EURO_STOXX_50,^STOXX50E,Yahoo Finance,4057.4599609375
2023-01-11,EURO_STOXX_50,^STOXX50E,Yahoo Finance,4099.759765625
2023-01-12,EURO_STOXX_50,^STOXX50E,Yahoo Finance,4126.68017578125
2023-01-13,EURO_STOXX_50,^STOXX50E,Yahoo Finance,4150.7998046875
2023-01-16,EURO_STOXX_50,^STOXX50E,Yahoo Finance,4157.0
2023-01-17,EURO_STOXX_50,^STOXX50E,Yahoo Finance,4174.330078125
2023-01-18,EURO_STOXX_50,^STOXX50E,Yahoo Finance,4174.33984375
2023-01-19,EURO_STOXX_50,^STOXX50E,Yahoo Finance,4094.280029296875
2023-01-20,EURO_STOXX_50,^STOXX50E,Yahoo Finance,4119.89990234375
2023-01-23,EURO_STOXX_50,^STOXX50E,Yahoo Finance,4150.81982421875
2023-01-24,EURO_STOXX_50,^STOXX50E,Yahoo Finance,4153.02001953125
2023-01-25,EURO_STOXX_50,^STOXX50E,Yahoo Finance,4148.10986328125
2023-01-26,EURO_STOXX_50,^STOXX50E,Yahoo Finance,4173.97998046875
2023-01-27,EURO_STOXX_50,^STOXX50E,Yahoo Finance,4178.009765625
2023-01-30,EURO_STOXX_50,^STOXX50E,Yahoo Finance,4158.6298828125
2023-01-31,EURO_STOXX_50,^STOXX50E,Yahoo Finance,4163.4501953125
2023-02-01,EURO_STOXX_50,^STOXX50E,Yahoo Finance,4171.43994140625
2023-02-02,EURO_STOXX_50,^STOXX50E,Yahoo Finance,4241.1201171875
2023-02-03,EURO_STOXX_50,^STOXX50E,Yahoo Finance,4257.97998046875
2023-02-06,EURO_STOXX_50,^STOXX50E,Yahoo Finance,4205.4501953125
2023-02-07,EURO_STOXX_50,^STOXX50E,Yahoo Finance,4209.31005859375
2023-02-08,EURO_STOXX_50,^STOXX50E,Yahoo Finance,4209.14990234375
2023-02-09,EURO_STOXX_50,^STOXX50E,Yahoo Finance,4250.14013671875
2023-02-10,EURO_STOXX_50,^STOXX50E,Yahoo Finance,4197.93994140625
2023-02-13,EURO_STOXX_50,^STOXX50E,Yahoo Finance,4241.35986328125
2023-02-14,EURO_STOXX_50,^STOXX50E,Yahoo Finance,4238.759765625
2023-02-15,EURO_STOXX_50,^STOXX50E,Yahoo Finance,4280.0400390625
2023-02-16,EURO_STOXX_50,^STOXX50E,Yahoo Finance,4297.240234375
2023-02-17,EURO_STOXX_50,^STOXX50E,Yahoo Finance,4274.919921875
2023-02-20,EURO_STOXX_50,^STOXX50E,Yahoo Finance,4271.18017578125
2023-02-21,EURO_STOXX_50,^STOXX50E,Yahoo Finance,4250.39990234375
2023-02-22,EURO_STOXX_50,^STOXX50E,Yahoo Finance,4242.8798828125
2023-02-23,EURO_STOXX_50,^STOXX50E,Yahoo Finance,4258.16015625
2023-02-24,EURO_STOXX_50,^STOXX50E,Yahoo Finance,4178.81982421875
2023-02-27,EURO_STOXX_50,^STOXX50E,Yahoo Finance,4248.009765625
2023-02-28,EURO_STOXX_50,^STOXX50E,Yahoo Finance,4238.3798828125
2023-03-01,EURO_STOXX_50,^STOXX50E,Yahoo Finance,4215.75
2023-03-02,EURO_STOXX_50,^STOXX50E,Yahoo Finance,4240.58984375
2023-03-03,EURO_STOXX_50,^STOXX50E,Yahoo Finance,4294.7998046875
2023-03-06,EURO_STOXX_50,^STOXX50E,Yahoo Finance,4313.77978515625
2023-03-07,EURO_STOXX_50,^STOXX50E,Yahoo Finance,4278.9599609375
2023-03-08,EURO_STOXX_50,^STOXX50E,Yahoo Finance,4288.4501953125
2023-03-09,EURO_STOXX_50,^STOXX50E,Yahoo Finance,4286.1201171875
2023-03-10,EURO_STOXX_50,^STOXX50E,Yahoo Finance,4229.52978515625
2023-03-13,EURO_STOXX_50,^STOXX50E,Yahoo Finance,4096.5400390625
2023-03-14,EURO_STOXX_50,^STOXX50E,Yahoo Finance,4179.47021484375
2023-03-15,EURO_STOXX_50,^STOXX50E,Yahoo Finance,4034.919921875
2023-03-16,EURO_STOXX_50,^STOXX50E,Yahoo Finance,4116.97998046875
2023-03-17,EURO_STOXX_50,^STOXX50E,Yahoo Finance,4064.989990234375
2023-03-20,EURO_STOXX_50,^STOXX50E,Yahoo Finance,4119.419921875
2023-03-21,EURO_STOXX_50,^STOXX50E,Yahoo Finance,4181.60009765625
2023-03-22,EURO_STOXX_50,^STOXX50E,Yahoo Finance,4195.7001953125
2023-03-23,EURO_STOXX_50,^STOXX50E,Yahoo Finance,4207.14013671875
2023-03-24,EURO_STOXX_50,^STOXX50E,Yahoo Finance,4130.6201171875
2023-03-27,EURO_STOXX_50,^STOXX50E,Yahoo Finance,4164.6201171875
2023-03-28,EURO_STOXX_50,^STOXX50E,Yahoo Finance,4168.2099609375
2023-03-29,EURO_STOXX_50,^STOXX50E,Yahoo Finance,4231.27001953125
2023-03-30,EURO_STOXX_50,^STOXX50E,Yahoo Finance,4285.419921875
2023-03-31,EURO_STOXX_50,^STOXX50E,Yahoo Finance,4315.0498046875
2023-04-03,EURO_STOXX_50,^STOXX50E,Yahoo Finance,4311.0498046875
2023-04-04,EURO_STOXX_50,^STOXX50E,Yahoo Finance,4315.31982421875
2023-04-05,EURO_STOXX_50,^STOXX50E,Yahoo Finance,4298.35986328125
2023-04-06,EURO_STOXX_50,^STOXX50E,Yahoo Finance,4309.4501953125
2023-04-11,EURO_STOXX_50,^STOXX50E,Yahoo Finance,4333.2900390625
2023-04-12,EURO_STOXX_50,^STOXX50E,Yahoo Finance,4334.02978515625
2023-04-13,EURO_STOXX_50,^STOXX50E,Yahoo Finance,4363.240234375
2023-04-14,EURO_STOXX_50,^STOXX50E,Yahoo Finance,4390.75
2023-04-17,EURO_STOXX_50,^STOXX50E,Yahoo Finance,4367.60986328125
2023-04-18,EURO_STOXX_50,^STOXX50E,Yahoo Finance,4393.9501953125
2023-04-19,EURO_STOXX_50,^STOXX50E,Yahoo Finance,4393.56982421875
2023-04-20,EURO_STOXX_50,^STOXX50E,Yahoo Finance,4384.85986328125
2023-04-21,EURO_STOXX_50,^STOXX50E,Yahoo Finance,4408.58984375
2023-04-24,EURO_STOXX_50,^STOXX50E,Yahoo Finance,4401.7998046875
2023-04-25,EURO_STOXX_50,^STOXX50E,Yahoo Finance,4377.85009765625
2023-04-26,EURO_STOXX_50,^STOXX50E,Yahoo Finance,4347.7099609375
2023-04-27,EURO_STOXX_50,^STOXX50E,Yahoo Finance,4358.0498046875
2023-04-28,EURO_STOXX_50,^STOXX50E,Yahoo Finance,4359.31005859375
2023-05-02,EURO_STOXX_50,^STOXX50E,Yahoo Finance,4294.85009765625
2023-05-03,EURO_STOXX_50,^STOXX50E,Yahoo Finance,4310.18017578125
2023-05-04,EURO_STOXX_50,^STOXX50E,Yahoo Finance,4287.02978515625
2023-05-05,EURO_STOXX_50,^STOXX50E,Yahoo Finance,4340.43017578125
2023-05-08,EURO_STOXX_50,^STOXX50E,Yahoo Finance,4348.64990234375
2023-05-09,EURO_STOXX_50,^STOXX50E,Yahoo Finance,4323.08984375
2023-05-10,EURO_STOXX_50,^STOXX50E,Yahoo Finance,4306.759765625
2023-05-11,EURO_STOXX_50,^STOXX50E,Yahoo Finance,4309.75
2023-05-12,EURO_STOXX_50,^STOXX50E,Yahoo Finance,4317.8798828125
2023-05-15,EURO_STOXX_50,^STOXX50E,Yahoo Finance,4316.41015625
2023-05-16,EURO_STOXX_50,^STOXX50E,Yahoo Finance,4315.509765625
2023-05-17,EURO_STOXX_50,^STOXX50E,Yahoo Finance,4323.22998046875
2023-05-19,EURO_STOXX_50,^STOXX50E,Yahoo Finance,4395.2998046875
2023-05-22,EURO_STOXX_50,^STOXX50E,Yahoo Finance,4385.6298828125
2023-05-23,EURO_STOXX_50,^STOXX50E,Yahoo Finance,4342.3798828125
2023-05-24,EURO_STOXX_50,^STOXX50E,Yahoo Finance,4263.740234375
2023-05-25,EURO_STOXX_50,^STOXX50E,Yahoo Finance,4269.64013671875
2023-05-26,EURO_STOXX_50,^STOXX50E,Yahoo Finance,4337.5
2023-05-30,EURO_STOXX_50,^STOXX50E,Yahoo Finance,4291.580078125
2023-05-31,EURO_STOXX_50,^STOXX50E,Yahoo Finance,4218.0400390625
2023-06-01,EURO_STOXX_50,^STOXX50E,Yahoo Finance,4257.60986328125
2023-06-02,EURO_STOXX_50,^STOXX50E,Yahoo Finance,4323.52001953125
2023-06-05,EURO_STOXX_50,^STOXX50E,Yahoo Finance,4293.240234375
2023-06-06,EURO_STOXX_50,^STOXX50E,Yahoo Finance,4295.22021484375
2023-06-07,EURO_STOXX_50,^STOXX50E,Yahoo Finance,4291.91015625
2023-06-08,EURO_STOXX_50,^STOXX50E,Yahoo Finance,4297.68017578125
2023-06-09,EURO_STOXX_50,^STOXX50E,Yahoo Finance,4289.7900390625
2023-06-12,EURO_STOXX_50,^STOXX50E,Yahoo Finance,4316.490234375
2023-06-13,EURO_STOXX_50,^STOXX50E,Yahoo Finance,4347.5498046875
2023-06-14,EURO_STOXX_50,^STOXX50E,Yahoo Finance,4375.97998046875
2023-06-15,EURO_STOXX_50,^STOXX50E,Yahoo Finance,4365.1201171875
2023-06-16,EURO_STOXX_50,^STOXX50E,Yahoo Finance,4394.81982421875
2023-06-19,EURO_STOXX_50,^STOXX50E,Yahoo Finance,4362.3798828125
2023-06-20,EURO_STOXX_50,^STOXX50E,Yahoo Finance,4343.14013671875
2023-06-21,EURO_STOXX_50,^STOXX50E,Yahoo Finance,4322.75
2023-06-22,EURO_STOXX_50,^STOXX50E,Yahoo Finance,4304.47021484375
2023-06-23,EURO_STOXX_50,^STOXX50E,Yahoo Finance,4271.60986328125
2023-06-26,EURO_STOXX_50,^STOXX50E,Yahoo Finance,4280.56982421875
2023-06-27,EURO_STOXX_50,^STOXX50E,Yahoo Finance,4305.259765625
2023-06-28,EURO_STOXX_50,^STOXX50E,Yahoo Finance,4344.75
2023-06-29,EURO_STOXX_50,^STOXX50E,Yahoo Finance,4354.68994140625
2023-06-30,EURO_STOXX_50,^STOXX50E,Yahoo Finance,4399.08984375
2023-07-03,EURO_STOXX_50,^STOXX50E,Yahoo Finance,4398.14990234375
2023-07-04,EURO_STOXX_50,^STOXX50E,Yahoo Finance,4390.990234375
2023-07-05,EURO_STOXX_50,^STOXX50E,Yahoo Finance,4350.7099609375
2023-07-06,EURO_STOXX_50,^STOXX50E,Yahoo Finance,4223.08984375
2023-07-07,EURO_STOXX_50,^STOXX50E,Yahoo Finance,4236.60009765625
2023-07-10,EURO_STOXX_50,^STOXX50E,Yahoo Finance,4256.509765625
2023-07-11,EURO_STOXX_50,^STOXX50E,Yahoo Finance,4286.56005859375
2023-07-12,EURO_STOXX_50,^STOXX50E,Yahoo Finance,4360.4599609375
2023-07-13,EURO_STOXX_50,^STOXX50E,Yahoo Finance,4391.759765625
2023-07-14,EURO_STOXX_50,^STOXX50E,Yahoo Finance,4400.10986328125
2023-07-17,EURO_STOXX_50,^STOXX50E,Yahoo Finance,4356.7900390625
2023-07-18,EURO_STOXX_50,^STOXX50E,Yahoo Finance,4369.72998046875
2023-07-19,EURO_STOXX_50,^STOXX50E,Yahoo Finance,4362.27978515625
2023-07-20,EURO_STOXX_50,^STOXX50E,Yahoo Finance,4373.72998046875
2023-07-21,EURO_STOXX_50,^STOXX50E,Yahoo Finance,4391.41015625
2023-07-24,EURO_STOXX_50,^STOXX50E,Yahoo Finance,4383.02978515625
2023-07-25,EURO_STOXX_50,^STOXX50E,Yahoo Finance,4391.2998046875
2023-07-26,EURO_STOXX_50,^STOXX50E,Yahoo Finance,4346.14990234375
2023-07-27,EURO_STOXX_50,^STOXX50E,Yahoo Finance,4447.43994140625
2023-07-28,EURO_STOXX_50,^STOXX50E,Yahoo Finance,4466.5
2023-07-31,EURO_STOXX_50,^STOXX50E,Yahoo Finance,4471.31005859375
2023-08-02,EURO_STOXX_50,^STOXX50E,Yahoo Finance,4336.5
2023-08-03,EURO_STOXX_50,^STOXX50E,Yahoo Finance,4304.6298828125
2023-08-04,EURO_STOXX_50,^STOXX50E,Yahoo Finance,4332.91015625
2023-08-07,EURO_STOXX_50,^STOXX50E,Yahoo Finance,4337.5
2023-08-08,EURO_STOXX_50,^STOXX50E,Yahoo Finance,4288.85009765625
2023-08-09,EURO_STOXX_50,^STOXX50E,Yahoo Finance,4317.330078125
2023-08-10,EURO_STOXX_50,^STOXX50E,Yahoo Finance,4384.0400390625
2023-08-11,EURO_STOXX_50,^STOXX50E,Yahoo Finance,4321.330078125
2023-08-14,EURO_STOXX_50,^STOXX50E,Yahoo Finance,4330.22998046875
2023-08-15,EURO_STOXX_50,^STOXX50E,Yahoo Finance,4288.56982421875
2023-08-16,EURO_STOXX_50,^STOXX50E,Yahoo Finance,4284.27001953125
2023-08-17,EURO_STOXX_50,^STOXX50E,Yahoo Finance,4227.830078125
2023-08-18,EURO_STOXX_50,^STOXX50E,Yahoo Finance,4212.9501953125
2023-08-21,EURO_STOXX_50,^STOXX50E,Yahoo Finance,4224.8701171875
2023-08-22,EURO_STOXX_50,^STOXX50E,Yahoo Finance,4260.3701171875
2023-08-23,EURO_STOXX_50,^STOXX50E,Yahoo Finance,4266.669921875
2023-08-24,EURO_STOXX_50,^STOXX50E,Yahoo Finance,4232.22021484375
2023-08-25,EURO_STOXX_50,^STOXX50E,Yahoo Finance,4236.25
2023-08-28,EURO_STOXX_50,^STOXX50E,Yahoo Finance,4293.68994140625
2023-08-29,EURO_STOXX_50,^STOXX50E,Yahoo Finance,4326.47021484375
2023-08-30,EURO_STOXX_50,^STOXX50E,Yahoo Finance,4315.31005859375
2023-08-31,EURO_STOXX_50,^STOXX50E,Yahoo Finance,4297.10986328125
2023-09-01,EURO_STOXX_50,^STOXX50E,Yahoo Finance,4282.64013671875
2023-09-04,EURO_STOXX_50,^STOXX50E,Yahoo Finance,4279.8701171875
2023-09-05,EURO_STOXX_50,^STOXX50E,Yahoo Finance,4269.16015625
2023-09-06,EURO_STOXX_50,^STOXX50E,Yahoo Finance,4238.259765625
2023-09-07,EURO_STOXX_50,^STOXX50E,Yahoo Finance,4221.02001953125
2023-09-08,EURO_STOXX_50,^STOXX50E,Yahoo Finance,4237.18994140625
2023-09-11,EURO_STOXX_50,^STOXX50E,Yahoo Finance,4254.330078125
2023-09-12,EURO_STOXX_50,^STOXX50E,Yahoo Finance,4242.27001953125
2023-09-13,EURO_STOXX_50,^STOXX50E,Yahoo Finance,4223.47998046875
2023-09-14,EURO_STOXX_50,^STOXX50E,Yahoo Finance,4279.75
2023-09-15,EURO_STOXX_50,^STOXX50E,Yahoo Finance,4295.0498046875
2023-09-18,EURO_STOXX_50,^STOXX50E,Yahoo Finance,4245.8798828125
2023-09-19,EURO_STOXX_50,^STOXX50E,Yahoo Finance,4242.7001953125
2023-09-20,EURO_STOXX_50,^STOXX50E,Yahoo Finance,4275.97998046875
2023-09-21,EURO_STOXX_50,^STOXX50E,Yahoo Finance,4212.58984375
2023-09-22,EURO_STOXX_50,^STOXX50E,Yahoo Finance,4207.16015625
2023-09-25,EURO_STOXX_50,^STOXX50E,Yahoo Finance,4167.3701171875
2023-09-26,EURO_STOXX_50,^STOXX50E,Yahoo Finance,4129.18017578125
2023-09-27,EURO_STOXX_50,^STOXX50E,Yahoo Finance,4131.68017578125
2023-09-28,EURO_STOXX_50,^STOXX50E,Yahoo Finance,4161.56005859375
2023-09-29,EURO_STOXX_50,^STOXX50E,Yahoo Finance,4174.66015625
2023-10-02,EURO_STOXX_50,^STOXX50E,Yahoo Finance,4137.6298828125
2023-10-03,EURO_STOXX_50,^STOXX50E,Yahoo Finance,4095.590087890625
2023-10-04,EURO_STOXX_50,^STOXX50E,Yahoo Finance,4099.85009765625
2023-10-05,EURO_STOXX_50,^STOXX50E,Yahoo Finance,4099.81005859375
2023-10-06,EURO_STOXX_50,^STOXX50E,Yahoo Finance,4144.43017578125
2023-10-09,EURO_STOXX_50,^STOXX50E,Yahoo Finance,4112.56982421875
2023-10-10,EURO_STOXX_50,^STOXX50E,Yahoo Finance,4205.22998046875
2023-10-11,EURO_STOXX_50,^STOXX50E,Yahoo Finance,4200.7998046875
2023-10-12,EURO_STOXX_50,^STOXX50E,Yahoo Finance,4198.22998046875
2023-10-13,EURO_STOXX_50,^STOXX50E,Yahoo Finance,4136.1201171875
2023-10-16,EURO_STOXX_50,^STOXX50E,Yahoo Finance,4149.85986328125
2023-10-17,EURO_STOXX_50,^STOXX50E,Yahoo Finance,4152.31982421875
2023-10-18,EURO_STOXX_50,^STOXX50E,Yahoo Finance,4105.85986328125
2023-10-19,EURO_STOXX_50,^STOXX50E,Yahoo Finance,4090.330078125
2023-10-20,EURO_STOXX_50,^STOXX50E,Yahoo Finance,4024.679931640625
2023-10-23,EURO_STOXX_50,^STOXX50E,Yahoo Finance,4041.75
2023-10-24,EURO_STOXX_50,^STOXX50E,Yahoo Finance,4065.3701171875
2023-10-25,EURO_STOXX_50,^STOXX50E,Yahoo Finance,4073.35009765625
2023-10-26,EURO_STOXX_50,^STOXX50E,Yahoo Finance,4049.39990234375
2023-10-27,EURO_STOXX_50,^STOXX50E,Yahoo Finance,4014.360107421875
2023-10-30,EURO_STOXX_50,^STOXX50E,Yahoo Finance,4028.320068359375
2023-10-31,EURO_STOXX_50,^STOXX50E,Yahoo Finance,4061.1201171875
2023-11-01,EURO_STOXX_50,^STOXX50E,Yahoo Finance,4091.7099609375
2023-11-02,EURO_STOXX_50,^STOXX50E,Yahoo Finance,4169.6201171875
2023-11-03,EURO_STOXX_50,^STOXX50E,Yahoo Finance,4174.669921875
2023-11-06,EURO_STOXX_50,^STOXX50E,Yahoo Finance,4158.64013671875
2023-11-07,EURO_STOXX_50,^STOXX50E,Yahoo Finance,4153.3701171875
2023-11-08,EURO_STOXX_50,^STOXX50E,Yahoo Finance,4178.490234375
2023-11-09,EURO_STOXX_50,^STOXX50E,Yahoo Finance,4229.2001953125
2023-11-10,EURO_STOXX_50,^STOXX50E,Yahoo Finance,4197.35986328125
2023-11-13,EURO_STOXX_50,^STOXX50E,Yahoo Finance,4232.18994140625
2023-11-14,EURO_STOXX_50,^STOXX50E,Yahoo Finance,4291.72021484375
2023-11-15,EURO_STOXX_50,^STOXX50E,Yahoo Finance,4315.52978515625
2023-11-16,EURO_STOXX_50,^STOXX50E,Yahoo Finance,4302.4501953125
2023-11-17,EURO_STOXX_50,^STOXX50E,Yahoo Finance,4340.77001953125
2023-11-20,EURO_STOXX_50,^STOXX50E,Yahoo Finance,4342.41015625
2023-11-21,EURO_STOXX_50,^STOXX50E,Yahoo Finance,4331.89990234375
2023-11-22,EURO_STOXX_50,^STOXX50E,Yahoo Finance,4352.02001953125
2023-11-23,EURO_STOXX_50,^STOXX50E,Yahoo Finance,4361.31982421875
2023-11-24,EURO_STOXX_50,^STOXX50E,Yahoo Finance,4372.10009765625
2023-11-27,EURO_STOXX_50,^STOXX50E,Yahoo Finance,4354.41015625
2023-11-28,EURO_STOXX_50,^STOXX50E,Yahoo Finance,4348.02001953125
2023-11-29,EURO_STOXX_50,^STOXX50E,Yahoo Finance,4370.52978515625
2023-11-30,EURO_STOXX_50,^STOXX50E,Yahoo Finance,4382.47021484375
2023-12-01,EURO_STOXX_50,^STOXX50E,Yahoo Finance,4418.509765625
2023-12-04,EURO_STOXX_50,^STOXX50E,Yahoo Finance,4414.9501953125
2023-12-05,EURO_STOXX_50,^STOXX50E,Yahoo Finance,4452.77001953125
2023-12-06,EURO_STOXX_50,^STOXX50E,Yahoo Finance,4483.259765625
2023-12-07,EURO_STOXX_50,^STOXX50E,Yahoo Finance,4473.77001953125
2023-12-08,EURO_STOXX_50,^STOXX50E,Yahoo Finance,4523.31005859375
2023-12-11,EURO_STOXX_50,^STOXX50E,Yahoo Finance,4540.18994140625
2023-12-12,EURO_STOXX_50,^STOXX50E,Yahoo Finance,4536.60986328125
2023-12-13,EURO_STOXX_50,^STOXX50E,Yahoo Finance,4530.18994140625
2023-12-14,EURO_STOXX_50,^STOXX50E,Yahoo Finance,4539.16015625
2023-12-15,EURO_STOXX_50,^STOXX50E,Yahoo Finance,4549.43994140625
2023-12-18,EURO_STOXX_50,^STOXX50E,Yahoo Finance,4521.1298828125
2023-12-19,EURO_STOXX_50,^STOXX50E,Yahoo Finance,4535.39990234375
2023-12-20,EURO_STOXX_50,^STOXX50E,Yahoo Finance,4533.81982421875
2023-12-21,EURO_STOXX_50,^STOXX50E,Yahoo Finance,4524.85986328125
2023-12-22,EURO_STOXX_50,^STOXX50E,Yahoo Finance,4521.47021484375
2023-12-27,EURO_STOXX_50,^STOXX50E,Yahoo Finance,4528.3798828125
2023-12-28,EURO_STOXX_50,^STOXX50E,Yahoo Finance,4514.3798828125
2023-12-29,EURO_STOXX_50,^STOXX50E,Yahoo Finance,4521.64990234375
2021-01-04,DAX,^GDAXI,Yahoo Finance,13726.740234375
2021-01-05,DAX,^GDAXI,Yahoo Finance,13651.2197265625
2021-01-06,DAX,^GDAXI,Yahoo Finance,13891.9697265625
2021-01-07,DAX,^GDAXI,Yahoo Finance,13968.240234375
2021-01-08,DAX,^GDAXI,Yahoo Finance,14049.5302734375
2021-01-11,DAX,^GDAXI,Yahoo Finance,13936.66015625
2021-01-12,DAX,^GDAXI,Yahoo Finance,13925.0595703125
2021-01-13,DAX,^GDAXI,Yahoo Finance,13939.7099609375
2021-01-14,DAX,^GDAXI,Yahoo Finance,13988.7001953125
2021-01-15,DAX,^GDAXI,Yahoo Finance,13787.73046875
2021-01-18,DAX,^GDAXI,Yahoo Finance,13848.349609375
2021-01-19,DAX,^GDAXI,Yahoo Finance,13815.0595703125
2021-01-20,DAX,^GDAXI,Yahoo Finance,13921.3701171875
2021-01-21,DAX,^GDAXI,Yahoo Finance,13906.669921875
2021-01-22,DAX,^GDAXI,Yahoo Finance,13873.9697265625
2021-01-25,DAX,^GDAXI,Yahoo Finance,13643.9501953125
2021-01-26,DAX,^GDAXI,Yahoo Finance,13870.990234375
2021-01-27,DAX,^GDAXI,Yahoo Finance,13620.4599609375
2021-01-28,DAX,^GDAXI,Yahoo Finance,13665.9296875
2021-01-29,DAX,^GDAXI,Yahoo Finance,13432.8701171875
2021-02-01,DAX,^GDAXI,Yahoo Finance,13622.01953125
2021-02-02,DAX,^GDAXI,Yahoo Finance,13835.16015625
2021-02-03,DAX,^GDAXI,Yahoo Finance,13933.6298828125
2021-02-04,DAX,^GDAXI,Yahoo Finance,14060.2900390625
2021-02-05,DAX,^GDAXI,Yahoo Finance,14056.7197265625
2021-02-08,DAX,^GDAXI,Yahoo Finance,14059.91015625
2021-02-09,DAX,^GDAXI,Yahoo Finance,14011.7998046875
2021-02-10,DAX,^GDAXI,Yahoo Finance,13932.9697265625
2021-02-11,DAX,^GDAXI,Yahoo Finance,14040.91015625
2021-02-12,DAX,^GDAXI,Yahoo Finance,14049.8896484375
2021-02-15,DAX,^GDAXI,Yahoo Finance,14109.48046875
2021-02-16,DAX,^GDAXI,Yahoo Finance,14064.599609375
2021-02-17,DAX,^GDAXI,Yahoo Finance,13909.26953125
2021-02-18,DAX,^GDAXI,Yahoo Finance,13886.9296875
2021-02-19,DAX,^GDAXI,Yahoo Finance,13993.23046875
2021-02-22,DAX,^GDAXI,Yahoo Finance,13950.0400390625
2021-02-23,DAX,^GDAXI,Yahoo Finance,13864.8095703125
2021-02-24,DAX,^GDAXI,Yahoo Finance,13976.0
2021-02-25,DAX,^GDAXI,Yahoo Finance,13879.330078125
2021-02-26,DAX,^GDAXI,Yahoo Finance,13786.2900390625
2021-03-01,DAX,^GDAXI,Yahoo Finance,14012.8203125
2021-03-02,DAX,^GDAXI,Yahoo Finance,14039.7998046875
2021-03-03,DAX,^GDAXI,Yahoo Finance,14080.0302734375
2021-03-04,DAX,^GDAXI,Yahoo Finance,14056.33984375
2021-03-05,DAX,^GDAXI,Yahoo Finance,13920.6904296875
2021-03-08,DAX,^GDAXI,Yahoo Finance,14380.91015625
2021-03-09,DAX,^GDAXI,Yahoo Finance,14437.9404296875
2021-03-10,DAX,^GDAXI,Yahoo Finance,14540.25
2021-03-11,DAX,^GDAXI,Yahoo Finance,14569.3896484375
2021-03-12,DAX,^GDAXI,Yahoo Finance,14502.3896484375
2021-03-15,DAX,^GDAXI,Yahoo Finance,14461.419921875
2021-03-16,DAX,^GDAXI,Yahoo Finance,14557.580078125
2021-03-17,DAX,^GDAXI,Yahoo Finance,14596.6103515625
2021-03-18,DAX,^GDAXI,Yahoo Finance,14775.51953125
2021-03-19,DAX,^GDAXI,Yahoo Finance,14621.0
2021-03-22,DAX,^GDAXI,Yahoo Finance,14657.2099609375
2021-03-23,DAX,^GDAXI,Yahoo Finance,14662.01953125
2021-03-24,DAX,^GDAXI,Yahoo Finance,14610.3896484375
2021-03-25,DAX,^GDAXI,Yahoo Finance,14621.3603515625
2021-03-26,DAX,^GDAXI,Yahoo Finance,14748.9404296875
2021-03-29,DAX,^GDAXI,Yahoo Finance,14817.7197265625
2021-03-30,DAX,^GDAXI,Yahoo Finance,15008.6103515625
2021-03-31,DAX,^GDAXI,Yahoo Finance,15008.33984375
2021-04-01,DAX,^GDAXI,Yahoo Finance,15107.169921875
2021-04-06,DAX,^GDAXI,Yahoo Finance,15212.6796875
2021-04-07,DAX,^GDAXI,Yahoo Finance,15176.3603515625
2021-04-08,DAX,^GDAXI,Yahoo Finance,15202.6796875
2021-04-09,DAX,^GDAXI,Yahoo Finance,15234.16015625
2021-04-12,DAX,^GDAXI,Yahoo Finance,15215.0
2021-04-13,DAX,^GDAXI,Yahoo Finance,15234.3603515625
2021-04-14,DAX,^GDAXI,Yahoo Finance,15209.150390625
2021-04-15,DAX,^GDAXI,Yahoo Finance,15255.330078125
2021-04-16,DAX,^GDAXI,Yahoo Finance,15459.75
2021-04-19,DAX,^GDAXI,Yahoo Finance,15368.3896484375
2021-04-20,DAX,^GDAXI,Yahoo Finance,15129.509765625
2021-04-21,DAX,^GDAXI,Yahoo Finance,15195.9697265625
2021-04-22,DAX,^GDAXI,Yahoo Finance,15320.51953125
2021-04-23,DAX,^GDAXI,Yahoo Finance,15279.6201171875
2021-04-26,DAX,^GDAXI,Yahoo Finance,15296.33984375
2021-04-27,DAX,^GDAXI,Yahoo Finance,15249.26953125
2021-04-28,DAX,^GDAXI,Yahoo Finance,15292.1796875
2021-04-29,DAX,^GDAXI,Yahoo Finance,15154.2001953125
2021-04-30,DAX,^GDAXI,Yahoo Finance,15135.91015625
2021-05-03,DAX,^GDAXI,Yahoo Finance,15236.4697265625
2021-05-04,DAX,^GDAXI,Yahoo Finance,14856.48046875
2021-05-05,DAX,^GDAXI,Yahoo Finance,15170.7802734375
2021-05-06,DAX,^GDAXI,Yahoo Finance,15196.740234375
2021-05-07,DAX,^GDAXI,Yahoo Finance,15399.650390625
2021-05-10,DAX,^GDAXI,Yahoo Finance,15400.41015625
2021-05-11,DAX,^GDAXI,Yahoo Finance,15119.75
2021-05-12,DAX,^GDAXI,Yahoo Finance,15150.2197265625
2021-05-13,DAX,^GDAXI,Yahoo Finance,15199.6796875
2021-05-14,DAX,^GDAXI,Yahoo Finance,15416.6396484375
2021-05-17,DAX,^GDAXI,Yahoo Finance,15396.6201171875
2021-05-18,DAX,^GDAXI,Yahoo Finance,15386.580078125
2021-05-19,DAX,^GDAXI,Yahoo Finance,15113.5595703125
2021-05-20,DAX,^GDAXI,Yahoo Finance,15370.259765625
2021-05-21,DAX,^GDAXI,Yahoo Finance,15437.509765625
2021-05-25,DAX,^GDAXI,Yahoo Finance,15465.08984375
2021-05-26,DAX,^GDAXI,Yahoo Finance,15450.7197265625
2021-05-27,DAX,^GDAXI,Yahoo Finance,15406.73046875
2021-05-28,DAX,^GDAXI,Yahoo Finance,15519.98046875
2021-05-31,DAX,^GDAXI,Yahoo Finance,15421.1298828125
2021-06-01,DAX,^GDAXI,Yahoo Finance,15567.3603515625
2021-06-02,DAX,^GDAXI,Yahoo Finance,15602.7099609375
2021-06-03,DAX,^GDAXI,Yahoo Finance,15632.669921875
2021-06-04,DAX,^GDAXI,Yahoo Finance,15692.900390625
2021-06-07,DAX,^GDAXI,Yahoo Finance,15677.150390625
2021-06-08,DAX,^GDAXI,Yahoo Finance,15640.599609375
2021-06-09,DAX,^GDAXI,Yahoo Finance,15581.1396484375
2021-06-10,DAX,^GDAXI,Yahoo Finance,15571.2197265625
2021-06-11,DAX,^GDAXI,Yahoo Finance,15693.26953125
2021-06-14,DAX,^GDAXI,Yahoo Finance,15673.6396484375
2021-06-15,DAX,^GDAXI,Yahoo Finance,15729.51953125
2021-06-16,DAX,^GDAXI,Yahoo Finance,15710.5703125
2021-06-17,DAX,^GDAXI,Yahoo Finance,15727.669921875
2021-06-18,DAX,^GDAXI,Yahoo Finance,15448.0400390625
2021-06-21,DAX,^GDAXI,Yahoo Finance,15603.240234375
2021-06-22,DAX,^GDAXI,Yahoo Finance,15636.330078125
2021-06-23,DAX,^GDAXI,Yahoo Finance,15456.3896484375
2021-06-24,DAX,^GDAXI,Yahoo Finance,15589.23046875
2021-06-25,DAX,^GDAXI,Yahoo Finance,15607.9697265625
2021-06-28,DAX,^GDAXI,Yahoo Finance,15554.1796875
2021-06-29,DAX,^GDAXI,Yahoo Finance,15690.58984375
2021-06-30,DAX,^GDAXI,Yahoo Finance,15531.0400390625
2021-07-01,DAX,^GDAXI,Yahoo Finance,15603.8095703125
2021-07-02,DAX,^GDAXI,Yahoo Finance,15650.08984375
2021-07-05,DAX,^GDAXI,Yahoo Finance,15661.9697265625
2021-07-06,DAX,^GDAXI,Yahoo Finance,15511.3798828125
2021-07-07,DAX,^GDAXI,Yahoo Finance,15692.7099609375
2021-07-08,DAX,^GDAXI,Yahoo Finance,15420.6396484375
2021-07-09,DAX,^GDAXI,Yahoo Finance,15687.9296875
2021-07-12,DAX,^GDAXI,Yahoo Finance,15790.509765625
2021-07-13,DAX,^GDAXI,Yahoo Finance,15789.6396484375
2021-07-14,DAX,^GDAXI,Yahoo Finance,15788.98046875
2021-07-15,DAX,^GDAXI,Yahoo Finance,15629.66015625
2021-07-16,DAX,^GDAXI,Yahoo Finance,15540.3095703125
2021-07-19,DAX,^GDAXI,Yahoo Finance,15133.2001953125
2021-07-20,DAX,^GDAXI,Yahoo Finance,15216.26953125
2021-07-21,DAX,^GDAXI,Yahoo Finance,15422.5
2021-07-22,DAX,^GDAXI,Yahoo Finance,15514.5400390625
2021-07-23,DAX,^GDAXI,Yahoo Finance,15669.2900390625
2021-07-26,DAX,^GDAXI,Yahoo Finance,15618.98046875
2021-07-27,DAX,^GDAXI,Yahoo Finance,15519.1298828125
2021-07-28,DAX,^GDAXI,Yahoo Finance,15570.3603515625
2021-07-29,DAX,^GDAXI,Yahoo Finance,15640.4697265625
2021-07-30,DAX,^GDAXI,Yahoo Finance,15544.3896484375
2021-08-02,DAX,^GDAXI,Yahoo Finance,15568.73046875
2021-08-03,DAX,^GDAXI,Yahoo Finance,15555.080078125
2021-08-04,DAX,^GDAXI,Yahoo Finance,15692.1298828125
2021-08-05,DAX,^GDAXI,Yahoo Finance,15744.669921875
2021-08-06,DAX,^GDAXI,Yahoo Finance,15761.4501953125
2021-08-09,DAX,^GDAXI,Yahoo Finance,15745.41015625
2021-08-10,DAX,^GDAXI,Yahoo Finance,15770.7099609375
2021-08-11,DAX,^GDAXI,Yahoo Finance,15826.08984375
2021-08-12,DAX,^GDAXI,Yahoo Finance,15937.509765625
2021-08-13,DAX,^GDAXI,Yahoo Finance,15977.4404296875
2021-08-16,DAX,^GDAXI,Yahoo Finance,15925.73046875
2021-08-17,DAX,^GDAXI,Yahoo Finance,15921.9501953125
2021-08-18,DAX,^GDAXI,Yahoo Finance,15965.9697265625
2021-08-19,DAX,^GDAXI,Yahoo Finance,15765.8095703125
2021-08-20,DAX,^GDAXI,Yahoo Finance,15808.0400390625
2021-08-23,DAX,^GDAXI,Yahoo Finance,15852.7900390625
2021-08-24,DAX,^GDAXI,Yahoo Finance,15905.849609375
2021-08-25,DAX,^GDAXI,Yahoo Finance,15860.66015625
2021-08-26,DAX,^GDAXI,Yahoo Finance,15793.6201171875
2021-08-27,DAX,^GDAXI,Yahoo Finance,15851.75
2021-08-30,DAX,^GDAXI,Yahoo Finance,15887.3095703125
2021-08-31,DAX,^GDAXI,Yahoo Finance,15835.08984375
2021-09-01,DAX,^GDAXI,Yahoo Finance,15824.2900390625
2021-09-02,DAX,^GDAXI,Yahoo Finance,15840.58984375
2021-09-03,DAX,^GDAXI,Yahoo Finance,15781.2001953125
2021-09-06,DAX,^GDAXI,Yahoo Finance,15932.1201171875
2021-09-07,DAX,^GDAXI,Yahoo Finance,15843.08984375
2021-09-08,DAX,^GDAXI,Yahoo Finance,15610.2802734375
2021-09-09,DAX,^GDAXI,Yahoo Finance,15623.150390625
2021-09-10,DAX,^GDAXI,Yahoo Finance,15609.8095703125
2021-09-13,DAX,^GDAXI,Yahoo Finance,15701.419921875
2021-09-14,DAX,^GDAXI,Yahoo Finance,15722.990234375
2021-09-15,DAX,^GDAXI,Yahoo Finance,15616.0
2021-09-16,DAX,^GDAXI,Yahoo Finance,15651.75
2021-09-17,DAX,^GDAXI,Yahoo Finance,15490.169921875
2021-09-20,DAX,^GDAXI,Yahoo Finance,15132.0595703125
2021-09-21,DAX,^GDAXI,Yahoo Finance,15348.5302734375
2021-09-22,DAX,^GDAXI,Yahoo Finance,15506.740234375
2021-09-23,DAX,^GDAXI,Yahoo Finance,15643.9697265625
2021-09-24,DAX,^GDAXI,Yahoo Finance,15531.75
2021-09-27,DAX,^GDAXI,Yahoo Finance,15573.8798828125
2021-09-28,DAX,^GDAXI,Yahoo Finance,15248.5595703125
2021-09-29,DAX,^GDAXI,Yahoo Finance,15365.26953125
2021-09-30,DAX,^GDAXI,Yahoo Finance,15260.6904296875
2021-10-01,DAX,^GDAXI,Yahoo Finance,15156.4404296875
2021-10-04,DAX,^GDAXI,Yahoo Finance,15036.5498046875
2021-10-05,DAX,^GDAXI,Yahoo Finance,15194.490234375
2021-10-06,DAX,^GDAXI,Yahoo Finance,14973.330078125
2021-10-07,DAX,^GDAXI,Yahoo Finance,15250.8603515625
2021-10-08,DAX,^GDAXI,Yahoo Finance,15206.1298828125
2021-10-11,DAX,^GDAXI,Yahoo Finance,15199.1396484375
2021-10-12,DAX,^GDAXI,Yahoo Finance,15146.8701171875
2021-10-13,DAX,^GDAXI,Yahoo Finance,15249.3798828125
2021-10-14,DAX,^GDAXI,Yahoo Finance,15462.7197265625
2021-10-15,DAX,^GDAXI,Yahoo Finance,15587.3603515625
2021-10-18,DAX,^GDAXI,Yahoo Finance,15474.4697265625
2021-10-19,DAX,^GDAXI,Yahoo Finance,15515.830078125
2021-10-20,DAX,^GDAXI,Yahoo Finance,15522.919921875
2021-10-21,DAX,^GDAXI,Yahoo Finance,15472.5595703125
2021-10-22,DAX,^GDAXI,Yahoo Finance,15542.98046875
2021-10-25,DAX,^GDAXI,Yahoo Finance,15599.23046875
2021-10-26,DAX,^GDAXI,Yahoo Finance,15757.0595703125
2021-10-27,DAX,^GDAXI,Yahoo Finance,15705.8095703125
2021-10-28,DAX,^GDAXI,Yahoo Finance,15696.330078125
2021-10-29,DAX,^GDAXI,Yahoo Finance,15688.76953125
2021-11-01,DAX,^GDAXI,Yahoo Finance,15806.2900390625
2021-11-02,DAX,^GDAXI,Yahoo Finance,15954.4501953125
2021-11-03,DAX,^GDAXI,Yahoo Finance,15959.98046875
2021-11-04,DAX,^GDAXI,Yahoo Finance,16029.650390625
2021-11-05,DAX,^GDAXI,Yahoo Finance,16054.3603515625
2021-11-08,DAX,^GDAXI,Yahoo Finance,16046.51953125
2021-11-09,DAX,^GDAXI,Yahoo Finance,16040.4697265625
2021-11-10,DAX,^GDAXI,Yahoo Finance,16067.830078125
2021-11-11,DAX,^GDAXI,Yahoo Finance,16083.1103515625
2021-11-12,DAX,^GDAXI,Yahoo Finance,16094.0703125
2021-11-15,DAX,^GDAXI,Yahoo Finance,16148.6396484375
2021-11-16,DAX,^GDAXI,Yahoo Finance,16247.8603515625
2021-11-17,DAX,^GDAXI,Yahoo Finance,16251.1298828125
2021-11-18,DAX,^GDAXI,Yahoo Finance,16221.73046875
2021-11-19,DAX,^GDAXI,Yahoo Finance,16159.9697265625
2021-11-22,DAX,^GDAXI,Yahoo Finance,16115.6904296875
2021-11-23,DAX,^GDAXI,Yahoo Finance,15937.0
2021-11-24,DAX,^GDAXI,Yahoo Finance,15878.3896484375
2021-11-25,DAX,^GDAXI,Yahoo Finance,15917.98046875
2021-11-26,DAX,^GDAXI,Yahoo Finance,15257.0400390625
2021-11-29,DAX,^GDAXI,Yahoo Finance,15280.8603515625
2021-11-30,DAX,^GDAXI,Yahoo Finance,15100.1298828125
2021-12-01,DAX,^GDAXI,Yahoo Finance,15472.669921875
2021-12-02,DAX,^GDAXI,Yahoo Finance,15263.1103515625
2021-12-03,DAX,^GDAXI,Yahoo Finance,15169.98046875
2021-12-06,DAX,^GDAXI,Yahoo Finance,15380.7900390625
2021-12-07,DAX,^GDAXI,Yahoo Finance,15813.9404296875
2021-12-08,DAX,^GDAXI,Yahoo Finance,15687.08984375
2021-12-09,DAX,^GDAXI,Yahoo Finance,15639.259765625
2021-12-10,DAX,^GDAXI,Yahoo Finance,15623.3095703125
2021-12-13,DAX,^GDAXI,Yahoo Finance,15621.7197265625
2021-12-14,DAX,^GDAXI,Yahoo Finance,15453.5595703125
2021-12-15,DAX,^GDAXI,Yahoo Finance,15476.349609375
2021-12-16,DAX,^GDAXI,Yahoo Finance,15636.400390625
2021-12-17,DAX,^GDAXI,Yahoo Finance,15531.6904296875
2021-12-20,DAX,^GDAXI,Yahoo Finance,15239.669921875
2021-12-21,DAX,^GDAXI,Yahoo Finance,15447.4404296875
2021-12-22,DAX,^GDAXI,Yahoo Finance,15593.4697265625
2021-12-23,DAX,^GDAXI,Yahoo Finance,15756.3095703125
2021-12-27,DAX,^GDAXI,Yahoo Finance,15835.25
2021-12-28,DAX,^GDAXI,Yahoo Finance,15963.7001953125
2021-12-29,DAX,^GDAXI,Yahoo Finance,15852.25
2021-12-30,DAX,^GDAXI,Yahoo Finance,15884.8603515625
2022-01-03,DAX,^GDAXI,Yahoo Finance,16020.73046875
2022-01-04,DAX,^GDAXI,Yahoo Finance,16152.6103515625
2022-01-05,DAX,^GDAXI,Yahoo Finance,16271.75
2022-01-06,DAX,^GDAXI,Yahoo Finance,16052.0302734375
2022-01-07,DAX,^GDAXI,Yahoo Finance,15947.740234375
2022-01-10,DAX,^GDAXI,Yahoo Finance,15768.26953125
2022-01-11,DAX,^GDAXI,Yahoo Finance,15941.8095703125
2022-01-12,DAX,^GDAXI,Yahoo Finance,16010.3203125
2022-01-13,DAX,^GDAXI,Yahoo Finance,16031.58984375
2022-01-14,DAX,^GDAXI,Yahoo Finance,15883.240234375
2022-01-17,DAX,^GDAXI,Yahoo Finance,15933.7197265625
2022-01-18,DAX,^GDAXI,Yahoo Finance,15772.5595703125
2022-01-19,DAX,^GDAXI,Yahoo Finance,15809.7197265625
2022-01-20,DAX,^GDAXI,Yahoo Finance,15912.330078125
2022-01-21,DAX,^GDAXI,Yahoo Finance,15603.8798828125
2022-01-24,DAX,^GDAXI,Yahoo Finance,15011.1298828125
2022-01-25,DAX,^GDAXI,Yahoo Finance,15123.8701171875
2022-01-26,DAX,^GDAXI,Yahoo Finance,15459.3896484375
2022-01-27,DAX,^GDAXI,Yahoo Finance,15524.26953125
2022-01-28,DAX,^GDAXI,Yahoo Finance,15318.9501953125
2022-01-31,DAX,^GDAXI,Yahoo Finance,15471.2001953125
2022-02-01,DAX,^GDAXI,Yahoo Finance,15619.3896484375
2022-02-02,DAX,^GDAXI,Yahoo Finance,15613.76953125
2022-02-03,DAX,^GDAXI,Yahoo Finance,15368.4697265625
2022-02-04,DAX,^GDAXI,Yahoo Finance,15099.5595703125
2022-02-07,DAX,^GDAXI,Yahoo Finance,15206.6396484375
2022-02-08,DAX,^GDAXI,Yahoo Finance,15242.3798828125
2022-02-09,DAX,^GDAXI,Yahoo Finance,15482.009765625
2022-02-10,DAX,^GDAXI,Yahoo Finance,15490.4404296875
2022-02-11,DAX,^GDAXI,Yahoo Finance,15425.1201171875
2022-02-14,DAX,^GDAXI,Yahoo Finance,15113.9697265625
2022-02-15,DAX,^GDAXI,Yahoo Finance,15412.7099609375
2022-02-16,DAX,^GDAXI,Yahoo Finance,15396.0703125
2022-02-17,DAX,^GDAXI,Yahoo Finance,15267.6298828125
2022-02-18,DAX,^GDAXI,Yahoo Finance,15042.509765625
2022-02-21,DAX,^GDAXI,Yahoo Finance,14731.1201171875
2022-02-22,DAX,^GDAXI,Yahoo Finance,14693.0
2022-02-23,DAX,^GDAXI,Yahoo Finance,14631.3603515625
2022-02-24,DAX,^GDAXI,Yahoo Finance,14052.099609375
2022-02-25,DAX,^GDAXI,Yahoo Finance,14567.23046875
2022-02-28,DAX,^GDAXI,Yahoo Finance,14461.01953125
2022-03-01,DAX,^GDAXI,Yahoo Finance,13904.849609375
2022-03-02,DAX,^GDAXI,Yahoo Finance,14000.1103515625
2022-03-03,DAX,^GDAXI,Yahoo Finance,13698.400390625
2022-03-04,DAX,^GDAXI,Yahoo Finance,13094.5400390625
2022-03-07,DAX,^GDAXI,Yahoo Finance,12834.650390625
2022-03-08,DAX,^GDAXI,Yahoo Finance,12831.509765625
2022-03-09,DAX,^GDAXI,Yahoo Finance,13847.9296875
2022-03-10,DAX,^GDAXI,Yahoo Finance,13442.099609375
2022-03-11,DAX,^GDAXI,Yahoo Finance,13628.1103515625
2022-03-14,DAX,^GDAXI,Yahoo Finance,13929.1103515625
2022-03-15,DAX,^GDAXI,Yahoo Finance,13917.26953125
2022-03-16,DAX,^GDAXI,Yahoo Finance,14440.740234375
2022-03-17,DAX,^GDAXI,Yahoo Finance,14388.0595703125
2022-03-18,DAX,^GDAXI,Yahoo Finance,14413.08984375
2022-03-21,DAX,^GDAXI,Yahoo Finance,14326.9697265625
2022-03-22,DAX,^GDAXI,Yahoo Finance,14473.2001953125
2022-03-23,DAX,^GDAXI,Yahoo Finance,14283.650390625
2022-03-24,DAX,^GDAXI,Yahoo Finance,14273.7900390625
2022-03-25,DAX,^GDAXI,Yahoo Finance,14305.759765625
2022-03-28,DAX,^GDAXI,Yahoo Finance,14417.3701171875
2022-03-29,DAX,^GDAXI,Yahoo Finance,14820.330078125
2022-03-30,DAX,^GDAXI,Yahoo Finance,14606.0498046875
2022-03-31,DAX,^GDAXI,Yahoo Finance,14414.75
2022-04-01,DAX,^GDAXI,Yahoo Finance,14446.48046875
2022-04-04,DAX,^GDAXI,Yahoo Finance,14518.16015625
2022-04-05,DAX,^GDAXI,Yahoo Finance,14424.3603515625
2022-04-06,DAX,^GDAXI,Yahoo Finance,14151.6904296875
2022-04-07,DAX,^GDAXI,Yahoo Finance,14078.150390625
2022-04-08,DAX,^GDAXI,Yahoo Finance,14283.669921875
2022-04-11,DAX,^GDAXI,Yahoo Finance,14192.7802734375
2022-04-12,DAX,^GDAXI,Yahoo Finance,14124.9501953125
2022-04-13,DAX,^GDAXI,Yahoo Finance,14076.4404296875
2022-04-14,DAX,^GDAXI,Yahoo Finance,14163.849609375
2022-04-19,DAX,^GDAXI,Yahoo Finance,14153.4599609375
2022-04-20,DAX,^GDAXI,Yahoo Finance,14362.0302734375
2022-04-21,DAX,^GDAXI,Yahoo Finance,14502.41015625
2022-04-22,DAX,^GDAXI,Yahoo Finance,14142.08984375
2022-04-25,DAX,^GDAXI,Yahoo Finance,13924.169921875
2022-04-26,DAX,^GDAXI,Yahoo Finance,13756.400390625
2022-04-27,DAX,^GDAXI,Yahoo Finance,13793.9404296875
2022-04-28,DAX,^GDAXI,Yahoo Finance,13979.83984375
2022-04-29,DAX,^GDAXI,Yahoo Finance,14097.8798828125
2022-05-02,DAX,^GDAXI,Yahoo Finance,13939.0703125
2022-05-03,DAX,^GDAXI,Yahoo Finance,14039.4697265625
2022-05-04,DAX,^GDAXI,Yahoo Finance,13970.8203125
2022-05-05,DAX,^GDAXI,Yahoo Finance,13902.51953125
2022-05-06,DAX,^GDAXI,Yahoo Finance,13674.2900390625
2022-05-09,DAX,^GDAXI,Yahoo Finance,13380.669921875
2022-05-10,DAX,^GDAXI,Yahoo Finance,13534.740234375
2022-05-11,DAX,^GDAXI,Yahoo Finance,13828.6396484375
2022-05-12,DAX,^GDAXI,Yahoo Finance,13739.6396484375
2022-05-13,DAX,^GDAXI,Yahoo Finance,14027.9296875
2022-05-16,DAX,^GDAXI,Yahoo Finance,13964.3798828125
2022-05-17,DAX,^GDAXI,Yahoo Finance,14185.9404296875
2022-05-18,DAX,^GDAXI,Yahoo Finance,14007.759765625
2022-05-19,DAX,^GDAXI,Yahoo Finance,13882.2998046875
2022-05-20,DAX,^GDAXI,Yahoo Finance,13981.91015625
2022-05-23,DAX,^GDAXI,Yahoo Finance,14175.400390625
2022-05-24,DAX,^GDAXI,Yahoo Finance,13919.75
2022-05-25,DAX,^GDAXI,Yahoo Finance,14007.9296875
2022-05-26,DAX,^GDAXI,Yahoo Finance,14231.2900390625
2022-05-27,DAX,^GDAXI,Yahoo Finance,14462.1904296875
2022-05-30,DAX,^GDAXI,Yahoo Finance,14575.98046875
2022-05-31,DAX,^GDAXI,Yahoo Finance,14388.349609375
2022-06-01,DAX,^GDAXI,Yahoo Finance,14340.4697265625
2022-06-02,DAX,^GDAXI,Yahoo Finance,14485.169921875
2022-06-03,DAX,^GDAXI,Yahoo Finance,14460.08984375
2022-06-06,DAX,^GDAXI,Yahoo Finance,14653.8095703125
2022-06-07,DAX,^GDAXI,Yahoo Finance,14556.6201171875
2022-06-08,DAX,^GDAXI,Yahoo Finance,14445.990234375
2022-06-09,DAX,^GDAXI,Yahoo Finance,14198.7998046875
2022-06-10,DAX,^GDAXI,Yahoo Finance,13761.830078125
2022-06-13,DAX,^GDAXI,Yahoo Finance,13427.0302734375
2022-06-14,DAX,^GDAXI,Yahoo Finance,13304.3896484375
2022-06-15,DAX,^GDAXI,Yahoo Finance,13485.2900390625
2022-06-16,DAX,^GDAXI,Yahoo Finance,13038.490234375
2022-06-17,DAX,^GDAXI,Yahoo Finance,13126.259765625
2022-06-20,DAX,^GDAXI,Yahoo Finance,13265.599609375
2022-06-21,DAX,^GDAXI,Yahoo Finance,13292.400390625
2022-06-22,DAX,^GDAXI,Yahoo Finance,13144.2802734375
2022-06-23,DAX,^GDAXI,Yahoo Finance,12912.58984375
2022-06-24,DAX,^GDAXI,Yahoo Finance,13118.1298828125
2022-06-27,DAX,^GDAXI,Yahoo Finance,13186.0703125
2022-06-28,DAX,^GDAXI,Yahoo Finance,13231.8203125
2022-06-29,DAX,^GDAXI,Yahoo Finance,13003.349609375
2022-06-30,DAX,^GDAXI,Yahoo Finance,12783.76953125
2022-07-01,DAX,^GDAXI,Yahoo Finance,12813.0302734375
2022-07-04,DAX,^GDAXI,Yahoo Finance,12773.3798828125
2022-07-05,DAX,^GDAXI,Yahoo Finance,12401.2001953125
2022-07-06,DAX,^GDAXI,Yahoo Finance,12594.51953125
2022-07-07,DAX,^GDAXI,Yahoo Finance,12843.2197265625
2022-07-08,DAX,^GDAXI,Yahoo Finance,13015.23046875
2022-07-11,DAX,^GDAXI,Yahoo Finance,12832.4404296875
2022-07-12,DAX,^GDAXI,Yahoo Finance,12905.48046875
2022-07-13,DAX,^GDAXI,Yahoo Finance,12756.3203125
2022-07-14,DAX,^GDAXI,Yahoo Finance,12519.66015625
2022-07-15,DAX,^GDAXI,Yahoo Finance,12864.7197265625
2022-07-18,DAX,^GDAXI,Yahoo Finance,12959.8095703125
2022-07-19,DAX,^GDAXI,Yahoo Finance,13308.41015625
2022-07-20,DAX,^GDAXI,Yahoo Finance,13281.98046875
2022-07-21,DAX,^GDAXI,Yahoo Finance,13246.6396484375
2022-07-22,DAX,^GDAXI,Yahoo Finance,13253.6796875
2022-07-25,DAX,^GDAXI,Yahoo Finance,13210.3203125
2022-07-26,DAX,^GDAXI,Yahoo Finance,13096.9296875
2022-07-27,DAX,^GDAXI,Yahoo Finance,13166.3798828125
2022-07-28,DAX,^GDAXI,Yahoo Finance,13282.1103515625
2022-07-29,DAX,^GDAXI,Yahoo Finance,13484.0498046875
2022-08-01,DAX,^GDAXI,Yahoo Finance,13479.6298828125
2022-08-02,DAX,^GDAXI,Yahoo Finance,13449.2001953125
2022-08-03,DAX,^GDAXI,Yahoo Finance,13587.5595703125
2022-08-04,DAX,^GDAXI,Yahoo Finance,13662.6796875
2022-08-05,DAX,^GDAXI,Yahoo Finance,13573.9296875
2022-08-08,DAX,^GDAXI,Yahoo Finance,13687.6904296875
2022-08-09,DAX,^GDAXI,Yahoo Finance,13534.9697265625
2022-08-10,DAX,^GDAXI,Yahoo Finance,13700.9296875
2022-08-11,DAX,^GDAXI,Yahoo Finance,13694.509765625
2022-08-12,DAX,^GDAXI,Yahoo Finance,13795.849609375
2022-08-15,DAX,^GDAXI,Yahoo Finance,13816.6103515625
2022-08-16,DAX,^GDAXI,Yahoo Finance,13910.1201171875
2022-08-17,DAX,^GDAXI,Yahoo Finance,13626.7099609375
2022-08-18,DAX,^GDAXI,Yahoo Finance,13697.41015625
2022-08-19,DAX,^GDAXI,Yahoo Finance,13544.51953125
2022-08-22,DAX,^GDAXI,Yahoo Finance,13230.5703125
2022-08-23,DAX,^GDAXI,Yahoo Finance,13194.23046875
2022-08-24,DAX,^GDAXI,Yahoo Finance,13220.0595703125
2022-08-25,DAX,^GDAXI,Yahoo Finance,13271.9599609375
2022-08-26,DAX,^GDAXI,Yahoo Finance,12971.4697265625
2022-08-29,DAX,^GDAXI,Yahoo Finance,12892.990234375
2022-08-30,DAX,^GDAXI,Yahoo Finance,12961.1396484375
2022-08-31,DAX,^GDAXI,Yahoo Finance,12834.9599609375
2022-09-01,DAX,^GDAXI,Yahoo Finance,12630.23046875
2022-09-02,DAX,^GDAXI,Yahoo Finance,13050.26953125
2022-09-05,DAX,^GDAXI,Yahoo Finance,12760.7802734375
2022-09-06,DAX,^GDAXI,Yahoo Finance,12871.4404296875
2022-09-07,DAX,^GDAXI,Yahoo Finance,12915.9697265625
2022-09-08,DAX,^GDAXI,Yahoo Finance,12904.3203125
2022-09-09,DAX,^GDAXI,Yahoo Finance,13088.2099609375
2022-09-12,DAX,^GDAXI,Yahoo Finance,13402.26953125
2022-09-13,DAX,^GDAXI,Yahoo Finance,13188.9501953125
2022-09-14,DAX,^GDAXI,Yahoo Finance,13028.0
2022-09-15,DAX,^GDAXI,Yahoo Finance,12956.66015625
2022-09-16,DAX,^GDAXI,Yahoo Finance,12741.259765625
2022-09-19,DAX,^GDAXI,Yahoo Finance,12803.240234375
2022-09-20,DAX,^GDAXI,Yahoo Finance,12670.830078125
2022-09-21,DAX,^GDAXI,Yahoo Finance,12767.150390625
2022-09-22,DAX,^GDAXI,Yahoo Finance,12531.6298828125
2022-09-23,DAX,^GDAXI,Yahoo Finance,12284.1904296875
2022-09-26,DAX,^GDAXI,Yahoo Finance,12227.919921875
2022-09-27,DAX,^GDAXI,Yahoo Finance,12139.6796875
2022-09-28,DAX,^GDAXI,Yahoo Finance,12183.2802734375
2022-09-29,DAX,^GDAXI,Yahoo Finance,11975.5498046875
2022-09-30,DAX,^GDAXI,Yahoo Finance,12114.3603515625
2022-10-03,DAX,^GDAXI,Yahoo Finance,12209.48046875
2022-10-04,DAX,^GDAXI,Yahoo Finance,12670.48046875
2022-10-05,DAX,^GDAXI,Yahoo Finance,12517.1796875
2022-10-06,DAX,^GDAXI,Yahoo Finance,12470.7802734375
2022-10-07,DAX,^GDAXI,Yahoo Finance,12273.0
2022-10-10,DAX,^GDAXI,Yahoo Finance,12272.9404296875
2022-10-11,DAX,^GDAXI,Yahoo Finance,12220.25
2022-10-12,DAX,^GDAXI,Yahoo Finance,12172.259765625
2022-10-13,DAX,^GDAXI,Yahoo Finance,12355.580078125
2022-10-14,DAX,^GDAXI,Yahoo Finance,12437.8095703125
2022-10-17,DAX,^GDAXI,Yahoo Finance,12649.0302734375
2022-10-18,DAX,^GDAXI,Yahoo Finance,12765.6103515625
2022-10-19,DAX,^GDAXI,Yahoo Finance,12741.41015625
2022-10-20,DAX,^GDAXI,Yahoo Finance,12767.41015625
2022-10-21,DAX,^GDAXI,Yahoo Finance,12730.900390625
2022-10-24,DAX,^GDAXI,Yahoo Finance,12931.4501953125
2022-10-25,DAX,^GDAXI,Yahoo Finance,13052.9599609375
2022-10-26,DAX,^GDAXI,Yahoo Finance,13195.8095703125
2022-10-27,DAX,^GDAXI,Yahoo Finance,13211.23046875
2022-10-28,DAX,^GDAXI,Yahoo Finance,13243.330078125
2022-10-31,DAX,^GDAXI,Yahoo Finance,13253.740234375
2022-11-01,DAX,^GDAXI,Yahoo Finance,13338.740234375
2022-11-02,DAX,^GDAXI,Yahoo Finance,13256.740234375
2022-11-03,DAX,^GDAXI,Yahoo Finance,13130.1904296875
2022-11-04,DAX,^GDAXI,Yahoo Finance,13459.849609375
2022-11-07,DAX,^GDAXI,Yahoo Finance,13533.51953125
2022-11-08,DAX,^GDAXI,Yahoo Finance,13688.75
2022-11-09,DAX,^GDAXI,Yahoo Finance,13666.3203125
2022-11-10,DAX,^GDAXI,Yahoo Finance,14146.08984375
2022-11-11,DAX,^GDAXI,Yahoo Finance,14224.8603515625
2022-11-14,DAX,^GDAXI,Yahoo Finance,14313.2998046875
2022-11-15,DAX,^GDAXI,Yahoo Finance,14378.509765625
2022-11-16,DAX,^GDAXI,Yahoo Finance,14234.0302734375
2022-11-17,DAX,^GDAXI,Yahoo Finance,14266.3798828125
2022-11-18,DAX,^GDAXI,Yahoo Finance,14431.8603515625
2022-11-21,DAX,^GDAXI,Yahoo Finance,14379.9296875
2022-11-22,DAX,^GDAXI,Yahoo Finance,14422.349609375
2022-11-23,DAX,^GDAXI,Yahoo Finance,14427.58984375
2022-11-24,DAX,^GDAXI,Yahoo Finance,14539.5595703125
2022-11-25,DAX,^GDAXI,Yahoo Finance,14541.3798828125
2022-11-28,DAX,^GDAXI,Yahoo Finance,14383.3603515625
2022-11-29,DAX,^GDAXI,Yahoo Finance,14355.4501953125
2022-11-30,DAX,^GDAXI,Yahoo Finance,14397.0400390625
2022-12-01,DAX,^GDAXI,Yahoo Finance,14490.2998046875
2022-12-02,DAX,^GDAXI,Yahoo Finance,14529.3896484375
2022-12-05,DAX,^GDAXI,Yahoo Finance,14447.6103515625
2022-12-06,DAX,^GDAXI,Yahoo Finance,14343.1904296875
2022-12-07,DAX,^GDAXI,Yahoo Finance,14261.1904296875
2022-12-08,DAX,^GDAXI,Yahoo Finance,14264.5595703125
2022-12-09,DAX,^GDAXI,Yahoo Finance,14370.7197265625
2022-12-12,DAX,^GDAXI,Yahoo Finance,14306.6298828125
2022-12-13,DAX,^GDAXI,Yahoo Finance,14497.8896484375
2022-12-14,DAX,^GDAXI,Yahoo Finance,14460.2001953125
2022-12-15,DAX,^GDAXI,Yahoo Finance,13986.23046875
2022-12-16,DAX,^GDAXI,Yahoo Finance,13893.0703125
2022-12-19,DAX,^GDAXI,Yahoo Finance,13942.8701171875
2022-12-20,DAX,^GDAXI,Yahoo Finance,13884.66015625
2022-12-21,DAX,^GDAXI,Yahoo Finance,14097.8203125
2022-12-22,DAX,^GDAXI,Yahoo Finance,13914.0703125
2022-12-23,DAX,^GDAXI,Yahoo Finance,13940.9296875
2022-12-27,DAX,^GDAXI,Yahoo Finance,13995.099609375
2022-12-28,DAX,^GDAXI,Yahoo Finance,13925.599609375
2022-12-29,DAX,^GDAXI,Yahoo Finance,14071.7197265625
2022-12-30,DAX,^GDAXI,Yahoo Finance,13923.58984375
2023-01-02,DAX,^GDAXI,Yahoo Finance,14069.259765625
2023-01-03,DAX,^GDAXI,Yahoo Finance,14181.669921875
2023-01-04,DAX,^GDAXI,Yahoo Finance,14490.7802734375
2023-01-05,DAX,^GDAXI,Yahoo Finance,14436.3095703125
2023-01-06,DAX,^GDAXI,Yahoo Finance,14610.01953125
2023-01-09,DAX,^GDAXI,Yahoo Finance,14792.830078125
2023-01-10,DAX,^GDAXI,Yahoo Finance,14774.599609375
2023-01-11,DAX,^GDAXI,Yahoo Finance,14947.91015625
2023-01-12,DAX,^GDAXI,Yahoo Finance,15058.2998046875
2023-01-13,DAX,^GDAXI,Yahoo Finance,15086.51953125
2023-01-16,DAX,^GDAXI,Yahoo Finance,15134.0400390625
2023-01-17,DAX,^GDAXI,Yahoo Finance,15187.0703125
2023-01-18,DAX,^GDAXI,Yahoo Finance,15181.7998046875
2023-01-19,DAX,^GDAXI,Yahoo Finance,14920.3603515625
2023-01-20,DAX,^GDAXI,Yahoo Finance,15033.5595703125
2023-01-23,DAX,^GDAXI,Yahoo Finance,15102.9501953125
2023-01-24,DAX,^GDAXI,Yahoo Finance,15093.1103515625
2023-01-25,DAX,^GDAXI,Yahoo Finance,15081.6396484375
2023-01-26,DAX,^GDAXI,Yahoo Finance,15132.849609375
2023-01-27,DAX,^GDAXI,Yahoo Finance,15150.0302734375
2023-01-30,DAX,^GDAXI,Yahoo Finance,15126.080078125
2023-01-31,DAX,^GDAXI,Yahoo Finance,15128.26953125
2023-02-01,DAX,^GDAXI,Yahoo Finance,15180.740234375
2023-02-02,DAX,^GDAXI,Yahoo Finance,15509.1904296875
2023-02-03,DAX,^GDAXI,Yahoo Finance,15476.4296875
2023-02-06,DAX,^GDAXI,Yahoo Finance,15345.91015625
2023-02-07,DAX,^GDAXI,Yahoo Finance,15320.8798828125
2023-02-08,DAX,^GDAXI,Yahoo Finance,15412.0498046875
2023-02-09,DAX,^GDAXI,Yahoo Finance,15523.419921875
2023-02-10,DAX,^GDAXI,Yahoo Finance,15307.98046875
2023-02-13,DAX,^GDAXI,Yahoo Finance,15397.33984375
2023-02-14,DAX,^GDAXI,Yahoo Finance,15380.5595703125
2023-02-15,DAX,^GDAXI,Yahoo Finance,15506.33984375
2023-02-16,DAX,^GDAXI,Yahoo Finance,15533.6396484375
2023-02-17,DAX,^GDAXI,Yahoo Finance,15482.0
2023-02-20,DAX,^GDAXI,Yahoo Finance,15477.5498046875
2023-02-21,DAX,^GDAXI,Yahoo Finance,15397.6201171875
2023-02-22,DAX,^GDAXI,Yahoo Finance,15399.8896484375
2023-02-23,DAX,^GDAXI,Yahoo Finance,15475.6904296875
2023-02-24,DAX,^GDAXI,Yahoo Finance,15209.740234375
2023-02-27,DAX,^GDAXI,Yahoo Finance,15381.4296875
2023-02-28,DAX,^GDAXI,Yahoo Finance,15365.1396484375
2023-03-01,DAX,^GDAXI,Yahoo Finance,15305.01953125
2023-03-02,DAX,^GDAXI,Yahoo Finance,15327.6396484375
2023-03-03,DAX,^GDAXI,Yahoo Finance,15578.3896484375
2023-03-06,DAX,^GDAXI,Yahoo Finance,15653.580078125
2023-03-07,DAX,^GDAXI,Yahoo Finance,15559.5302734375
2023-03-08,DAX,^GDAXI,Yahoo Finance,15631.8701171875
2023-03-09,DAX,^GDAXI,Yahoo Finance,15633.2099609375
2023-03-10,DAX,^GDAXI,Yahoo Finance,15427.9697265625
2023-03-13,DAX,^GDAXI,Yahoo Finance,14959.4697265625
2023-03-14,DAX,^GDAXI,Yahoo Finance,15232.830078125
2023-03-15,DAX,^GDAXI,Yahoo Finance,14735.259765625
2023-03-16,DAX,^GDAXI,Yahoo Finance,14967.099609375
2023-03-17,DAX,^GDAXI,Yahoo Finance,14768.2001953125
2023-03-20,DAX,^GDAXI,Yahoo Finance,14933.3798828125
2023-03-21,DAX,^GDAXI,Yahoo Finance,15195.33984375
2023-03-22,DAX,^GDAXI,Yahoo Finance,15216.1904296875
2023-03-23,DAX,^GDAXI,Yahoo Finance,15210.3896484375
2023-03-24,DAX,^GDAXI,Yahoo Finance,14957.23046875
2023-03-27,DAX,^GDAXI,Yahoo Finance,15127.6796875
2023-03-28,DAX,^GDAXI,Yahoo Finance,15142.01953125
2023-03-29,DAX,^GDAXI,Yahoo Finance,15328.7802734375
2023-03-30,DAX,^GDAXI,Yahoo Finance,15522.400390625
2023-03-31,DAX,^GDAXI,Yahoo Finance,15628.83984375
2023-04-03,DAX,^GDAXI,Yahoo Finance,15580.919921875
2023-04-04,DAX,^GDAXI,Yahoo Finance,15603.4697265625
2023-04-05,DAX,^GDAXI,Yahoo Finance,15520.169921875
2023-04-06,DAX,^GDAXI,Yahoo Finance,15597.8896484375
2023-04-11,DAX,^GDAXI,Yahoo Finance,15655.169921875
2023-04-12,DAX,^GDAXI,Yahoo Finance,15703.599609375
2023-04-13,DAX,^GDAXI,Yahoo Finance,15729.4599609375
2023-04-14,DAX,^GDAXI,Yahoo Finance,15807.5
2023-04-17,DAX,^GDAXI,Yahoo Finance,15789.5302734375
2023-04-18,DAX,^GDAXI,Yahoo Finance,15882.669921875
2023-04-19,DAX,^GDAXI,Yahoo Finance,15895.2001953125
2023-04-20,DAX,^GDAXI,Yahoo Finance,15795.9697265625
2023-04-21,DAX,^GDAXI,Yahoo Finance,15881.66015625
2023-04-24,DAX,^GDAXI,Yahoo Finance,15863.9501953125
2023-04-25,DAX,^GDAXI,Yahoo Finance,15872.1298828125
2023-04-26,DAX,^GDAXI,Yahoo Finance,15795.73046875
2023-04-27,DAX,^GDAXI,Yahoo Finance,15800.4501953125
2023-04-28,DAX,^GDAXI,Yahoo Finance,15922.3798828125
2023-05-02,DAX,^GDAXI,Yahoo Finance,15726.9404296875
2023-05-03,DAX,^GDAXI,Yahoo Finance,15815.0595703125
2023-05-04,DAX,^GDAXI,Yahoo Finance,15734.240234375
2023-05-05,DAX,^GDAXI,Yahoo Finance,15961.01953125
2023-05-08,DAX,^GDAXI,Yahoo Finance,15952.830078125
2023-05-09,DAX,^GDAXI,Yahoo Finance,15955.48046875
2023-05-10,DAX,^GDAXI,Yahoo Finance,15896.23046875
2023-05-11,DAX,^GDAXI,Yahoo Finance,15834.91015625
2023-05-12,DAX,^GDAXI,Yahoo Finance,15913.8203125
2023-05-15,DAX,^GDAXI,Yahoo Finance,15917.240234375
2023-05-16,DAX,^GDAXI,Yahoo Finance,15897.9296875
2023-05-17,DAX,^GDAXI,Yahoo Finance,15951.2998046875
2023-05-18,DAX,^GDAXI,Yahoo Finance,16163.3603515625
2023-05-19,DAX,^GDAXI,Yahoo Finance,16275.3798828125
2023-05-22,DAX,^GDAXI,Yahoo Finance,16223.990234375
2023-05-23,DAX,^GDAXI,Yahoo Finance,16152.8603515625
2023-05-24,DAX,^GDAXI,Yahoo Finance,15842.1298828125
2023-05-25,DAX,^GDAXI,Yahoo Finance,15793.7998046875
2023-05-26,DAX,^GDAXI,Yahoo Finance,15983.9697265625
2023-05-29,DAX,^GDAXI,Yahoo Finance,15952.73046875
2023-05-30,DAX,^GDAXI,Yahoo Finance,15908.91015625
2023-05-31,DAX,^GDAXI,Yahoo Finance,15664.01953125
2023-06-01,DAX,^GDAXI,Yahoo Finance,15853.66015625
2023-06-02,DAX,^GDAXI,Yahoo Finance,16051.23046875
2023-06-05,DAX,^GDAXI,Yahoo Finance,15963.8896484375
2023-06-06,DAX,^GDAXI,Yahoo Finance,15992.4404296875
2023-06-07,DAX,^GDAXI,Yahoo Finance,15960.5595703125
2023-06-08,DAX,^GDAXI,Yahoo Finance,15989.9599609375
2023-06-09,DAX,^GDAXI,Yahoo Finance,15949.83984375
2023-06-12,DAX,^GDAXI,Yahoo Finance,16097.8701171875
2023-06-13,DAX,^GDAXI,Yahoo Finance,16230.6796875
2023-06-14,DAX,^GDAXI,Yahoo Finance,16310.7900390625
2023-06-15,DAX,^GDAXI,Yahoo Finance,16290.1201171875
2023-06-16,DAX,^GDAXI,Yahoo Finance,16357.6298828125
2023-06-19,DAX,^GDAXI,Yahoo Finance,16201.2001953125
2023-06-20,DAX,^GDAXI,Yahoo Finance,16111.3203125
2023-06-21,DAX,^GDAXI,Yahoo Finance,16023.1298828125
2023-06-22,DAX,^GDAXI,Yahoo Finance,15988.16015625
2023-06-23,DAX,^GDAXI,Yahoo Finance,15829.9404296875
2023-06-26,DAX,^GDAXI,Yahoo Finance,15813.0595703125
2023-06-27,DAX,^GDAXI,Yahoo Finance,15846.8603515625
2023-06-28,DAX,^GDAXI,Yahoo Finance,15949.0
2023-06-29,DAX,^GDAXI,Yahoo Finance,15946.7197265625
2023-06-30,DAX,^GDAXI,Yahoo Finance,16147.900390625
2023-07-03,DAX,^GDAXI,Yahoo Finance,16081.0400390625
2023-07-04,DAX,^GDAXI,Yahoo Finance,16039.169921875
2023-07-05,DAX,^GDAXI,Yahoo Finance,15937.580078125
2023-07-06,DAX,^GDAXI,Yahoo Finance,15528.5400390625
2023-07-07,DAX,^GDAXI,Yahoo Finance,15603.400390625
2023-07-10,DAX,^GDAXI,Yahoo Finance,15673.16015625
2023-07-11,DAX,^GDAXI,Yahoo Finance,15790.33984375
2023-07-12,DAX,^GDAXI,Yahoo Finance,16023.0
2023-07-13,DAX,^GDAXI,Yahoo Finance,16141.0302734375
2023-07-14,DAX,^GDAXI,Yahoo Finance,16105.0703125
2023-07-17,DAX,^GDAXI,Yahoo Finance,16068.650390625
2023-07-18,DAX,^GDAXI,Yahoo Finance,16125.490234375
2023-07-19,DAX,^GDAXI,Yahoo Finance,16108.9296875
2023-07-20,DAX,^GDAXI,Yahoo Finance,16204.2197265625
2023-07-21,DAX,^GDAXI,Yahoo Finance,16177.2197265625
2023-07-24,DAX,^GDAXI,Yahoo Finance,16190.9501953125
2023-07-25,DAX,^GDAXI,Yahoo Finance,16211.58984375
2023-07-26,DAX,^GDAXI,Yahoo Finance,16131.4599609375
2023-07-27,DAX,^GDAXI,Yahoo Finance,16406.029296875
2023-07-28,DAX,^GDAXI,Yahoo Finance,16469.75
2023-07-31,DAX,^GDAXI,Yahoo Finance,16446.830078125
2023-08-01,DAX,^GDAXI,Yahoo Finance,16240.400390625
2023-08-02,DAX,^GDAXI,Yahoo Finance,16020.01953125
2023-08-03,DAX,^GDAXI,Yahoo Finance,15893.3798828125
2023-08-04,DAX,^GDAXI,Yahoo Finance,15951.8603515625
2023-08-07,DAX,^GDAXI,Yahoo Finance,15950.759765625
2023-08-08,DAX,^GDAXI,Yahoo Finance,15774.9296875
2023-08-09,DAX,^GDAXI,Yahoo Finance,15852.580078125
2023-08-10,DAX,^GDAXI,Yahoo Finance,15996.51953125
2023-08-11,DAX,^GDAXI,Yahoo Finance,15832.169921875
2023-08-14,DAX,^GDAXI,Yahoo Finance,15904.25
2023-08-15,DAX,^GDAXI,Yahoo Finance,15767.2802734375
2023-08-16,DAX,^GDAXI,Yahoo Finance,15789.4501953125
2023-08-17,DAX,^GDAXI,Yahoo Finance,15676.900390625
2023-08-18,DAX,^GDAXI,Yahoo Finance,15574.259765625
2023-08-21,DAX,^GDAXI,Yahoo Finance,15603.2802734375
2023-08-22,DAX,^GDAXI,Yahoo Finance,15705.6201171875
2023-08-23,DAX,^GDAXI,Yahoo Finance,15728.41015625
2023-08-24,DAX,^GDAXI,Yahoo Finance,15621.490234375
2023-08-25,DAX,^GDAXI,Yahoo Finance,15631.8203125
2023-08-28,DAX,^GDAXI,Yahoo Finance,15792.6103515625
2023-08-29,DAX,^GDAXI,Yahoo Finance,15930.8798828125
2023-08-30,DAX,^GDAXI,Yahoo Finance,15891.9296875
2023-08-31,DAX,^GDAXI,Yahoo Finance,15947.080078125
2023-09-01,DAX,^GDAXI,Yahoo Finance,15840.33984375
2023-09-04,DAX,^GDAXI,Yahoo Finance,15824.849609375
2023-09-05,DAX,^GDAXI,Yahoo Finance,15771.7099609375
2023-09-06,DAX,^GDAXI,Yahoo Finance,15741.3701171875
2023-09-07,DAX,^GDAXI,Yahoo Finance,15718.66015625
2023-09-08,DAX,^GDAXI,Yahoo Finance,15740.2998046875
2023-09-11,DAX,^GDAXI,Yahoo Finance,15800.990234375
2023-09-12,DAX,^GDAXI,Yahoo Finance,15715.5302734375
2023-09-13,DAX,^GDAXI,Yahoo Finance,15654.0302734375
2023-09-14,DAX,^GDAXI,Yahoo Finance,15805.2900390625
2023-09-15,DAX,^GDAXI,Yahoo Finance,15893.5302734375
2023-09-18,DAX,^GDAXI,Yahoo Finance,15727.1201171875
2023-09-19,DAX,^GDAXI,Yahoo Finance,15664.48046875
2023-09-20,DAX,^GDAXI,Yahoo Finance,15781.58984375
2023-09-21,DAX,^GDAXI,Yahoo Finance,15571.8603515625
2023-09-22,DAX,^GDAXI,Yahoo Finance,15557.2900390625
2023-09-25,DAX,^GDAXI,Yahoo Finance,15405.490234375
2023-09-26,DAX,^GDAXI,Yahoo Finance,15255.8701171875
2023-09-27,DAX,^GDAXI,Yahoo Finance,15217.4501953125
2023-09-28,DAX,^GDAXI,Yahoo Finance,15323.5
2023-09-29,DAX,^GDAXI,Yahoo Finance,15386.580078125
2023-10-02,DAX,^GDAXI,Yahoo Finance,15247.2099609375
2023-10-03,DAX,^GDAXI,Yahoo Finance,15085.2099609375
2023-10-04,DAX,^GDAXI,Yahoo Finance,15099.919921875
2023-10-05,DAX,^GDAXI,Yahoo Finance,15070.2197265625
2023-10-06,DAX,^GDAXI,Yahoo Finance,15229.76953125
2023-10-09,DAX,^GDAXI,Yahoo Finance,15128.1103515625
2023-10-10,DAX,^GDAXI,Yahoo Finance,15423.51953125
2023-10-11,DAX,^GDAXI,Yahoo Finance,15460.009765625
2023-10-12,DAX,^GDAXI,Yahoo Finance,15425.0302734375
2023-10-13,DAX,^GDAXI,Yahoo Finance,15186.66015625
2023-10-16,DAX,^GDAXI,Yahoo Finance,15237.990234375
2023-10-17,DAX,^GDAXI,Yahoo Finance,15251.6904296875
2023-10-18,DAX,^GDAXI,Yahoo Finance,15094.91015625
2023-10-19,DAX,^GDAXI,Yahoo Finance,15045.23046875
2023-10-20,DAX,^GDAXI,Yahoo Finance,14798.4697265625
2023-10-23,DAX,^GDAXI,Yahoo Finance,14800.7197265625
2023-10-24,DAX,^GDAXI,Yahoo Finance,14879.9404296875
2023-10-25,DAX,^GDAXI,Yahoo Finance,14892.1796875
2023-10-26,DAX,^GDAXI,Yahoo Finance,14731.0498046875
2023-10-27,DAX,^GDAXI,Yahoo Finance,14687.41015625
2023-10-30,DAX,^GDAXI,Yahoo Finance,14716.5400390625
2023-10-31,DAX,^GDAXI,Yahoo Finance,14810.33984375
2023-11-01,DAX,^GDAXI,Yahoo Finance,14923.26953125
2023-11-02,DAX,^GDAXI,Yahoo Finance,15143.599609375
2023-11-03,DAX,^GDAXI,Yahoo Finance,15189.25
2023-11-06,DAX,^GDAXI,Yahoo Finance,15135.9697265625
2023-11-07,DAX,^GDAXI,Yahoo Finance,15152.6396484375
2023-11-08,DAX,^GDAXI,Yahoo Finance,15229.599609375
2023-11-09,DAX,^GDAXI,Yahoo Finance,15352.5400390625
2023-11-10,DAX,^GDAXI,Yahoo Finance,15234.3896484375
2023-11-13,DAX,^GDAXI,Yahoo Finance,15345.0
2023-11-14,DAX,^GDAXI,Yahoo Finance,15614.4296875
2023-11-15,DAX,^GDAXI,Yahoo Finance,15748.169921875
2023-11-16,DAX,^GDAXI,Yahoo Finance,15786.6103515625
2023-11-17,DAX,^GDAXI,Yahoo Finance,15919.16015625
2023-11-20,DAX,^GDAXI,Yahoo Finance,15901.330078125
2023-11-21,DAX,^GDAXI,Yahoo Finance,15900.5302734375
2023-11-22,DAX,^GDAXI,Yahoo Finance,15957.8203125
2023-11-23,DAX,^GDAXI,Yahoo Finance,15994.73046875
2023-11-24,DAX,^GDAXI,Yahoo Finance,16029.490234375
2023-11-27,DAX,^GDAXI,Yahoo Finance,15966.3701171875
2023-11-28,DAX,^GDAXI,Yahoo Finance,15992.669921875
2023-11-29,DAX,^GDAXI,Yahoo Finance,16166.4501953125
2023-11-30,DAX,^GDAXI,Yahoo Finance,16215.4296875
2023-12-01,DAX,^GDAXI,Yahoo Finance,16397.51953125
2023-12-04,DAX,^GDAXI,Yahoo Finance,16404.759765625
2023-12-05,DAX,^GDAXI,Yahoo Finance,16533.109375
2023-12-06,DAX,^GDAXI,Yahoo Finance,16656.439453125
2023-12-07,DAX,^GDAXI,Yahoo Finance,16628.990234375
2023-12-08,DAX,^GDAXI,Yahoo Finance,16759.220703125
2023-12-11,DAX,^GDAXI,Yahoo Finance,16794.4296875
2023-12-12,DAX,^GDAXI,Yahoo Finance,16791.740234375
2023-12-13,DAX,^GDAXI,Yahoo Finance,16766.05078125
2023-12-14,DAX,^GDAXI,Yahoo Finance,16752.23046875
2023-12-15,DAX,^GDAXI,Yahoo Finance,16751.439453125
2023-12-18,DAX,^GDAXI,Yahoo Finance,16650.55078125
2023-12-19,DAX,^GDAXI,Yahoo Finance,16744.41015625
2023-12-20,DAX,^GDAXI,Yahoo Finance,16733.05078125
2023-12-21,DAX,^GDAXI,Yahoo Finance,16687.419921875
2023-12-22,DAX,^GDAXI,Yahoo Finance,16706.1796875
2023-12-27,DAX,^GDAXI,Yahoo Finance,16742.0703125
2023-12-28,DAX,^GDAXI,Yahoo Finance,16701.55078125
2023-12-29,DAX,^GDAXI,Yahoo Finance,16751.640625
2021-01-04,CAC_40,^FCHI,Yahoo Finance,5588.9599609375
2021-01-05,CAC_40,^FCHI,Yahoo Finance,5564.60009765625
2021-01-06,CAC_40,^FCHI,Yahoo Finance,5630.60009765625
2021-01-07,CAC_40,^FCHI,Yahoo Finance,5669.85009765625
2021-01-08,CAC_40,^FCHI,Yahoo Finance,5706.8798828125
2021-01-11,CAC_40,^FCHI,Yahoo Finance,5662.43017578125
2021-01-12,CAC_40,^FCHI,Yahoo Finance,5650.97021484375
2021-01-13,CAC_40,^FCHI,Yahoo Finance,5662.669921875
2021-01-14,CAC_40,^FCHI,Yahoo Finance,5681.14013671875
2021-01-15,CAC_40,^FCHI,Yahoo Finance,5611.68994140625
2021-01-18,CAC_40,^FCHI,Yahoo Finance,5617.27001953125
2021-01-19,CAC_40,^FCHI,Yahoo Finance,5598.60986328125
2021-01-20,CAC_40,^FCHI,Yahoo Finance,5628.43994140625
2021-01-21,CAC_40,^FCHI,Yahoo Finance,5590.7900390625
2021-01-22,CAC_40,^FCHI,Yahoo Finance,5559.56982421875
2021-01-25,CAC_40,^FCHI,Yahoo Finance,5472.35986328125
2021-01-26,CAC_40,^FCHI,Yahoo Finance,5523.52001953125
2021-01-27,CAC_40,^FCHI,Yahoo Finance,5459.6201171875
2021-01-28,CAC_40,^FCHI,Yahoo Finance,5510.52001953125
2021-01-29,CAC_40,^FCHI,Yahoo Finance,5399.2099609375
2021-02-01,CAC_40,^FCHI,Yahoo Finance,5461.68017578125
2021-02-02,CAC_40,^FCHI,Yahoo Finance,5563.10986328125
2021-02-03,CAC_40,^FCHI,Yahoo Finance,5563.0498046875
2021-02-04,CAC_40,^FCHI,Yahoo Finance,5608.5400390625
2021-02-05,CAC_40,^FCHI,Yahoo Finance,5659.259765625
2021-02-08,CAC_40,^FCHI,Yahoo Finance,5686.02978515625
2021-02-09,CAC_40,^FCHI,Yahoo Finance,5691.5400390625
2021-02-10,CAC_40,^FCHI,Yahoo Finance,5670.7998046875
2021-02-11,CAC_40,^FCHI,Yahoo Finance,5669.81982421875
2021-02-12,CAC_40,^FCHI,Yahoo Finance,5703.669921875
2021-02-15,CAC_40,^FCHI,Yahoo Finance,5786.25
2021-02-16,CAC_40,^FCHI,Yahoo Finance,5786.52978515625
2021-02-17,CAC_40,^FCHI,Yahoo Finance,5765.83984375
2021-02-18,CAC_40,^FCHI,Yahoo Finance,5728.330078125
2021-02-19,CAC_40,^FCHI,Yahoo Finance,5773.5498046875
2021-02-22,CAC_40,^FCHI,Yahoo Finance,5767.43994140625
2021-02-23,CAC_40,^FCHI,Yahoo Finance,5779.83984375
2021-02-24,CAC_40,^FCHI,Yahoo Finance,5797.97998046875
2021-02-25,CAC_40,^FCHI,Yahoo Finance,5783.89013671875
2021-02-26,CAC_40,^FCHI,Yahoo Finance,5703.22021484375
2021-03-01,CAC_40,^FCHI,Yahoo Finance,5792.7900390625
2021-03-02,CAC_40,^FCHI,Yahoo Finance,5809.72998046875
2021-03-03,CAC_40,^FCHI,Yahoo Finance,5830.06005859375
2021-03-04,CAC_40,^FCHI,Yahoo Finance,5830.64990234375
2021-03-05,CAC_40,^FCHI,Yahoo Finance,5782.64990234375
2021-03-08,CAC_40,^FCHI,Yahoo Finance,5902.990234375
2021-03-09,CAC_40,^FCHI,Yahoo Finance,5924.97021484375
2021-03-10,CAC_40,^FCHI,Yahoo Finance,5990.5498046875
2021-03-11,CAC_40,^FCHI,Yahoo Finance,6033.759765625
2021-03-12,CAC_40,^FCHI,Yahoo Finance,6046.5498046875
2021-03-15,CAC_40,^FCHI,Yahoo Finance,6035.97021484375
2021-03-16,CAC_40,^FCHI,Yahoo Finance,6055.43017578125
2021-03-17,CAC_40,^FCHI,Yahoo Finance,6054.81982421875
2021-03-18,CAC_40,^FCHI,Yahoo Finance,6062.7900390625
2021-03-19,CAC_40,^FCHI,Yahoo Finance,5997.9599609375
2021-03-22,CAC_40,^FCHI,Yahoo Finance,5968.47998046875
2021-03-23,CAC_40,^FCHI,Yahoo Finance,5945.2998046875
2021-03-24,CAC_40,^FCHI,Yahoo Finance,5947.2900390625
2021-03-25,CAC_40,^FCHI,Yahoo Finance,5952.41015625
2021-03-26,CAC_40,^FCHI,Yahoo Finance,5988.81005859375
2021-03-29,CAC_40,^FCHI,Yahoo Finance,6015.509765625
2021-03-30,CAC_40,^FCHI,Yahoo Finance,6088.0400390625
2021-03-31,CAC_40,^FCHI,Yahoo Finance,6067.22998046875
2021-04-01,CAC_40,^FCHI,Yahoo Finance,6102.9599609375
2021-04-06,CAC_40,^FCHI,Yahoo Finance,6131.33984375
2021-04-07,CAC_40,^FCHI,Yahoo Finance,6130.66015625
2021-04-08,CAC_40,^FCHI,Yahoo Finance,6165.72021484375
2021-04-09,CAC_40,^FCHI,Yahoo Finance,6169.41015625
2021-04-12,CAC_40,^FCHI,Yahoo Finance,6161.68017578125
2021-04-13,CAC_40,^FCHI,Yahoo Finance,6184.10009765625
2021-04-14,CAC_40,^FCHI,Yahoo Finance,6208.580078125
2021-04-15,CAC_40,^FCHI,Yahoo Finance,6234.14013671875
2021-04-16,CAC_40,^FCHI,Yahoo Finance,6287.06982421875
2021-04-19,CAC_40,^FCHI,Yahoo Finance,6296.68994140625
2021-04-20,CAC_40,^FCHI,Yahoo Finance,6165.10986328125
2021-04-21,CAC_40,^FCHI,Yahoo Finance,6210.5498046875
2021-04-22,CAC_40,^FCHI,Yahoo Finance,6267.27978515625
2021-04-23,CAC_40,^FCHI,Yahoo Finance,6257.93994140625
2021-04-26,CAC_40,^FCHI,Yahoo Finance,6275.52001953125
2021-04-27,CAC_40,^FCHI,Yahoo Finance,6273.759765625
2021-04-28,CAC_40,^FCHI,Yahoo Finance,6306.97998046875
2021-04-29,CAC_40,^FCHI,Yahoo Finance,6302.56982421875
2021-04-30,CAC_40,^FCHI,Yahoo Finance,6269.47998046875
2021-05-03,CAC_40,^FCHI,Yahoo Finance,6307.89990234375
2021-05-04,CAC_40,^FCHI,Yahoo Finance,6251.75
2021-05-05,CAC_40,^FCHI,Yahoo Finance,6339.47021484375
2021-05-06,CAC_40,^FCHI,Yahoo Finance,6357.08984375
2021-05-07,CAC_40,^FCHI,Yahoo Finance,6385.509765625
2021-05-10,CAC_40,^FCHI,Yahoo Finance,6385.990234375
2021-05-11,CAC_40,^FCHI,Yahoo Finance,6267.39013671875
2021-05-12,CAC_40,^FCHI,Yahoo Finance,6279.35009765625
2021-05-13,CAC_40,^FCHI,Yahoo Finance,6288.330078125
2021-05-14,CAC_40,^FCHI,Yahoo Finance,6385.14013671875
2021-05-17,CAC_40,^FCHI,Yahoo Finance,6367.35009765625
2021-05-18,CAC_40,^FCHI,Yahoo Finance,6353.669921875
2021-05-19,CAC_40,^FCHI,Yahoo Finance,6262.5498046875
2021-05-20,CAC_40,^FCHI,Yahoo Finance,6343.580078125
2021-05-21,CAC_40,^FCHI,Yahoo Finance,6386.41015625
2021-05-24,CAC_40,^FCHI,Yahoo Finance,6408.490234375
2021-05-25,CAC_40,^FCHI,Yahoo Finance,6390.27001953125
2021-05-26,CAC_40,^FCHI,Yahoo Finance,6391.60009765625
2021-05-27,CAC_40,^FCHI,Yahoo Finance,6435.7099609375
2021-05-28,CAC_40,^FCHI,Yahoo Finance,6484.10986328125
2021-05-31,CAC_40,^FCHI,Yahoo Finance,6447.169921875
2021-06-01,CAC_40,^FCHI,Yahoo Finance,6489.39990234375
2021-06-02,CAC_40,^FCHI,Yahoo Finance,6521.52001953125
2021-06-03,CAC_40,^FCHI,Yahoo Finance,6507.919921875
2021-06-04,CAC_40,^FCHI,Yahoo Finance,6515.66015625
2021-06-07,CAC_40,^FCHI,Yahoo Finance,6543.56005859375
2021-06-08,CAC_40,^FCHI,Yahoo Finance,6551.009765625
2021-06-09,CAC_40,^FCHI,Yahoo Finance,6563.4501953125
2021-06-10,CAC_40,^FCHI,Yahoo Finance,6546.490234375
2021-06-11,CAC_40,^FCHI,Yahoo Finance,6600.66015625
2021-06-14,CAC_40,^FCHI,Yahoo Finance,6616.35009765625
2021-06-15,CAC_40,^FCHI,Yahoo Finance,6639.52001953125
2021-06-16,CAC_40,^FCHI,Yahoo Finance,6652.64990234375
2021-06-17,CAC_40,^FCHI,Yahoo Finance,6666.259765625
2021-06-18,CAC_40,^FCHI,Yahoo Finance,6569.16015625
2021-06-21,CAC_40,^FCHI,Yahoo Finance,6602.5400390625
2021-06-22,CAC_40,^FCHI,Yahoo Finance,6611.5
2021-06-23,CAC_40,^FCHI,Yahoo Finance,6551.06982421875
2021-06-24,CAC_40,^FCHI,Yahoo Finance,6631.14990234375
2021-06-25,CAC_40,^FCHI,Yahoo Finance,6622.8701171875
2021-06-28,CAC_40,^FCHI,Yahoo Finance,6558.02001953125
2021-06-29,CAC_40,^FCHI,Yahoo Finance,6567.43017578125
2021-06-30,CAC_40,^FCHI,Yahoo Finance,6507.830078125
2021-07-01,CAC_40,^FCHI,Yahoo Finance,6553.81982421875
2021-07-02,CAC_40,^FCHI,Yahoo Finance,6552.85986328125
2021-07-05,CAC_40,^FCHI,Yahoo Finance,6567.5400390625
2021-07-06,CAC_40,^FCHI,Yahoo Finance,6507.47998046875
2021-07-07,CAC_40,^FCHI,Yahoo Finance,6527.72021484375
2021-07-08,CAC_40,^FCHI,Yahoo Finance,6396.72998046875
2021-07-09,CAC_40,^FCHI,Yahoo Finance,6529.419921875
2021-07-12,CAC_40,^FCHI,Yahoo Finance,6559.25
2021-07-13,CAC_40,^FCHI,Yahoo Finance,6558.47021484375
2021-07-14,CAC_40,^FCHI,Yahoo Finance,6558.3798828125
2021-07-15,CAC_40,^FCHI,Yahoo Finance,6493.35986328125
2021-07-16,CAC_40,^FCHI,Yahoo Finance,6460.080078125
2021-07-19,CAC_40,^FCHI,Yahoo Finance,6295.97021484375
2021-07-20,CAC_40,^FCHI,Yahoo Finance,6346.85009765625
2021-07-21,CAC_40,^FCHI,Yahoo Finance,6464.47998046875
2021-07-22,CAC_40,^FCHI,Yahoo Finance,6481.58984375
2021-07-23,CAC_40,^FCHI,Yahoo Finance,6568.81982421875
2021-07-26,CAC_40,^FCHI,Yahoo Finance,6578.60009765625
2021-07-27,CAC_40,^FCHI,Yahoo Finance,6531.919921875
2021-07-28,CAC_40,^FCHI,Yahoo Finance,6609.31005859375
2021-07-29,CAC_40,^FCHI,Yahoo Finance,6633.77001953125
2021-07-30,CAC_40,^FCHI,Yahoo Finance,6612.759765625
2021-08-02,CAC_40,^FCHI,Yahoo Finance,6675.89990234375
2021-08-03,CAC_40,^FCHI,Yahoo Finance,6723.81005859375
2021-08-04,CAC_40,^FCHI,Yahoo Finance,6746.22998046875
2021-08-05,CAC_40,^FCHI,Yahoo Finance,6781.18994140625
2021-08-06,CAC_40,^FCHI,Yahoo Finance,6816.9599609375
2021-08-09,CAC_40,^FCHI,Yahoo Finance,6813.18017578125
2021-08-10,CAC_40,^FCHI,Yahoo Finance,6820.2099609375
2021-08-11,CAC_40,^FCHI,Yahoo Finance,6857.990234375
2021-08-12,CAC_40,^FCHI,Yahoo Finance,6882.47021484375
2021-08-13,CAC_40,^FCHI,Yahoo Finance,6896.0400390625
2021-08-16,CAC_40,^FCHI,Yahoo Finance,6838.77001953125
2021-08-17,CAC_40,^FCHI,Yahoo Finance,6819.83984375
2021-08-18,CAC_40,^FCHI,Yahoo Finance,6770.10986328125
2021-08-19,CAC_40,^FCHI,Yahoo Finance,6605.89013671875
2021-08-20,CAC_40,^FCHI,Yahoo Finance,6626.10986328125
2021-08-23,CAC_40,^FCHI,Yahoo Finance,6683.10009765625
2021-08-24,CAC_40,^FCHI,Yahoo Finance,6664.31005859375
2021-08-25,CAC_40,^FCHI,Yahoo Finance,6676.47998046875
2021-08-26,CAC_40,^FCHI,Yahoo Finance,6666.02978515625
2021-08-27,CAC_40,^FCHI,Yahoo Finance,6681.919921875
2021-08-30,CAC_40,^FCHI,Yahoo Finance,6687.2998046875
2021-08-31,CAC_40,^FCHI,Yahoo Finance,6680.18017578125
2021-09-01,CAC_40,^FCHI,Yahoo Finance,6758.68994140625
2021-09-02,CAC_40,^FCHI,Yahoo Finance,6763.080078125
2021-09-03,CAC_40,^FCHI,Yahoo Finance,6689.990234375
2021-09-06,CAC_40,^FCHI,Yahoo Finance,6743.5
2021-09-07,CAC_40,^FCHI,Yahoo Finance,6726.06982421875
2021-09-08,CAC_40,^FCHI,Yahoo Finance,6668.89013671875
2021-09-09,CAC_40,^FCHI,Yahoo Finance,6684.72021484375
2021-09-10,CAC_40,^FCHI,Yahoo Finance,6663.77001953125
2021-09-13,CAC_40,^FCHI,Yahoo Finance,6676.93017578125
2021-09-14,CAC_40,^FCHI,Yahoo Finance,6652.97021484375
2021-09-15,CAC_40,^FCHI,Yahoo Finance,6583.6201171875
2021-09-16,CAC_40,^FCHI,Yahoo Finance,6622.58984375
2021-09-17,CAC_40,^FCHI,Yahoo Finance,6570.18994140625
2021-09-20,CAC_40,^FCHI,Yahoo Finance,6455.81005859375
2021-09-21,CAC_40,^FCHI,Yahoo Finance,6552.72998046875
2021-09-22,CAC_40,^FCHI,Yahoo Finance,6637.0
2021-09-23,CAC_40,^FCHI,Yahoo Finance,6701.97998046875
2021-09-24,CAC_40,^FCHI,Yahoo Finance,6638.4599609375
2021-09-27,CAC_40,^FCHI,Yahoo Finance,6650.91015625
2021-09-28,CAC_40,^FCHI,Yahoo Finance,6506.5
2021-09-29,CAC_40,^FCHI,Yahoo Finance,6560.7998046875
2021-09-30,CAC_40,^FCHI,Yahoo Finance,6520.009765625
2021-10-01,CAC_40,^FCHI,Yahoo Finance,6517.68994140625
2021-10-04,CAC_40,^FCHI,Yahoo Finance,6477.66015625
2021-10-05,CAC_40,^FCHI,Yahoo Finance,6576.27978515625
2021-10-06,CAC_40,^FCHI,Yahoo Finance,6493.1201171875
2021-10-07,CAC_40,^FCHI,Yahoo Finance,6600.18994140625
2021-10-08,CAC_40,^FCHI,Yahoo Finance,6559.990234375
2021-10-11,CAC_40,^FCHI,Yahoo Finance,6570.5400390625
2021-10-12,CAC_40,^FCHI,Yahoo Finance,6548.10986328125
2021-10-13,CAC_40,^FCHI,Yahoo Finance,6597.3798828125
2021-10-14,CAC_40,^FCHI,Yahoo Finance,6685.2099609375
2021-10-15,CAC_40,^FCHI,Yahoo Finance,6727.52001953125
2021-10-18,CAC_40,^FCHI,Yahoo Finance,6673.10009765625
2021-10-19,CAC_40,^FCHI,Yahoo Finance,6669.85009765625
2021-10-20,CAC_40,^FCHI,Yahoo Finance,6705.60986328125
2021-10-21,CAC_40,^FCHI,Yahoo Finance,6686.169921875
2021-10-22,CAC_40,^FCHI,Yahoo Finance,6733.68994140625
2021-10-25,CAC_40,^FCHI,Yahoo Finance,6712.8701171875
2021-10-26,CAC_40,^FCHI,Yahoo Finance,6766.509765625
2021-10-27,CAC_40,^FCHI,Yahoo Finance,6753.52001953125
2021-10-28,CAC_40,^FCHI,Yahoo Finance,6804.22021484375
2021-10-29,CAC_40,^FCHI,Yahoo Finance,6830.33984375
2021-11-01,CAC_40,^FCHI,Yahoo Finance,6893.2900390625
2021-11-02,CAC_40,^FCHI,Yahoo Finance,6927.02978515625
2021-11-03,CAC_40,^FCHI,Yahoo Finance,6950.64990234375
2021-11-04,CAC_40,^FCHI,Yahoo Finance,6987.7900390625
2021-11-05,CAC_40,^FCHI,Yahoo Finance,7040.7900390625
2021-11-08,CAC_40,^FCHI,Yahoo Finance,7047.47998046875
2021-11-09,CAC_40,^FCHI,Yahoo Finance,7043.27001953125
2021-11-10,CAC_40,^FCHI,Yahoo Finance,7045.16015625
2021-11-11,CAC_40,^FCHI,Yahoo Finance,7059.5498046875
2021-11-12,CAC_40,^FCHI,Yahoo Finance,7091.39990234375
2021-11-15,CAC_40,^FCHI,Yahoo Finance,7128.6298828125
2021-11-16,CAC_40,^FCHI,Yahoo Finance,7152.60009765625
2021-11-17,CAC_40,^FCHI,Yahoo Finance,7156.85009765625
2021-11-18,CAC_40,^FCHI,Yahoo Finance,7141.97998046875
2021-11-19,CAC_40,^FCHI,Yahoo Finance,7112.2900390625
2021-11-22,CAC_40,^FCHI,Yahoo Finance,7105.0
2021-11-23,CAC_40,^FCHI,Yahoo Finance,7044.6201171875
2021-11-24,CAC_40,^FCHI,Yahoo Finance,7042.22998046875
2021-11-25,CAC_40,^FCHI,Yahoo Finance,7075.8701171875
2021-11-26,CAC_40,^FCHI,Yahoo Finance,6739.72998046875
2021-11-29,CAC_40,^FCHI,Yahoo Finance,6776.25
2021-11-30,CAC_40,^FCHI,Yahoo Finance,6721.16015625
2021-12-01,CAC_40,^FCHI,Yahoo Finance,6881.8701171875
2021-12-02,CAC_40,^FCHI,Yahoo Finance,6795.75
2021-12-03,CAC_40,^FCHI,Yahoo Finance,6765.52001953125
2021-12-06,CAC_40,^FCHI,Yahoo Finance,6865.77978515625
2021-12-07,CAC_40,^FCHI,Yahoo Finance,7065.39013671875
2021-12-08,CAC_40,^FCHI,Yahoo Finance,7014.56982421875
2021-12-09,CAC_40,^FCHI,Yahoo Finance,7008.22998046875
2021-12-10,CAC_40,^FCHI,Yahoo Finance,6991.68017578125
2021-12-13,CAC_40,^FCHI,Yahoo Finance,6942.91015625
2021-12-14,CAC_40,^FCHI,Yahoo Finance,6895.31005859375
2021-12-15,CAC_40,^FCHI,Yahoo Finance,6927.6298828125
2021-12-16,CAC_40,^FCHI,Yahoo Finance,7005.06982421875
2021-12-17,CAC_40,^FCHI,Yahoo Finance,6926.6298828125
2021-12-20,CAC_40,^FCHI,Yahoo Finance,6870.10009765625
2021-12-21,CAC_40,^FCHI,Yahoo Finance,6964.990234375
2021-12-22,CAC_40,^FCHI,Yahoo Finance,7051.669921875
2021-12-23,CAC_40,^FCHI,Yahoo Finance,7106.14990234375
2021-12-24,CAC_40,^FCHI,Yahoo Finance,7086.580078125
2021-12-27,CAC_40,^FCHI,Yahoo Finance,7140.39013671875
2021-12-28,CAC_40,^FCHI,Yahoo Finance,7181.10986328125
2021-12-29,CAC_40,^FCHI,Yahoo Finance,7161.52001953125
2021-12-30,CAC_40,^FCHI,Yahoo Finance,7173.22998046875
2021-12-31,CAC_40,^FCHI,Yahoo Finance,7153.02978515625
2022-01-03,CAC_40,^FCHI,Yahoo Finance,7217.22021484375
2022-01-04,CAC_40,^FCHI,Yahoo Finance,7317.41015625
2022-01-05,CAC_40,^FCHI,Yahoo Finance,7376.3701171875
2022-01-06,CAC_40,^FCHI,Yahoo Finance,7249.66015625
2022-01-07,CAC_40,^FCHI,Yahoo Finance,7219.47998046875
2022-01-10,CAC_40,^FCHI,Yahoo Finance,7115.77001953125
2022-01-11,CAC_40,^FCHI,Yahoo Finance,7183.3798828125
2022-01-12,CAC_40,^FCHI,Yahoo Finance,7237.18994140625
2022-01-13,CAC_40,^FCHI,Yahoo Finance,7201.14013671875
2022-01-14,CAC_40,^FCHI,Yahoo Finance,7143.0
2022-01-17,CAC_40,^FCHI,Yahoo Finance,7201.64013671875
2022-01-18,CAC_40,^FCHI,Yahoo Finance,7133.830078125
2022-01-19,CAC_40,^FCHI,Yahoo Finance,7172.97998046875
2022-01-20,CAC_40,^FCHI,Yahoo Finance,7194.16015625
2022-01-21,CAC_40,^FCHI,Yahoo Finance,7068.58984375
2022-01-24,CAC_40,^FCHI,Yahoo Finance,6787.7900390625
2022-01-25,CAC_40,^FCHI,Yahoo Finance,6837.9599609375
2022-01-26,CAC_40,^FCHI,Yahoo Finance,6981.9599609375
2022-01-27,CAC_40,^FCHI,Yahoo Finance,7023.7998046875
2022-01-28,CAC_40,^FCHI,Yahoo Finance,6965.8798828125
2022-01-31,CAC_40,^FCHI,Yahoo Finance,6999.2001953125
2022-02-01,CAC_40,^FCHI,Yahoo Finance,7099.490234375
2022-02-02,CAC_40,^FCHI,Yahoo Finance,7115.27001953125
2022-02-03,CAC_40,^FCHI,Yahoo Finance,7005.6298828125
2022-02-04,CAC_40,^FCHI,Yahoo Finance,6951.3798828125
2022-02-07,CAC_40,^FCHI,Yahoo Finance,7009.25
2022-02-08,CAC_40,^FCHI,Yahoo Finance,7028.41015625
2022-02-09,CAC_40,^FCHI,Yahoo Finance,7130.8798828125
2022-02-10,CAC_40,^FCHI,Yahoo Finance,7101.5498046875
2022-02-11,CAC_40,^FCHI,Yahoo Finance,7011.60009765625
2022-02-14,CAC_40,^FCHI,Yahoo Finance,6852.2001953125
2022-02-15,CAC_40,^FCHI,Yahoo Finance,6979.97021484375
2022-02-16,CAC_40,^FCHI,Yahoo Finance,6964.97998046875
2022-02-17,CAC_40,^FCHI,Yahoo Finance,6946.81982421875
2022-02-18,CAC_40,^FCHI,Yahoo Finance,6929.6298828125
2022-02-21,CAC_40,^FCHI,Yahoo Finance,6788.33984375
2022-02-22,CAC_40,^FCHI,Yahoo Finance,6787.60009765625
2022-02-23,CAC_40,^FCHI,Yahoo Finance,6780.669921875
2022-02-24,CAC_40,^FCHI,Yahoo Finance,6521.0498046875
2022-02-25,CAC_40,^FCHI,Yahoo Finance,6752.43017578125
2022-02-28,CAC_40,^FCHI,Yahoo Finance,6658.830078125
2022-03-01,CAC_40,^FCHI,Yahoo Finance,6396.490234375
2022-03-02,CAC_40,^FCHI,Yahoo Finance,6498.02001953125
2022-03-03,CAC_40,^FCHI,Yahoo Finance,6378.3701171875
2022-03-04,CAC_40,^FCHI,Yahoo Finance,6061.66015625
2022-03-07,CAC_40,^FCHI,Yahoo Finance,5982.27001953125
2022-03-08,CAC_40,^FCHI,Yahoo Finance,5962.9599609375
2022-03-09,CAC_40,^FCHI,Yahoo Finance,6387.830078125
2022-03-10,CAC_40,^FCHI,Yahoo Finance,6207.2001953125
2022-03-11,CAC_40,^FCHI,Yahoo Finance,6260.25
2022-03-14,CAC_40,^FCHI,Yahoo Finance,6369.93994140625
2022-03-15,CAC_40,^FCHI,Yahoo Finance,6355.0
2022-03-16,CAC_40,^FCHI,Yahoo Finance,6588.64013671875
2022-03-17,CAC_40,^FCHI,Yahoo Finance,6612.52001953125
2022-03-18,CAC_40,^FCHI,Yahoo Finance,6620.240234375
2022-03-21,CAC_40,^FCHI,Yahoo Finance,6582.330078125
2022-03-22,CAC_40,^FCHI,Yahoo Finance,6659.41015625
2022-03-23,CAC_40,^FCHI,Yahoo Finance,6581.43017578125
2022-03-24,CAC_40,^FCHI,Yahoo Finance,6555.77001953125
2022-03-25,CAC_40,^FCHI,Yahoo Finance,6553.68017578125
2022-03-28,CAC_40,^FCHI,Yahoo Finance,6589.10986328125
2022-03-29,CAC_40,^FCHI,Yahoo Finance,6792.16015625
2022-03-30,CAC_40,^FCHI,Yahoo Finance,6741.58984375
2022-03-31,CAC_40,^FCHI,Yahoo Finance,6659.8701171875
2022-04-01,CAC_40,^FCHI,Yahoo Finance,6684.31005859375
2022-04-04,CAC_40,^FCHI,Yahoo Finance,6731.3701171875
2022-04-05,CAC_40,^FCHI,Yahoo Finance,6645.509765625
2022-04-06,CAC_40,^FCHI,Yahoo Finance,6498.830078125
2022-04-07,CAC_40,^FCHI,Yahoo Finance,6461.68017578125
2022-04-08,CAC_40,^FCHI,Yahoo Finance,6548.22021484375
2022-04-11,CAC_40,^FCHI,Yahoo Finance,6555.81005859375
2022-04-12,CAC_40,^FCHI,Yahoo Finance,6537.41015625
2022-04-13,CAC_40,^FCHI,Yahoo Finance,6542.14013671875
2022-04-14,CAC_40,^FCHI,Yahoo Finance,6589.35009765625
2022-04-19,CAC_40,^FCHI,Yahoo Finance,6534.7900390625
2022-04-20,CAC_40,^FCHI,Yahoo Finance,6624.91015625
2022-04-21,CAC_40,^FCHI,Yahoo Finance,6715.10009765625
2022-04-22,CAC_40,^FCHI,Yahoo Finance,6581.419921875
2022-04-25,CAC_40,^FCHI,Yahoo Finance,6449.3798828125
2022-04-26,CAC_40,^FCHI,Yahoo Finance,6414.56982421875
2022-04-27,CAC_40,^FCHI,Yahoo Finance,6445.259765625
2022-04-28,CAC_40,^FCHI,Yahoo Finance,6508.14013671875
2022-04-29,CAC_40,^FCHI,Yahoo Finance,6533.77001953125
2022-05-02,CAC_40,^FCHI,Yahoo Finance,6425.60986328125
2022-05-03,CAC_40,^FCHI,Yahoo Finance,6476.18017578125
2022-05-04,CAC_40,^FCHI,Yahoo Finance,6395.68017578125
2022-05-05,CAC_40,^FCHI,Yahoo Finance,6368.39990234375
2022-05-06,CAC_40,^FCHI,Yahoo Finance,6258.35986328125
2022-05-09,CAC_40,^FCHI,Yahoo Finance,6086.02001953125
2022-05-10,CAC_40,^FCHI,Yahoo Finance,6116.91015625
2022-05-11,CAC_40,^FCHI,Yahoo Finance,6269.72998046875
2022-05-12,CAC_40,^FCHI,Yahoo Finance,6206.259765625
2022-05-13,CAC_40,^FCHI,Yahoo Finance,6362.68017578125
2022-05-16,CAC_40,^FCHI,Yahoo Finance,6347.77001953125
2022-05-17,CAC_40,^FCHI,Yahoo Finance,6430.18994140625
2022-05-18,CAC_40,^FCHI,Yahoo Finance,6352.93994140625
2022-05-19,CAC_40,^FCHI,Yahoo Finance,6272.7099609375
2022-05-20,CAC_40,^FCHI,Yahoo Finance,6285.240234375
2022-05-23,CAC_40,^FCHI,Yahoo Finance,6358.740234375
2022-05-24,CAC_40,^FCHI,Yahoo Finance,6253.14013671875
2022-05-25,CAC_40,^FCHI,Yahoo Finance,6298.64013671875
2022-05-26,CAC_40,^FCHI,Yahoo Finance,6410.580078125
2022-05-27,CAC_40,^FCHI,Yahoo Finance,6515.75
2022-05-30,CAC_40,^FCHI,Yahoo Finance,6562.39013671875
2022-05-31,CAC_40,^FCHI,Yahoo Finance,6468.7998046875
2022-06-01,CAC_40,^FCHI,Yahoo Finance,6418.89013671875
2022-06-02,CAC_40,^FCHI,Yahoo Finance,6500.43994140625
2022-06-03,CAC_40,^FCHI,Yahoo Finance,6485.2998046875
2022-06-06,CAC_40,^FCHI,Yahoo Finance,6548.77978515625
2022-06-07,CAC_40,^FCHI,Yahoo Finance,6500.35009765625
2022-06-08,CAC_40,^FCHI,Yahoo Finance,6448.6298828125
2022-06-09,CAC_40,^FCHI,Yahoo Finance,6358.4599609375
2022-06-10,CAC_40,^FCHI,Yahoo Finance,6187.22998046875
2022-06-13,CAC_40,^FCHI,Yahoo Finance,6022.31982421875
2022-06-14,CAC_40,^FCHI,Yahoo Finance,5949.83984375
2022-06-15,CAC_40,^FCHI,Yahoo Finance,6030.1298828125
2022-06-16,CAC_40,^FCHI,Yahoo Finance,5886.240234375
2022-06-17,CAC_40,^FCHI,Yahoo Finance,5882.64990234375
2022-06-20,CAC_40,^FCHI,Yahoo Finance,5920.08984375
2022-06-21,CAC_40,^FCHI,Yahoo Finance,5964.66015625
2022-06-22,CAC_40,^FCHI,Yahoo Finance,5916.6298828125
2022-06-23,CAC_40,^FCHI,Yahoo Finance,5883.330078125
2022-06-24,CAC_40,^FCHI,Yahoo Finance,6073.35009765625
2022-06-27,CAC_40,^FCHI,Yahoo Finance,6047.31005859375
2022-06-28,CAC_40,^FCHI,Yahoo Finance,6086.02001953125
2022-06-29,CAC_40,^FCHI,Yahoo Finance,6031.47998046875
2022-06-30,CAC_40,^FCHI,Yahoo Finance,5922.85986328125
2022-07-01,CAC_40,^FCHI,Yahoo Finance,5931.06005859375
2022-07-04,CAC_40,^FCHI,Yahoo Finance,5954.64990234375
2022-07-05,CAC_40,^FCHI,Yahoo Finance,5794.9599609375
2022-07-06,CAC_40,^FCHI,Yahoo Finance,5912.3798828125
2022-07-07,CAC_40,^FCHI,Yahoo Finance,6006.7001953125
2022-07-08,CAC_40,^FCHI,Yahoo Finance,6033.1298828125
2022-07-11,CAC_40,^FCHI,Yahoo Finance,5996.2998046875
2022-07-12,CAC_40,^FCHI,Yahoo Finance,6044.2001953125
2022-07-13,CAC_40,^FCHI,Yahoo Finance,6000.240234375
2022-07-14,CAC_40,^FCHI,Yahoo Finance,5915.41015625
2022-07-15,CAC_40,^FCHI,Yahoo Finance,6036.0
2022-07-18,CAC_40,^FCHI,Yahoo Finance,6091.91015625
2022-07-19,CAC_40,^FCHI,Yahoo Finance,6201.22021484375
2022-07-20,CAC_40,^FCHI,Yahoo Finance,6184.66015625
2022-07-21,CAC_40,^FCHI,Yahoo Finance,6201.10986328125
2022-07-22,CAC_40,^FCHI,Yahoo Finance,6216.81982421875
2022-07-25,CAC_40,^FCHI,Yahoo Finance,6237.5498046875
2022-07-26,CAC_40,^FCHI,Yahoo Finance,6211.4501953125
2022-07-27,CAC_40,^FCHI,Yahoo Finance,6257.93994140625
2022-07-28,CAC_40,^FCHI,Yahoo Finance,6339.2099609375
2022-07-29,CAC_40,^FCHI,Yahoo Finance,6448.5
2022-08-01,CAC_40,^FCHI,Yahoo Finance,6436.85986328125
2022-08-02,CAC_40,^FCHI,Yahoo Finance,6409.7998046875
2022-08-03,CAC_40,^FCHI,Yahoo Finance,6472.06005859375
2022-08-04,CAC_40,^FCHI,Yahoo Finance,6513.39013671875
2022-08-05,CAC_40,^FCHI,Yahoo Finance,6472.35009765625
2022-08-08,CAC_40,^FCHI,Yahoo Finance,6524.43994140625
2022-08-09,CAC_40,^FCHI,Yahoo Finance,6490.0
2022-08-10,CAC_40,^FCHI,Yahoo Finance,6523.43994140625
2022-08-11,CAC_40,^FCHI,Yahoo Finance,6544.669921875
2022-08-12,CAC_40,^FCHI,Yahoo Finance,6553.85986328125
2022-08-15,CAC_40,^FCHI,Yahoo Finance,6569.9501953125
2022-08-16,CAC_40,^FCHI,Yahoo Finance,6592.580078125
2022-08-17,CAC_40,^FCHI,Yahoo Finance,6528.31982421875
2022-08-18,CAC_40,^FCHI,Yahoo Finance,6557.39990234375
2022-08-19,CAC_40,^FCHI,Yahoo Finance,6495.830078125
2022-08-22,CAC_40,^FCHI,Yahoo Finance,6378.740234375
2022-08-23,CAC_40,^FCHI,Yahoo Finance,6362.02001953125
2022-08-24,CAC_40,^FCHI,Yahoo Finance,6386.759765625
2022-08-25,CAC_40,^FCHI,Yahoo Finance,6381.56005859375
2022-08-26,CAC_40,^FCHI,Yahoo Finance,6274.259765625
2022-08-29,CAC_40,^FCHI,Yahoo Finance,6222.27978515625
2022-08-30,CAC_40,^FCHI,Yahoo Finance,6210.22021484375
2022-08-31,CAC_40,^FCHI,Yahoo Finance,6125.10009765625
2022-09-01,CAC_40,^FCHI,Yahoo Finance,6034.31005859375
2022-09-02,CAC_40,^FCHI,Yahoo Finance,6167.509765625
2022-09-05,CAC_40,^FCHI,Yahoo Finance,6093.22021484375
2022-09-06,CAC_40,^FCHI,Yahoo Finance,6104.60986328125
2022-09-07,CAC_40,^FCHI,Yahoo Finance,6105.919921875
2022-09-08,CAC_40,^FCHI,Yahoo Finance,6125.89990234375
2022-09-09,CAC_40,^FCHI,Yahoo Finance,6212.330078125
2022-09-12,CAC_40,^FCHI,Yahoo Finance,6333.58984375
2022-09-13,CAC_40,^FCHI,Yahoo Finance,6245.68994140625
2022-09-14,CAC_40,^FCHI,Yahoo Finance,6222.41015625
2022-09-15,CAC_40,^FCHI,Yahoo Finance,6157.83984375
2022-09-16,CAC_40,^FCHI,Yahoo Finance,6077.2998046875
2022-09-19,CAC_40,^FCHI,Yahoo Finance,6061.58984375
2022-09-20,CAC_40,^FCHI,Yahoo Finance,5979.47021484375
2022-09-21,CAC_40,^FCHI,Yahoo Finance,6031.330078125
2022-09-22,CAC_40,^FCHI,Yahoo Finance,5918.5
2022-09-23,CAC_40,^FCHI,Yahoo Finance,5783.41015625
2022-09-26,CAC_40,^FCHI,Yahoo Finance,5769.39013671875
2022-09-27,CAC_40,^FCHI,Yahoo Finance,5753.81982421875
2022-09-28,CAC_40,^FCHI,Yahoo Finance,5765.009765625
2022-09-29,CAC_40,^FCHI,Yahoo Finance,5676.8701171875
2022-09-30,CAC_40,^FCHI,Yahoo Finance,5762.33984375
2022-10-03,CAC_40,^FCHI,Yahoo Finance,5794.14990234375
2022-10-04,CAC_40,^FCHI,Yahoo Finance,6039.68994140625
2022-10-05,CAC_40,^FCHI,Yahoo Finance,5985.4599609375
2022-10-06,CAC_40,^FCHI,Yahoo Finance,5936.419921875
2022-10-07,CAC_40,^FCHI,Yahoo Finance,5866.93994140625
2022-10-10,CAC_40,^FCHI,Yahoo Finance,5840.5498046875
2022-10-11,CAC_40,^FCHI,Yahoo Finance,5833.2001953125
2022-10-12,CAC_40,^FCHI,Yahoo Finance,5818.47021484375
2022-10-13,CAC_40,^FCHI,Yahoo Finance,5879.18994140625
2022-10-14,CAC_40,^FCHI,Yahoo Finance,5931.919921875
2022-10-17,CAC_40,^FCHI,Yahoo Finance,6040.66015625
2022-10-18,CAC_40,^FCHI,Yahoo Finance,6067.0
2022-10-19,CAC_40,^FCHI,Yahoo Finance,6040.72021484375
2022-10-20,CAC_40,^FCHI,Yahoo Finance,6086.89990234375
2022-10-21,CAC_40,^FCHI,Yahoo Finance,6035.39013671875
2022-10-24,CAC_40,^FCHI,Yahoo Finance,6131.35986328125
2022-10-25,CAC_40,^FCHI,Yahoo Finance,6250.5498046875
2022-10-26,CAC_40,^FCHI,Yahoo Finance,6276.31005859375
2022-10-27,CAC_40,^FCHI,Yahoo Finance,6244.02978515625
2022-10-28,CAC_40,^FCHI,Yahoo Finance,6273.0498046875
2022-10-31,CAC_40,^FCHI,Yahoo Finance,6266.77001953125
2022-11-01,CAC_40,^FCHI,Yahoo Finance,6328.25
2022-11-02,CAC_40,^FCHI,Yahoo Finance,6276.8798828125
2022-11-03,CAC_40,^FCHI,Yahoo Finance,6243.27978515625
2022-11-04,CAC_40,^FCHI,Yahoo Finance,6416.43994140625
2022-11-07,CAC_40,^FCHI,Yahoo Finance,6416.60986328125
2022-11-08,CAC_40,^FCHI,Yahoo Finance,6441.5
2022-11-09,CAC_40,^FCHI,Yahoo Finance,6430.56982421875
2022-11-10,CAC_40,^FCHI,Yahoo Finance,6556.830078125
2022-11-11,CAC_40,^FCHI,Yahoo Finance,6594.6201171875
2022-11-14,CAC_40,^FCHI,Yahoo Finance,6609.169921875
2022-11-15,CAC_40,^FCHI,Yahoo Finance,6641.66015625
2022-11-16,CAC_40,^FCHI,Yahoo Finance,6607.22021484375
2022-11-17,CAC_40,^FCHI,Yahoo Finance,6576.1201171875
2022-11-18,CAC_40,^FCHI,Yahoo Finance,6644.4599609375
2022-11-21,CAC_40,^FCHI,Yahoo Finance,6634.4501953125
2022-11-22,CAC_40,^FCHI,Yahoo Finance,6657.52978515625
2022-11-23,CAC_40,^FCHI,Yahoo Finance,6679.08984375
2022-11-24,CAC_40,^FCHI,Yahoo Finance,6707.31982421875
2022-11-25,CAC_40,^FCHI,Yahoo Finance,6712.47998046875
2022-11-28,CAC_40,^FCHI,Yahoo Finance,6665.2001953125
2022-11-29,CAC_40,^FCHI,Yahoo Finance,6668.97021484375
2022-11-30,CAC_40,^FCHI,Yahoo Finance,6738.5498046875
2022-12-01,CAC_40,^FCHI,Yahoo Finance,6753.97021484375
2022-12-02,CAC_40,^FCHI,Yahoo Finance,6742.25
2022-12-05,CAC_40,^FCHI,Yahoo Finance,6696.9599609375
2022-12-06,CAC_40,^FCHI,Yahoo Finance,6687.7900390625
2022-12-07,CAC_40,^FCHI,Yahoo Finance,6660.58984375
2022-12-08,CAC_40,^FCHI,Yahoo Finance,6647.31005859375
2022-12-09,CAC_40,^FCHI,Yahoo Finance,6677.64013671875
2022-12-12,CAC_40,^FCHI,Yahoo Finance,6650.5498046875
2022-12-13,CAC_40,^FCHI,Yahoo Finance,6744.97998046875
2022-12-14,CAC_40,^FCHI,Yahoo Finance,6730.7900390625
2022-12-15,CAC_40,^FCHI,Yahoo Finance,6522.77001953125
2022-12-16,CAC_40,^FCHI,Yahoo Finance,6452.6298828125
2022-12-19,CAC_40,^FCHI,Yahoo Finance,6473.2900390625
2022-12-20,CAC_40,^FCHI,Yahoo Finance,6450.43017578125
2022-12-21,CAC_40,^FCHI,Yahoo Finance,6580.240234375
2022-12-22,CAC_40,^FCHI,Yahoo Finance,6517.97021484375
2022-12-23,CAC_40,^FCHI,Yahoo Finance,6504.89990234375
2022-12-27,CAC_40,^FCHI,Yahoo Finance,6550.66015625
2022-12-28,CAC_40,^FCHI,Yahoo Finance,6510.490234375
2022-12-29,CAC_40,^FCHI,Yahoo Finance,6573.47021484375
2022-12-30,CAC_40,^FCHI,Yahoo Finance,6473.759765625
2023-01-02,CAC_40,^FCHI,Yahoo Finance,6594.56982421875
2023-01-03,CAC_40,^FCHI,Yahoo Finance,6623.89013671875
2023-01-04,CAC_40,^FCHI,Yahoo Finance,6776.43017578125
2023-01-05,CAC_40,^FCHI,Yahoo Finance,6761.5
2023-01-06,CAC_40,^FCHI,Yahoo Finance,6860.9501953125
2023-01-09,CAC_40,^FCHI,Yahoo Finance,6907.35986328125
2023-01-10,CAC_40,^FCHI,Yahoo Finance,6869.14013671875
2023-01-11,CAC_40,^FCHI,Yahoo Finance,6924.18994140625
2023-01-12,CAC_40,^FCHI,Yahoo Finance,6975.68017578125
2023-01-13,CAC_40,^FCHI,Yahoo Finance,7023.5
2023-01-16,CAC_40,^FCHI,Yahoo Finance,7043.31005859375
2023-01-17,CAC_40,^FCHI,Yahoo Finance,7077.16015625
2023-01-18,CAC_40,^FCHI,Yahoo Finance,7083.39013671875
2023-01-19,CAC_40,^FCHI,Yahoo Finance,6951.8701171875
2023-01-20,CAC_40,^FCHI,Yahoo Finance,6995.990234375
2023-01-23,CAC_40,^FCHI,Yahoo Finance,7032.02001953125
2023-01-24,CAC_40,^FCHI,Yahoo Finance,7050.47998046875
2023-01-25,CAC_40,^FCHI,Yahoo Finance,7043.8798828125
2023-01-26,CAC_40,^FCHI,Yahoo Finance,7095.990234375
2023-01-27,CAC_40,^FCHI,Yahoo Finance,7097.2099609375
2023-01-30,CAC_40,^FCHI,Yahoo Finance,7082.009765625
2023-01-31,CAC_40,^FCHI,Yahoo Finance,7082.419921875
2023-02-01,CAC_40,^FCHI,Yahoo Finance,7077.10986328125
2023-02-02,CAC_40,^FCHI,Yahoo Finance,7166.27001953125
2023-02-03,CAC_40,^FCHI,Yahoo Finance,7233.93994140625
2023-02-06,CAC_40,^FCHI,Yahoo Finance,7137.10009765625
2023-02-07,CAC_40,^FCHI,Yahoo Finance,7132.35009765625
2023-02-08,CAC_40,^FCHI,Yahoo Finance,7119.830078125
2023-02-09,CAC_40,^FCHI,Yahoo Finance,7188.35986328125
2023-02-10,CAC_40,^FCHI,Yahoo Finance,7129.72998046875
2023-02-13,CAC_40,^FCHI,Yahoo Finance,7208.58984375
2023-02-14,CAC_40,^FCHI,Yahoo Finance,7213.81005859375
2023-02-15,CAC_40,^FCHI,Yahoo Finance,7300.85986328125
2023-02-16,CAC_40,^FCHI,Yahoo Finance,7366.16015625
2023-02-17,CAC_40,^FCHI,Yahoo Finance,7347.72021484375
2023-02-20,CAC_40,^FCHI,Yahoo Finance,7335.60986328125
2023-02-21,CAC_40,^FCHI,Yahoo Finance,7308.64990234375
2023-02-22,CAC_40,^FCHI,Yahoo Finance,7299.259765625
2023-02-23,CAC_40,^FCHI,Yahoo Finance,7317.43017578125
2023-02-24,CAC_40,^FCHI,Yahoo Finance,7187.27001953125
2023-02-27,CAC_40,^FCHI,Yahoo Finance,7295.5498046875
2023-02-28,CAC_40,^FCHI,Yahoo Finance,7267.93017578125
2023-03-01,CAC_40,^FCHI,Yahoo Finance,7234.25
2023-03-02,CAC_40,^FCHI,Yahoo Finance,7284.22021484375
2023-03-03,CAC_40,^FCHI,Yahoo Finance,7348.1201171875
2023-03-06,CAC_40,^FCHI,Yahoo Finance,7373.2099609375
2023-03-07,CAC_40,^FCHI,Yahoo Finance,7339.27001953125
2023-03-08,CAC_40,^FCHI,Yahoo Finance,7324.759765625
2023-03-09,CAC_40,^FCHI,Yahoo Finance,7315.8798828125
2023-03-10,CAC_40,^FCHI,Yahoo Finance,7220.669921875
2023-03-13,CAC_40,^FCHI,Yahoo Finance,7011.5
2023-03-14,CAC_40,^FCHI,Yahoo Finance,7141.56982421875
2023-03-15,CAC_40,^FCHI,Yahoo Finance,6885.7099609375
2023-03-16,CAC_40,^FCHI,Yahoo Finance,7025.72021484375
2023-03-17,CAC_40,^FCHI,Yahoo Finance,6925.39990234375
2023-03-20,CAC_40,^FCHI,Yahoo Finance,7013.14013671875
2023-03-21,CAC_40,^FCHI,Yahoo Finance,7112.91015625
2023-03-22,CAC_40,^FCHI,Yahoo Finance,7131.1201171875
2023-03-23,CAC_40,^FCHI,Yahoo Finance,7139.25
2023-03-24,CAC_40,^FCHI,Yahoo Finance,7015.10009765625
2023-03-27,CAC_40,^FCHI,Yahoo Finance,7078.27001953125
2023-03-28,CAC_40,^FCHI,Yahoo Finance,7088.33984375
2023-03-29,CAC_40,^FCHI,Yahoo Finance,7186.990234375
2023-03-30,CAC_40,^FCHI,Yahoo Finance,7263.3701171875
2023-03-31,CAC_40,^FCHI,Yahoo Finance,7322.39013671875
2023-04-03,CAC_40,^FCHI,Yahoo Finance,7345.9599609375
2023-04-04,CAC_40,^FCHI,Yahoo Finance,7344.9599609375
2023-04-05,CAC_40,^FCHI,Yahoo Finance,7316.2998046875
2023-04-06,CAC_40,^FCHI,Yahoo Finance,7324.75
2023-04-11,CAC_40,^FCHI,Yahoo Finance,7390.27978515625
2023-04-12,CAC_40,^FCHI,Yahoo Finance,7396.93994140625
2023-04-13,CAC_40,^FCHI,Yahoo Finance,7480.830078125
2023-04-14,CAC_40,^FCHI,Yahoo Finance,7519.60986328125
2023-04-17,CAC_40,^FCHI,Yahoo Finance,7498.18017578125
2023-04-18,CAC_40,^FCHI,Yahoo Finance,7533.6298828125
2023-04-19,CAC_40,^FCHI,Yahoo Finance,7549.43994140625
2023-04-20,CAC_40,^FCHI,Yahoo Finance,7538.7099609375
2023-04-21,CAC_40,^FCHI,Yahoo Finance,7577.0
2023-04-24,CAC_40,^FCHI,Yahoo Finance,7573.85986328125
2023-04-25,CAC_40,^FCHI,Yahoo Finance,7531.60986328125
2023-04-26,CAC_40,^FCHI,Yahoo Finance,7466.66015625
2023-04-27,CAC_40,^FCHI,Yahoo Finance,7483.83984375
2023-04-28,CAC_40,^FCHI,Yahoo Finance,7491.5
2023-05-02,CAC_40,^FCHI,Yahoo Finance,7383.2001953125
2023-05-03,CAC_40,^FCHI,Yahoo Finance,7403.830078125
2023-05-04,CAC_40,^FCHI,Yahoo Finance,7340.77001953125
2023-05-05,CAC_40,^FCHI,Yahoo Finance,7432.93017578125
2023-05-08,CAC_40,^FCHI,Yahoo Finance,7440.91015625
2023-05-09,CAC_40,^FCHI,Yahoo Finance,7397.169921875
2023-05-10,CAC_40,^FCHI,Yahoo Finance,7361.2001953125
2023-05-11,CAC_40,^FCHI,Yahoo Finance,7381.77978515625
2023-05-12,CAC_40,^FCHI,Yahoo Finance,7414.85009765625
2023-05-15,CAC_40,^FCHI,Yahoo Finance,7418.2099609375
2023-05-16,CAC_40,^FCHI,Yahoo Finance,7406.009765625
2023-05-17,CAC_40,^FCHI,Yahoo Finance,7399.43994140625
2023-05-18,CAC_40,^FCHI,Yahoo Finance,7446.89013671875
2023-05-19,CAC_40,^FCHI,Yahoo Finance,7491.9599609375
2023-05-22,CAC_40,^FCHI,Yahoo Finance,7478.16015625
2023-05-23,CAC_40,^FCHI,Yahoo Finance,7378.7099609375
2023-05-24,CAC_40,^FCHI,Yahoo Finance,7253.4599609375
2023-05-25,CAC_40,^FCHI,Yahoo Finance,7229.27001953125
2023-05-26,CAC_40,^FCHI,Yahoo Finance,7319.18017578125
2023-05-29,CAC_40,^FCHI,Yahoo Finance,7303.81005859375
2023-05-30,CAC_40,^FCHI,Yahoo Finance,7209.75
2023-05-31,CAC_40,^FCHI,Yahoo Finance,7098.7001953125
2023-06-01,CAC_40,^FCHI,Yahoo Finance,7137.43017578125
2023-06-02,CAC_40,^FCHI,Yahoo Finance,7270.68994140625
2023-06-05,CAC_40,^FCHI,Yahoo Finance,7200.91015625
2023-06-06,CAC_40,^FCHI,Yahoo Finance,7209.0
2023-06-07,CAC_40,^FCHI,Yahoo Finance,7202.7900390625
2023-06-08,CAC_40,^FCHI,Yahoo Finance,7222.14990234375
2023-06-09,CAC_40,^FCHI,Yahoo Finance,7213.14013671875
2023-06-12,CAC_40,^FCHI,Yahoo Finance,7250.35009765625
2023-06-13,CAC_40,^FCHI,Yahoo Finance,7290.7998046875
2023-06-14,CAC_40,^FCHI,Yahoo Finance,7328.52978515625
2023-06-15,CAC_40,^FCHI,Yahoo Finance,7290.91015625
2023-06-16,CAC_40,^FCHI,Yahoo Finance,7388.64990234375
2023-06-19,CAC_40,^FCHI,Yahoo Finance,7314.0498046875
2023-06-20,CAC_40,^FCHI,Yahoo Finance,7294.169921875
2023-06-21,CAC_40,^FCHI,Yahoo Finance,7260.97021484375
2023-06-22,CAC_40,^FCHI,Yahoo Finance,7203.27978515625
2023-06-23,CAC_40,^FCHI,Yahoo Finance,7163.419921875
2023-06-26,CAC_40,^FCHI,Yahoo Finance,7184.35009765625
2023-06-27,CAC_40,^FCHI,Yahoo Finance,7215.580078125
2023-06-28,CAC_40,^FCHI,Yahoo Finance,7286.31982421875
2023-06-29,CAC_40,^FCHI,Yahoo Finance,7312.72998046875
2023-06-30,CAC_40,^FCHI,Yahoo Finance,7400.06005859375
2023-07-03,CAC_40,^FCHI,Yahoo Finance,7386.7001953125
2023-07-04,CAC_40,^FCHI,Yahoo Finance,7369.93017578125
2023-07-05,CAC_40,^FCHI,Yahoo Finance,7310.81005859375
2023-07-06,CAC_40,^FCHI,Yahoo Finance,7082.2900390625
2023-07-07,CAC_40,^FCHI,Yahoo Finance,7111.8798828125
2023-07-10,CAC_40,^FCHI,Yahoo Finance,7143.68994140625
2023-07-11,CAC_40,^FCHI,Yahoo Finance,7220.009765625
2023-07-12,CAC_40,^FCHI,Yahoo Finance,7333.009765625
2023-07-13,CAC_40,^FCHI,Yahoo Finance,7369.7998046875
2023-07-14,CAC_40,^FCHI,Yahoo Finance,7374.5400390625
2023-07-17,CAC_40,^FCHI,Yahoo Finance,7291.66015625
2023-07-18,CAC_40,^FCHI,Yahoo Finance,7319.18017578125
2023-07-19,CAC_40,^FCHI,Yahoo Finance,7326.93994140625
2023-07-20,CAC_40,^FCHI,Yahoo Finance,7384.91015625
2023-07-21,CAC_40,^FCHI,Yahoo Finance,7432.77001953125
2023-07-24,CAC_40,^FCHI,Yahoo Finance,7427.31005859375
2023-07-25,CAC_40,^FCHI,Yahoo Finance,7415.4501953125
2023-07-26,CAC_40,^FCHI,Yahoo Finance,7315.06982421875
2023-07-27,CAC_40,^FCHI,Yahoo Finance,7465.240234375
2023-07-28,CAC_40,^FCHI,Yahoo Finance,7476.47021484375
2023-07-31,CAC_40,^FCHI,Yahoo Finance,7497.77978515625
2023-08-01,CAC_40,^FCHI,Yahoo Finance,7406.080078125
2023-08-02,CAC_40,^FCHI,Yahoo Finance,7312.83984375
2023-08-03,CAC_40,^FCHI,Yahoo Finance,7260.52978515625
2023-08-04,CAC_40,^FCHI,Yahoo Finance,7315.06982421875
2023-08-07,CAC_40,^FCHI,Yahoo Finance,7319.759765625
2023-08-08,CAC_40,^FCHI,Yahoo Finance,7269.47021484375
2023-08-09,CAC_40,^FCHI,Yahoo Finance,7322.0400390625
2023-08-10,CAC_40,^FCHI,Yahoo Finance,7433.6201171875
2023-08-11,CAC_40,^FCHI,Yahoo Finance,7340.18994140625
2023-08-14,CAC_40,^FCHI,Yahoo Finance,7348.83984375
2023-08-15,CAC_40,^FCHI,Yahoo Finance,7267.7001953125
2023-08-16,CAC_40,^FCHI,Yahoo Finance,7260.25
2023-08-17,CAC_40,^FCHI,Yahoo Finance,7191.740234375
2023-08-18,CAC_40,^FCHI,Yahoo Finance,7164.10986328125
2023-08-21,CAC_40,^FCHI,Yahoo Finance,7198.06005859375
2023-08-22,CAC_40,^FCHI,Yahoo Finance,7240.8798828125
2023-08-23,CAC_40,^FCHI,Yahoo Finance,7246.6201171875
2023-08-24,CAC_40,^FCHI,Yahoo Finance,7214.4599609375
2023-08-25,CAC_40,^FCHI,Yahoo Finance,7229.60009765625
2023-08-28,CAC_40,^FCHI,Yahoo Finance,7324.7099609375
2023-08-29,CAC_40,^FCHI,Yahoo Finance,7373.43017578125
2023-08-30,CAC_40,^FCHI,Yahoo Finance,7364.39990234375
2023-08-31,CAC_40,^FCHI,Yahoo Finance,7316.7001953125
2023-09-01,CAC_40,^FCHI,Yahoo Finance,7296.77001953125
2023-09-04,CAC_40,^FCHI,Yahoo Finance,7279.509765625
2023-09-05,CAC_40,^FCHI,Yahoo Finance,7254.72021484375
2023-09-06,CAC_40,^FCHI,Yahoo Finance,7194.08984375
2023-09-07,CAC_40,^FCHI,Yahoo Finance,7196.10009765625
2023-09-08,CAC_40,^FCHI,Yahoo Finance,7240.77001953125
2023-09-11,CAC_40,^FCHI,Yahoo Finance,7278.27001953125
2023-09-12,CAC_40,^FCHI,Yahoo Finance,7252.8798828125
2023-09-13,CAC_40,^FCHI,Yahoo Finance,7222.56982421875
2023-09-14,CAC_40,^FCHI,Yahoo Finance,7308.669921875
2023-09-15,CAC_40,^FCHI,Yahoo Finance,7378.81982421875
2023-09-18,CAC_40,^FCHI,Yahoo Finance,7276.14013671875
2023-09-19,CAC_40,^FCHI,Yahoo Finance,7282.1201171875
2023-09-20,CAC_40,^FCHI,Yahoo Finance,7330.7900390625
2023-09-21,CAC_40,^FCHI,Yahoo Finance,7213.89990234375
2023-09-22,CAC_40,^FCHI,Yahoo Finance,7184.81982421875
2023-09-25,CAC_40,^FCHI,Yahoo Finance,7123.8798828125
2023-09-26,CAC_40,^FCHI,Yahoo Finance,7074.02001953125
2023-09-27,CAC_40,^FCHI,Yahoo Finance,7071.7900390625
2023-09-28,CAC_40,^FCHI,Yahoo Finance,7116.240234375
2023-09-29,CAC_40,^FCHI,Yahoo Finance,7135.06005859375
2023-10-02,CAC_40,^FCHI,Yahoo Finance,7068.16015625
2023-10-03,CAC_40,^FCHI,Yahoo Finance,6997.0498046875
2023-10-04,CAC_40,^FCHI,Yahoo Finance,6996.72998046875
2023-10-05,CAC_40,^FCHI,Yahoo Finance,6998.25
2023-10-06,CAC_40,^FCHI,Yahoo Finance,7060.14990234375
2023-10-09,CAC_40,^FCHI,Yahoo Finance,7021.39990234375
2023-10-10,CAC_40,^FCHI,Yahoo Finance,7162.43017578125
2023-10-11,CAC_40,^FCHI,Yahoo Finance,7131.2099609375
2023-10-12,CAC_40,^FCHI,Yahoo Finance,7104.52978515625
2023-10-13,CAC_40,^FCHI,Yahoo Finance,7003.52978515625
2023-10-16,CAC_40,^FCHI,Yahoo Finance,7022.18994140625
2023-10-17,CAC_40,^FCHI,Yahoo Finance,7029.7001953125
2023-10-18,CAC_40,^FCHI,Yahoo Finance,6965.990234375
2023-10-19,CAC_40,^FCHI,Yahoo Finance,6921.3701171875
2023-10-20,CAC_40,^FCHI,Yahoo Finance,6816.22021484375
2023-10-23,CAC_40,^FCHI,Yahoo Finance,6850.47021484375
2023-10-24,CAC_40,^FCHI,Yahoo Finance,6893.64990234375
2023-10-25,CAC_40,^FCHI,Yahoo Finance,6915.06982421875
2023-10-26,CAC_40,^FCHI,Yahoo Finance,6888.9599609375
2023-10-27,CAC_40,^FCHI,Yahoo Finance,6795.3798828125
2023-10-30,CAC_40,^FCHI,Yahoo Finance,6825.06982421875
2023-10-31,CAC_40,^FCHI,Yahoo Finance,6885.64990234375
2023-11-01,CAC_40,^FCHI,Yahoo Finance,6932.6298828125
2023-11-02,CAC_40,^FCHI,Yahoo Finance,7060.68994140625
2023-11-03,CAC_40,^FCHI,Yahoo Finance,7047.5
2023-11-06,CAC_40,^FCHI,Yahoo Finance,7013.72998046875
2023-11-07,CAC_40,^FCHI,Yahoo Finance,6986.22998046875
2023-11-08,CAC_40,^FCHI,Yahoo Finance,7034.16015625
2023-11-09,CAC_40,^FCHI,Yahoo Finance,7113.66015625
2023-11-10,CAC_40,^FCHI,Yahoo Finance,7045.0400390625
2023-11-13,CAC_40,^FCHI,Yahoo Finance,7087.06005859375
2023-11-14,CAC_40,^FCHI,Yahoo Finance,7185.68017578125
2023-11-15,CAC_40,^FCHI,Yahoo Finance,7209.60986328125
2023-11-16,CAC_40,^FCHI,Yahoo Finance,7168.39990234375
2023-11-17,CAC_40,^FCHI,Yahoo Finance,7233.91015625
2023-11-20,CAC_40,^FCHI,Yahoo Finance,7246.93017578125
2023-11-21,CAC_40,^FCHI,Yahoo Finance,7229.4501953125
2023-11-22,CAC_40,^FCHI,Yahoo Finance,7260.72998046875
2023-11-23,CAC_40,^FCHI,Yahoo Finance,7277.93017578125
2023-11-24,CAC_40,^FCHI,Yahoo Finance,7292.7998046875
2023-11-27,CAC_40,^FCHI,Yahoo Finance,7265.490234375
2023-11-28,CAC_40,^FCHI,Yahoo Finance,7250.1298828125
2023-11-29,CAC_40,^FCHI,Yahoo Finance,7267.64013671875
2023-11-30,CAC_40,^FCHI,Yahoo Finance,7310.77001953125
2023-12-01,CAC_40,^FCHI,Yahoo Finance,7346.14990234375
2023-12-04,CAC_40,^FCHI,Yahoo Finance,7332.58984375
2023-12-05,CAC_40,^FCHI,Yahoo Finance,7386.990234375
2023-12-06,CAC_40,^FCHI,Yahoo Finance,7435.990234375
2023-12-07,CAC_40,^FCHI,Yahoo Finance,7428.52001953125
2023-12-08,CAC_40,^FCHI,Yahoo Finance,7526.5498046875
2023-12-11,CAC_40,^FCHI,Yahoo Finance,7551.52978515625
2023-12-12,CAC_40,^FCHI,Yahoo Finance,7543.5498046875
2023-12-13,CAC_40,^FCHI,Yahoo Finance,7531.22021484375
2023-12-14,CAC_40,^FCHI,Yahoo Finance,7575.85009765625
2023-12-15,CAC_40,^FCHI,Yahoo Finance,7596.91015625
2023-12-18,CAC_40,^FCHI,Yahoo Finance,7568.85986328125
2023-12-19,CAC_40,^FCHI,Yahoo Finance,7574.669921875
2023-12-20,CAC_40,^FCHI,Yahoo Finance,7583.43017578125
2023-12-21,CAC_40,^FCHI,Yahoo Finance,7571.39990234375
2023-12-22,CAC_40,^FCHI,Yahoo Finance,7568.81982421875
2023-12-27,CAC_40,^FCHI,Yahoo Finance,7571.81982421875
2023-12-28,CAC_40,^FCHI,Yahoo Finance,7535.16015625
2023-12-29,CAC_40,^FCHI,Yahoo Finance,7543.18017578125
2021-01-04,FTSE_100,^FTSE,Yahoo Finance,6571.89990234375
2021-01-05,FTSE_100,^FTSE,Yahoo Finance,6612.2998046875
2021-01-06,FTSE_100,^FTSE,Yahoo Finance,6841.89990234375
2021-01-07,FTSE_100,^FTSE,Yahoo Finance,6857.0
2021-01-08,FTSE_100,^FTSE,Yahoo Finance,6873.2998046875
2021-01-11,FTSE_100,^FTSE,Yahoo Finance,6798.5
2021-01-12,FTSE_100,^FTSE,Yahoo Finance,6754.10009765625
2021-01-13,FTSE_100,^FTSE,Yahoo Finance,6745.5
2021-01-14,FTSE_100,^FTSE,Yahoo Finance,6802.0
2021-01-15,FTSE_100,^FTSE,Yahoo Finance,6735.7001953125
2021-01-18,FTSE_100,^FTSE,Yahoo Finance,6720.7001953125
2021-01-19,FTSE_100,^FTSE,Yahoo Finance,6713.0
2021-01-20,FTSE_100,^FTSE,Yahoo Finance,6740.39990234375
2021-01-21,FTSE_100,^FTSE,Yahoo Finance,6715.39990234375
2021-01-22,FTSE_100,^FTSE,Yahoo Finance,6695.10009765625
2021-01-25,FTSE_100,^FTSE,Yahoo Finance,6638.89990234375
2021-01-26,FTSE_100,^FTSE,Yahoo Finance,6654.0
2021-01-27,FTSE_100,^FTSE,Yahoo Finance,6567.39990234375
2021-01-28,FTSE_100,^FTSE,Yahoo Finance,6526.2001953125
2021-01-29,FTSE_100,^FTSE,Yahoo Finance,6407.5
2021-02-01,FTSE_100,^FTSE,Yahoo Finance,6466.39990234375
2021-02-02,FTSE_100,^FTSE,Yahoo Finance,6516.7001953125
2021-02-03,FTSE_100,^FTSE,Yahoo Finance,6507.7998046875
2021-02-04,FTSE_100,^FTSE,Yahoo Finance,6503.7001953125
2021-02-05,FTSE_100,^FTSE,Yahoo Finance,6489.2998046875
2021-02-08,FTSE_100,^FTSE,Yahoo Finance,6523.5
2021-02-09,FTSE_100,^FTSE,Yahoo Finance,6531.60009765625
2021-02-10,FTSE_100,^FTSE,Yahoo Finance,6524.39990234375
2021-02-11,FTSE_100,^FTSE,Yahoo Finance,6528.7001953125
2021-02-12,FTSE_100,^FTSE,Yahoo Finance,6589.7998046875
2021-02-15,FTSE_100,^FTSE,Yahoo Finance,6756.10009765625
2021-02-16,FTSE_100,^FTSE,Yahoo Finance,6748.89990234375
2021-02-17,FTSE_100,^FTSE,Yahoo Finance,6710.89990234375
2021-02-18,FTSE_100,^FTSE,Yahoo Finance,6617.2001953125
2021-02-19,FTSE_100,^FTSE,Yahoo Finance,6624.0
2021-02-22,FTSE_100,^FTSE,Yahoo Finance,6612.2001953125
2021-02-23,FTSE_100,^FTSE,Yahoo Finance,6625.89990234375
2021-02-24,FTSE_100,^FTSE,Yahoo Finance,6659.0
2021-02-25,FTSE_100,^FTSE,Yahoo Finance,6652.0
2021-02-26,FTSE_100,^FTSE,Yahoo Finance,6483.39990234375
2021-03-01,FTSE_100,^FTSE,Yahoo Finance,6588.5
2021-03-02,FTSE_100,^FTSE,Yahoo Finance,6613.7998046875
2021-03-03,FTSE_100,^FTSE,Yahoo Finance,6675.5
2021-03-04,FTSE_100,^FTSE,Yahoo Finance,6650.89990234375
2021-03-05,FTSE_100,^FTSE,Yahoo Finance,6630.5
2021-03-08,FTSE_100,^FTSE,Yahoo Finance,6719.10009765625
2021-03-09,FTSE_100,^FTSE,Yahoo Finance,6730.2998046875
2021-03-10,FTSE_100,^FTSE,Yahoo Finance,6725.60009765625
2021-03-11,FTSE_100,^FTSE,Yahoo Finance,6737.0
2021-03-12,FTSE_100,^FTSE,Yahoo Finance,6761.5
2021-03-15,FTSE_100,^FTSE,Yahoo Finance,6749.7001953125
2021-03-16,FTSE_100,^FTSE,Yahoo Finance,6803.60009765625
2021-03-17,FTSE_100,^FTSE,Yahoo Finance,6762.7001953125
2021-03-18,FTSE_100,^FTSE,Yahoo Finance,6779.7001953125
2021-03-19,FTSE_100,^FTSE,Yahoo Finance,6708.7001953125
2021-03-22,FTSE_100,^FTSE,Yahoo Finance,6726.10009765625
2021-03-23,FTSE_100,^FTSE,Yahoo Finance,6699.2001953125
2021-03-24,FTSE_100,^FTSE,Yahoo Finance,6712.89990234375
2021-03-25,FTSE_100,^FTSE,Yahoo Finance,6674.7998046875
2021-03-26,FTSE_100,^FTSE,Yahoo Finance,6740.60009765625
2021-03-29,FTSE_100,^FTSE,Yahoo Finance,6736.2001953125
2021-03-30,FTSE_100,^FTSE,Yahoo Finance,6772.10009765625
2021-03-31,FTSE_100,^FTSE,Yahoo Finance,6713.60009765625
2021-04-01,FTSE_100,^FTSE,Yahoo Finance,6737.2998046875
2021-04-06,FTSE_100,^FTSE,Yahoo Finance,6823.60009765625
2021-04-07,FTSE_100,^FTSE,Yahoo Finance,6885.2998046875
2021-04-08,FTSE_100,^FTSE,Yahoo Finance,6942.2001953125
2021-04-09,FTSE_100,^FTSE,Yahoo Finance,6915.7998046875
2021-04-12,FTSE_100,^FTSE,Yahoo Finance,6889.10009765625
2021-04-13,FTSE_100,^FTSE,Yahoo Finance,6890.5
2021-04-14,FTSE_100,^FTSE,Yahoo Finance,6939.60009765625
2021-04-15,FTSE_100,^FTSE,Yahoo Finance,6983.5
2021-04-16,FTSE_100,^FTSE,Yahoo Finance,7019.5
2021-04-19,FTSE_100,^FTSE,Yahoo Finance,7000.10009765625
2021-04-20,FTSE_100,^FTSE,Yahoo Finance,6859.89990234375
2021-04-21,FTSE_100,^FTSE,Yahoo Finance,6895.2998046875
2021-04-22,FTSE_100,^FTSE,Yahoo Finance,6938.2001953125
2021-04-23,FTSE_100,^FTSE,Yahoo Finance,6938.60009765625
2021-04-26,FTSE_100,^FTSE,Yahoo Finance,6963.10009765625
2021-04-27,FTSE_100,^FTSE,Yahoo Finance,6945.0
2021-04-28,FTSE_100,^FTSE,Yahoo Finance,6963.7001953125
2021-04-29,FTSE_100,^FTSE,Yahoo Finance,6961.5
2021-04-30,FTSE_100,^FTSE,Yahoo Finance,6969.7998046875
2021-05-04,FTSE_100,^FTSE,Yahoo Finance,6923.2001953125
2021-05-05,FTSE_100,^FTSE,Yahoo Finance,7039.2998046875
2021-05-06,FTSE_100,^FTSE,Yahoo Finance,7076.2001953125
2021-05-07,FTSE_100,^FTSE,Yahoo Finance,7129.7001953125
2021-05-10,FTSE_100,^FTSE,Yahoo Finance,7123.7001953125
2021-05-11,FTSE_100,^FTSE,Yahoo Finance,6948.0
2021-05-12,FTSE_100,^FTSE,Yahoo Finance,7004.60009765625
2021-05-13,FTSE_100,^FTSE,Yahoo Finance,6963.2998046875
2021-05-14,FTSE_100,^FTSE,Yahoo Finance,7043.60009765625
2021-05-17,FTSE_100,^FTSE,Yahoo Finance,7032.89990234375
2021-05-18,FTSE_100,^FTSE,Yahoo Finance,7034.2001953125
2021-05-19,FTSE_100,^FTSE,Yahoo Finance,6950.2001953125
2021-05-20,FTSE_100,^FTSE,Yahoo Finance,7019.7998046875
2021-05-21,FTSE_100,^FTSE,Yahoo Finance,7018.10009765625
2021-05-24,FTSE_100,^FTSE,Yahoo Finance,7051.60009765625
2021-05-25,FTSE_100,^FTSE,Yahoo Finance,7029.7998046875
2021-05-26,FTSE_100,^FTSE,Yahoo Finance,7026.89990234375
2021-05-27,FTSE_100,^FTSE,Yahoo Finance,7019.7001953125
2021-05-28,FTSE_100,^FTSE,Yahoo Finance,7022.60009765625
2021-06-01,FTSE_100,^FTSE,Yahoo Finance,7080.5
2021-06-02,FTSE_100,^FTSE,Yahoo Finance,7108.0
2021-06-03,FTSE_100,^FTSE,Yahoo Finance,7064.39990234375
2021-06-04,FTSE_100,^FTSE,Yahoo Finance,7069.0
2021-06-07,FTSE_100,^FTSE,Yahoo Finance,7077.2001953125
2021-06-08,FTSE_100,^FTSE,Yahoo Finance,7095.10009765625
2021-06-09,FTSE_100,^FTSE,Yahoo Finance,7081.0
2021-06-10,FTSE_100,^FTSE,Yahoo Finance,7088.2001953125
2021-06-11,FTSE_100,^FTSE,Yahoo Finance,7134.10009765625
2021-06-14,FTSE_100,^FTSE,Yahoo Finance,7146.7001953125
2021-06-15,FTSE_100,^FTSE,Yahoo Finance,7172.5
2021-06-16,FTSE_100,^FTSE,Yahoo Finance,7185.0
2021-06-17,FTSE_100,^FTSE,Yahoo Finance,7153.39990234375
2021-06-18,FTSE_100,^FTSE,Yahoo Finance,7017.5
2021-06-21,FTSE_100,^FTSE,Yahoo Finance,7062.2998046875
2021-06-22,FTSE_100,^FTSE,Yahoo Finance,7090.0
2021-06-23,FTSE_100,^FTSE,Yahoo Finance,7074.10009765625
2021-06-24,FTSE_100,^FTSE,Yahoo Finance,7110.0
2021-06-25,FTSE_100,^FTSE,Yahoo Finance,7136.10009765625
2021-06-28,FTSE_100,^FTSE,Yahoo Finance,7073.0
2021-06-29,FTSE_100,^FTSE,Yahoo Finance,7087.60009765625
2021-06-30,FTSE_100,^FTSE,Yahoo Finance,7037.5
2021-07-01,FTSE_100,^FTSE,Yahoo Finance,7125.2001953125
2021-07-02,FTSE_100,^FTSE,Yahoo Finance,7123.2998046875
2021-07-05,FTSE_100,^FTSE,Yahoo Finance,7164.89990234375
2021-07-06,FTSE_100,^FTSE,Yahoo Finance,7100.89990234375
2021-07-07,FTSE_100,^FTSE,Yahoo Finance,7151.0
2021-07-08,FTSE_100,^FTSE,Yahoo Finance,7030.7001953125
2021-07-09,FTSE_100,^FTSE,Yahoo Finance,7121.89990234375
2021-07-12,FTSE_100,^FTSE,Yahoo Finance,7125.39990234375
2021-07-13,FTSE_100,^FTSE,Yahoo Finance,7124.7001953125
2021-07-14,FTSE_100,^FTSE,Yahoo Finance,7091.2001953125
2021-07-15,FTSE_100,^FTSE,Yahoo Finance,7012.0
2021-07-16,FTSE_100,^FTSE,Yahoo Finance,7008.10009765625
2021-07-19,FTSE_100,^FTSE,Yahoo Finance,6844.39990234375
2021-07-20,FTSE_100,^FTSE,Yahoo Finance,6881.10009765625
2021-07-21,FTSE_100,^FTSE,Yahoo Finance,6998.2998046875
2021-07-22,FTSE_100,^FTSE,Yahoo Finance,6968.2998046875
2021-07-23,FTSE_100,^FTSE,Yahoo Finance,7027.60009765625
2021-07-26,FTSE_100,^FTSE,Yahoo Finance,7025.39990234375
2021-07-27,FTSE_100,^FTSE,Yahoo Finance,6996.10009765625
2021-07-28,FTSE_100,^FTSE,Yahoo Finance,7016.60009765625
2021-07-29,FTSE_100,^FTSE,Yahoo Finance,7078.39990234375
2021-07-30,FTSE_100,^FTSE,Yahoo Finance,7032.2998046875
2021-08-02,FTSE_100,^FTSE,Yahoo Finance,7081.7001953125
2021-08-03,FTSE_100,^FTSE,Yahoo Finance,7105.7001953125
2021-08-04,FTSE_100,^FTSE,Yahoo Finance,7123.89990234375
2021-08-05,FTSE_100,^FTSE,Yahoo Finance,7120.39990234375
2021-08-06,FTSE_100,^FTSE,Yahoo Finance,7123.0
2021-08-09,FTSE_100,^FTSE,Yahoo Finance,7132.2998046875
2021-08-10,FTSE_100,^FTSE,Yahoo Finance,7161.0
2021-08-11,FTSE_100,^FTSE,Yahoo Finance,7220.10009765625
2021-08-12,FTSE_100,^FTSE,Yahoo Finance,7193.2001953125
2021-08-13,FTSE_100,^FTSE,Yahoo Finance,7218.7001953125
2021-08-16,FTSE_100,^FTSE,Yahoo Finance,7154.0
2021-08-17,FTSE_100,^FTSE,Yahoo Finance,7181.10009765625
2021-08-18,FTSE_100,^FTSE,Yahoo Finance,7169.2998046875
2021-08-19,FTSE_100,^FTSE,Yahoo Finance,7058.89990234375
2021-08-20,FTSE_100,^FTSE,Yahoo Finance,7087.89990234375
2021-08-23,FTSE_100,^FTSE,Yahoo Finance,7109.0
2021-08-24,FTSE_100,^FTSE,Yahoo Finance,7125.7998046875
2021-08-25,FTSE_100,^FTSE,Yahoo Finance,7150.10009765625
2021-08-26,FTSE_100,^FTSE,Yahoo Finance,7125.0
2021-08-27,FTSE_100,^FTSE,Yahoo Finance,7148.0
2021-08-31,FTSE_100,^FTSE,Yahoo Finance,7119.7001953125
2021-09-01,FTSE_100,^FTSE,Yahoo Finance,7149.7998046875
2021-09-02,FTSE_100,^FTSE,Yahoo Finance,7163.89990234375
2021-09-03,FTSE_100,^FTSE,Yahoo Finance,7138.39990234375
2021-09-06,FTSE_100,^FTSE,Yahoo Finance,7187.2001953125
2021-09-07,FTSE_100,^FTSE,Yahoo Finance,7149.39990234375
2021-09-08,FTSE_100,^FTSE,Yahoo Finance,7095.5
2021-09-09,FTSE_100,^FTSE,Yahoo Finance,7024.2001953125
2021-09-10,FTSE_100,^FTSE,Yahoo Finance,7029.2001953125
2021-09-13,FTSE_100,^FTSE,Yahoo Finance,7068.39990234375
2021-09-14,FTSE_100,^FTSE,Yahoo Finance,7034.10009765625
2021-09-15,FTSE_100,^FTSE,Yahoo Finance,7016.5
2021-09-16,FTSE_100,^FTSE,Yahoo Finance,7027.5
2021-09-17,FTSE_100,^FTSE,Yahoo Finance,6963.60009765625
2021-09-20,FTSE_100,^FTSE,Yahoo Finance,6903.89990234375
2021-09-21,FTSE_100,^FTSE,Yahoo Finance,6981.0
2021-09-22,FTSE_100,^FTSE,Yahoo Finance,7083.39990234375
2021-09-23,FTSE_100,^FTSE,Yahoo Finance,7078.39990234375
2021-09-24,FTSE_100,^FTSE,Yahoo Finance,7051.5
2021-09-27,FTSE_100,^FTSE,Yahoo Finance,7063.39990234375
2021-09-28,FTSE_100,^FTSE,Yahoo Finance,7028.10009765625
2021-09-29,FTSE_100,^FTSE,Yahoo Finance,7108.2001953125
2021-09-30,FTSE_100,^FTSE,Yahoo Finance,7086.39990234375
2021-10-01,FTSE_100,^FTSE,Yahoo Finance,7027.10009765625
2021-10-04,FTSE_100,^FTSE,Yahoo Finance,7011.0
2021-10-05,FTSE_100,^FTSE,Yahoo Finance,7077.10009765625
2021-10-06,FTSE_100,^FTSE,Yahoo Finance,6995.89990234375
2021-10-07,FTSE_100,^FTSE,Yahoo Finance,7078.0
2021-10-08,FTSE_100,^FTSE,Yahoo Finance,7095.60009765625
2021-10-11,FTSE_100,^FTSE,Yahoo Finance,7146.89990234375
2021-10-12,FTSE_100,^FTSE,Yahoo Finance,7130.2001953125
2021-10-13,FTSE_100,^FTSE,Yahoo Finance,7141.7998046875
2021-10-14,FTSE_100,^FTSE,Yahoo Finance,7207.7001953125
2021-10-15,FTSE_100,^FTSE,Yahoo Finance,7234.0
2021-10-18,FTSE_100,^FTSE,Yahoo Finance,7203.7998046875
2021-10-19,FTSE_100,^FTSE,Yahoo Finance,7217.5
2021-10-20,FTSE_100,^FTSE,Yahoo Finance,7223.10009765625
2021-10-21,FTSE_100,^FTSE,Yahoo Finance,7190.2998046875
2021-10-22,FTSE_100,^FTSE,Yahoo Finance,7204.60009765625
2021-10-25,FTSE_100,^FTSE,Yahoo Finance,7222.7998046875
2021-10-26,FTSE_100,^FTSE,Yahoo Finance,7277.60009765625
2021-10-27,FTSE_100,^FTSE,Yahoo Finance,7253.2998046875
2021-10-28,FTSE_100,^FTSE,Yahoo Finance,7249.5
2021-10-29,FTSE_100,^FTSE,Yahoo Finance,7237.60009765625
2021-11-01,FTSE_100,^FTSE,Yahoo Finance,7288.60009765625
2021-11-02,FTSE_100,^FTSE,Yahoo Finance,7274.7998046875
2021-11-03,FTSE_100,^FTSE,Yahoo Finance,7248.89990234375
2021-11-04,FTSE_100,^FTSE,Yahoo Finance,7279.89990234375
2021-11-05,FTSE_100,^FTSE,Yahoo Finance,7304.0
2021-11-08,FTSE_100,^FTSE,Yahoo Finance,7300.39990234375
2021-11-09,FTSE_100,^FTSE,Yahoo Finance,7274.0
2021-11-10,FTSE_100,^FTSE,Yahoo Finance,7340.2001953125
2021-11-11,FTSE_100,^FTSE,Yahoo Finance,7384.2001953125
2021-11-12,FTSE_100,^FTSE,Yahoo Finance,7347.89990234375
2021-11-15,FTSE_100,^FTSE,Yahoo Finance,7351.89990234375
2021-11-16,FTSE_100,^FTSE,Yahoo Finance,7327.0
2021-11-17,FTSE_100,^FTSE,Yahoo Finance,7291.2001953125
2021-11-18,FTSE_100,^FTSE,Yahoo Finance,7256.0
2021-11-19,FTSE_100,^FTSE,Yahoo Finance,7223.60009765625
2021-11-22,FTSE_100,^FTSE,Yahoo Finance,7255.5
2021-11-23,FTSE_100,^FTSE,Yahoo Finance,7266.7001953125
2021-11-24,FTSE_100,^FTSE,Yahoo Finance,7286.2998046875
2021-11-25,FTSE_100,^FTSE,Yahoo Finance,7310.39990234375
2021-11-26,FTSE_100,^FTSE,Yahoo Finance,7044.0
2021-11-29,FTSE_100,^FTSE,Yahoo Finance,7110.0
2021-11-30,FTSE_100,^FTSE,Yahoo Finance,7059.5
2021-12-01,FTSE_100,^FTSE,Yahoo Finance,7168.7001953125
2021-12-02,FTSE_100,^FTSE,Yahoo Finance,7129.2001953125
2021-12-03,FTSE_100,^FTSE,Yahoo Finance,7122.2998046875
2021-12-06,FTSE_100,^FTSE,Yahoo Finance,7232.2998046875
2021-12-07,FTSE_100,^FTSE,Yahoo Finance,7339.89990234375
2021-12-08,FTSE_100,^FTSE,Yahoo Finance,7337.39990234375
2021-12-09,FTSE_100,^FTSE,Yahoo Finance,7321.2998046875
2021-12-10,FTSE_100,^FTSE,Yahoo Finance,7291.7998046875
2021-12-13,FTSE_100,^FTSE,Yahoo Finance,7231.39990234375
2021-12-14,FTSE_100,^FTSE,Yahoo Finance,7218.60009765625
2021-12-15,FTSE_100,^FTSE,Yahoo Finance,7170.7998046875
2021-12-16,FTSE_100,^FTSE,Yahoo Finance,7260.60009765625
2021-12-17,FTSE_100,^FTSE,Yahoo Finance,7269.89990234375
2021-12-20,FTSE_100,^FTSE,Yahoo Finance,7198.0
2021-12-21,FTSE_100,^FTSE,Yahoo Finance,7297.39990234375
2021-12-22,FTSE_100,^FTSE,Yahoo Finance,7341.7001953125
2021-12-23,FTSE_100,^FTSE,Yahoo Finance,7373.2998046875
2021-12-24,FTSE_100,^FTSE,Yahoo Finance,7372.10009765625
2021-12-29,FTSE_100,^FTSE,Yahoo Finance,7420.7001953125
2021-12-30,FTSE_100,^FTSE,Yahoo Finance,7403.0
2021-12-31,FTSE_100,^FTSE,Yahoo Finance,7384.5
2022-01-04,FTSE_100,^FTSE,Yahoo Finance,7505.2001953125
2022-01-05,FTSE_100,^FTSE,Yahoo Finance,7516.89990234375
2022-01-06,FTSE_100,^FTSE,Yahoo Finance,7450.39990234375
2022-01-07,FTSE_100,^FTSE,Yahoo Finance,7485.2998046875
2022-01-10,FTSE_100,^FTSE,Yahoo Finance,7445.2998046875
2022-01-11,FTSE_100,^FTSE,Yahoo Finance,7491.39990234375
2022-01-12,FTSE_100,^FTSE,Yahoo Finance,7551.7001953125
2022-01-13,FTSE_100,^FTSE,Yahoo Finance,7563.89990234375
2022-01-14,FTSE_100,^FTSE,Yahoo Finance,7543.0
2022-01-17,FTSE_100,^FTSE,Yahoo Finance,7611.2001953125
2022-01-18,FTSE_100,^FTSE,Yahoo Finance,7563.60009765625
2022-01-19,FTSE_100,^FTSE,Yahoo Finance,7589.7001953125
2022-01-20,FTSE_100,^FTSE,Yahoo Finance,7585.0
2022-01-21,FTSE_100,^FTSE,Yahoo Finance,7494.10009765625
2022-01-24,FTSE_100,^FTSE,Yahoo Finance,7297.2001953125
2022-01-25,FTSE_100,^FTSE,Yahoo Finance,7371.5
2022-01-26,FTSE_100,^FTSE,Yahoo Finance,7469.7998046875
2022-01-27,FTSE_100,^FTSE,Yahoo Finance,7554.2998046875
2022-01-28,FTSE_100,^FTSE,Yahoo Finance,7466.10009765625
2022-01-31,FTSE_100,^FTSE,Yahoo Finance,7464.39990234375
2022-02-01,FTSE_100,^FTSE,Yahoo Finance,7535.7998046875
2022-02-02,FTSE_100,^FTSE,Yahoo Finance,7583.0
2022-02-03,FTSE_100,^FTSE,Yahoo Finance,7528.7998046875
2022-02-04,FTSE_100,^FTSE,Yahoo Finance,7516.39990234375
2022-02-07,FTSE_100,^FTSE,Yahoo Finance,7573.5
2022-02-08,FTSE_100,^FTSE,Yahoo Finance,7567.10009765625
2022-02-09,FTSE_100,^FTSE,Yahoo Finance,7643.39990234375
2022-02-10,FTSE_100,^FTSE,Yahoo Finance,7672.39990234375
2022-02-11,FTSE_100,^FTSE,Yahoo Finance,7661.0
2022-02-14,FTSE_100,^FTSE,Yahoo Finance,7531.60009765625
2022-02-15,FTSE_100,^FTSE,Yahoo Finance,7608.89990234375
2022-02-16,FTSE_100,^FTSE,Yahoo Finance,7603.7998046875
2022-02-17,FTSE_100,^FTSE,Yahoo Finance,7537.39990234375
2022-02-18,FTSE_100,^FTSE,Yahoo Finance,7513.60009765625
2022-02-21,FTSE_100,^FTSE,Yahoo Finance,7484.2998046875
2022-02-22,FTSE_100,^FTSE,Yahoo Finance,7494.2001953125
2022-02-23,FTSE_100,^FTSE,Yahoo Finance,7498.2001953125
2022-02-24,FTSE_100,^FTSE,Yahoo Finance,7207.0
2022-02-25,FTSE_100,^FTSE,Yahoo Finance,7489.5
2022-02-28,FTSE_100,^FTSE,Yahoo Finance,7458.2998046875
2022-03-01,FTSE_100,^FTSE,Yahoo Finance,7330.2001953125
2022-03-02,FTSE_100,^FTSE,Yahoo Finance,7429.60009765625
2022-03-03,FTSE_100,^FTSE,Yahoo Finance,7238.89990234375
2022-03-04,FTSE_100,^FTSE,Yahoo Finance,6987.10009765625
2022-03-07,FTSE_100,^FTSE,Yahoo Finance,6959.5
2022-03-08,FTSE_100,^FTSE,Yahoo Finance,6964.10009765625
2022-03-09,FTSE_100,^FTSE,Yahoo Finance,7190.7001953125
2022-03-10,FTSE_100,^FTSE,Yahoo Finance,7099.10009765625
2022-03-11,FTSE_100,^FTSE,Yahoo Finance,7155.60009765625
2022-03-14,FTSE_100,^FTSE,Yahoo Finance,7193.5
2022-03-15,FTSE_100,^FTSE,Yahoo Finance,7175.7001953125
2022-03-16,FTSE_100,^FTSE,Yahoo Finance,7291.7001953125
2022-03-17,FTSE_100,^FTSE,Yahoo Finance,7385.2998046875
2022-03-18,FTSE_100,^FTSE,Yahoo Finance,7404.7001953125
2022-03-21,FTSE_100,^FTSE,Yahoo Finance,7442.39990234375
2022-03-22,FTSE_100,^FTSE,Yahoo Finance,7476.7001953125
2022-03-23,FTSE_100,^FTSE,Yahoo Finance,7460.60009765625
2022-03-24,FTSE_100,^FTSE,Yahoo Finance,7467.39990234375
2022-03-25,FTSE_100,^FTSE,Yahoo Finance,7483.39990234375
2022-03-28,FTSE_100,^FTSE,Yahoo Finance,7473.10009765625
2022-03-29,FTSE_100,^FTSE,Yahoo Finance,7537.2998046875
2022-03-30,FTSE_100,^FTSE,Yahoo Finance,7578.7998046875
2022-03-31,FTSE_100,^FTSE,Yahoo Finance,7515.7001953125
2022-04-01,FTSE_100,^FTSE,Yahoo Finance,7537.89990234375
2022-04-04,FTSE_100,^FTSE,Yahoo Finance,7558.89990234375
2022-04-05,FTSE_100,^FTSE,Yahoo Finance,7613.7001953125
2022-04-06,FTSE_100,^FTSE,Yahoo Finance,7587.7001953125
2022-04-07,FTSE_100,^FTSE,Yahoo Finance,7551.7998046875
2022-04-08,FTSE_100,^FTSE,Yahoo Finance,7669.60009765625
2022-04-11,FTSE_100,^FTSE,Yahoo Finance,7618.2998046875
2022-04-12,FTSE_100,^FTSE,Yahoo Finance,7576.7001953125
2022-04-13,FTSE_100,^FTSE,Yahoo Finance,7580.7998046875
2022-04-14,FTSE_100,^FTSE,Yahoo Finance,7616.39990234375
2022-04-19,FTSE_100,^FTSE,Yahoo Finance,7601.2998046875
2022-04-20,FTSE_100,^FTSE,Yahoo Finance,7629.2001953125
2022-04-21,FTSE_100,^FTSE,Yahoo Finance,7628.0
2022-04-22,FTSE_100,^FTSE,Yahoo Finance,7521.7001953125
2022-04-25,FTSE_100,^FTSE,Yahoo Finance,7380.5
2022-04-26,FTSE_100,^FTSE,Yahoo Finance,7386.2001953125
2022-04-27,FTSE_100,^FTSE,Yahoo Finance,7425.60009765625
2022-04-28,FTSE_100,^FTSE,Yahoo Finance,7509.2001953125
2022-04-29,FTSE_100,^FTSE,Yahoo Finance,7544.60009765625
2022-05-03,FTSE_100,^FTSE,Yahoo Finance,7561.2998046875
2022-05-04,FTSE_100,^FTSE,Yahoo Finance,7493.5
2022-05-05,FTSE_100,^FTSE,Yahoo Finance,7503.2998046875
2022-05-06,FTSE_100,^FTSE,Yahoo Finance,7387.89990234375
2022-05-09,FTSE_100,^FTSE,Yahoo Finance,7216.60009765625
2022-05-10,FTSE_100,^FTSE,Yahoo Finance,7243.2001953125
2022-05-11,FTSE_100,^FTSE,Yahoo Finance,7347.7001953125
2022-05-12,FTSE_100,^FTSE,Yahoo Finance,7233.2998046875
2022-05-13,FTSE_100,^FTSE,Yahoo Finance,7418.2001953125
2022-05-16,FTSE_100,^FTSE,Yahoo Finance,7464.7998046875
2022-05-17,FTSE_100,^FTSE,Yahoo Finance,7518.39990234375
2022-05-18,FTSE_100,^FTSE,Yahoo Finance,7438.10009765625
2022-05-19,FTSE_100,^FTSE,Yahoo Finance,7302.7001953125
2022-05-20,FTSE_100,^FTSE,Yahoo Finance,7390.0
2022-05-23,FTSE_100,^FTSE,Yahoo Finance,7513.39990234375
2022-05-24,FTSE_100,^FTSE,Yahoo Finance,7484.39990234375
2022-05-25,FTSE_100,^FTSE,Yahoo Finance,7522.7998046875
2022-05-26,FTSE_100,^FTSE,Yahoo Finance,7564.89990234375
2022-05-27,FTSE_100,^FTSE,Yahoo Finance,7585.5
2022-05-30,FTSE_100,^FTSE,Yahoo Finance,7600.10009765625
2022-05-31,FTSE_100,^FTSE,Yahoo Finance,7607.7001953125
2022-06-01,FTSE_100,^FTSE,Yahoo Finance,7533.0
2022-06-06,FTSE_100,^FTSE,Yahoo Finance,7608.2001953125
2022-06-07,FTSE_100,^FTSE,Yahoo Finance,7598.89990234375
2022-06-08,FTSE_100,^FTSE,Yahoo Finance,7593.0
2022-06-09,FTSE_100,^FTSE,Yahoo Finance,7476.2001953125
2022-06-10,FTSE_100,^FTSE,Yahoo Finance,7317.5
2022-06-13,FTSE_100,^FTSE,Yahoo Finance,7205.7998046875
2022-06-14,FTSE_100,^FTSE,Yahoo Finance,7187.5
2022-06-15,FTSE_100,^FTSE,Yahoo Finance,7273.39990234375
2022-06-16,FTSE_100,^FTSE,Yahoo Finance,7045.0
2022-06-17,FTSE_100,^FTSE,Yahoo Finance,7016.2998046875
2022-06-20,FTSE_100,^FTSE,Yahoo Finance,7121.7998046875
2022-06-21,FTSE_100,^FTSE,Yahoo Finance,7152.10009765625
2022-06-22,FTSE_100,^FTSE,Yahoo Finance,7089.2001953125
2022-06-23,FTSE_100,^FTSE,Yahoo Finance,7020.5
2022-06-24,FTSE_100,^FTSE,Yahoo Finance,7208.7998046875
2022-06-27,FTSE_100,^FTSE,Yahoo Finance,7258.2998046875
2022-06-28,FTSE_100,^FTSE,Yahoo Finance,7323.39990234375
2022-06-29,FTSE_100,^FTSE,Yahoo Finance,7312.2998046875
2022-06-30,FTSE_100,^FTSE,Yahoo Finance,7169.2998046875
2022-07-01,FTSE_100,^FTSE,Yahoo Finance,7168.7001953125
2022-07-04,FTSE_100,^FTSE,Yahoo Finance,7232.7001953125
2022-07-05,FTSE_100,^FTSE,Yahoo Finance,7025.5
2022-07-06,FTSE_100,^FTSE,Yahoo Finance,7107.7998046875
2022-07-07,FTSE_100,^FTSE,Yahoo Finance,7189.10009765625
2022-07-08,FTSE_100,^FTSE,Yahoo Finance,7196.2001953125
2022-07-11,FTSE_100,^FTSE,Yahoo Finance,7196.60009765625
2022-07-12,FTSE_100,^FTSE,Yahoo Finance,7209.89990234375
2022-07-13,FTSE_100,^FTSE,Yahoo Finance,7156.39990234375
2022-07-14,FTSE_100,^FTSE,Yahoo Finance,7039.7998046875
2022-07-15,FTSE_100,^FTSE,Yahoo Finance,7159.0
2022-07-18,FTSE_100,^FTSE,Yahoo Finance,7223.2001953125
2022-07-19,FTSE_100,^FTSE,Yahoo Finance,7296.2998046875
2022-07-20,FTSE_100,^FTSE,Yahoo Finance,7264.2998046875
2022-07-21,FTSE_100,^FTSE,Yahoo Finance,7270.5
2022-07-22,FTSE_100,^FTSE,Yahoo Finance,7276.39990234375
2022-07-25,FTSE_100,^FTSE,Yahoo Finance,7306.2998046875
2022-07-26,FTSE_100,^FTSE,Yahoo Finance,7306.2998046875
2022-07-27,FTSE_100,^FTSE,Yahoo Finance,7348.2001953125
2022-07-28,FTSE_100,^FTSE,Yahoo Finance,7345.2998046875
2022-07-29,FTSE_100,^FTSE,Yahoo Finance,7423.39990234375
2022-08-01,FTSE_100,^FTSE,Yahoo Finance,7413.39990234375
2022-08-02,FTSE_100,^FTSE,Yahoo Finance,7409.10009765625
2022-08-03,FTSE_100,^FTSE,Yahoo Finance,7445.7001953125
2022-08-04,FTSE_100,^FTSE,Yahoo Finance,7448.10009765625
2022-08-05,FTSE_100,^FTSE,Yahoo Finance,7439.7001953125
2022-08-08,FTSE_100,^FTSE,Yahoo Finance,7482.39990234375
2022-08-09,FTSE_100,^FTSE,Yahoo Finance,7488.2001953125
2022-08-10,FTSE_100,^FTSE,Yahoo Finance,7507.10009765625
2022-08-11,FTSE_100,^FTSE,Yahoo Finance,7465.89990234375
2022-08-12,FTSE_100,^FTSE,Yahoo Finance,7500.89990234375
2022-08-15,FTSE_100,^FTSE,Yahoo Finance,7509.2001953125
2022-08-16,FTSE_100,^FTSE,Yahoo Finance,7536.10009765625
2022-08-17,FTSE_100,^FTSE,Yahoo Finance,7515.7998046875
2022-08-18,FTSE_100,^FTSE,Yahoo Finance,7541.89990234375
2022-08-19,FTSE_100,^FTSE,Yahoo Finance,7550.39990234375
2022-08-22,FTSE_100,^FTSE,Yahoo Finance,7533.7998046875
2022-08-23,FTSE_100,^FTSE,Yahoo Finance,7488.10009765625
2022-08-24,FTSE_100,^FTSE,Yahoo Finance,7471.5
2022-08-25,FTSE_100,^FTSE,Yahoo Finance,7479.7001953125
2022-08-26,FTSE_100,^FTSE,Yahoo Finance,7427.2998046875
2022-08-30,FTSE_100,^FTSE,Yahoo Finance,7361.60009765625
2022-08-31,FTSE_100,^FTSE,Yahoo Finance,7284.2001953125
2022-09-01,FTSE_100,^FTSE,Yahoo Finance,7148.5
2022-09-02,FTSE_100,^FTSE,Yahoo Finance,7281.2001953125
2022-09-05,FTSE_100,^FTSE,Yahoo Finance,7287.39990234375
2022-09-06,FTSE_100,^FTSE,Yahoo Finance,7300.39990234375
2022-09-07,FTSE_100,^FTSE,Yahoo Finance,7237.7998046875
2022-09-08,FTSE_100,^FTSE,Yahoo Finance,7262.10009765625
2022-09-09,FTSE_100,^FTSE,Yahoo Finance,7351.10009765625
2022-09-12,FTSE_100,^FTSE,Yahoo Finance,7473.0
2022-09-13,FTSE_100,^FTSE,Yahoo Finance,7385.89990234375
2022-09-14,FTSE_100,^FTSE,Yahoo Finance,7277.2998046875
2022-09-15,FTSE_100,^FTSE,Yahoo Finance,7282.10009765625
2022-09-16,FTSE_100,^FTSE,Yahoo Finance,7236.7001953125
2022-09-20,FTSE_100,^FTSE,Yahoo Finance,7192.7001953125
2022-09-21,FTSE_100,^FTSE,Yahoo Finance,7237.60009765625
2022-09-22,FTSE_100,^FTSE,Yahoo Finance,7159.5
2022-09-23,FTSE_100,^FTSE,Yahoo Finance,7018.60009765625
2022-09-26,FTSE_100,^FTSE,Yahoo Finance,7021.0
2022-09-27,FTSE_100,^FTSE,Yahoo Finance,6984.60009765625
2022-09-28,FTSE_100,^FTSE,Yahoo Finance,7005.39990234375
2022-09-29,FTSE_100,^FTSE,Yahoo Finance,6881.60009765625
2022-09-30,FTSE_100,^FTSE,Yahoo Finance,6893.7998046875
2022-10-03,FTSE_100,^FTSE,Yahoo Finance,6908.7998046875
2022-10-04,FTSE_100,^FTSE,Yahoo Finance,7086.5
2022-10-05,FTSE_100,^FTSE,Yahoo Finance,7052.60009765625
2022-10-06,FTSE_100,^FTSE,Yahoo Finance,6997.2998046875
2022-10-07,FTSE_100,^FTSE,Yahoo Finance,6991.10009765625
2022-10-10,FTSE_100,^FTSE,Yahoo Finance,6959.2998046875
2022-10-11,FTSE_100,^FTSE,Yahoo Finance,6885.2001953125
2022-10-12,FTSE_100,^FTSE,Yahoo Finance,6826.2001953125
2022-10-13,FTSE_100,^FTSE,Yahoo Finance,6850.2998046875
2022-10-14,FTSE_100,^FTSE,Yahoo Finance,6858.7998046875
2022-10-17,FTSE_100,^FTSE,Yahoo Finance,6920.2001953125
2022-10-18,FTSE_100,^FTSE,Yahoo Finance,6936.7001953125
2022-10-19,FTSE_100,^FTSE,Yahoo Finance,6925.0
2022-10-20,FTSE_100,^FTSE,Yahoo Finance,6943.89990234375
2022-10-21,FTSE_100,^FTSE,Yahoo Finance,6969.7001953125
2022-10-24,FTSE_100,^FTSE,Yahoo Finance,7014.0
2022-10-25,FTSE_100,^FTSE,Yahoo Finance,7013.5
2022-10-26,FTSE_100,^FTSE,Yahoo Finance,7056.10009765625
2022-10-27,FTSE_100,^FTSE,Yahoo Finance,7073.7001953125
2022-10-28,FTSE_100,^FTSE,Yahoo Finance,7047.7001953125
2022-10-31,FTSE_100,^FTSE,Yahoo Finance,7094.5
2022-11-01,FTSE_100,^FTSE,Yahoo Finance,7186.2001953125
2022-11-02,FTSE_100,^FTSE,Yahoo Finance,7144.10009765625
2022-11-03,FTSE_100,^FTSE,Yahoo Finance,7188.60009765625
2022-11-04,FTSE_100,^FTSE,Yahoo Finance,7334.7998046875
2022-11-07,FTSE_100,^FTSE,Yahoo Finance,7300.0
2022-11-08,FTSE_100,^FTSE,Yahoo Finance,7306.10009765625
2022-11-09,FTSE_100,^FTSE,Yahoo Finance,7296.2998046875
2022-11-10,FTSE_100,^FTSE,Yahoo Finance,7375.2998046875
2022-11-11,FTSE_100,^FTSE,Yahoo Finance,7318.0
2022-11-14,FTSE_100,^FTSE,Yahoo Finance,7385.2001953125
2022-11-15,FTSE_100,^FTSE,Yahoo Finance,7369.39990234375
2022-11-16,FTSE_100,^FTSE,Yahoo Finance,7351.2001953125
2022-11-17,FTSE_100,^FTSE,Yahoo Finance,7346.5
2022-11-18,FTSE_100,^FTSE,Yahoo Finance,7385.5
2022-11-21,FTSE_100,^FTSE,Yahoo Finance,7376.89990234375
2022-11-22,FTSE_100,^FTSE,Yahoo Finance,7452.7998046875
2022-11-23,FTSE_100,^FTSE,Yahoo Finance,7465.2001953125
2022-11-24,FTSE_100,^FTSE,Yahoo Finance,7466.60009765625
2022-11-25,FTSE_100,^FTSE,Yahoo Finance,7486.7001953125
2022-11-28,FTSE_100,^FTSE,Yahoo Finance,7474.0
2022-11-29,FTSE_100,^FTSE,Yahoo Finance,7512.0
2022-11-30,FTSE_100,^FTSE,Yahoo Finance,7573.10009765625
2022-12-01,FTSE_100,^FTSE,Yahoo Finance,7558.5
2022-12-02,FTSE_100,^FTSE,Yahoo Finance,7556.2001953125
2022-12-05,FTSE_100,^FTSE,Yahoo Finance,7567.5
2022-12-06,FTSE_100,^FTSE,Yahoo Finance,7521.39990234375
2022-12-07,FTSE_100,^FTSE,Yahoo Finance,7489.2001953125
2022-12-08,FTSE_100,^FTSE,Yahoo Finance,7472.2001953125
2022-12-09,FTSE_100,^FTSE,Yahoo Finance,7476.60009765625
2022-12-12,FTSE_100,^FTSE,Yahoo Finance,7446.0
2022-12-13,FTSE_100,^FTSE,Yahoo Finance,7502.89990234375
2022-12-14,FTSE_100,^FTSE,Yahoo Finance,7495.89990234375
2022-12-15,FTSE_100,^FTSE,Yahoo Finance,7426.2001953125
2022-12-16,FTSE_100,^FTSE,Yahoo Finance,7332.10009765625
2022-12-19,FTSE_100,^FTSE,Yahoo Finance,7361.2998046875
2022-12-20,FTSE_100,^FTSE,Yahoo Finance,7370.60009765625
2022-12-21,FTSE_100,^FTSE,Yahoo Finance,7497.2998046875
2022-12-22,FTSE_100,^FTSE,Yahoo Finance,7469.2998046875
2022-12-23,FTSE_100,^FTSE,Yahoo Finance,7473.0
2022-12-28,FTSE_100,^FTSE,Yahoo Finance,7497.2001953125
2022-12-29,FTSE_100,^FTSE,Yahoo Finance,7512.7001953125
2022-12-30,FTSE_100,^FTSE,Yahoo Finance,7451.7001953125
2023-01-03,FTSE_100,^FTSE,Yahoo Finance,7554.10009765625
2023-01-04,FTSE_100,^FTSE,Yahoo Finance,7585.2001953125
2023-01-05,FTSE_100,^FTSE,Yahoo Finance,7633.5
2023-01-06,FTSE_100,^FTSE,Yahoo Finance,7699.5
2023-01-09,FTSE_100,^FTSE,Yahoo Finance,7724.89990234375
2023-01-10,FTSE_100,^FTSE,Yahoo Finance,7694.5
2023-01-11,FTSE_100,^FTSE,Yahoo Finance,7725.0
2023-01-12,FTSE_100,^FTSE,Yahoo Finance,7794.0
2023-01-13,FTSE_100,^FTSE,Yahoo Finance,7844.10009765625
2023-01-16,FTSE_100,^FTSE,Yahoo Finance,7860.10009765625
2023-01-17,FTSE_100,^FTSE,Yahoo Finance,7851.0
2023-01-18,FTSE_100,^FTSE,Yahoo Finance,7830.7001953125
2023-01-19,FTSE_100,^FTSE,Yahoo Finance,7747.2998046875
2023-01-20,FTSE_100,^FTSE,Yahoo Finance,7770.60009765625
2023-01-23,FTSE_100,^FTSE,Yahoo Finance,7784.7001953125
2023-01-24,FTSE_100,^FTSE,Yahoo Finance,7757.39990234375
2023-01-25,FTSE_100,^FTSE,Yahoo Finance,7744.89990234375
2023-01-26,FTSE_100,^FTSE,Yahoo Finance,7761.10009765625
2023-01-27,FTSE_100,^FTSE,Yahoo Finance,7765.2001953125
2023-01-30,FTSE_100,^FTSE,Yahoo Finance,7784.89990234375
2023-01-31,FTSE_100,^FTSE,Yahoo Finance,7771.7001953125
2023-02-01,FTSE_100,^FTSE,Yahoo Finance,7761.10009765625
2023-02-02,FTSE_100,^FTSE,Yahoo Finance,7820.2001953125
2023-02-03,FTSE_100,^FTSE,Yahoo Finance,7901.7998046875
2023-02-06,FTSE_100,^FTSE,Yahoo Finance,7836.7001953125
2023-02-07,FTSE_100,^FTSE,Yahoo Finance,7864.7001953125
2023-02-08,FTSE_100,^FTSE,Yahoo Finance,7885.2001953125
2023-02-09,FTSE_100,^FTSE,Yahoo Finance,7911.2001953125
2023-02-10,FTSE_100,^FTSE,Yahoo Finance,7882.5
2023-02-13,FTSE_100,^FTSE,Yahoo Finance,7947.60009765625
2023-02-14,FTSE_100,^FTSE,Yahoo Finance,7953.89990234375
2023-02-15,FTSE_100,^FTSE,Yahoo Finance,7997.7998046875
2023-02-16,FTSE_100,^FTSE,Yahoo Finance,8012.5
2023-02-17,FTSE_100,^FTSE,Yahoo Finance,8004.39990234375
2023-02-20,FTSE_100,^FTSE,Yahoo Finance,8014.2998046875
2023-02-21,FTSE_100,^FTSE,Yahoo Finance,7977.7998046875
2023-02-22,FTSE_100,^FTSE,Yahoo Finance,7930.60009765625
2023-02-23,FTSE_100,^FTSE,Yahoo Finance,7907.7001953125
2023-02-24,FTSE_100,^FTSE,Yahoo Finance,7878.7001953125
2023-02-27,FTSE_100,^FTSE,Yahoo Finance,7935.10009765625
2023-02-28,FTSE_100,^FTSE,Yahoo Finance,7876.2998046875
2023-03-01,FTSE_100,^FTSE,Yahoo Finance,7914.89990234375
2023-03-02,FTSE_100,^FTSE,Yahoo Finance,7944.0
2023-03-03,FTSE_100,^FTSE,Yahoo Finance,7947.10009765625
2023-03-06,FTSE_100,^FTSE,Yahoo Finance,7929.7998046875
2023-03-07,FTSE_100,^FTSE,Yahoo Finance,7919.5
2023-03-08,FTSE_100,^FTSE,Yahoo Finance,7929.89990234375
2023-03-09,FTSE_100,^FTSE,Yahoo Finance,7880.0
2023-03-10,FTSE_100,^FTSE,Yahoo Finance,7748.39990234375
2023-03-13,FTSE_100,^FTSE,Yahoo Finance,7548.60009765625
2023-03-14,FTSE_100,^FTSE,Yahoo Finance,7637.10009765625
2023-03-15,FTSE_100,^FTSE,Yahoo Finance,7344.5
2023-03-16,FTSE_100,^FTSE,Yahoo Finance,7410.0
2023-03-17,FTSE_100,^FTSE,Yahoo Finance,7335.39990234375
2023-03-20,FTSE_100,^FTSE,Yahoo Finance,7403.89990234375
2023-03-21,FTSE_100,^FTSE,Yahoo Finance,7536.2001953125
2023-03-22,FTSE_100,^FTSE,Yahoo Finance,7566.7998046875
2023-03-23,FTSE_100,^FTSE,Yahoo Finance,7499.60009765625
2023-03-24,FTSE_100,^FTSE,Yahoo Finance,7405.5
2023-03-27,FTSE_100,^FTSE,Yahoo Finance,7471.7998046875
2023-03-28,FTSE_100,^FTSE,Yahoo Finance,7484.2998046875
2023-03-29,FTSE_100,^FTSE,Yahoo Finance,7564.2998046875
2023-03-30,FTSE_100,^FTSE,Yahoo Finance,7620.39990234375
2023-03-31,FTSE_100,^FTSE,Yahoo Finance,7631.7001953125
2023-04-03,FTSE_100,^FTSE,Yahoo Finance,7673.0
2023-04-04,FTSE_100,^FTSE,Yahoo Finance,7634.5
2023-04-05,FTSE_100,^FTSE,Yahoo Finance,7662.89990234375
2023-04-06,FTSE_100,^FTSE,Yahoo Finance,7741.60009765625
2023-04-11,FTSE_100,^FTSE,Yahoo Finance,7785.7001953125
2023-04-12,FTSE_100,^FTSE,Yahoo Finance,7824.7998046875
2023-04-13,FTSE_100,^FTSE,Yahoo Finance,7843.39990234375
2023-04-14,FTSE_100,^FTSE,Yahoo Finance,7871.89990234375
2023-04-17,FTSE_100,^FTSE,Yahoo Finance,7879.5
2023-04-18,FTSE_100,^FTSE,Yahoo Finance,7909.39990234375
2023-04-19,FTSE_100,^FTSE,Yahoo Finance,7898.7998046875
2023-04-20,FTSE_100,^FTSE,Yahoo Finance,7902.60009765625
2023-04-21,FTSE_100,^FTSE,Yahoo Finance,7914.10009765625
2023-04-24,FTSE_100,^FTSE,Yahoo Finance,7912.2001953125
2023-04-25,FTSE_100,^FTSE,Yahoo Finance,7891.10009765625
2023-04-26,FTSE_100,^FTSE,Yahoo Finance,7852.60009765625
2023-04-27,FTSE_100,^FTSE,Yahoo Finance,7831.60009765625
2023-04-28,FTSE_100,^FTSE,Yahoo Finance,7870.60009765625
2023-05-02,FTSE_100,^FTSE,Yahoo Finance,7773.0
2023-05-03,FTSE_100,^FTSE,Yahoo Finance,7788.39990234375
2023-05-04,FTSE_100,^FTSE,Yahoo Finance,7702.60009765625
2023-05-05,FTSE_100,^FTSE,Yahoo Finance,7778.39990234375
2023-05-09,FTSE_100,^FTSE,Yahoo Finance,7764.10009765625
2023-05-10,FTSE_100,^FTSE,Yahoo Finance,7741.2998046875
2023-05-11,FTSE_100,^FTSE,Yahoo Finance,7730.60009765625
2023-05-12,FTSE_100,^FTSE,Yahoo Finance,7754.60009765625
2023-05-15,FTSE_100,^FTSE,Yahoo Finance,7777.7001953125
2023-05-16,FTSE_100,^FTSE,Yahoo Finance,7751.10009765625
2023-05-17,FTSE_100,^FTSE,Yahoo Finance,7723.2001953125
2023-05-18,FTSE_100,^FTSE,Yahoo Finance,7742.2998046875
2023-05-19,FTSE_100,^FTSE,Yahoo Finance,7756.89990234375
2023-05-22,FTSE_100,^FTSE,Yahoo Finance,7771.0
2023-05-23,FTSE_100,^FTSE,Yahoo Finance,7763.0
2023-05-24,FTSE_100,^FTSE,Yahoo Finance,7627.10009765625
2023-05-25,FTSE_100,^FTSE,Yahoo Finance,7570.89990234375
2023-05-26,FTSE_100,^FTSE,Yahoo Finance,7627.2001953125
2023-05-30,FTSE_100,^FTSE,Yahoo Finance,7522.10009765625
2023-05-31,FTSE_100,^FTSE,Yahoo Finance,7446.10009765625
2023-06-01,FTSE_100,^FTSE,Yahoo Finance,7490.2998046875
2023-06-02,FTSE_100,^FTSE,Yahoo Finance,7607.2998046875
2023-06-05,FTSE_100,^FTSE,Yahoo Finance,7600.0
2023-06-06,FTSE_100,^FTSE,Yahoo Finance,7628.10009765625
2023-06-07,FTSE_100,^FTSE,Yahoo Finance,7624.2998046875
2023-06-08,FTSE_100,^FTSE,Yahoo Finance,7599.7001953125
2023-06-09,FTSE_100,^FTSE,Yahoo Finance,7562.39990234375
2023-06-12,FTSE_100,^FTSE,Yahoo Finance,7570.7001953125
2023-06-13,FTSE_100,^FTSE,Yahoo Finance,7594.7998046875
2023-06-14,FTSE_100,^FTSE,Yahoo Finance,7602.7001953125
2023-06-15,FTSE_100,^FTSE,Yahoo Finance,7628.2998046875
2023-06-16,FTSE_100,^FTSE,Yahoo Finance,7642.7001953125
2023-06-19,FTSE_100,^FTSE,Yahoo Finance,7588.5
2023-06-20,FTSE_100,^FTSE,Yahoo Finance,7569.2998046875
2023-06-21,FTSE_100,^FTSE,Yahoo Finance,7559.2001953125
2023-06-22,FTSE_100,^FTSE,Yahoo Finance,7502.0
2023-06-23,FTSE_100,^FTSE,Yahoo Finance,7461.89990234375
2023-06-26,FTSE_100,^FTSE,Yahoo Finance,7453.60009765625
2023-06-27,FTSE_100,^FTSE,Yahoo Finance,7461.5
2023-06-28,FTSE_100,^FTSE,Yahoo Finance,7500.5
2023-06-29,FTSE_100,^FTSE,Yahoo Finance,7471.7001953125
2023-06-30,FTSE_100,^FTSE,Yahoo Finance,7531.5
2023-07-03,FTSE_100,^FTSE,Yahoo Finance,7527.2998046875
2023-07-04,FTSE_100,^FTSE,Yahoo Finance,7519.7001953125
2023-07-05,FTSE_100,^FTSE,Yahoo Finance,7442.10009765625
2023-07-06,FTSE_100,^FTSE,Yahoo Finance,7280.5
2023-07-07,FTSE_100,^FTSE,Yahoo Finance,7256.89990234375
2023-07-10,FTSE_100,^FTSE,Yahoo Finance,7273.7998046875
2023-07-11,FTSE_100,^FTSE,Yahoo Finance,7282.5
2023-07-12,FTSE_100,^FTSE,Yahoo Finance,7416.10009765625
2023-07-13,FTSE_100,^FTSE,Yahoo Finance,7440.2001953125
2023-07-14,FTSE_100,^FTSE,Yahoo Finance,7434.60009765625
2023-07-17,FTSE_100,^FTSE,Yahoo Finance,7406.39990234375
2023-07-18,FTSE_100,^FTSE,Yahoo Finance,7453.7001953125
2023-07-19,FTSE_100,^FTSE,Yahoo Finance,7588.2001953125
2023-07-20,FTSE_100,^FTSE,Yahoo Finance,7646.10009765625
2023-07-21,FTSE_100,^FTSE,Yahoo Finance,7663.7001953125
2023-07-24,FTSE_100,^FTSE,Yahoo Finance,7678.60009765625
2023-07-25,FTSE_100,^FTSE,Yahoo Finance,7691.7998046875
2023-07-26,FTSE_100,^FTSE,Yahoo Finance,7676.89990234375
2023-07-27,FTSE_100,^FTSE,Yahoo Finance,7692.7998046875
2023-07-28,FTSE_100,^FTSE,Yahoo Finance,7694.2998046875
2023-07-31,FTSE_100,^FTSE,Yahoo Finance,7699.39990234375
2023-08-01,FTSE_100,^FTSE,Yahoo Finance,7666.2998046875
2023-08-02,FTSE_100,^FTSE,Yahoo Finance,7561.60009765625
2023-08-03,FTSE_100,^FTSE,Yahoo Finance,7529.2001953125
2023-08-04,FTSE_100,^FTSE,Yahoo Finance,7564.39990234375
2023-08-07,FTSE_100,^FTSE,Yahoo Finance,7554.5
2023-08-08,FTSE_100,^FTSE,Yahoo Finance,7527.39990234375
2023-08-09,FTSE_100,^FTSE,Yahoo Finance,7587.2998046875
2023-08-10,FTSE_100,^FTSE,Yahoo Finance,7618.60009765625
2023-08-11,FTSE_100,^FTSE,Yahoo Finance,7524.2001953125
2023-08-14,FTSE_100,^FTSE,Yahoo Finance,7507.2001953125
2023-08-15,FTSE_100,^FTSE,Yahoo Finance,7389.60009765625
2023-08-16,FTSE_100,^FTSE,Yahoo Finance,7356.89990234375
2023-08-17,FTSE_100,^FTSE,Yahoo Finance,7310.2001953125
2023-08-18,FTSE_100,^FTSE,Yahoo Finance,7262.39990234375
2023-08-21,FTSE_100,^FTSE,Yahoo Finance,7257.7998046875
2023-08-22,FTSE_100,^FTSE,Yahoo Finance,7270.7998046875
2023-08-23,FTSE_100,^FTSE,Yahoo Finance,7320.5
2023-08-24,FTSE_100,^FTSE,Yahoo Finance,7333.60009765625
2023-08-25,FTSE_100,^FTSE,Yahoo Finance,7338.60009765625
2023-08-29,FTSE_100,^FTSE,Yahoo Finance,7465.0
2023-08-30,FTSE_100,^FTSE,Yahoo Finance,7473.7001953125
2023-08-31,FTSE_100,^FTSE,Yahoo Finance,7439.10009765625
2023-09-01,FTSE_100,^FTSE,Yahoo Finance,7464.5
2023-09-04,FTSE_100,^FTSE,Yahoo Finance,7452.7998046875
2023-09-05,FTSE_100,^FTSE,Yahoo Finance,7437.89990234375
2023-09-06,FTSE_100,^FTSE,Yahoo Finance,7426.10009765625
2023-09-07,FTSE_100,^FTSE,Yahoo Finance,7441.7001953125
2023-09-08,FTSE_100,^FTSE,Yahoo Finance,7478.2001953125
2023-09-11,FTSE_100,^FTSE,Yahoo Finance,7496.89990234375
2023-09-12,FTSE_100,^FTSE,Yahoo Finance,7527.5
2023-09-13,FTSE_100,^FTSE,Yahoo Finance,7526.0
2023-09-14,FTSE_100,^FTSE,Yahoo Finance,7673.10009765625
2023-09-15,FTSE_100,^FTSE,Yahoo Finance,7711.39990234375
2023-09-18,FTSE_100,^FTSE,Yahoo Finance,7652.89990234375
2023-09-19,FTSE_100,^FTSE,Yahoo Finance,7660.2001953125
2023-09-20,FTSE_100,^FTSE,Yahoo Finance,7731.7001953125
2023-09-21,FTSE_100,^FTSE,Yahoo Finance,7678.60009765625
2023-09-22,FTSE_100,^FTSE,Yahoo Finance,7683.89990234375
2023-09-25,FTSE_100,^FTSE,Yahoo Finance,7624.0
2023-09-26,FTSE_100,^FTSE,Yahoo Finance,7625.7001953125
2023-09-27,FTSE_100,^FTSE,Yahoo Finance,7593.2001953125
2023-09-28,FTSE_100,^FTSE,Yahoo Finance,7601.89990234375
2023-09-29,FTSE_100,^FTSE,Yahoo Finance,7608.10009765625
2023-10-02,FTSE_100,^FTSE,Yahoo Finance,7510.7001953125
2023-10-03,FTSE_100,^FTSE,Yahoo Finance,7470.2001953125
2023-10-04,FTSE_100,^FTSE,Yahoo Finance,7412.5
2023-10-05,FTSE_100,^FTSE,Yahoo Finance,7451.5
2023-10-06,FTSE_100,^FTSE,Yahoo Finance,7494.60009765625
2023-10-09,FTSE_100,^FTSE,Yahoo Finance,7492.2001953125
2023-10-10,FTSE_100,^FTSE,Yahoo Finance,7628.2001953125
2023-10-11,FTSE_100,^FTSE,Yahoo Finance,7620.0
2023-10-12,FTSE_100,^FTSE,Yahoo Finance,7644.7998046875
2023-10-13,FTSE_100,^FTSE,Yahoo Finance,7599.60009765625
2023-10-16,FTSE_100,^FTSE,Yahoo Finance,7630.60009765625
2023-10-17,FTSE_100,^FTSE,Yahoo Finance,7675.2001953125
2023-10-18,FTSE_100,^FTSE,Yahoo Finance,7588.0
2023-10-19,FTSE_100,^FTSE,Yahoo Finance,7499.5
2023-10-20,FTSE_100,^FTSE,Yahoo Finance,7402.10009765625
2023-10-23,FTSE_100,^FTSE,Yahoo Finance,7374.7998046875
2023-10-24,FTSE_100,^FTSE,Yahoo Finance,7389.7001953125
2023-10-25,FTSE_100,^FTSE,Yahoo Finance,7414.2998046875
2023-10-26,FTSE_100,^FTSE,Yahoo Finance,7354.60009765625
2023-10-27,FTSE_100,^FTSE,Yahoo Finance,7291.2998046875
2023-10-30,FTSE_100,^FTSE,Yahoo Finance,7327.39990234375
2023-10-31,FTSE_100,^FTSE,Yahoo Finance,7321.7001953125
2023-11-01,FTSE_100,^FTSE,Yahoo Finance,7342.39990234375
2023-11-02,FTSE_100,^FTSE,Yahoo Finance,7446.5
2023-11-03,FTSE_100,^FTSE,Yahoo Finance,7417.7001953125
2023-11-06,FTSE_100,^FTSE,Yahoo Finance,7417.7998046875
2023-11-07,FTSE_100,^FTSE,Yahoo Finance,7410.0
2023-11-08,FTSE_100,^FTSE,Yahoo Finance,7401.7001953125
2023-11-09,FTSE_100,^FTSE,Yahoo Finance,7455.7001953125
2023-11-10,FTSE_100,^FTSE,Yahoo Finance,7360.60009765625
2023-11-13,FTSE_100,^FTSE,Yahoo Finance,7425.7998046875
2023-11-14,FTSE_100,^FTSE,Yahoo Finance,7440.5
2023-11-15,FTSE_100,^FTSE,Yahoo Finance,7486.89990234375
2023-11-16,FTSE_100,^FTSE,Yahoo Finance,7411.0
2023-11-17,FTSE_100,^FTSE,Yahoo Finance,7504.2998046875
2023-11-20,FTSE_100,^FTSE,Yahoo Finance,7496.39990234375
2023-11-21,FTSE_100,^FTSE,Yahoo Finance,7482.0
2023-11-22,FTSE_100,^FTSE,Yahoo Finance,7469.5
2023-11-23,FTSE_100,^FTSE,Yahoo Finance,7483.60009765625
2023-11-24,FTSE_100,^FTSE,Yahoo Finance,7488.2001953125
2023-11-27,FTSE_100,^FTSE,Yahoo Finance,7460.7001953125
2023-11-28,FTSE_100,^FTSE,Yahoo Finance,7455.2001953125
2023-11-29,FTSE_100,^FTSE,Yahoo Finance,7423.5
2023-11-30,FTSE_100,^FTSE,Yahoo Finance,7453.7998046875
2023-12-01,FTSE_100,^FTSE,Yahoo Finance,7529.39990234375
2023-12-04,FTSE_100,^FTSE,Yahoo Finance,7513.0
2023-12-05,FTSE_100,^FTSE,Yahoo Finance,7489.7998046875
2023-12-06,FTSE_100,^FTSE,Yahoo Finance,7515.39990234375
2023-12-07,FTSE_100,^FTSE,Yahoo Finance,7513.7001953125
2023-12-08,FTSE_100,^FTSE,Yahoo Finance,7554.5
2023-12-11,FTSE_100,^FTSE,Yahoo Finance,7544.89990234375
2023-12-12,FTSE_100,^FTSE,Yahoo Finance,7542.7998046875
2023-12-13,FTSE_100,^FTSE,Yahoo Finance,7548.39990234375
2023-12-14,FTSE_100,^FTSE,Yahoo Finance,7649.0
2023-12-15,FTSE_100,^FTSE,Yahoo Finance,7576.39990234375
2023-12-18,FTSE_100,^FTSE,Yahoo Finance,7614.5
2023-12-19,FTSE_100,^FTSE,Yahoo Finance,7638.0
2023-12-20,FTSE_100,^FTSE,Yahoo Finance,7715.7001953125
2023-12-21,FTSE_100,^FTSE,Yahoo Finance,7694.7001953125
2023-12-22,FTSE_100,^FTSE,Yahoo Finance,7697.5
2023-12-27,FTSE_100,^FTSE,Yahoo Finance,7725.0
2023-12-28,FTSE_100,^FTSE,Yahoo Finance,7722.7001953125
2023-12-29,FTSE_100,^FTSE,Yahoo Finance,7733.2001953125
2021-01-04,WIG20,WIG20,Stooq,2008.75
2021-01-05,WIG20,WIG20,Stooq,2009.12
2021-01-07,WIG20,WIG20,Stooq,2074.11
2021-01-08,WIG20,WIG20,Stooq,2072.74
2021-01-11,WIG20,WIG20,Stooq,2066.97
2021-01-12,WIG20,WIG20,Stooq,2043.73
2021-01-13,WIG20,WIG20,Stooq,2023.36
2021-01-14,WIG20,WIG20,Stooq,2031.71
2021-01-15,WIG20,WIG20,Stooq,1985.68
2021-01-18,WIG20,WIG20,Stooq,2023.74
2021-01-19,WIG20,WIG20,Stooq,1980.12
2021-01-20,WIG20,WIG20,Stooq,1986.09
2021-01-21,WIG20,WIG20,Stooq,1953.49
2021-01-22,WIG20,WIG20,Stooq,1952.67
2021-01-25,WIG20,WIG20,Stooq,1945.78
2021-01-26,WIG20,WIG20,Stooq,1981.98
2021-01-27,WIG20,WIG20,Stooq,1929.21
2021-01-28,WIG20,WIG20,Stooq,1987.83
2021-01-29,WIG20,WIG20,Stooq,1948.01
2021-02-01,WIG20,WIG20,Stooq,1967.72
2021-02-02,WIG20,WIG20,Stooq,1954.02
2021-02-03,WIG20,WIG20,Stooq,1940.69
2021-02-04,WIG20,WIG20,Stooq,1927.02
2021-02-05,WIG20,WIG20,Stooq,1957.73
2021-02-08,WIG20,WIG20,Stooq,1952.1
2021-02-09,WIG20,WIG20,Stooq,1941.6
2021-02-10,WIG20,WIG20,Stooq,1917.54
2021-02-11,WIG20,WIG20,Stooq,1954.92
2021-02-12,WIG20,WIG20,Stooq,1937.07
2021-02-15,WIG20,WIG20,Stooq,1974.82
2021-02-16,WIG20,WIG20,Stooq,2004.54
2021-02-17,WIG20,WIG20,Stooq,1986.8
2021-02-18,WIG20,WIG20,Stooq,1980.77
2021-02-19,WIG20,WIG20,Stooq,1985.31
2021-02-22,WIG20,WIG20,Stooq,1961.62
2021-02-23,WIG20,WIG20,Stooq,1922.59
2021-02-24,WIG20,WIG20,Stooq,1937.9
2021-02-25,WIG20,WIG20,Stooq,1936.47
2021-02-26,WIG20,WIG20,Stooq,1907.28
2021-03-01,WIG20,WIG20,Stooq,1949.57
2021-03-02,WIG20,WIG20,Stooq,1959.52
2021-03-03,WIG20,WIG20,Stooq,1943.24
2021-03-04,WIG20,WIG20,Stooq,1944.86
2021-03-05,WIG20,WIG20,Stooq,1939.59
2021-03-08,WIG20,WIG20,Stooq,1965.25
2021-03-09,WIG20,WIG20,Stooq,1994.18
2021-03-10,WIG20,WIG20,Stooq,2003.55
2021-03-11,WIG20,WIG20,Stooq,1994.38
2021-03-12,WIG20,WIG20,Stooq,2006.11
2021-03-15,WIG20,WIG20,Stooq,2001.24
2021-03-16,WIG20,WIG20,Stooq,1981.41
2021-03-17,WIG20,WIG20,Stooq,1939.01
2021-03-18,WIG20,WIG20,Stooq,1960.75
2021-03-19,WIG20,WIG20,Stooq,1927.56
2021-03-22,WIG20,WIG20,Stooq,1929.12
2021-03-23,WIG20,WIG20,Stooq,1923.55
2021-03-24,WIG20,WIG20,Stooq,1899.95
2021-03-25,WIG20,WIG20,Stooq,1876.85
2021-03-26,WIG20,WIG20,Stooq,1918.71
2021-03-29,WIG20,WIG20,Stooq,1953.02
2021-03-30,WIG20,WIG20,Stooq,1942.32
2021-03-31,WIG20,WIG20,Stooq,1938.84
2021-04-01,WIG20,WIG20,Stooq,1954.38
2021-04-06,WIG20,WIG20,Stooq,2012.87
2021-04-07,WIG20,WIG20,Stooq,1998.73
2021-04-08,WIG20,WIG20,Stooq,1980.32
2021-04-09,WIG20,WIG20,Stooq,1975.11
2021-04-12,WIG20,WIG20,Stooq,1982.58
2021-04-13,WIG20,WIG20,Stooq,1974.73
2021-04-14,WIG20,WIG20,Stooq,2011.96
2021-04-15,WIG20,WIG20,Stooq,2019.29
2021-04-16,WIG20,WIG20,Stooq,2012.27
2021-04-19,WIG20,WIG20,Stooq,1998.99
2021-04-20,WIG20,WIG20,Stooq,1987.76
2021-04-21,WIG20,WIG20,Stooq,1982.4
2021-04-22,WIG20,WIG20,Stooq,1989.73
2021-04-23,WIG20,WIG20,Stooq,1986.63
2021-04-26,WIG20,WIG20,Stooq,2005.1
2021-04-27,WIG20,WIG20,Stooq,1998.92
2021-04-28,WIG20,WIG20,Stooq,2029.64
2021-04-29,WIG20,WIG20,Stooq,2050.69
2021-04-30,WIG20,WIG20,Stooq,2037.59
2021-05-04,WIG20,WIG20,Stooq,2004.04
2021-05-05,WIG20,WIG20,Stooq,2047.36
2021-05-06,WIG20,WIG20,Stooq,2046.67
2021-05-07,WIG20,WIG20,Stooq,2097.31
2021-05-10,WIG20,WIG20,Stooq,2115.7
2021-05-11,WIG20,WIG20,Stooq,2110.48
2021-05-12,WIG20,WIG20,Stooq,2091.39
2021-05-13,WIG20,WIG20,Stooq,2089.32
2021-05-14,WIG20,WIG20,Stooq,2092.8
2021-05-17,WIG20,WIG20,Stooq,2128.49
2021-05-18,WIG20,WIG20,Stooq,2136.54
2021-05-19,WIG20,WIG20,Stooq,2115.15
2021-05-20,WIG20,WIG20,Stooq,2131.18
2021-05-21,WIG20,WIG20,Stooq,2139.06
2021-05-24,WIG20,WIG20,Stooq,2134.18
2021-05-25,WIG20,WIG20,Stooq,2153.78
2021-05-26,WIG20,WIG20,Stooq,2164.89
2021-05-27,WIG20,WIG20,Stooq,2207.47
2021-05-28,WIG20,WIG20,Stooq,2236.31
2021-05-31,WIG20,WIG20,Stooq,2233.36
2021-06-01,WIG20,WIG20,Stooq,2233.37
2021-06-02,WIG20,WIG20,Stooq,2252.26
2021-06-04,WIG20,WIG20,Stooq,2254.59
2021-06-07,WIG20,WIG20,Stooq,2246.63
2021-06-08,WIG20,WIG20,Stooq,2237.61
2021-06-09,WIG20,WIG20,Stooq,2218.45
2021-06-10,WIG20,WIG20,Stooq,2236.89
2021-06-11,WIG20,WIG20,Stooq,2224.67
2021-06-14,WIG20,WIG20,Stooq,2253.2
2021-06-15,WIG20,WIG20,Stooq,2230.37
2021-06-16,WIG20,WIG20,Stooq,2225.27
2021-06-17,WIG20,WIG20,Stooq,2211.58
2021-06-18,WIG20,WIG20,Stooq,2220.68
2021-06-21,WIG20,WIG20,Stooq,2219.45
2021-06-22,WIG20,WIG20,Stooq,2220.53
2021-06-23,WIG20,WIG20,Stooq,2233.7
2021-06-24,WIG20,WIG20,Stooq,2273.11
2021-06-25,WIG20,WIG20,Stooq,2282.46
2021-06-28,WIG20,WIG20,Stooq,2285.81
2021-06-29,WIG20,WIG20,Stooq,2258.24
2021-06-30,WIG20,WIG20,Stooq,2218.41
2021-07-01,WIG20,WIG20,Stooq,2250.58
2021-07-02,WIG20,WIG20,Stooq,2252.18
2021-07-05,WIG20,WIG20,Stooq,2258.82
2021-07-06,WIG20,WIG20,Stooq,2228.46
2021-07-07,WIG20,WIG20,Stooq,2285.79
2021-07-08,WIG20,WIG20,Stooq,2234.6
2021-07-09,WIG20,WIG20,Stooq,2251.78
2021-07-12,WIG20,WIG20,Stooq,2255.48
2021-07-13,WIG20,WIG20,Stooq,2264.26
2021-07-14,WIG20,WIG20,Stooq,2268.57
2021-07-15,WIG20,WIG20,Stooq,2260.49
2021-07-16,WIG20,WIG20,Stooq,2258.1
2021-07-19,WIG20,WIG20,Stooq,2205.86
2021-07-20,WIG20,WIG20,Stooq,2221.28
2021-07-21,WIG20,WIG20,Stooq,2241.97
2021-07-22,WIG20,WIG20,Stooq,2229.86
2021-07-23,WIG20,WIG20,Stooq,2242.41
2021-07-26,WIG20,WIG20,Stooq,2240.65
2021-07-27,WIG20,WIG20,Stooq,2224.59
2021-07-28,WIG20,WIG20,Stooq,2245.76
2021-07-29,WIG20,WIG20,Stooq,2265.69
2021-07-30,WIG20,WIG20,Stooq,2253.45
2021-08-02,WIG20,WIG20,Stooq,2253.28
2021-08-03,WIG20,WIG20,Stooq,2257.73
2021-08-04,WIG20,WIG20,Stooq,2272.09
2021-08-05,WIG20,WIG20,Stooq,2270.67
2021-08-06,WIG20,WIG20,Stooq,2273.89
2021-08-09,WIG20,WIG20,Stooq,2274.48
2021-08-10,WIG20,WIG20,Stooq,2277.23
2021-08-11,WIG20,WIG20,Stooq,2283.69
2021-08-12,WIG20,WIG20,Stooq,2297.72
2021-08-13,WIG20,WIG20,Stooq,2302.03
2021-08-16,WIG20,WIG20,Stooq,2282.1
2021-08-17,WIG20,WIG20,Stooq,2300.04
2021-08-18,WIG20,WIG20,Stooq,2284.97
2021-08-19,WIG20,WIG20,Stooq,2260.02
2021-08-20,WIG20,WIG20,Stooq,2255.56
2021-08-23,WIG20,WIG20,Stooq,2287.52
2021-08-24,WIG20,WIG20,Stooq,2300.9
2021-08-25,WIG20,WIG20,Stooq,2325.19
2021-08-26,WIG20,WIG20,Stooq,2309.44
2021-08-27,WIG20,WIG20,Stooq,2323.77
2021-08-30,WIG20,WIG20,Stooq,2350.23
2021-08-31,WIG20,WIG20,Stooq,2368.03
2021-09-01,WIG20,WIG20,Stooq,2371.16
2021-09-02,WIG20,WIG20,Stooq,2391.94
2021-09-03,WIG20,WIG20,Stooq,2380.82
2021-09-06,WIG20,WIG20,Stooq,2416.38
2021-09-07,WIG20,WIG20,Stooq,2394.79
2021-09-08,WIG20,WIG20,Stooq,2364.63
2021-09-09,WIG20,WIG20,Stooq,2356.39
2021-09-10,WIG20,WIG20,Stooq,2360.7
2021-09-13,WIG20,WIG20,Stooq,2387.74
2021-09-14,WIG20,WIG20,Stooq,2376.01
2021-09-15,WIG20,WIG20,Stooq,2355.23
2021-09-16,WIG20,WIG20,Stooq,2357.28
2021-09-17,WIG20,WIG20,Stooq,2333.01
2021-09-20,WIG20,WIG20,Stooq,2272.52
2021-09-21,WIG20,WIG20,Stooq,2278.11
2021-09-22,WIG20,WIG20,Stooq,2334.1
2021-09-23,WIG20,WIG20,Stooq,2320.51
2021-09-24,WIG20,WIG20,Stooq,2299.18
2021-09-27,WIG20,WIG20,Stooq,2292.47
2021-09-28,WIG20,WIG20,Stooq,2275.68
2021-09-29,WIG20,WIG20,Stooq,2290.97
2021-09-30,WIG20,WIG20,Stooq,2310.29
2021-10-01,WIG20,WIG20,Stooq,2327.88
2021-10-04,WIG20,WIG20,Stooq,2338.09
2021-10-05,WIG20,WIG20,Stooq,2364.72
2021-10-06,WIG20,WIG20,Stooq,2349.46
2021-10-07,WIG20,WIG20,Stooq,2359.54
2021-10-08,WIG20,WIG20,Stooq,2411.12
2021-10-11,WIG20,WIG20,Stooq,2457.36
2021-10-12,WIG20,WIG20,Stooq,2472.33
2021-10-13,WIG20,WIG20,Stooq,2451.89
2021-10-14,WIG20,WIG20,Stooq,2459.5
2021-10-15,WIG20,WIG20,Stooq,2453.98
2021-10-18,WIG20,WIG20,Stooq,2459.81
2021-10-19,WIG20,WIG20,Stooq,2447.54
2021-10-20,WIG20,WIG20,Stooq,2443.11
2021-10-21,WIG20,WIG20,Stooq,2427.35
2021-10-22,WIG20,WIG20,Stooq,2417.09
2021-10-25,WIG20,WIG20,Stooq,2427.19
2021-10-26,WIG20,WIG20,Stooq,2425.29
2021-10-27,WIG20,WIG20,Stooq,2404.82
2021-10-28,WIG20,WIG20,Stooq,2392.67
2021-10-29,WIG20,WIG20,Stooq,2405.05
2021-11-02,WIG20,WIG20,Stooq,2407.53
2021-11-03,WIG20,WIG20,Stooq,2380.11
2021-11-04,WIG20,WIG20,Stooq,2438.8
2021-11-05,WIG20,WIG20,Stooq,2439.16
2021-11-08,WIG20,WIG20,Stooq,2423.92
2021-11-09,WIG20,WIG20,Stooq,2395.05
2021-11-10,WIG20,WIG20,Stooq,2366.59
2021-11-12,WIG20,WIG20,Stooq,2358.23
2021-11-15,WIG20,WIG20,Stooq,2335.04
2021-11-16,WIG20,WIG20,Stooq,2340.03
2021-11-17,WIG20,WIG20,Stooq,2317.49
2021-11-18,WIG20,WIG20,Stooq,2271.31
2021-11-19,WIG20,WIG20,Stooq,2248.18
2021-11-22,WIG20,WIG20,Stooq,2247.82
2021-11-23,WIG20,WIG20,Stooq,2261.15
2021-11-24,WIG20,WIG20,Stooq,2239.75
2021-11-25,WIG20,WIG20,Stooq,2229.44
2021-11-26,WIG20,WIG20,Stooq,2143.13
2021-11-29,WIG20,WIG20,Stooq,2148.62
2021-11-30,WIG20,WIG20,Stooq,2194.37
2021-12-01,WIG20,WIG20,Stooq,2217.18
2021-12-02,WIG20,WIG20,Stooq,2201.86
2021-12-03,WIG20,WIG20,Stooq,2179.71
2021-12-06,WIG20,WIG20,Stooq,2190.67
2021-12-07,WIG20,WIG20,Stooq,2231.12
2021-12-08,WIG20,WIG20,Stooq,2219.62
2021-12-09,WIG20,WIG20,Stooq,2212.81
2021-12-10,WIG20,WIG20,Stooq,2213.78
2021-12-13,WIG20,WIG20,Stooq,2214.38
2021-12-14,WIG20,WIG20,Stooq,2211.81
2021-12-15,WIG20,WIG20,Stooq,2161.04
2021-12-16,WIG20,WIG20,Stooq,2213.89
2021-12-17,WIG20,WIG20,Stooq,2194.56
2021-12-20,WIG20,WIG20,Stooq,2189.91
2021-12-21,WIG20,WIG20,Stooq,2185.47
2021-12-22,WIG20,WIG20,Stooq,2212.32
2021-12-23,WIG20,WIG20,Stooq,2225.8
2021-12-27,WIG20,WIG20,Stooq,2226.24
2021-12-28,WIG20,WIG20,Stooq,2252.43
2021-12-29,WIG20,WIG20,Stooq,2260.7
2021-12-30,WIG20,WIG20,Stooq,2266.92
2022-01-03,WIG20,WIG20,Stooq,2286.5
2022-01-04,WIG20,WIG20,Stooq,2300.68
2022-01-05,WIG20,WIG20,Stooq,2310.97
2022-01-07,WIG20,WIG20,Stooq,2311.93
2022-01-10,WIG20,WIG20,Stooq,2291.23
2022-01-11,WIG20,WIG20,Stooq,2344.45
2022-01-12,WIG20,WIG20,Stooq,2411.11
2022-01-13,WIG20,WIG20,Stooq,2407.62
2022-01-14,WIG20,WIG20,Stooq,2383.16
2022-01-17,WIG20,WIG20,Stooq,2365.29
2022-01-18,WIG20,WIG20,Stooq,2317.36
2022-01-19,WIG20,WIG20,Stooq,2316.94
2022-01-20,WIG20,WIG20,Stooq,2308.94
2022-01-21,WIG20,WIG20,Stooq,2273.81
2022-01-24,WIG20,WIG20,Stooq,2170.36
2022-01-25,WIG20,WIG20,Stooq,2199.6
2022-01-26,WIG20,WIG20,Stooq,2233.18
2022-01-27,WIG20,WIG20,Stooq,2234.33
2022-01-28,WIG20,WIG20,Stooq,2183.7
2022-01-31,WIG20,WIG20,Stooq,2209.62
2022-02-01,WIG20,WIG20,Stooq,2224.28
2022-02-02,WIG20,WIG20,Stooq,2252.92
2022-02-03,WIG20,WIG20,Stooq,2235.15
2022-02-04,WIG20,WIG20,Stooq,2174.57
2022-02-07,WIG20,WIG20,Stooq,2171.62
2022-02-08,WIG20,WIG20,Stooq,2215.12
2022-02-09,WIG20,WIG20,Stooq,2235.93
2022-02-10,WIG20,WIG20,Stooq,2213.21
2022-02-11,WIG20,WIG20,Stooq,2203.13
2022-02-14,WIG20,WIG20,Stooq,2161.79
2022-02-15,WIG20,WIG20,Stooq,2209.7
2022-02-16,WIG20,WIG20,Stooq,2212.73
2022-02-17,WIG20,WIG20,Stooq,2175.61
2022-02-18,WIG20,WIG20,Stooq,2143.28
2022-02-21,WIG20,WIG20,Stooq,2069.53
2022-02-22,WIG20,WIG20,Stooq,2101.31
2022-02-23,WIG20,WIG20,Stooq,2038.99
2022-02-24,WIG20,WIG20,Stooq,1817.45
2022-02-25,WIG20,WIG20,Stooq,1970.78
2022-02-28,WIG20,WIG20,Stooq,1999.88
2022-03-01,WIG20,WIG20,Stooq,1967.01
2022-03-02,WIG20,WIG20,Stooq,2043.96
2022-03-03,WIG20,WIG20,Stooq,2009.56
2022-03-04,WIG20,WIG20,Stooq,1918.75
2022-03-07,WIG20,WIG20,Stooq,1934.94
2022-03-08,WIG20,WIG20,Stooq,1908.1
2022-03-09,WIG20,WIG20,Stooq,1973.25
2022-03-10,WIG20,WIG20,Stooq,1970.27
2022-03-11,WIG20,WIG20,Stooq,2033.49
2022-03-14,WIG20,WIG20,Stooq,1972.14
2022-03-15,WIG20,WIG20,Stooq,1999.93
2022-03-16,WIG20,WIG20,Stooq,2060.07
2022-03-17,WIG20,WIG20,Stooq,2125.29
2022-03-18,WIG20,WIG20,Stooq,2099.26
2022-03-21,WIG20,WIG20,Stooq,2093.04
2022-03-22,WIG20,WIG20,Stooq,2121.52
2022-03-23,WIG20,WIG20,Stooq,2120.86
2022-03-24,WIG20,WIG20,Stooq,2138.8
2022-03-25,WIG20,WIG20,Stooq,2115.58
2022-03-28,WIG20,WIG20,Stooq,2123.12
2022-03-29,WIG20,WIG20,Stooq,2171.56
2022-03-30,WIG20,WIG20,Stooq,2179.56
2022-03-31,WIG20,WIG20,Stooq,2133.05
2022-04-01,WIG20,WIG20,Stooq,2164.81
2022-04-04,WIG20,WIG20,Stooq,2157.79
2022-04-05,WIG20,WIG20,Stooq,2123.49
2022-04-06,WIG20,WIG20,Stooq,2107.82
2022-04-07,WIG20,WIG20,Stooq,2076.63
2022-04-08,WIG20,WIG20,Stooq,2085.07
2022-04-11,WIG20,WIG20,Stooq,2121.65
2022-04-12,WIG20,WIG20,Stooq,2094.01
2022-04-13,WIG20,WIG20,Stooq,2104.32
2022-04-14,WIG20,WIG20,Stooq,2093.17
2022-04-19,WIG20,WIG20,Stooq,2068.52
2022-04-20,WIG20,WIG20,Stooq,2047.81
2022-04-21,WIG20,WIG20,Stooq,2028.76
2022-04-22,WIG20,WIG20,Stooq,1973.31
2022-04-25,WIG20,WIG20,Stooq,1919.55
2022-04-26,WIG20,WIG20,Stooq,1896.46
2022-04-27,WIG20,WIG20,Stooq,1883.09
2022-04-28,WIG20,WIG20,Stooq,1884.42
2022-04-29,WIG20,WIG20,Stooq,1858.12
2022-05-02,WIG20,WIG20,Stooq,1824.05
2022-05-04,WIG20,WIG20,Stooq,1812.56
2022-05-05,WIG20,WIG20,Stooq,1765.85
2022-05-06,WIG20,WIG20,Stooq,1765.14
2022-05-09,WIG20,WIG20,Stooq,1727.34
2022-05-10,WIG20,WIG20,Stooq,1719.24
2022-05-11,WIG20,WIG20,Stooq,1718.07
2022-05-12,WIG20,WIG20,Stooq,1691.62
2022-05-13,WIG20,WIG20,Stooq,1765.63
2022-05-16,WIG20,WIG20,Stooq,1762.22
2022-05-17,WIG20,WIG20,Stooq,1800.55
2022-05-18,WIG20,WIG20,Stooq,1801.68
2022-05-19,WIG20,WIG20,Stooq,1776.4
2022-05-20,WIG20,WIG20,Stooq,1782.66
2022-05-23,WIG20,WIG20,Stooq,1836.87
2022-05-24,WIG20,WIG20,Stooq,1810.98
2022-05-25,WIG20,WIG20,Stooq,1796.58
2022-05-26,WIG20,WIG20,Stooq,1827.01
2022-05-27,WIG20,WIG20,Stooq,1810.68
2022-05-30,WIG20,WIG20,Stooq,1858.6
2022-05-31,WIG20,WIG20,Stooq,1842.93
2022-06-01,WIG20,WIG20,Stooq,1822.57
2022-06-02,WIG20,WIG20,Stooq,1833.76
2022-06-03,WIG20,WIG20,Stooq,1819.99
2022-06-06,WIG20,WIG20,Stooq,1849.55
2022-06-07,WIG20,WIG20,Stooq,1828.57
2022-06-08,WIG20,WIG20,Stooq,1792.8
2022-06-09,WIG20,WIG20,Stooq,1767.5
2022-06-10,WIG20,WIG20,Stooq,1725.18
2022-06-13,WIG20,WIG20,Stooq,1681.75
2022-06-14,WIG20,WIG20,Stooq,1704.07
2022-06-15,WIG20,WIG20,Stooq,1707.11
2022-06-17,WIG20,WIG20,Stooq,1676.67
2022-06-20,WIG20,WIG20,Stooq,1679.89
2022-06-21,WIG20,WIG20,Stooq,1719.05
2022-06-22,WIG20,WIG20,Stooq,1680.61
2022-06-23,WIG20,WIG20,Stooq,1654.32
2022-06-24,WIG20,WIG20,Stooq,1682.33
2022-06-27,WIG20,WIG20,Stooq,1713.18
2022-06-28,WIG20,WIG20,Stooq,1739.08
2022-06-29,WIG20,WIG20,Stooq,1733.19
2022-06-30,WIG20,WIG20,Stooq,1695.97
2022-07-01,WIG20,WIG20,Stooq,1688.85
2022-07-04,WIG20,WIG20,Stooq,1693.1
2022-07-05,WIG20,WIG20,Stooq,1644.46
2022-07-06,WIG20,WIG20,Stooq,1654.84
2022-07-07,WIG20,WIG20,Stooq,1708.8
2022-07-08,WIG20,WIG20,Stooq,1740.46
2022-07-11,WIG20,WIG20,Stooq,1714.56
2022-07-12,WIG20,WIG20,Stooq,1663.46
2022-07-13,WIG20,WIG20,Stooq,1655.65
2022-07-14,WIG20,WIG20,Stooq,1613.98
2022-07-15,WIG20,WIG20,Stooq,1620.13
2022-07-18,WIG20,WIG20,Stooq,1669.48
2022-07-19,WIG20,WIG20,Stooq,1679.27
2022-07-20,WIG20,WIG20,Stooq,1694.58
2022-07-21,WIG20,WIG20,Stooq,1683.09
2022-07-22,WIG20,WIG20,Stooq,1701.73
2022-07-25,WIG20,WIG20,Stooq,1685.62
2022-07-26,WIG20,WIG20,Stooq,1654.7
2022-07-27,WIG20,WIG20,Stooq,1651.89
2022-07-28,WIG20,WIG20,Stooq,1667.17
2022-07-29,WIG20,WIG20,Stooq,1721.11
2022-08-01,WIG20,WIG20,Stooq,1736.47
2022-08-02,WIG20,WIG20,Stooq,1713.61
2022-08-03,WIG20,WIG20,Stooq,1688.03
2022-08-04,WIG20,WIG20,Stooq,1674.37
2022-08-05,WIG20,WIG20,Stooq,1652.14
2022-08-08,WIG20,WIG20,Stooq,1695.78
2022-08-09,WIG20,WIG20,Stooq,1684.14
2022-08-10,WIG20,WIG20,Stooq,1694.11
2022-08-11,WIG20,WIG20,Stooq,1724.98
2022-08-12,WIG20,WIG20,Stooq,1735.07
2022-08-16,WIG20,WIG20,Stooq,1735.0
2022-08-17,WIG20,WIG20,Stooq,1682.93
2022-08-18,WIG20,WIG20,Stooq,1699.68
2022-08-19,WIG20,WIG20,Stooq,1673.4
2022-08-22,WIG20,WIG20,Stooq,1640.02
2022-08-23,WIG20,WIG20,Stooq,1656.77
2022-08-24,WIG20,WIG20,Stooq,1620.63
2022-08-25,WIG20,WIG20,Stooq,1632.0
2022-08-26,WIG20,WIG20,Stooq,1602.81
2022-08-29,WIG20,WIG20,Stooq,1573.35
2022-08-30,WIG20,WIG20,Stooq,1535.11
2022-08-31,WIG20,WIG20,Stooq,1528.22
2022-09-01,WIG20,WIG20,Stooq,1462.59
2022-09-02,WIG20,WIG20,Stooq,1505.75
2022-09-05,WIG20,WIG20,Stooq,1492.06
2022-09-06,WIG20,WIG20,Stooq,1452.86
2022-09-07,WIG20,WIG20,Stooq,1469.42
2022-09-08,WIG20,WIG20,Stooq,1473.18
2022-09-09,WIG20,WIG20,Stooq,1534.68
2022-09-12,WIG20,WIG20,Stooq,1561.97
2022-09-13,WIG20,WIG20,Stooq,1519.35
2022-09-14,WIG20,WIG20,Stooq,1528.29
2022-09-15,WIG20,WIG20,Stooq,1539.75
2022-09-16,WIG20,WIG20,Stooq,1501.91
2022-09-19,WIG20,WIG20,Stooq,1527.25
2022-09-20,WIG20,WIG20,Stooq,1497.41
2022-09-21,WIG20,WIG20,Stooq,1509.32
2022-09-22,WIG20,WIG20,Stooq,1518.19
2022-09-23,WIG20,WIG20,Stooq,1457.78
2022-09-26,WIG20,WIG20,Stooq,1433.08
2022-09-27,WIG20,WIG20,Stooq,1458.81
2022-09-28,WIG20,WIG20,Stooq,1435.37
2022-09-29,WIG20,WIG20,Stooq,1380.1
2022-09-30,WIG20,WIG20,Stooq,1377.91
2022-10-03,WIG20,WIG20,Stooq,1386.96
2022-10-04,WIG20,WIG20,Stooq,1449.81
2022-10-05,WIG20,WIG20,Stooq,1419.12
2022-10-06,WIG20,WIG20,Stooq,1417.82
2022-10-07,WIG20,WIG20,Stooq,1405.21
2022-10-10,WIG20,WIG20,Stooq,1379.49
2022-10-11,WIG20,WIG20,Stooq,1381.84
2022-10-12,WIG20,WIG20,Stooq,1377.19
2022-10-13,WIG20,WIG20,Stooq,1358.5
2022-10-14,WIG20,WIG20,Stooq,1397.23
2022-10-17,WIG20,WIG20,Stooq,1414.06
2022-10-18,WIG20,WIG20,Stooq,1427.68
2022-10-19,WIG20,WIG20,Stooq,1397.66
2022-10-20,WIG20,WIG20,Stooq,1426.52
2022-10-21,WIG20,WIG20,Stooq,1411.62
2022-10-24,WIG20,WIG20,Stooq,1433.21
2022-10-25,WIG20,WIG20,Stooq,1444.02
2022-10-26,WIG20,WIG20,Stooq,1487.6
2022-10-27,WIG20,WIG20,Stooq,1506.74
2022-10-28,WIG20,WIG20,Stooq,1508.7
2022-10-31,WIG20,WIG20,Stooq,1536.28
2022-11-02,WIG20,WIG20,Stooq,1573.97
2022-11-03,WIG20,WIG20,Stooq,1559.55
2022-11-04,WIG20,WIG20,Stooq,1601.27
2022-11-07,WIG20,WIG20,Stooq,1618.14
2022-11-08,WIG20,WIG20,Stooq,1644.75
2022-11-09,WIG20,WIG20,Stooq,1644.12
2022-11-10,WIG20,WIG20,Stooq,1690.38
2022-11-14,WIG20,WIG20,Stooq,1743.89
2022-11-15,WIG20,WIG20,Stooq,1769.55
2022-11-16,WIG20,WIG20,Stooq,1741.17
2022-11-17,WIG20,WIG20,Stooq,1708.23
2022-11-18,WIG20,WIG20,Stooq,1707.23
2022-11-21,WIG20,WIG20,Stooq,1685.5
2022-11-22,WIG20,WIG20,Stooq,1717.75
2022-11-23,WIG20,WIG20,Stooq,1713.61
2022-11-24,WIG20,WIG20,Stooq,1753.95
2022-11-25,WIG20,WIG20,Stooq,1755.69
2022-11-28,WIG20,WIG20,Stooq,1728.74
2022-11-29,WIG20,WIG20,Stooq,1736.19
2022-11-30,WIG20,WIG20,Stooq,1736.26
2022-12-01,WIG20,WIG20,Stooq,1766.38
2022-12-02,WIG20,WIG20,Stooq,1733.46
2022-12-05,WIG20,WIG20,Stooq,1746.54
2022-12-06,WIG20,WIG20,Stooq,1733.59
2022-12-07,WIG20,WIG20,Stooq,1735.66
2022-12-08,WIG20,WIG20,Stooq,1725.66
2022-12-09,WIG20,WIG20,Stooq,1730.16
2022-12-12,WIG20,WIG20,Stooq,1755.34
2022-12-13,WIG20,WIG20,Stooq,1784.67
2022-12-14,WIG20,WIG20,Stooq,1787.37
2022-12-15,WIG20,WIG20,Stooq,1756.52
2022-12-16,WIG20,WIG20,Stooq,1741.3
2022-12-19,WIG20,WIG20,Stooq,1743.24
2022-12-20,WIG20,WIG20,Stooq,1763.2
2022-12-21,WIG20,WIG20,Stooq,1786.1
2022-12-22,WIG20,WIG20,Stooq,1780.07
2022-12-23,WIG20,WIG20,Stooq,1780.27
2022-12-27,WIG20,WIG20,Stooq,1765.87
2022-12-28,WIG20,WIG20,Stooq,1767.88
2022-12-29,WIG20,WIG20,Stooq,1802.2
2022-12-30,WIG20,WIG20,Stooq,1792.01
2023-01-02,WIG20,WIG20,Stooq,1791.47
2023-01-03,WIG20,WIG20,Stooq,1824.82
2023-01-04,WIG20,WIG20,Stooq,1855.05
2023-01-05,WIG20,WIG20,Stooq,1856.05
2023-01-09,WIG20,WIG20,Stooq,1912.47
2023-01-10,WIG20,WIG20,Stooq,1937.98
2023-01-11,WIG20,WIG20,Stooq,1914.74
2023-01-12,WIG20,WIG20,Stooq,1930.79
2023-01-13,WIG20,WIG20,Stooq,1923.44
2023-01-16,WIG20,WIG20,Stooq,1933.08
2023-01-17,WIG20,WIG20,Stooq,1904.51
2023-01-18,WIG20,WIG20,Stooq,1913.25
2023-01-19,WIG20,WIG20,Stooq,1889.84
2023-01-20,WIG20,WIG20,Stooq,1892.32
2023-01-23,WIG20,WIG20,Stooq,1923.15
2023-01-24,WIG20,WIG20,Stooq,1918.6
2023-01-25,WIG20,WIG20,Stooq,1886.24
2023-01-26,WIG20,WIG20,Stooq,1911.61
2023-01-27,WIG20,WIG20,Stooq,1911.5
2023-01-30,WIG20,WIG20,Stooq,1889.82
2023-01-31,WIG20,WIG20,Stooq,1902.25
2023-02-01,WIG20,WIG20,Stooq,1871.93
2023-02-02,WIG20,WIG20,Stooq,1903.79
2023-02-03,WIG20,WIG20,Stooq,1906.13
2023-02-06,WIG20,WIG20,Stooq,1864.76
2023-02-07,WIG20,WIG20,Stooq,1870.87
2023-02-08,WIG20,WIG20,Stooq,1886.68
2023-02-09,WIG20,WIG20,Stooq,1896.24
2023-02-10,WIG20,WIG20,Stooq,1848.04
2023-02-13,WIG20,WIG20,Stooq,1853.29
2023-02-14,WIG20,WIG20,Stooq,1852.67
2023-02-15,WIG20,WIG20,Stooq,1870.03
2023-02-16,WIG20,WIG20,Stooq,1865.51
2023-02-17,WIG20,WIG20,Stooq,1859.26
2023-02-20,WIG20,WIG20,Stooq,1849.48
2023-02-21,WIG20,WIG20,Stooq,1825.89
2023-02-22,WIG20,WIG20,Stooq,1796.87
2023-02-23,WIG20,WIG20,Stooq,1824.76
2023-02-24,WIG20,WIG20,Stooq,1807.31
2023-02-27,WIG20,WIG20,Stooq,1820.79
2023-02-28,WIG20,WIG20,Stooq,1847.94
2023-03-01,WIG20,WIG20,Stooq,1856.22
2023-03-02,WIG20,WIG20,Stooq,1817.77
2023-03-03,WIG20,WIG20,Stooq,1841.85
2023-03-06,WIG20,WIG20,Stooq,1873.63
2023-03-07,WIG20,WIG20,Stooq,1853.4
2023-03-08,WIG20,WIG20,Stooq,1860.83
2023-03-09,WIG20,WIG20,Stooq,1835.94
2023-03-10,WIG20,WIG20,Stooq,1799.58
2023-03-13,WIG20,WIG20,Stooq,1753.3
2023-03-14,WIG20,WIG20,Stooq,1755.3
2023-03-15,WIG20,WIG20,Stooq,1707.42
2023-03-16,WIG20,WIG20,Stooq,1706.55
2023-03-17,WIG20,WIG20,Stooq,1678.16
2023-03-20,WIG20,WIG20,Stooq,1686.56
2023-03-21,WIG20,WIG20,Stooq,1719.16
2023-03-22,WIG20,WIG20,Stooq,1707.29
2023-03-23,WIG20,WIG20,Stooq,1705.91
2023-03-24,WIG20,WIG20,Stooq,1670.18
2023-03-27,WIG20,WIG20,Stooq,1686.96
2023-03-28,WIG20,WIG20,Stooq,1694.12
2023-03-29,WIG20,WIG20,Stooq,1709.39
2023-03-30,WIG20,WIG20,Stooq,1763.29
2023-03-31,WIG20,WIG20,Stooq,1758.56
2023-04-03,WIG20,WIG20,Stooq,1775.99
2023-04-04,WIG20,WIG20,Stooq,1773.53
2023-04-05,WIG20,WIG20,Stooq,1756.95
2023-04-06,WIG20,WIG20,Stooq,1754.24
2023-04-11,WIG20,WIG20,Stooq,1783.31
2023-04-12,WIG20,WIG20,Stooq,1816.28
2023-04-13,WIG20,WIG20,Stooq,1840.77
2023-04-14,WIG20,WIG20,Stooq,1854.27
2023-04-17,WIG20,WIG20,Stooq,1861.85
2023-04-18,WIG20,WIG20,Stooq,1896.92
2023-04-19,WIG20,WIG20,Stooq,1896.87
2023-04-20,WIG20,WIG20,Stooq,1911.19
2023-04-21,WIG20,WIG20,Stooq,1900.63
2023-04-24,WIG20,WIG20,Stooq,1910.52
2023-04-25,WIG20,WIG20,Stooq,1890.69
2023-04-26,WIG20,WIG20,Stooq,1888.61
2023-04-27,WIG20,WIG20,Stooq,1948.07
2023-04-28,WIG20,WIG20,Stooq,1923.09
2023-05-02,WIG20,WIG20,Stooq,1919.24
2023-05-04,WIG20,WIG20,Stooq,1884.32
2023-05-05,WIG20,WIG20,Stooq,1912.37
2023-05-08,WIG20,WIG20,Stooq,1922.08
2023-05-09,WIG20,WIG20,Stooq,1919.92
2023-05-10,WIG20,WIG20,Stooq,1931.94
2023-05-11,WIG20,WIG20,Stooq,1918.71
2023-05-12,WIG20,WIG20,Stooq,1939.03
2023-05-15,WIG20,WIG20,Stooq,1940.63
2023-05-16,WIG20,WIG20,Stooq,1948.83
2023-05-17,WIG20,WIG20,Stooq,1933.08
2023-05-18,WIG20,WIG20,Stooq,1939.9
2023-05-19,WIG20,WIG20,Stooq,1992.31
2023-05-22,WIG20,WIG20,Stooq,2004.72
2023-05-23,WIG20,WIG20,Stooq,2004.06
2023-05-24,WIG20,WIG20,Stooq,1958.63
2023-05-25,WIG20,WIG20,Stooq,1941.16
2023-05-26,WIG20,WIG20,Stooq,1984.12
2023-05-29,WIG20,WIG20,Stooq,1980.39
2023-05-30,WIG20,WIG20,Stooq,1946.38
2023-05-31,WIG20,WIG20,Stooq,1894.48
2023-06-01,WIG20,WIG20,Stooq,1946.21
2023-06-02,WIG20,WIG20,Stooq,2018.09
2023-06-05,WIG20,WIG20,Stooq,2020.07
2023-06-06,WIG20,WIG20,Stooq,2053.44
2023-06-07,WIG20,WIG20,Stooq,2036.31
2023-06-09,WIG20,WIG20,Stooq,2050.99
2023-06-12,WIG20,WIG20,Stooq,2044.2
2023-06-13,WIG20,WIG20,Stooq,2024.98
2023-06-14,WIG20,WIG20,Stooq,2075.83
2023-06-15,WIG20,WIG20,Stooq,2097.34
2023-06-16,WIG20,WIG20,Stooq,2108.05
2023-06-19,WIG20,WIG20,Stooq,2083.81
2023-06-20,WIG20,WIG20,Stooq,2066.78
2023-06-21,WIG20,WIG20,Stooq,2076.16
2023-06-22,WIG20,WIG20,Stooq,2075.51
2023-06-23,WIG20,WIG20,Stooq,2035.0
2023-06-26,WIG20,WIG20,Stooq,2068.49
2023-06-27,WIG20,WIG20,Stooq,2039.34
2023-06-28,WIG20,WIG20,Stooq,2045.15
2023-06-29,WIG20,WIG20,Stooq,2062.11
2023-06-30,WIG20,WIG20,Stooq,2060.38
2023-07-03,WIG20,WIG20,Stooq,2078.46
2023-07-04,WIG20,WIG20,Stooq,2056.53
2023-07-05,WIG20,WIG20,Stooq,2015.11
2023-07-06,WIG20,WIG20,Stooq,2010.48
2023-07-07,WIG20,WIG20,Stooq,2035.57
2023-07-10,WIG20,WIG20,Stooq,2041.39
2023-07-11,WIG20,WIG20,Stooq,2054.39
2023-07-12,WIG20,WIG20,Stooq,2114.5
2023-07-13,WIG20,WIG20,Stooq,2117.53
2023-07-14,WIG20,WIG20,Stooq,2127.08
2023-07-17,WIG20,WIG20,Stooq,2136.87
2023-07-18,WIG20,WIG20,Stooq,2161.24
2023-07-19,WIG20,WIG20,Stooq,2171.53
2023-07-20,WIG20,WIG20,Stooq,2159.05
2023-07-21,WIG20,WIG20,Stooq,2155.56
2023-07-24,WIG20,WIG20,Stooq,2173.8
2023-07-25,WIG20,WIG20,Stooq,2181.76
2023-07-26,WIG20,WIG20,Stooq,2163.91
2023-07-27,WIG20,WIG20,Stooq,2189.58
2023-07-28,WIG20,WIG20,Stooq,2189.24
2023-07-31,WIG20,WIG20,Stooq,2193.56
2023-08-01,WIG20,WIG20,Stooq,2188.77
2023-08-02,WIG20,WIG20,Stooq,2142.82
2023-08-03,WIG20,WIG20,Stooq,2141.81
2023-08-04,WIG20,WIG20,Stooq,2169.73
2023-08-07,WIG20,WIG20,Stooq,2152.17
2023-08-08,WIG20,WIG20,Stooq,2113.37
2023-08-09,WIG20,WIG20,Stooq,2096.43
2023-08-10,WIG20,WIG20,Stooq,2130.58
2023-08-11,WIG20,WIG20,Stooq,2105.31
2023-08-14,WIG20,WIG20,Stooq,2087.01
2023-08-16,WIG20,WIG20,Stooq,2044.35
2023-08-17,WIG20,WIG20,Stooq,2021.15
2023-08-18,WIG20,WIG20,Stooq,2014.55
2023-08-21,WIG20,WIG20,Stooq,2015.21
2023-08-22,WIG20,WIG20,Stooq,2009.59
2023-08-23,WIG20,WIG20,Stooq,2012.34
2023-08-24,WIG20,WIG20,Stooq,2009.58
2023-08-25,WIG20,WIG20,Stooq,2000.42
2023-08-28,WIG20,WIG20,Stooq,2039.32
2023-08-29,WIG20,WIG20,Stooq,2042.08
2023-08-30,WIG20,WIG20,Stooq,2049.96
2023-08-31,WIG20,WIG20,Stooq,2027.38
2023-09-01,WIG20,WIG20,Stooq,2050.94
2023-09-04,WIG20,WIG20,Stooq,2025.59
2023-09-05,WIG20,WIG20,Stooq,2006.27
2023-09-06,WIG20,WIG20,Stooq,1958.07
2023-09-07,WIG20,WIG20,Stooq,1927.39
2023-09-08,WIG20,WIG20,Stooq,1943.99
2023-09-11,WIG20,WIG20,Stooq,1941.79
2023-09-12,WIG20,WIG20,Stooq,1949.57
2023-09-13,WIG20,WIG20,Stooq,1949.65
2023-09-14,WIG20,WIG20,Stooq,1967.77
2023-09-15,WIG20,WIG20,Stooq,1975.05
2023-09-18,WIG20,WIG20,Stooq,1943.94
2023-09-19,WIG20,WIG20,Stooq,1930.86
2023-09-20,WIG20,WIG20,Stooq,1975.57
2023-09-21,WIG20,WIG20,Stooq,1949.56
2023-09-22,WIG20,WIG20,Stooq,1949.25
2023-09-25,WIG20,WIG20,Stooq,1925.22
2023-09-26,WIG20,WIG20,Stooq,1928.42
2023-09-27,WIG20,WIG20,Stooq,1898.92
2023-09-28,WIG20,WIG20,Stooq,1884.74
2023-09-29,WIG20,WIG20,Stooq,1915.6
2023-10-02,WIG20,WIG20,Stooq,1873.32
2023-10-03,WIG20,WIG20,Stooq,1864.31
2023-10-04,WIG20,WIG20,Stooq,1879.35
2023-10-05,WIG20,WIG20,Stooq,1864.65
2023-10-06,WIG20,WIG20,Stooq,1870.43
2023-10-09,WIG20,WIG20,Stooq,1909.41
2023-10-10,WIG20,WIG20,Stooq,1960.21
2023-10-11,WIG20,WIG20,Stooq,1976.83
2023-10-12,WIG20,WIG20,Stooq,1960.94
2023-10-13,WIG20,WIG20,Stooq,1974.56
2023-10-16,WIG20,WIG20,Stooq,2079.49
2023-10-17,WIG20,WIG20,Stooq,2118.37
2023-10-18,WIG20,WIG20,Stooq,2094.62
2023-10-19,WIG20,WIG20,Stooq,2051.4
2023-10-20,WIG20,WIG20,Stooq,2028.92
2023-10-23,WIG20,WIG20,Stooq,2021.14
2023-10-24,WIG20,WIG20,Stooq,2059.53
2023-10-25,WIG20,WIG20,Stooq,2096.22
2023-10-26,WIG20,WIG20,Stooq,2120.96
2023-10-27,WIG20,WIG20,Stooq,2103.73
2023-10-30,WIG20,WIG20,Stooq,2126.47
2023-10-31,WIG20,WIG20,Stooq,2149.73
2023-11-02,WIG20,WIG20,Stooq,2158.41
2023-11-03,WIG20,WIG20,Stooq,2177.29
2023-11-06,WIG20,WIG20,Stooq,2186.01
2023-11-07,WIG20,WIG20,Stooq,2168.12
2023-11-08,WIG20,WIG20,Stooq,2140.2
2023-11-09,WIG20,WIG20,Stooq,2170.91
2023-11-10,WIG20,WIG20,Stooq,2141.09
2023-11-13,WIG20,WIG20,Stooq,2132.7
2023-11-14,WIG20,WIG20,Stooq,2236.12
2023-11-15,WIG20,WIG20,Stooq,2218.61
2023-11-16,WIG20,WIG20,Stooq,2217.16
2023-11-17,WIG20,WIG20,Stooq,2228.28
2023-11-20,WIG20,WIG20,Stooq,2250.55
2023-11-21,WIG20,WIG20,Stooq,2240.99
2023-11-22,WIG20,WIG20,Stooq,2241.16
2023-11-23,WIG20,WIG20,Stooq,2225.6
2023-11-24,WIG20,WIG20,Stooq,2228.01
2023-11-27,WIG20,WIG20,Stooq,2208.05
2023-11-28,WIG20,WIG20,Stooq,2239.69
2023-11-29,WIG20,WIG20,Stooq,2222.44
2023-11-30,WIG20,WIG20,Stooq,2215.25
2023-12-01,WIG20,WIG20,Stooq,2285.98
2023-12-04,WIG20,WIG20,Stooq,2281.04
2023-12-05,WIG20,WIG20,Stooq,2298.78
2023-12-06,WIG20,WIG20,Stooq,2309.81
2023-12-07,WIG20,WIG20,Stooq,2288.84
2023-12-08,WIG20,WIG20,Stooq,2306.05
2023-12-11,WIG20,WIG20,Stooq,2313.32
2023-12-12,WIG20,WIG20,Stooq,2293.66
2023-12-13,WIG20,WIG20,Stooq,2298.31
2023-12-14,WIG20,WIG20,Stooq,2312.56
2023-12-15,WIG20,WIG20,Stooq,2320.45
2023-12-18,WIG20,WIG20,Stooq,2334.5
2023-12-19,WIG20,WIG20,Stooq,2354.57
2023-12-20,WIG20,WIG20,Stooq,2346.52
2023-12-21,WIG20,WIG20,Stooq,2348.67
2023-12-22,WIG20,WIG20,Stooq,2346.7
2023-12-27,WIG20,WIG20,Stooq,2371.28
2023-12-28,WIG20,WIG20,Stooq,2356.32
2023-12-29,WIG20,WIG20,Stooq,2342.99
