date,index_name,ticker,data_source,close_level,log_return,return_pct,garch_volatility,sentiment,attention,sentiment_lag1,attention_lag1,volatility_lag1,return_lag1,regression_eligible
2021-01-04,EURO_STOXX_50,^STOXX50E,Yahoo Finance,3564.389892578125,,,,0.0267215295613784,1,,,,,False
2021-01-05,EURO_STOXX_50,^STOXX50E,Yahoo Finance,3547.85009765625,-0.004651087353958,-0.4651087353958094,0.9122050613741134,,0,0.0267215295613784,1.0,,,False
2021-01-06,EURO_STOXX_50,^STOXX50E,Yahoo Finance,3611.080078125,0.0176651044727981,1.7665104472798188,0.8857493262529195,,0,,0.0,0.9122050613741134,-0.004651087353958,False
2021-01-07,EURO_STOXX_50,^STOXX50E,Yahoo Finance,3622.419921875,0.0031353709932236,0.3135370993223671,1.0906894202380324,0.336831514001824,1,,0.0,0.8857493262529195,0.0176651044727981,False
2021-01-08,EURO_STOXX_50,^STOXX50E,Yahoo Finance,3645.050048828125,0.006227806977629,0.6227806977629031,1.0095873701437923,0.0052259086320797,1,0.336831514001824,1.0,1.0906894202380324,0.0031353709932236,True
2021-01-11,EURO_STOXX_50,^STOXX50E,Yahoo Finance,3620.6201171875,-0.0067247819259482,-0.6724781925948252,0.9620993032769852,,0,0.0052259086320797,1.0,1.0095873701437923,0.006227806977629,True
2021-01-12,EURO_STOXX_50,^STOXX50E,Yahoo Finance,3612.1298828125,-0.0023477206525043,-0.2347720652504327,0.9528692071151268,,0,,0.0,0.9620993032769852,-0.0067247819259482,False
2021-01-13,EURO_STOXX_50,^STOXX50E,Yahoo Finance,3616.510009765625,0.0012118815031018,0.1211881503101873,0.8987265040769855,,0,,0.0,0.9528692071151268,-0.0023477206525043,False
2021-01-14,EURO_STOXX_50,^STOXX50E,Yahoo Finance,3641.3701171875,0.0068505415384437,0.6850541538443722,0.8419173948831032,,0,,0.0,0.8987265040769855,0.0012118815031018,False
2021-01-15,EURO_STOXX_50,^STOXX50E,Yahoo Finance,3599.550048828125,-0.0115511654325148,-1.155116543251481,0.8321389012729085,,0,,0.0,0.8419173948831032,0.0068505415384437,False
2021-01-18,EURO_STOXX_50,^STOXX50E,Yahoo Finance,3602.669921875,0.0008663643306397,0.0866364330639799,0.9476998194349064,-0.0037242474788640005,2,,0.0,0.8321389012729085,-0.0115511654325148,False
2021-01-19,EURO_STOXX_50,^STOXX50E,Yahoo Finance,3595.419921875,-0.0020144239955396,-0.2014423995539626,0.8833324078735193,,0,-0.0037242474788640005,2.0,0.9476998194349064,0.0008663643306397,True
2021-01-20,EURO_STOXX_50,^STOXX50E,Yahoo Finance,3624.0400390625,0.0079286448770531,0.7928644877053168,0.8384122314269926,,0,,0.0,0.8833324078735193,-0.0020144239955396,False
2021-01-21,EURO_STOXX_50,^STOXX50E,Yahoo Finance,3618.35009765625,-0.0015712886131562,-0.1571288613156283,0.8441498635737955,0.3381085558561608,1,,0.0,0.8384122314269926,0.0079286448770531,False
2021-01-22,EURO_STOXX_50,^STOXX50E,Yahoo Finance,3602.409912109375,-0.0044151062821721,-0.4415106282172152,0.8031216372206794,,0,0.3381085558561608,1.0,0.8441498635737955,-0.0015712886131562,True
2021-01-25,EURO_STOXX_50,^STOXX50E,Yahoo Finance,3553.139892578125,-0.0137713521800074,-1.3771352180007483,0.7949021137943332,-0.0964394633968671,1,,0.0,0.8031216372206794,-0.0044151062821721,False
2021-01-26,EURO_STOXX_50,^STOXX50E,Yahoo Finance,3592.830078125,0.0111085251838324,1.110852518383248,0.979059417139406,,0,-0.0964394633968671,1.0,0.7949021137943332,-0.0137713521800074,True
2021-01-27,EURO_STOXX_50,^STOXX50E,Yahoo Finance,3536.3798828125,-0.0158366426076458,-1.583664260764582,1.0060792498055715,,0,,0.0,0.979059417139406,0.0111085251838324,False
2021-01-28,EURO_STOXX_50,^STOXX50E,Yahoo Finance,3557.0400390625,0.0058251773893943,0.5825177389394375,1.1730698901766046,,0,,0.0,1.0060792498055715,-0.0158366426076458,False
2021-01-29,EURO_STOXX_50,^STOXX50E,Yahoo Finance,3481.43994140625,-0.0214827648456207,-2.148276484562079,1.0957384150158238,,0,,0.0,1.1730698901766046,0.0058251773893943,False
2021-02-01,EURO_STOXX_50,^STOXX50E,Yahoo Finance,3530.85009765625,0.0140926783475538,1.4092678347553864,1.3863684505366711,0.0621185224425668,1,,0.0,1.0957384150158238,-0.0214827648456207,False
2021-02-02,EURO_STOXX_50,^STOXX50E,Yahoo Finance,3590.4599609375,0.016741654298667,1.6741654298667068,1.3779501446975833,-0.2356191715225577,1,0.0621185224425668,1.0,1.3863684505366711,0.0140926783475538,True
2021-02-03,EURO_STOXX_50,^STOXX50E,Yahoo Finance,3609.75,0.0053582007522157,0.5358200752215759,1.4203536186268526,,0,-0.2356191715225577,1.0,1.3779501446975833,0.016741654298667,True
2021-02-04,EURO_STOXX_50,^STOXX50E,Yahoo Finance,3642.1201171875,0.0089274439982086,0.8927443998208652,1.303948202799529,0.10683399933465826,2,,0.0,1.4203536186268526,0.0053582007522157,False
2021-02-05,EURO_STOXX_50,^STOXX50E,Yahoo Finance,3655.77001953125,0.0037407848036864,0.3740784803686498,1.2362520486454749,0.14133173132137056,3,0.10683399933465826,2.0,1.303948202799529,0.0089274439982086,True
2021-02-08,EURO_STOXX_50,^STOXX50E,Yahoo Finance,3665.510009765625,0.0026607358116612,0.266073581166124,1.136924092371338,,0,0.14133173132137056,3.0,1.2362520486454749,0.0037407848036864,True
2021-02-09,EURO_STOXX_50,^STOXX50E,Yahoo Finance,3661.1298828125,-0.001195671559999,-0.1195671559999039,1.0476009999176188,,0,,0.0,1.136924092371338,0.0026607358116612,False
2021-02-10,EURO_STOXX_50,^STOXX50E,Yahoo Finance,3648.3701171875,-0.0034912862947709,-0.3491286294770991,0.9727987915780988,-0.0562053024768829,1,,0.0,1.0476009999176188,-0.001195671559999,False
2021-02-11,EURO_STOXX_50,^STOXX50E,Yahoo Finance,3671.679931640625,0.0063687797453267,0.6368779745326779,0.9241154315809506,,0,-0.0562053024768829,1.0,0.9727987915780988,-0.0034912862947709,True
2021-02-12,EURO_STOXX_50,^STOXX50E,Yahoo Finance,3695.610107421875,0.0064963534254687,0.6496353425468763,0.8930664420000706,0.0720571026361236,2,,0.0,0.9241154315809506,0.0063687797453267,False
2021-02-15,EURO_STOXX_50,^STOXX50E,Yahoo Finance,3734.199951171875,0.0103879346743985,1.0387934674398511,0.8691527790933734,0.027011420844346552,2,0.0720571026361236,2.0,0.8930664420000706,0.0064963534254687,True
2021-02-16,EURO_STOXX_50,^STOXX50E,Yahoo Finance,3726.39990234375,-0.002090998531826,-0.2090998531826037,0.9089834780222588,0.07050831933378325,2,0.027011420844346552,2.0,0.8691527790933734,0.0103879346743985,True
2021-02-17,EURO_STOXX_50,^STOXX50E,Yahoo Finance,3699.85009765625,-0.0071502892588466,-0.7150289258846604,0.8603115952649071,,0,0.07050831933378325,2.0,0.9089834780222588,-0.002090998531826,True
2021-02-18,EURO_STOXX_50,^STOXX50E,Yahoo Finance,3681.0400390625,-0.0050969731205118,-0.509697312051183,0.8793452488372868,0.3765704035633117,1,,0.0,0.8603115952649071,-0.0071502892588466,False
2021-02-19,EURO_STOXX_50,^STOXX50E,Yahoo Finance,3713.4599609375,0.0087687144786905,0.8768714478690548,0.8644676429552985,-0.135077327877904,1,0.3765704035633117,1.0,0.8793452488372868,-0.0050969731205118,True
2021-02-22,EURO_STOXX_50,^STOXX50E,Yahoo Finance,3699.85009765625,-0.0036717413581786,-0.367174135817862,0.8774372512558862,,0,-0.135077327877904,1.0,0.8644676429552985,0.0087687144786905,True
2021-02-23,EURO_STOXX_50,^STOXX50E,Yahoo Finance,3689.10009765625,-0.0029097523465603,-0.290975234656035,0.8469581179885989,,0,,0.0,0.8774372512558862,-0.0036717413581786,False
2021-02-24,EURO_STOXX_50,^STOXX50E,Yahoo Finance,3705.989990234375,0.0045678745614593,0.4567874561459367,0.814946390622371,-0.2145538447158677,1,,0.0,0.8469581179885989,-0.0029097523465603,False
2021-02-25,EURO_STOXX_50,^STOXX50E,Yahoo Finance,3685.280029296875,-0.0056039124752388,-0.5603912475238808,0.7863468632207671,,0,-0.2145538447158677,1.0,0.814946390622371,0.0045678745614593,True
2021-02-26,EURO_STOXX_50,^STOXX50E,Yahoo Finance,3636.43994140625,-0.0133413494400336,-1.3341349440033632,0.7976338185278249,,0,,0.0,0.7863468632207671,-0.0056039124752388,False
2021-03-01,EURO_STOXX_50,^STOXX50E,Yahoo Finance,3706.6201171875,0.0191152767806196,1.9115276780619617,0.9693476339899888,,0,,0.0,0.7976338185278249,-0.0133413494400336,False
2021-03-02,EURO_STOXX_50,^STOXX50E,Yahoo Finance,3707.719970703125,0.0002966827824606,0.0296682782460696,1.1843873230948,,0,,0.0,0.9693476339899888,0.0191152767806196,False
2021-03-03,EURO_STOXX_50,^STOXX50E,Yahoo Finance,3712.780029296875,0.0013638055058405,0.1363805505840528,1.0864189645428517,,0,,0.0,1.1843873230948,0.0002966827824606,False
2021-03-04,EURO_STOXX_50,^STOXX50E,Yahoo Finance,3704.85009765625,-0.0021381315935002,-0.2138131593500228,1.0018870559290114,,0,,0.0,1.0864189645428517,0.0013638055058405,False
2021-03-05,EURO_STOXX_50,^STOXX50E,Yahoo Finance,3669.5400390625,-0.0095764742012447,-0.9576474201244748,0.9386723510897812,0.0442173663953629,1,,0.0,1.0018870559290114,-0.0021381315935002,False
2021-03-08,EURO_STOXX_50,^STOXX50E,Yahoo Finance,3763.239990234375,0.0252139616260203,2.521396162602039,0.982773345568318,,0,0.0442173663953629,1.0,0.9386723510897812,-0.0095764742012447,True
2021-03-09,EURO_STOXX_50,^STOXX50E,Yahoo Finance,3786.050048828125,0.0060429862649038,0.6042986264903889,1.373476434720265,,0,,0.0,0.982773345568318,0.0252139616260203,False
2021-03-10,EURO_STOXX_50,^STOXX50E,Yahoo Finance,3819.919921875,0.0089061873915865,0.8906187391586502,1.2681772342717808,,0,,0.0,1.373476434720265,0.0060429862649038,False
2021-03-11,EURO_STOXX_50,^STOXX50E,Yahoo Finance,3845.639892578125,0.0067105515691022,0.6710551569102259,1.2062017785356758,,0,,0.0,1.2681772342717808,0.0089061873915865,False
2021-03-12,EURO_STOXX_50,^STOXX50E,Yahoo Finance,3833.360107421875,-0.0031982798863746,-0.3198279886374693,1.1312883665809694,,0,,0.0,1.2062017785356758,0.0067105515691022,False
2021-03-15,EURO_STOXX_50,^STOXX50E,Yahoo Finance,3829.840087890625,-0.0009186814096207,-0.091868140962072,1.0551269012247773,,0,,0.0,1.1312883665809694,-0.0031982798863746,False
2021-03-16,EURO_STOXX_50,^STOXX50E,Yahoo Finance,3850.9599609375,0.0054994079108435,0.549940791084351,0.9781866123698656,,0,,0.0,1.0551269012247773,-0.0009186814096207,False
2021-03-17,EURO_STOXX_50,^STOXX50E,Yahoo Finance,3849.739990234375,-0.0003168467077191,-0.0316846707719192,0.9292377021425616,,0,,0.0,0.9781866123698656,0.0054994079108435,False
2021-03-18,EURO_STOXX_50,^STOXX50E,Yahoo Finance,3867.5400390625,0.0046130450952237,0.461304509522379,0.869365474604223,,0,,0.0,0.9292377021425616,-0.0003168467077191,False
2021-03-19,EURO_STOXX_50,^STOXX50E,Yahoo Finance,3837.02001953125,-0.0079226273632979,-0.7922627363297976,0.8315304204854248,,0,,0.0,0.869365474604223,0.0046130450952237,False
2021-03-22,EURO_STOXX_50,^STOXX50E,Yahoo Finance,3833.840087890625,-0.0008290939420742,-0.0829093942074252,0.8707722099374081,,0,,0.0,0.8315304204854248,-0.0079226273632979,False
2021-03-23,EURO_STOXX_50,^STOXX50E,Yahoo Finance,3827.02001953125,-0.0017804972458639,-0.178049724586391,0.8218047749983219,,0,,0.0,0.8707722099374081,-0.0008290939420742,False
2021-03-24,EURO_STOXX_50,^STOXX50E,Yahoo Finance,3832.550048828125,0.0014439531744899,0.1443953174489977,0.785833055856274,,0,,0.0,0.8218047749983219,-0.0017804972458639,False
2021-03-25,EURO_STOXX_50,^STOXX50E,Yahoo Finance,3832.570068359375,5.223540125709177e-06,0.0005223540125709,0.7474407357586473,,0,,0.0,0.785833055856274,0.0014439531744899,False
2021-03-26,EURO_STOXX_50,^STOXX50E,Yahoo Finance,3866.679931640625,0.0088606257613913,0.8860625761391399,0.7164827847683122,,0,,0.0,0.7474407357586473,5.223540125709177e-06,False
2021-03-29,EURO_STOXX_50,^STOXX50E,Yahoo Finance,3882.8701171875,0.0041783610660811,0.4178361066081155,0.7664104407641203,-0.045732110576183975,3,,0.0,0.7164827847683122,0.0088606257613913,False
2021-03-30,EURO_STOXX_50,^STOXX50E,Yahoo Finance,3926.199951171875,0.0110974234541921,1.1097423454192128,0.7435513029102323,,0,-0.045732110576183975,3.0,0.7664104407641203,0.0041783610660811,True
2021-03-31,EURO_STOXX_50,^STOXX50E,Yahoo Finance,3919.2099609375,-0.0017819316421399,-0.1781931642139964,0.8311639144100085,,0,,0.0,0.7435513029102323,0.0110974234541921,False
2021-04-01,EURO_STOXX_50,^STOXX50E,Yahoo Finance,3945.9599609375,0.006802167889068,0.6802167889068095,0.7935912217659306,-0.8755818214267492,1,,0.0,0.8311639144100085,-0.0017819316421399,False
2021-04-06,EURO_STOXX_50,^STOXX50E,Yahoo Finance,3970.419921875,0.0061796020752487,0.6179602075248798,0.7930383060686194,,0,-0.8755818214267492,1.0,0.7935912217659306,0.006802167889068,True
2021-04-07,EURO_STOXX_50,^STOXX50E,Yahoo Finance,3956.77001953125,-0.0034438220694072,-0.3443822069407236,0.7847941731613655,,0,,0.0,0.7930383060686194,0.0061796020752487,False
2021-04-08,EURO_STOXX_50,^STOXX50E,Yahoo Finance,3977.830078125,0.0053084233079015,0.5308423307901534,0.7692936487252084,,0,,0.0,0.7847941731613655,-0.0034438220694072,False
2021-04-09,EURO_STOXX_50,^STOXX50E,Yahoo Finance,3978.840087890625,0.0002538775015115,0.025387750151153,0.7560764251181417,,0,,0.0,0.7692936487252084,0.0053084233079015,False
2021-04-12,EURO_STOXX_50,^STOXX50E,Yahoo Finance,3961.89990234375,-0.0042666580863964,-0.4266658086396458,0.7231000063999822,-0.24141496828286269,4,,0.0,0.7560764251181417,0.0002538775015115,False
2021-04-13,EURO_STOXX_50,^STOXX50E,Yahoo Finance,3966.989990234375,0.0012839347396248,0.1283934739624808,0.7296740658398673,-0.3606886565685272,1,-0.24141496828286269,4.0,0.7231000063999822,-0.0042666580863964,True
2021-04-14,EURO_STOXX_50,^STOXX50E,Yahoo Finance,3976.280029296875,0.0023390979471764,0.2339097947176494,0.7007899543629207,,0,-0.3606886565685272,1.0,0.7296740658398673,0.0012839347396248,True
2021-04-15,EURO_STOXX_50,^STOXX50E,Yahoo Finance,3993.429931640625,0.0043037774020356,0.4303777402035695,0.6794169435369227,,0,,0.0,0.7007899543629207,0.0023390979471764,False
2021-04-16,EURO_STOXX_50,^STOXX50E,Yahoo Finance,4032.989990234375,0.0098575403030229,0.985754030302295,0.6744110884554078,,0,,0.0,0.6794169435369227,0.0043037774020356,False
2021-04-19,EURO_STOXX_50,^STOXX50E,Yahoo Finance,4019.909912109375,-0.003248541466175,-0.3248541466175042,0.7556762729280835,,0,,0.0,0.6744110884554078,0.0098575403030229,False
2021-04-20,EURO_STOXX_50,^STOXX50E,Yahoo Finance,3940.4599609375,-0.0199620346059863,-1.9962034605986307,0.743847510840474,-0.4864287902601063,1,,0.0,0.7556762729280835,-0.003248541466175,False
2021-04-21,EURO_STOXX_50,^STOXX50E,Yahoo Finance,3976.409912109375,0.009081922236427,0.908192223642702,1.1365585973316823,,0,-0.4864287902601063,1.0,0.743847510840474,-0.0199620346059863,True
2021-04-22,EURO_STOXX_50,^STOXX50E,Yahoo Finance,4014.800048828125,0.0096081650323166,0.9608165032316616,1.0998044319523317,,0,,0.0,1.1365585973316823,0.009081922236427,False
2021-04-23,EURO_STOXX_50,^STOXX50E,Yahoo Finance,4013.340087890625,-0.0003637108791653,-0.0363710879165363,1.077185317237367,,0,,0.0,1.0998044319523317,0.0096081650323166,False
2021-04-26,EURO_STOXX_50,^STOXX50E,Yahoo Finance,4020.830078125,0.0018645341708001,0.1864534170800144,0.9954214812401104,,0,,0.0,1.077185317237367,-0.0003637108791653,False
2021-04-27,EURO_STOXX_50,^STOXX50E,Yahoo Finance,4011.909912109375,-0.0022209531724238,-0.2220953172423805,0.9246949509371988,,0,,0.0,0.9954214812401104,0.0018645341708001,False
2021-04-28,EURO_STOXX_50,^STOXX50E,Yahoo Finance,4015.030029296875,0.0007774114089348,0.0777411408934832,0.8742896222956416,,0,,0.0,0.9246949509371988,-0.0022209531724238,False
2021-04-29,EURO_STOXX_50,^STOXX50E,Yahoo Finance,3996.89990234375,-0.004525790428545,-0.4525790428545095,0.8212823441521995,0.2265998545501913,1,,0.0,0.8742896222956416,0.0007774114089348,False
2021-04-30,EURO_STOXX_50,^STOXX50E,Yahoo Finance,3974.739990234375,-0.0055597015140476,-0.5559701514047605,0.810779750644278,0.4511383918627184,1,0.2265998545501913,1.0,0.8212823441521995,-0.004525790428545,True
2021-05-03,EURO_STOXX_50,^STOXX50E,Yahoo Finance,4000.25,0.006397524461754,0.6397524461754054,0.8161220862053119,,0,0.4511383918627184,1.0,0.810779750644278,-0.0055597015140476,True
2021-05-04,EURO_STOXX_50,^STOXX50E,Yahoo Finance,3924.800048828125,-0.0190414522038387,-1.904145220383871,0.8058795440815723,,0,,0.0,0.8161220862053119,0.006397524461754,False
2021-05-05,EURO_STOXX_50,^STOXX50E,Yahoo Finance,4002.7900390625,0.0196762207756291,1.9676220775629163,1.140325335399014,,0,,0.0,0.8058795440815723,-0.0190414522038387,False
2021-05-06,EURO_STOXX_50,^STOXX50E,Yahoo Finance,3999.43994140625,-0.0008372910701501,-0.0837291070150187,1.3134544524859304,,0,,0.0,1.140325335399014,0.0196762207756291,False
2021-05-07,EURO_STOXX_50,^STOXX50E,Yahoo Finance,4034.25,0.0086660741708373,0.8666074170837321,1.200162290391087,,0,,0.0,1.3134544524859304,-0.0008372910701501,False
2021-05-10,EURO_STOXX_50,^STOXX50E,Yahoo Finance,4023.35009765625,-0.0027054976321307,-0.2705497632130778,1.1468998313207364,-0.0704615110797541,1,,0.0,1.200162290391087,0.0086660741708373,False
2021-05-11,EURO_STOXX_50,^STOXX50E,Yahoo Finance,3946.06005859375,-0.0193972856025367,-1.939728560253677,1.0651357883939157,,0,-0.0704615110797541,1.0,1.1468998313207364,-0.0027054976321307,True
2021-05-12,EURO_STOXX_50,^STOXX50E,Yahoo Finance,3947.429931640625,0.0003470893260958,0.0347089326095847,1.3076038004090047,,0,,0.0,1.0651357883939157,-0.0193972856025367,False
2021-05-14,EURO_STOXX_50,^STOXX50E,Yahoo Finance,4017.43994140625,0.0175801523415481,1.7580152341548114,1.1929436120826216,,0,,0.0,1.3076038004090047,0.0003470893260958,False
2021-05-17,EURO_STOXX_50,^STOXX50E,Yahoo Finance,4006.840087890625,-0.0026419466026611,-0.2641946602661166,1.2998972876506023,,0,,0.0,1.1929436120826216,0.0175801523415481,False
2021-05-18,EURO_STOXX_50,^STOXX50E,Yahoo Finance,4005.340087890625,-0.0003744299265906,-0.0374429926590694,1.1957650494509586,,0,,0.0,1.2998972876506023,-0.0026419466026611,False
2021-05-19,EURO_STOXX_50,^STOXX50E,Yahoo Finance,3936.739990234375,-0.0172755255749119,-1.7275525574911943,1.097337468757533,,0,,0.0,1.1957650494509586,-0.0003744299265906,False
2021-05-20,EURO_STOXX_50,^STOXX50E,Yahoo Finance,3999.909912109375,0.0159188717254737,1.5918871725473758,1.27210408100711,-0.0436379287253927,1,,0.0,1.097337468757533,-0.0172755255749119,False
2021-05-21,EURO_STOXX_50,^STOXX50E,Yahoo Finance,4025.780029296875,0.0064468492994801,0.644684929948013,1.3229608285792016,,0,-0.0436379287253927,1.0,1.27210408100711,0.0159188717254737,True
2021-05-25,EURO_STOXX_50,^STOXX50E,Yahoo Finance,4036.0400390625,0.0025453347303571,0.2545334730357143,1.2280643823552078,-0.0405759594092766,1,,0.0,1.3229608285792016,0.0064468492994801,False
2021-05-26,EURO_STOXX_50,^STOXX50E,Yahoo Finance,4031.669921875,-0.0010833601198065,-0.1083360119806545,1.1257531321097438,,0,-0.0405759594092766,1.0,1.2280643823552078,0.0025453347303571,True
2021-05-27,EURO_STOXX_50,^STOXX50E,Yahoo Finance,4039.2099609375,0.0018684558228056,0.1868455822805609,1.039166980806701,,0,,0.0,1.1257531321097438,-0.0010833601198065,False
2021-05-28,EURO_STOXX_50,^STOXX50E,Yahoo Finance,4070.56005859375,0.0077314778952364,0.7731477895236448,0.9620231831056856,,0,,0.0,1.039166980806701,0.0018684558228056,False
2021-05-31,EURO_STOXX_50,^STOXX50E,Yahoo Finance,4039.4599609375,-0.0076695865189339,-0.7669586518933932,0.9401148922953196,0.32167294889907627,2,,0.0,0.9620231831056856,0.0077314778952364,False
2021-06-01,EURO_STOXX_50,^STOXX50E,Yahoo Finance,4071.75,0.0079618724687831,0.7961872468783099,0.9499992145447748,-0.1130787700298242,1,0.32167294889907627,2.0,0.9401148922953196,-0.0076695865189339,True
2021-06-02,EURO_STOXX_50,^STOXX50E,Yahoo Finance,4088.5,0.0041052721483618,0.4105272148361863,0.9334361627790216,,0,-0.1130787700298242,1.0,0.9499992145447748,0.0079618724687831,True
2021-06-03,EURO_STOXX_50,^STOXX50E,Yahoo Finance,4079.239990234375,-0.0022674604588611,-0.2267460458861183,0.881282245623601,,0,,0.0,0.9334361627790216,0.0041052721483618,False
2021-06-04,EURO_STOXX_50,^STOXX50E,Yahoo Finance,4089.3798828125,0.0024826465042676,0.2482646504267618,0.8383850646053331,,0,,0.0,0.881282245623601,-0.0022674604588611,False
2021-06-07,EURO_STOXX_50,^STOXX50E,Yahoo Finance,4097.64990234375,0.0020202741558579,0.2020274155857977,0.7936627609002416,,0,,0.0,0.8383850646053331,0.0024826465042676,False
2021-06-08,EURO_STOXX_50,^STOXX50E,Yahoo Finance,4096.009765625,-0.0004003429010037,-0.0400342901003717,0.7550031495640238,-0.6186492309960372,1,,0.0,0.7936627609002416,0.0020202741558579,False
2021-06-09,EURO_STOXX_50,^STOXX50E,Yahoo Finance,4096.85009765625,0.0002051376560126,0.0205137656012605,0.7238982679804533,,0,-0.6186492309960372,1.0,0.7550031495640238,-0.0004003429010037,True
2021-06-10,EURO_STOXX_50,^STOXX50E,Yahoo Finance,4096.06982421875,-0.0001904750558529,-0.0190475055852963,0.6966532795901317,,0,,0.0,0.7238982679804533,0.0002051376560126,False
2021-06-11,EURO_STOXX_50,^STOXX50E,Yahoo Finance,4126.7001953125,0.0074501689088069,0.7450168908806986,0.675326874282558,-0.09298604481155051,2,,0.0,0.6966532795901317,-0.0001904750558529,False
2021-06-14,EURO_STOXX_50,^STOXX50E,Yahoo Finance,4132.669921875,0.0014455648596336,0.1445564859633635,0.7111697579583874,,0,-0.09298604481155051,2.0,0.675326874282558,0.0074501689088069,True
2021-06-15,EURO_STOXX_50,^STOXX50E,Yahoo Finance,4143.52001953125,0.0026220045574556,0.2622004557455651,0.6857427343169694,0.0119175954129208,1,,0.0,0.7111697579583874,0.0014455648596336,False
2021-06-16,EURO_STOXX_50,^STOXX50E,Yahoo Finance,4151.759765625,0.001986611426519,0.198661142651902,0.6683069558534827,,0,0.0119175954129208,1.0,0.6857427343169694,0.0026220045574556,True
2021-06-17,EURO_STOXX_50,^STOXX50E,Yahoo Finance,4158.14013671875,0.0015356075097224,0.1535607509722491,0.6518545908287644,,0,,0.0,0.6683069558534827,0.001986611426519,False
2021-06-18,EURO_STOXX_50,^STOXX50E,Yahoo Finance,4083.3701171875,-0.0181452352095847,-1.814523520958477,0.6375336687223783,,0,,0.0,0.6518545908287644,0.0015356075097224,False
2021-06-21,EURO_STOXX_50,^STOXX50E,Yahoo Finance,4112.330078125,0.007067140275936,0.706714027593605,1.0224098740529926,,0,,0.0,0.6375336687223783,-0.0181452352095847,False
2021-06-22,EURO_STOXX_50,^STOXX50E,Yahoo Finance,4123.1298828125,0.0026227583959096,0.2622758395909622,0.9814889403728212,,0,,0.0,1.0224098740529926,0.007067140275936,False
2021-06-23,EURO_STOXX_50,^STOXX50E,Yahoo Finance,4075.93994140625,-0.0115111746821321,-1.1511174682132197,0.9147321435571448,,0,,0.0,0.9814889403728212,0.0026227583959096,False
2021-06-24,EURO_STOXX_50,^STOXX50E,Yahoo Finance,4122.43017578125,0.0113414573972036,1.1341457397203647,1.0052320149737195,,0,,0.0,0.9147321435571448,-0.0115111746821321,False
2021-06-25,EURO_STOXX_50,^STOXX50E,Yahoo Finance,4120.66015625,-0.0004294553346275,-0.0429455334627557,1.0304556829625515,,0,,0.0,1.0052320149737195,0.0113414573972036,False
2021-06-28,EURO_STOXX_50,^STOXX50E,Yahoo Finance,4089.909912109375,-0.0074904391921576,-0.749043919215761,0.9556493398847584,0.1778556299085418,1,,0.0,1.0304556829625515,-0.0004294553346275,False
2021-06-29,EURO_STOXX_50,^STOXX50E,Yahoo Finance,4107.509765625,0.0042940050041107,0.4294005004110776,0.9593300056666066,,0,0.1778556299085418,1.0,0.9556493398847584,-0.0074904391921576,True
2021-06-30,EURO_STOXX_50,^STOXX50E,Yahoo Finance,4064.300048828125,-0.0105754099738656,-1.0575409973865697,0.904222141625574,,0,,0.0,0.9593300056666066,0.0042940050041107,False
2021-07-01,EURO_STOXX_50,^STOXX50E,Yahoo Finance,4078.889892578125,0.0035833277785238,0.3583327778523815,0.9773020585663412,-0.1482347610704216,1,,0.0,0.904222141625574,-0.0105754099738656,False
2021-07-02,EURO_STOXX_50,^STOXX50E,Yahoo Finance,4084.31005859375,0.0013279515005302,0.1327951500530202,0.9152007055442892,,0,-0.1482347610704216,1.0,0.9773020585663412,0.0035833277785238,True
2021-07-05,EURO_STOXX_50,^STOXX50E,Yahoo Finance,4087.3701171875,0.0007489423645959,0.074894236459591,0.8559161268152169,-0.1353878768902548,1,,0.0,0.9152007055442892,0.0013279515005302,False
2021-07-06,EURO_STOXX_50,^STOXX50E,Yahoo Finance,4052.669921875,-0.0085258562225263,-0.8525856222526303,0.8058381010057861,,0,-0.1353878768902548,1.0,0.8559161268152169,0.0007489423645959,True
2021-07-07,EURO_STOXX_50,^STOXX50E,Yahoo Finance,4078.530029296875,0.0063607326757286,0.6360732675728653,0.8630283887044136,,0,,0.0,0.8058381010057861,-0.0085258562225263,False
2021-07-08,EURO_STOXX_50,^STOXX50E,Yahoo Finance,3991.659912109375,-0.0215294740973264,-2.152947409732643,0.8432328740027469,,0,,0.0,0.8630283887044136,0.0063607326757286,False
2021-07-09,EURO_STOXX_50,^STOXX50E,Yahoo Finance,4068.090087890625,0.0189664609775044,1.8966460977504425,1.240334899661844,,0,,0.0,0.8432328740027469,-0.0215294740973264,False
2021-07-12,EURO_STOXX_50,^STOXX50E,Yahoo Finance,4093.3798828125,0.0061973825685475,0.6197382568547556,1.366337014681076,-0.0408089455172774,2,,0.0,1.240334899661844,0.0189664609775044,False
2021-07-13,EURO_STOXX_50,^STOXX50E,Yahoo Finance,4094.56005859375,0.0002882717259453,0.0288271725945397,1.263189222888399,,0,-0.0408089455172774,2.0,1.366337014681076,0.0061973825685475,True
2021-07-14,EURO_STOXX_50,^STOXX50E,Yahoo Finance,4099.5,0.0012057373193265,0.1205737319326581,1.1545205659833666,,0,,0.0,1.263189222888399,0.0002882717259453,False
2021-07-15,EURO_STOXX_50,^STOXX50E,Yahoo Finance,4056.389892578125,-0.0105716260236813,-1.057162602368134,1.0603471671569198,,0,,0.0,1.1545205659833666,0.0012057373193265,False
2021-07-16,EURO_STOXX_50,^STOXX50E,Yahoo Finance,4035.77001953125,-0.0050962704393002,-0.5096270439300237,1.094359167719789,,0,,0.0,1.0603471671569198,-0.0105716260236813,False
2021-07-19,EURO_STOXX_50,^STOXX50E,Yahoo Finance,3928.530029296875,-0.0269318010265855,-2.693180102658552,1.0406876436008503,,0,,0.0,1.094359167719789,-0.0050962704393002,False
2021-07-20,EURO_STOXX_50,^STOXX50E,Yahoo Finance,3956.340087890625,0.0070540601173709,0.7054060117370904,1.523220821642138,,0,,0.0,1.0406876436008503,-0.0269318010265855,False
2021-07-21,EURO_STOXX_50,^STOXX50E,Yahoo Finance,4026.679931640625,0.0176228204328462,1.762282043284629,1.4041549472330346,,0,,0.0,1.523220821642138,0.0070540601173709,False
2021-07-22,EURO_STOXX_50,^STOXX50E,Yahoo Finance,4059.050048828125,0.0080067700005935,0.8006770000593547,1.458165661511527,,0,,0.0,1.4041549472330346,0.0176228204328462,False
2021-07-23,EURO_STOXX_50,^STOXX50E,Yahoo Finance,4109.10009765625,0.012255082077258,1.2255082077258093,1.3566852986662004,-0.16345814898765332,2,,0.0,1.458165661511527,0.0080067700005935,False
2021-07-26,EURO_STOXX_50,^STOXX50E,Yahoo Finance,4102.58984375,-0.0015856066940379,-0.1585606694037941,1.324389200223077,,0,-0.16345814898765332,2.0,1.3566852986662004,0.012255082077258,True
2021-07-27,EURO_STOXX_50,^STOXX50E,Yahoo Finance,4064.830078125,-0.0092465025717414,-0.9246502571741444,1.2120430621833829,,0,,0.0,1.324389200223077,-0.0015856066940379,False
2021-07-28,EURO_STOXX_50,^STOXX50E,Yahoo Finance,4103.02978515625,0.0093537318674115,0.935373186741153,1.1911036276277658,,0,,0.0,1.2120430621833829,-0.0092465025717414,False
2021-07-29,EURO_STOXX_50,^STOXX50E,Yahoo Finance,4116.77001953125,0.0033432072555064,0.3343207255506461,1.148061844298677,0.1576086122387399,1,,0.0,1.1911036276277658,0.0093537318674115,False
2021-07-30,EURO_STOXX_50,^STOXX50E,Yahoo Finance,4089.300048828125,-0.0066950618465048,-0.6695061846504872,1.0595160652805804,,0,0.1576086122387399,1.0,1.148061844298677,0.0033432072555064,True
2021-08-02,EURO_STOXX_50,^STOXX50E,Yahoo Finance,4116.6201171875,0.0066586485729257,0.6658648572925727,1.0309948195053007,-0.1259458739426918,2,,0.0,1.0595160652805804,-0.0066950618465048,False
2021-08-03,EURO_STOXX_50,^STOXX50E,Yahoo Finance,4117.9501953125,0.0003230473688585,0.0323047368858549,0.9841968128060248,,0,-0.1259458739426918,2.0,1.0309948195053007,0.0066586485729257,True
2021-08-04,EURO_STOXX_50,^STOXX50E,Yahoo Finance,4144.89990234375,0.0065231251382872,0.6523125138287258,0.914758929637834,,0,,0.0,0.9841968128060248,0.0003230473688585,False
2021-08-05,EURO_STOXX_50,^STOXX50E,Yahoo Finance,4161.080078125,0.0038960354554165,0.3896035455416523,0.8871209865359307,,0,,0.0,0.914758929637834,0.0065231251382872,False
2021-08-06,EURO_STOXX_50,^STOXX50E,Yahoo Finance,4174.5400390625,0.0032295072104777,0.3229507210477722,0.8412352596680107,,0,,0.0,0.8871209865359307,0.0038960354554165,False
2021-08-09,EURO_STOXX_50,^STOXX50E,Yahoo Finance,4177.14990234375,0.0006249904832468,0.0624990483246857,0.7992114736828153,,0,,0.0,0.8412352596680107,0.0032295072104777,False
2021-08-10,EURO_STOXX_50,^STOXX50E,Yahoo Finance,4187.81982421875,0.0025510977350845,0.2551097735084524,0.7584509173784123,,0,,0.0,0.7992114736828153,0.0006249904832468,False
2021-08-11,EURO_STOXX_50,^STOXX50E,Yahoo Finance,4206.330078125,0.0044102819521994,0.4410281952199471,0.7275280943140706,,0,,0.0,0.7584509173784123,0.0025510977350845,False
2021-08-12,EURO_STOXX_50,^STOXX50E,Yahoo Finance,4226.330078125,0.0047434705372342,0.4743470537234269,0.7139156263996083,,0,,0.0,0.7275280943140706,0.0044102819521994,False
2021-08-13,EURO_STOXX_50,^STOXX50E,Yahoo Finance,4229.7001953125,0.0007970920767684,0.0797092076768409,0.7060159096730406,,0,,0.0,0.7139156263996083,0.0047434705372342,False
2021-08-16,EURO_STOXX_50,^STOXX50E,Yahoo Finance,4202.43994140625,-0.0064658196937523,-0.6465819693752334,0.6812542668971491,,0,,0.0,0.7060159096730406,0.0007970920767684,False
2021-08-17,EURO_STOXX_50,^STOXX50E,Yahoo Finance,4196.39990234375,-0.0014383034362193,-0.1438303436219339,0.7319908975820967,,0,,0.0,0.6812542668971491,-0.0064658196937523,False
2021-08-18,EURO_STOXX_50,^STOXX50E,Yahoo Finance,4189.419921875,-0.0016647107204801,-0.166471072048011,0.7099081345827932,,0,,0.0,0.7319908975820967,-0.0014383034362193,False
2021-08-19,EURO_STOXX_50,^STOXX50E,Yahoo Finance,4124.7099609375,-0.0155665760686733,-1.5566576068673323,0.6934125003167941,,0,,0.0,0.7099081345827932,-0.0016647107204801,False
2021-08-20,EURO_STOXX_50,^STOXX50E,Yahoo Finance,4147.5,0.0055100382678578,0.551003826785787,0.9693180002137812,,0,,0.0,0.6934125003167941,-0.0155665760686733,False
2021-08-23,EURO_STOXX_50,^STOXX50E,Yahoo Finance,4176.419921875,0.0069486584470087,0.6948658447008732,0.9219495751201232,,0,,0.0,0.9693180002137812,0.0055100382678578,False
2021-08-24,EURO_STOXX_50,^STOXX50E,Yahoo Finance,4178.080078125,0.0003974280380278,0.0397428038027802,0.8978988978190227,,0,,0.0,0.9219495751201232,0.0069486584470087,False
2021-08-25,EURO_STOXX_50,^STOXX50E,Yahoo Finance,4181.1201171875,0.0007273516904715,0.0727351690471507,0.8415007314998562,,0,,0.0,0.8978988978190227,0.0003974280380278,False
2021-08-26,EURO_STOXX_50,^STOXX50E,Yahoo Finance,4169.8701171875,-0.0026942928897711,-0.2694292889771106,0.7937469858932757,-0.2197948857778456,1,,0.0,0.8415007314998562,0.0007273516904715,False
2021-08-27,EURO_STOXX_50,^STOXX50E,Yahoo Finance,4190.97998046875,0.0050497037722857,0.5049703772285761,0.7695188068811004,,0,-0.2197948857778456,1.0,0.7937469858932757,-0.0026942928897711,True
2021-08-30,EURO_STOXX_50,^STOXX50E,Yahoo Finance,4198.7998046875,0.0018641315227526,0.1864131522752661,0.7536735289725007,,0,,0.0,0.7695188068811004,0.0050497037722857,False
2021-08-31,EURO_STOXX_50,^STOXX50E,Yahoo Finance,4196.41015625,-0.0005692885617292,-0.0569288561729223,0.7214784692285234,,0,,0.0,0.7536735289725007,0.0018641315227526,False
2021-09-01,EURO_STOXX_50,^STOXX50E,Yahoo Finance,4227.27001953125,0.0073269641522315,0.7326964152231548,0.6969553353041158,,0,,0.0,0.7214784692285234,-0.0005692885617292,False
2021-09-02,EURO_STOXX_50,^STOXX50E,Yahoo Finance,4232.10009765625,0.0011419475878169,0.114194758781694,0.7255418541310891,,0,,0.0,0.6969553353041158,0.0073269641522315,False
2021-09-03,EURO_STOXX_50,^STOXX50E,Yahoo Finance,4201.97998046875,-0.0071425087164494,-0.714250871644949,0.697297925204401,,0,,0.0,0.7255418541310891,0.0011419475878169,False
2021-09-06,EURO_STOXX_50,^STOXX50E,Yahoo Finance,4246.1298828125,0.0104521141399458,1.045211413994589,0.7563999068753526,,0,,0.0,0.697297925204401,-0.0071425087164494,False
2021-09-07,EURO_STOXX_50,^STOXX50E,Yahoo Finance,4225.009765625,-0.0049863800680552,-0.4986380068055214,0.8266907641426743,,0,,0.0,0.7563999068753526,0.0104521141399458,False
2021-09-08,EURO_STOXX_50,^STOXX50E,Yahoo Finance,4177.14990234375,-0.0113923997645554,-1.1392399764555483,0.8208870126393916,,0,,0.0,0.8266907641426743,-0.0049863800680552,False
2021-09-09,EURO_STOXX_50,^STOXX50E,Yahoo Finance,4177.10986328125,-9.585304652637128e-06,-0.0009585304652637,0.9361344543622532,0.1649852681818396,2,,0.0,0.8208870126393916,-0.0113923997645554,False
2021-09-10,EURO_STOXX_50,^STOXX50E,Yahoo Finance,4170.35009765625,-0.0016195985687289,-0.1619598568728917,0.8744885992233881,0.00726119083216205,2,0.1649852681818396,2.0,0.9361344543622532,-9.585304652637128e-06,True
2021-09-13,EURO_STOXX_50,^STOXX50E,Yahoo Finance,4189.52978515625,0.0045885159644332,0.4588515964433248,0.8286731197088786,,0,0.00726119083216205,2.0,0.8744885992233881,-0.0016195985687289,True
2021-09-14,EURO_STOXX_50,^STOXX50E,Yahoo Finance,4191.669921875,0.000510699384354,0.0510699384354041,0.797783012447662,,0,,0.0,0.8286731197088786,0.0045885159644332,False
2021-09-15,EURO_STOXX_50,^STOXX50E,Yahoo Finance,4145.93994140625,-0.0109696759118095,-1.0969675911809595,0.7573681822648359,,0,,0.0,0.797783012447662,0.000510699384354,False
2021-09-16,EURO_STOXX_50,^STOXX50E,Yahoo Finance,4169.8701171875,0.0057553603721601,0.5755360372160161,0.8824092929114125,,0,,0.0,0.7573681822648359,-0.0109696759118095,False
2021-09-17,EURO_STOXX_50,^STOXX50E,Yahoo Finance,4130.83984375,-0.0094041500708942,-0.9404150070894248,0.8525076384766911,,0,,0.0,0.8824092929114125,0.0057553603721601,False
2021-09-20,EURO_STOXX_50,^STOXX50E,Yahoo Finance,4043.6298828125,-0.021337963876362,-2.1337963876362003,0.9150340658133742,-0.2479507087596825,1,,0.0,0.8525076384766911,-0.0094041500708942,False
2021-09-21,EURO_STOXX_50,^STOXX50E,Yahoo Finance,4097.509765625,0.01323664052506,1.3236640525060088,1.273949291241275,,0,-0.2479507087596825,1.0,0.9150340658133742,-0.021337963876362,True
2021-09-22,EURO_STOXX_50,^STOXX50E,Yahoo Finance,4150.18994140625,0.0127746872627885,1.2774687262788549,1.274054740918806,,0,,0.0,1.273949291241275,0.01323664052506,False
2021-09-23,EURO_STOXX_50,^STOXX50E,Yahoo Finance,4194.919921875,0.0107201485830086,1.0720148583008635,1.2662993260987851,,0,,0.0,1.274054740918806,0.0127746872627885,False
2021-09-24,EURO_STOXX_50,^STOXX50E,Yahoo Finance,4158.509765625,-0.0087174701151812,-0.8717470115181268,1.228257533637111,,0,,0.0,1.2662993260987851,0.0107201485830086,False
2021-09-27,EURO_STOXX_50,^STOXX50E,Yahoo Finance,4165.47998046875,0.0016747297114693,0.167472971146934,1.196320705274009,-0.1622834741310388,1,,0.0,1.228257533637111,-0.0087174701151812,False
2021-09-28,EURO_STOXX_50,^STOXX50E,Yahoo Finance,4058.820068359375,-0.0259392025704613,-2.593920257046139,1.096755398177568,,0,-0.1622834741310388,1.0,1.196320705274009,0.0016747297114693,True
2021-09-29,EURO_STOXX_50,^STOXX50E,Yahoo Finance,4080.219970703125,0.0052585935331356,0.5258593533135666,1.5223700870488222,,0,,0.0,1.096755398177568,-0.0259392025704613,False
2021-09-30,EURO_STOXX_50,^STOXX50E,Yahoo Finance,4048.080078125,-0.0079081874157584,-0.7908187415758456,1.3914882493969334,,0,,0.0,1.5223700870488222,0.0052585935331356,False
2021-10-01,EURO_STOXX_50,^STOXX50E,Yahoo Finance,4035.300048828125,-0.0031620534342493,-0.3162053434249325,1.3200760715431945,-0.12568901542884603,2,,0.0,1.3914882493969334,-0.0079081874157584,False
2021-10-04,EURO_STOXX_50,^STOXX50E,Yahoo Finance,3996.409912109375,-0.009684224367527,-0.968422436752704,1.2160950473828664,0.9095829371362923,1,-0.12568901542884603,2.0,1.3200760715431945,-0.0031620534342493,True
2021-10-05,EURO_STOXX_50,^STOXX50E,Yahoo Finance,4065.429931640625,0.017123065515139,1.7123065515139098,1.201193147992749,0.1851781075820326,1,0.9095829371362923,1.0,1.2160950473828664,-0.009684224367527,True
2021-10-06,EURO_STOXX_50,^STOXX50E,Yahoo Finance,4012.64990234375,-0.0130676550504929,-1.3067655050492957,1.2955850785384329,,0,0.1851781075820326,1.0,1.201193147992749,0.017123065515139,True
2021-10-07,EURO_STOXX_50,^STOXX50E,Yahoo Finance,4098.33984375,0.0211301289531673,2.113012895316736,1.3230166355156066,,0,,0.0,1.2955850785384329,-0.0130676550504929,False
2021-10-08,EURO_STOXX_50,^STOXX50E,Yahoo Finance,4073.2900390625,-0.0061309392402475,-0.6130939240247552,1.4772924885427816,,0,,0.0,1.3230166355156066,0.0211301289531673,False
2021-10-11,EURO_STOXX_50,^STOXX50E,Yahoo Finance,4072.52001953125,-0.0001890590445897,-0.0189059044589784,1.3735036556503804,,0,,0.0,1.4772924885427816,-0.0061309392402475,False
2021-10-12,EURO_STOXX_50,^STOXX50E,Yahoo Finance,4055.090087890625,-0.004289073449772,-0.4289073449772093,1.2508411552767396,-0.1208607148379087,1,,0.0,1.3735036556503804,-0.0001890590445897,False
2021-10-13,EURO_STOXX_50,^STOXX50E,Yahoo Finance,4083.280029296875,0.0069276903712445,0.6927690371244555,1.1649059071233323,,0,-0.1208607148379087,1.0,1.2508411552767396,-0.004289073449772,True
2021-10-14,EURO_STOXX_50,^STOXX50E,Yahoo Finance,4149.06005859375,0.0159812224966448,1.5981222496644896,1.0985885502236636,,0,,0.0,1.1649059071233323,0.0069276903712445,False
2021-10-15,EURO_STOXX_50,^STOXX50E,Yahoo Finance,4182.91015625,0.0081253972400337,0.8125397240033753,1.195044405990232,,0,,0.0,1.0985885502236636,0.0159812224966448,False
2021-10-18,EURO_STOXX_50,^STOXX50E,Yahoo Finance,4151.39990234375,-0.0075616106973628,-0.7561610697362833,1.136353310548561,,0,,0.0,1.195044405990232,0.0081253972400337,False
2021-10-19,EURO_STOXX_50,^STOXX50E,Yahoo Finance,4166.830078125,0.0037099703941183,0.3709970394118367,1.1052412346581115,,0,,0.0,1.136353310548561,-0.0075616106973628,False
2021-10-20,EURO_STOXX_50,^STOXX50E,Yahoo Finance,4172.169921875,0.0012806918047378,0.1280691804737882,1.0244995773648242,,0,,0.0,1.1052412346581115,0.0037099703941183,False
2021-10-21,EURO_STOXX_50,^STOXX50E,Yahoo Finance,4155.72998046875,-0.0039481653128694,-0.3948165312869429,0.9488223975871458,,0,,0.0,1.0244995773648242,0.0012806918047378,False
2021-10-22,EURO_STOXX_50,^STOXX50E,Yahoo Finance,4188.81005859375,0.0079285979243399,0.7928597924339965,0.9084090874327392,,0,,0.0,0.9488223975871458,-0.0039481653128694,False
2021-10-25,EURO_STOXX_50,^STOXX50E,Yahoo Finance,4188.31005859375,-0.000119372766201,-0.0119372766201058,0.8996237125279862,,0,,0.0,0.9084090874327392,0.0079285979243399,False
2021-10-26,EURO_STOXX_50,^STOXX50E,Yahoo Finance,4223.97021484375,0.0084781696978839,0.8478169697883909,0.8438658382937663,,0,,0.0,0.8996237125279862,-0.000119372766201,False
2021-10-27,EURO_STOXX_50,^STOXX50E,Yahoo Finance,4220.8798828125,-0.0007318856186812,-0.0731885618681208,0.8567884417115581,,0,,0.0,0.8438658382937663,0.0084781696978839,False
2021-10-28,EURO_STOXX_50,^STOXX50E,Yahoo Finance,4233.8701171875,0.0030728867433887,0.3072886743388759,0.8097173951380554,,0,,0.0,0.8567884417115581,-0.0007318856186812,False
2021-10-29,EURO_STOXX_50,^STOXX50E,Yahoo Finance,4250.56005859375,0.0039342566532401,0.3934256653240128,0.7722352972009763,,0,,0.0,0.8097173951380554,0.0030728867433887,False
2021-11-01,EURO_STOXX_50,^STOXX50E,Yahoo Finance,4280.47021484375,0.0070121140934773,0.7012114093477338,0.7464978690164338,,0,,0.0,0.7722352972009763,0.0039342566532401,False
2021-11-02,EURO_STOXX_50,^STOXX50E,Yahoo Finance,4296.22021484375,0.0036727494908544,0.3672749490854449,0.7589433780765337,,0,,0.0,0.7464978690164338,0.0070121140934773,False
2021-11-03,EURO_STOXX_50,^STOXX50E,Yahoo Finance,4309.60986328125,0.0031117647270198,0.3111764727019803,0.7338267122814813,,0,,0.0,0.7589433780765337,0.0036727494908544,False
2021-11-04,EURO_STOXX_50,^STOXX50E,Yahoo Finance,4333.33984375,0.0054911901378434,0.5491190137843426,0.7099069283584144,,0,,0.0,0.7338267122814813,0.0031117647270198,False
2021-11-05,EURO_STOXX_50,^STOXX50E,Yahoo Finance,4363.0400390625,0.0068304998600157,0.6830499860015722,0.7106717379360955,,0,,0.0,0.7099069283584144,0.0054911901378434,False
2021-11-08,EURO_STOXX_50,^STOXX50E,Yahoo Finance,4352.52978515625,-0.0024118351899022,-0.24118351899022,0.7285748924429069,,0,,0.0,0.7106717379360955,0.0068304998600157,False
2021-11-09,EURO_STOXX_50,^STOXX50E,Yahoo Finance,4344.6298828125,-0.0018166630987567,-0.1816663098756799,0.7142172955768868,,0,,0.0,0.7285748924429069,-0.0024118351899022,False
2021-11-10,EURO_STOXX_50,^STOXX50E,Yahoo Finance,4348.81982421875,0.0009639307459934,0.0963930745993469,0.6979610410650654,,0,,0.0,0.7142172955768868,-0.0018166630987567,False
2021-11-11,EURO_STOXX_50,^STOXX50E,Yahoo Finance,4358.0,0.0021087330089333,0.210873300893336,0.6746172662955358,,0,,0.0,0.6979610410650654,0.0009639307459934,False
2021-11-12,EURO_STOXX_50,^STOXX50E,Yahoo Finance,4370.330078125,0.0028253024843323,0.2825302484332335,0.657336419095256,,0,,0.0,0.6746172662955358,0.0021087330089333,False
2021-11-15,EURO_STOXX_50,^STOXX50E,Yahoo Finance,4386.18994140625,0.0036224163454202,0.3622416345420275,0.6463195282488627,-0.0438211852345954,1,,0.0,0.657336419095256,0.0028253024843323,False
2021-11-16,EURO_STOXX_50,^STOXX50E,Yahoo Finance,4401.490234375,0.0034822178603309,0.3482217860330922,0.6425005644691919,0.0010791712750991,1,-0.0438211852345954,1.0,0.6463195282488627,0.0036224163454202,True
2021-11-17,EURO_STOXX_50,^STOXX50E,Yahoo Finance,4400.81005859375,-0.0001545450075469,-0.0154545007546991,0.6384475590333824,,0,0.0010791712750991,1.0,0.6425005644691919,0.0034822178603309,True
2021-11-18,EURO_STOXX_50,^STOXX50E,Yahoo Finance,4383.7001953125,-0.0038954670034118,-0.3895467003411817,0.6280440695229812,,0,,0.0,0.6384475590333824,-0.0001545450075469,False
2021-11-19,EURO_STOXX_50,^STOXX50E,Yahoo Finance,4356.47021484375,-0.00623101548195,-0.6231015481950055,0.6512321452660644,,0,,0.0,0.6280440695229812,-0.0038954670034118,False
2021-11-22,EURO_STOXX_50,^STOXX50E,Yahoo Finance,4338.68994140625,-0.0040896999940653,-0.4089699994065323,0.7056983669423711,,0,,0.0,0.6512321452660644,-0.00623101548195,False
2021-11-23,EURO_STOXX_50,^STOXX50E,Yahoo Finance,4283.81982421875,-0.0127273518632512,-1.2727351863251226,0.7137877198922734,-0.2726633501505213,1,,0.0,0.7056983669423711,-0.0040896999940653,False
2021-11-24,EURO_STOXX_50,^STOXX50E,Yahoo Finance,4276.25,-0.0017686365526087,-0.1768636552608747,0.8992159987141296,-0.0973020749937357,1,-0.2726633501505213,1.0,0.7137877198922734,-0.0127273518632512,True
2021-11-25,EURO_STOXX_50,^STOXX50E,Yahoo Finance,4293.240234375,0.003965289923323,0.3965289923323015,0.85018739114244,,0,-0.0973020749937357,1.0,0.8992159987141296,-0.0017686365526087,True
2021-11-26,EURO_STOXX_50,^STOXX50E,Yahoo Finance,4089.580078125,-0.0485994528343403,-4.859945283434035,0.8109548111952194,,0,,0.0,0.85018739114244,0.003965289923323,False
2021-11-29,EURO_STOXX_50,^STOXX50E,Yahoo Finance,4109.509765625,0.004861448558505,0.4861448558505065,2.233610971805545,,0,,0.0,0.8109548111952194,-0.0485994528343403,False
2021-11-30,EURO_STOXX_50,^STOXX50E,Yahoo Finance,4063.06005859375,-0.0113673442262822,-1.1367344226282272,2.010943174865704,,0,,0.0,2.233610971805545,0.004861448558505,False
2021-12-01,EURO_STOXX_50,^STOXX50E,Yahoo Finance,4179.14990234375,0.0281714544777255,2.817145447772555,1.8818690419217845,-0.2157598350729261,1,,0.0,2.010943174865704,-0.0113673442262822,False
2021-12-02,EURO_STOXX_50,^STOXX50E,Yahoo Finance,4108.02001953125,-0.0171666878505562,-1.7166687850556257,2.048548692977847,,0,-0.2157598350729261,1.0,1.8818690419217845,0.0281714544777255,True
2021-12-03,EURO_STOXX_50,^STOXX50E,Yahoo Finance,4080.14990234375,-0.0068074368463804,-0.680743684638042,1.9946395366344016,,0,,0.0,2.048548692977847,-0.0171666878505562,False
2021-12-06,EURO_STOXX_50,^STOXX50E,Yahoo Finance,4137.10986328125,0.0138637148831204,1.3863714883120437,1.8236171021401717,,0,,0.0,1.9946395366344016,-0.0068074368463804,False
2021-12-07,EURO_STOXX_50,^STOXX50E,Yahoo Finance,4276.2001953125,0.0330673670332634,3.30673670332634,1.7316181124912988,,0,,0.0,1.8236171021401717,0.0138637148831204,False
2021-12-08,EURO_STOXX_50,^STOXX50E,Yahoo Finance,4233.08984375,-0.0101326245102081,-1.013262451020812,2.0704774620594453,-0.2193974333653307,1,,0.0,1.7316181124912988,0.0330673670332634,False
2021-12-09,EURO_STOXX_50,^STOXX50E,Yahoo Finance,4208.2998046875,-0.0058734666592422,-0.5873466659242222,1.918816925003483,,0,-0.2193974333653307,1.0,2.0704774620594453,-0.0101326245102081,True
2021-12-10,EURO_STOXX_50,^STOXX50E,Yahoo Finance,4199.16015625,-0.0021741767621274,-0.2174176762127444,1.751108835872084,0.0083904713392257,1,,0.0,1.918816925003483,-0.0058734666592422,False
2021-12-13,EURO_STOXX_50,^STOXX50E,Yahoo Finance,4183.0400390625,-0.0038462782288914,-0.3846278228891405,1.5853486156373338,-0.0792003355565525,2,0.0083904713392257,1.0,1.751108835872084,-0.0021741767621274,True
2021-12-14,EURO_STOXX_50,^STOXX50E,Yahoo Finance,4144.509765625,-0.00925375393548,-0.9253753935480056,1.4490007158226297,,0,-0.0792003355565525,2.0,1.5853486156373338,-0.0038462782288914,True
2021-12-15,EURO_STOXX_50,^STOXX50E,Yahoo Finance,4159.68017578125,0.0036536801637687,0.3653680163768734,1.3848660531116703,0.2563302479943053,1,,0.0,1.4490007158226297,-0.00925375393548,False
2021-12-16,EURO_STOXX_50,^STOXX50E,Yahoo Finance,4201.8701171875,0.0100915016889838,1.00915016889839,1.2648809716485017,,0,0.2563302479943053,1.0,1.3848660531116703,0.0036536801637687,True
2021-12-17,EURO_STOXX_50,^STOXX50E,Yahoo Finance,4161.35009765625,-0.0096901278584499,-0.969012785844995,1.2184124838479895,,0,,0.0,1.2648809716485017,0.0100915016889838,False
2021-12-20,EURO_STOXX_50,^STOXX50E,Yahoo Finance,4107.1298828125,-0.0131151051107436,-1.3115105110743648,1.2031432674215918,,0,,0.0,1.2184124838479895,-0.0096901278584499,False
2021-12-21,EURO_STOXX_50,^STOXX50E,Yahoo Finance,4174.990234375,0.0163875600125615,1.6387560012561515,1.2530033723639324,,0,,0.0,1.2031432674215918,-0.0131151051107436,False
2021-12-22,EURO_STOXX_50,^STOXX50E,Yahoo Finance,4217.06005859375,0.0100261974536908,1.0026197453690828,1.3181632902608469,-0.0566721875220537,1,,0.0,1.2530033723639324,0.0163875600125615,False
2021-12-23,EURO_STOXX_50,^STOXX50E,Yahoo Finance,4265.85986328125,0.0115055531514597,1.1505553151459766,1.2614629711068142,-0.1804212760180235,1,-0.0566721875220537,1.0,1.3181632902608469,0.0100261974536908,True
2021-12-27,EURO_STOXX_50,^STOXX50E,Yahoo Finance,4287.97998046875,0.0051719851902579,0.5171985190257905,1.2359120757683173,,0,-0.1804212760180235,1.0,1.2614629711068142,0.0115055531514597,True
2021-12-28,EURO_STOXX_50,^STOXX50E,Yahoo Finance,4311.93017578125,0.0055698854513147,0.5569885451314773,1.144470335046807,,0,,0.0,1.2359120757683173,0.0051719851902579,False
2021-12-29,EURO_STOXX_50,^STOXX50E,Yahoo Finance,4284.830078125,-0.0063047442581637,-0.6304744258163719,1.0695236581167271,0.0725156337241915,1,,0.0,1.144470335046807,0.0055698854513147,False
2021-12-30,EURO_STOXX_50,^STOXX50E,Yahoo Finance,4306.06982421875,0.0049447181579525,0.4944718157952594,1.034103281155874,,0,0.0725156337241915,1.0,1.0695236581167271,-0.0063047442581637,True
2022-01-03,EURO_STOXX_50,^STOXX50E,Yahoo Finance,4331.81982421875,0.0059621220751146,0.59621220751146,0.9716233360310472,-0.10978467386487739,2,,0.0,1.034103281155874,0.0049447181579525,False
2022-01-04,EURO_STOXX_50,^STOXX50E,Yahoo Finance,4367.6201171875,0.0082305287023271,0.8230528702327126,0.928036038206218,,0,-0.10978467386487739,2.0,0.9716233360310472,0.0059621220751146,True
2022-01-05,EURO_STOXX_50,^STOXX50E,Yahoo Finance,4392.14990234375,0.0056005692430422,0.5600569243042244,0.9195261633037498,,0,,0.0,0.928036038206218,0.0082305287023271,False
2022-01-06,EURO_STOXX_50,^STOXX50E,Yahoo Finance,4324.81005859375,-0.0154506120639141,-1.5450612063914106,0.8815167793539925,,0,,0.0,0.9195261633037498,0.0056005692430422,False
2022-01-07,EURO_STOXX_50,^STOXX50E,Yahoo Finance,4305.830078125,-0.0043982858201146,-0.4398285820114604,1.0803301298608827,,0,,0.0,0.8815167793539925,-0.0154506120639141,False
2022-01-10,EURO_STOXX_50,^STOXX50E,Yahoo Finance,4239.52001953125,-0.0155198766160072,-1.5519876616007278,1.022061624844797,0.0026789637105095,1,,0.0,1.0803301298608827,-0.0043982858201146,False
2022-01-11,EURO_STOXX_50,^STOXX50E,Yahoo Finance,4281.5400390625,0.0098627071888959,0.9862707188895932,1.1759488773482436,-0.0145441192601408,1,0.0026789637105095,1.0,1.022061624844797,-0.0155198766160072,True
2022-01-12,EURO_STOXX_50,^STOXX50E,Yahoo Finance,4316.39013671875,0.0081066693495657,0.8106669349565708,1.1425474925697987,-0.2758415777236223,1,-0.0145441192601408,1.0,1.1759488773482436,0.0098627071888959,True
2022-01-13,EURO_STOXX_50,^STOXX50E,Yahoo Finance,4315.89990234375,-0.0001135815347511,-0.0113581534751159,1.0925808347367514,,0,-0.2758415777236223,1.0,1.1425474925697987,0.0081066693495657,True
2022-01-14,EURO_STOXX_50,^STOXX50E,Yahoo Finance,4272.18994140625,-0.0101792922897413,-1.0179292289741333,1.008073185205977,-0.3340867477883067,1,,0.0,1.0925808347367514,-0.0001135815347511,False
2022-01-17,EURO_STOXX_50,^STOXX50E,Yahoo Finance,4302.14013671875,0.0069860424893662,0.6986042489366256,1.0469687274050803,-0.027339786090248962,3,-0.3340867477883067,1.0,1.008073185205977,-0.0101792922897413,True
2022-01-18,EURO_STOXX_50,^STOXX50E,Yahoo Finance,4257.81982421875,-0.0103553541728888,-1.035535417288881,1.0008837095007566,0.0494123771786689,1,-0.027339786090248962,3.0,1.0469687274050803,0.0069860424893662,True
2022-01-19,EURO_STOXX_50,^STOXX50E,Yahoo Finance,4268.27978515625,0.0024536345256142,0.2453634525614241,1.0448923286632807,-0.1601333580911159,1,0.0494123771786689,1.0,1.0008837095007566,-0.0103553541728888,True
2022-01-20,EURO_STOXX_50,^STOXX50E,Yahoo Finance,4299.60986328125,0.0073134036626248,0.7313403662624878,0.9682094946829762,-0.02693634154134138,5,-0.1601333580911159,1.0,1.0448923286632807,0.0024536345256142,True
2022-01-21,EURO_STOXX_50,^STOXX50E,Yahoo Finance,4229.56005859375,-0.0164263065251666,-1.642630652516666,0.93991999641352,-0.2778616104185342,5,-0.02693634154134138,5.0,0.9682094946829762,0.0073134036626248,True
2022-01-24,EURO_STOXX_50,^STOXX50E,Yahoo Finance,4054.360107421875,-0.0423051108220777,-4.230511082207777,1.144701677511892,-0.3019931546544538,11,-0.2778616104185342,5.0,0.93991999641352,-0.0164263065251666,True
2022-01-25,EURO_STOXX_50,^STOXX50E,Yahoo Finance,4078.260009765625,0.0058775574913188,0.5877557491318839,2.1116574789927984,-0.11208920701518757,7,-0.3019931546544538,11.0,1.144701677511892,-0.0423051108220777,True
2022-01-26,EURO_STOXX_50,^STOXX50E,Yahoo Finance,4164.60009765625,0.0209498267826394,2.0949826782639454,1.9080527414837247,-0.21119765474936728,4,-0.11208920701518757,7.0,2.1116574789927984,0.0058775574913188,True
2022-01-27,EURO_STOXX_50,^STOXX50E,Yahoo Finance,4184.97021484375,0.0048793307533628,0.4879330753362842,1.9144007581932927,0.08215967494447429,2,-0.21119765474936728,4.0,1.9080527414837247,0.0209498267826394,True
2022-01-28,EURO_STOXX_50,^STOXX50E,Yahoo Finance,4136.91015625,-0.0115504166764317,-1.1550416676431745,1.7310677914303283,-0.12601650969287684,6,0.08215967494447429,2.0,1.9144007581932927,0.0048793307533628,True
2022-01-31,EURO_STOXX_50,^STOXX50E,Yahoo Finance,4174.60009765625,0.0090693986051109,0.9069398605110996,1.6495493113626938,-0.2187258945604145,4,-0.12601650969287684,6.0,1.7310677914303283,-0.0115504166764317,True
2022-02-01,EURO_STOXX_50,^STOXX50E,Yahoo Finance,4224.4501953125,0.0118705523317157,1.187055233171578,1.5296893722824771,-0.47516282135620713,2,-0.2187258945604145,4.0,1.6495493113626938,0.0090693986051109,True
2022-02-02,EURO_STOXX_50,^STOXX50E,Yahoo Finance,4222.0498046875,-0.000568375229887,-0.0568375229887054,1.4607501327559318,-0.0043421611949605214,3,-0.47516282135620713,2.0,1.5296893722824771,0.0118705523317157,True
2022-02-03,EURO_STOXX_50,^STOXX50E,Yahoo Finance,4141.02001953125,-0.0193786068048913,-1.9378606804891336,1.3274282304080538,,0,-0.0043421611949605214,3.0,1.4607501327559318,-0.000568375229887,True
2022-02-04,EURO_STOXX_50,^STOXX50E,Yahoo Finance,4086.580078125,-0.0132336854648471,-1.323368546484718,1.484907732933149,,0,,0.0,1.3274282304080538,-0.0193786068048913,False
2022-02-07,EURO_STOXX_50,^STOXX50E,Yahoo Finance,4120.56005859375,0.0082806371200615,0.8280637120061521,1.474867577554411,-0.03503044243070434,5,,0.0,1.484907732933149,-0.0132336854648471,False
2022-02-08,EURO_STOXX_50,^STOXX50E,Yahoo Finance,4129.25,0.0021067017442823,0.2106701744282316,1.373458728177969,-0.1824989144436337,1,-0.03503044243070434,5.0,1.474867577554411,0.0082806371200615,True
2022-02-09,EURO_STOXX_50,^STOXX50E,Yahoo Finance,4204.08984375,0.0179620313829844,1.7962031382984442,1.2507736151282705,-0.6325806118547916,2,-0.1824989144436337,1.0,1.373458728177969,0.0021067017442823,True
2022-02-10,EURO_STOXX_50,^STOXX50E,Yahoo Finance,4197.06982421875,-0.0016712028916382,-0.1671202891638242,1.3507467450406052,,0,-0.6325806118547916,2.0,1.2507736151282705,0.0179620313829844,True
2022-02-11,EURO_STOXX_50,^STOXX50E,Yahoo Finance,4155.22998046875,-0.0100188438414469,-1.0018843841446978,1.2351630625891914,-0.11561901395096659,7,,0.0,1.3507467450406052,-0.0016712028916382,False
2022-02-14,EURO_STOXX_50,^STOXX50E,Yahoo Finance,4064.449951171875,-0.0220893565897196,-2.208935658971965,1.221805100127335,-0.1577266817267598,21,-0.11561901395096659,7.0,1.2351630625891914,-0.0100188438414469,True
2022-02-15,EURO_STOXX_50,^STOXX50E,Yahoo Finance,4143.7099609375,0.0193130919072572,1.9313091907257265,1.4841117728639706,-0.1572882872328174,15,-0.1577266817267598,21.0,1.221805100127335,-0.0220893565897196,True
2022-02-16,EURO_STOXX_50,^STOXX50E,Yahoo Finance,4137.22021484375,-0.0015673957598046,-0.1567395759804696,1.5539880627376728,0.036645588395051366,5,-0.1572882872328174,15.0,1.4841117728639706,0.0193130919072572,True
2022-02-17,EURO_STOXX_50,^STOXX50E,Yahoo Finance,4113.18994140625,-0.0058252476992035,-0.5825247699203514,1.411286232076205,-0.2526339502065327,8,0.036645588395051366,5.0,1.5539880627376728,-0.0015673957598046,True
2022-02-18,EURO_STOXX_50,^STOXX50E,Yahoo Finance,4074.280029296875,-0.0095048177715494,-0.9504817771549467,1.314559188719379,-0.23616249604058098,5,-0.2526339502065327,8.0,1.411286232076205,-0.0058252476992035,True
2022-02-21,EURO_STOXX_50,^STOXX50E,Yahoo Finance,3985.7099609375,-0.0219785964539682,-2.197859645396827,1.2779734447391031,-0.2230195049261026,27,-0.23616249604058098,5.0,1.314559188719379,-0.0095048177715494,True
2022-02-22,EURO_STOXX_50,^STOXX50E,Yahoo Finance,3985.469970703125,-6.021448179703936e-05,-0.0060214481797039,1.5180738618649186,-0.18342252252404412,18,-0.2230195049261026,27.0,1.2779734447391031,-0.0219785964539682,True
2022-02-23,EURO_STOXX_50,^STOXX50E,Yahoo Finance,3973.409912109375,-0.0030305942549181,-0.3030594254918118,1.3765272127478696,-0.13933725036158118,9,-0.18342252252404412,18.0,1.5180738618649186,-6.021448179703936e-05,True
2022-02-24,EURO_STOXX_50,^STOXX50E,Yahoo Finance,3829.2900390625,-0.0369452283465394,-3.6945228346539487,1.2638858189516355,-0.21550786151534762,46,-0.13933725036158118,9.0,1.3765272127478696,-0.0030305942549181,True
2022-02-25,EURO_STOXX_50,^STOXX50E,Yahoo Finance,3970.68994140625,0.0362604507481791,3.626045074817916,1.9766354708979328,-0.21989668731854406,21,-0.21550786151534762,46.0,1.2638858189516355,-0.0369452283465394,True
2022-02-28,EURO_STOXX_50,^STOXX50E,Yahoo Finance,3924.22998046875,-0.0117697196990546,-1.176971969905469,2.3218523723432387,-0.21508347541275263,58,-0.21989668731854406,21.0,1.9766354708979328,0.0362604507481791,True
2022-03-01,EURO_STOXX_50,^STOXX50E,Yahoo Finance,3765.85009765625,-0.0411965233524776,-4.1196523352477685,2.1506398396088064,-0.14028807637377916,22,-0.21508347541275263,58.0,2.3218523723432387,-0.0117697196990546,True
2022-03-02,EURO_STOXX_50,^STOXX50E,Yahoo Finance,3820.590087890625,0.0144312586431483,1.4431258643148308,2.629085501020424,-0.05968503478045173,16,-0.14028807637377916,22.0,2.1506398396088064,-0.0411965233524776,True
2022-03-03,EURO_STOXX_50,^STOXX50E,Yahoo Finance,3741.780029296875,-0.0208434420950676,-2.0843442095067664,2.421309927418008,-0.1595275708301941,13,-0.05968503478045173,16.0,2.629085501020424,0.0144312586431483,True
2022-03-04,EURO_STOXX_50,^STOXX50E,Yahoo Finance,3556.010009765625,-0.0509223093210296,-5.092230932102969,2.357912776286498,-0.18788742969554675,18,-0.1595275708301941,13.0,2.421309927418008,-0.0208434420950676,True
2022-03-07,EURO_STOXX_50,^STOXX50E,Yahoo Finance,3512.219970703125,-0.0123908247038893,-1.2390824703889398,3.0478290985549545,-0.09749818068509226,46,-0.18788742969554675,18.0,2.357912776286498,-0.0509223093210296,True
2022-03-08,EURO_STOXX_50,^STOXX50E,Yahoo Finance,3505.2900390625,-0.0019750406864151,-0.1975040686415188,2.781792197278238,-0.275506330580189,24,-0.09749818068509226,46.0,3.0478290985549545,-0.0123908247038893,True
2022-03-09,EURO_STOXX_50,^STOXX50E,Yahoo Finance,3766.02001953125,0.0717454789293807,7.17454789293807,2.491462144945499,-0.17954030193970616,17,-0.275506330580189,24.0,2.781792197278238,-0.0019750406864151,True
2022-03-10,EURO_STOXX_50,^STOXX50E,Yahoo Finance,3651.389892578125,-0.0309108584829941,-3.091085848299412,3.7349890465652336,-0.13611588871665664,3,-0.17954030193970616,17.0,2.491462144945499,0.0717454789293807,True
2022-03-11,EURO_STOXX_50,^STOXX50E,Yahoo Finance,3686.780029296875,0.0096455687120279,0.9645568712027994,3.595253731199767,-0.19901727634393274,13,-0.13611588871665664,3.0,3.7349890465652336,-0.0309108584829941,True
2022-03-14,EURO_STOXX_50,^STOXX50E,Yahoo Finance,3741.10009765625,0.0146262556224755,1.4626255622475568,3.229671136596893,-0.1772009885508244,29,-0.19901727634393274,13.0,3.595253731199767,0.0096455687120279,True
2022-03-15,EURO_STOXX_50,^STOXX50E,Yahoo Finance,3738.110107421875,-0.0007995470943256,-0.0799547094325689,2.9421089203534514,-0.0008331880213764449,14,-0.1772009885508244,29.0,3.229671136596893,0.0146262556224755,True
2022-03-16,EURO_STOXX_50,^STOXX50E,Yahoo Finance,3889.68994140625,0.03974928303557,3.9749283035570087,2.6312461328298773,-0.10048613661702464,7,-0.0008331880213764449,14.0,2.9421089203534514,-0.0007995470943256,True
2022-03-17,EURO_STOXX_50,^STOXX50E,Yahoo Finance,3885.320068359375,-0.0011240817700605,-0.1124081770060573,2.8705591833946795,-0.10054822425947205,7,-0.10048613661702464,7.0,2.6312461328298773,0.03974928303557,True
2022-03-18,EURO_STOXX_50,^STOXX50E,Yahoo Finance,3902.43994140625,0.0043966174106571,0.4396617410657143,2.5683973218225016,0.1192592640866194,10,-0.10054822425947205,7.0,2.8705591833946795,-0.0011240817700605,True
2022-03-21,EURO_STOXX_50,^STOXX50E,Yahoo Finance,3881.800048828125,-0.0053030073516206,-0.5303007351620683,2.3042745019309208,-0.0016046323599490473,20,0.1192592640866194,10.0,2.5683973218225016,0.0043966174106571,True
2022-03-22,EURO_STOXX_50,^STOXX50E,Yahoo Finance,3926.1201171875,0.011352714533132,1.1352714533132064,2.083467157764261,-0.16783248021554034,8,-0.0016046323599490473,20.0,2.3042745019309208,-0.0053030073516206,True
2022-03-23,EURO_STOXX_50,^STOXX50E,Yahoo Finance,3869.219970703125,-0.0145987619280479,-1.4598761928047943,1.9227702977904684,-0.02695355576277597,9,-0.16783248021554034,8.0,2.083467157764261,0.011352714533132,True
2022-03-24,EURO_STOXX_50,^STOXX50E,Yahoo Finance,3863.389892578125,-0.0015079201803257,-0.1507920180325782,1.8516088341701136,-0.14820494109289972,11,-0.02695355576277597,9.0,1.9227702977904684,-0.0145987619280479,True
2022-03-25,EURO_STOXX_50,^STOXX50E,Yahoo Finance,3867.72998046875,0.0011227580008626,0.11227580008626,1.6712516750635469,0.006131851099847981,8,-0.14820494109289972,11.0,1.8516088341701136,-0.0015079201803257,True
2022-03-28,EURO_STOXX_50,^STOXX50E,Yahoo Finance,3887.10009765625,0.0049956368550577,0.4995636855057749,1.509794977996288,-0.024760756742274865,13,0.006131851099847981,8.0,1.6712516750635469,0.0011227580008626,True
2022-03-29,EURO_STOXX_50,^STOXX50E,Yahoo Finance,4002.179931640625,0.0291757921368917,2.917579213689176,1.3791868740335875,-0.026454852450143028,7,-0.024760756742274865,13.0,1.509794977996288,0.0049956368550577,True
2022-03-30,EURO_STOXX_50,^STOXX50E,Yahoo Finance,3959.139892578125,-0.0108123927493966,-1.0812392749396644,1.7318462870384452,0.1177888088256303,4,-0.026454852450143028,7.0,1.3791868740335875,0.0291757921368917,True
2022-03-31,EURO_STOXX_50,^STOXX50E,Yahoo Finance,3902.52001953125,-0.0144042995123765,-1.4404299512376595,1.6404383749414635,-0.0565736254949679,8,0.1177888088256303,4.0,1.7318462870384452,-0.0108123927493966,True
2022-04-01,EURO_STOXX_50,^STOXX50E,Yahoo Finance,3918.679931640625,0.0041323416371256,0.413234163712563,1.6191924949536811,0.03616349010956871,5,-0.0565736254949679,8.0,1.6404383749414635,-0.0144042995123765,True
2022-04-04,EURO_STOXX_50,^STOXX50E,Yahoo Finance,3951.1201171875,0.0082442677289048,0.8244267728904889,1.470323127178865,-0.1266160713199123,17,0.03616349010956871,5.0,1.6191924949536811,0.0041323416371256,True
2022-04-05,EURO_STOXX_50,^STOXX50E,Yahoo Finance,3917.85009765625,-0.0084560538088086,-0.8456053808808692,1.3692515779999976,-0.28871577739281357,6,-0.1266160713199123,17.0,1.470323127178865,0.0082442677289048,True
2022-04-06,EURO_STOXX_50,^STOXX50E,Yahoo Finance,3824.68994140625,-0.02406565595363,-2.4065655953630074,1.30842778087731,-0.059272036176095874,9,-0.28871577739281357,6.0,1.3692515779999976,-0.0084560538088086,True
2022-04-07,EURO_STOXX_50,^STOXX50E,Yahoo Finance,3802.010009765625,-0.005947526096656,-0.5947526096656055,1.5956679223450676,-0.244809069357219,7,-0.059272036176095874,9.0,1.30842778087731,-0.02406565595363,True
2022-04-08,EURO_STOXX_50,^STOXX50E,Yahoo Finance,3858.3701171875,0.0147149680450989,1.4714968045098944,1.47299013523605,-0.1079729345136489,4,-0.244809069357219,7.0,1.5956679223450676,-0.005947526096656,True
2022-04-11,EURO_STOXX_50,^STOXX50E,Yahoo Finance,3839.6201171875,-0.0048714109808533,-0.4871410980853364,1.4576148900835448,-0.08463615915584717,7,-0.1079729345136489,4.0,1.47299013523605,0.0147149680450989,True
2022-04-12,EURO_STOXX_50,^STOXX50E,Yahoo Finance,3831.469970703125,-0.0021248999705709,-0.2124899970570982,1.3459740559678417,0.19956060405650033,3,-0.08463615915584717,7.0,1.4576148900835448,-0.0048714109808533,True
2022-04-13,EURO_STOXX_50,^STOXX50E,Yahoo Finance,3827.9599609375,-0.0009165199088325,-0.0916519908832586,1.232923702438804,-0.41309261284585963,3,0.19956060405650033,3.0,1.3459740559678417,-0.0021248999705709,True
2022-04-14,EURO_STOXX_50,^STOXX50E,Yahoo Finance,3848.679931640625,0.0053982005953182,0.5398200595318245,1.1307869101340915,-0.12976794154468022,8,-0.41309261284585963,3.0,1.232923702438804,-0.0009165199088325,True
2022-04-19,EURO_STOXX_50,^STOXX50E,Yahoo Finance,3830.760009765625,-0.0046669951292371,-0.4666995129237123,1.0566329020359655,-0.13924688617172173,20,-0.12976794154468022,8.0,1.1307869101340915,0.0053982005953182,True
2022-04-20,EURO_STOXX_50,^STOXX50E,Yahoo Finance,3896.81005859375,0.0170950652745324,1.7095065274532422,1.0049073173350769,-0.21732510055940693,4,-0.13924688617172173,20.0,1.0566329020359655,-0.0046669951292371,True
2022-04-21,EURO_STOXX_50,^STOXX50E,Yahoo Finance,3928.030029296875,0.0079797506445989,0.7979750644598913,1.1551342862816814,0.134132386810749,4,-0.21732510055940693,4.0,1.0049073173350769,0.0170950652745324,True
2022-04-22,EURO_STOXX_50,^STOXX50E,Yahoo Finance,3840.010009765625,-0.0226630620899739,-2.2663062089973907,1.101543150853028,-0.03596897455832715,2,0.134132386810749,4.0,1.1551342862816814,0.0079797506445989,True
2022-04-25,EURO_STOXX_50,^STOXX50E,Yahoo Finance,3757.590087890625,-0.0216971554619241,-2.1697155461924185,1.4246021466473264,-0.11089557001980342,12,-0.03596897455832715,2.0,1.101543150853028,-0.0226630620899739,True
2022-04-26,EURO_STOXX_50,^STOXX50E,Yahoo Finance,3721.360107421875,-0.0096885961071646,-0.9688596107164602,1.61092387081226,-0.43711791597306726,2,-0.11089557001980342,12.0,1.4246021466473264,-0.0216971554619241,True
2022-04-27,EURO_STOXX_50,^STOXX50E,Yahoo Finance,3734.639892578125,0.0035621778966299,0.3562177896629924,1.5251556843684926,-0.1513454790518428,9,-0.43711791597306726,2.0,1.61092387081226,-0.0096885961071646,True
2022-04-28,EURO_STOXX_50,^STOXX50E,Yahoo Finance,3777.02001953125,0.0112839444616338,1.1283944461633837,1.3863768518453452,-0.3556388389116101,8,-0.1513454790518428,9.0,1.5251556843684926,0.0035621778966299,True
2022-04-29,EURO_STOXX_50,^STOXX50E,Yahoo Finance,3802.860107421875,0.0068180993786138,0.6818099378613882,1.3344950058808098,-0.09841510106742624,7,-0.3556388389116101,8.0,1.3863768518453452,0.0112839444616338,True
2022-05-02,EURO_STOXX_50,^STOXX50E,Yahoo Finance,3732.43994140625,-0.0186912838870768,-1.8691283887076835,1.24093643234758,-0.06229995245413086,12,-0.09841510106742624,7.0,1.3344950058808098,0.0068180993786138,True
2022-05-03,EURO_STOXX_50,^STOXX50E,Yahoo Finance,3761.18994140625,0.0076732215260498,0.7673221526049858,1.407114805011583,-0.03360393463047125,4,-0.06229995245413086,12.0,1.24093643234758,-0.0186912838870768,True
2022-05-04,EURO_STOXX_50,^STOXX50E,Yahoo Finance,3724.989990234375,-0.0096712164702883,-0.9671216470288376,1.310214252125932,0.07991131450995279,4,-0.03360393463047125,4.0,1.407114805011583,0.0076732215260498,True
2022-05-05,EURO_STOXX_50,^STOXX50E,Yahoo Finance,3696.6298828125,-0.0076426025445143,-0.7642602544514341,1.27690376918924,-0.2528491958934012,6,0.07991131450995279,4.0,1.310214252125932,-0.0096712164702883,True
2022-05-06,EURO_STOXX_50,^STOXX50E,Yahoo Finance,3629.169921875,-0.0184176116303659,-1.8417611630365964,1.2216333317948669,-0.36273197996770107,2,-0.2528491958934012,6.0,1.27690376918924,-0.0076426025445143,True
2022-05-09,EURO_STOXX_50,^STOXX50E,Yahoo Finance,3526.860107421875,-0.028595963334072,-2.859596333407203,1.3868067576447716,-0.1779426692614059,17,-0.36273197996770107,2.0,1.2216333317948669,-0.0184176116303659,True
2022-05-10,EURO_STOXX_50,^STOXX50E,Yahoo Finance,3554.800048828125,0.0078908294844546,0.7890829484454616,1.7765539653632905,-0.17419009561126586,2,-0.1779426692614059,17.0,1.3868067576447716,-0.028595963334072,True
2022-05-11,EURO_STOXX_50,^STOXX50E,Yahoo Finance,3647.8701171875,0.0258446511190954,2.584465111909542,1.6286483031638317,-0.4298317944353801,4,-0.17419009561126586,2.0,1.7765539653632905,0.0078908294844546,True
2022-05-12,EURO_STOXX_50,^STOXX50E,Yahoo Finance,3613.429931640625,-0.0094860269021783,-0.9486026902178378,1.8100546497836092,-0.16659293877374795,3,-0.4298317944353801,4.0,1.6286483031638317,0.0258446511190954,True
2022-05-13,EURO_STOXX_50,^STOXX50E,Yahoo Finance,3703.419921875,0.0245992551195373,2.459925511953732,1.6903814932479029,0.02220695708612243,3,-0.16659293877374795,3.0,1.8100546497836092,-0.0094860269021783,True
2022-05-16,EURO_STOXX_50,^STOXX50E,Yahoo Finance,3685.340087890625,-0.0048938847776793,-0.4893884777679326,1.8248919644612656,-0.251330046765018,7,0.02220695708612243,3.0,1.6903814932479029,0.0245992551195373,True
2022-05-17,EURO_STOXX_50,^STOXX50E,Yahoo Finance,3741.510009765625,0.0151264646928363,1.512646469283635,1.663103807480726,0.006073465932608028,3,-0.251330046765018,7.0,1.8248919644612656,-0.0048938847776793,True
2022-05-18,EURO_STOXX_50,^STOXX50E,Yahoo Finance,3690.739990234375,-0.0136622985636075,-1.3662298563607564,1.617681877787374,-0.02723657709270188,4,0.006073465932608028,3.0,1.663103807480726,0.0151264646928363,True
2022-05-19,EURO_STOXX_50,^STOXX50E,Yahoo Finance,3633.330078125,-0.0156773726683278,-1.5677372668327816,1.588479660607672,-0.31046270505018253,3,-0.02723657709270188,4.0,1.617681877787374,-0.0136622985636075,True
2022-05-20,EURO_STOXX_50,^STOXX50E,Yahoo Finance,3657.030029296875,0.0065017459524666,0.6501745952466634,1.600635175815898,-0.21080564427832585,5,-0.31046270505018253,3.0,1.588479660607672,-0.0156773726683278,True
2022-05-23,EURO_STOXX_50,^STOXX50E,Yahoo Finance,3708.389892578125,0.0139464406089097,1.3946440608909751,1.466793444576709,-0.24584178966282255,9,-0.21080564427832585,5.0,1.600635175815898,0.0065017459524666,True
2022-05-24,EURO_STOXX_50,^STOXX50E,Yahoo Finance,3647.56005859375,-0.0165393242327042,-1.6539324232704262,1.439948716570175,-0.45637245916154684,3,-0.24584178966282255,9.0,1.466793444576709,0.0139464406089097,True
2022-05-25,EURO_STOXX_50,^STOXX50E,Yahoo Finance,3677.10009765625,0.0080659576246849,0.8065957624684958,1.5029538183757545,-0.28219871871734564,5,-0.45637245916154684,3.0,1.439948716570175,-0.0165393242327042,True
2022-05-27,EURO_STOXX_50,^STOXX50E,Yahoo Finance,3808.860107421875,0.0352055353792746,3.52055353792746,1.3953556763052353,0.006011338490172363,5,-0.28219871871734564,5.0,1.5029538183757545,0.0080659576246849,True
2022-05-30,EURO_STOXX_50,^STOXX50E,Yahoo Finance,3841.6201171875,0.0085642231697867,0.8564223169786772,1.925867478389,-0.08579851684587386,4,0.006011338490172363,5.0,1.3953556763052353,0.0352055353792746,True
2022-05-31,EURO_STOXX_50,^STOXX50E,Yahoo Finance,3789.2099609375,-0.0137366393537344,-1.3736639353734466,1.7627718910379546,-0.0763182364818122,1,-0.08579851684587386,4.0,1.925867478389,0.0085642231697867,True
2022-06-01,EURO_STOXX_50,^STOXX50E,Yahoo Finance,3759.5400390625,-0.0078609239040672,-0.7860923904067205,1.7073973181684343,-0.6382987190969288,4,-0.0763182364818122,1.0,1.7627718910379546,-0.0137366393537344,True
2022-06-02,EURO_STOXX_50,^STOXX50E,Yahoo Finance,3795.1298828125,0.0094220150996624,0.9422015099662456,1.5860667367885373,-0.3303843581710349,1,-0.6382987190969288,4.0,1.7073973181684343,-0.0078609239040672,True
2022-06-03,EURO_STOXX_50,^STOXX50E,Yahoo Finance,3783.659912109375,-0.0030268630667223,-0.3026863066722398,1.4791541637610075,-0.06399436470819636,4,-0.3303843581710349,1.0,1.5860667367885373,0.0094220150996624,True
2022-06-07,EURO_STOXX_50,^STOXX50E,Yahoo Finance,3806.739990234375,0.0060814053419376,0.6081405341937607,1.3524847586310385,-0.19010568789034155,6,-0.06399436470819636,4.0,1.4791541637610075,-0.0030268630667223,True
2022-06-08,EURO_STOXX_50,^STOXX50E,Yahoo Finance,3788.929931640625,-0.0046895379647817,-0.4689537964781767,1.2504811347982765,0.010171829759778947,3,-0.19010568789034155,6.0,1.3524847586310385,0.0060814053419376,True
2022-06-09,EURO_STOXX_50,^STOXX50E,Yahoo Finance,3724.449951171875,-0.0171644624792294,-1.7164462479229456,1.1679549117728574,-0.053609024970700955,2,0.010171829759778947,3.0,1.2504811347982765,-0.0046895379647817,True
2022-06-10,EURO_STOXX_50,^STOXX50E,Yahoo Finance,3599.199951171875,-0.0342075918347286,-3.420759183472862,1.3181708236289476,-0.2677040086438486,2,-0.053609024970700955,2.0,1.1679549117728574,-0.0171644624792294,True
2022-06-13,EURO_STOXX_50,^STOXX50E,Yahoo Finance,3502.5,-0.0272345857494176,-2.7234585749417604,1.9130408303422568,-0.2029862172284145,7,-0.2677040086438486,2.0,1.3181708236289476,-0.0342075918347286,True
2022-06-14,EURO_STOXX_50,^STOXX50E,Yahoo Finance,3475.179931640625,-0.0078307426633614,-0.7830742663361476,2.095031630785536,-0.17820939653951315,3,-0.2029862172284145,7.0,1.9130408303422568,-0.0272345857494176,True
2022-06-15,EURO_STOXX_50,^STOXX50E,Yahoo Finance,3532.320068359375,0.0163086416511408,1.6308641651140827,1.9185323347532164,-0.13332155299162965,4,-0.17820939653951315,3.0,2.095031630785536,-0.0078307426633614,True
2022-06-16,EURO_STOXX_50,^STOXX50E,Yahoo Finance,3427.909912109375,-0.0300041778413647,-3.0004177841364785,1.8447542716650809,-0.13090352442724484,4,-0.13332155299162965,4.0,1.9185323347532164,0.0163086416511408,True
2022-06-17,EURO_STOXX_50,^STOXX50E,Yahoo Finance,3438.4599609375,0.0030729649946899,0.3072964994689935,2.1165023423343583,-0.02835750441496763,5,-0.13090352442724484,4.0,1.8447542716650809,-0.0300041778413647,True
2022-06-20,EURO_STOXX_50,^STOXX50E,Yahoo Finance,3469.830078125,0.0090819385495678,0.9081938549567856,1.903061390250236,-0.02676282897010163,3,-0.02835750441496763,5.0,2.1165023423343583,0.0030729649946899,True
2022-06-21,EURO_STOXX_50,^STOXX50E,Yahoo Finance,3494.0,0.0069415877921673,0.6941587792167374,1.7472387551801571,,0,-0.02676282897010163,3.0,1.903061390250236,0.0090819385495678,True
2022-06-22,EURO_STOXX_50,^STOXX50E,Yahoo Finance,3464.639892578125,-0.0084385115766743,-0.8438511576674329,1.5965114452027644,-0.311216932287345,2,,0.0,1.7472387551801571,0.0069415877921673,False
2022-06-23,EURO_STOXX_50,^STOXX50E,Yahoo Finance,3436.2900390625,-0.0082162877414049,-0.8216287741404963,1.4982067182261405,,0,-0.311216932287345,2.0,1.5965114452027644,-0.0084385115766743,True
2022-06-24,EURO_STOXX_50,^STOXX50E,Yahoo Finance,3533.169921875,0.0278030504606868,2.780305046068685,1.4129897266145766,-0.1606637862595644,1,,0.0,1.4982067182261405,-0.0082162877414049,False
2022-06-27,EURO_STOXX_50,^STOXX50E,Yahoo Finance,3538.8798828125,0.0016147969360949,0.1614796936094907,1.7142554112416457,-0.284455337212421,1,-0.1606637862595644,1.0,1.4129897266145766,0.0278030504606868,True
2022-06-28,EURO_STOXX_50,^STOXX50E,Yahoo Finance,3549.2900390625,0.0029373346998124,0.2937334699812447,1.5476984319791702,-0.2776018501368954,1,-0.284455337212421,1.0,1.7142554112416457,0.0016147969360949,True
2022-06-29,EURO_STOXX_50,^STOXX50E,Yahoo Finance,3514.320068359375,-0.0099015251057404,-0.9901525105740476,1.404185615853373,0.10472892138820421,2,-0.2776018501368954,1.0,1.5476984319791702,0.0029373346998124,True
2022-06-30,EURO_STOXX_50,^STOXX50E,Yahoo Finance,3454.860107421875,-0.0170641028771098,-1.706410287710988,1.3568914896516435,-0.2029560850926985,5,0.10472892138820421,2.0,1.404185615853373,-0.0099015251057404,True
2022-07-01,EURO_STOXX_50,^STOXX50E,Yahoo Finance,3448.31005859375,-0.0018976935628974,-0.1897693562897499,1.452060942447325,0.0139084514230489,1,-0.2029560850926985,5.0,1.3568914896516435,-0.0170641028771098,True
2022-07-04,EURO_STOXX_50,^STOXX50E,Yahoo Finance,3452.419921875,0.0011911388443857,0.1191138844385769,1.3238266217816197,-0.4172944351099431,1,0.0139084514230489,1.0,1.452060942447325,-0.0018976935628974,True
2022-07-05,EURO_STOXX_50,^STOXX50E,Yahoo Finance,3359.830078125,-0.0271850110793178,-2.718501107931789,1.206767688998212,-0.0825527024201371,1,-0.4172944351099431,1.0,1.3238266217816197,0.0011911388443857,True
2022-07-06,EURO_STOXX_50,^STOXX50E,Yahoo Finance,3421.840087890625,0.0182880430695113,1.8288043069511373,1.625089236360669,-0.1588129400659133,1,-0.0825527024201371,1.0,1.206767688998212,-0.0271850110793178,True
2022-07-07,EURO_STOXX_50,^STOXX50E,Yahoo Finance,3488.5,0.019293400617943,1.9293400617943088,1.6420110592415196,0.0062080803094431425,2,-0.1588129400659133,1.0,1.625089236360669,0.0182880430695113,True
2022-07-08,EURO_STOXX_50,^STOXX50E,Yahoo Finance,3506.550048828125,0.0051608176536986,0.5160817653698608,1.6745463774699592,-0.001679483819280699,3,0.0062080803094431425,2.0,1.6420110592415196,0.019293400617943,True
2022-07-11,EURO_STOXX_50,^STOXX50E,Yahoo Finance,3471.68994140625,-0.0099911718308287,-0.99911718308287,1.5230373234234904,-0.2577740825712681,1,-0.001679483819280699,3.0,1.6745463774699592,0.0051608176536986,True
2022-07-12,EURO_STOXX_50,^STOXX50E,Yahoo Finance,3487.050048828125,0.0044146303467201,0.4414630346720109,1.4559883604160386,-0.2937161537951657,1,-0.2577740825712681,1.0,1.5230373234234904,-0.0099911718308287,True
2022-07-13,EURO_STOXX_50,^STOXX50E,Yahoo Finance,3453.969970703125,-0.0095318349439986,-0.953183494399862,1.3297104609441648,-0.047343206417916006,3,-0.2937161537951657,1.0,1.4559883604160386,0.0044146303467201,True
2022-07-14,EURO_STOXX_50,^STOXX50E,Yahoo Finance,3396.610107421875,-0.0167463785917544,-1.6746378591754474,1.2907079912038637,-0.0270901803548137,1,-0.047343206417916006,3.0,1.3297104609441648,-0.0095318349439986,True
2022-07-15,EURO_STOXX_50,^STOXX50E,Yahoo Finance,3477.199951171875,0.0234494511494119,2.3449451149411984,1.3962505433221084,,0,-0.0270901803548137,1.0,1.2907079912038637,-0.0167463785917544,True
2022-07-18,EURO_STOXX_50,^STOXX50E,Yahoo Finance,3511.860107421875,0.0099184840604762,0.9918484060476224,1.5865166195833929,-0.016335913596936202,3,,0.0,1.3962505433221084,0.0234494511494119,False
2022-07-19,EURO_STOXX_50,^STOXX50E,Yahoo Finance,3587.43994140625,0.021292997633298,2.129299763329806,1.4847553248464218,,0,-0.016335913596936202,3.0,1.5865166195833929,0.0099184840604762,True
2022-07-20,EURO_STOXX_50,^STOXX50E,Yahoo Finance,3585.239990234375,-0.0006134251804978,-0.0613425180497876,1.597961038081618,-0.13660629910388675,2,,0.0,1.4847553248464218,0.021292997633298,False
2022-07-21,EURO_STOXX_50,^STOXX50E,Yahoo Finance,3596.510009765625,0.0031385188240576,0.3138518824057645,1.4471876199722238,-0.20093863234958714,2,-0.13660629910388675,2.0,1.597961038081618,-0.0006134251804978,True
2022-07-22,EURO_STOXX_50,^STOXX50E,Yahoo Finance,3596.489990234375,-5.566392673411505e-06,-0.0005566392673411,1.3172241015465365,-0.23072005988215089,2,-0.20093863234958714,2.0,1.4471876199722238,0.0031385188240576,True
2022-07-25,EURO_STOXX_50,^STOXX50E,Yahoo Finance,3604.159912109375,0.002130342366247,0.2130342366247031,1.2017064325820903,-0.3905046092932699,2,-0.23072005988215089,2.0,1.3172241015465365,-5.566392673411505e-06,True
2022-07-26,EURO_STOXX_50,^STOXX50E,Yahoo Finance,3575.360107421875,-0.008022809069424,-0.8022809069424038,1.102096049281721,-0.14121634706967048,5,-0.3905046092932699,2.0,1.2017064325820903,0.002130342366247,True
2022-07-27,EURO_STOXX_50,^STOXX50E,Yahoo Finance,3607.780029296875,0.0090267324301175,0.9026732430117576,1.0841391238793228,-0.47706059503126075,4,-0.14121634706967048,5.0,1.102096049281721,-0.008022809069424,True
2022-07-28,EURO_STOXX_50,^STOXX50E,Yahoo Finance,3652.199951171875,0.0122370795242817,1.2237079524281762,1.0563503169943544,0.06592482536270995,3,-0.47706059503126075,4.0,1.0841391238793228,0.0090267324301175,True
2022-07-29,EURO_STOXX_50,^STOXX50E,Yahoo Finance,3708.10009765625,0.0151899300158884,1.5189930015888462,1.0862417436453686,-0.1661603275531282,2,0.06592482536270995,3.0,1.0563503169943544,0.0122370795242817,True
2022-08-02,EURO_STOXX_50,^STOXX50E,Yahoo Finance,3684.6298828125,-0.0063495606520468,-0.6349560652046822,1.168489466473322,-0.04810487092260653,5,-0.1661603275531282,2.0,1.0862417436453686,0.0151899300158884,True
2022-08-03,EURO_STOXX_50,^STOXX50E,Yahoo Finance,3732.5400390625,0.0129188957768805,1.291889577688059,1.1161400738502856,-0.639543115956864,2,-0.04810487092260653,5.0,1.168489466473322,-0.0063495606520468,True
2022-08-04,EURO_STOXX_50,^STOXX50E,Yahoo Finance,3754.60009765625,0.0058928034008772,0.5892803400877271,1.1450034952353312,-0.20052780284701535,2,-0.639543115956864,2.0,1.1161400738502856,0.0129188957768805,True
2022-08-05,EURO_STOXX_50,^STOXX50E,Yahoo Finance,3725.389892578125,-0.007810265415306,-0.7810265415306045,1.072546178441116,,0,-0.20052780284701535,2.0,1.1450034952353312,0.0058928034008772,True
2022-08-08,EURO_STOXX_50,^STOXX50E,Yahoo Finance,3757.219970703125,0.0085077989369451,0.8507798936945103,1.0572400490990277,0.1817511659381645,2,,0.0,1.072546178441116,-0.007810265415306,False
2022-08-09,EURO_STOXX_50,^STOXX50E,Yahoo Finance,3715.3701171875,-0.011201013456411,-1.1201013456411053,1.0275265795409012,-0.0642515233582041,2,0.1817511659381645,2.0,1.0572400490990277,0.0085077989369451,True
2022-08-10,EURO_STOXX_50,^STOXX50E,Yahoo Finance,3749.35009765625,0.0091042166880951,0.9104216688095133,1.0817231222162345,,0,-0.0642515233582041,2.0,1.0275265795409012,-0.011201013456411,True
2022-08-11,EURO_STOXX_50,^STOXX50E,Yahoo Finance,3757.050048828125,0.002051570319283,0.205157031928307,1.0554539698352776,-0.02881571271801056,5,,0.0,1.0817231222162345,0.0091042166880951,False
2022-08-12,EURO_STOXX_50,^STOXX50E,Yahoo Finance,3776.81005859375,0.0052456655141494,0.5245665514149432,0.9762834762514608,-0.11644449551767178,3,-0.02881571271801056,5.0,1.0554539698352776,0.002051570319283,True
2022-08-15,EURO_STOXX_50,^STOXX50E,Yahoo Finance,3789.6201171875,0.0033860276339796,0.3386027633979613,0.9254930152366542,-0.2598653398620496,4,-0.11644449551767178,3.0,0.9762834762514608,0.0052456655141494,True
2022-08-16,EURO_STOXX_50,^STOXX50E,Yahoo Finance,3805.219970703125,0.0041080194641244,0.4108019464124494,0.8705292220032634,-0.1901971997208428,2,-0.2598653398620496,4.0,0.9254930152366542,0.0033860276339796,True
2022-08-17,EURO_STOXX_50,^STOXX50E,Yahoo Finance,3756.06005859375,-0.0130032493436337,-1.3003249343633787,0.8287994301005496,,0,-0.1901971997208428,2.0,0.8705292220032634,0.0041080194641244,True
2022-08-18,EURO_STOXX_50,^STOXX50E,Yahoo Finance,3777.3798828125,0.0056600653358808,0.5660065335880862,0.981130779322152,-0.2888137817231787,1,,0.0,0.8287994301005496,-0.0130032493436337,False
2022-08-19,EURO_STOXX_50,^STOXX50E,Yahoo Finance,3730.320068359375,-0.0125365774090394,-1.2536577409039489,0.9331130418909348,-0.1252694276567452,1,-0.2888137817231787,1.0,0.981130779322152,0.0056600653358808,True
2022-08-22,EURO_STOXX_50,^STOXX50E,Yahoo Finance,3658.219970703125,-0.0195173568800688,-1.9517356880068863,1.041665165596494,-0.1772777273416005,1,-0.1252694276567452,1.0,0.9331130418909348,-0.0125365774090394,True
2022-08-23,EURO_STOXX_50,^STOXX50E,Yahoo Finance,3652.52001953125,-0.0015593366292485,-0.155933662924855,1.2959511095683915,0.06046983065749063,3,-0.1772777273416005,1.0,1.041665165596494,-0.0195173568800688,True
2022-08-24,EURO_STOXX_50,^STOXX50E,Yahoo Finance,3667.4599609375,0.0040819680356483,0.408196803564837,1.1873732529572556,0.000276403215069,1,0.06046983065749063,3.0,1.2959511095683915,-0.0015593366292485,True
2022-08-25,EURO_STOXX_50,^STOXX50E,Yahoo Finance,3674.5400390625,0.0019286516806443,0.1928651680644358,1.0965723443310398,,0,0.000276403215069,1.0,1.1873732529572556,0.0040819680356483,True
2022-08-26,EURO_STOXX_50,^STOXX50E,Yahoo Finance,3603.679931640625,-0.0194724387913219,-1.947243879132195,1.011279432104313,-0.04482848005912579,4,,0.0,1.0965723443310398,0.0019286516806443,False
2022-08-29,EURO_STOXX_50,^STOXX50E,Yahoo Finance,3570.510009765625,-0.009247081135233,-0.9247081135233016,1.2754787422241882,-0.17164042899945547,7,-0.04482848005912579,4.0,1.011279432104313,-0.0194724387913219,True
2022-08-30,EURO_STOXX_50,^STOXX50E,Yahoo Finance,3561.919921875,-0.0024087420770452,-0.2408742077045206,1.2424129673552242,0.26144393242031944,3,-0.17164042899945547,7.0,1.2754787422241882,-0.009247081135233,True
2022-08-31,EURO_STOXX_50,^STOXX50E,Yahoo Finance,3517.25,-0.0126202691141426,-1.2620269114142624,1.1451273952857657,-0.5036683002797266,3,0.26144393242031944,3.0,1.2424129673552242,-0.0024087420770452,True
2022-09-01,EURO_STOXX_50,^STOXX50E,Yahoo Finance,3456.699951171875,-0.0173650716724592,-1.7365071672459198,1.1990488810717743,,0,-0.5036683002797266,3.0,1.1451273952857657,-0.0126202691141426,True
2022-09-02,EURO_STOXX_50,^STOXX50E,Yahoo Finance,3544.3798828125,0.0250488548054741,2.5048854805474177,1.344953509711449,,0,,0.0,1.1990488810717743,-0.0173650716724592,False
2022-09-05,EURO_STOXX_50,^STOXX50E,Yahoo Finance,3490.010009765625,-0.0154586130702917,-1.5458613070291731,1.5934652539465868,-0.3695983795940669,6,,0.0,1.344953509711449,0.0250488548054741,False
2022-09-06,EURO_STOXX_50,^STOXX50E,Yahoo Finance,3500.139892578125,0.0028983326667431,0.2898332666743123,1.6005093419767955,0.2249514636406231,1,-0.3695983795940669,6.0,1.5934652539465868,-0.0154586130702917,True
2022-09-07,EURO_STOXX_50,^STOXX50E,Yahoo Finance,3502.090087890625,0.0005570212256278,0.0557021225627819,1.4501725957282006,-0.2912640021432913,2,0.2249514636406231,1.0,1.6005093419767955,0.0028983326667431,True
2022-09-08,EURO_STOXX_50,^STOXX50E,Yahoo Finance,3512.3798828125,0.0029338787807943,0.2933878780794348,1.3167323577256582,-0.6249889369122684,1,-0.2912640021432913,2.0,1.4501725957282006,0.0005570212256278,True
2022-09-09,EURO_STOXX_50,^STOXX50E,Yahoo Finance,3570.0400390625,0.0162829741412505,1.6282974141250528,1.2034539931604036,-0.1110727451741695,1,-0.6249889369122684,1.0,1.3167323577256582,0.0029338787807943,True
2022-09-12,EURO_STOXX_50,^STOXX50E,Yahoo Finance,3646.510009765625,0.0211937373198235,2.1193737319823507,1.2788681918018885,0.16352461092174056,2,-0.1110727451741695,1.0,1.2034539931604036,0.0162829741412505,True
2022-09-13,EURO_STOXX_50,^STOXX50E,Yahoo Finance,3586.179931640625,-0.0166829984072668,-1.668299840726684,1.4477965011220246,0.0270293445818469,2,0.16352461092174056,2.0,1.2788681918018885,0.0211937373198235,True
2022-09-14,EURO_STOXX_50,^STOXX50E,Yahoo Finance,3567.56005859375,-0.0052056449130657,-0.5205644913065771,1.5119006459051472,-0.1588246431783773,2,0.0270293445818469,2.0,1.4477965011220246,-0.0166829984072668,True
2022-09-15,EURO_STOXX_50,^STOXX50E,Yahoo Finance,3541.7900390625,-0.0072496450573305,-0.7249645057330557,1.3951234009233866,-0.12772876485234194,2,-0.1588246431783773,2.0,1.5119006459051472,-0.0052056449130657,True
2022-09-16,EURO_STOXX_50,^STOXX50E,Yahoo Finance,3500.409912109375,-0.0117521807113292,-1.1752180711329263,1.3154697189050566,-0.08802393033208016,4,-0.12772876485234194,2.0,1.3951234009233866,-0.0072496450573305,True
2022-09-19,EURO_STOXX_50,^STOXX50E,Yahoo Finance,3499.489990234375,-0.0002628385814454,-0.0262838581445453,1.3146986160343128,-0.10153691248821739,4,-0.08802393033208016,4.0,1.3154697189050566,-0.0117521807113292,True
2022-09-20,EURO_STOXX_50,^STOXX50E,Yahoo Finance,3467.090087890625,-0.0093015900433856,-0.9301590043385608,1.1999394466230684,-0.00751344114542,1,-0.10153691248821739,4.0,1.3146986160343128,-0.0002628385814454,True
2022-09-21,EURO_STOXX_50,^STOXX50E,Yahoo Finance,3491.8701171875,0.007121792136552,0.7121792136552069,1.1822231957341975,-0.1756829337421406,5,-0.00751344114542,1.0,1.1999394466230684,-0.0093015900433856,True
2022-09-22,EURO_STOXX_50,^STOXX50E,Yahoo Finance,3427.139892578125,-0.0187113801241019,-1.8711380124101944,1.1150174378105744,-0.32691574374429155,5,-0.1756829337421406,5.0,1.1822231957341975,0.007121792136552,True
2022-09-23,EURO_STOXX_50,^STOXX50E,Yahoo Finance,3348.60009765625,-0.0231836855671625,-2.31836855671626,1.321622743893044,-0.2034952812810604,6,-0.32691574374429155,5.0,1.1150174378105744,-0.0187113801241019,True
2022-09-26,EURO_STOXX_50,^STOXX50E,Yahoo Finance,3342.56005859375,-0.0018053792054074,-0.1805379205407424,1.579854976592575,-0.2788951140969029,6,-0.2034952812810604,6.0,1.321622743893044,-0.0231836855671625,True
2022-09-27,EURO_STOXX_50,^STOXX50E,Yahoo Finance,3328.64990234375,-0.0041702109483414,-0.4170210948341452,1.4346159944002754,-0.11412913453757048,4,-0.2788951140969029,6.0,1.579854976592575,-0.0018053792054074,True
2022-09-28,EURO_STOXX_50,^STOXX50E,Yahoo Finance,3335.300048828125,0.0019958579343017,0.1995857934301738,1.321075160064309,-0.1116752853817565,2,-0.11412913453757048,4.0,1.4346159944002754,-0.0041702109483414,True
2022-09-29,EURO_STOXX_50,^STOXX50E,Yahoo Finance,3279.0400390625,-0.0170119364421639,-1.7011936442163922,1.2051285198154067,-0.09047958839834591,3,-0.1116752853817565,2.0,1.321075160064309,0.0019958579343017,True
2022-09-30,EURO_STOXX_50,^STOXX50E,Yahoo Finance,3318.199951171875,0.0118717439698715,1.1871743969871589,1.3407103452558782,,0,-0.09047958839834591,3.0,1.2051285198154067,-0.0170119364421639,True
2022-10-03,EURO_STOXX_50,^STOXX50E,Yahoo Finance,3342.169921875,0.0071978207359433,0.7197820735943322,1.305635485188016,-0.4245247279638092,4,,0.0,1.3407103452558782,0.0118717439698715,False
2022-10-04,EURO_STOXX_50,^STOXX50E,Yahoo Finance,3484.47998046875,0.0416985433225305,4.169854332253051,1.2197775144625964,,0,-0.4245247279638092,4.0,1.305635485188016,0.0071978207359433,True
2022-10-05,EURO_STOXX_50,^STOXX50E,Yahoo Finance,3447.719970703125,-0.0106056820603095,-1.0605682060309551,2.053598717867796,-0.2498275022953748,1,,0.0,1.2197775144625964,0.0416985433225305,False
2022-10-06,EURO_STOXX_50,^STOXX50E,Yahoo Finance,3433.449951171875,-0.0041475621586603,-0.4147562158660365,1.9094480126217783,-0.1787966356720202,1,-0.2498275022953748,1.0,2.053598717867796,-0.0106056820603095,True
2022-10-07,EURO_STOXX_50,^STOXX50E,Yahoo Finance,3375.4599609375,-0.0170339725905806,-1.703397259058062,1.7323566964676065,-0.4494382208862685,4,-0.1787966356720202,1.0,1.9094480126217783,-0.0041475621586603,True
2022-10-10,EURO_STOXX_50,^STOXX50E,Yahoo Finance,3356.8798828125,-0.005519663513424,-0.5519663513424038,1.73902024780773,-0.21184135145147764,6,-0.4494382208862685,4.0,1.7323566964676065,-0.0170339725905806,True
2022-10-11,EURO_STOXX_50,^STOXX50E,Yahoo Finance,3340.35009765625,-0.0049363150943998,-0.4936315094399806,1.592993554248345,-0.2229175156250777,4,-0.21184135145147764,6.0,1.73902024780773,-0.005519663513424,True
2022-10-12,EURO_STOXX_50,^STOXX50E,Yahoo Finance,3331.530029296875,-0.002643954426518,-0.2643954426518096,1.46278639037202,-0.26128971577048876,2,-0.2229175156250777,4.0,1.592993554248345,-0.0049363150943998,True
2022-10-13,EURO_STOXX_50,^STOXX50E,Yahoo Finance,3362.39990234375,0.0092233089387004,0.9223308938700472,1.3363773647659432,-0.2454046724985043,1,-0.26128971577048876,2.0,1.46278639037202,-0.002643954426518,True
2022-10-14,EURO_STOXX_50,^STOXX50E,Yahoo Finance,3381.72998046875,0.0057324314312724,0.5732431431272419,1.266747818305041,-0.177187927504484,3,-0.2454046724985043,1.0,1.3363773647659432,0.0092233089387004,True
2022-10-17,EURO_STOXX_50,^STOXX50E,Yahoo Finance,3441.639892578125,0.0175606636561134,1.7560663656113455,1.1746772935422738,-0.12661095706021136,7,-0.177187927504484,3.0,1.266747818305041,0.0057324314312724,True
2022-10-18,EURO_STOXX_50,^STOXX50E,Yahoo Finance,3463.830078125,0.0064268650854132,0.6426865085413269,1.2862188799413006,,0,-0.12661095706021136,7.0,1.1746772935422738,0.0175606636561134,True
2022-10-19,EURO_STOXX_50,^STOXX50E,Yahoo Finance,3471.239990234375,0.002136940176847,0.2136940176847098,1.1966229346104456,-0.5315480428239838,1,,0.0,1.2862188799413006,0.0064268650854132,False
2022-10-20,EURO_STOXX_50,^STOXX50E,Yahoo Finance,3492.85009765625,0.0062061738178019,0.6206173817801952,1.0977238628956305,-0.0502232973729925,1,-0.5315480428239838,1.0,1.1966229346104456,0.002136940176847,True
2022-10-21,EURO_STOXX_50,^STOXX50E,Yahoo Finance,3476.6298828125,-0.004654649751337,-0.4654649751337052,1.0354558196415051,-0.06382070295293026,2,-0.0502232973729925,1.0,1.0977238628956305,0.0062061738178019,True
2022-10-24,EURO_STOXX_50,^STOXX50E,Yahoo Finance,3527.7900390625,0.014608223554939,1.4608223554939062,0.9871872667969998,-0.4030954113083922,3,-0.06382070295293026,2.0,1.0354558196415051,-0.004654649751337,True
2022-10-25,EURO_STOXX_50,^STOXX50E,Yahoo Finance,3585.580078125,0.0162486443344048,1.6248644334404805,1.083448007716452,,0,-0.4030954113083922,3.0,0.9871872667969998,0.014608223554939,True
2022-10-26,EURO_STOXX_50,^STOXX50E,Yahoo Finance,3605.31005859375,0.0054875069995246,0.5487506999524625,1.1901678599626002,0.043539879587478895,2,,0.0,1.083448007716452,0.0162486443344048,False
2022-10-27,EURO_STOXX_50,^STOXX50E,Yahoo Finance,3604.510009765625,-0.0002219330923166,-0.0221933092316635,1.1076734457220108,0.054513176211425964,3,0.043539879587478895,2.0,1.1901678599626002,0.0054875069995246,True
2022-10-28,EURO_STOXX_50,^STOXX50E,Yahoo Finance,3613.02001953125,0.002358151244172,0.2358151244172062,1.0212365424313896,-0.5938259602213899,1,0.054513176211425964,3.0,1.1076734457220108,-0.0002219330923166,True
2022-10-31,EURO_STOXX_50,^STOXX50E,Yahoo Finance,3617.5400390625,0.0012502544985189,0.1250254498518951,0.947770979563001,-0.2952263811603188,1,-0.5938259602213899,1.0,1.0212365424313896,0.002358151244172,True
2022-11-01,EURO_STOXX_50,^STOXX50E,Yahoo Finance,3651.02001953125,0.0092123383387658,0.9212338338765816,0.8834634652889737,,0,-0.2952263811603188,1.0,0.947770979563001,0.0012502544985189,True
2022-11-02,EURO_STOXX_50,^STOXX50E,Yahoo Finance,3622.010009765625,-0.0079774629000977,-0.7977462900097787,0.8993944072971666,,0,,0.0,0.8834634652889737,0.0092123383387658,False
2022-11-03,EURO_STOXX_50,^STOXX50E,Yahoo Finance,3593.179931640625,-0.0079915377957516,-0.7991537795751619,0.9235416842556576,-0.2125110142144628,2,,0.0,0.8993944072971666,-0.0079774629000977,False
2022-11-04,EURO_STOXX_50,^STOXX50E,Yahoo Finance,3688.330078125,0.0261362170021776,2.6136217002177644,0.9424467358745446,0.008575298502627348,2,-0.2125110142144628,2.0,0.9235416842556576,-0.0079915377957516,True
2022-11-07,EURO_STOXX_50,^STOXX50E,Yahoo Finance,3708.800048828125,0.0055345850631706,0.5534585063170642,1.38080177502248,-0.1139497690152485,3,0.008575298502627348,2.0,0.9424467358745446,0.0261362170021776,True
2022-11-08,EURO_STOXX_50,^STOXX50E,Yahoo Finance,3739.280029296875,0.0081847000305031,0.8184700030503119,1.271006754008903,-0.0965008812846016,1,-0.1139497690152485,3.0,1.38080177502248,0.0055345850631706,True
2022-11-09,EURO_STOXX_50,^STOXX50E,Yahoo Finance,3728.030029296875,-0.0030131354994696,-0.3013135499469651,1.2004283578059098,-0.0739920997293459,3,-0.0965008812846016,1.0,1.271006754008903,0.0081847000305031,True
2022-11-10,EURO_STOXX_50,^STOXX50E,Yahoo Finance,3846.56005859375,0.031299305764281,3.1299305764281056,1.1127159350747913,,0,-0.0739920997293459,3.0,1.2004283578059098,-0.0030131354994696,True
2022-11-11,EURO_STOXX_50,^STOXX50E,Yahoo Finance,3868.5,0.0056875773832839,0.5687577383283923,1.642112052475306,-0.32110587428517956,2,,0.0,1.1127159350747913,0.031299305764281,False
2022-11-14,EURO_STOXX_50,^STOXX50E,Yahoo Finance,3887.510009765625,0.0049020173539903,0.490201735399033,1.4976458277009554,,0,-0.32110587428517956,2.0,1.642112052475306,0.0056875773832839,True
2022-11-15,EURO_STOXX_50,^STOXX50E,Yahoo Finance,3915.090087890625,0.0070694877721159,0.7069487772115961,1.3681794185824356,-0.5170064245661099,1,,0.0,1.4976458277009554,0.0049020173539903,False
2022-11-16,EURO_STOXX_50,^STOXX50E,Yahoo Finance,3882.780029296875,-0.0082869406674904,-0.8286940667490422,1.2717419303599302,-0.17393951738874122,2,-0.5170064245661099,1.0,1.3681794185824356,0.0070694877721159,True
2022-11-17,EURO_STOXX_50,^STOXX50E,Yahoo Finance,3878.419921875,-0.0011235654043159,-0.1123565404315985,1.225801730252228,-0.5581098413306542,1,-0.17393951738874122,2.0,1.2717419303599302,-0.0082869406674904,True
2022-11-18,EURO_STOXX_50,^STOXX50E,Yahoo Finance,3924.840087890625,0.0118977744040302,1.1897774404030288,1.125299476219533,,0,-0.5581098413306542,1.0,1.225801730252228,-0.0011235654043159,True
2022-11-21,EURO_STOXX_50,^STOXX50E,Yahoo Finance,3909.280029296875,-0.0039723871531921,-0.3972387153192158,1.133772777092478,-0.3505631578348887,2,,0.0,1.125299476219533,0.0118977744040302,False
2022-11-22,EURO_STOXX_50,^STOXX50E,Yahoo Finance,3929.89990234375,0.0052607341027507,0.5260734102750754,1.0631865071168225,-0.2084647560198056,1,-0.3505631578348887,2.0,1.133772777092478,-0.0039723871531921,True
2022-11-23,EURO_STOXX_50,^STOXX50E,Yahoo Finance,3946.43994140625,0.0041999364435092,0.4199936443509215,0.998492977641238,-0.8240314722061157,1,-0.2084647560198056,1.0,1.0631865071168225,0.0052607341027507,True
2022-11-24,EURO_STOXX_50,^STOXX50E,Yahoo Finance,3961.989990234375,0.0039325299717865,0.3932529971786547,0.93657537097438,-0.0870342141899623,2,-0.8240314722061157,1.0,0.998492977641238,0.0041999364435092,True
2022-11-25,EURO_STOXX_50,^STOXX50E,Yahoo Finance,3962.409912109375,0.0001059820000423,0.0105982000042385,0.8828449178942481,-0.009959087613452633,3,-0.0870342141899623,2.0,0.93657537097438,0.0039325299717865,True
2022-11-28,EURO_STOXX_50,^STOXX50E,Yahoo Finance,3935.510009765625,-0.0068119217788539,-0.6811921778853982,0.8292539130088156,-0.0149482434083308,1,-0.009959087613452633,3.0,0.8828449178942481,0.0001059820000423,True
2022-11-29,EURO_STOXX_50,^STOXX50E,Yahoo Finance,3934.43994140625,-0.0002719377817161,-0.0271937781716106,0.8497660077391672,-0.599914163351059,1,-0.0149482434083308,1.0,0.8292539130088156,-0.0068119217788539,True
2022-11-30,EURO_STOXX_50,^STOXX50E,Yahoo Finance,3964.719970703125,0.0076666830271439,0.7666683027143915,0.8023346103972243,-0.1715677729652573,1,-0.599914163351059,1.0,0.8497660077391672,-0.0002719377817161,True
2022-12-01,EURO_STOXX_50,^STOXX50E,Yahoo Finance,3984.5,0.004976606558493,0.4976606558493049,0.8120039805720402,0.0047997196520848,2,-0.1715677729652573,1.0,0.8023346103972243,0.0076666830271439,True
2022-12-02,EURO_STOXX_50,^STOXX50E,Yahoo Finance,3977.89990234375,-0.0016578165499889,-0.1657816549988906,0.7874788268058441,-0.1260758762394911,1,0.0047997196520848,2.0,0.8120039805720402,0.004976606558493,True
2022-12-05,EURO_STOXX_50,^STOXX50E,Yahoo Finance,3956.530029296875,-0.005386631403379,-0.5386631403379055,0.7567365779438154,-0.2812862263992428,1,-0.1260758762394911,1.0,0.7874788268058441,-0.0016578165499889,True
2022-12-06,EURO_STOXX_50,^STOXX50E,Yahoo Finance,3939.18994140625,-0.0043922823586059,-0.4392282358605949,0.7713901757676132,,0,-0.2812862263992428,1.0,0.7567365779438154,-0.005386631403379,True
2022-12-07,EURO_STOXX_50,^STOXX50E,Yahoo Finance,3920.89990234375,-0.0046539091633489,-0.4653909163348934,0.7693526396417061,-0.18312670203029288,2,,0.0,0.7713901757676132,-0.0043922823586059,False
2022-12-08,EURO_STOXX_50,^STOXX50E,Yahoo Finance,3921.27001953125,9.439152465761816e-05,0.0094391524657618,0.7710796646694792,-0.0679690217366442,1,-0.18312670203029288,2.0,0.7693526396417061,-0.0046539091633489,True
2022-12-09,EURO_STOXX_50,^STOXX50E,Yahoo Finance,3942.6201171875,0.0054299207497301,0.5429920749730189,0.7358353661711097,0.1341947870329022,1,-0.0679690217366442,1.0,0.7710796646694792,9.439152465761816e-05,True
2022-12-12,EURO_STOXX_50,^STOXX50E,Yahoo Finance,3921.820068359375,-0.0052896574548139,-0.5289657454813917,0.7305650511008689,-0.2932281353595582,1,0.1341947870329022,1.0,0.7358353661711097,0.0054299207497301,True
2022-12-13,EURO_STOXX_50,^STOXX50E,Yahoo Finance,3986.830078125,0.0164405993106501,1.6440599310650124,0.7497051253857918,-0.1687534099384661,1,-0.2932281353595582,1.0,0.7305650511008689,-0.0052896574548139,True
2022-12-14,EURO_STOXX_50,^STOXX50E,Yahoo Finance,3975.260009765625,-0.0029062912817026,-0.290629128170263,0.9711050487077564,-0.0043200579253517,2,-0.1687534099384661,1.0,0.7497051253857918,0.0164405993106501,True
2022-12-15,EURO_STOXX_50,^STOXX50E,Yahoo Finance,3835.699951171875,-0.0357382224609378,-3.5738222460937865,0.91796336728276,,0,-0.0043200579253517,2.0,0.9711050487077564,-0.0029062912817026,True
2022-12-16,EURO_STOXX_50,^STOXX50E,Yahoo Finance,3804.02001953125,-0.0082935273406786,-0.8293527340678661,1.774460385757092,,0,,0.0,0.91796336728276,-0.0357382224609378,False
2022-12-19,EURO_STOXX_50,^STOXX50E,Yahoo Finance,3811.239990234375,0.0018961855162297,0.1896185516229786,1.6475299884841463,-0.6541438986314461,2,,0.0,1.774460385757092,-0.0082935273406786,False
2022-12-20,EURO_STOXX_50,^STOXX50E,Yahoo Finance,3802.489990234375,-0.0022984802126267,-0.229848021262678,1.489529226319518,-0.14718344538880349,5,-0.6541438986314461,2.0,1.6475299884841463,0.0018961855162297,True
2022-12-21,EURO_STOXX_50,^STOXX50E,Yahoo Finance,3872.14990234375,0.0181537703823776,1.8153770382377632,1.357981548594214,0.1860327862086706,1,-0.14718344538880349,5.0,1.489529226319518,-0.0022984802126267,True
2022-12-22,EURO_STOXX_50,^STOXX50E,Yahoo Finance,3823.2900390625,-0.0126985644018617,-1.2698564401861776,1.4344052358053532,,0,0.1860327862086706,1.0,1.357981548594214,0.0181537703823776,True
2022-12-23,EURO_STOXX_50,^STOXX50E,Yahoo Finance,3817.010009765625,-0.0016439225347291,-0.1643922534729121,1.4254449380603726,-0.3249551742027203,1,,0.0,1.4344052358053532,-0.0126985644018617,False
2022-12-27,EURO_STOXX_50,^STOXX50E,Yahoo Finance,3832.889892578125,0.0041516636359764,0.4151663635976407,1.2997832264457507,0.06865577360574443,3,-0.3249551742027203,1.0,1.4254449380603726,-0.0016439225347291,True
2022-12-28,EURO_STOXX_50,^STOXX50E,Yahoo Finance,3808.820068359375,-0.006299611982887,-0.6299611982887098,1.1935017586788943,-0.5403425307013094,2,0.06865577360574443,3.0,1.2997832264457507,0.0041516636359764,True
2022-12-29,EURO_STOXX_50,^STOXX50E,Yahoo Finance,3850.070068359375,0.0107718998782195,1.077189987821951,1.1363117233842484,-0.1108297497942176,6,-0.5403425307013094,2.0,1.1935017586788943,-0.006299611982887,True
2022-12-30,EURO_STOXX_50,^STOXX50E,Yahoo Finance,3793.6201171875,-0.0147706084650451,-1.4770608465045183,1.1239867442000928,,0,-0.1108297497942176,6.0,1.1363117233842484,0.0107718998782195,True
2023-01-03,EURO_STOXX_50,^STOXX50E,Yahoo Finance,3882.2900390625,0.0231044565363943,2.310445653639436,1.2299088442801087,-0.21132732371833637,6,,0.0,1.1239867442000928,-0.0147706084650451,False
2023-01-04,EURO_STOXX_50,^STOXX50E,Yahoo Finance,3973.969970703125,0.0233403918806937,2.3340391880693745,1.4641958246768236,-0.0401614912992005,2,-0.21132732371833637,6.0,1.2299088442801087,0.0231044565363943,True
2023-01-05,EURO_STOXX_50,^STOXX50E,Yahoo Finance,3959.47998046875,-0.0036528890800188,-0.3652889080018842,1.631575453296704,-0.11650405625502265,2,-0.0401614912992005,2.0,1.4641958246768236,0.0233403918806937,True
2023-01-06,EURO_STOXX_50,^STOXX50E,Yahoo Finance,4017.830078125,0.0146292767555016,1.4629276755501672,1.487947011241434,-0.3195598700549453,2,-0.11650405625502265,2.0,1.631575453296704,-0.0036528890800188,True
2023-01-09,EURO_STOXX_50,^STOXX50E,Yahoo Finance,4068.6201171875,0.0125619290867403,1.2561929086740302,1.4681528426375596,-0.11185506210428874,3,-0.3195598700549453,2.0,1.487947011241434,0.0146292767555016,True
2023-01-10,EURO_STOXX_50,^STOXX50E,Yahoo Finance,4057.4599609375,-0.0027467519786474,-0.274675197864744,1.4197508791069864,0.1249183421605266,1,-0.11185506210428874,3.0,1.4681528426375596,0.0125619290867403,True
2023-01-11,EURO_STOXX_50,^STOXX50E,Yahoo Finance,4099.759765625,0.0103712258000162,1.0371225800016286,1.299657645278888,,0,0.1249183421605266,1.0,1.4197508791069864,-0.0027467519786474,True
2023-01-12,EURO_STOXX_50,^STOXX50E,Yahoo Finance,4126.68017578125,0.006544873953597,0.6544873953597036,1.2507468599600151,-0.0196424699194418,1,,0.0,1.299657645278888,0.0103712258000162,False
2023-01-13,EURO_STOXX_50,^STOXX50E,Yahoo Finance,4150.7998046875,0.0058277874976245,0.582778749762457,1.1674939766437098,0.0967911008745432,1,-0.0196424699194418,1.0,1.2507468599600151,0.006544873953597,True
2023-01-16,EURO_STOXX_50,^STOXX50E,Yahoo Finance,4157.0,0.0014926205756976,0.1492620575697616,1.091037586984157,0.01239282023161645,2,0.0967911008745432,1.0,1.1674939766437098,0.0058277874976245,True
2023-01-17,EURO_STOXX_50,^STOXX50E,Yahoo Finance,4174.330078125,0.004160224827841,0.4160224827841061,1.0059555805938665,-0.0066626914937434,1,0.01239282023161645,2.0,1.091037586984157,0.0014926205756976,True
2023-01-18,EURO_STOXX_50,^STOXX50E,Yahoo Finance,4174.33984375,2.33944450831217e-06,0.0002339444508312,0.9426297558316484,,0,-0.0066626914937434,1.0,1.0059555805938665,0.004160224827841,True
2023-01-19,EURO_STOXX_50,^STOXX50E,Yahoo Finance,4094.280029296875,-0.0193653397169615,-1.9365339716961596,0.8799677871131428,0.3440751214669544,1,,0.0,0.9426297558316484,2.33944450831217e-06,False
2023-01-20,EURO_STOXX_50,^STOXX50E,Yahoo Finance,4119.89990234375,0.0062379826927716,0.6237982692771691,1.1927078648767688,-0.0107642111834138,1,0.3440751214669544,1.0,0.8799677871131428,-0.0193653397169615,True
2023-01-23,EURO_STOXX_50,^STOXX50E,Yahoo Finance,4150.81982421875,0.0074769952184274,0.7476995218427428,1.1157439471353257,-0.27582006256461633,6,-0.0107642111834138,1.0,1.1927078648767688,0.0062379826927716,True
2023-01-24,EURO_STOXX_50,^STOXX50E,Yahoo Finance,4153.02001953125,0.0005299223986464,0.0529922398646412,1.0632294182296462,,0,-0.27582006256461633,6.0,1.1157439471353257,0.0074769952184274,True
2023-01-25,EURO_STOXX_50,^STOXX50E,Yahoo Finance,4148.10986328125,-0.0011830092751151,-0.1183009275115181,0.9820392838916978,,0,,0.0,1.0632294182296462,0.0005299223986464,False
2023-01-26,EURO_STOXX_50,^STOXX50E,Yahoo Finance,4173.97998046875,0.0062172365367816,0.6217236536781613,0.9170411686474366,0.2345510194078088,1,,0.0,0.9820392838916978,-0.0011830092751151,False
2023-01-27,EURO_STOXX_50,^STOXX50E,Yahoo Finance,4178.009765625,0.0009649881265351,0.0964988126535199,0.8856484181998345,,0,0.2345510194078088,1.0,0.9170411686474366,0.0062172365367816,True
2023-01-30,EURO_STOXX_50,^STOXX50E,Yahoo Finance,4158.6298828125,-0.004649335593213,-0.4649335593213016,0.8308162422466268,-0.2515634649761897,2,,0.0,0.8856484181998345,0.0009649881265351,False
2023-01-31,EURO_STOXX_50,^STOXX50E,Yahoo Finance,4163.4501953125,0.0011584394751822,0.1158439475182297,0.8199284873783156,,0,-0.2515634649761897,2.0,0.8308162422466268,-0.004649335593213,True
2023-02-01,EURO_STOXX_50,^STOXX50E,Yahoo Finance,4171.43994140625,0.0019171814888838,0.1917181488883851,0.7756552259867717,0.0115532615800967,1,,0.0,0.8199284873783156,0.0011584394751822,False
2023-02-02,EURO_STOXX_50,^STOXX50E,Yahoo Finance,4241.1201171875,0.0165661270420182,1.6566127042018208,0.739799094675616,-0.06432946385260714,3,0.0115532615800967,1.0,0.7756552259867717,0.0019171814888838,True
2023-02-03,EURO_STOXX_50,^STOXX50E,Yahoo Finance,4257.97998046875,0.00396745189561,0.3967451895610033,0.9686873365769322,-0.2705546126124405,1,-0.06432946385260714,3.0,0.739799094675616,0.0165661270420182,True
2023-02-06,EURO_STOXX_50,^STOXX50E,Yahoo Finance,4205.4501953125,-0.0124135152327525,-1.2413515232752543,0.9100504405527696,0.10502877510677262,4,-0.2705546126124405,1.0,0.9686873365769322,0.00396745189561,True
2023-02-07,EURO_STOXX_50,^STOXX50E,Yahoo Finance,4209.31005859375,0.0009174030953936,0.0917403095393635,1.0225029438991426,0.1563564913714645,1,0.10502877510677262,4.0,0.9100504405527696,-0.0124135152327525,True
2023-02-08,EURO_STOXX_50,^STOXX50E,Yahoo Finance,4209.14990234375,-3.804882383773476e-05,-0.0038048823837734,0.9470265573964928,0.0747879296541214,1,0.1563564913714645,1.0,1.0225029438991426,0.0009174030953936,True
2023-02-09,EURO_STOXX_50,^STOXX50E,Yahoo Finance,4250.14013671875,0.0096912518670848,0.9691251867084808,0.8837754291820843,,0,0.0747879296541214,1.0,0.9470265573964928,-3.804882383773476e-05,True
2023-02-10,EURO_STOXX_50,^STOXX50E,Yahoo Finance,4197.93994140625,-0.0123580409199893,-1.235804091998931,0.907687644991083,-0.042199707071902966,3,,0.0,0.8837754291820843,0.0096912518670848,False
2023-02-13,EURO_STOXX_50,^STOXX50E,Yahoo Finance,4241.35986328125,0.0102900254770859,1.029002547708593,1.0195399376993235,,0,-0.042199707071902966,3.0,0.907687644991083,-0.0123580409199893,True
2023-02-14,EURO_STOXX_50,^STOXX50E,Yahoo Finance,4238.759765625,-0.000613221947687,-0.061322194768703,1.0235616618806938,0.1674468029769531,2,,0.0,1.0195399376993235,0.0102900254770859,False
2023-02-15,EURO_STOXX_50,^STOXX50E,Yahoo Finance,4280.0400390625,0.0096916461233788,0.969164612337888,0.9502854495314929,,0,0.1674468029769531,2.0,1.0235616618806938,-0.000613221947687,True
2023-02-16,EURO_STOXX_50,^STOXX50E,Yahoo Finance,4297.240234375,0.0040106462235108,0.4010646223510802,0.9593830704193728,,0,,0.0,0.9502854495314929,0.0096916461233788,False
2023-02-17,EURO_STOXX_50,^STOXX50E,Yahoo Finance,4274.919921875,-0.0052076402064677,-0.520764020646771,0.9024780231226568,,0,,0.0,0.9593830704193728,0.0040106462235108,False
2023-02-20,EURO_STOXX_50,^STOXX50E,Yahoo Finance,4271.18017578125,-0.0008751936648822,-0.0875193664882215,0.8844995334813147,-0.01213246702294175,2,,0.0,0.9024780231226568,-0.0052076402064677,False
2023-02-21,EURO_STOXX_50,^STOXX50E,Yahoo Finance,4250.39990234375,-0.0048771036444367,-0.4877103644436731,0.8335024209269664,0.0321142918740709,1,-0.01213246702294175,2.0,0.8844995334813147,-0.0008751936648822,True
2023-02-22,EURO_STOXX_50,^STOXX50E,Yahoo Finance,4242.8798828125,-0.0017708168544015,-0.1770816854401565,0.8249204957965172,,0,0.0321142918740709,1.0,0.8335024209269664,-0.0048771036444367,True
2023-02-23,EURO_STOXX_50,^STOXX50E,Yahoo Finance,4258.16015625,0.0035949224620658,0.3594922462065822,0.7883512293754923,0.035616410851833334,3,,0.0,0.8249204957965172,-0.0017708168544015,False
2023-02-24,EURO_STOXX_50,^STOXX50E,Yahoo Finance,4178.81982421875,-0.0188083108185405,-1.8808310818540563,0.7574679863831186,0.2719661329562465,2,0.035616410851833334,3.0,0.7883512293754923,0.0035949224620658,True
2023-02-27,EURO_STOXX_50,^STOXX50E,Yahoo Finance,4248.009765625,0.0164217148449959,1.642171484499598,1.1062807400758845,-0.3078556976901988,5,0.2719661329562465,2.0,0.7574679863831186,-0.0188083108185405,True
2023-02-28,EURO_STOXX_50,^STOXX50E,Yahoo Finance,4238.3798828125,-0.0022694896993247,-0.2269489699324736,1.210611064313225,0.2662163324033221,1,-0.3078556976901988,5.0,1.1062807400758845,0.0164217148449959,True
2023-03-01,EURO_STOXX_50,^STOXX50E,Yahoo Finance,4215.75,-0.0053535815454551,-0.5353581545455179,1.1171167889319729,0.08552719912294181,2,0.2662163324033221,1.0,1.210611064313225,-0.0022694896993247,True
2023-03-02,EURO_STOXX_50,^STOXX50E,Yahoo Finance,4240.58984375,0.0058748620922224,0.5874862092222479,1.0623339250016577,-0.0769146652140514,3,0.08552719912294181,2.0,1.1171167889319729,-0.0053535815454551,True
2023-03-03,EURO_STOXX_50,^STOXX50E,Yahoo Finance,4294.7998046875,0.0127025694409562,1.2702569440956242,1.0028316963943444,,0,-0.0769146652140514,3.0,1.0623339250016577,0.0058748620922224,True
2023-03-06,EURO_STOXX_50,^STOXX50E,Yahoo Finance,4313.77978515625,0.0044095570064387,0.4409557006438727,1.0544697943890218,0.1925216279178858,1,,0.0,1.0028316963943444,0.0127025694409562,False
2023-03-07,EURO_STOXX_50,^STOXX50E,Yahoo Finance,4278.9599609375,-0.0081045198242576,-0.8104519824257637,0.985188149103381,,0,0.1925216279178858,1.0,1.0544697943890218,0.0044095570064387,True
2023-03-08,EURO_STOXX_50,^STOXX50E,Yahoo Finance,4288.4501953125,0.0022154275524388,0.2215427552438807,0.9924438238453952,0.1359836865216493,1,,0.0,0.985188149103381,-0.0081045198242576,False
2023-03-09,EURO_STOXX_50,^STOXX50E,Yahoo Finance,4286.1201171875,-0.0005434857018917,-0.054348570189171,0.9228897203968732,-0.056853485526517,1,0.1359836865216493,1.0,0.9924438238453952,0.0022154275524388,True
2023-03-10,EURO_STOXX_50,^STOXX50E,Yahoo Finance,4229.52978515625,-0.0132910971564151,-1.329109715641517,0.86465538725975,,0,-0.056853485526517,1.0,0.9228897203968732,-0.0005434857018917,True
2023-03-13,EURO_STOXX_50,^STOXX50E,Yahoo Finance,4096.5400390625,-0.0319481004570495,-3.1948100457049566,1.0125242775458676,0.05845547116676838,6,,0.0,0.86465538725975,-0.0132910971564151,False
2023-03-14,EURO_STOXX_50,^STOXX50E,Yahoo Finance,4179.47021484375,0.0200417711231639,2.0041771123163903,1.6794850820476164,0.097418331674167,1,0.05845547116676838,6.0,1.0125242775458676,-0.0319481004570495,True
2023-03-15,EURO_STOXX_50,^STOXX50E,Yahoo Finance,4034.919921875,-0.0351980399985846,-3.519803999858466,1.7183403921528717,-0.0770474223271859,1,0.097418331674167,1.0,1.6794850820476164,0.0200417711231639,True
2023-03-16,EURO_STOXX_50,^STOXX50E,Yahoo Finance,4116.97998046875,0.0201334244804751,2.013342448047517,2.178893419901452,,0,-0.0770474223271859,1.0,1.7183403921528717,-0.0351980399985846,True
2023-03-17,EURO_STOXX_50,^STOXX50E,Yahoo Finance,4064.989990234375,-0.0127085995558793,-1.2708599555879374,2.117411945488355,-0.0818530850228853,2,,0.0,2.178893419901452,0.0201334244804751,False
2023-03-20,EURO_STOXX_50,^STOXX50E,Yahoo Finance,4119.419921875,0.0133010772176135,1.3301077217613568,1.9878725918467448,-0.3963108696043491,1,-0.0818530850228853,2.0,2.117411945488355,-0.0127085995558793,True
2023-03-21,EURO_STOXX_50,^STOXX50E,Yahoo Finance,4181.60009765625,0.014981613982987,1.4981613982987003,1.862360930688561,-0.171493243864354,1,-0.3963108696043491,1.0,1.9878725918467448,0.0133010772176135,True
2023-03-22,EURO_STOXX_50,^STOXX50E,Yahoo Finance,4195.7001953125,0.0033662660948127,0.3366266094812719,1.7791422998443678,-0.08735369962943325,2,-0.171493243864354,1.0,1.862360930688561,0.014981613982987,True
2023-03-23,EURO_STOXX_50,^STOXX50E,Yahoo Finance,4207.14013671875,0.0027228765565546,0.2722876556554681,1.607562267736395,-0.228033909574151,1,-0.08735369962943325,2.0,1.7791422998443678,0.0033662660948127,True
2023-03-24,EURO_STOXX_50,^STOXX50E,Yahoo Finance,4130.6201171875,-0.0183555692800271,-1.8355569280027144,1.4559337978875169,-0.1795718491077423,1,-0.228033909574151,1.0,1.607562267736395,0.0027228765565546,True
2023-03-27,EURO_STOXX_50,^STOXX50E,Yahoo Finance,4164.6201171875,0.0081975179590122,0.8197517959012236,1.5541115183485352,0.021931251113754546,2,-0.1795718491077423,1.0,1.4559337978875169,-0.0183555692800271,True
2023-03-28,EURO_STOXX_50,^STOXX50E,Yahoo Finance,4168.2099609375,0.0008616145867438,0.0861614586743852,1.4401811991987443,-0.037251344797874064,3,0.021931251113754546,2.0,1.5541115183485352,0.0081975179590122,True
2023-03-29,EURO_STOXX_50,^STOXX50E,Yahoo Finance,4231.27001953125,0.0150155113313347,1.5015511331334754,1.3079202004765005,-0.0089471196575511,2,-0.037251344797874064,3.0,1.4401811991987443,0.0008616145867438,True
2023-03-30,EURO_STOXX_50,^STOXX50E,Yahoo Finance,4285.419921875,0.0127163563332869,1.271635633328697,1.3328267311889377,-0.278330366127193,1,-0.0089471196575511,2.0,1.3079202004765005,0.0150155113313347,True
2023-03-31,EURO_STOXX_50,^STOXX50E,Yahoo Finance,4315.0498046875,0.0068903213385873,0.6890321338587387,1.312351523464716,0.19113407001540095,3,-0.278330366127193,1.0,1.3328267311889377,0.0127163563332869,True
2023-04-03,EURO_STOXX_50,^STOXX50E,Yahoo Finance,4311.0498046875,-0.0009274180609633,-0.0927418060963311,1.2227331267850772,-0.24984250327928315,2,0.19113407001540095,3.0,1.312351523464716,0.0068903213385873,True
2023-04-04,EURO_STOXX_50,^STOXX50E,Yahoo Finance,4315.31982421875,0.0009899923290302,0.0989992329030243,1.122031504407761,,0,-0.24984250327928315,2.0,1.2227331267850772,-0.0009274180609633,True
2023-04-05,EURO_STOXX_50,^STOXX50E,Yahoo Finance,4298.35986328125,-0.003937918164962,-0.3937918164962083,1.032337073234437,-0.23890284581877355,3,,0.0,1.122031504407761,0.0009899923290302,False
2023-04-06,EURO_STOXX_50,^STOXX50E,Yahoo Finance,4309.4501953125,0.0025768082920864,0.2576808292086483,0.9777150110150608,-0.11097365838141564,3,-0.23890284581877355,3.0,1.032337073234437,-0.003937918164962,True
2023-04-11,EURO_STOXX_50,^STOXX50E,Yahoo Finance,4333.2900390625,0.0055167466720678,0.5516746672067803,0.9113817287805897,-0.006879022256249469,3,-0.11097365838141564,3.0,0.9777150110150608,0.0025768082920864,True
2023-04-12,EURO_STOXX_50,^STOXX50E,Yahoo Finance,4334.02978515625,0.0001706977729099,0.0170697772909964,0.8740116585200501,,0,-0.006879022256249469,3.0,0.9113817287805897,0.0055167466720678,True
2023-04-13,EURO_STOXX_50,^STOXX50E,Yahoo Finance,4363.240234375,0.0067171788355555,0.6717178835555507,0.821700849583806,,0,,0.0,0.8740116585200501,0.0001706977729099,False
2023-04-14,EURO_STOXX_50,^STOXX50E,Yahoo Finance,4390.75,0.0062851009533026,0.6285100953302658,0.814290568321793,,0,,0.0,0.821700849583806,0.0067171788355555,False
2023-04-17,EURO_STOXX_50,^STOXX50E,Yahoo Finance,4367.60986328125,-0.0052841378804718,-0.5284137880471894,0.8030665921228065,-0.2197170932353897,1,,0.0,0.814290568321793,0.0062851009533026,False
2023-04-18,EURO_STOXX_50,^STOXX50E,Yahoo Finance,4393.9501953125,0.006012721755371,0.6012721755371082,0.8061651173604218,0.493183320787336,1,-0.2197170932353897,1.0,0.8030665921228065,-0.0052841378804718,True
2023-04-19,EURO_STOXX_50,^STOXX50E,Yahoo Finance,4393.56982421875,-8.657074877603485e-05,-0.0086570748776034,0.7933757728846537,,0,0.493183320787336,1.0,0.8061651173604218,0.006012721755371,True
2023-04-20,EURO_STOXX_50,^STOXX50E,Yahoo Finance,4384.85986328125,-0.0019844013350386,-0.1984401335038638,0.7547677034113384,,0,,0.0,0.7933757728846537,-8.657074877603485e-05,False
2023-04-21,EURO_STOXX_50,^STOXX50E,Yahoo Finance,4408.58984375,0.0053972078907746,0.5397207890774616,0.7321197184679908,0.0433419564609774,1,,0.0,0.7547677034113384,-0.0019844013350386,False
2023-04-24,EURO_STOXX_50,^STOXX50E,Yahoo Finance,4401.7998046875,-0.0015413711941861,-0.1541371194186129,0.7272477115008622,-0.4433390779110292,2,0.0433419564609774,1.0,0.7321197184679908,0.0053972078907746,True
2023-04-25,EURO_STOXX_50,^STOXX50E,Yahoo Finance,4377.85009765625,-0.0054557452069678,-0.5455745206967837,0.7066828503048991,0.04891576661597845,2,-0.4433390779110292,2.0,0.7272477115008622,-0.0015413711941861,True
2023-04-26,EURO_STOXX_50,^STOXX50E,Yahoo Finance,4347.7099609375,-0.0069084978825375,-0.690849788253759,0.7339433531853541,,0,0.04891576661597845,2.0,0.7066828503048991,-0.0054557452069678,True
2023-04-27,EURO_STOXX_50,^STOXX50E,Yahoo Finance,4358.0498046875,0.0023754040750688,0.2375404075068884,0.7790617206355384,,0,,0.0,0.7339433531853541,-0.0069084978825375,False
2023-04-28,EURO_STOXX_50,^STOXX50E,Yahoo Finance,4359.31005859375,0.0002891366043835,0.0289136604383557,0.7439267336129172,,0,,0.0,0.7790617206355384,0.0023754040750688,False
2023-05-02,EURO_STOXX_50,^STOXX50E,Yahoo Finance,4294.85009765625,-0.0148971481636066,-1.4897148163606684,0.7129989076323683,,0,,0.0,0.7439267336129172,0.0002891366043835,False
2023-05-03,EURO_STOXX_50,^STOXX50E,Yahoo Finance,4310.18017578125,0.003563054133747,0.3563054133747094,0.9604881670747524,,0,,0.0,0.7129989076323683,-0.0148971481636066,False
2023-05-04,EURO_STOXX_50,^STOXX50E,Yahoo Finance,4287.02978515625,-0.005385571990308,-0.5385571990308053,0.9009029933188216,-0.06729985894014438,2,,0.0,0.9604881670747524,0.003563054133747,False
2023-05-05,EURO_STOXX_50,^STOXX50E,Yahoo Finance,4340.43017578125,0.0123793266668112,1.237932666681121,0.88548493335281,,0,-0.06729985894014438,2.0,0.9009029933188216,-0.005385571990308,True
2023-05-08,EURO_STOXX_50,^STOXX50E,Yahoo Finance,4348.64990234375,0.0018919676054309,0.1891967605430924,0.9608338319372284,-0.0312025044113397,1,,0.0,0.88548493335281,0.0123793266668112,False
2023-05-09,EURO_STOXX_50,^STOXX50E,Yahoo Finance,4323.08984375,-0.0058950414479665,-0.5895041447966539,0.8953320545399418,,0,-0.0312025044113397,1.0,0.9608338319372284,0.0018919676054309,True
2023-05-10,EURO_STOXX_50,^STOXX50E,Yahoo Finance,4306.759765625,-0.0037845613435568,-0.3784561343556821,0.8878187105146135,,0,,0.0,0.8953320545399418,-0.0058950414479665,False
2023-05-11,EURO_STOXX_50,^STOXX50E,Yahoo Finance,4309.75,0.0006940709350719,0.0694070935071923,0.8565825185837032,-0.1063647357154299,2,,0.0,0.8878187105146135,-0.0037845613435568,False
2023-05-12,EURO_STOXX_50,^STOXX50E,Yahoo Finance,4317.8798828125,0.0018846161296257,0.1884616129625728,0.8064280701315231,,0,-0.1063647357154299,2.0,0.8565825185837032,0.0006940709350719,True
2023-05-15,EURO_STOXX_50,^STOXX50E,Yahoo Finance,4316.41015625,-0.0003404394733199,-0.034043947331992,0.7653175509379136,,0,,0.0,0.8064280701315231,0.0018846161296257,False
2023-05-16,EURO_STOXX_50,^STOXX50E,Yahoo Finance,4315.509765625,-0.0002086188556924,-0.0208618855692482,0.7322211585730662,,0,,0.0,0.7653175509379136,-0.0003404394733199,False
2023-05-17,EURO_STOXX_50,^STOXX50E,Yahoo Finance,4323.22998046875,0.0017873479525757,0.1787347952575757,0.7045210149208301,,0,,0.0,0.7322211585730662,-0.0002086188556924,False
2023-05-19,EURO_STOXX_50,^STOXX50E,Yahoo Finance,4395.2998046875,0.0165329402104279,1.653294021042796,0.6808749213200685,,0,,0.0,0.7045210149208301,0.0017873479525757,False
2023-05-22,EURO_STOXX_50,^STOXX50E,Yahoo Finance,4385.6298828125,-0.0022024833652357,-0.2202483365235749,0.9328852664612132,-0.01962626276687135,2,,0.0,0.6808749213200685,0.0165329402104279,False
2023-05-23,EURO_STOXX_50,^STOXX50E,Yahoo Finance,4342.3798828125,-0.0099107024784285,-0.991070247842851,0.8810270702489931,,0,-0.01962626276687135,2.0,0.9328852664612132,-0.0022024833652357,True
2023-05-24,EURO_STOXX_50,^STOXX50E,Yahoo Finance,4263.740234375,-0.0182757935488598,-1.8275793548859876,0.9464006834415984,,0,,0.0,0.8810270702489931,-0.0099107024784285,False
2023-05-25,EURO_STOXX_50,^STOXX50E,Yahoo Finance,4269.64013671875,0.0013827822099268,0.1382782209926839,1.200556801521789,,0,,0.0,0.9464006834415984,-0.0182757935488598,False
2023-05-26,EURO_STOXX_50,^STOXX50E,Yahoo Finance,4337.5,0.0157685986990068,1.5768598699006882,1.100144742954338,,0,,0.0,1.200556801521789,0.0013827822099268,False
2023-05-30,EURO_STOXX_50,^STOXX50E,Yahoo Finance,4291.580078125,-0.0106431635656988,-1.06431635656988,1.1914225271780274,0.16243754021080137,2,,0.0,1.100144742954338,0.0157685986990068,False
2023-05-31,EURO_STOXX_50,^STOXX50E,Yahoo Finance,4218.0400390625,-0.0172844072674651,-1.7284407267465152,1.197537106511237,,0,0.16243754021080137,2.0,1.1914225271780274,-0.0106431635656988,True
2023-06-01,EURO_STOXX_50,^STOXX50E,Yahoo Finance,4257.60986328125,0.0093373634281711,0.933736342817115,1.3419201524943594,,0,,0.0,1.197537106511237,-0.0172844072674651,False
2023-06-02,EURO_STOXX_50,^STOXX50E,Yahoo Finance,4323.52001953125,0.0153619519389142,1.5361951938914276,1.272709694924542,,0,,0.0,1.3419201524943594,0.0093373634281711,False
2023-06-05,EURO_STOXX_50,^STOXX50E,Yahoo Finance,4293.240234375,-0.0070281425738986,-0.7028142573898671,1.3123193968713474,0.0620360054142241,1,,0.0,1.272709694924542,0.0153619519389142,False
2023-06-06,EURO_STOXX_50,^STOXX50E,Yahoo Finance,4295.22021484375,0.0004610792622344,0.0461079262234438,1.2436502326973142,,0,0.0620360054142241,1.0,1.3123193968713474,-0.0070281425738986,True
2023-06-07,EURO_STOXX_50,^STOXX50E,Yahoo Finance,4291.91015625,-0.0007709347860454,-0.0770934786045487,1.1374531541349748,,0,,0.0,1.2436502326973142,0.0004610792622344,False
2023-06-08,EURO_STOXX_50,^STOXX50E,Yahoo Finance,4297.68017578125,0.0013434914067148,0.13434914067148,1.048187725970873,,0,,0.0,1.1374531541349748,-0.0007709347860454,False
2023-06-09,EURO_STOXX_50,^STOXX50E,Yahoo Finance,4289.7900390625,-0.0018375933171477,-0.1837593317147738,0.9691156899364768,0.2666046265978366,2,,0.0,1.048187725970873,0.0013434914067148,False
2023-06-12,EURO_STOXX_50,^STOXX50E,Yahoo Finance,4316.490234375,0.0062048364978238,0.62048364978238,0.9092981381442972,,0,0.2666046265978366,2.0,0.9691156899364768,-0.0018375933171477,True
2023-06-13,EURO_STOXX_50,^STOXX50E,Yahoo Finance,4347.5498046875,0.0071697968214225,0.7169796821422532,0.8791770996333248,,0,,0.0,0.9092981381442972,0.0062048364978238,False
2023-06-14,EURO_STOXX_50,^STOXX50E,Yahoo Finance,4375.97998046875,0.0065180671440351,0.6518067144035117,0.8660817542525904,,0,,0.0,0.8791770996333248,0.0071697968214225,False
2023-06-15,EURO_STOXX_50,^STOXX50E,Yahoo Finance,4365.1201171875,-0.0024847830930786,-0.2484783093078691,0.8475267252466029,,0,,0.0,0.8660817542525904,0.0065180671440351,False
2023-06-16,EURO_STOXX_50,^STOXX50E,Yahoo Finance,4394.81982421875,0.0067808275007046,0.67808275007046,0.8119869626643168,-0.1232856052617231,1,,0.0,0.8475267252466029,-0.0024847830930786,False
2023-06-19,EURO_STOXX_50,^STOXX50E,Yahoo Finance,4362.3798828125,-0.0074087815459742,-0.7408781545974216,0.8073610207208083,,0,-0.1232856052617231,1.0,0.8119869626643168,0.0067808275007046,True
2023-06-20,EURO_STOXX_50,^STOXX50E,Yahoo Finance,4343.14013671875,-0.0044201328296081,-0.4420132829608106,0.8432202809813051,-0.3173532543936745,2,,0.0,0.8073610207208083,-0.0074087815459742,False
2023-06-21,EURO_STOXX_50,^STOXX50E,Yahoo Finance,4322.75,-0.0047058464913195,-0.4705846491319578,0.8271605996555703,-0.0470925156426217,1,-0.3173532543936745,2.0,0.8432202809813051,-0.0044201328296081,True
2023-06-22,EURO_STOXX_50,^STOXX50E,Yahoo Finance,4304.47021484375,-0.0042377062499745,-0.423770624997459,0.8176979734309003,0.0099977701902389,1,-0.0470925156426217,1.0,0.8271605996555703,-0.0047058464913195,True
2023-06-23,EURO_STOXX_50,^STOXX50E,Yahoo Finance,4271.60986328125,-0.0076632942034805,-0.7663294203480511,0.8044859502163604,,0,0.0099977701902389,1.0,0.8176979734309003,-0.0042377062499745,True
2023-06-26,EURO_STOXX_50,^STOXX50E,Yahoo Finance,4280.56982421875,0.0020953638822296,0.2095363882229639,0.8456383925795932,-0.12164381347935305,5,,0.0,0.8044859502163604,-0.0076632942034805,False
2023-06-27,EURO_STOXX_50,^STOXX50E,Yahoo Finance,4305.259765625,0.0057513392749009,0.5751339274900948,0.7985809372015943,,0,-0.12164381347935305,5.0,0.8456383925795932,0.0020953638822296,True
2023-06-28,EURO_STOXX_50,^STOXX50E,Yahoo Finance,4344.75,0.0091307431562691,0.9130743156269148,0.7843572543820385,,0,,0.0,0.7985809372015943,0.0057513392749009,False
2023-06-29,EURO_STOXX_50,^STOXX50E,Yahoo Finance,4354.68994140625,0.0022851921040468,0.2285192104046859,0.8220362123760143,,0,,0.0,0.7843572543820385,0.0091307431562691,False
2023-06-30,EURO_STOXX_50,^STOXX50E,Yahoo Finance,4399.08984375,0.0101442540671046,1.0144254067104614,0.7793732221802727,0.112241862147736,1,,0.0,0.8220362123760143,0.0022851921040468,False
2023-07-03,EURO_STOXX_50,^STOXX50E,Yahoo Finance,4398.14990234375,-0.0002136900748315,-0.0213690074831529,0.8372837935012553,,0,0.112241862147736,1.0,0.7793732221802727,0.0101442540671046,True
2023-07-04,EURO_STOXX_50,^STOXX50E,Yahoo Finance,4390.990234375,-0.0016292081912562,-0.1629208191256211,0.791724908741484,0.1431198721441129,1,,0.0,0.8372837935012553,-0.0002136900748315,False
2023-07-05,EURO_STOXX_50,^STOXX50E,Yahoo Finance,4350.7099609375,-0.0092157263734646,-0.921572637346465,0.7600577175786625,-0.0772732487336422,2,0.1431198721441129,1.0,0.791724908741484,-0.0016292081912562,True
2023-07-06,EURO_STOXX_50,^STOXX50E,Yahoo Finance,4223.08984375,-0.0297719906049646,-2.9771990604964675,0.8440423404746454,,0,-0.0772732487336422,2.0,0.7600577175786625,-0.0092157263734646,True
2023-07-07,EURO_STOXX_50,^STOXX50E,Yahoo Finance,4236.60009765625,0.0031940332294964,0.3194033229496491,1.52485473903942,-0.1324935892803801,3,,0.0,0.8440423404746454,-0.0297719906049646,False
2023-07-10,EURO_STOXX_50,^STOXX50E,Yahoo Finance,4256.509765625,0.0046884368057165,0.4688436805716502,1.384968102372515,,0,-0.1324935892803801,3.0,1.52485473903942,0.0031940332294964,True
2023-07-11,EURO_STOXX_50,^STOXX50E,Yahoo Finance,4286.56005859375,0.0070350395171381,0.7035039517138135,1.2696527496211605,,0,,0.0,1.384968102372515,0.0046884368057165,False
2023-07-12,EURO_STOXX_50,^STOXX50E,Yahoo Finance,4360.4599609375,0.0170929872828457,1.7092987282845713,1.187838628118737,-0.2290129951705845,1,,0.0,1.2696527496211605,0.0070350395171381,False
2023-07-13,EURO_STOXX_50,^STOXX50E,Yahoo Finance,4391.759765625,0.0071524571138781,0.71524571138781,1.2851308071797172,,0,-0.2290129951705845,1.0,1.187838628118737,0.0170929872828457,True
2023-07-14,EURO_STOXX_50,^STOXX50E,Yahoo Finance,4400.10986328125,0.0018995050016382,0.1899505001638212,1.2020070152580224,-0.0625002164083222,1,,0.0,1.2851308071797172,0.0071524571138781,False
2023-07-17,EURO_STOXX_50,^STOXX50E,Yahoo Finance,4356.7900390625,-0.0098939529020178,-0.9893952902017872,1.1019625622972713,-0.11927514223438894,3,-0.0625002164083222,1.0,1.2020070152580224,0.0018995050016382,True
2023-07-18,EURO_STOXX_50,^STOXX50E,Yahoo Finance,4369.72998046875,0.0029656611940025,0.2965661194002529,1.1142860758982245,,0,-0.11927514223438894,3.0,1.1019625622972713,-0.0098939529020178,True
2023-07-19,EURO_STOXX_50,^STOXX50E,Yahoo Finance,4362.27978515625,-0.0017064106248808,-0.1706410624880889,1.029156991983405,,0,,0.0,1.1142860758982245,0.0029656611940025,False
2023-07-20,EURO_STOXX_50,^STOXX50E,Yahoo Finance,4373.72998046875,0.0026213802814989,0.2621380281498905,0.9594045085929684,,0,,0.0,1.029156991983405,-0.0017064106248808,False
2023-07-21,EURO_STOXX_50,^STOXX50E,Yahoo Finance,4391.41015625,0.0040342081207973,0.403420812079734,0.8959996764574301,0.3406053677744542,1,,0.0,0.9594045085929684,0.0026213802814989,False
2023-07-24,EURO_STOXX_50,^STOXX50E,Yahoo Finance,4383.02978515625,-0.0019101785864149,-0.1910178586414914,0.8495205779223263,,0,0.3406053677744542,1.0,0.8959996764574301,0.0040342081207973,True
2023-07-25,EURO_STOXX_50,^STOXX50E,Yahoo Finance,4391.2998046875,0.0018850493124216,0.188504931242169,0.8096217606138879,,0,,0.0,0.8495205779223263,-0.0019101785864149,False
2023-07-26,EURO_STOXX_50,^STOXX50E,Yahoo Finance,4346.14990234375,-0.0103348930703458,-1.0334893070345816,0.7679815167886238,,0,,0.0,0.8096217606138879,0.0018850493124216,False
2023-07-27,EURO_STOXX_50,^STOXX50E,Yahoo Finance,4447.43994140625,0.0230382633018971,2.3038263301897106,0.8746660123047052,,0,,0.0,0.7679815167886238,-0.0103348930703458,False
2023-07-28,EURO_STOXX_50,^STOXX50E,Yahoo Finance,4466.5,0.0042764675927448,0.427646759274483,1.2438414111688323,-0.09309552962063912,3,,0.0,0.8746660123047052,0.0230382633018971,False
2023-07-31,EURO_STOXX_50,^STOXX50E,Yahoo Finance,4471.31005859375,0.0010763395119365,0.1076339511936557,1.146002313707137,-0.0437603215686976,1,-0.09309552962063912,3.0,1.2438414111688323,0.0042764675927448,True
2023-08-02,EURO_STOXX_50,^STOXX50E,Yahoo Finance,4336.5,-0.0306138725293198,-3.06138725293198,1.0529729628288769,0.2367315962910652,1,-0.0437603215686976,1.0,1.146002313707137,0.0010763395119365,True
2023-08-03,EURO_STOXX_50,^STOXX50E,Yahoo Finance,4304.6298828125,-0.0073764107536435,-0.7376410753643586,1.653084882786937,-0.2474000724879178,1,0.2367315962910652,1.0,1.0529729628288769,-0.0306138725293198,True
2023-08-04,EURO_STOXX_50,^STOXX50E,Yahoo Finance,4332.91015625,0.0065482473860153,0.6548247386015341,1.5350288777645014,,0,-0.2474000724879178,1.0,1.653084882786937,-0.0073764107536435,True
2023-08-07,EURO_STOXX_50,^STOXX50E,Yahoo Finance,4337.5,0.0010587374982324,0.1058737498232472,1.4105511122565049,,0,,0.0,1.5350288777645014,0.0065482473860153,False
2023-08-08,EURO_STOXX_50,^STOXX50E,Yahoo Finance,4288.85009765625,-0.0112794907672353,-1.1279490767235338,1.2821170001461744,,0,,0.0,1.4105511122565049,0.0010587374982324,False
2023-08-09,EURO_STOXX_50,^STOXX50E,Yahoo Finance,4317.330078125,0.0066185192153268,0.6618519215326829,1.2801405509959976,-0.2152301209668318,2,,0.0,1.2821170001461744,-0.0112794907672353,False
2023-08-10,EURO_STOXX_50,^STOXX50E,Yahoo Finance,4384.0400390625,0.0153335088807727,1.5333508880772744,1.1930539815926382,0.0018947390781249,1,-0.2152301209668318,2.0,1.2801405509959976,0.0066185192153268,True
2023-08-11,EURO_STOXX_50,^STOXX50E,Yahoo Finance,4321.330078125,-0.0144074392788855,-1.4407439278885592,1.251130217006699,0.1363286864361726,2,0.0018947390781249,1.0,1.1930539815926382,0.0153335088807727,True
2023-08-14,EURO_STOXX_50,^STOXX50E,Yahoo Finance,4330.22998046875,0.0020574105532108,0.2057410553210885,1.31580973295489,0.2047246384123961,2,0.1363286864361726,2.0,1.251130217006699,-0.0144074392788855,True
2023-08-15,EURO_STOXX_50,^STOXX50E,Yahoo Finance,4288.56982421875,-0.0096673508257932,-0.9667350825793252,1.2006596831183565,,0,0.2047246384123961,2.0,1.31580973295489,0.0020574105532108,True
2023-08-16,EURO_STOXX_50,^STOXX50E,Yahoo Finance,4284.27001953125,-0.0010031226819647,-0.1003122681964792,1.1885745097600875,-0.03209882974624633,3,,0.0,1.2006596831183565,-0.0096673508257932,False
2023-08-17,EURO_STOXX_50,^STOXX50E,Yahoo Finance,4227.830078125,-0.0132613028262748,-1.326130282627486,1.092846921585038,-0.3099776373377867,1,-0.03209882974624633,3.0,1.1885745097600875,-0.0010031226819647,True
2023-08-18,EURO_STOXX_50,^STOXX50E,Yahoo Finance,4212.9501953125,-0.0035257162831827,-0.3525716283182702,1.1734901438668135,,0,-0.3099776373377867,1.0,1.092846921585038,-0.0132613028262748,True
2023-08-21,EURO_STOXX_50,^STOXX50E,Yahoo Finance,4224.8701171875,0.0028253575835731,0.2825357583573141,1.0933072309939518,-0.1887021688744425,1,,0.0,1.1734901438668135,-0.0035257162831827,False
2023-08-22,EURO_STOXX_50,^STOXX50E,Yahoo Finance,4260.3701171875,0.008367519633631,0.8367519633631085,1.0107201797765455,,0,-0.1887021688744425,1.0,1.0933072309939518,0.0028253575835731,True
2023-08-23,EURO_STOXX_50,^STOXX50E,Yahoo Finance,4266.669921875,0.0014776067204677,0.1477606720467768,0.9879013652958416,,0,,0.0,1.0107201797765455,0.008367519633631,False
2023-08-24,EURO_STOXX_50,^STOXX50E,Yahoo Finance,4232.22021484375,-0.0081069163508245,-0.8106916350824586,0.9177614599737371,0.0482773279978169,1,,0.0,0.9879013652958416,0.0014776067204677,False
2023-08-25,EURO_STOXX_50,^STOXX50E,Yahoo Finance,4236.25,0.0009517150933247,0.0951715093324703,0.9399526532696048,-0.1870503999778757,1,0.0482773279978169,1.0,0.9177614599737371,-0.0081069163508245,True
2023-08-28,EURO_STOXX_50,^STOXX50E,Yahoo Finance,4293.68994140625,0.0134680455061582,1.3468045506158266,0.8767488755953592,0.23047210203367285,2,-0.1870503999778757,1.0,0.9399526532696048,0.0009517150933247,True
2023-08-29,EURO_STOXX_50,^STOXX50E,Yahoo Finance,4326.47021484375,0.0076055272419845,0.7605527241984533,0.9785884269874472,-0.2473272336288713,1,0.23047210203367285,2.0,0.8767488755953592,0.0134680455061582,True
2023-08-30,EURO_STOXX_50,^STOXX50E,Yahoo Finance,4315.31005859375,-0.0025828387441119,-0.2582838744111968,0.9519592512328884,-0.1555875936367859,2,-0.2473272336288713,1.0,0.9785884269874472,0.0076055272419845,True
2023-08-31,EURO_STOXX_50,^STOXX50E,Yahoo Finance,4297.10986328125,-0.0042265060391001,-0.4226506039100104,0.8995711551330402,,0,-0.1555875936367859,2.0,0.9519592512328884,-0.0025828387441119,True
2023-09-01,EURO_STOXX_50,^STOXX50E,Yahoo Finance,4282.64013671875,-0.0033729981132653,-0.3372998113265341,0.870759938687196,,0,,0.0,0.8995711551330402,-0.0042265060391001,False
2023-09-04,EURO_STOXX_50,^STOXX50E,Yahoo Finance,4279.8701171875,-0.0006470111090656,-0.0647011109065688,0.8386295811307541,0.12240187465102359,2,,0.0,0.870759938687196,-0.0033729981132653,False
2023-09-05,EURO_STOXX_50,^STOXX50E,Yahoo Finance,4269.16015625,-0.0025055395051361,-0.2505539505136154,0.794217701985219,,0,0.12240187465102359,2.0,0.8386295811307541,-0.0006470111090656,True
2023-09-06,EURO_STOXX_50,^STOXX50E,Yahoo Finance,4238.259765625,-0.0072643708188622,-0.7264370818862282,0.76833538817315,0.1660856882420679,1,,0.0,0.794217701985219,-0.0025055395051361,False
2023-09-07,EURO_STOXX_50,^STOXX50E,Yahoo Finance,4221.02001953125,-0.0040759427277556,-0.4075942727755682,0.8112191814903092,,0,0.1660856882420679,1.0,0.76833538817315,-0.0072643708188622,True
2023-09-08,EURO_STOXX_50,^STOXX50E,Yahoo Finance,4237.18994140625,0.003823490229915,0.3823490229915055,0.7974208288955887,-0.7698657233268023,1,,0.0,0.8112191814903092,-0.0040759427277556,False
2023-09-11,EURO_STOXX_50,^STOXX50E,Yahoo Finance,4254.330078125,0.0040370063210482,0.4037006321048285,0.7664074254082422,,0,-0.7698657233268023,1.0,0.7974208288955887,0.003823490229915,True
2023-09-12,EURO_STOXX_50,^STOXX50E,Yahoo Finance,4242.27001953125,-0.0028387982379408,-0.2838798237940858,0.742479196913841,0.1086121164705781,1,,0.0,0.7664074254082422,0.0040370063210482,False
2023-09-13,EURO_STOXX_50,^STOXX50E,Yahoo Finance,4223.47998046875,-0.0044390798022555,-0.4439079802255564,0.729233602676864,,0,0.1086121164705781,1.0,0.742479196913841,-0.0028387982379408,True
2023-09-14,EURO_STOXX_50,^STOXX50E,Yahoo Finance,4279.75,0.0132351685320141,1.323516853201417,0.7367202933180913,,0,,0.0,0.729233602676864,-0.0044390798022555,False
2023-09-15,EURO_STOXX_50,^STOXX50E,Yahoo Finance,4295.0498046875,0.0035685546653854,0.3568554665385444,0.876677150003182,,0,,0.0,0.7367202933180913,0.0132351685320141,False
2023-09-18,EURO_STOXX_50,^STOXX50E,Yahoo Finance,4245.8798828125,-0.0115140779502792,-1.1514077950279271,0.8305786668880416,-0.3056006290018558,1,,0.0,0.876677150003182,0.0035685546653854,False
2023-09-19,EURO_STOXX_50,^STOXX50E,Yahoo Finance,4242.7001953125,-0.0007491683224881,-0.0749168322488138,0.945739076067318,-0.1645086444914341,1,-0.3056006290018558,1.0,0.8305786668880416,-0.0115140779502792,True
2023-09-20,EURO_STOXX_50,^STOXX50E,Yahoo Finance,4275.97998046875,0.00781340625035,0.7813406250350053,0.8846451966946065,,0,-0.1645086444914341,1.0,0.945739076067318,-0.0007491683224881,True
2023-09-21,EURO_STOXX_50,^STOXX50E,Yahoo Finance,4212.58984375,-0.0149356879714998,-1.4935687971499811,0.8790702181970884,,0,,0.0,0.8846451966946065,0.00781340625035,False
2023-09-22,EURO_STOXX_50,^STOXX50E,Yahoo Finance,4207.16015625,-0.0012897504682848,-0.1289750468284878,1.0648503611751703,,0,,0.0,0.8790702181970884,-0.0149356879714998,False
2023-09-25,EURO_STOXX_50,^STOXX50E,Yahoo Finance,4167.3701171875,-0.0095027033606523,-0.9502703360652344,0.9878816824930988,-0.12933500589181973,2,,0.0,1.0648503611751703,-0.0012897504682848,False
2023-09-26,EURO_STOXX_50,^STOXX50E,Yahoo Finance,4129.18017578125,-0.0092062869004471,-0.9206286900447116,1.0188581465553557,-0.065241806829969,1,-0.12933500589181973,2.0,0.9878816824930988,-0.0095027033606523,True
2023-09-27,EURO_STOXX_50,^STOXX50E,Yahoo Finance,4131.68017578125,0.0006052638514459,0.0605263851445949,1.037446151219667,,0,-0.065241806829969,1.0,1.0188581465553557,-0.0092062869004471,True
2023-09-28,EURO_STOXX_50,^STOXX50E,Yahoo Finance,4161.56005859375,0.0072058715917206,0.7205871591720677,0.9599182219966116,,0,,0.0,1.037446151219667,0.0006052638514459,False
2023-09-29,EURO_STOXX_50,^STOXX50E,Yahoo Finance,4174.66015625,0.0031429372310835,0.3142937231083513,0.9318685127348796,,0,,0.0,0.9599182219966116,0.0072058715917206,False
2023-10-02,EURO_STOXX_50,^STOXX50E,Yahoo Finance,4137.6298828125,-0.0089098234622955,-0.8909823462295524,0.8747514130425346,,0,,0.0,0.9318685127348796,0.0031429372310835,False
2023-10-03,EURO_STOXX_50,^STOXX50E,Yahoo Finance,4095.590087890625,-0.010212325296117,-1.0212325296117086,0.9218251947844456,,0,,0.0,0.8747514130425346,-0.0089098234622955,False
2023-10-04,EURO_STOXX_50,^STOXX50E,Yahoo Finance,4099.85009765625,0.0010396049639443,0.1039604963944373,0.9827399922030724,,0,,0.0,0.9218251947844456,-0.010212325296117,False
2023-10-05,EURO_STOXX_50,^STOXX50E,Yahoo Finance,4099.81005859375,-9.766029746886448e-06,-0.0009766029746886,0.913116960766093,0.1489973021408831,1,,0.0,0.9827399922030724,0.0010396049639443,False
2023-10-06,EURO_STOXX_50,^STOXX50E,Yahoo Finance,4144.43017578125,0.0108246610017691,1.0824661001769174,0.8550179581270168,,0,0.1489973021408831,1.0,0.913116960766093,-9.766029746886448e-06,True
2023-10-09,EURO_STOXX_50,^STOXX50E,Yahoo Finance,4112.56982421875,-0.0077172119858473,-0.7717211985847342,0.9066665638639764,-0.03358144590945283,4,,0.0,0.8550179581270168,0.0108246610017691,False
2023-10-10,EURO_STOXX_50,^STOXX50E,Yahoo Finance,4205.22998046875,0.0222808895933274,2.228088959332742,0.9247189368872808,0.1163206468336284,1,-0.03358144590945283,4.0,0.9066665638639764,-0.0077172119858473,True
2023-10-11,EURO_STOXX_50,^STOXX50E,Yahoo Finance,4200.7998046875,-0.0010540472267274,-0.1054047226727473,1.248824922252718,,0,0.1163206468336284,1.0,0.9247189368872808,0.0222808895933274,True
2023-10-12,EURO_STOXX_50,^STOXX50E,Yahoo Finance,4198.22998046875,-0.0006119336077325,-0.0611933607732564,1.144928646547872,,0,,0.0,1.248824922252718,-0.0010540472267274,False
2023-10-13,EURO_STOXX_50,^STOXX50E,Yahoo Finance,4136.1201171875,-0.014904824582051,-1.4904824582051015,1.054159107096314,-0.1424832383281595,2,,0.0,1.144928646547872,-0.0006119336077325,False
2023-10-16,EURO_STOXX_50,^STOXX50E,Yahoo Finance,4149.85986328125,0.0033163871308154,0.3316387130815417,1.1831918573196238,,0,-0.1424832383281595,2.0,1.054159107096314,-0.014904824582051,True
2023-10-17,EURO_STOXX_50,^STOXX50E,Yahoo Finance,4152.31982421875,0.0005926060630066,0.0592606063006642,1.0895594859182305,-0.0355782012920826,1,,0.0,1.1831918573196238,0.0033163871308154,False
2023-10-18,EURO_STOXX_50,^STOXX50E,Yahoo Finance,4105.85986328125,-0.0112519835786572,-1.125198357865729,1.004566850904747,,0,-0.0355782012920826,1.0,1.0895594859182305,0.0005926060630066,True
2023-10-19,EURO_STOXX_50,^STOXX50E,Yahoo Finance,4090.330078125,-0.003789517776386,-0.3789517776386016,1.0655696320565544,-0.4011939340271055,1,,0.0,1.004566850904747,-0.0112519835786572,False
2023-10-20,EURO_STOXX_50,^STOXX50E,Yahoo Finance,4024.679931640625,-0.016180282877035,-1.618028287703506,1.0042494715809571,,0,-0.4011939340271055,1.0,1.0655696320565544,-0.003789517776386,True
2023-10-23,EURO_STOXX_50,^STOXX50E,Yahoo Finance,4041.75,0.0042323788802277,0.4232378880227757,1.1807086204702044,0.04935495775252083,3,,0.0,1.0042494715809571,-0.016180282877035,False
2023-10-24,EURO_STOXX_50,^STOXX50E,Yahoo Finance,4065.3701171875,0.0058270220940417,0.5827022094041737,1.09165138413207,,0,0.04935495775252083,3.0,1.1807086204702044,0.0042323788802277,True
2023-10-25,EURO_STOXX_50,^STOXX50E,Yahoo Finance,4073.35009765625,0.0019609921008072,0.1960992100807229,1.027032221757065,,0,,0.0,1.09165138413207,0.0058270220940417,False
2023-10-26,EURO_STOXX_50,^STOXX50E,Yahoo Finance,4049.39990234375,-0.0058970828153762,-0.5897082815376276,0.9518225777033338,,0,,0.0,1.027032221757065,0.0019609921008072,False
2023-10-27,EURO_STOXX_50,^STOXX50E,Yahoo Finance,4014.360107421875,-0.0086907386684058,-0.8690738668405852,0.9331804401638903,-0.2426666770285616,1,,0.0,0.9518225777033338,-0.0058970828153762,False
2023-10-30,EURO_STOXX_50,^STOXX50E,Yahoo Finance,4028.320068359375,0.0034714733526201,0.3471473352620168,0.9621183705102256,0.18515251490854376,2,-0.2426666770285616,1.0,0.9331804401638903,-0.0086907386684058,True
2023-10-31,EURO_STOXX_50,^STOXX50E,Yahoo Finance,4061.1201171875,0.0081093939323521,0.8109393932352142,0.9018146437814928,,0,0.18515251490854376,2.0,0.9621183705102256,0.0034714733526201,True
2023-11-01,EURO_STOXX_50,^STOXX50E,Yahoo Finance,4091.7099609375,0.0075041395453986,0.7504139545398624,0.8969079722564733,,0,,0.0,0.9018146437814928,0.0081093939323521,False
2023-11-02,EURO_STOXX_50,^STOXX50E,Yahoo Finance,4169.6201171875,0.0188619666241244,1.886196662412448,0.8846683053953791,,0,,0.0,0.8969079722564733,0.0075041395453986,False
2023-11-03,EURO_STOXX_50,^STOXX50E,Yahoo Finance,4174.669921875,0.0012103618834789,0.1210361883478962,1.123485200796376,,0,,0.0,0.8846683053953791,0.0188619666241244,False
2023-11-06,EURO_STOXX_50,^STOXX50E,Yahoo Finance,4158.64013671875,-0.0038471639275386,-0.3847163927538699,1.033637786379647,,0,,0.0,1.123485200796376,0.0012103618834789,False
2023-11-07,EURO_STOXX_50,^STOXX50E,Yahoo Finance,4153.3701171875,-0.001268049503412,-0.1268049503412007,0.9779944703881004,,0,,0.0,1.033637786379647,-0.0038471639275386,False
2023-11-08,EURO_STOXX_50,^STOXX50E,Yahoo Finance,4178.490234375,0.0060299122263531,0.6029912226353102,0.9139803928782316,,0,,0.0,0.9779944703881004,-0.001268049503412,False
2023-11-09,EURO_STOXX_50,^STOXX50E,Yahoo Finance,4229.2001953125,0.0120629027141129,1.2062902714112924,0.8811813355224161,,0,,0.0,0.9139803928782316,0.0060299122263531,False
2023-11-10,EURO_STOXX_50,^STOXX50E,Yahoo Finance,4197.35986328125,-0.0075571724037849,-0.7557172403784962,0.9510178749365348,-0.0837925286032259,2,,0.0,0.8811813355224161,0.0120629027141129,False
2023-11-13,EURO_STOXX_50,^STOXX50E,Yahoo Finance,4232.18994140625,0.0082638520793144,0.8263852079314399,0.9567428517783314,0.0330773213257392,1,-0.0837925286032259,2.0,0.9510178749365348,-0.0075571724037849,True
2023-11-14,EURO_STOXX_50,^STOXX50E,Yahoo Finance,4291.72021484375,0.0139680593153308,1.3968059315330883,0.9429755005237676,,0,0.0330773213257392,1.0,0.9567428517783314,0.0082638520793144,True
2023-11-15,EURO_STOXX_50,^STOXX50E,Yahoo Finance,4315.52978515625,0.0055324595063372,0.5532459506337228,1.037212608957949,,0,,0.0,0.9429755005237676,0.0139680593153308,False
2023-11-16,EURO_STOXX_50,^STOXX50E,Yahoo Finance,4302.4501953125,-0.0030354212741498,-0.3035421274149827,0.9788444834797356,,0,,0.0,1.037212608957949,0.0055324595063372,False
2023-11-17,EURO_STOXX_50,^STOXX50E,Yahoo Finance,4340.77001953125,0.0088670829485064,0.8867082948506476,0.9254282626079188,,0,,0.0,0.9788444834797356,-0.0030354212741498,False
2023-11-20,EURO_STOXX_50,^STOXX50E,Yahoo Finance,4342.41015625,0.000377773282381,0.0377773282381065,0.9268149313653912,,0,,0.0,0.9254282626079188,0.0088670829485064,False
2023-11-21,EURO_STOXX_50,^STOXX50E,Yahoo Finance,4331.89990234375,-0.0024233072091353,-0.2423307209135371,0.8659722377356873,,0,,0.0,0.9268149313653912,0.000377773282381,False
2023-11-22,EURO_STOXX_50,^STOXX50E,Yahoo Finance,4352.02001953125,0.0046338873162404,0.4633887316240414,0.8267858528407828,,0,,0.0,0.8659722377356873,-0.0024233072091353,False
2023-11-23,EURO_STOXX_50,^STOXX50E,Yahoo Finance,4361.31982421875,0.0021346139105186,0.2134613910518649,0.7966040231865248,,0,,0.0,0.8267858528407828,0.0046338873162404,False
2023-11-24,EURO_STOXX_50,^STOXX50E,Yahoo Finance,4372.10009765625,0.0024687416863342,0.2468741686334216,0.7577497749007486,,0,,0.0,0.7966040231865248,0.0021346139105186,False
2023-11-27,EURO_STOXX_50,^STOXX50E,Yahoo Finance,4354.41015625,-0.0040543046700006,-0.4054304670000642,0.7266369095841508,,0,,0.0,0.7577497749007486,0.0024687416863342,False
2023-11-28,EURO_STOXX_50,^STOXX50E,Yahoo Finance,4348.02001953125,-0.0014685869896494,-0.1468586989649491,0.7297817639796655,,0,,0.0,0.7266369095841508,-0.0040543046700006,False
2023-11-29,EURO_STOXX_50,^STOXX50E,Yahoo Finance,4370.52978515625,0.0051636605042801,0.5163660504280134,0.7082918105446684,0.2051608715182504,1,,0.0,0.7297817639796655,-0.0014685869896494,False
2023-11-30,EURO_STOXX_50,^STOXX50E,Yahoo Finance,4382.47021484375,0.0027283073447294,0.2728307344729424,0.7057821876243445,,0,0.2051608715182504,1.0,0.7082918105446684,0.0051636605042801,True
2023-12-01,EURO_STOXX_50,^STOXX50E,Yahoo Finance,4418.509765625,0.0081899407355693,0.8189940735569368,0.6850880670276964,,0,,0.0,0.7057821876243445,0.0027283073447294,False
2023-12-04,EURO_STOXX_50,^STOXX50E,Yahoo Finance,4414.9501953125,-0.0008059289385832,-0.0805928938583268,0.7310413279533949,-0.15587245993537444,4,,0.0,0.6850880670276964,0.0081899407355693,False
2023-12-05,EURO_STOXX_50,^STOXX50E,Yahoo Finance,4452.77001953125,0.0085298256169213,0.8529825616921388,0.7057892682434527,,0,-0.15587245993537444,4.0,0.7310413279533949,-0.0008059289385832,True
2023-12-06,EURO_STOXX_50,^STOXX50E,Yahoo Finance,4483.259765625,0.0068240292715361,0.6824029271536142,0.7524614136167415,,0,,0.0,0.7057892682434527,0.0085298256169213,False
2023-12-07,EURO_STOXX_50,^STOXX50E,Yahoo Finance,4473.77001953125,-0.0021189501145085,-0.2118950114508549,0.7609594709351466,,0,,0.0,0.7524614136167415,0.0068240292715361,False
2023-12-08,EURO_STOXX_50,^STOXX50E,Yahoo Finance,4523.31005859375,0.0110125817050426,1.1012581705042668,0.7381591273875766,,0,,0.0,0.7609594709351466,-0.0021189501145085,False
2023-12-11,EURO_STOXX_50,^STOXX50E,Yahoo Finance,4540.18994140625,0.0037248088108867,0.3724808810886762,0.8254984730722803,,0,,0.0,0.7381591273875766,0.0110125817050426,False
2023-12-12,EURO_STOXX_50,^STOXX50E,Yahoo Finance,4536.60986328125,-0.0007888415273407,-0.0788841527340797,0.7889482119894197,,0,,0.0,0.8254984730722803,0.0037248088108867,False
2023-12-13,EURO_STOXX_50,^STOXX50E,Yahoo Finance,4530.18994140625,-0.0014161386787393,-0.1416138678739312,0.7534357795121944,,0,,0.0,0.7889482119894197,-0.0007888415273407,False
2023-12-14,EURO_STOXX_50,^STOXX50E,Yahoo Finance,4539.16015625,0.0019781390446335,0.1978139044633524,0.727310995488043,-0.2285176933122177,1,,0.0,0.7534357795121944,-0.0014161386787393,False
2023-12-15,EURO_STOXX_50,^STOXX50E,Yahoo Finance,4549.43994140625,0.0022621282550575,0.2262128255057579,0.7000229939389233,-0.1636869851499796,1,-0.2285176933122177,1.0,0.727310995488043,0.0019781390446335,True
2023-12-18,EURO_STOXX_50,^STOXX50E,Yahoo Finance,4521.1298828125,-0.0062421989064748,-0.6242198906474807,0.67852041872657,-0.0569317076551567,4,-0.1636869851499796,1.0,0.7000229939389233,0.0022621282550575,True
2023-12-19,EURO_STOXX_50,^STOXX50E,Yahoo Finance,4535.39990234375,0.0031513243326562,0.315132433265621,0.7259522924611551,0.0615115707643844,1,-0.0569317076551567,4.0,0.67852041872657,-0.0062421989064748,True
2023-12-20,EURO_STOXX_50,^STOXX50E,Yahoo Finance,4533.81982421875,-0.0003484485300007,-0.034844853000079,0.7036904549110086,,0,0.0615115707643844,1.0,0.7259522924611551,0.0031513243326562,True
2023-12-21,EURO_STOXX_50,^STOXX50E,Yahoo Finance,4524.85986328125,-0.0019782052503255,-0.197820525032551,0.6815881849509504,,0,,0.0,0.7036904549110086,-0.0003484485300007,False
2023-12-22,EURO_STOXX_50,^STOXX50E,Yahoo Finance,4521.47021484375,-0.0007493975052559,-0.0749397505255961,0.6728856141977051,,0,,0.0,0.6815881849509504,-0.0019782052503255,False
2023-12-27,EURO_STOXX_50,^STOXX50E,Yahoo Finance,4528.3798828125,0.001527024036167,0.1527024036167051,0.6581724729614743,-0.012679053200052937,6,,0.0,0.6728856141977051,-0.0007493975052559,False
2023-12-28,EURO_STOXX_50,^STOXX50E,Yahoo Finance,4514.3798828125,-0.0030964023259527,-0.3096402325952774,0.6426350789456454,,0,-0.012679053200052937,6.0,0.6581724729614743,0.001527024036167,True
2023-12-29,EURO_STOXX_50,^STOXX50E,Yahoo Finance,4521.64990234375,0.0016091184453282,0.160911844532826,0.6526865507998842,0.039208454867115335,3,,0.0,0.6426350789456454,-0.0030964023259527,False
2021-01-04,DAX,^GDAXI,Yahoo Finance,13726.740234375,,,,0.0267215295613784,1,,,,,False
2021-01-05,DAX,^GDAXI,Yahoo Finance,13651.2197265625,-0.0055168974946511,-0.5516897494651185,0.9444004889254656,,0,0.0267215295613784,1.0,,,False
2021-01-06,DAX,^GDAXI,Yahoo Finance,13891.9697265625,0.0174820807839209,1.7482080783920988,0.9181149069133951,,0,,0.0,0.9444004889254656,-0.0055168974946511,False
2021-01-07,DAX,^GDAXI,Yahoo Finance,13968.240234375,0.0054752421792615,0.5475242179261559,1.0892144588856607,0.336831514001824,1,,0.0,0.9181149069133951,0.0174820807839209,False
2021-01-08,DAX,^GDAXI,Yahoo Finance,14049.5302734375,0.0058027648659693,0.5802764865969338,1.0253057175303726,0.0052259086320797,1,0.336831514001824,1.0,1.0892144588856607,0.0054752421792615,True
2021-01-11,DAX,^GDAXI,Yahoo Finance,13936.66015625,-0.0080661731680979,-0.8066173168097944,0.97306906787675,,0,0.0052259086320797,1.0,1.0253057175303726,0.0058027648659693,True
2021-01-12,DAX,^GDAXI,Yahoo Finance,13925.0595703125,-0.0008327258131731,-0.0832725813173131,0.974833132889356,,0,,0.0,0.97306906787675,-0.0080661731680979,False
2021-01-13,DAX,^GDAXI,Yahoo Finance,13939.7099609375,0.0010515351263547,0.1051535126354733,0.9108156501469644,,0,,0.0,0.974833132889356,-0.0008327258131731,False
2021-01-14,DAX,^GDAXI,Yahoo Finance,13988.7001953125,0.0035082759346884,0.3508275934688465,0.8528736492387703,,0,,0.0,0.9108156501469644,0.0010515351263547,False
2021-01-15,DAX,^GDAXI,Yahoo Finance,13787.73046875,-0.0144707745900243,-1.447077459002433,0.8100088947344378,,0,,0.0,0.8528736492387703,0.0035082759346884,False
2021-01-18,DAX,^GDAXI,Yahoo Finance,13848.349609375,0.004386963539968,0.4386963539968039,0.982502351042317,-0.0037242474788640005,2,,0.0,0.8100088947344378,-0.0144707745900243,False
2021-01-19,DAX,^GDAXI,Yahoo Finance,13815.0595703125,-0.0024067933866047,-0.2406793386604736,0.9261307196682949,,0,-0.0037242474788640005,2.0,0.982502351042317,0.004386963539968,True
2021-01-20,DAX,^GDAXI,Yahoo Finance,13921.3701171875,0.0076658076529962,0.7665807652996217,0.8758155039916966,,0,,0.0,0.9261307196682949,-0.0024067933866047,False
2021-01-21,DAX,^GDAXI,Yahoo Finance,13906.669921875,-0.0010565024816139,-0.1056502481613917,0.8672847781872174,0.3381085558561608,1,,0.0,0.8758155039916966,0.0076658076529962,False
2021-01-22,DAX,^GDAXI,Yahoo Finance,13873.9697265625,-0.0023541726057217,-0.2354172605721766,0.8187587672688854,,0,0.3381085558561608,1.0,0.8672847781872174,-0.0010565024816139,True
2021-01-25,DAX,^GDAXI,Yahoo Finance,13643.9501953125,-0.0167181886839417,-1.6718188683941728,0.7840430162559281,-0.0964394633968671,1,,0.0,0.8187587672688854,-0.0023541726057217,False
2021-01-26,DAX,^GDAXI,Yahoo Finance,13870.990234375,0.0165034114989575,1.6503411498957576,1.0252501295279006,,0,-0.0964394633968671,1.0,0.7840430162559281,-0.0167181886839417,True
2021-01-27,DAX,^GDAXI,Yahoo Finance,13620.4599609375,-0.0182265546040304,-1.8226554604030465,1.141892948747916,,0,,0.0,1.0252501295279006,0.0165034114989575,False
2021-01-28,DAX,^GDAXI,Yahoo Finance,13665.9296875,0.0033327801322166,0.3332780132216691,1.3033634715702396,,0,,0.0,1.141892948747916,-0.0182265546040304,False
2021-01-29,DAX,^GDAXI,Yahoo Finance,13432.8701171875,-0.0172011541788104,-1.7201154178810452,1.200663293945014,,0,,0.0,1.3033634715702396,0.0033327801322166,False
2021-02-01,DAX,^GDAXI,Yahoo Finance,13622.01953125,0.0139828695215486,1.3982869521548669,1.3224242763708558,0.0621185224425668,1,,0.0,1.200663293945014,-0.0172011541788104,False
2021-02-02,DAX,^GDAXI,Yahoo Finance,13835.16015625,0.0155256227173714,1.5525622717371443,1.3235080341401102,-0.2356191715225577,1,0.0621185224425668,1.0,1.3224242763708558,0.0139828695215486,True
2021-02-03,DAX,^GDAXI,Yahoo Finance,13933.6298828125,0.0070921447541458,0.7092144754145803,1.3503525558548748,,0,-0.2356191715225577,1.0,1.3235080341401102,0.0155256227173714,True
2021-02-04,DAX,^GDAXI,Yahoo Finance,14060.2900390625,0.0090491807455154,0.9049180745515408,1.26327993491649,0.10683399933465826,2,,0.0,1.3503525558548748,0.0070921447541458,False
2021-02-05,DAX,^GDAXI,Yahoo Finance,14056.7197265625,-0.0002539610398793,-0.0253961039879395,1.2071948861773512,0.14133173132137056,3,0.10683399933465826,2.0,1.26327993491649,0.0090491807455154,True
2021-02-08,DAX,^GDAXI,Yahoo Finance,14059.91015625,0.0002269425400191,0.022694254001912,1.112553201866071,,0,0.14133173132137056,3.0,1.2071948861773512,-0.0002539610398793,True
2021-02-09,DAX,^GDAXI,Yahoo Finance,14011.7998046875,-0.0034276785228546,-0.3427678522854609,1.0288819106691107,,0,,0.0,1.112553201866071,0.0002269425400191,False
2021-02-10,DAX,^GDAXI,Yahoo Finance,13932.9697265625,-0.0056418634719897,-0.5641863471989793,0.970652992987572,-0.0562053024768829,1,,0.0,1.0288819106691107,-0.0034276785228546,False
2021-02-11,DAX,^GDAXI,Yahoo Finance,14040.91015625,0.0077172680979216,0.7717268097921679,0.9414113146167414,,0,-0.0562053024768829,1.0,0.970652992987572,-0.0056418634719897,True
2021-02-12,DAX,^GDAXI,Yahoo Finance,14049.8896484375,0.0006393191048871,0.063931910488715,0.9218980874817452,0.0720571026361236,2,,0.0,0.9414113146167414,0.0077172680979216,False
2021-02-15,DAX,^GDAXI,Yahoo Finance,14109.48046875,0.004232403567258,0.4232403567258048,0.8624551058963082,0.027011420844346552,2,0.0720571026361236,2.0,0.9218980874817452,0.0006393191048871,True
2021-02-16,DAX,^GDAXI,Yahoo Finance,14064.599609375,-0.0031859707372023,-0.3185970737202383,0.8225243489756081,0.07050831933378325,2,0.027011420844346552,2.0,0.8624551058963082,0.004232403567258,True
2021-02-17,DAX,^GDAXI,Yahoo Finance,13909.26953125,-0.0111054837476106,-1.110548374761064,0.7933569086165873,,0,0.07050831933378325,2.0,0.8225243489756081,-0.0031859707372023,True
2021-02-18,DAX,^GDAXI,Yahoo Finance,13886.9296875,-0.0016074031117871,-0.1607403111787165,0.8919011277562833,0.3765704035633117,1,,0.0,0.7933569086165873,-0.0111054837476106,False
2021-02-19,DAX,^GDAXI,Yahoo Finance,13993.23046875,0.0076255872108269,0.7625587210826923,0.8422004704541038,-0.135077327877904,1,0.3765704035633117,1.0,0.8919011277562833,-0.0016074031117871,True
2021-02-22,DAX,^GDAXI,Yahoo Finance,13950.0400390625,-0.0030912962797109,-0.3091296279710983,0.8393507203519643,,0,-0.135077327877904,1.0,0.8422004704541038,0.0076255872108269,True
2021-02-23,DAX,^GDAXI,Yahoo Finance,13864.8095703125,-0.0061284340344708,-0.6128434034470844,0.8067555286801064,,0,,0.0,0.8393507203519643,-0.0030912962797109,False
2021-02-24,DAX,^GDAXI,Yahoo Finance,13976.0,0.0079876284192788,0.7987628419278836,0.8129052735893407,-0.2145538447158677,1,,0.0,0.8067555286801064,-0.0061284340344708,False
2021-02-25,DAX,^GDAXI,Yahoo Finance,13879.330078125,-0.0069408841826718,-0.6940884182671804,0.8206061148189842,,0,-0.2145538447158677,1.0,0.8129052735893407,0.0079876284192788,True
2021-02-26,DAX,^GDAXI,Yahoo Finance,13786.2900390625,-0.0067260657399884,-0.6726065739988457,0.8357180313347973,,0,,0.0,0.8206061148189842,-0.0069408841826718,False
2021-03-01,DAX,^GDAXI,Yahoo Finance,14012.8203125,0.0162980242823346,1.6298024282334658,0.8446178006280729,,0,,0.0,0.8357180313347973,-0.0067260657399884,False
2021-03-02,DAX,^GDAXI,Yahoo Finance,14039.7998046875,0.001923492379184,0.1923492379184035,1.0099233046979292,,0,,0.0,0.8446178006280729,0.0162980242823346,False
2021-03-03,DAX,^GDAXI,Yahoo Finance,14080.0302734375,0.0028613612590661,0.2861361259066133,0.9399280368150228,,0,,0.0,1.0099233046979292,0.001923492379184,False
2021-03-04,DAX,^GDAXI,Yahoo Finance,14056.33984375,-0.0016839723949606,-0.1683972394960634,0.8818339716739019,,0,,0.0,0.9399280368150228,0.0028613612590661,False
2021-03-05,DAX,^GDAXI,Yahoo Finance,13920.6904296875,-0.0096972749246046,-0.9697274924604686,0.833935478408623,0.0442173663953629,1,,0.0,0.8818339716739019,-0.0016839723949606,False
2021-03-08,DAX,^GDAXI,Yahoo Finance,14380.91015625,0.0325253899822201,3.2525389982220174,0.8932191656879543,,0,0.0442173663953629,1.0,0.833935478408623,-0.0096972749246046,True
2021-03-09,DAX,^GDAXI,Yahoo Finance,14437.9404296875,0.0039578502767613,0.3957850276761392,1.5250114101055274,,0,,0.0,0.8932191656879543,0.0325253899822201,False
2021-03-10,DAX,^GDAXI,Yahoo Finance,14540.25,0.0070611721361934,0.7061172136193417,1.3982722486839223,,0,,0.0,1.5250114101055274,0.0039578502767613,False
2021-03-11,DAX,^GDAXI,Yahoo Finance,14569.3896484375,0.0020020624454774,0.2002062445477496,1.304591081184616,,0,,0.0,1.3982722486839223,0.0070611721361934,False
2021-03-12,DAX,^GDAXI,Yahoo Finance,14502.3896484375,-0.0046092891622996,-0.4609289162299682,1.1984504433038072,,0,,0.0,1.304591081184616,0.0020020624454774,False
2021-03-15,DAX,^GDAXI,Yahoo Finance,14461.419921875,-0.0028290307452718,-0.282903074527189,1.1254668529406502,,0,,0.0,1.1984504433038072,-0.0046092891622996,False
2021-03-16,DAX,^GDAXI,Yahoo Finance,14557.580078125,0.0066274170865438,0.6627417086543896,1.0502748429182298,,0,,0.0,1.1254668529406502,-0.0028290307452718,False
2021-03-17,DAX,^GDAXI,Yahoo Finance,14596.6103515625,0.0026775085282599,0.2677508528259997,1.0016020324259105,,0,,0.0,1.0502748429182298,0.0066274170865438,False
2021-03-18,DAX,^GDAXI,Yahoo Finance,14775.51953125,0.0121823914755239,1.2182391475523937,0.9346054405648322,,0,,0.0,1.0016020324259105,0.0026775085282599,False
2021-03-19,DAX,^GDAXI,Yahoo Finance,14621.0,-0.0105128740982221,-1.0512874098222198,0.9854996003049736,,0,,0.0,0.9346054405648322,0.0121823914755239,False
2021-03-22,DAX,^GDAXI,Yahoo Finance,14657.2099609375,0.0024735104671781,0.2473510467178108,1.0247377711535914,,0,,0.0,0.9854996003049736,-0.0105128740982221,False
2021-03-23,DAX,^GDAXI,Yahoo Finance,14662.01953125,0.0003280829980148,0.0328082998014822,0.9541052998291704,,0,,0.0,1.0247377711535914,0.0024735104671781,False
2021-03-24,DAX,^GDAXI,Yahoo Finance,14610.3896484375,-0.0035275495114906,-0.3527549511490683,0.8905772922359373,,0,,0.0,0.9541052998291704,0.0003280829980148,False
2021-03-25,DAX,^GDAXI,Yahoo Finance,14621.3603515625,0.0007506019064939,0.0750601906493934,0.8535153958753423,,0,,0.0,0.8905772922359373,-0.0035275495114906,False
2021-03-26,DAX,^GDAXI,Yahoo Finance,14748.9404296875,0.0086877476346308,0.8687747634630852,0.8033815251404687,,0,,0.0,0.8535153958753423,0.0007506019064939,False
2021-03-29,DAX,^GDAXI,Yahoo Finance,14817.7197265625,0.0046524984950204,0.465249849502041,0.8233575611162368,-0.045732110576183975,3,,0.0,0.8033815251404687,0.0086877476346308,False
2021-03-30,DAX,^GDAXI,Yahoo Finance,15008.6103515625,0.0128003164261285,1.2800316426128568,0.7924988470805354,,0,-0.045732110576183975,3.0,0.8233575611162368,0.0046524984950204,True
2021-03-31,DAX,^GDAXI,Yahoo Finance,15008.33984375,-1.8023670675907372e-05,-0.0018023670675907,0.892003632368858,,0,,0.0,0.7924988470805354,0.0128003164261285,False
2021-04-01,DAX,^GDAXI,Yahoo Finance,15107.169921875,0.0065634242077806,0.6563424207780649,0.8372595767115275,-0.8755818214267492,1,,0.0,0.892003632368858,-1.8023670675907372e-05,False
2021-04-06,DAX,^GDAXI,Yahoo Finance,15212.6796875,0.0069598096878791,0.6959809687879199,0.822359265058423,,0,-0.8755818214267492,1.0,0.8372595767115275,0.0065634242077806,True
2021-04-07,DAX,^GDAXI,Yahoo Finance,15176.3603515625,-0.0023902928939746,-0.2390292893974697,0.8147651063733795,,0,,0.0,0.822359265058423,0.0069598096878791,False
2021-04-08,DAX,^GDAXI,Yahoo Finance,15202.6796875,0.0017327303620296,0.1732730362029624,0.7809048245962255,,0,,0.0,0.8147651063733795,-0.0023902928939746,False
2021-04-09,DAX,^GDAXI,Yahoo Finance,15234.16015625,0.0020685774303147,0.2068577430314769,0.7420117398099919,,0,,0.0,0.7809048245962255,0.0017327303620296,False
2021-04-12,DAX,^GDAXI,Yahoo Finance,15215.0,-0.0012585016256962,-0.1258501625696254,0.7097587088027171,-0.24141496828286269,4,,0.0,0.7420117398099919,0.0020685774303147,False
2021-04-13,DAX,^GDAXI,Yahoo Finance,15234.3603515625,0.0012716427503171,0.127164275031716,0.6858594819299887,-0.3606886565685272,1,-0.24141496828286269,4.0,0.7097587088027171,-0.0012585016256962,True
2021-04-14,DAX,^GDAXI,Yahoo Finance,15209.150390625,-0.0016561799927364,-0.1656179992736494,0.6607862392856053,,0,-0.3606886565685272,1.0,0.6858594819299887,0.0012716427503171,True
2021-04-15,DAX,^GDAXI,Yahoo Finance,15255.330078125,0.0030317092010257,0.3031709201025788,0.6472782718281276,,0,,0.0,0.6607862392856053,-0.0016561799927364,False
2021-04-16,DAX,^GDAXI,Yahoo Finance,15459.75,0.0133109169577269,1.3310916957726933,0.6344182177846577,,0,,0.0,0.6472782718281276,0.0030317092010257,False
2021-04-19,DAX,^GDAXI,Yahoo Finance,15368.3896484375,-0.0059270925891014,-0.592709258910148,0.7956821808859199,,0,,0.0,0.6344182177846577,0.0133109169577269,False
2021-04-20,DAX,^GDAXI,Yahoo Finance,15129.509765625,-0.0156656538796908,-1.5665653879690882,0.8012330320689673,-0.4864287902601063,1,,0.0,0.7956821808859199,-0.0059270925891014,False
2021-04-21,DAX,^GDAXI,Yahoo Finance,15195.9697265625,0.0043831173291371,0.4383117329137116,1.007611984146349,,0,-0.4864287902601063,1.0,0.8012330320689673,-0.0156656538796908,True
2021-04-22,DAX,^GDAXI,Yahoo Finance,15320.51953125,0.0081628325733235,0.8162832573323586,0.9477118950387612,,0,,0.0,1.007611984146349,0.0043831173291371,False
2021-04-23,DAX,^GDAXI,Yahoo Finance,15279.6201171875,-0.0026731537102208,-0.2673153710220862,0.9326206211550948,,0,,0.0,0.9477118950387612,0.0081628325733235,False
2021-04-26,DAX,^GDAXI,Yahoo Finance,15296.33984375,0.0010936518919022,0.1093651891902297,0.883022529528352,,0,,0.0,0.9326206211550948,-0.0026731537102208,False
2021-04-27,DAX,^GDAXI,Yahoo Finance,15249.26953125,-0.0030819715645826,-0.3081971564582623,0.8288759679584733,,0,,0.0,0.883022529528352,0.0010936518919022,False
2021-04-28,DAX,^GDAXI,Yahoo Finance,15292.1796875,0.0028099638741548,0.2809963874154868,0.7978594083980712,,0,,0.0,0.8288759679584733,-0.0030819715645826,False
2021-04-29,DAX,^GDAXI,Yahoo Finance,15154.2001953125,-0.0090638320442024,-0.9063832044202492,0.7597924478985213,0.2265998545501913,1,,0.0,0.7978594083980712,0.0028099638741548,False
2021-04-30,DAX,^GDAXI,Yahoo Finance,15135.91015625,-0.0012076576198054,-0.1207657619805409,0.8253457317976269,0.4511383918627184,1,0.2265998545501913,1.0,0.7597924478985213,-0.0090638320442024,True
2021-05-03,DAX,^GDAXI,Yahoo Finance,15236.4697265625,0.0066218016597352,0.6621801659735219,0.7834634999259069,,0,0.4511383918627184,1.0,0.8253457317976269,-0.0012076576198054,True
2021-05-04,DAX,^GDAXI,Yahoo Finance,14856.48046875,-0.0252557129278806,-2.525571292788067,0.778926665937899,,0,,0.0,0.7834634999259069,0.0066218016597352,False
2021-05-05,DAX,^GDAXI,Yahoo Finance,15170.7802734375,0.0209350620754695,2.093506207546954,1.283334330043602,,0,,0.0,0.778926665937899,-0.0252557129278806,False
2021-05-06,DAX,^GDAXI,Yahoo Finance,15196.740234375,0.0017097192544605,0.170971925446052,1.429315778091061,,0,,0.0,1.283334330043602,0.0209350620754695,False
2021-05-07,DAX,^GDAXI,Yahoo Finance,15399.650390625,0.0132638606664577,1.326386066645772,1.3082672826518906,,0,,0.0,1.429315778091061,0.0017097192544605,False
2021-05-10,DAX,^GDAXI,Yahoo Finance,15400.41015625,4.933533322097458e-05,0.0049335333220974,1.300676942510126,-0.0704615110797541,1,,0.0,1.3082672826518906,0.0132638606664577,False
2021-05-11,DAX,^GDAXI,Yahoo Finance,15119.75,-0.0183923063644868,-1.839230636448681,1.1944837457967834,,0,-0.0704615110797541,1.0,1.300676942510126,4.933533322097458e-05,True
2021-05-12,DAX,^GDAXI,Yahoo Finance,15150.2197265625,0.0020131990305122,0.2013199030512267,1.34482670149921,,0,,0.0,1.1944837457967834,-0.0183923063644868,False
2021-05-13,DAX,^GDAXI,Yahoo Finance,15199.6796875,0.0032593191857282,0.3259319185728283,1.233972601340792,,0,,0.0,1.34482670149921,0.0020131990305122,False
2021-05-14,DAX,^GDAXI,Yahoo Finance,15416.6396484375,0.0141730683156067,1.4173068315606716,1.139458513672638,,0,,0.0,1.233972601340792,0.0032593191857282,False
2021-05-17,DAX,^GDAXI,Yahoo Finance,15396.6201171875,-0.0012994103330277,-0.1299410333027763,1.181057684482439,,0,,0.0,1.139458513672638,0.0141730683156067,False
2021-05-18,DAX,^GDAXI,Yahoo Finance,15386.580078125,-0.0006523064109517,-0.0652306410951744,1.0920793280454997,,0,,0.0,1.181057684482439,-0.0012994103330277,False
2021-05-19,DAX,^GDAXI,Yahoo Finance,15113.5595703125,-0.0179033803483713,-1.7903380348371305,1.0124211650157815,,0,,0.0,1.0920793280454997,-0.0006523064109517,False
2021-05-20,DAX,^GDAXI,Yahoo Finance,15370.259765625,0.0168421325664382,1.6842132566438226,1.2054220400182625,-0.0436379287253927,1,,0.0,1.0124211650157815,-0.0179033803483713,False
2021-05-21,DAX,^GDAXI,Yahoo Finance,15437.509765625,0.0043657887499964,0.436578874999644,1.2833051482109534,,0,-0.0436379287253927,1.0,1.2054220400182625,0.0168421325664382,True
2021-05-25,DAX,^GDAXI,Yahoo Finance,15465.08984375,0.001784968630238,0.1784968630238088,1.187282898533006,-0.0405759594092766,1,,0.0,1.2833051482109534,0.0043657887499964,False
2021-05-26,DAX,^GDAXI,Yahoo Finance,15450.7197265625,-0.0009296291070571,-0.092962910705716,1.0948595060058104,,0,-0.0405759594092766,1.0,1.187282898533006,0.001784968630238,True
2021-05-27,DAX,^GDAXI,Yahoo Finance,15406.73046875,-0.0028511291330224,-0.2851129133022428,1.0155671365360048,,0,,0.0,1.0948595060058104,-0.0009296291070571,False
2021-05-28,DAX,^GDAXI,Yahoo Finance,15519.98046875,0.0073237989282036,0.7323798928203659,0.9553599081038464,,0,,0.0,1.0155671365360048,-0.0028511291330224,False
2021-05-31,DAX,^GDAXI,Yahoo Finance,15421.1298828125,-0.0063896169937144,-0.6389616993714464,0.9288807033527,0.32167294889907627,2,,0.0,0.9553599081038464,0.0073237989282036,False
2021-06-01,DAX,^GDAXI,Yahoo Finance,15567.3603515625,0.0094377979090159,0.9437797909015968,0.9157102774683552,-0.1130787700298242,1,0.32167294889907627,2.0,0.9288807033527,-0.0063896169937144,True
2021-06-02,DAX,^GDAXI,Yahoo Finance,15602.7099609375,0.0022681774006697,0.2268177400669728,0.9242967264015232,,0,-0.1130787700298242,1.0,0.9157102774683552,0.0094377979090159,True
2021-06-03,DAX,^GDAXI,Yahoo Finance,15632.669921875,0.0019183355693224,0.191833556932242,0.8664279690584521,,0,,0.0,0.9242967264015232,0.0022681774006697,False
2021-06-04,DAX,^GDAXI,Yahoo Finance,15692.900390625,0.0038454554774755,0.3845455477475568,0.8156691389493771,,0,,0.0,0.8664279690584521,0.0019183355693224,False
2021-06-07,DAX,^GDAXI,Yahoo Finance,15677.150390625,-0.0010041425455906,-0.1004142545590627,0.7803368023067088,,0,,0.0,0.8156691389493771,0.0038454554774755,False
2021-06-08,DAX,^GDAXI,Yahoo Finance,15640.599609375,-0.0023341905370219,-0.2334190537021976,0.744305847684849,-0.6186492309960372,1,,0.0,0.7803368023067088,-0.0010041425455906,False
2021-06-09,DAX,^GDAXI,Yahoo Finance,15581.1396484375,-0.003808886643482,-0.3808886643482044,0.7212749750256991,,0,-0.6186492309960372,1.0,0.744305847684849,-0.0023341905370219,True
2021-06-10,DAX,^GDAXI,Yahoo Finance,15571.2197265625,-0.0006368649058569,-0.0636864905856934,0.7151920729751428,,0,,0.0,0.7212749750256991,-0.003808886643482,False
2021-06-11,DAX,^GDAXI,Yahoo Finance,15693.26953125,0.0078076071341197,0.7807607134119747,0.6878232802249554,-0.09298604481155051,2,,0.0,0.7151920729751428,-0.0006368649058569,False
2021-06-14,DAX,^GDAXI,Yahoo Finance,15673.6396484375,-0.0012516301980978,-0.1251630198097874,0.7191694684774378,,0,-0.09298604481155051,2.0,0.6878232802249554,0.0078076071341197,True
2021-06-15,DAX,^GDAXI,Yahoo Finance,15729.51953125,0.0035588739000442,0.3558873900044258,0.6937227004236804,0.0119175954129208,1,,0.0,0.7191694684774378,-0.0012516301980978,False
2021-06-16,DAX,^GDAXI,Yahoo Finance,15710.5703125,-0.0012054177414032,-0.120541774140328,0.6761249709660218,,0,0.0119175954129208,1.0,0.6937227004236804,0.0035588739000442,True
2021-06-17,DAX,^GDAXI,Yahoo Finance,15727.669921875,0.0010878224056923,0.1087822405692339,0.6574847538436288,,0,,0.0,0.6761249709660218,-0.0012054177414032,False
2021-06-18,DAX,^GDAXI,Yahoo Finance,15448.0400390625,-0.0179394395451725,-1.7939439545172595,0.6368285697268933,,0,,0.0,0.6574847538436288,0.0010878224056923,False
2021-06-21,DAX,^GDAXI,Yahoo Finance,15603.240234375,0.0099964630355895,0.9996463035589586,0.976414820106756,,0,,0.0,0.6368285697268933,-0.0179394395451725,False
2021-06-22,DAX,^GDAXI,Yahoo Finance,15636.330078125,0.0021184578273143,0.2118457827314313,0.9815450958900204,,0,,0.0,0.976414820106756,0.0099964630355895,False
2021-06-23,DAX,^GDAXI,Yahoo Finance,15456.3896484375,-0.0115745705207302,-1.1574570520730247,0.9156582736853284,,0,,0.0,0.9815450958900204,0.0021184578273143,False
2021-06-24,DAX,^GDAXI,Yahoo Finance,15589.23046875,0.0085578339581157,0.8557833958115765,0.9916051228990168,,0,,0.0,0.9156582736853284,-0.0115745705207302,False
2021-06-25,DAX,^GDAXI,Yahoo Finance,15607.9697265625,0.0012013424248923,0.1201342424892397,0.973837829171594,,0,,0.0,0.9916051228990168,0.0085578339581157,False
2021-06-28,DAX,^GDAXI,Yahoo Finance,15554.1796875,-0.0034522710080758,-0.3452271008075816,0.9076133263334696,0.1778556299085418,1,,0.0,0.973837829171594,0.0012013424248923,False
2021-06-29,DAX,^GDAXI,Yahoo Finance,15690.58984375,0.0087317669483419,0.8731766948341996,0.8673263164916081,,0,0.1778556299085418,1.0,0.9076133263334696,-0.0034522710080758,True
2021-06-30,DAX,^GDAXI,Yahoo Finance,15531.0400390625,-0.0102205550550442,-1.0220555055044207,0.8749798177652346,,0,,0.0,0.8673263164916081,0.0087317669483419,False
2021-07-01,DAX,^GDAXI,Yahoo Finance,15603.8095703125,0.0046744830740426,0.4674483074042625,0.9343025816341892,-0.1482347610704216,1,,0.0,0.8749798177652346,-0.0102205550550442,False
2021-07-02,DAX,^GDAXI,Yahoo Finance,15650.08984375,0.0029615701164827,0.2961570116482704,0.8867404582143341,,0,-0.1482347610704216,1.0,0.9343025816341892,0.0046744830740426,True
2021-07-05,DAX,^GDAXI,Yahoo Finance,15661.9697265625,0.0007588056196588,0.0758805619658801,0.8364176890161313,-0.1353878768902548,1,,0.0,0.8867404582143341,0.0029615701164827,False
2021-07-06,DAX,^GDAXI,Yahoo Finance,15511.3798828125,-0.009661522873624,-0.9661522873624095,0.7886770329265921,,0,-0.1353878768902548,1.0,0.8364176890161313,0.0007588056196588,True
2021-07-07,DAX,^GDAXI,Yahoo Finance,15692.7099609375,0.0116223302893247,1.1622330289324754,0.8585631757815606,,0,,0.0,0.7886770329265921,-0.009661522873624,False
2021-07-08,DAX,^GDAXI,Yahoo Finance,15420.6396484375,-0.0174894218044653,-1.7489421804465333,0.9168919238399028,,0,,0.0,0.8585631757815606,0.0116223302893247,False
2021-07-09,DAX,^GDAXI,Yahoo Finance,15687.9296875,0.0171847579398641,1.7184757939864164,1.1308972804603763,,0,,0.0,0.9168919238399028,-0.0174894218044653,False
2021-07-12,DAX,^GDAXI,Yahoo Finance,15790.509765625,0.0065175048714066,0.6517504871406623,1.234399577583425,-0.0408089455172774,2,,0.0,1.1308972804603763,0.0171847579398641,False
2021-07-13,DAX,^GDAXI,Yahoo Finance,15789.6396484375,-5.510532431694825e-05,-0.0055105324316948,1.1584329769406307,,0,-0.0408089455172774,2.0,1.234399577583425,0.0065175048714066,True
2021-07-14,DAX,^GDAXI,Yahoo Finance,15788.98046875,-4.174847951872446e-05,-0.0041748479518724,1.069433720410293,,0,,0.0,1.1584329769406307,-5.510532431694825e-05,False
2021-07-15,DAX,^GDAXI,Yahoo Finance,15629.66015625,-0.010141856867934,-1.0141856867934,0.991471451135868,,0,,0.0,1.069433720410293,-4.174847951872446e-05,False
2021-07-16,DAX,^GDAXI,Yahoo Finance,15540.3095703125,-0.0057331355441616,-0.5733135544161683,1.0228716009520329,,0,,0.0,0.991471451135868,-0.010141856867934,False
2021-07-19,DAX,^GDAXI,Yahoo Finance,15133.2001953125,-0.0265462469366957,-2.6546246936695708,0.9861615416979044,,0,,0.0,1.0228716009520329,-0.0057331355441616,False
2021-07-20,DAX,^GDAXI,Yahoo Finance,15216.26953125,0.0054742006453383,0.5474200645338385,1.4334701262334952,,0,,0.0,0.9861615416979044,-0.0265462469366957,False
2021-07-21,DAX,^GDAXI,Yahoo Finance,15422.5,0.0134622627824001,1.3462262782400136,1.3246915790860487,,0,,0.0,1.4334701262334952,0.0054742006453383,False
2021-07-22,DAX,^GDAXI,Yahoo Finance,15514.5400390625,0.0059501691499157,0.5950169149915788,1.3171312068742786,,0,,0.0,1.3246915790860487,0.0134622627824001,False
2021-07-23,DAX,^GDAXI,Yahoo Finance,15669.2900390625,0.0099250970741686,0.9925097074168624,1.225998115292069,-0.16345814898765332,2,,0.0,1.3171312068742786,0.0059501691499157,False
2021-07-26,DAX,^GDAXI,Yahoo Finance,15618.98046875,-0.0032158769311219,-0.3215876931121949,1.186022954221006,,0,-0.16345814898765332,2.0,1.225998115292069,0.0099250970741686,True
2021-07-27,DAX,^GDAXI,Yahoo Finance,15519.1298828125,-0.0064134224629773,-0.6413422462977323,1.1051232086555234,,0,,0.0,1.186022954221006,-0.0032158769311219,False
2021-07-28,DAX,^GDAXI,Yahoo Finance,15570.3603515625,0.0032956806132106,0.3295680613210616,1.0627803726803728,,0,,0.0,1.1051232086555234,-0.0064134224629773,False
2021-07-29,DAX,^GDAXI,Yahoo Finance,15640.4697265625,0.0044926387889899,0.4492638788989977,0.9900072670875356,0.1576086122387399,1,,0.0,1.0627803726803728,0.0032956806132106,False
2021-07-30,DAX,^GDAXI,Yahoo Finance,15544.3896484375,-0.0061619891232277,-0.6161989123227729,0.9332439772110364,,0,0.1576086122387399,1.0,0.9900072670875356,0.0044926387889899,True
2021-08-02,DAX,^GDAXI,Yahoo Finance,15568.73046875,0.0015646663006932,0.1564666300693262,0.9164481217308924,-0.1259458739426918,2,,0.0,0.9332439772110364,-0.0061619891232277,False
2021-08-03,DAX,^GDAXI,Yahoo Finance,15555.080078125,-0.0008771671116352,-0.0877167111635262,0.8582094459847215,,0,-0.1259458739426918,2.0,0.9164481217308924,0.0015646663006932,True
2021-08-04,DAX,^GDAXI,Yahoo Finance,15692.1298828125,0.0087720269215679,0.8772026921567992,0.8103314640039686,,0,,0.0,0.8582094459847215,-0.0008771671116352,False
2021-08-05,DAX,^GDAXI,Yahoo Finance,15744.669921875,0.0033425850154926,0.3342585015492659,0.8301543441286708,,0,,0.0,0.8103314640039686,0.0087720269215679,False
2021-08-06,DAX,^GDAXI,Yahoo Finance,15761.4501953125,0.0010652073287193,0.1065207328719316,0.7897762528050492,,0,,0.0,0.8301543441286708,0.0033425850154926,False
2021-08-09,DAX,^GDAXI,Yahoo Finance,15745.41015625,-0.0010181935152707,-0.1018193515270703,0.7487615242848772,,0,,0.0,0.7897762528050492,0.0010652073287193,False
2021-08-10,DAX,^GDAXI,Yahoo Finance,15770.7099609375,0.0016055155284339,0.1605515528433976,0.7176068307588032,,0,,0.0,0.7487615242848772,-0.0010181935152707,False
2021-08-11,DAX,^GDAXI,Yahoo Finance,15826.08984375,0.003505414463711,0.3505414463711049,0.6880347454985748,,0,,0.0,0.7176068307588032,0.0016055155284339,False
2021-08-12,DAX,^GDAXI,Yahoo Finance,15937.509765625,0.0070156015212281,0.7015601521228146,0.6710519905071862,,0,,0.0,0.6880347454985748,0.003505414463711,False
2021-08-13,DAX,^GDAXI,Yahoo Finance,15977.4404296875,0.0025023184842177,0.2502318484217782,0.6941820024956574,,0,,0.0,0.6710519905071862,0.0070156015212281,False
2021-08-16,DAX,^GDAXI,Yahoo Finance,15925.73046875,-0.0032416844322484,-0.3241684432248429,0.6709293865791492,,0,,0.0,0.6941820024956574,0.0025023184842177,False
2021-08-17,DAX,^GDAXI,Yahoo Finance,15921.9501953125,-0.0002373970962048,-0.0237397096204836,0.6683758633446221,,0,,0.0,0.6709293865791492,-0.0032416844322484,False
2021-08-18,DAX,^GDAXI,Yahoo Finance,15965.9697265625,0.0027608924833929,0.2760892483392984,0.6472921497671421,,0,,0.0,0.6683758633446221,-0.0002373970962048,False
2021-08-19,DAX,^GDAXI,Yahoo Finance,15765.8095703125,-0.0126159210415255,-1.2615921041525502,0.6330026338375325,,0,,0.0,0.6472921497671421,0.0027608924833929,False
2021-08-20,DAX,^GDAXI,Yahoo Finance,15808.0400390625,0.0026750297765486,0.2675029776548638,0.8198609816225497,,0,,0.0,0.6330026338375325,-0.0126159210415255,False
2021-08-23,DAX,^GDAXI,Yahoo Finance,15852.7900390625,0.0028268386956,0.2826838695600058,0.778001019917908,,0,,0.0,0.8198609816225497,0.0026750297765486,False
2021-08-24,DAX,^GDAXI,Yahoo Finance,15905.849609375,0.0033414289949451,0.3341428994945177,0.7429940851098312,,0,,0.0,0.778001019917908,0.0028268386956,False
2021-08-25,DAX,^GDAXI,Yahoo Finance,15860.66015625,-0.0028451022124228,-0.284510221242289,0.7159978341869115,,0,,0.0,0.7429940851098312,0.0033414289949451,False
2021-08-26,DAX,^GDAXI,Yahoo Finance,15793.6201171875,-0.004235770879516,-0.4235770879516042,0.7017107621548575,-0.2197948857778456,1,,0.0,0.7159978341869115,-0.0028451022124228,False
2021-08-27,DAX,^GDAXI,Yahoo Finance,15851.75,0.0036738358868389,0.3673835886838961,0.704020067452866,,0,-0.2197948857778456,1.0,0.7017107621548575,-0.004235770879516,True
2021-08-30,DAX,^GDAXI,Yahoo Finance,15887.3095703125,0.0022407459875909,0.2240745987590973,0.6854494456801362,,0,,0.0,0.704020067452866,0.0036738358868389,False
2021-08-31,DAX,^GDAXI,Yahoo Finance,15835.08984375,-0.0032922965913955,-0.329229659139553,0.6626331528233913,,0,,0.0,0.6854494456801362,0.0022407459875909,False
2021-09-01,DAX,^GDAXI,Yahoo Finance,15824.2900390625,-0.0006822499459172,-0.0682249945917229,0.6621433305804372,,0,,0.0,0.6626331528233913,-0.0032922965913955,False
2021-09-02,DAX,^GDAXI,Yahoo Finance,15840.58984375,0.0010295195299977,0.1029519529997701,0.6435257455838954,,0,,0.0,0.6621433305804372,-0.0006822499459172,False
2021-09-03,DAX,^GDAXI,Yahoo Finance,15781.2001953125,-0.0037562527733977,-0.3756252773397749,0.6251357629919247,,0,,0.0,0.6435257455838954,0.0010295195299977,False
2021-09-06,DAX,^GDAXI,Yahoo Finance,15932.1201171875,0.009517834127444,0.9517834127444096,0.6370609959016229,,0,,0.0,0.6251357629919247,-0.0037562527733977,False
2021-09-07,DAX,^GDAXI,Yahoo Finance,15843.08984375,-0.0056037714007931,-0.5603771400793126,0.7113568712779326,,0,,0.0,0.6370609959016229,0.009517834127444,False
2021-09-08,DAX,^GDAXI,Yahoo Finance,15610.2802734375,-0.0148037441540068,-1.480374415400689,0.7294680504536029,,0,,0.0,0.7113568712779326,-0.0056037714007931,False
2021-09-09,DAX,^GDAXI,Yahoo Finance,15623.150390625,0.0008241245128885,0.0824124512888578,0.9388894486664718,0.1649852681818396,2,,0.0,0.7294680504536029,-0.0148037441540068,False
2021-09-10,DAX,^GDAXI,Yahoo Finance,15609.8095703125,-0.0008542783739049,-0.0854278373904976,0.8771455456459331,0.00726119083216205,2,0.1649852681818396,2.0,0.9388894486664718,0.0008241245128885,True
2021-09-13,DAX,^GDAXI,Yahoo Finance,15701.419921875,0.0058516139068032,0.5851613906803205,0.8265190098629909,,0,0.00726119083216205,2.0,0.8771455456459331,-0.0008542783739049,True
2021-09-14,DAX,^GDAXI,Yahoo Finance,15722.990234375,0.0013728382350228,0.1372838235022874,0.8058675399050189,,0,,0.0,0.8265190098629909,0.0058516139068032,False
2021-09-15,DAX,^GDAXI,Yahoo Finance,15616.0,-0.0068279577127763,-0.6827957712776306,0.7627786841493663,,0,,0.0,0.8058675399050189,0.0013728382350228,False
2021-09-16,DAX,^GDAXI,Yahoo Finance,15651.75,0.0022867021501759,0.2286702150175917,0.7883069723225711,,0,,0.0,0.7627786841493663,-0.0068279577127763,False
2021-09-17,DAX,^GDAXI,Yahoo Finance,15490.169921875,-0.0103771076734132,-1.0377107673413282,0.7497355851117578,,0,,0.0,0.7883069723225711,0.0022867021501759,False
2021-09-20,DAX,^GDAXI,Yahoo Finance,15132.0595703125,-0.0233899806733563,-2.3389980673356354,0.8448083872838734,-0.2479507087596825,1,,0.0,0.7497355851117578,-0.0103771076734132,False
2021-09-21,DAX,^GDAXI,Yahoo Finance,15348.5302734375,0.0142040783161687,1.4204078316168716,1.257723273789661,,0,-0.2479507087596825,1.0,0.8448083872838734,-0.0233899806733563,True
2021-09-22,DAX,^GDAXI,Yahoo Finance,15506.740234375,0.0102550614440084,1.0255061444008493,1.2751138148910388,,0,,0.0,1.257723273789661,0.0142040783161687,False
2021-09-23,DAX,^GDAXI,Yahoo Finance,15643.9697265625,0.0088107385102138,0.8810738510213828,1.231280226504205,,0,,0.0,1.2751138148910388,0.0102550614440084,False
2021-09-24,DAX,^GDAXI,Yahoo Finance,15531.75,-0.0071992058068665,-0.7199205806866573,1.1774569856321844,,0,,0.0,1.231280226504205,0.0088107385102138,False
2021-09-27,DAX,^GDAXI,Yahoo Finance,15573.8798828125,0.0027088285132156,0.2708828513215661,1.132549259861663,-0.1622834741310388,1,,0.0,1.1774569856321844,-0.0071992058068665,False
2021-09-28,DAX,^GDAXI,Yahoo Finance,15248.5595703125,-0.0211101002642984,-2.1110100264298453,1.0488473688910114,,0,-0.1622834741310388,1.0,1.132549259861663,0.0027088285132156,True
2021-09-29,DAX,^GDAXI,Yahoo Finance,15365.26953125,0.0076246931391748,0.7624693139174854,1.313295410377504,,0,,0.0,1.0488473688910114,-0.0211101002642984,False
2021-09-30,DAX,^GDAXI,Yahoo Finance,15260.6904296875,-0.0068294680835424,-0.6829468083542419,1.2357787245480774,,0,,0.0,1.313295410377504,0.0076246931391748,False
2021-10-01,DAX,^GDAXI,Yahoo Finance,15156.4404296875,-0.0068547167504026,-0.6854716750402673,1.17784224867048,-0.12568901542884603,2,,0.0,1.2357787245480774,-0.0068294680835424,False
2021-10-04,DAX,^GDAXI,Yahoo Finance,15036.5498046875,-0.0079416615706958,-0.794166157069588,1.1290041565464048,0.9095829371362923,1,-0.12568901542884603,2.0,1.17784224867048,-0.0068547167504026,True
2021-10-05,DAX,^GDAXI,Yahoo Finance,15194.490234375,0.0104489866371038,1.0448986637103836,1.1010443638429668,0.1851781075820326,1,0.9095829371362923,1.0,1.1290041565464048,-0.0079416615706958,True
2021-10-06,DAX,^GDAXI,Yahoo Finance,14973.330078125,-0.0146622537564918,-1.4662253756491812,1.0894634805237997,,0,0.1851781075820326,1.0,1.1010443638429668,0.0104489866371038,True
2021-10-07,DAX,^GDAXI,Yahoo Finance,15250.8603515625,0.0183652941562409,1.8365294156240932,1.185277802675316,,0,,0.0,1.0894634805237997,-0.0146622537564918,False
2021-10-08,DAX,^GDAXI,Yahoo Finance,15206.1298828125,-0.0029372896379951,-0.2937289637995145,1.300178209705664,,0,,0.0,1.185277802675316,0.0183652941562409,False
2021-10-11,DAX,^GDAXI,Yahoo Finance,15199.1396484375,-0.000459804146184,-0.0459804146184078,1.203207380993071,,0,,0.0,1.300178209705664,-0.0029372896379951,False
2021-10-12,DAX,^GDAXI,Yahoo Finance,15146.8701171875,-0.0034449064865897,-0.3444906486589777,1.1094045184653123,-0.1208607148379087,1,,0.0,1.203207380993071,-0.000459804146184,False
2021-10-13,DAX,^GDAXI,Yahoo Finance,15249.3798828125,0.0067449211173073,0.6744921117307366,1.040142539158443,,0,-0.1208607148379087,1.0,1.1094045184653123,-0.0034449064865897,True
2021-10-14,DAX,^GDAXI,Yahoo Finance,15462.7197265625,0.0138931091001155,1.3893109100115582,0.9941186005082656,,0,,0.0,1.040142539158443,0.0067449211173073,False
2021-10-15,DAX,^GDAXI,Yahoo Finance,15587.3603515625,0.008028404059793,0.8028404059793055,1.0638253099963777,,0,,0.0,0.9941186005082656,0.0138931091001155,False
2021-10-18,DAX,^GDAXI,Yahoo Finance,15474.4697265625,-0.0072688004388643,-0.7268800438864377,1.0275440670325149,,0,,0.0,1.0638253099963777,0.008028404059793,False
2021-10-19,DAX,^GDAXI,Yahoo Finance,15515.830078125,0.0026692465952541,0.2669246595254125,1.0083063457546586,,0,,0.0,1.0275440670325149,-0.0072688004388643,False
2021-10-20,DAX,^GDAXI,Yahoo Finance,15522.919921875,0.0004568382343558,0.0456838234355841,0.9404014528373628,,0,,0.0,1.0083063457546586,0.0026692465952541,False
2021-10-21,DAX,^GDAXI,Yahoo Finance,15472.5595703125,-0.0032495316544473,-0.3249531654447369,0.8785854238403669,,0,,0.0,0.9404014528373628,0.0004568382343558,False
2021-10-22,DAX,^GDAXI,Yahoo Finance,15542.98046875,0.0045410152046457,0.4541015204645765,0.841134843890796,,0,,0.0,0.8785854238403669,-0.0032495316544473,False
2021-10-25,DAX,^GDAXI,Yahoo Finance,15599.23046875,0.0036124642071348,0.3612464207134808,0.8066407448703286,,0,,0.0,0.841134843890796,0.0045410152046457,False
2021-10-26,DAX,^GDAXI,Yahoo Finance,15757.0595703125,0.0100669074220781,1.0066907422078162,0.7712820796698728,,0,,0.0,0.8066407448703286,0.0036124642071348,False
2021-10-27,DAX,^GDAXI,Yahoo Finance,15705.8095703125,-0.0032578113012332,-0.325781130123325,0.8216328595290531,,0,,0.0,0.7712820796698728,0.0100669074220781,False
2021-10-28,DAX,^GDAXI,Yahoo Finance,15696.330078125,-0.0006037481892365,-0.0603748189236549,0.7932018100826206,,0,,0.0,0.8216328595290531,-0.0032578113012332,False
2021-10-29,DAX,^GDAXI,Yahoo Finance,15688.76953125,-0.0004817921316388,-0.048179213163881,0.7538402309336365,,0,,0.0,0.7932018100826206,-0.0006037481892365,False
2021-11-01,DAX,^GDAXI,Yahoo Finance,15806.2900390625,0.0074628246363185,0.746282463631857,0.7200002063520589,,0,,0.0,0.7538402309336365,-0.0004817921316388,False
2021-11-02,DAX,^GDAXI,Yahoo Finance,15954.4501953125,0.0093298348767657,0.9329834876765772,0.7391334114775411,,0,,0.0,0.7200002063520589,0.0074628246363185,False
2021-11-03,DAX,^GDAXI,Yahoo Finance,15959.98046875,0.0003465688328308,0.0346568832830851,0.7839692061394485,,0,,0.0,0.7391334114775411,0.0093298348767657,False
2021-11-04,DAX,^GDAXI,Yahoo Finance,16029.650390625,0.0043557884324806,0.4355788432480681,0.7439961407741531,,0,,0.0,0.7839692061394485,0.0003465688328308,False
2021-11-05,DAX,^GDAXI,Yahoo Finance,16054.3603515625,0.0015403289832843,0.1540328983284319,0.7237113083188177,,0,,0.0,0.7439961407741531,0.0043557884324806,False
2021-11-08,DAX,^GDAXI,Yahoo Finance,16046.51953125,-0.0004885112493523,-0.0488511249352309,0.6930825838640918,,0,,0.0,0.7237113083188177,0.0015403289832843,False
2021-11-09,DAX,^GDAXI,Yahoo Finance,16040.4697265625,-0.000377087716805,-0.0377087716805054,0.6687357308008376,,0,,0.0,0.6930825838640918,-0.0004885112493523,False
2021-11-10,DAX,^GDAXI,Yahoo Finance,16067.830078125,0.0017042545604243,0.1704254560424379,0.6479899542091716,,0,,0.0,0.6687357308008376,-0.000377087716805,False
2021-11-11,DAX,^GDAXI,Yahoo Finance,16083.1103515625,0.0009505336008079,0.0950533600807981,0.6297898965591108,,0,,0.0,0.6479899542091716,0.0017042545604243,False
2021-11-12,DAX,^GDAXI,Yahoo Finance,16094.0703125,0.0006812257093479,0.0681225709347964,0.6136648197041518,,0,,0.0,0.6297898965591108,0.0009505336008079,False
2021-11-15,DAX,^GDAXI,Yahoo Finance,16148.6396484375,0.0033849132474642,0.3384913247464234,0.60029441100811,-0.0438211852345954,1,,0.0,0.6136648197041518,0.0006812257093479,False
2021-11-16,DAX,^GDAXI,Yahoo Finance,16247.8603515625,0.0061254156072905,0.6125415607290587,0.598092214232362,0.0010791712750991,1,-0.0438211852345954,1.0,0.60029441100811,0.0033849132474642,True
2021-11-17,DAX,^GDAXI,Yahoo Finance,16251.1298828125,0.0002012081752357,0.0201208175235708,0.624780698684159,,0,0.0010791712750991,1.0,0.598092214232362,0.0061254156072905,True
2021-11-18,DAX,^GDAXI,Yahoo Finance,16221.73046875,-0.0018107072661151,-0.1810707266115137,0.6100089022210989,,0,,0.0,0.624780698684159,0.0002012081752357,False
2021-11-19,DAX,^GDAXI,Yahoo Finance,16159.9697265625,-0.0038145506075324,-0.3814550607532431,0.6066081909488453,,0,,0.0,0.6100089022210989,-0.0018107072661151,False
2021-11-22,DAX,^GDAXI,Yahoo Finance,16115.6904296875,-0.0027438214704558,-0.2743821470455896,0.6230796949190395,,0,,0.0,0.6066081909488453,-0.0038145506075324,False
2021-11-23,DAX,^GDAXI,Yahoo Finance,15937.0,-0.0111499083869611,-1.1149908386961136,0.6248267569880962,-0.2726633501505213,1,,0.0,0.6230796949190395,-0.0027438214704558,False
2021-11-24,DAX,^GDAXI,Yahoo Finance,15878.3896484375,-0.0036844067297226,-0.3684406729722695,0.7769006530724953,-0.0973020749937357,1,-0.2726633501505213,1.0,0.6248267569880962,-0.0111499083869611,True
2021-11-25,DAX,^GDAXI,Yahoo Finance,15917.98046875,0.0024902742436747,0.2490274243674787,0.7597187747392563,,0,-0.0973020749937357,1.0,0.7769006530724953,-0.0036844067297226,True
2021-11-26,DAX,^GDAXI,Yahoo Finance,15257.0400390625,-0.0424082789561322,-4.240827895613227,0.7261373650993163,,0,,0.0,0.7597187747392563,0.0024902742436747,False
2021-11-29,DAX,^GDAXI,Yahoo Finance,15280.8603515625,0.0015600494484798,0.1560049448479867,1.872172196382599,,0,,0.0,0.7261373650993163,-0.0424082789561322,False
2021-11-30,DAX,^GDAXI,Yahoo Finance,15100.1298828125,-0.0118977425891489,-1.1897742589148936,1.7016695297660434,,0,,0.0,1.872172196382599,0.0015600494484798,False
2021-12-01,DAX,^GDAXI,Yahoo Finance,15472.669921875,0.024371891462565,2.4371891462565074,1.6318971750754294,-0.2157598350729261,1,,0.0,1.7016695297660434,-0.0118977425891489,False
2021-12-02,DAX,^GDAXI,Yahoo Finance,15263.1103515625,-0.0136364078456138,-1.3636407845613845,1.7631442507586177,,0,-0.2157598350729261,1.0,1.6318971750754294,0.024371891462565,True
2021-12-03,DAX,^GDAXI,Yahoo Finance,15169.98046875,-0.0061203230437466,-0.6120323043746625,1.7064857449081792,,0,,0.0,1.7631442507586177,-0.0136364078456138,False
2021-12-06,DAX,^GDAXI,Yahoo Finance,15380.7900390625,0.0138008248398052,1.38008248398052,1.5787876509186385,,0,,0.0,1.7064857449081792,-0.0061203230437466,False
2021-12-07,DAX,^GDAXI,Yahoo Finance,15813.9404296875,0.0277725259988306,2.7772525998830675,1.5318435209217112,,0,,0.0,1.5787876509186385,0.0138008248398052,False
2021-12-08,DAX,^GDAXI,Yahoo Finance,15687.08984375,-0.0080537855746094,-0.8053785574609417,1.769117590195216,-0.2193974333653307,1,,0.0,1.5318435209217112,0.0277725259988306,False
2021-12-09,DAX,^GDAXI,Yahoo Finance,15639.259765625,-0.0030536666984115,-0.3053666698411591,1.6487650474839104,,0,-0.2193974333653307,1.0,1.769117590195216,-0.0080537855746094,True
2021-12-10,DAX,^GDAXI,Yahoo Finance,15623.3095703125,-0.0010204021636914,-0.1020402163691476,1.5106123278643446,0.0083904713392257,1,,0.0,1.6487650474839104,-0.0030536666984115,False
2021-12-13,DAX,^GDAXI,Yahoo Finance,15621.7197265625,-0.0001017661872719,-0.010176618727196,1.3818411099227634,-0.0792003355565525,2,0.0083904713392257,1.0,1.5106123278643446,-0.0010204021636914,True
2021-12-14,DAX,^GDAXI,Yahoo Finance,15453.5595703125,-0.0108228663746321,-1.0822866374632172,1.2663329048668288,,0,-0.0792003355565525,2.0,1.3818411099227634,-0.0001017661872719,True
2021-12-15,DAX,^GDAXI,Yahoo Finance,15476.349609375,0.001473657297502,0.1473657297502021,1.2545684605189398,0.2563302479943053,1,,0.0,1.2663329048668288,-0.0108228663746321,False
2021-12-16,DAX,^GDAXI,Yahoo Finance,15636.400390625,0.0102885275701732,1.0288527570173225,1.1536992290350765,,0,0.2563302479943053,1.0,1.2545684605189398,0.001473657297502,True
2021-12-17,DAX,^GDAXI,Yahoo Finance,15531.6904296875,-0.0067190740348396,-0.6719074034839673,1.130559785588253,,0,,0.0,1.1536992290350765,0.0102885275701732,False
2021-12-20,DAX,^GDAXI,Yahoo Finance,15239.669921875,-0.0189805891863785,-1.8980589186378576,1.0876047985779018,,0,,0.0,1.130559785588253,-0.0067190740348396,False
2021-12-21,DAX,^GDAXI,Yahoo Finance,15447.4404296875,0.0135414302835785,1.3541430283578526,1.2837768448625235,,0,,0.0,1.0876047985779018,-0.0189805891863785,False
2021-12-22,DAX,^GDAXI,Yahoo Finance,15593.4697265625,0.0094088977054669,0.9408897705466976,1.2851518675583258,-0.0566721875220537,1,,0.0,1.2837768448625235,0.0135414302835785,False
2021-12-23,DAX,^GDAXI,Yahoo Finance,15756.3095703125,0.0103886733453409,1.0388673345340969,1.2297335355453365,-0.1804212760180235,1,-0.0566721875220537,1.0,1.2851518675583258,0.0094088977054669,True
2021-12-27,DAX,^GDAXI,Yahoo Finance,15835.25,0.0049975749890711,0.4997574989071142,1.1950151972494218,,0,-0.1804212760180235,1.0,1.2297335355453365,0.0103886733453409,True
2021-12-28,DAX,^GDAXI,Yahoo Finance,15963.7001953125,0.008078939284277,0.8078939284277026,1.1136598825297093,,0,,0.0,1.1950151972494218,0.0049975749890711,False
2021-12-29,DAX,^GDAXI,Yahoo Finance,15852.25,-0.0070059608775877,-0.7005960877587732,1.0700184360681062,0.0725156337241915,1,,0.0,1.1136598825297093,0.008078939284277,False
2021-12-30,DAX,^GDAXI,Yahoo Finance,15884.8603515625,0.0020550303841652,0.2055030384165239,1.0402345789616796,,0,0.0725156337241915,1.0,1.0700184360681062,-0.0070059608775877,True
2022-01-03,DAX,^GDAXI,Yahoo Finance,16020.73046875,0.0085170614322968,0.8517061432296871,0.9665931744021096,-0.10978467386487739,2,,0.0,1.0402345789616796,0.0020550303841652,False
2022-01-04,DAX,^GDAXI,Yahoo Finance,16152.6103515625,0.0081981303824326,0.8198130382432627,0.952714231053026,,0,-0.10978467386487739,2.0,0.9665931744021096,0.0085170614322968,True
2022-01-05,DAX,^GDAXI,Yahoo Finance,16271.75,0.0073488070896666,0.7348807089666669,0.93718823610112,,0,,0.0,0.952714231053026,0.0081981303824326,False
2022-01-06,DAX,^GDAXI,Yahoo Finance,16052.0302734375,-0.0135951370096728,-1.3595137009672893,0.9140480336883902,,0,,0.0,0.93718823610112,0.0073488070896666,False
2022-01-07,DAX,^GDAXI,Yahoo Finance,15947.740234375,-0.0065181972654112,-0.651819726541127,1.033703437025911,,0,,0.0,0.9140480336883902,-0.0135951370096728,False
2022-01-10,DAX,^GDAXI,Yahoo Finance,15768.26953125,-0.0113174778338857,-1.1317477833885792,1.0041017582191838,0.0026789637105095,1,,0.0,1.033703437025911,-0.0065181972654112,False
2022-01-11,DAX,^GDAXI,Yahoo Finance,15941.8095703125,0.0109455275136586,1.0945527513658675,1.05386448382596,-0.0145441192601408,1,0.0026789637105095,1.0,1.0041017582191838,-0.0113174778338857,True
2022-01-12,DAX,^GDAXI,Yahoo Finance,16010.3203125,0.0042883430576177,0.4288343057617768,1.058491928753216,-0.2758415777236223,1,-0.0145441192601408,1.0,1.05386448382596,0.0109455275136586,True
2022-01-13,DAX,^GDAXI,Yahoo Finance,16031.58984375,0.0013276071414166,0.1327607141416676,0.9910848270933452,,0,-0.2758415777236223,1.0,1.058491928753216,0.0042883430576177,True
2022-01-14,DAX,^GDAXI,Yahoo Finance,15883.240234375,-0.0092966609862862,-0.9296660986286204,0.9227102048105208,-0.3340867477883067,1,,0.0,0.9910848270933452,0.0013276071414166,False
2022-01-17,DAX,^GDAXI,Yahoo Finance,15933.7197265625,0.0031731211658622,0.3173121165862248,0.9543591974432292,-0.027339786090248962,3,-0.3340867477883067,1.0,0.9227102048105208,-0.0092966609862862,True
2022-01-18,DAX,^GDAXI,Yahoo Finance,15772.5595703125,-0.0101659070540728,-1.0165907054072827,0.8955344928392652,0.0494123771786689,1,-0.027339786090248962,3.0,0.9543591974432292,0.0031731211658622,True
2022-01-19,DAX,^GDAXI,Yahoo Finance,15809.7197265625,0.0023532293568262,0.2353229356826263,0.9489238898281784,-0.1601333580911159,1,0.0494123771786689,1.0,0.8955344928392652,-0.0101659070540728,True
2022-01-20,DAX,^GDAXI,Yahoo Finance,15912.330078125,0.0064693618521011,0.64693618521012,0.8879629734878142,-0.02693634154134138,5,-0.1601333580911159,1.0,0.9489238898281784,0.0023532293568262,True
2022-01-21,DAX,^GDAXI,Yahoo Finance,15603.8798828125,-0.0195746915423144,-1.9574691542314424,0.8633729854077266,-0.2778616104185342,5,-0.02693634154134138,5.0,0.8879629734878142,0.0064693618521011,True
2022-01-24,DAX,^GDAXI,Yahoo Finance,15011.1298828125,-0.0387276756192769,-3.872767561927696,1.1542506423370316,-0.3019931546544538,11,-0.2778616104185342,5.0,0.8633729854077266,-0.0195746915423144,True
2022-01-25,DAX,^GDAXI,Yahoo Finance,15123.8701171875,0.0074823799810298,0.7482379981029826,1.914295925584476,-0.11208920701518757,7,-0.3019931546544538,11.0,1.1542506423370316,-0.0387276756192769,True
2022-01-26,DAX,^GDAXI,Yahoo Finance,15459.3896484375,0.0219422648468237,2.194226484682375,1.7594224315752451,-0.21119765474936728,4,-0.11208920701518757,7.0,1.914295925584476,0.0074823799810298,True
2022-01-27,DAX,^GDAXI,Yahoo Finance,15524.26953125,0.0041880126079358,0.4188012607935824,1.812085540978772,0.08215967494447429,2,-0.21119765474936728,4.0,1.7594224315752451,0.0219422648468237,True
2022-01-28,DAX,^GDAXI,Yahoo Finance,15318.9501953125,-0.0133139387310468,-1.3313938731046813,1.653388947445951,-0.12601650969287684,6,0.08215967494447429,2.0,1.812085540978772,0.0041880126079358,True
2022-01-31,DAX,^GDAXI,Yahoo Finance,15471.2001953125,0.0098896068358721,0.9889606835872168,1.6103992436999195,-0.2187258945604145,4,-0.12601650969287684,6.0,1.653388947445951,-0.0133139387310468,True
2022-02-01,DAX,^GDAXI,Yahoo Finance,15619.3896484375,0.0095328249538761,0.9532824953876108,1.512919239431112,-0.47516282135620713,2,-0.2187258945604145,4.0,1.6103992436999195,0.0098896068358721,True
2022-02-02,DAX,^GDAXI,Yahoo Finance,15613.76953125,-0.0003598814462426,-0.0359881446242666,1.4254898968264296,-0.0043421611949605214,3,-0.47516282135620713,2.0,1.512919239431112,0.0095328249538761,True
2022-02-03,DAX,^GDAXI,Yahoo Finance,15368.4697265625,-0.0158351969616813,-1.583519696168138,1.3052807332883598,,0,-0.0043421611949605214,3.0,1.4254898968264296,-0.0003598814462426,True
2022-02-04,DAX,^GDAXI,Yahoo Finance,15099.5595703125,-0.0176524143696421,-1.7652414369642124,1.3727976156328636,,0,,0.0,1.3052807332883598,-0.0158351969616813,False
2022-02-07,DAX,^GDAXI,Yahoo Finance,15206.6396484375,0.0070665755842226,0.7066575584222655,1.4609332249851772,-0.03503044243070434,5,,0.0,1.3727976156328636,-0.0176524143696421,False
2022-02-08,DAX,^GDAXI,Yahoo Finance,15242.3798828125,0.0023475469055383,0.2347546905538319,1.3591222757855623,-0.1824989144436337,1,-0.03503044243070434,5.0,1.4609332249851772,0.0070665755842226,True
2022-02-09,DAX,^GDAXI,Yahoo Finance,15482.009765625,0.0155989911988701,1.5598991198870114,1.2471821278869455,-0.6325806118547916,2,-0.1824989144436337,1.0,1.3591222757855623,0.0023475469055383,True
2022-02-10,DAX,^GDAXI,Yahoo Finance,15490.4404296875,0.0005443976319311,0.0544397631931163,1.291505902201175,,0,-0.6325806118547916,2.0,1.2471821278869455,0.0155989911988701,True
2022-02-11,DAX,^GDAXI,Yahoo Finance,15425.1201171875,-0.0042257302501042,-0.4225730250104241,1.186034186476583,-0.11561901395096659,7,,0.0,1.291505902201175,0.0005443976319311,False
2022-02-14,DAX,^GDAXI,Yahoo Finance,15113.9697265625,-0.020377893346779,-2.037789334677903,1.111836822495118,-0.1577266817267598,21,-0.11561901395096659,7.0,1.186034186476583,-0.0042257302501042,True
2022-02-15,DAX,^GDAXI,Yahoo Finance,15412.7099609375,0.0195730275771376,1.957302757713768,1.335637368875837,-0.1572882872328174,15,-0.1577266817267598,21.0,1.111836822495118,-0.020377893346779,True
2022-02-16,DAX,^GDAXI,Yahoo Finance,15396.0703125,-0.0010801888233001,-0.1080188823300169,1.4381853691430393,0.036645588395051366,5,-0.1572882872328174,15.0,1.335637368875837,0.0195730275771376,True
2022-02-17,DAX,^GDAXI,Yahoo Finance,15267.6298828125,-0.0083774091216317,-0.8377409121631707,1.3178859010285235,-0.2526339502065327,8,0.036645588395051366,5.0,1.4381853691430393,-0.0010801888233001,True
2022-02-18,DAX,^GDAXI,Yahoo Finance,15042.509765625,-0.0148547159079898,-1.4854715907989875,1.264671490781206,-0.23616249604058098,5,-0.2526339502065327,8.0,1.3178859010285235,-0.0083774091216317,True
2022-02-21,DAX,^GDAXI,Yahoo Finance,14731.1201171875,-0.0209179064732151,-2.0917906473215173,1.3223997441329354,-0.2230195049261026,27,-0.23616249604058098,5.0,1.264671490781206,-0.0148547159079898,True
2022-02-22,DAX,^GDAXI,Yahoo Finance,14693.0,-0.0025910809473948,-0.259108094739484,1.495553484030106,-0.18342252252404412,18,-0.2230195049261026,27.0,1.3223997441329354,-0.0209179064732151,True
2022-02-23,DAX,^GDAXI,Yahoo Finance,14631.3603515625,-0.0042039954823396,-0.4203995482339625,1.3733899738817212,-0.13933725036158118,9,-0.18342252252404412,18.0,1.495553484030106,-0.0025910809473948,True
2022-02-24,DAX,^GDAXI,Yahoo Finance,14052.099609375,-0.0403953714068389,-4.039537140683894,1.2744845876879256,-0.21550786151534762,46,-0.13933725036158118,9.0,1.3733899738817212,-0.0042039954823396,True
2022-02-25,DAX,^GDAXI,Yahoo Finance,14567.23046875,0.0360026946282996,3.6002694628299614,2.029511111807219,-0.21989668731854406,21,-0.21550786151534762,46.0,1.2744845876879256,-0.0403953714068389,True
2022-02-28,DAX,^GDAXI,Yahoo Finance,14461.01953125,-0.0073177963857386,-0.7317796385738679,2.322096269484576,-0.21508347541275263,58,-0.21989668731854406,21.0,2.029511111807219,0.0360026946282996,True
2022-03-01,DAX,^GDAXI,Yahoo Finance,13904.849609375,-0.0392190491986805,-3.9219049198680502,2.1286145407125727,-0.14028807637377916,22,-0.21508347541275263,58.0,2.322096269484576,-0.0073177963857386,True
2022-03-02,DAX,^GDAXI,Yahoo Finance,14000.1103515625,0.006827539790147,0.6827539790147059,2.5138008026785377,-0.05968503478045173,16,-0.14028807637377916,22.0,2.1286145407125727,-0.0392190491986805,True
2022-03-03,DAX,^GDAXI,Yahoo Finance,13698.400390625,-0.02178614562993,-2.1786145629930087,2.28754193672648,-0.1595275708301941,13,-0.05968503478045173,16.0,2.5138008026785377,0.006827539790147,True
2022-03-04,DAX,^GDAXI,Yahoo Finance,13094.5400390625,-0.0450837137943553,-4.5083713794355305,2.263094670372781,-0.18788742969554675,18,-0.1595275708301941,13.0,2.28754193672648,-0.02178614562993,True
2022-03-07,DAX,^GDAXI,Yahoo Finance,12834.650390625,-0.0200467772137112,-2.004677721371128,2.759118292849392,-0.09749818068509226,46,-0.18788742969554675,18.0,2.263094670372781,-0.0450837137943553,True
2022-03-08,DAX,^GDAXI,Yahoo Finance,12831.509765625,-0.0002447288567168,-0.0244728856716811,2.63198549342519,-0.275506330580189,24,-0.09749818068509226,46.0,2.759118292849392,-0.0200467772137112,True
2022-03-09,DAX,^GDAXI,Yahoo Finance,13847.9296875,0.0762318940690664,7.623189406906642,2.3810236442750115,-0.17954030193970616,17,-0.275506330580189,24.0,2.63198549342519,-0.0002447288567168,True
2022-03-10,DAX,^GDAXI,Yahoo Finance,13442.099609375,-0.0297441965835871,-2.97441965835872,3.720175464898857,-0.13611588871665664,3,-0.17954030193970616,17.0,2.3810236442750115,0.0762318940690664,True
2022-03-11,DAX,^GDAXI,Yahoo Finance,13628.1103515625,0.0137430533508432,1.3743053350843284,3.574742513945084,-0.19901727634393274,13,-0.13611588871665664,3.0,3.720175464898857,-0.0297441965835871,True
2022-03-14,DAX,^GDAXI,Yahoo Finance,13929.1103515625,0.0218463229267599,2.184632292675992,3.267641409360182,-0.1772009885508244,29,-0.19901727634393274,13.0,3.574742513945084,0.0137430533508432,True
2022-03-15,DAX,^GDAXI,Yahoo Finance,13917.26953125,-0.0008504388057609,-0.0850438805760921,3.069135025372973,-0.0008331880213764449,14,-0.1772009885508244,29.0,3.267641409360182,0.0218463229267599,True
2022-03-16,DAX,^GDAXI,Yahoo Finance,14440.740234375,0.0369229136178751,3.69229136178751,2.773275615779696,-0.10048613661702464,7,-0.0008331880213764449,14.0,3.069135025372973,-0.0008504388057609,True
2022-03-17,DAX,^GDAXI,Yahoo Finance,14388.0595703125,-0.0036547288168463,-0.3654728816846391,2.8969148664720348,-0.10054822425947205,7,-0.10048613661702464,7.0,2.773275615779696,0.0369229136178751,True
2022-03-18,DAX,^GDAXI,Yahoo Finance,14413.08984375,0.0017381445010632,0.1738144501063217,2.624235151474612,0.1192592640866194,10,-0.10054822425947205,7.0,2.8969148664720348,-0.0036547288168463,True
2022-03-21,DAX,^GDAXI,Yahoo Finance,14326.9697265625,-0.005993054728312,-0.599305472831208,2.37396948412824,-0.0016046323599490473,20,0.1192592640866194,10.0,2.624235151474612,0.0017381445010632,True
2022-03-22,DAX,^GDAXI,Yahoo Finance,14473.2001953125,0.010154921014784,1.015492101478409,2.1670913867915678,-0.16783248021554034,8,-0.0016046323599490473,20.0,2.37396948412824,-0.005993054728312,True
2022-03-23,DAX,^GDAXI,Yahoo Finance,14283.650390625,-0.0131831230504814,-1.3183123050481471,2.000117247328669,-0.02695355576277597,9,-0.16783248021554034,8.0,2.1670913867915678,0.010154921014784,True
2022-03-24,DAX,^GDAXI,Yahoo Finance,14273.7900390625,-0.0006905627259295,-0.0690562725929506,1.9009746373962664,-0.14820494109289972,11,-0.02695355576277597,9.0,2.000117247328669,-0.0131831230504814,True
2022-03-25,DAX,^GDAXI,Yahoo Finance,14305.759765625,0.0022372458709628,0.2237245870962872,1.7281796120022146,0.006131851099847981,8,-0.14820494109289972,11.0,1.9009746373962664,-0.0006905627259295,True
2022-03-28,DAX,^GDAXI,Yahoo Finance,14417.3701171875,0.0077715007907761,0.7771500790776112,1.5741719764163256,-0.024760756742274865,13,0.006131851099847981,8.0,1.7281796120022146,0.0022372458709628,True
2022-03-29,DAX,^GDAXI,Yahoo Finance,14820.330078125,0.0275661543228249,2.756615432282499,1.4631032151499077,-0.026454852450143028,7,-0.024760756742274865,13.0,1.5741719764163256,0.0077715007907761,True
2022-03-30,DAX,^GDAXI,Yahoo Finance,14606.0498046875,-0.0145640790272328,-1.4564079027232888,1.7161235498679417,0.1177888088256303,4,-0.026454852450143028,7.0,1.4631032151499077,0.0275661543228249,True
2022-03-31,DAX,^GDAXI,Yahoo Finance,14414.75,-0.0131838251762157,-1.318382517621573,1.6805778045419804,-0.0565736254949679,8,0.1177888088256303,4.0,1.7161235498679417,-0.0145640790272328,True
2022-04-01,DAX,^GDAXI,Yahoo Finance,14446.48046875,0.0021988308203777,0.2198830820377758,1.631226378939414,0.03616349010956871,5,-0.0565736254949679,8.0,1.6805778045419804,-0.0131838251762157,True
2022-04-04,DAX,^GDAXI,Yahoo Finance,14518.16015625,0.0049494716511547,0.4949471651154712,1.487943443817069,-0.1266160713199123,17,0.03616349010956871,5.0,1.631226378939414,0.0021988308203777,True
2022-04-05,DAX,^GDAXI,Yahoo Finance,14424.3603515625,-0.0064818220010125,-0.6481822001012562,1.3697812854365994,-0.28871577739281357,6,-0.1266160713199123,17.0,1.487943443817069,0.0049494716511547,True
2022-04-06,DAX,^GDAXI,Yahoo Finance,14151.6904296875,-0.0190843864155987,-1.9084386415598769,1.2890932685961705,-0.059272036176095874,9,-0.28871577739281357,6.0,1.3697812854365994,-0.0064818220010125,True
2022-04-07,DAX,^GDAXI,Yahoo Finance,14078.150390625,-0.0052101041508063,-0.5210104150806345,1.4292343597163395,-0.244809069357219,7,-0.059272036176095874,9.0,1.2890932685961705,-0.0190843864155987,True
2022-04-08,DAX,^GDAXI,Yahoo Finance,14283.669921875,0.0144929434248144,1.4492943424814428,1.330083989153019,-0.1079729345136489,4,-0.244809069357219,7.0,1.4292343597163395,-0.0052101041508063,True
2022-04-11,DAX,^GDAXI,Yahoo Finance,14192.7802734375,-0.0063835173594074,-0.6383517359407458,1.338000671372798,-0.08463615915584717,7,-0.1079729345136489,4.0,1.330083989153019,0.0144929434248144,True
2022-04-12,DAX,^GDAXI,Yahoo Finance,14124.9501953125,-0.0047906528333429,-0.4790652833342941,1.2608471134722603,0.19956060405650033,3,-0.08463615915584717,7.0,1.338000671372798,-0.0063835173594074,True
2022-04-13,DAX,^GDAXI,Yahoo Finance,14076.4404296875,-0.0034402426542635,-0.3440242654263527,1.180778469820867,-0.41309261284585963,3,0.19956060405650033,3.0,1.2608471134722603,-0.0047906528333429,True
2022-04-14,DAX,^GDAXI,Yahoo Finance,14163.849609375,0.0061904080093687,0.6190408009368742,1.1019339081632729,-0.12976794154468022,8,-0.41309261284585963,3.0,1.180778469820867,-0.0034402426542635,True
2022-04-19,DAX,^GDAXI,Yahoo Finance,14153.4599609375,-0.0007338019791681,-0.0733801979168139,1.041824201375641,-0.13924688617172173,20,-0.12976794154468022,8.0,1.1019339081632729,0.0061904080093687,True
2022-04-20,DAX,^GDAXI,Yahoo Finance,14362.0302734375,0.0146288231637755,1.4628823163775513,0.9687715127244306,-0.21732510055940693,4,-0.13924688617172173,20.0,1.041824201375641,-0.0007338019791681,True
2022-04-21,DAX,^GDAXI,Yahoo Finance,14502.41015625,0.0097269157158899,0.9726915715889994,1.0598892657912549,0.134132386810749,4,-0.21732510055940693,4.0,0.9687715127244306,0.0146288231637755,True
2022-04-22,DAX,^GDAXI,Yahoo Finance,14142.08984375,-0.0251594071510342,-2.515940715103421,1.0455946642583245,-0.03596897455832715,2,0.134132386810749,4.0,1.0598892657912549,0.0097269157158899,True
2022-04-25,DAX,^GDAXI,Yahoo Finance,13924.169921875,-0.0155292727360613,-1.5529272736061357,1.4258363217883074,-0.11089557001980342,12,-0.03596897455832715,2.0,1.0455946642583245,-0.0251594071510342,True
2022-04-26,DAX,^GDAXI,Yahoo Finance,13756.400390625,-0.0121219746356772,-1.212197463567726,1.4611574943245282,-0.43711791597306726,2,-0.11089557001980342,12.0,1.4258363217883074,-0.0155292727360613,True
2022-04-27,DAX,^GDAXI,Yahoo Finance,13793.9404296875,0.0027251976692821,0.2725197669282176,1.4339179037310084,-0.1513454790518428,9,-0.43711791597306726,2.0,1.4611574943245282,-0.0121219746356772,True
2022-04-28,DAX,^GDAXI,Yahoo Finance,13979.83984375,0.0133868842092204,1.338688420922041,1.314074448662869,-0.3556388389116101,8,-0.1513454790518428,9.0,1.4339179037310084,0.0027251976692821,True
2022-04-29,DAX,^GDAXI,Yahoo Finance,14097.8798828125,0.0084081425153404,0.8408142515340438,1.307313246414051,-0.09841510106742624,7,-0.3556388389116101,8.0,1.314074448662869,0.0133868842092204,True
2022-05-02,DAX,^GDAXI,Yahoo Finance,13939.0703125,-0.0113287121221941,-1.132871212219411,1.238002921657914,-0.06229995245413086,12,-0.09841510106742624,7.0,1.307313246414051,0.0084081425153404,True
2022-05-03,DAX,^GDAXI,Yahoo Finance,14039.4697265625,0.0071769180858607,0.7176918085860725,1.2393298073378585,-0.03360393463047125,4,-0.06229995245413086,12.0,1.238002921657914,-0.0113287121221941,True
2022-05-04,DAX,^GDAXI,Yahoo Finance,13970.8203125,-0.0049017379984426,-0.4901737998442648,1.1681932838571942,0.07991131450995279,4,-0.03360393463047125,4.0,1.2393298073378585,0.0071769180858607,True
2022-05-05,DAX,^GDAXI,Yahoo Finance,13902.51953125,-0.0049008061707906,-0.4900806170790601,1.1017917709168092,-0.2528491958934012,6,0.07991131450995279,4.0,1.1681932838571942,-0.0049017379984426,True
2022-05-06,DAX,^GDAXI,Yahoo Finance,13674.2900390625,-0.0165526546962464,-1.655265469624645,1.0448989909936035,-0.36273197996770107,2,-0.2528491958934012,6.0,1.1017917709168092,-0.0049008061707906,True
2022-05-09,DAX,^GDAXI,Yahoo Finance,13380.669921875,-0.0217063079094191,-2.170630790941918,1.1951162989447617,-0.1779426692614059,17,-0.36273197996770107,2.0,1.0448989909936035,-0.0165526546962464,True
2022-05-10,DAX,^GDAXI,Yahoo Finance,13534.740234375,0.0114486083951929,1.1448608395192994,1.4260173259195297,-0.17419009561126586,2,-0.1779426692614059,17.0,1.1951162989447617,-0.0217063079094191,True
2022-05-11,DAX,^GDAXI,Yahoo Finance,13828.6396484375,0.0214820477284807,2.148204772848076,1.3729344847445104,-0.4298317944353801,4,-0.17419009561126586,2.0,1.4260173259195297,0.0114486083951929,True
2022-05-12,DAX,^GDAXI,Yahoo Finance,13739.6396484375,-0.0064567184796965,-0.6456718479696583,1.5072495801125931,-0.16659293877374795,3,-0.4298317944353801,4.0,1.3729344847445104,0.0214820477284807,True
2022-05-13,DAX,^GDAXI,Yahoo Finance,14027.9296875,0.0207652599784043,2.076525997840436,1.4076870338027914,0.02220695708612243,3,-0.16659293877374795,3.0,1.5072495801125931,-0.0064567184796965,True
2022-05-16,DAX,^GDAXI,Yahoo Finance,13964.3798828125,-0.0045405266548959,-0.4540526654895977,1.517582473159096,-0.251330046765018,7,0.02220695708612243,3.0,1.4076870338027914,0.0207652599784043,True
2022-05-17,DAX,^GDAXI,Yahoo Finance,14185.9404296875,0.0157415702249209,1.5741570224920984,1.4027430462899106,0.006073465932608028,3,-0.251330046765018,7.0,1.517582473159096,-0.0045405266548959,True
2022-05-18,DAX,^GDAXI,Yahoo Finance,14007.759765625,-0.0126399185003985,-1.263991850039854,1.4173185155803465,-0.02723657709270188,4,0.006073465932608028,3.0,1.4027430462899106,0.0157415702249209,True
2022-05-19,DAX,^GDAXI,Yahoo Finance,13882.2998046875,-0.0089968117045359,-0.8996811704535954,1.4057078465910304,-0.31046270505018253,3,-0.02723657709270188,4.0,1.4173185155803465,-0.0126399185003985,True
2022-05-20,DAX,^GDAXI,Yahoo Finance,13981.91015625,0.0071497290632298,0.7149729063229837,1.3461933857746018,-0.21080564427832585,5,-0.31046270505018253,3.0,1.4057078465910304,-0.0089968117045359,True
2022-05-23,DAX,^GDAXI,Yahoo Finance,14175.400390625,0.0137437330702467,1.3743733070246795,1.2601433481375142,-0.24584178966282255,9,-0.21080564427832585,5.0,1.3461933857746018,0.0071497290632298,True
2022-05-24,DAX,^GDAXI,Yahoo Finance,13919.75,-0.0181994004922224,-1.819940049222244,1.269365359554605,-0.45637245916154684,3,-0.24584178966282255,9.0,1.2601433481375142,0.0137437330702467,True
2022-05-25,DAX,^GDAXI,Yahoo Finance,14007.9296875,0.0063148805429036,0.6314880542903636,1.3950263532205156,-0.28219871871734564,5,-0.45637245916154684,3.0,1.269365359554605,-0.0181994004922224,True
2022-05-26,DAX,^GDAXI,Yahoo Finance,14231.2900390625,0.0158194887688653,1.5819488768865302,1.296332720907528,-0.051524065344387436,3,-0.28219871871734564,5.0,1.3950263532205156,0.0063148805429036,True
2022-05-27,DAX,^GDAXI,Yahoo Finance,14462.1904296875,0.0160946229694829,1.6094622969482972,1.3341199712790814,0.09231444424201206,2,-0.051524065344387436,3.0,1.296332720907528,0.0158194887688653,True
2022-05-30,DAX,^GDAXI,Yahoo Finance,14575.98046875,0.0078373133010504,0.7837313301050407,1.3688898877475737,-0.08579851684587386,4,0.09231444424201206,2.0,1.3341199712790814,0.0160946229694829,True
2022-05-31,DAX,^GDAXI,Yahoo Finance,14388.349609375,-0.0129561763412953,-1.2956176341295331,1.28557295579119,-0.0763182364818122,1,-0.08579851684587386,4.0,1.3688898877475737,0.0078373133010504,True
2022-06-01,DAX,^GDAXI,Yahoo Finance,14340.4697265625,-0.0033332331957797,-0.3333233195779761,1.304401242127471,-0.6382987190969288,4,-0.0763182364818122,1.0,1.28557295579119,-0.0129561763412953,True
2022-06-02,DAX,^GDAXI,Yahoo Finance,14485.169921875,0.0100397710177989,1.0039771017798909,1.209006428016954,-0.3303843581710349,1,-0.6382987190969288,4.0,1.304401242127471,-0.0033332331957797,True
2022-06-03,DAX,^GDAXI,Yahoo Finance,14460.08984375,-0.0017329320658704,-0.173293206587048,1.1732536158592637,-0.06399436470819636,4,-0.3303843581710349,1.0,1.209006428016954,0.0100397710177989,True
2022-06-06,DAX,^GDAXI,Yahoo Finance,14653.8095703125,0.0133079106159592,1.3307910615959295,1.0867576162033292,-0.3285613815744662,2,-0.06399436470819636,4.0,1.1732536158592637,-0.0017329320658704,True
2022-06-07,DAX,^GDAXI,Yahoo Finance,14556.6201171875,-0.0066544595754609,-0.6654459575460925,1.1241592250156192,-0.1208778410482792,4,-0.3285613815744662,2.0,1.0867576162033292,0.0133079106159592,True
2022-06-08,DAX,^GDAXI,Yahoo Finance,14445.990234375,-0.0076289973930372,-0.7628997393037259,1.0814906226675434,0.010171829759778947,3,-0.1208778410482792,4.0,1.1241592250156192,-0.0066544595754609,True
2022-06-09,DAX,^GDAXI,Yahoo Finance,14198.7998046875,-0.0172594433810205,-1.7259443381020498,1.0575913530737373,-0.053609024970700955,2,0.010171829759778947,3.0,1.0814906226675434,-0.0076289973930372,True
2022-06-10,DAX,^GDAXI,Yahoo Finance,13761.830078125,-0.031258616713241,-3.1258616713241,1.2208427519592224,-0.2677040086438486,2,-0.053609024970700955,2.0,1.0575913530737373,-0.0172594433810205,True
2022-06-13,DAX,^GDAXI,Yahoo Finance,13427.0302734375,-0.0246289637684415,-2.462896376844156,1.7109920731689634,-0.2029862172284145,7,-0.2677040086438486,2.0,1.2208427519592224,-0.031258616713241,True
2022-06-14,DAX,^GDAXI,Yahoo Finance,13304.3896484375,-0.0091758302284953,-0.9175830228495307,1.8641032648667,-0.17820939653951315,3,-0.2029862172284145,7.0,1.7109920731689634,-0.0246289637684415,True
2022-06-15,DAX,^GDAXI,Yahoo Finance,13485.2900390625,0.0135054351051763,1.3505435105176398,1.741344423578389,-0.13332155299162965,4,-0.17820939653951315,3.0,1.8641032648667,-0.0091758302284953,True
2022-06-16,DAX,^GDAXI,Yahoo Finance,13038.490234375,-0.0336936944104094,-3.3693694410409445,1.6647950421432316,-0.13090352442724484,4,-0.13332155299162965,4.0,1.741344423578389,0.0135054351051763,True
2022-06-17,DAX,^GDAXI,Yahoo Finance,13126.259765625,0.0067090157914879,0.6709015791487906,2.056115046202452,-0.02835750441496763,5,-0.13090352442724484,4.0,1.6647950421432316,-0.0336936944104094,True
2022-06-20,DAX,^GDAXI,Yahoo Finance,13265.599609375,0.0105594029188002,1.055940291880021,1.8804465847310787,-0.02676282897010163,3,-0.02835750441496763,5.0,2.056115046202452,0.0067090157914879,True
2022-06-21,DAX,^GDAXI,Yahoo Finance,13292.400390625,0.0020182837824895,0.2018283782489522,1.7529946003203607,,0,-0.02676282897010163,3.0,1.8804465847310787,0.0105594029188002,True
2022-06-22,DAX,^GDAXI,Yahoo Finance,13144.2802734375,-0.0112057689095613,-1.1205768909561344,1.595958650569748,-0.311216932287345,2,,0.0,1.7529946003203607,0.0020182837824895,False
2022-06-23,DAX,^GDAXI,Yahoo Finance,12912.58984375,-0.0177839114950892,-1.7783911495089264,1.5339392265206728,,0,-0.311216932287345,2.0,1.595958650569748,-0.0112057689095613,True
2022-06-24,DAX,^GDAXI,Yahoo Finance,13118.1298828125,0.0157924416252628,1.579244162526282,1.5879807389692795,-0.1606637862595644,1,,0.0,1.5339392265206728,-0.0177839114950892,False
2022-06-27,DAX,^GDAXI,Yahoo Finance,13186.0703125,0.0051657591005142,0.5165759100514253,1.56845983508337,-0.284455337212421,1,-0.1606637862595644,1.0,1.5879807389692795,0.0157924416252628,True
2022-06-28,DAX,^GDAXI,Yahoo Finance,13231.8203125,0.0034635653834173,0.3463565383417321,1.4417442629070547,-0.2776018501368954,1,-0.284455337212421,1.0,1.56845983508337,0.0051657591005142,True
2022-06-29,DAX,^GDAXI,Yahoo Finance,13003.349609375,-0.017417571888454,-1.741757188845406,1.3230378066366777,0.10472892138820421,2,-0.2776018501368954,1.0,1.4417442629070547,0.0034635653834173,True
2022-06-30,DAX,^GDAXI,Yahoo Finance,12783.76953125,-0.017030625576495,-1.703062557649504,1.418345253220082,-0.2029560850926985,5,0.10472892138820421,2.0,1.3230378066366777,-0.017417571888454,True
2022-07-01,DAX,^GDAXI,Yahoo Finance,12813.0302734375,0.0022862822818845,0.2286282281884564,1.4835041046652828,0.0139084514230489,1,-0.2029560850926985,5.0,1.418345253220082,-0.017030625576495,True
2022-07-04,DAX,^GDAXI,Yahoo Finance,12773.3798828125,-0.0030993345391231,-0.3099334539123156,1.3570606789277797,-0.4172944351099431,1,0.0139084514230489,1.0,1.4835041046652828,0.0022862822818845,True
2022-07-05,DAX,^GDAXI,Yahoo Finance,12401.2001953125,-0.0295700508264962,-2.957005082649629,1.2538655682642252,-0.0825527024201371,1,-0.4172944351099431,1.0,1.3570606789277797,-0.0030993345391231,True
2022-07-06,DAX,^GDAXI,Yahoo Finance,12594.51953125,0.0154685036268288,1.5468503626828851,1.6802104404235707,-0.1588129400659133,1,-0.0825527024201371,1.0,1.2538655682642252,-0.0295700508264962,True
2022-07-07,DAX,^GDAXI,Yahoo Finance,12843.2197265625,0.0195542628493148,1.9554262849314803,1.639744760287383,0.0062080803094431425,2,-0.1588129400659133,1.0,1.6802104404235707,0.0154685036268288,True
2022-07-08,DAX,^GDAXI,Yahoo Finance,13015.23046875,0.0133042218750523,1.3304221875052304,1.6734070617469574,-0.001679483819280699,3,0.0062080803094431425,2.0,1.639744760287383,0.0195542628493148,True
2022-07-11,DAX,^GDAXI,Yahoo Finance,12832.4404296875,-0.0141438729253231,-1.4143872925323118,1.6048103405070795,-0.2577740825712681,1,-0.001679483819280699,3.0,1.6734070617469574,0.0133042218750523,True
2022-07-12,DAX,^GDAXI,Yahoo Finance,12905.48046875,0.0056756903887706,0.5675690388770691,1.5824752285174966,-0.2937161537951657,1,-0.2577740825712681,1.0,1.6048103405070795,-0.0141438729253231,True
2022-07-13,DAX,^GDAXI,Yahoo Finance,12756.3203125,-0.0116252041216002,-1.1625204121600223,1.4566989834403992,-0.047343206417916006,3,-0.2937161537951657,1.0,1.5824752285174966,0.0056756903887706,True
2022-07-14,DAX,^GDAXI,Yahoo Finance,12519.66015625,-0.0187266383306897,-1.872663833068975,1.4230862459110831,-0.0270901803548137,1,-0.047343206417916006,3.0,1.4566989834403992,-0.0116252041216002,True
2022-07-15,DAX,^GDAXI,Yahoo Finance,12864.7197265625,0.027188438530702,2.7188438530702066,1.5212820676525804,,0,-0.0270901803548137,1.0,1.4230862459110831,-0.0187266383306897,True
2022-07-18,DAX,^GDAXI,Yahoo Finance,12959.8095703125,0.0073643374026903,0.7364337402690347,1.7473759872461023,-0.016335913596936202,3,,0.0,1.5212820676525804,0.027188438530702,False
2022-07-19,DAX,^GDAXI,Yahoo Finance,13308.41015625,0.026543180791123,2.6543180791123,1.611795210661308,,0,-0.016335913596936202,3.0,1.7473759872461023,0.0073643374026903,True
2022-07-20,DAX,^GDAXI,Yahoo Finance,13281.98046875,-0.0019879133463264,-0.1987913346326423,1.796872039715438,-0.13660629910388675,2,,0.0,1.611795210661308,0.026543180791123,False
2022-07-21,DAX,^GDAXI,Yahoo Finance,13246.6396484375,-0.002664355783513,-0.2664355783513005,1.6382420371570774,-0.20093863234958714,2,-0.13660629910388675,2.0,1.796872039715438,-0.0019879133463264,True
2022-07-22,DAX,^GDAXI,Yahoo Finance,13253.6796875,0.0005313173127366,0.0531317312736672,1.4997608111255745,-0.23072005988215089,2,-0.20093863234958714,2.0,1.6382420371570774,-0.002664355783513,True
2022-07-25,DAX,^GDAXI,Yahoo Finance,13210.3203125,-0.0032768601722135,-0.327686017221355,1.3702643308236773,-0.3905046092932699,2,-0.23072005988215089,2.0,1.4997608111255745,0.0005313173127366,True
2022-07-26,DAX,^GDAXI,Yahoo Finance,13096.9296875,-0.0086205382322624,-0.8620538232262434,1.266356866473019,-0.14121634706967048,5,-0.3905046092932699,2.0,1.3702643308236773,-0.0032768601722135,True
2022-07-27,DAX,^GDAXI,Yahoo Finance,13166.3798828125,0.0052887742125475,0.5288774212547557,1.224273794747392,-0.47706059503126075,4,-0.14121634706967048,5.0,1.266356866473019,-0.0086205382322624,True
2022-07-28,DAX,^GDAXI,Yahoo Finance,13282.1103515625,0.0087514414888187,0.8751441488818756,1.1408966034021506,0.06592482536270995,3,-0.47706059503126075,4.0,1.224273794747392,0.0052887742125475,True
2022-07-29,DAX,^GDAXI,Yahoo Finance,13484.0498046875,0.0150894475403607,1.5089447540360743,1.100536291221064,-0.1661603275531282,2,0.06592482536270995,3.0,1.1408966034021506,0.0087514414888187,True
2022-08-01,DAX,^GDAXI,Yahoo Finance,13479.6298828125,-0.0003278426361544,-0.032784263615449,1.1683986454927622,-0.059371867643218834,3,-0.1661603275531282,2.0,1.100536291221064,0.0150894475403607,True
2022-08-02,DAX,^GDAXI,Yahoo Finance,13449.2001953125,-0.0022600090953606,-0.2260009095360677,1.0785991133656745,-0.03120437584168805,2,-0.059371867643218834,3.0,1.1683986454927622,-0.0003278426361544,True
2022-08-03,DAX,^GDAXI,Yahoo Finance,13587.5595703125,0.0102349973901442,1.023499739014424,1.0065679937758394,-0.639543115956864,2,-0.03120437584168805,2.0,1.0785991133656745,-0.0022600090953606,True
2022-08-04,DAX,^GDAXI,Yahoo Finance,13662.6796875,0.0055133686543944,0.5513368654394415,1.009471858499169,-0.20052780284701535,2,-0.639543115956864,2.0,1.0065679937758394,0.0102349973901442,True
2022-08-05,DAX,^GDAXI,Yahoo Finance,13573.9296875,-0.0065169869631832,-0.6516986963183269,0.9572067091409504,,0,-0.20052780284701535,2.0,1.009471858499169,0.0055133686543944,True
2022-08-08,DAX,^GDAXI,Yahoo Finance,13687.6904296875,0.0083459018226118,0.8345901822611853,0.9406421237659008,0.1817511659381645,2,,0.0,0.9572067091409504,-0.0065169869631832,False
2022-08-09,DAX,^GDAXI,Yahoo Finance,13534.9697265625,-0.0112202337654659,-1.1220233765465912,0.929171607328674,-0.0642515233582041,2,0.1817511659381645,2.0,0.9406421237659008,0.0083459018226118,True
2022-08-10,DAX,^GDAXI,Yahoo Finance,13700.9296875,0.0121870045474199,1.2187004547419902,0.9947197902069356,,0,-0.0642515233582041,2.0,0.929171607328674,-0.0112202337654659,True
2022-08-11,DAX,^GDAXI,Yahoo Finance,13694.509765625,-0.0004686854542709,-0.04686854542709,1.0321530237102043,-0.02881571271801056,5,,0.0,0.9947197902069356,0.0121870045474199,False
2022-08-12,DAX,^GDAXI,Yahoo Finance,13795.849609375,0.0073727885052265,0.7372788505226541,0.9597087442255527,-0.11644449551767178,3,-0.02881571271801056,5.0,1.0321530237102043,-0.0004686854542709,True
2022-08-15,DAX,^GDAXI,Yahoo Finance,13816.6103515625,0.0015037230387191,0.150372303871914,0.933058909896798,-0.2598653398620496,4,-0.11644449551767178,3.0,0.9597087442255527,0.0073727885052265,True
2022-08-16,DAX,^GDAXI,Yahoo Finance,13910.1201171875,0.0067451241870924,0.6745124187092483,0.8725101816112786,-0.1901971997208428,2,-0.2598653398620496,4.0,0.933058909896798,0.0015037230387191,True
2022-08-17,DAX,^GDAXI,Yahoo Finance,13626.7099609375,-0.0205848068150842,-2.058480681508428,0.8535362194096738,,0,-0.1901971997208428,2.0,0.8725101816112786,0.0067451241870924,True
2022-08-18,DAX,^GDAXI,Yahoo Finance,13697.41015625,0.0051749408792347,0.5174940879234736,1.1776708324752625,-0.2888137817231787,1,,0.0,0.8535362194096738,-0.0205848068150842,False
2022-08-19,DAX,^GDAXI,Yahoo Finance,13544.51953125,-0.0112247724037853,-1.1224772403785384,1.099699524809206,-0.1252694276567452,1,-0.2888137817231787,1.0,1.1776708324752625,0.0051749408792347,True
2022-08-22,DAX,^GDAXI,Yahoo Finance,13230.5703125,-0.0234519181517105,-2.3451918151710585,1.126915527505948,-0.1772777273416005,1,-0.1252694276567452,1.0,1.099699524809206,-0.0112247724037853,True
2022-08-23,DAX,^GDAXI,Yahoo Finance,13194.23046875,-0.0027504363767785,-0.2750436376778533,1.4273609298341567,0.06046983065749063,3,-0.1772777273416005,1.0,1.126915527505948,-0.0234519181517105,True
2022-08-24,DAX,^GDAXI,Yahoo Finance,13220.0595703125,0.001955692146694,0.1955692146694086,1.313972896090851,0.000276403215069,1,0.06046983065749063,3.0,1.4273609298341567,-0.0027504363767785,True
2022-08-25,DAX,^GDAXI,Yahoo Finance,13271.9599609375,0.0039181955881296,0.3918195588129629,1.206654106332586,,0,0.000276403215069,1.0,1.313972896090851,0.001955692146694,True
2022-08-26,DAX,^GDAXI,Yahoo Finance,12971.4697265625,-0.0229012267770762,-2.290122677707628,1.1181347658328051,-0.04482848005912579,4,,0.0,1.206654106332586,0.0039181955881296,False
2022-08-29,DAX,^GDAXI,Yahoo Finance,12892.990234375,-0.0060685383073087,-0.6068538307308728,1.4066416237131127,-0.17164042899945547,7,-0.04482848005912579,4.0,1.1181347658328051,-0.0229012267770762,True
2022-08-30,DAX,^GDAXI,Yahoo Finance,12961.1396484375,0.0052718519020184,0.5271851902018426,1.3172608089628557,0.26144393242031944,3,-0.17164042899945547,7.0,1.4066416237131127,-0.0060685383073087,True
2022-08-31,DAX,^GDAXI,Yahoo Finance,12834.9599609375,-0.0097829280978038,-0.978292809780381,1.2218279710908049,-0.5036683002797266,3,0.26144393242031944,3.0,1.3172608089628557,0.0052718519020184,True
2022-09-01,DAX,^GDAXI,Yahoo Finance,12630.23046875,-0.0160795108768367,-1.607951087683679,1.2028267890197126,,0,-0.5036683002797266,3.0,1.2218279710908049,-0.0097829280978038,True
2022-09-02,DAX,^GDAXI,Yahoo Finance,13050.26953125,0.0327156033714633,3.271560337146333,1.2998674472350265,,0,,0.0,1.2028267890197126,-0.0160795108768367,False
2022-09-05,DAX,^GDAXI,Yahoo Finance,12760.7802734375,-0.0224323612880707,-2.243236128807078,1.7514889709014645,-0.3695983795940669,6,,0.0,1.2998674472350265,0.0327156033714633,False
2022-09-06,DAX,^GDAXI,Yahoo Finance,12871.4404296875,0.0086345108409535,0.863451084095359,1.848094015131705,0.2249514636406231,1,-0.3695983795940669,6.0,1.7514889709014645,-0.0224323612880707,True
2022-09-07,DAX,^GDAXI,Yahoo Finance,12915.9697265625,0.0034535721783759,0.3453572178375991,1.709006480851002,-0.2912640021432913,2,0.2249514636406231,1.0,1.848094015131705,0.0086345108409535,True
2022-09-08,DAX,^GDAXI,Yahoo Finance,12904.3203125,-0.0009023457780928,-0.0902345778092802,1.5596636337833978,-0.6249889369122684,1,-0.2912640021432913,2.0,1.709006480851002,0.0034535721783759,True
2022-09-09,DAX,^GDAXI,Yahoo Finance,13088.2099609375,0.0141496587351702,1.414965873517028,1.4250648553904666,-0.1110727451741695,1,-0.6249889369122684,1.0,1.5596636337833978,-0.0009023457780928,True
2022-09-12,DAX,^GDAXI,Yahoo Finance,13402.26953125,0.0237122386400706,2.3712238640070677,1.409707849775628,0.16352461092174056,2,-0.1110727451741695,1.0,1.4250648553904666,0.0141496587351702,True
2022-09-13,DAX,^GDAXI,Yahoo Finance,13188.9501953125,-0.0160446880120822,-1.604468801208225,1.5848223121513385,0.0270293445818469,2,0.16352461092174056,2.0,1.409707849775628,0.0237122386400706,True
2022-09-14,DAX,^GDAXI,Yahoo Finance,13028.0,-0.0122784851933866,-1.2278485193386637,1.5970143847237763,-0.1588246431783773,2,0.0270293445818469,2.0,1.5848223121513385,-0.0160446880120822,True
2022-09-15,DAX,^GDAXI,Yahoo Finance,12956.66015625,-0.0054909336942938,-0.5490933694293878,1.548970693294549,-0.12772876485234194,2,-0.1588246431783773,2.0,1.5970143847237763,-0.0122784851933866,True
2022-09-16,DAX,^GDAXI,Yahoo Finance,12741.259765625,-0.0167644257621286,-1.6764425762128696,1.4365355798636137,-0.08802393033208016,4,-0.12772876485234194,2.0,1.548970693294549,-0.0054909336942938,True
2022-09-19,DAX,^GDAXI,Yahoo Finance,12803.240234375,0.0048527542431921,0.4852754243192194,1.4925136471677474,-0.10153691248821739,4,-0.08802393033208016,4.0,1.4365355798636137,-0.0167644257621286,True
2022-09-20,DAX,^GDAXI,Yahoo Finance,12670.830078125,-0.0103957747710395,-1.0395774771039563,1.3733401352600054,-0.00751344114542,1,-0.10153691248821739,4.0,1.4925136471677474,0.0048527542431921,True
2022-09-21,DAX,^GDAXI,Yahoo Finance,12767.150390625,0.0075729889760717,0.7572988976071784,1.3367801896871336,-0.1756829337421406,5,-0.00751344114542,1.0,1.3733401352600054,-0.0103957747710395,True
2022-09-22,DAX,^GDAXI,Yahoo Finance,12531.6298828125,-0.0186196575205265,-1.8619657520526576,1.2555629330368443,-0.32691574374429155,5,-0.1756829337421406,5.0,1.3367801896871336,0.0075729889760717,True
2022-09-23,DAX,^GDAXI,Yahoo Finance,12284.1904296875,-0.0199427341728969,-1.994273417289695,1.3942775248157335,-0.2034952812810604,6,-0.32691574374429155,5.0,1.2555629330368443,-0.0186196575205265,True
2022-09-26,DAX,^GDAXI,Yahoo Finance,12227.919921875,-0.0045912494560383,-0.4591249456038354,1.5257252188937758,-0.2788951140969029,6,-0.2034952812810604,6.0,1.3942775248157335,-0.0199427341728969,True
2022-09-27,DAX,^GDAXI,Yahoo Finance,12139.6796875,-0.0072424548577408,-0.7242454857740845,1.4101947839915814,-0.11412913453757048,4,-0.2788951140969029,6.0,1.5257252188937758,-0.0045912494560383,True
2022-09-28,DAX,^GDAXI,Yahoo Finance,12183.2802734375,0.0035851419981988,0.3585141998198866,1.3310524909541896,-0.1116752853817565,2,-0.11412913453757048,4.0,1.4101947839915814,-0.0072424548577408,True
2022-09-29,DAX,^GDAXI,Yahoo Finance,11975.5498046875,-0.0171974874449941,-1.7197487444994188,1.2259007519826062,-0.09047958839834591,3,-0.1116752853817565,2.0,1.3310524909541896,0.0035851419981988,True
2022-09-30,DAX,^GDAXI,Yahoo Finance,12114.3603515625,0.0115244998677347,1.1524499867734734,1.3409719983839394,,0,-0.09047958839834591,3.0,1.2259007519826062,-0.0171974874449941,True
2022-10-03,DAX,^GDAXI,Yahoo Finance,12209.48046875,0.0078211827459007,0.7821182745900755,1.302658944004493,-0.4245247279638092,4,,0.0,1.3409719983839394,0.0115244998677347,False
2022-10-04,DAX,^GDAXI,Yahoo Finance,12670.48046875,0.0370621778126186,3.706217781261862,1.22840787393615,,0,-0.4245247279638092,4.0,1.302658944004493,0.0078211827459007,True
2022-10-05,DAX,^GDAXI,Yahoo Finance,12517.1796875,-0.0121728396586457,-1.2172839658645744,1.843910958260341,-0.2498275022953748,1,,0.0,1.22840787393615,0.0370621778126186,False
2022-10-06,DAX,^GDAXI,Yahoo Finance,12470.7802734375,-0.0037137459370882,-0.3713745937088292,1.7558796639018504,-0.1787966356720202,1,-0.2498275022953748,1.0,1.843910958260341,-0.0121728396586457,True
2022-10-07,DAX,^GDAXI,Yahoo Finance,12273.0,-0.0159866021669399,-1.5986602166939972,1.6082273473075095,-0.4494382208862685,4,-0.1787966356720202,1.0,1.7558796639018504,-0.0037137459370882,True
2022-10-10,DAX,^GDAXI,Yahoo Finance,12272.9404296875,-4.8537812328272925e-06,-0.0004853781232827,1.614879576323354,-0.21184135145147764,6,-0.4494382208862685,4.0,1.6082273473075095,-0.0159866021669399,True
2022-10-11,DAX,^GDAXI,Yahoo Finance,12220.25,-0.0043024620348174,-0.4302462034817436,1.4727829648227295,-0.2229175156250777,4,-0.21184135145147764,6.0,1.614879576323354,-4.8537812328272925e-06,True
2022-10-12,DAX,^GDAXI,Yahoo Finance,12172.259765625,-0.0039348387480683,-0.393483874806835,1.3620249816870726,-0.26128971577048876,2,-0.2229175156250777,4.0,1.4727829648227295,-0.0043024620348174,True
2022-10-13,DAX,^GDAXI,Yahoo Finance,12355.580078125,0.0149482161673731,1.4948216167373132,1.2628778561433665,-0.2454046724985043,1,-0.26128971577048876,2.0,1.3620249816870726,-0.0039348387480683,True
2022-10-14,DAX,^GDAXI,Yahoo Finance,12437.8095703125,0.0066332030317095,0.6633203031709579,1.292096770462144,-0.177187927504484,3,-0.2454046724985043,1.0,1.2628778561433665,0.0149482161673731,True
2022-10-17,DAX,^GDAXI,Yahoo Finance,12649.0302734375,0.0168395617585175,1.6839561758517505,1.2092198591379624,-0.12661095706021136,7,-0.177187927504484,3.0,1.292096770462144,0.0066332030317095,True
2022-10-18,DAX,^GDAXI,Yahoo Finance,12765.6103515625,0.0091743099999998,0.9174309999999846,1.2861447730692108,,0,-0.12661095706021136,7.0,1.2092198591379624,0.0168395617585175,True
2022-10-19,DAX,^GDAXI,Yahoo Finance,12741.41015625,-0.0018975326864552,-0.1897532686455251,1.2279638493062162,-0.5315480428239838,1,,0.0,1.2861447730692108,0.0091743099999998,False
2022-10-20,DAX,^GDAXI,Yahoo Finance,12767.41015625,0.002038511282382,0.2038511282382018,1.1352887084165186,-0.0502232973729925,1,-0.5315480428239838,1.0,1.2279638493062162,-0.0018975326864552,True
2022-10-21,DAX,^GDAXI,Yahoo Finance,12730.900390625,-0.0028637027154118,-0.2863702715411821,1.0496522660273662,-0.06382070295293026,2,-0.0502232973729925,1.0,1.1352887084165186,0.002038511282382,True
2022-10-24,DAX,^GDAXI,Yahoo Finance,12931.4501953125,0.0156302040153191,1.5630204015319171,0.984830672366068,-0.4030954113083922,3,-0.06382070295293026,2.0,1.0496522660273662,-0.0028637027154118,True
2022-10-25,DAX,^GDAXI,Yahoo Finance,13052.9599609375,0.0093525810750211,0.9352581075021176,1.0931970701264353,,0,-0.4030954113083922,3.0,0.984830672366068,0.0156302040153191,True
2022-10-26,DAX,^GDAXI,Yahoo Finance,13195.8095703125,0.0108843974180343,1.088439741803436,1.0680947733478274,0.043539879587478895,2,,0.0,1.0931970701264353,0.0093525810750211,False
2022-10-27,DAX,^GDAXI,Yahoo Finance,13211.23046875,0.0011679385624161,0.1167938562416154,1.069053427720099,0.054513176211425964,3,0.043539879587478895,2.0,1.0680947733478274,0.0108843974180343,True
2022-10-28,DAX,^GDAXI,Yahoo Finance,13243.330078125,0.0024267743984353,0.2426774398435352,0.9906107815712036,-0.5938259602213899,1,0.054513176211425964,3.0,1.069053427720099,0.0011679385624161,True
2022-10-31,DAX,^GDAXI,Yahoo Finance,13253.740234375,0.0007857590792373,0.0785759079237375,0.9243116600727216,-0.2952263811603188,1,-0.5938259602213899,1.0,0.9906107815712036,0.0024267743984353,True
2022-11-01,DAX,^GDAXI,Yahoo Finance,13338.740234375,0.0063928063860887,0.6392806386088777,0.8645130452505686,,0,-0.2952263811603188,1.0,0.9243116600727216,0.0007857590792373,True
2022-11-02,DAX,^GDAXI,Yahoo Finance,13256.740234375,-0.0061664808001497,-0.6166480800149784,0.8430499744814918,,0,,0.0,0.8645130452505686,0.0063928063860887,False
2022-11-03,DAX,^GDAXI,Yahoo Finance,13130.1904296875,-0.0095919284107735,-0.9591928410773544,0.8427242221137555,-0.2125110142144628,2,,0.0,0.8430499744814918,-0.0061664808001497,False
2022-11-04,DAX,^GDAXI,Yahoo Finance,13459.849609375,0.024796959389233,2.479695938923305,0.8978921819597344,0.008575298502627348,2,-0.2125110142144628,2.0,0.8427242221137555,-0.0095919284107735,True
2022-11-07,DAX,^GDAXI,Yahoo Finance,13533.51953125,0.0054583853094492,0.5458385309449212,1.279445030253217,-0.1139497690152485,3,0.008575298502627348,2.0,0.8978921819597344,0.024796959389233,True
2022-11-08,DAX,^GDAXI,Yahoo Finance,13688.75,0.0114047912961526,1.1404791296152677,1.1899768030829536,-0.0965008812846016,1,-0.1139497690152485,3.0,1.279445030253217,0.0054583853094492,True
2022-11-09,DAX,^GDAXI,Yahoo Finance,13666.3203125,-0.0016398928805775,-0.1639892880577553,1.1760940943421352,-0.0739920997293459,3,-0.0965008812846016,1.0,1.1899768030829536,0.0114047912961526,True
2022-11-10,DAX,^GDAXI,Yahoo Finance,14146.08984375,0.0345038150433863,3.4503815043386363,1.0888944809934116,,0,-0.0739920997293459,3.0,1.1760940943421352,-0.0016398928805775,True
2022-11-11,DAX,^GDAXI,Yahoo Finance,14224.8603515625,0.0055529130802089,0.5552913080208909,1.6878854286391505,-0.32110587428517956,2,,0.0,1.0888944809934116,0.0345038150433863,False
2022-11-14,DAX,^GDAXI,Yahoo Finance,14313.2998046875,0.0061979984525114,0.6197998452511426,1.5489850406579182,,0,-0.32110587428517956,2.0,1.6878854286391505,0.0055529130802089,True
2022-11-15,DAX,^GDAXI,Yahoo Finance,14378.509765625,0.0045455531871306,0.4545553187130629,1.4302560834639104,-0.5170064245661099,1,,0.0,1.5489850406579182,0.0061979984525114,False
2022-11-16,DAX,^GDAXI,Yahoo Finance,14234.0302734375,-0.0100991187758889,-1.0099118775888958,1.3171190090477312,-0.17393951738874122,2,-0.5170064245661099,1.0,1.4302560834639104,0.0045455531871306,True
2022-11-17,DAX,^GDAXI,Yahoo Finance,14266.3798828125,0.0022701163309763,0.2270116330976313,1.286005988985051,-0.5581098413306542,1,-0.17393951738874122,2.0,1.3171190090477312,-0.0100991187758889,True
2022-11-18,DAX,^GDAXI,Yahoo Finance,14431.8603515625,0.0115325749226139,1.1532574922613938,1.182543462650138,,0,-0.5581098413306542,1.0,1.286005988985051,0.0022701163309763,True
2022-11-21,DAX,^GDAXI,Yahoo Finance,14379.9296875,-0.0036048242908625,-0.3604824290862554,1.171881009823415,-0.3505631578348887,2,,0.0,1.182543462650138,0.0115325749226139,False
2022-11-22,DAX,^GDAXI,Yahoo Finance,14422.349609375,0.0029455969167769,0.294559691677695,1.0952700279125291,-0.2084647560198056,1,-0.3505631578348887,2.0,1.171881009823415,-0.0036048242908625,True
2022-11-23,DAX,^GDAXI,Yahoo Finance,14427.58984375,0.0003632752464624,0.0363275246462445,1.0170178503221692,-0.8240314722061157,1,-0.2084647560198056,1.0,1.0952700279125291,0.0029455969167769,True
2022-11-24,DAX,^GDAXI,Yahoo Finance,14539.5595703125,0.0077308459059219,0.7730845905921981,0.94527130018762,-0.0870342141899623,2,-0.8240314722061157,1.0,1.0170178503221692,0.0003632752464624,True
2022-11-25,DAX,^GDAXI,Yahoo Finance,14541.3798828125,0.0001251893877302,0.0125189387730227,0.92525600424569,-0.009959087613452633,3,-0.0870342141899623,2.0,0.94527130018762,0.0077308459059219,True
2022-11-28,DAX,^GDAXI,Yahoo Finance,14383.3603515625,-0.0109263628346239,-1.0926362834623982,0.8657941249109725,-0.0149482434083308,1,-0.009959087613452633,3.0,0.92525600424569,0.0001251893877302,True
2022-11-29,DAX,^GDAXI,Yahoo Finance,14355.4501953125,-0.0019423326500653,-0.1942332650065319,0.9412721988969004,-0.599914163351059,1,-0.0149482434083308,1.0,0.8657941249109725,-0.0109263628346239,True
2022-11-30,DAX,^GDAXI,Yahoo Finance,14397.0400390625,0.0028929579606595,0.2892957960659568,0.8862541923825065,-0.1715677729652573,1,-0.599914163351059,1.0,0.9412721988969004,-0.0019423326500653,True
2022-12-01,DAX,^GDAXI,Yahoo Finance,14490.2998046875,0.0064568139629783,0.6456813962978359,0.8357218299125798,0.0047997196520848,2,-0.1715677729652573,1.0,0.8862541923825065,0.0028929579606595,True
2022-12-02,DAX,^GDAXI,Yahoo Finance,14529.3896484375,0.0026940238251144,0.2694023825114404,0.819898043597405,-0.1260758762394911,1,0.0047997196520848,2.0,0.8357218299125798,0.0064568139629783,True
2022-12-05,DAX,^GDAXI,Yahoo Finance,14447.6103515625,-0.0056444431098549,-0.5644443109854936,0.7781058222388776,-0.2812862263992428,1,-0.1260758762394911,1.0,0.819898043597405,0.0026940238251144,True
2022-12-06,DAX,^GDAXI,Yahoo Finance,14343.1904296875,-0.0072537322264857,-0.7253732226485714,0.7832735562094154,,0,-0.2812862263992428,1.0,0.7781058222388776,-0.0056444431098549,True
2022-12-07,DAX,^GDAXI,Yahoo Finance,14261.1904296875,-0.0057334032173422,-0.5733403217342297,0.81113210076362,-0.18312670203029288,2,,0.0,0.7832735562094154,-0.0072537322264857,False
2022-12-08,DAX,^GDAXI,Yahoo Finance,14264.5595703125,0.0002362174975709,0.0236217497570945,0.811119438904587,-0.0679690217366442,1,-0.18312670203029288,2.0,0.81113210076362,-0.0057334032173422,True
2022-12-09,DAX,^GDAXI,Yahoo Finance,14370.7197265625,0.007414674850307,0.7414674850307063,0.7673381350346858,0.1341947870329022,1,-0.0679690217366442,1.0,0.811119438904587,0.0002362174975709,True
2022-12-12,DAX,^GDAXI,Yahoo Finance,14306.6298828125,-0.0044697262002438,-0.4469726200243822,0.776099162415892,-0.2932281353595582,1,0.1341947870329022,1.0,0.7673381350346858,0.007414674850307,True
2022-12-13,DAX,^GDAXI,Yahoo Finance,14497.8896484375,0.0132800393550336,1.328003935503363,0.7672200312024192,-0.1687534099384661,1,-0.2932281353595582,1.0,0.776099162415892,-0.0044697262002438,True
2022-12-14,DAX,^GDAXI,Yahoo Finance,14460.2001953125,-0.0026030359467559,-0.260303594675592,0.8846844896919019,-0.0043200579253517,2,-0.1687534099384661,1.0,0.7672200312024192,0.0132800393550336,True
2022-12-15,DAX,^GDAXI,Yahoo Finance,13986.23046875,-0.0333267537225047,-3.332675372250476,0.8416451982284106,,0,-0.0043200579253517,2.0,0.8846844896919019,-0.0026030359467559,True
2022-12-16,DAX,^GDAXI,Yahoo Finance,13893.0703125,-0.0066831305221479,-0.6683130522147943,1.5859971570150302,,0,,0.0,0.8416451982284106,-0.0333267537225047,False
2022-12-19,DAX,^GDAXI,Yahoo Finance,13942.8701171875,0.003578097743428,0.3578097743428062,1.4779516719095094,-0.6541438986314461,2,,0.0,1.5859971570150302,-0.0066831305221479,False
2022-12-20,DAX,^GDAXI,Yahoo Finance,13884.66015625,-0.0041836300432277,-0.4183630043227707,1.355385448763464,-0.14718344538880349,5,-0.6541438986314461,2.0,1.4779516719095094,0.003578097743428,True
2022-12-21,DAX,^GDAXI,Yahoo Finance,14097.8203125,0.0152355528121833,1.52355528121833,1.2586410471260132,0.1860327862086706,1,-0.14718344538880349,5.0,1.355385448763464,-0.0041836300432277,True
2022-12-22,DAX,^GDAXI,Yahoo Finance,13914.0703125,-0.0131196168160447,-1.3119616816044728,1.293873565215554,,0,0.1860327862086706,1.0,1.2586410471260132,0.0152355528121833,True
2022-12-23,DAX,^GDAXI,Yahoo Finance,13940.9296875,0.001928514329531,0.1928514329531038,1.3138256609725354,-0.3249551742027203,1,,0.0,1.293873565215554,-0.0131196168160447,False
2022-12-27,DAX,^GDAXI,Yahoo Finance,13995.099609375,0.003878145257677,0.3878145257677015,1.206483743514751,0.06865577360574443,3,-0.3249551742027203,1.0,1.3138256609725354,0.001928514329531,True
2022-12-28,DAX,^GDAXI,Yahoo Finance,13925.599609375,-0.004978395633902,-0.4978395633902036,1.1178081547725705,-0.5403425307013094,2,0.06865577360574443,3.0,1.206483743514751,0.003878145257677,True
2022-12-29,DAX,^GDAXI,Yahoo Finance,14071.7197265625,0.0104382453309551,1.0438245330955114,1.0592744207419194,-0.1108297497942176,6,-0.5403425307013094,2.0,1.1178081547725705,-0.004978395633902,True
2022-12-30,DAX,^GDAXI,Yahoo Finance,13923.58984375,-0.0105825774043802,-1.058257740438027,1.055221302178267,,0,-0.1108297497942176,6.0,1.0592744207419194,0.0104382453309551,True
2023-01-02,DAX,^GDAXI,Yahoo Finance,14069.259765625,0.0104077461804388,1.0407746180438886,1.0807043405270351,-0.2959213660383183,5,,0.0,1.055221302178267,-0.0105825774043802,False
2023-01-03,DAX,^GDAXI,Yahoo Finance,14181.669921875,0.0079580212572381,0.7958021257238117,1.072240214500151,0.2116428878815734,1,-0.2959213660383183,5.0,1.0807043405270351,0.0104077461804388,True
2023-01-04,DAX,^GDAXI,Yahoo Finance,14490.7802734375,0.0215623238115387,2.156232381153874,1.0338177011739984,-0.0401614912992005,2,0.2116428878815734,1.0,1.072240214500151,0.0079580212572381,True
2023-01-05,DAX,^GDAXI,Yahoo Finance,14436.3095703125,-0.0037660731031315,-0.3766073103131592,1.2712016825213597,-0.11650405625502265,2,-0.0401614912992005,2.0,1.0338177011739984,0.0215623238115387,True
2023-01-06,DAX,^GDAXI,Yahoo Finance,14610.01953125,0.0119610317247542,1.1961031724754223,1.1826040648785383,-0.3195598700549453,2,-0.11650405625502265,2.0,1.2712016825213597,-0.0037660731031315,True
2023-01-09,DAX,^GDAXI,Yahoo Finance,14792.830078125,0.0124350466005668,1.24350466005668,1.1783649964556104,-0.11185506210428874,3,-0.3195598700549453,2.0,1.1826040648785383,0.0119610317247542,True
2023-01-10,DAX,^GDAXI,Yahoo Finance,14774.599609375,-0.0012331454747913,-0.1233145474791372,1.1823105866819004,0.1249183421605266,1,-0.11185506210428874,3.0,1.1783649964556104,0.0124350466005668,True
2023-01-11,DAX,^GDAXI,Yahoo Finance,14947.91015625,0.0116620374570261,1.1662037457026158,1.092971564315926,,0,0.1249183421605266,1.0,1.1823105866819004,-0.0012331454747913,True
2023-01-12,DAX,^GDAXI,Yahoo Finance,15058.2998046875,0.0073578200378655,0.7357820037865541,1.101220202484474,-0.0196424699194418,1,,0.0,1.092971564315926,0.0116620374570261,False
2023-01-13,DAX,^GDAXI,Yahoo Finance,15086.51953125,0.0018722775871715,0.1872277587171562,1.0519307316691082,0.0967911008745432,1,-0.0196424699194418,1.0,1.101220202484474,0.0073578200378655,True
2023-01-16,DAX,^GDAXI,Yahoo Finance,15134.0400390625,0.0031449150945529,0.3144915094552991,0.97645147497258,0.01239282023161645,2,0.0967911008745432,1.0,1.0519307316691082,0.0018722775871715,True
2023-01-17,DAX,^GDAXI,Yahoo Finance,15187.0703125,0.0034979146141551,0.3497914614155125,0.9145093530354158,-0.0066626914937434,1,0.01239282023161645,2.0,0.97645147497258,0.0031449150945529,True
2023-01-18,DAX,^GDAXI,Yahoo Finance,15181.7998046875,-0.0003470993714996,-0.0347099371499678,0.8627151528806599,,0,-0.0066626914937434,1.0,0.9145093530354158,0.0034979146141551,True
2023-01-19,DAX,^GDAXI,Yahoo Finance,14920.3603515625,-0.017370582414515,-1.7370582414515032,0.8126782157516486,0.3440751214669544,1,,0.0,0.8627151528806599,-0.0003470993714996,False
2023-01-20,DAX,^GDAXI,Yahoo Finance,15033.5595703125,0.0075582600168408,0.755826001684081,1.061078124346932,-0.0107642111834138,1,0.3440751214669544,1.0,0.8126782157516486,-0.017370582414515,True
2023-01-23,DAX,^GDAXI,Yahoo Finance,15102.9501953125,0.0046050951599655,0.4605095159965551,1.0200653376965167,-0.27582006256461633,6,-0.0107642111834138,1.0,1.061078124346932,0.0075582600168408,True
2023-01-24,DAX,^GDAXI,Yahoo Finance,15093.1103515625,-0.000651730319789,-0.0651730319789013,0.9598148394267324,,0,-0.27582006256461633,6.0,1.0200653376965167,0.0046050951599655,True
2023-01-25,DAX,^GDAXI,Yahoo Finance,15081.6396484375,-0.0007602849188502,-0.0760284918850211,0.8972879307496665,,0,,0.0,0.9598148394267324,-0.000651730319789,False
2023-01-26,DAX,^GDAXI,Yahoo Finance,15132.849609375,0.0033897650584943,0.338976505849431,0.8435588799791042,0.2345510194078088,1,,0.0,0.8972879307496665,-0.0007602849188502,False
2023-01-27,DAX,^GDAXI,Yahoo Finance,15150.0302734375,0.0011346784699686,0.1134678469968637,0.8014419869849151,,0,0.2345510194078088,1.0,0.8435588799791042,0.0033897650584943,True
2023-01-30,DAX,^GDAXI,Yahoo Finance,15126.080078125,-0.0015821187087907,-0.1582118708790759,0.7587771966090304,-0.2515634649761897,2,,0.0,0.8014419869849151,0.0011346784699686,False
2023-01-31,DAX,^GDAXI,Yahoo Finance,15128.26953125,0.0001447364201902,0.0144736420190294,0.7287506962830149,,0,-0.2515634649761897,2.0,0.7587771966090304,-0.0015821187087907,True
2023-02-01,DAX,^GDAXI,Yahoo Finance,15180.740234375,0.0034623866599074,0.3462386659907409,0.6973093755979989,0.0115532615800967,1,,0.0,0.7287506962830149,0.0001447364201902,False
2023-02-02,DAX,^GDAXI,Yahoo Finance,15509.1904296875,0.021405244587293,2.1405244587293084,0.6784916228578658,-0.06432946385260714,3,0.0115532615800967,1.0,0.6973093755979989,0.0034623866599074,True
2023-02-03,DAX,^GDAXI,Yahoo Finance,15476.4296875,-0.0021145779410517,-0.2114577941051755,1.054773561766142,-0.2705546126124405,1,-0.06432946385260714,3.0,0.6784916228578658,0.021405244587293,True
2023-02-06,DAX,^GDAXI,Yahoo Finance,15345.91015625,-0.0084692020179361,-0.8469202017936116,0.9851807337757456,0.10502877510677262,4,-0.2705546126124405,1.0,1.054773561766142,-0.0021145779410517,True
2023-02-07,DAX,^GDAXI,Yahoo Finance,15320.8798828125,-0.0016324029325455,-0.1632402932545597,0.9906418331166308,0.1563564913714645,1,0.10502877510677262,4.0,0.9851807337757456,-0.0084692020179361,True
2023-02-08,DAX,^GDAXI,Yahoo Finance,15412.0498046875,0.0059330620440656,0.5933062044065663,0.9274119568653012,0.0747879296541214,1,0.1563564913714645,1.0,0.9906418331166308,-0.0016324029325455,True
2023-02-09,DAX,^GDAXI,Yahoo Finance,15523.419921875,0.0072001879600026,0.7200187960002645,0.891133345012334,,0,0.0747879296541214,1.0,0.9274119568653012,0.0059330620440656,True
2023-02-10,DAX,^GDAXI,Yahoo Finance,15307.98046875,-0.0139755545937325,-1.3975554593732504,0.8741683464925262,-0.042199707071902966,3,,0.0,0.891133345012334,0.0072001879600026,False
2023-02-13,DAX,^GDAXI,Yahoo Finance,15397.33984375,0.0058204654024422,0.58204654024423,1.0142716074119822,,0,-0.042199707071902966,3.0,0.8741683464925262,-0.0139755545937325,True
2023-02-14,DAX,^GDAXI,Yahoo Finance,15380.5595703125,-0.0010904106790648,-0.1090410679064897,0.9638029716170764,0.1674468029769531,2,,0.0,1.0142716074119822,0.0058204654024422,False
2023-02-15,DAX,^GDAXI,Yahoo Finance,15506.33984375,0.0081446160749908,0.8144616074990894,0.9020835753615366,,0,0.1674468029769531,2.0,0.9638029716170764,-0.0010904106790648,True
2023-02-16,DAX,^GDAXI,Yahoo Finance,15533.6396484375,0.0017590096496958,0.1759009649695851,0.8949697975584427,,0,,0.0,0.9020835753615366,0.0081446160749908,False
2023-02-17,DAX,^GDAXI,Yahoo Finance,15482.0,-0.0033299133430264,-0.332991334302645,0.8399558859282641,,0,,0.0,0.8949697975584427,0.0017590096496958,False
2023-02-20,DAX,^GDAXI,Yahoo Finance,15477.5498046875,-0.0002874844996922,-0.0287484499692288,0.8091946228694514,-0.01213246702294175,2,,0.0,0.8399558859282641,-0.0033299133430264,False
2023-02-21,DAX,^GDAXI,Yahoo Finance,15397.6201171875,-0.0051776146504165,-0.5177614650416545,0.7666363812529985,0.0321142918740709,1,-0.01213246702294175,2.0,0.8091946228694514,-0.0002874844996922,True
2023-02-22,DAX,^GDAXI,Yahoo Finance,15399.8896484375,0.0001473840756203,0.0147384075620377,0.7679466635308022,,0,0.0321142918740709,1.0,0.7666363812529985,-0.0051776146504165,True
2023-02-23,DAX,^GDAXI,Yahoo Finance,15475.6904296875,0.0049100896791641,0.4910089679164108,0.7305897747191292,0.035616410851833334,3,,0.0,0.7679466635308022,0.0001473840756203,False
2023-02-24,DAX,^GDAXI,Yahoo Finance,15209.740234375,-0.0173344058696606,-1.7334405869660656,0.7173262373049337,0.2719661329562465,2,0.035616410851833334,3.0,0.7305897747191292,0.0049100896791641,True
2023-02-27,DAX,^GDAXI,Yahoo Finance,15381.4296875,0.0112248898144461,1.1224889814446148,1.0027802365421188,-0.3078556976901988,5,0.2719661329562465,2.0,0.7173262373049337,-0.0173344058696606,True
2023-02-28,DAX,^GDAXI,Yahoo Finance,15365.1396484375,-0.0010596330542604,-0.1059633054260411,1.022033303302572,0.2662163324033221,1,-0.3078556976901988,5.0,1.0027802365421188,0.0112248898144461,True
2023-03-01,DAX,^GDAXI,Yahoo Finance,15305.01953125,-0.0039204357459107,-0.3920435745910764,0.9524952961391968,0.08552719912294181,2,0.2662163324033221,1.0,1.022033303302572,-0.0010596330542604,True
2023-03-02,DAX,^GDAXI,Yahoo Finance,15327.6396484375,0.0014768630543143,0.1476863054314378,0.9092460246859432,-0.0769146652140514,3,0.08552719912294181,2.0,0.9524952961391968,-0.0039204357459107,True
2023-03-03,DAX,^GDAXI,Yahoo Finance,15578.3896484375,0.0162269633371345,1.6226963337134577,0.8518656425557641,,0,-0.0769146652140514,3.0,0.9092460246859432,0.0014768630543143,True
2023-03-06,DAX,^GDAXI,Yahoo Finance,15653.580078125,0.0048149748871777,0.4814974887177785,1.0130946597963228,0.1925216279178858,1,,0.0,0.8518656425557641,0.0162269633371345,False
2023-03-07,DAX,^GDAXI,Yahoo Finance,15559.5302734375,-0.0060263195982847,-0.6026319598284786,0.955193841509724,,0,0.1925216279178858,1.0,1.0130946597963228,0.0048149748871777,True
2023-03-08,DAX,^GDAXI,Yahoo Finance,15631.8701171875,0.0046384562760879,0.4638456276087954,0.93296342221713,0.1359836865216493,1,,0.0,0.955193841509724,-0.0060263195982847,False
2023-03-09,DAX,^GDAXI,Yahoo Finance,15633.2099609375,8.57086402768453e-05,0.0085708640276845,0.8853457848011029,-0.056853485526517,1,0.1359836865216493,1.0,0.93296342221713,0.0046384562760879,True
2023-03-10,DAX,^GDAXI,Yahoo Finance,15427.9697265625,-0.0132154170243827,-1.3215417024382794,0.8313540494971423,,0,-0.056853485526517,1.0,0.8853457848011029,8.57086402768453e-05,True
2023-03-13,DAX,^GDAXI,Yahoo Finance,14959.4697265625,-0.0308375522714257,-3.0837552271425768,0.9665049172013128,0.05845547116676838,6,,0.0,0.8313540494971423,-0.0132154170243827,False
2023-03-14,DAX,^GDAXI,Yahoo Finance,15232.830078125,0.0181084464066879,1.810844640668792,1.5599313382441715,0.097418331674167,1,0.05845547116676838,6.0,0.9665049172013128,-0.0308375522714257,True
2023-03-15,DAX,^GDAXI,Yahoo Finance,14735.259765625,-0.0332097270483614,-3.320972704836144,1.5840601481184304,-0.0770474223271859,1,0.097418331674167,1.0,1.5599313382441715,0.0181084464066879,True
2023-03-16,DAX,^GDAXI,Yahoo Finance,14967.099609375,0.0156111876004143,1.5611187600414351,1.9903424100289788,,0,-0.0770474223271859,1.0,1.5840601481184304,-0.0332097270483614,True
2023-03-17,DAX,^GDAXI,Yahoo Finance,14768.2001953125,-0.013378199102217,-1.3378199102217023,1.9020476950309757,-0.0818530850228853,2,,0.0,1.9903424100289788,0.0156111876004143,False
2023-03-20,DAX,^GDAXI,Yahoo Finance,14933.3798828125,0.011122734211361,1.1122734211361045,1.820048160200219,-0.3963108696043491,1,-0.0818530850228853,2.0,1.9020476950309757,-0.013378199102217,True
2023-03-21,DAX,^GDAXI,Yahoo Finance,15195.33984375,0.0173898237165773,1.7389823716577375,1.70591686568402,-0.171493243864354,1,-0.3963108696043491,1.0,1.820048160200219,0.011122734211361,True
2023-03-22,DAX,^GDAXI,Yahoo Finance,15216.1904296875,0.0013712292026797,0.1371229202679795,1.6900255328918534,-0.08735369962943325,2,-0.171493243864354,1.0,1.70591686568402,0.0173898237165773,True
2023-03-23,DAX,^GDAXI,Yahoo Finance,15210.3896484375,-0.0003812969650474,-0.0381296965047421,1.539361337792443,-0.228033909574151,1,-0.08735369962943325,2.0,1.6900255328918534,0.0013712292026797,True
2023-03-24,DAX,^GDAXI,Yahoo Finance,14957.23046875,-0.0167838975412302,-1.6783897541230277,1.4061850884069993,-0.1795718491077423,1,-0.228033909574151,1.0,1.539361337792443,-0.0003812969650474,True
2023-03-27,DAX,^GDAXI,Yahoo Finance,15127.6796875,0.0113313313321704,1.133133133217044,1.4692880917739517,0.021931251113754546,2,-0.1795718491077423,1.0,1.4061850884069993,-0.0167838975412302,True
2023-03-28,DAX,^GDAXI,Yahoo Finance,15142.01953125,0.0009474719070787,0.0947471907078762,1.407992185893678,-0.037251344797874064,3,0.021931251113754546,2.0,1.4692880917739517,0.0113313313321704,True
2023-03-29,DAX,^GDAXI,Yahoo Finance,15328.7802734375,0.012258495484282,1.225849548428203,1.288922464266289,-0.0089471196575511,2,-0.037251344797874064,3.0,1.407992185893678,0.0009474719070787,True
2023-03-30,DAX,^GDAXI,Yahoo Finance,15522.400390625,0.0125520421030655,1.2552042103065504,1.2697535153130812,-0.278330366127193,1,-0.0089471196575511,2.0,1.288922464266289,0.012258495484282,True
2023-03-31,DAX,^GDAXI,Yahoo Finance,15628.83984375,0.0068337482907098,0.6833748290709876,1.2583817378696385,0.19113407001540095,3,-0.278330366127193,1.0,1.2697535153130812,0.0125520421030655,True
2023-04-03,DAX,^GDAXI,Yahoo Finance,15580.919921875,-0.0030708316816251,-0.3070831681625113,1.1816835757762547,-0.24984250327928315,2,0.19113407001540095,3.0,1.2583817378696385,0.0068337482907098,True
2023-04-04,DAX,^GDAXI,Yahoo Finance,15603.4697265625,0.0014462241443289,0.1446224144328903,1.1005042942111838,,0,-0.24984250327928315,2.0,1.1816835757762547,-0.0030708316816251,True
2023-04-05,DAX,^GDAXI,Yahoo Finance,15520.169921875,-0.0053528446240263,-0.5352844624026384,1.0183409551236724,-0.23890284581877355,3,,0.0,1.1005042942111838,0.0014462241443289,False
2023-04-06,DAX,^GDAXI,Yahoo Finance,15597.8896484375,0.0049951628885976,0.499516288859765,0.978358253715175,-0.11097365838141564,3,-0.23890284581877355,3.0,1.0183409551236724,-0.0053528446240263,True
2023-04-11,DAX,^GDAXI,Yahoo Finance,15655.169921875,0.0036655827213205,0.3665582721320525,0.9266748786577572,-0.006879022256249469,3,-0.11097365838141564,3.0,0.978358253715175,0.0049951628885976,True
2023-04-12,DAX,^GDAXI,Yahoo Finance,15703.599609375,0.0030887516778932,0.3088751677893238,0.8740224963492387,,0,-0.006879022256249469,3.0,0.9266748786577572,0.0036655827213205,True
2023-04-13,DAX,^GDAXI,Yahoo Finance,15729.4599609375,0.0016454241330992,0.1645424133099298,0.8260478497322564,,0,,0.0,0.8740224963492387,0.0030887516778932,False
2023-04-14,DAX,^GDAXI,Yahoo Finance,15807.5,0.0049491262601629,0.494912626016291,0.7804546374577229,,0,,0.0,0.8260478497322564,0.0016454241330992,False
2023-04-17,DAX,^GDAXI,Yahoo Finance,15789.5302734375,-0.001137431482918,-0.1137431482918061,0.7590239287091454,-0.2197170932353897,1,,0.0,0.7804546374577229,0.0049491262601629,False
2023-04-18,DAX,^GDAXI,Yahoo Finance,15882.669921875,0.0058814933192678,0.5881493319267852,0.7267951866542135,0.493183320787336,1,-0.2197170932353897,1.0,0.7590239287091454,-0.001137431482918,True
2023-04-19,DAX,^GDAXI,Yahoo Finance,15895.2001953125,0.0007886163572757,0.078861635727574,0.7241651395156996,,0,0.493183320787336,1.0,0.7267951866542135,0.0058814933192678,True
2023-04-20,DAX,^GDAXI,Yahoo Finance,15795.9697265625,-0.0062623622472346,-0.6262362247234691,0.6928814875592394,,0,,0.0,0.7241651395156996,0.0007886163572757,False
2023-04-21,DAX,^GDAXI,Yahoo Finance,15881.66015625,0.0054101673020991,0.5410167302099126,0.7249199480564087,0.0433419564609774,1,,0.0,0.6928814875592394,-0.0062623622472346,False
2023-04-24,DAX,^GDAXI,Yahoo Finance,15863.9501953125,-0.0011157424650908,-0.1115742465090833,0.7175455191848885,-0.4433390779110292,2,0.0433419564609774,1.0,0.7249199480564087,0.0054101673020991,True
2023-04-25,DAX,^GDAXI,Yahoo Finance,15872.1298828125,0.0005154819159133,0.051548191591333,0.6917194968321139,0.04891576661597845,2,-0.4433390779110292,2.0,0.7175455191848885,-0.0011157424650908,True
2023-04-26,DAX,^GDAXI,Yahoo Finance,15795.73046875,-0.0048250536308058,-0.4825053630805876,0.6656012314926363,,0,0.04891576661597845,2.0,0.6917194968321139,0.0005154819159133,True
2023-04-27,DAX,^GDAXI,Yahoo Finance,15800.4501953125,0.0002987529820634,0.0298752982063484,0.6825394214491326,,0,,0.0,0.6656012314926363,-0.0048250536308058,False
2023-04-28,DAX,^GDAXI,Yahoo Finance,15922.3798828125,0.0076872263689131,0.7687226368913168,0.658104273730738,,0,,0.0,0.6825394214491326,0.0002987529820634,False
2023-05-02,DAX,^GDAXI,Yahoo Finance,15726.9404296875,-0.0123504666421151,-1.235046664211514,0.6943391625091094,,0,,0.0,0.658104273730738,0.0076872263689131,False
2023-05-03,DAX,^GDAXI,Yahoo Finance,15815.0595703125,0.0055874307194835,0.5587430719483529,0.8524682407845519,,0,,0.0,0.6943391625091094,-0.0123504666421151,False
2023-05-04,DAX,^GDAXI,Yahoo Finance,15734.240234375,-0.00512337916996,-0.5123379169960087,0.8249504986970082,-0.06729985894014438,2,,0.0,0.8524682407845519,0.0055874307194835,False
2023-05-05,DAX,^GDAXI,Yahoo Finance,15961.01953125,0.0143102261080087,1.4310226108008792,0.8147911308353168,,0,-0.06729985894014438,2.0,0.8249504986970082,-0.00512337916996,True
2023-05-08,DAX,^GDAXI,Yahoo Finance,15952.830078125,-0.0005132225290897,-0.0513222529089768,0.9417119231184,-0.0312025044113397,1,,0.0,0.8147911308353168,0.0143102261080087,False
2023-05-09,DAX,^GDAXI,Yahoo Finance,15955.48046875,0.0001661254128262,0.0166125412826278,0.88125185454331,,0,-0.0312025044113397,1.0,0.9417119231184,-0.0005132225290897,True
2023-05-10,DAX,^GDAXI,Yahoo Finance,15896.23046875,-0.0037203695874876,-0.3720369587487674,0.8277119183693421,,0,,0.0,0.88125185454331,0.0001661254128262,False
2023-05-11,DAX,^GDAXI,Yahoo Finance,15834.91015625,-0.0038649974521424,-0.3864997452142485,0.8023422200372907,-0.1063647357154299,2,,0.0,0.8277119183693421,-0.0037203695874876,False
2023-05-12,DAX,^GDAXI,Yahoo Finance,15913.8203125,0.004970927503231,0.4970927503231007,0.7825677827731392,,0,-0.1063647357154299,2.0,0.8023422200372907,-0.0038649974521424,True
2023-05-15,DAX,^GDAXI,Yahoo Finance,15917.240234375,0.0002148795440303,0.0214879544030366,0.7609758451939116,,0,,0.0,0.7825677827731392,0.004970927503231,False
2023-05-16,DAX,^GDAXI,Yahoo Finance,15897.9296875,-0.0012139208618881,-0.1213920861888167,0.7245586315818184,,0,,0.0,0.7609758451939116,0.0002148795440303,False
2023-05-17,DAX,^GDAXI,Yahoo Finance,15951.2998046875,0.0033514259524086,0.3351425952408643,0.69807085461328,,0,,0.0,0.7245586315818184,-0.0012139208618881,False
2023-05-18,DAX,^GDAXI,Yahoo Finance,16163.3603515625,0.0132066556556587,1.3206655655658732,0.6784448692534731,,0,,0.0,0.69807085461328,0.0033514259524086,False
2023-05-19,DAX,^GDAXI,Yahoo Finance,16275.3798828125,0.006906555293001,0.6906555293001099,0.8220387595300112,,0,,0.0,0.6784448692534731,0.0132066556556587,False
2023-05-22,DAX,^GDAXI,Yahoo Finance,16223.990234375,-0.0031625038321064,-0.3162503832106413,0.8138577298506463,-0.01962626276687135,2,,0.0,0.8220387595300112,0.006906555293001,False
2023-05-23,DAX,^GDAXI,Yahoo Finance,16152.8603515625,-0.0043938799458497,-0.4393879945849793,0.7858892125585758,,0,-0.01962626276687135,2.0,0.8138577298506463,-0.0031625038321064,True
2023-05-24,DAX,^GDAXI,Yahoo Finance,15842.1298828125,-0.0194243058923197,-1.942430589231978,0.7744189422626828,,0,,0.0,0.7858892125585758,-0.0043938799458497,False
2023-05-25,DAX,^GDAXI,Yahoo Finance,15793.7998046875,-0.0030553940535913,-0.3055394053591321,1.097442368588257,,0,,0.0,0.7744189422626828,-0.0194243058923197,False
2023-05-26,DAX,^GDAXI,Yahoo Finance,15983.9697265625,0.0119688823283637,1.196888232836375,1.027311996034422,,0,,0.0,1.097442368588257,-0.0030553940535913,False
2023-05-29,DAX,^GDAXI,Yahoo Finance,15952.73046875,-0.0019563240776099,-0.1956324077609966,1.0539441186057823,0.0638628988177515,1,,0.0,1.027311996034422,0.0119688823283637,False
2023-05-30,DAX,^GDAXI,Yahoo Finance,15908.91015625,-0.0027506643895094,-0.2750664389509437,0.9837161283001048,0.2610121816038512,1,0.0638628988177515,1.0,1.0539441186057823,-0.0019563240776099,True
2023-05-31,DAX,^GDAXI,Yahoo Finance,15664.01953125,-0.0155130067783118,-1.5513006778311815,0.927331260429655,,0,0.2610121816038512,1.0,0.9837161283001048,-0.0027506643895094,True
2023-06-01,DAX,^GDAXI,Yahoo Finance,15853.66015625,0.0120340656736858,1.203406567368588,1.0880093804440332,,0,,0.0,0.927331260429655,-0.0155130067783118,False
2023-06-02,DAX,^GDAXI,Yahoo Finance,16051.23046875,0.0123851130082301,1.2385113008230193,1.103254774253586,,0,,0.0,1.0880093804440332,0.0120340656736858,False
2023-06-05,DAX,^GDAXI,Yahoo Finance,15963.8896484375,-0.0054562367203051,-0.5456236720305127,1.121227605013381,0.0620360054142241,1,,0.0,1.103254774253586,0.0123851130082301,False
2023-06-06,DAX,^GDAXI,Yahoo Finance,15992.4404296875,0.001786862807888,0.1786862807888011,1.0665878790357874,,0,0.0620360054142241,1.0,1.121227605013381,-0.0054562367203051,True
2023-06-07,DAX,^GDAXI,Yahoo Finance,15960.5595703125,-0.0019954852410745,-0.1995485241074591,0.9891096464009972,,0,,0.0,1.0665878790357874,0.001786862807888,False
2023-06-08,DAX,^GDAXI,Yahoo Finance,15989.9599609375,0.0018403706327475,0.1840370632747577,0.9277609540610504,,0,,0.0,0.9891096464009972,-0.0019954852410745,False
2023-06-09,DAX,^GDAXI,Yahoo Finance,15949.83984375,-0.0025122348000772,-0.2512234800077262,0.8684485423346359,0.2666046265978366,2,,0.0,0.9277609540610504,0.0018403706327475,False
2023-06-12,DAX,^GDAXI,Yahoo Finance,16097.8701171875,0.0092381843450504,0.9238184345050416,0.8272314906215152,,0,0.2666046265978366,2.0,0.8684485423346359,-0.0025122348000772,True
2023-06-13,DAX,^GDAXI,Yahoo Finance,16230.6796875,0.0082162867341347,0.8216286734134776,0.8508219385376279,,0,,0.0,0.8272314906215152,0.0092381843450504,False
2023-06-14,DAX,^GDAXI,Yahoo Finance,16310.7900390625,0.0049235952813715,0.4923595281371546,0.854328313489021,,0,,0.0,0.8508219385376279,0.0082162867341347,False
2023-06-15,DAX,^GDAXI,Yahoo Finance,16290.1201171875,-0.0012680581336934,-0.1268058133693415,0.8207422633352094,,0,,0.0,0.854328313489021,0.0049235952813715,False
2023-06-16,DAX,^GDAXI,Yahoo Finance,16357.6298828125,0.0041356517277134,0.4135651727713478,0.7797948413686681,-0.1232856052617231,1,,0.0,0.8207422633352094,-0.0012680581336934,False
2023-06-19,DAX,^GDAXI,Yahoo Finance,16201.2001953125,-0.0096091223663191,-0.9609122366319118,0.7520110881767191,,0,-0.1232856052617231,1.0,0.7797948413686681,0.0041356517277134,True
2023-06-20,DAX,^GDAXI,Yahoo Finance,16111.3203125,-0.0055631757106529,-0.5563175710652921,0.830416484703953,-0.3173532543936745,2,,0.0,0.7520110881767191,-0.0096091223663191,False
2023-06-21,DAX,^GDAXI,Yahoo Finance,16023.1298828125,-0.0054888538975829,-0.5488853897582908,0.8246179669899334,-0.0470925156426217,1,-0.3173532543936745,2.0,0.830416484703953,-0.0055631757106529,True
2023-06-22,DAX,^GDAXI,Yahoo Finance,15988.16015625,-0.0021848379387735,-0.2184837938773562,0.8189581071819619,0.0099977701902389,1,-0.0470925156426217,1.0,0.8246179669899334,-0.0054888538975829,True
2023-06-23,DAX,^GDAXI,Yahoo Finance,15829.9404296875,-0.0099453473194119,-0.994534731941198,0.7831286160016123,,0,0.0099977701902389,1.0,0.8189581071819619,-0.0021848379387735,True
2023-06-26,DAX,^GDAXI,Yahoo Finance,15813.0595703125,-0.0010669570506227,-0.1066957050622756,0.8601306199043346,-0.12164381347935305,5,,0.0,0.7831286160016123,-0.0099453473194119,False
2023-06-27,DAX,^GDAXI,Yahoo Finance,15846.8603515625,0.0021352419194751,0.2135241919475105,0.8126610134182604,,0,-0.12164381347935305,5.0,0.8601306199043346,-0.0010669570506227,True
2023-06-28,DAX,^GDAXI,Yahoo Finance,15949.0,0.0064247357136881,0.6424735713688167,0.7700748137034973,,0,,0.0,0.8126610134182604,0.0021352419194751,False
2023-06-29,DAX,^GDAXI,Yahoo Finance,15946.7197265625,-0.000142983037281,-0.0142983037281051,0.7656687120200888,,0,,0.0,0.7700748137034973,0.0064247357136881,False
2023-06-30,DAX,^GDAXI,Yahoo Finance,16147.900390625,0.0125368861412709,1.25368861412709,0.7291838661194843,0.112241862147736,1,,0.0,0.7656687120200888,-0.000142983037281,False
2023-07-03,DAX,^GDAXI,Yahoo Finance,16081.0400390625,-0.0041490937392103,-0.4149093739210347,0.8411499949098192,,0,0.112241862147736,1.0,0.7291838661194843,0.0125368861412709,True
2023-07-04,DAX,^GDAXI,Yahoo Finance,16039.169921875,-0.0026070901126777,-0.2607090112677748,0.8176355135628056,0.1431198721441129,1,,0.0,0.8411499949098192,-0.0041490937392103,False
2023-07-05,DAX,^GDAXI,Yahoo Finance,15937.580078125,-0.0063540031768925,-0.6354003176892583,0.7848199617680293,-0.0772732487336422,2,0.1431198721441129,1.0,0.8176355135628056,-0.0026070901126777,True
2023-07-06,DAX,^GDAXI,Yahoo Finance,15528.5400390625,-0.0260002237495375,-2.600022374953752,0.7985543526240028,,0,-0.0772732487336422,2.0,0.7848199617680293,-0.0063540031768925,True
2023-07-07,DAX,^GDAXI,Yahoo Finance,15603.400390625,0.0048092405943876,0.4809240594387629,1.3174694158018685,-0.1324935892803801,3,,0.0,0.7985543526240028,-0.0260002237495375,False
2023-07-10,DAX,^GDAXI,Yahoo Finance,15673.16015625,0.0044608409674802,0.4460840967480253,1.2194309487582715,,0,-0.1324935892803801,3.0,1.3174694158018685,0.0048092405943876,True
2023-07-11,DAX,^GDAXI,Yahoo Finance,15790.33984375,0.0074486455278599,0.7448645527859914,1.131914885706223,,0,,0.0,1.2194309487582715,0.0044608409674802,False
2023-07-12,DAX,^GDAXI,Yahoo Finance,16023.0,0.0146268392697266,1.4626839269726633,1.0788977354988654,-0.2290129951705845,1,,0.0,1.131914885706223,0.0074486455278599,False
2023-07-13,DAX,^GDAXI,Yahoo Finance,16141.0302734375,0.0073393043250991,0.7339304325099197,1.1427890279901094,,0,-0.2290129951705845,1.0,1.0788977354988654,0.0146268392697266,True
2023-07-14,DAX,^GDAXI,Yahoo Finance,16105.0703125,-0.002230345697049,-0.2230345697049001,1.087078335609777,-0.0625002164083222,1,,0.0,1.1427890279901094,0.0073393043250991,False
2023-07-17,DAX,^GDAXI,Yahoo Finance,16068.650390625,-0.0022639555907691,-0.2263955590769147,1.0137855058674126,-0.11927514223438894,3,-0.0625002164083222,1.0,1.087078335609777,-0.002230345697049,True
2023-07-18,DAX,^GDAXI,Yahoo Finance,16125.490234375,0.0035310712884596,0.3531071288459615,0.9504474752125616,,0,-0.11927514223438894,3.0,1.0137855058674126,-0.0022639555907691,True
2023-07-19,DAX,^GDAXI,Yahoo Finance,16108.9296875,-0.0010275071412576,-0.1027507141257687,0.8937917690655592,,0,,0.0,0.9504474752125616,0.0035310712884596,False
2023-07-20,DAX,^GDAXI,Yahoo Finance,16204.2197265625,0.0058979280581843,0.5897928058184373,0.8414325380871434,,0,,0.0,0.8937917690655592,-0.0010275071412576,False
2023-07-21,DAX,^GDAXI,Yahoo Finance,16177.2197265625,-0.001667622361029,-0.166762236102906,0.8187370181234772,0.3406053677744542,1,,0.0,0.8414325380871434,0.0058979280581843,False
2023-07-24,DAX,^GDAXI,Yahoo Finance,16190.9501953125,0.0008483933201479,0.0848393320147906,0.7799912320926701,,0,0.3406053677744542,1.0,0.8187370181234772,-0.001667622361029,True
2023-07-25,DAX,^GDAXI,Yahoo Finance,16211.58984375,0.0012739526718618,0.1273952671861861,0.7403454880138397,,0,,0.0,0.7799912320926701,0.0008483933201479,False
2023-07-26,DAX,^GDAXI,Yahoo Finance,16131.4599609375,-0.0049550087108547,-0.4955008710854717,0.706821683393107,,0,,0.0,0.7403454880138397,0.0012739526718618,False
2023-07-27,DAX,^GDAXI,Yahoo Finance,16406.029296875,0.0168775071319243,1.687750713192438,0.7170045616361616,,0,,0.0,0.706821683393107,-0.0049550087108547,False
2023-07-28,DAX,^GDAXI,Yahoo Finance,16469.75,0.0038764576403446,0.3876457640344605,0.9423480679411148,-0.09309552962063912,3,,0.0,0.7170045616361616,0.0168775071319243,False
2023-07-31,DAX,^GDAXI,Yahoo Finance,16446.830078125,-0.0013926067364686,-0.1392606736468624,0.8886237778427709,-0.0437603215686976,1,-0.09309552962063912,3.0,0.9423480679411148,0.0038764576403446,True
2023-08-01,DAX,^GDAXI,Yahoo Finance,16240.400390625,-0.0126307691995888,-1.2630769199588878,0.8384242923642072,0.2367315962910652,1,-0.0437603215686976,1.0,0.8886237778427709,-0.0013926067364686,True
2023-08-02,DAX,^GDAXI,Yahoo Finance,16020.01953125,-0.0136628282061268,-1.3662828206126842,0.9579643184826542,,0,0.2367315962910652,1.0,0.8384242923642072,-0.0126307691995888,True
2023-08-03,DAX,^GDAXI,Yahoo Finance,15893.3798828125,-0.0079364978656893,-0.7936497865689316,1.066916771018215,-0.2474000724879178,1,,0.0,0.9579643184826542,-0.0136628282061268,False
2023-08-04,DAX,^GDAXI,Yahoo Finance,15951.8603515625,0.0036727959380174,0.3672795938017441,1.0496178041793955,,0,-0.2474000724879178,1.0,1.066916771018215,-0.0079364978656893,True
2023-08-07,DAX,^GDAXI,Yahoo Finance,15950.759765625,-6.899658610449472e-05,-0.0068996586104494,0.9802163583530636,,0,,0.0,1.0496178041793955,0.0036727959380174,False
2023-08-08,DAX,^GDAXI,Yahoo Finance,15774.9296875,-0.0110845110982777,-1.1084511098277745,0.9137540946822236,,0,,0.0,0.9802163583530636,-6.899658610449472e-05,False
2023-08-09,DAX,^GDAXI,Yahoo Finance,15852.580078125,0.0049103168235993,0.4910316823599382,0.9804028107929958,-0.2152301209668318,2,,0.0,0.9137540946822236,-0.0110845110982777,False
2023-08-10,DAX,^GDAXI,Yahoo Finance,15996.51953125,0.0090389012498107,0.9038901249810708,0.9278146263735054,0.0018947390781249,1,-0.2152301209668318,2.0,0.9804028107929958,0.0049103168235993,True
2023-08-11,DAX,^GDAXI,Yahoo Finance,15832.169921875,-0.0103272282255982,-1.0327228225598208,0.9282017766699748,0.1363286864361726,2,0.0018947390781249,1.0,0.9278146263735054,0.0090389012498107,True
2023-08-14,DAX,^GDAXI,Yahoo Finance,15904.25,0.0045424280521876,0.4542428052187615,0.9769854091353845,0.2047246384123961,2,0.1363286864361726,2.0,0.9282017766699748,-0.0103272282255982,True
2023-08-15,DAX,^GDAXI,Yahoo Finance,15767.2802734375,-0.0086494450570652,-0.8649445057065229,0.9223810519167642,,0,0.2047246384123961,2.0,0.9769854091353845,0.0045424280521876,True
2023-08-16,DAX,^GDAXI,Yahoo Finance,15789.4501953125,0.0014050838089445,0.1405083808944577,0.9432882639033046,-0.03209882974624633,3,,0.0,0.9223810519167642,-0.0086494450570652,False
2023-08-17,DAX,^GDAXI,Yahoo Finance,15676.900390625,-0.0071536916466102,-0.7153691646610253,0.8812632696317135,-0.3099776373377867,1,-0.03209882974624633,3.0,0.9432882639033046,0.0014050838089445,True
2023-08-18,DAX,^GDAXI,Yahoo Finance,15574.259765625,-0.0065687797544438,-0.6568779754443819,0.8873992945300114,,0,-0.3099776373377867,1.0,0.8812632696317135,-0.0071536916466102,True
2023-08-21,DAX,^GDAXI,Yahoo Finance,15603.2802734375,0.001861629631935,0.186162963193506,0.8841504483583108,-0.1887021688744425,1,,0.0,0.8873992945300114,-0.0065687797544438,False
2023-08-22,DAX,^GDAXI,Yahoo Finance,15705.6201171875,0.0065374514568422,0.6537451456842291,0.830816730350306,,0,-0.1887021688744425,1.0,0.8841504483583108,0.001861629631935,True
2023-08-23,DAX,^GDAXI,Yahoo Finance,15728.41015625,0.0014500236118237,0.1450023611823725,0.8167543280950675,,0,,0.0,0.830816730350306,0.0065374514568422,False
2023-08-24,DAX,^GDAXI,Yahoo Finance,15621.490234375,-0.0068210957675014,-0.6821095767501448,0.7721966123511876,0.0482773279978169,1,,0.0,0.8167543280950675,0.0014500236118237,False
2023-08-25,DAX,^GDAXI,Yahoo Finance,15631.8203125,0.0006610549935623,0.0661054993562347,0.7955939661145148,-0.1870503999778757,1,0.0482773279978169,1.0,0.7721966123511876,-0.0068210957675014,True
2023-08-28,DAX,^GDAXI,Yahoo Finance,15792.6103515625,0.0102335309752546,1.023353097525468,0.7537066632321943,0.23047210203367285,2,-0.1870503999778757,1.0,0.7955939661145148,0.0006610549935623,True
2023-08-29,DAX,^GDAXI,Yahoo Finance,15930.8798828125,0.008717225363247,0.8717225363247004,0.8114109296214278,-0.2473272336288713,1,0.23047210203367285,2.0,0.7537066632321943,0.0102335309752546,True
2023-08-30,DAX,^GDAXI,Yahoo Finance,15891.9296875,-0.0024479431759128,-0.2447943175912836,0.8301639522498935,-0.1555875936367859,2,-0.2473272336288713,1.0,0.8114109296214278,0.008717225363247,True
2023-08-31,DAX,^GDAXI,Yahoo Finance,15947.080078125,0.0034643317231712,0.3464331723171214,0.7943168154953271,,0,-0.1555875936367859,2.0,0.8301639522498935,-0.0024479431759128,True
2023-09-01,DAX,^GDAXI,Yahoo Finance,15840.33984375,-0.0067159043314873,-0.6715904331487367,0.7599966334997346,,0,,0.0,0.7943168154953271,0.0034643317231712,False
2023-09-04,DAX,^GDAXI,Yahoo Finance,15824.849609375,-0.0009783763102735,-0.0978376310273538,0.7843730976879697,0.12240187465102359,2,,0.0,0.7599966334997346,-0.0067159043314873,False
2023-09-05,DAX,^GDAXI,Yahoo Finance,15771.7099609375,-0.0033636382734232,-0.3363638273423204,0.7476335928851418,,0,0.12240187465102359,2.0,0.7843730976879697,-0.0009783763102735,True
2023-09-06,DAX,^GDAXI,Yahoo Finance,15741.3701171875,-0.001925540318436,-0.192554031843608,0.7324672052288231,0.1660856882420679,1,,0.0,0.7476335928851418,-0.0033636382734232,False
2023-09-07,DAX,^GDAXI,Yahoo Finance,15718.66015625,-0.0014437344582809,-0.1443734458280984,0.7086337275192724,,0,0.1660856882420679,1.0,0.7324672052288231,-0.001925540318436,True
2023-09-08,DAX,^GDAXI,Yahoo Finance,15740.2998046875,0.001375738541732,0.1375738541732063,0.6858697591399487,-0.7698657233268023,1,,0.0,0.7086337275192724,-0.0014437344582809,False
2023-09-11,DAX,^GDAXI,Yahoo Finance,15800.990234375,0.0038483210111109,0.3848321011110978,0.6609204027720452,,0,-0.7698657233268023,1.0,0.6858697591399487,0.001375738541732,True
2023-09-12,DAX,^GDAXI,Yahoo Finance,15715.5302734375,-0.0054231983109953,-0.5423198310995345,0.6510256558795668,0.1086121164705781,1,,0.0,0.6609204027720452,0.0038483210111109,False
2023-09-13,DAX,^GDAXI,Yahoo Finance,15654.0302734375,-0.0039210035283222,-0.3921003528322211,0.6795807299669931,,0,0.1086121164705781,1.0,0.6510256558795668,-0.0054231983109953,True
2023-09-14,DAX,^GDAXI,Yahoo Finance,15805.2900390625,0.0096162873031447,0.9616287303144746,0.6825563703948225,,0,,0.0,0.6795807299669931,-0.0039210035283222,False
2023-09-15,DAX,^GDAXI,Yahoo Finance,15893.5302734375,0.0055674287832438,0.5567428783243866,0.7466244939184843,,0,,0.0,0.6825563703948225,0.0096162873031447,False
2023-09-18,DAX,^GDAXI,Yahoo Finance,15727.1201171875,-0.0105255072569285,-1.0525507256928552,0.7369637784928413,-0.3056006290018558,1,,0.0,0.7466244939184843,0.0055674287832438,False
2023-09-19,DAX,^GDAXI,Yahoo Finance,15664.48046875,-0.0039908593640678,-0.3990859364067893,0.8388872628226647,-0.1645086444914341,1,-0.3056006290018558,1.0,0.7369637784928413,-0.0105255072569285,True
2023-09-20,DAX,^GDAXI,Yahoo Finance,15781.58984375,0.0074483021404009,0.744830214040099,0.814211678566441,,0,-0.1645086444914341,1.0,0.8388872628226647,-0.0039908593640678,True
2023-09-21,DAX,^GDAXI,Yahoo Finance,15571.8603515625,-0.0133785991084158,-1.3378599108415867,0.8143133129272548,,0,,0.0,0.814211678566441,0.0074483021404009,False
2023-09-22,DAX,^GDAXI,Yahoo Finance,15557.2900390625,-0.0009361202205127,-0.0936120220512701,0.9585754061870388,,0,,0.0,0.8143133129272548,-0.0133785991084158,False
2023-09-25,DAX,^GDAXI,Yahoo Finance,15405.490234375,-0.0098053869572057,-0.9805386957205736,0.8970470100808045,-0.12933500589181973,2,,0.0,0.9585754061870388,-0.0009361202205127,False
2023-09-26,DAX,^GDAXI,Yahoo Finance,15255.8701171875,-0.0097595999053614,-0.9759599905361404,0.9434215641285012,-0.065241806829969,1,-0.12933500589181973,2.0,0.8970470100808045,-0.0098053869572057,True
2023-09-27,DAX,^GDAXI,Yahoo Finance,15217.4501953125,-0.0025215461812357,-0.25215461812357,0.9785805098762989,,0,-0.065241806829969,1.0,0.9434215641285012,-0.0097595999053614,True
2023-09-28,DAX,^GDAXI,Yahoo Finance,15323.5,0.006944789225067,0.6944789225067006,0.9215261889950402,,0,,0.0,0.9785805098762989,-0.0025215461812357,False
2023-09-29,DAX,^GDAXI,Yahoo Finance,15386.580078125,0.0041081082614586,0.4108108261458599,0.8964643845888559,,0,,0.0,0.9215261889950402,0.006944789225067,False
2023-10-02,DAX,^GDAXI,Yahoo Finance,15247.2099609375,-0.0090991730767639,-0.9099173076763926,0.850686122455122,,0,,0.0,0.8964643845888559,0.0041081082614586,False
2023-10-03,DAX,^GDAXI,Yahoo Finance,15085.2099609375,-0.0106817418959028,-1.068174189590285,0.8949411085343597,,0,,0.0,0.850686122455122,-0.0090991730767639,False
2023-10-04,DAX,^GDAXI,Yahoo Finance,15099.919921875,0.0009746495813716,0.0974649581371627,0.9583149334871623,,0,,0.0,0.8949411085343597,-0.0106817418959028,False
2023-10-05,DAX,^GDAXI,Yahoo Finance,15070.2197265625,-0.0019688476919658,-0.1968847691965825,0.8940217981539944,0.1489973021408831,1,,0.0,0.9583149334871623,0.0009746495813716,False
2023-10-06,DAX,^GDAXI,Yahoo Finance,15229.76953125,0.010531441313921,1.0531441313921008,0.8458313545969186,,0,0.1489973021408831,1.0,0.8940217981539944,-0.0019688476919658,True
2023-10-09,DAX,^GDAXI,Yahoo Finance,15128.1103515625,-0.0066974083879077,-0.6697408387907724,0.8871129921370244,-0.03358144590945283,4,,0.0,0.8458313545969186,0.010531441313921,False
2023-10-10,DAX,^GDAXI,Yahoo Finance,15423.51953125,0.0193389608063185,1.9338960806318533,0.8856719085887134,0.1163206468336284,1,-0.03358144590945283,4.0,0.8871129921370244,-0.0066974083879077,True
2023-10-11,DAX,^GDAXI,Yahoo Finance,15460.009765625,0.0023630881694196,0.2363088169419606,1.1155842048144673,,0,0.1163206468336284,1.0,0.8856719085887134,0.0193389608063185,True
2023-10-12,DAX,^GDAXI,Yahoo Finance,15425.0302734375,-0.0022651424184347,-0.2265142418434755,1.0330903894408012,,0,,0.0,1.1155842048144673,0.0023630881694196,False
2023-10-13,DAX,^GDAXI,Yahoo Finance,15186.66015625,-0.015574111193234,-1.5574111193234097,0.9671478837773896,-0.1424832383281595,2,,0.0,1.0330903894408012,-0.0022651424184347,False
2023-10-16,DAX,^GDAXI,Yahoo Finance,15237.990234375,0.0033742459596189,0.337424595961899,1.1171886460299654,,0,-0.1424832383281595,2.0,0.9671478837773896,-0.015574111193234,True
2023-10-17,DAX,^GDAXI,Yahoo Finance,15251.6904296875,0.0008986775811459,0.0898677581145981,1.0377094146908743,-0.0355782012920826,1,,0.0,1.1171886460299654,0.0033742459596189,False
2023-10-18,DAX,^GDAXI,Yahoo Finance,15094.91015625,-0.0103327335055653,-1.0332733505565326,0.9631385027347754,,0,-0.0355782012920826,1.0,1.0377094146908743,0.0008986775811459,True
2023-10-19,DAX,^GDAXI,Yahoo Finance,15045.23046875,-0.0032965826609166,-0.3296582660916618,1.0041073094969974,-0.4011939340271055,1,,0.0,0.9631385027347754,-0.0103327335055653,False
2023-10-20,DAX,^GDAXI,Yahoo Finance,14798.4697265625,-0.0165372500217694,-1.6537250021769485,0.9484648637306832,,0,-0.4011939340271055,1.0,1.0041073094969974,-0.0032965826609166,True
2023-10-23,DAX,^GDAXI,Yahoo Finance,14800.7197265625,0.0001520311904416,0.0152031190441692,1.127698607991458,0.04935495775252083,3,,0.0,0.9484648637306832,-0.0165372500217694,False
2023-10-24,DAX,^GDAXI,Yahoo Finance,14879.9404296875,0.0053382162549131,0.5338216254913195,1.0422289818710393,,0,0.04935495775252083,3.0,1.127698607991458,0.0001520311904416,True
2023-10-25,DAX,^GDAXI,Yahoo Finance,14892.1796875,0.0008221959641307,0.0822195964130725,0.983915955572344,,0,,0.0,1.0422289818710393,0.0053382162549131,False
2023-10-26,DAX,^GDAXI,Yahoo Finance,14731.0498046875,-0.0108787242086632,-1.0878724208663224,0.9162558004193024,,0,,0.0,0.983915955572344,0.0008221959641307,False
2023-10-27,DAX,^GDAXI,Yahoo Finance,14687.41015625,-0.0029668229067912,-0.2966822906791264,0.9782835592059924,-0.2426666770285616,1,,0.0,0.9162558004193024,-0.0108787242086632,False
2023-10-30,DAX,^GDAXI,Yahoo Finance,14716.5400390625,0.0019813591132355,0.1981359113235535,0.9240599957376368,0.18515251490854376,2,-0.2426666770285616,1.0,0.9782835592059924,-0.0029668229067912,True
2023-10-31,DAX,^GDAXI,Yahoo Finance,14810.33984375,0.0063535409496746,0.6353540949674668,0.8655304112749757,,0,0.18515251490854376,2.0,0.9240599957376368,0.0019813591132355,True
2023-11-01,DAX,^GDAXI,Yahoo Finance,14923.26953125,0.0075961333244454,0.759613332444547,0.84347822724077,,0,,0.0,0.8655304112749757,0.0063535409496746,False
2023-11-02,DAX,^GDAXI,Yahoo Finance,15143.599609375,0.0146562664108183,1.4656266410818382,0.8400052895122583,,0,,0.0,0.84347822724077,0.0075961333244454,False
2023-11-03,DAX,^GDAXI,Yahoo Finance,15189.25,0.0030099661376052,0.3009966137605249,0.9674191690862918,,0,,0.0,0.8400052895122583,0.0146562664108183,False
2023-11-06,DAX,^GDAXI,Yahoo Finance,15135.9697265625,-0.0035139285876212,-0.351392858762129,0.906158241577089,,0,,0.0,0.9674191690862918,0.0030099661376052,False
2023-11-07,DAX,^GDAXI,Yahoo Finance,15152.6396484375,0.0011007387861062,0.1100738786106285,0.8665892004188736,,0,,0.0,0.906158241577089,-0.0035139285876212,False
2023-11-08,DAX,^GDAXI,Yahoo Finance,15229.599609375,0.0050661259617202,0.5066125961720225,0.8147074014328076,,0,,0.0,0.8665892004188736,0.0011007387861062,False
2023-11-09,DAX,^GDAXI,Yahoo Finance,15352.5400390625,0.0080400582408672,0.8040058240867269,0.788646238845751,,0,,0.0,0.8147074014328076,0.0050661259617202,False
2023-11-10,DAX,^GDAXI,Yahoo Finance,15234.3896484375,-0.0077255860250693,-0.7725586025069316,0.801957719881396,-0.0837925286032259,2,,0.0,0.788646238845751,0.0080400582408672,False
2023-11-13,DAX,^GDAXI,Yahoo Finance,15345.0,0.0072343388955248,0.7234338895524853,0.8334418698393261,0.0330773213257392,1,-0.0837925286032259,2.0,0.801957719881396,-0.0077255860250693,True
2023-11-14,DAX,^GDAXI,Yahoo Finance,15614.4296875,0.0174057786213878,1.740577862138782,0.8272068984602281,,0,0.0330773213257392,1.0,0.8334418698393261,0.0072343388955248,True
2023-11-15,DAX,^GDAXI,Yahoo Finance,15748.169921875,0.0085286963908342,0.8528696390834213,1.026522441508644,,0,,0.0,0.8272068984602281,0.0174057786213878,False
2023-11-16,DAX,^GDAXI,Yahoo Finance,15786.6103515625,0.0024379715599134,0.24379715599134,1.002358552118792,,0,,0.0,1.026522441508644,0.0085286963908342,False
2023-11-17,DAX,^GDAXI,Yahoo Finance,15919.16015625,0.0083612903764636,0.8361290376463646,0.934546936937964,,0,,0.0,1.002358552118792,0.0024379715599134,False
2023-11-20,DAX,^GDAXI,Yahoo Finance,15901.330078125,-0.0011206665805415,-0.1120666580541593,0.9243779019924532,,0,,0.0,0.934546936937964,0.0083612903764636,False
2023-11-21,DAX,^GDAXI,Yahoo Finance,15900.5302734375,-5.029923902728261e-05,-0.0050299239027282,0.8681218000448073,,0,,0.0,0.9243779019924532,-0.0011206665805415,False
2023-11-22,DAX,^GDAXI,Yahoo Finance,15957.8203125,0.0035965515956458,0.3596551595645857,0.8167247311803048,,0,,0.0,0.8681218000448073,-5.029923902728261e-05,False
2023-11-23,DAX,^GDAXI,Yahoo Finance,15994.73046875,0.0023103114940737,0.2310311494073794,0.7797406286659536,,0,,0.0,0.8167247311803048,0.0035965515956458,False
2023-11-24,DAX,^GDAXI,Yahoo Finance,16029.490234375,0.0021708431001558,0.2170843100155807,0.7425181711109481,,0,,0.0,0.7797406286659536,0.0023103114940737,False
2023-11-27,DAX,^GDAXI,Yahoo Finance,15966.3701171875,-0.0039455228505996,-0.3945522850599633,0.7104876557608252,,0,,0.0,0.7425181711109481,0.0021708431001558,False
2023-11-28,DAX,^GDAXI,Yahoo Finance,15992.669921875,0.0016458448434062,0.1645844843406254,0.7078609102007636,,0,,0.0,0.7104876557608252,-0.0039455228505996,False
2023-11-29,DAX,^GDAXI,Yahoo Finance,16166.4501953125,0.0108076318215994,1.0807631821599466,0.6798827044237237,0.2051608715182504,1,,0.0,0.7078609102007636,0.0016458448434062,False
2023-11-30,DAX,^GDAXI,Yahoo Finance,16215.4296875,0.0030251195864547,0.302511958645477,0.7685274145228939,,0,0.2051608715182504,1.0,0.6798827044237237,0.0108076318215994,True
2023-12-01,DAX,^GDAXI,Yahoo Finance,16397.51953125,0.0111668365050281,1.1166836505028106,0.7358762487169926,,0,,0.0,0.7685274145228939,0.0030251195864547,False
2023-12-04,DAX,^GDAXI,Yahoo Finance,16404.759765625,0.0004414470364728,0.0441447036472812,0.81648872076686,-0.15587245993537444,4,,0.0,0.7358762487169926,0.0111668365050281,False
2023-12-05,DAX,^GDAXI,Yahoo Finance,16533.109375,0.0077934767711237,0.7793476771123728,0.7717261861392409,,0,-0.15587245993537444,4.0,0.81648872076686,0.0004414470364728,True
2023-12-06,DAX,^GDAXI,Yahoo Finance,16656.439453125,0.0074318964937758,0.7431896493775858,0.7849186814572343,,0,,0.0,0.7717261861392409,0.0077934767711237,False
2023-12-07,DAX,^GDAXI,Yahoo Finance,16628.990234375,-0.0016493237569797,-0.1649323756979799,0.7904464300112848,,0,,0.0,0.7849186814572343,0.0074318964937758,False
2023-12-08,DAX,^GDAXI,Yahoo Finance,16759.220703125,0.0078010247051022,0.7801024705102276,0.7558817812999591,,0,,0.0,0.7904464300112848,-0.0016493237569797,False
2023-12-11,DAX,^GDAXI,Yahoo Finance,16794.4296875,0.0020986686627537,0.2098668662753746,0.7724367344806118,,0,,0.0,0.7558817812999591,0.0078010247051022,False
2023-12-12,DAX,^GDAXI,Yahoo Finance,16791.740234375,-0.0001601524161287,-0.0160152416128724,0.7356687926859549,,0,,0.0,0.7724367344806118,0.0020986686627537,False
2023-12-13,DAX,^GDAXI,Yahoo Finance,16766.05078125,-0.0015310577583214,-0.1531057758321442,0.7037574775610482,,0,,0.0,0.7356687926859549,-0.0001601524161287,False
2023-12-14,DAX,^GDAXI,Yahoo Finance,16752.23046875,-0.0008246433150979,-0.0824643315097979,0.6822699211680643,-0.2285176933122177,1,,0.0,0.7037574775610482,-0.0015310577583214,False
2023-12-15,DAX,^GDAXI,Yahoo Finance,16751.439453125,-4.721964053434075e-05,-0.004721964053434,0.6608904166813601,-0.1636869851499796,1,-0.2285176933122177,1.0,0.6822699211680643,-0.0008246433150979,True
2023-12-18,DAX,^GDAXI,Yahoo Finance,16650.55078125,-0.0060408962443818,-0.6040896244381847,0.6405682267152418,-0.0569317076551567,4,-0.1636869851499796,1.0,0.6608904166813601,-4.721964053434075e-05,True
2023-12-19,DAX,^GDAXI,Yahoo Finance,16744.41015625,0.0056211847242882,0.5621184724288284,0.6811720111842263,0.0615115707643844,1,-0.0569317076551567,4.0,0.6405682267152418,-0.0060408962443818,True
2023-12-20,DAX,^GDAXI,Yahoo Finance,16733.05078125,-0.000678628254225,-0.0678628254225011,0.6842755176421605,,0,0.0615115707643844,1.0,0.6811720111842263,0.0056211847242882,True
2023-12-21,DAX,^GDAXI,Yahoo Finance,16687.419921875,-0.0027307148445254,-0.2730714844525453,0.6620041080457146,,0,,0.0,0.6842755176421605,-0.000678628254225,False
2023-12-22,DAX,^GDAXI,Yahoo Finance,16706.1796875,0.0011235546822104,0.1123554682210487,0.6563396795289472,,0,,0.0,0.6620041080457146,-0.0027307148445254,False
2023-12-27,DAX,^GDAXI,Yahoo Finance,16742.0703125,0.0021460398540721,0.2146039854072149,0.6358958881515565,-0.012679053200052937,6,,0.0,0.6563396795289472,0.0011235546822104,False
2023-12-28,DAX,^GDAXI,Yahoo Finance,16701.55078125,-0.0024231557320244,-0.2423155732024419,0.6209823603502874,,0,-0.012679053200052937,6.0,0.6358958881515565,0.0021460398540721,True
2023-12-29,DAX,^GDAXI,Yahoo Finance,16751.640625,0.0029946249716265,0.2994624971626512,0.6202858554731469,0.039208454867115335,3,,0.0,0.6209823603502874,-0.0024231557320244,False
2021-01-04,CAC_40,^FCHI,Yahoo Finance,5588.9599609375,,,,0.0267215295613784,1,,,,,False
2021-01-05,CAC_40,^FCHI,Yahoo Finance,5564.60009765625,-0.0043680944713534,-0.4368094471353493,0.8485011246798299,,0,0.0267215295613784,1.0,,,False
2021-01-06,CAC_40,^FCHI,Yahoo Finance,5630.60009765625,0.0117909038671127,1.179090386711276,0.8312948958710986,,0,,0.0,0.8485011246798299,-0.0043680944713534,False
2021-01-07,CAC_40,^FCHI,Yahoo Finance,5669.85009765625,0.0069466538339305,0.6946653833930592,0.8876784010284451,0.336831514001824,1,,0.0,0.8312948958710986,0.0117909038671127,False
2021-01-08,CAC_40,^FCHI,Yahoo Finance,5706.8798828125,0.0065097644028521,0.6509764402852156,0.8683151961546803,0.0052259086320797,1,0.336831514001824,1.0,0.8876784010284451,0.0069466538339305,True
2021-01-11,CAC_40,^FCHI,Yahoo Finance,5662.43017578125,-0.0078192842446311,-0.7819284244631164,0.848046351740964,,0,0.0052259086320797,1.0,0.8683151961546803,0.0065097644028521,True
2021-01-12,CAC_40,^FCHI,Yahoo Finance,5650.97021484375,-0.0020259098876407,-0.2025909887640747,0.8717419921152375,,0,,0.0,0.848046351740964,-0.0078192842446311,False
2021-01-13,CAC_40,^FCHI,Yahoo Finance,5662.669921875,0.002068248779433,0.2068248779433021,0.8340769066165169,,0,,0.0,0.8717419921152375,-0.0020259098876407,False
2021-01-14,CAC_40,^FCHI,Yahoo Finance,5681.14013671875,0.0032564422483269,0.3256442248326901,0.7944388765182553,,0,,0.0,0.8340769066165169,0.002068248779433,False
2021-01-15,CAC_40,^FCHI,Yahoo Finance,5611.68994140625,-0.0123000293863174,-1.2300029386317464,0.7639877016835326,,0,,0.0,0.7944388765182553,0.0032564422483269,False
2021-01-18,CAC_40,^FCHI,Yahoo Finance,5617.27001953125,0.0009938727368763,0.0993872736876356,0.8884537090308826,-0.0037242474788640005,2,,0.0,0.7639877016835326,-0.0123000293863174,False
2021-01-19,CAC_40,^FCHI,Yahoo Finance,5598.60986328125,-0.0033274560109438,-0.3327456010943826,0.8404426379592382,,0,-0.0037242474788640005,2.0,0.8884537090308826,0.0009938727368763,True
2021-01-20,CAC_40,^FCHI,Yahoo Finance,5628.43994140625,0.0053139780868451,0.5313978086845197,0.8158032891665242,,0,,0.0,0.8404426379592382,-0.0033274560109438,False
2021-01-21,CAC_40,^FCHI,Yahoo Finance,5590.7900390625,-0.0067116983506806,-0.6711698350680653,0.7940395571718317,0.3381085558561608,1,,0.0,0.8158032891665242,0.0053139780868451,False
2021-01-22,CAC_40,^FCHI,Yahoo Finance,5559.56982421875,-0.0055998724366966,-0.5599872436696649,0.8132741236156948,,0,0.3381085558561608,1.0,0.7940395571718317,-0.0067116983506806,True
2021-01-25,CAC_40,^FCHI,Yahoo Finance,5472.35986328125,-0.015810792878076,-1.5810792878076056,0.8149354499853934,-0.0964394633968671,1,,0.0,0.8132741236156948,-0.0055998724366966,False
2021-01-26,CAC_40,^FCHI,Yahoo Finance,5523.52001953125,0.0093053991058097,0.93053991058098,1.0022814644066331,,0,-0.0964394633968671,1.0,0.8149354499853934,-0.015810792878076,True
2021-01-27,CAC_40,^FCHI,Yahoo Finance,5459.6201171875,-0.0116361300225685,-1.1636130022568505,0.9889855368920792,,0,,0.0,1.0022814644066331,0.0093053991058097,False
2021-01-28,CAC_40,^FCHI,Yahoo Finance,5510.52001953125,0.0092797843923119,0.9279784392311904,1.0429228795859071,,0,,0.0,0.9889855368920792,-0.0116361300225685,False
2021-01-29,CAC_40,^FCHI,Yahoo Finance,5399.2099609375,-0.020406356785215,-2.040635678521508,1.0224985223417435,,0,,0.0,1.0429228795859071,0.0092797843923119,False
2021-02-01,CAC_40,^FCHI,Yahoo Finance,5461.68017578125,0.0115038275846699,1.1503827584669963,1.250840906694728,0.0621185224425668,1,,0.0,1.0224985223417435,-0.020406356785215,False
2021-02-02,CAC_40,^FCHI,Yahoo Finance,5563.10986328125,0.0184008129038107,1.840081290381078,1.2223385300071097,-0.2356191715225577,1,0.0621185224425668,1.0,1.250840906694728,0.0115038275846699,True
2021-02-03,CAC_40,^FCHI,Yahoo Finance,5563.0498046875,-1.079592519666702e-05,-0.0010795925196667,1.3062004154501343,,0,-0.2356191715225577,1.0,1.2223385300071097,0.0184008129038107,True
2021-02-04,CAC_40,^FCHI,Yahoo Finance,5608.5400390625,0.008143959174256,0.8143959174256042,1.2074932728979366,0.10683399933465826,2,,0.0,1.3062004154501343,-1.079592519666702e-05,False
2021-02-05,CAC_40,^FCHI,Yahoo Finance,5659.259765625,0.0090026571294378,0.900265712943789,1.1506699765147508,0.14133173132137056,3,0.10683399933465826,2.0,1.2074932728979366,0.008143959174256,True
2021-02-08,CAC_40,^FCHI,Yahoo Finance,5686.02978515625,0.0047191513434668,0.4719151343466899,1.1102121931580298,,0,0.14133173132137056,3.0,1.1506699765147508,0.0090026571294378,True
2021-02-09,CAC_40,^FCHI,Yahoo Finance,5691.5400390625,0.0009686170987656,0.0968617098765656,1.0429737292257697,,0,,0.0,1.1102121931580298,0.0047191513434668,False
2021-02-10,CAC_40,^FCHI,Yahoo Finance,5670.7998046875,-0.0036507018263918,-0.3650701826391831,0.9749466101820944,-0.0562053024768829,1,,0.0,1.0429737292257697,0.0009686170987656,False
2021-02-11,CAC_40,^FCHI,Yahoo Finance,5669.81982421875,-0.0001728266185194,-0.017282661851943,0.9324422228839676,,0,-0.0562053024768829,1.0,0.9749466101820944,-0.0036507018263918,True
2021-02-12,CAC_40,^FCHI,Yahoo Finance,5703.669921875,0.0059524734025809,0.595247340258096,0.8797799768431442,0.0720571026361236,2,,0.0,0.9324422228839676,-0.0001728266185194,False
2021-02-15,CAC_40,^FCHI,Yahoo Finance,5786.25,0.0143745997597321,1.437459975973219,0.85291746789817,0.027011420844346552,2,0.0720571026361236,2.0,0.8797799768431442,0.0059524734025809,True
2021-02-16,CAC_40,^FCHI,Yahoo Finance,5786.52978515625,4.835228207891736e-05,0.0048352282078917,0.9514249497243874,0.07050831933378325,2,0.027011420844346552,2.0,0.85291746789817,0.0143745997597321,True
2021-02-17,CAC_40,^FCHI,Yahoo Finance,5765.83984375,-0.0035819427861816,-0.358194278618164,0.8958633326623491,,0,0.07050831933378325,2.0,0.9514249497243874,4.835228207891736e-05,True
2021-02-18,CAC_40,^FCHI,Yahoo Finance,5728.330078125,-0.0065267694901891,-0.6526769490189197,0.8645798676039437,0.3765704035633117,1,,0.0,0.8958633326623491,-0.0035819427861816,False
2021-02-19,CAC_40,^FCHI,Yahoo Finance,5773.5498046875,0.0078630554324573,0.7863055432457386,0.8678359400201631,-0.135077327877904,1,0.3765704035633117,1.0,0.8645798676039437,-0.0065267694901891,True
2021-02-22,CAC_40,^FCHI,Yahoo Finance,5767.43994140625,-0.0010588110701895,-0.1058811070189577,0.8613004147431734,,0,-0.135077327877904,1.0,0.8678359400201631,0.0078630554324573,True
2021-02-23,CAC_40,^FCHI,Yahoo Finance,5779.83984375,0.0021476758753025,0.2147675875302556,0.8208479605504012,,0,,0.0,0.8613004147431734,-0.0010588110701895,False
2021-02-24,CAC_40,^FCHI,Yahoo Finance,5797.97998046875,0.0031336040529298,0.3133604052929888,0.7832340623180887,-0.2145538447158677,1,,0.0,0.8208479605504012,0.0021476758753025,False
2021-02-25,CAC_40,^FCHI,Yahoo Finance,5783.89013671875,-0.0024330873267139,-0.2433087326713964,0.7539737449832576,,0,-0.2145538447158677,1.0,0.7832340623180887,0.0031336040529298,True
2021-02-26,CAC_40,^FCHI,Yahoo Finance,5703.22021484375,-0.0140455250439016,-1.404552504390169,0.7367601723967043,,0,,0.0,0.7539737449832576,-0.0024330873267139,False
2021-03-01,CAC_40,^FCHI,Yahoo Finance,5792.7900390625,0.0155830822644442,1.5583082264444277,0.908770223580753,,0,,0.0,0.7367601723967043,-0.0140455250439016,False
2021-03-02,CAC_40,^FCHI,Yahoo Finance,5809.72998046875,0.002920047268096,0.2920047268096088,1.0163963400991705,,0,,0.0,0.908770223580753,0.0155830822644442,False
2021-03-03,CAC_40,^FCHI,Yahoo Finance,5830.06005859375,0.0034932071334467,0.3493207133446707,0.9542505462511358,,0,,0.0,1.0163963400991705,0.002920047268096,False
2021-03-04,CAC_40,^FCHI,Yahoo Finance,5830.64990234375,0.0001011677252035,0.0101167725203509,0.9021417670448372,,0,,0.0,0.9542505462511358,0.0034932071334467,False
2021-03-05,CAC_40,^FCHI,Yahoo Finance,5782.64990234375,-0.0082664314436917,-0.8266431443691791,0.853045696796934,0.0442173663953629,1,,0.0,0.9021417670448372,0.0001011677252035,False
2021-03-08,CAC_40,^FCHI,Yahoo Finance,5902.990234375,0.0205970036712661,2.059700367126617,0.8822426139605798,,0,0.0442173663953629,1.0,0.853045696796934,-0.0082664314436917,True
2021-03-09,CAC_40,^FCHI,Yahoo Finance,5924.97021484375,0.0037166180702679,0.3716618070267994,1.1111073694498457,,0,,0.0,0.8822426139605798,0.0205970036712661,False
2021-03-10,CAC_40,^FCHI,Yahoo Finance,5990.5498046875,0.0110075350302836,1.1007535030283602,1.039476458003956,,0,,0.0,1.1111073694498457,0.0037166180702679,False
2021-03-11,CAC_40,^FCHI,Yahoo Finance,6033.759765625,0.0071871314831071,0.71871314831071,1.041061667951681,,0,,0.0,1.039476458003956,0.0110075350302836,False
2021-03-12,CAC_40,^FCHI,Yahoo Finance,6046.5498046875,0.002117502662837,0.2117502662837017,1.000037548141393,,0,,0.0,1.041061667951681,0.0071871314831071,False
2021-03-15,CAC_40,^FCHI,Yahoo Finance,6035.97021484375,-0.0017512228459663,-0.1751222845966331,0.9382498589518836,,0,,0.0,1.000037548141393,0.002117502662837,False
2021-03-16,CAC_40,^FCHI,Yahoo Finance,6055.43017578125,0.0032188128935411,0.3218812893541187,0.8898825146666761,,0,,0.0,0.9382498589518836,-0.0017512228459663,False
2021-03-17,CAC_40,^FCHI,Yahoo Finance,6054.81982421875,-0.0001007991681454,-0.0100799168145406,0.8455591031428129,,0,,0.0,0.8898825146666761,0.0032188128935411,False
2021-03-18,CAC_40,^FCHI,Yahoo Finance,6062.7900390625,0.001315476580453,0.1315476580453087,0.8046016878244305,,0,,0.0,0.8455591031428129,-0.0001007991681454,False
2021-03-19,CAC_40,^FCHI,Yahoo Finance,5997.9599609375,-0.0107506917117597,-1.0750691711759777,0.7682964186280409,,0,,0.0,0.8046016878244305,0.001315476580453,False
2021-03-22,CAC_40,^FCHI,Yahoo Finance,5968.47998046875,-0.0049271195530703,-0.4927119553070359,0.8601472131553077,,0,,0.0,0.7682964186280409,-0.0107506917117597,False
2021-03-23,CAC_40,^FCHI,Yahoo Finance,5945.2998046875,-0.0038913267576862,-0.3891326757686274,0.8463543550753665,,0,,0.0,0.8601472131553077,-0.0049271195530703,False
2021-03-24,CAC_40,^FCHI,Yahoo Finance,5947.2900390625,0.0003347015948129,0.0334701594812959,0.8252922951095066,,0,,0.0,0.8463543550753665,-0.0038913267576862,False
2021-03-25,CAC_40,^FCHI,Yahoo Finance,5952.41015625,0.0008605456304668,0.0860545630466802,0.7864614588898029,,0,,0.0,0.8252922951095066,0.0003347015948129,False
2021-03-26,CAC_40,^FCHI,Yahoo Finance,5988.81005859375,0.0060965319172588,0.6096531917258874,0.752749126650599,,0,,0.0,0.7864614588898029,0.0008605456304668,False
2021-03-29,CAC_40,^FCHI,Yahoo Finance,6015.509765625,0.0044483571663796,0.4448357166379629,0.7482061630751737,-0.045732110576183975,3,,0.0,0.752749126650599,0.0060965319172588,False
2021-03-30,CAC_40,^FCHI,Yahoo Finance,6088.0400390625,0.0119851023558218,1.1985102355821802,0.731226937544644,,0,-0.045732110576183975,3.0,0.7482061630751737,0.0044483571663796,True
2021-03-31,CAC_40,^FCHI,Yahoo Finance,6067.22998046875,-0.0034240422289012,-0.3424042228901243,0.8160685972902518,,0,,0.0,0.731226937544644,0.0119851023558218,False
2021-04-01,CAC_40,^FCHI,Yahoo Finance,6102.9599609375,0.0058717379592002,0.5871737959200202,0.7960577837084244,-0.8755818214267492,1,,0.0,0.8160685972902518,-0.0034240422289012,False
2021-04-06,CAC_40,^FCHI,Yahoo Finance,6131.33984375,0.0046394046524569,0.4639404652456926,0.7820329781416105,,0,-0.8755818214267492,1.0,0.7960577837084244,0.0058717379592002,True
2021-04-07,CAC_40,^FCHI,Yahoo Finance,6130.66015625,-0.0001108607895443,-0.0110860789544307,0.7608652441323798,,0,,0.0,0.7820329781416105,0.0046394046524569,False
2021-04-08,CAC_40,^FCHI,Yahoo Finance,6165.72021484375,0.0057025161136115,0.5702516113611591,0.7321915434432675,,0,,0.0,0.7608652441323798,-0.0001108607895443,False
2021-04-09,CAC_40,^FCHI,Yahoo Finance,6169.41015625,0.000598281721442,0.0598281721442091,0.727646883631732,,0,,0.0,0.7321915434432675,0.0057025161136115,False
2021-04-12,CAC_40,^FCHI,Yahoo Finance,6161.68017578125,-0.0012537385215982,-0.125373852159821,0.7028646440099112,-0.24141496828286269,4,,0.0,0.727646883631732,0.000598281721442,False
2021-04-13,CAC_40,^FCHI,Yahoo Finance,6184.10009765625,0.0036320015461711,0.3632001546171178,0.687208172906855,-0.3606886565685272,1,-0.24141496828286269,4.0,0.7028646440099112,-0.0012537385215982,True
2021-04-14,CAC_40,^FCHI,Yahoo Finance,6208.580078125,0.0039507212261124,0.3950721226112456,0.6754341021495686,,0,-0.3606886565685272,1.0,0.687208172906855,0.0036320015461711,True
2021-04-15,CAC_40,^FCHI,Yahoo Finance,6234.14013671875,0.0041084415795545,0.410844157955456,0.6674839530828859,,0,,0.0,0.6754341021495686,0.0039507212261124,False
2021-04-16,CAC_40,^FCHI,Yahoo Finance,6287.06982421875,0.0084544549511731,0.8454454951173161,0.6619048629349855,,0,,0.0,0.6674839530828859,0.0041084415795545,False
2021-04-19,CAC_40,^FCHI,Yahoo Finance,6296.68994140625,0.0015289737313497,0.1528973731349749,0.7042171166315541,,0,,0.0,0.6619048629349855,0.0084544549511731,False
2021-04-20,CAC_40,^FCHI,Yahoo Finance,6165.10986328125,-0.0211181322562295,-2.1118132256229525,0.6830652347235439,-0.4864287902601063,1,,0.0,0.7042171166315541,0.0015289737313497,False
2021-04-21,CAC_40,^FCHI,Yahoo Finance,6210.5498046875,0.0073434704616698,0.7343470461669859,1.0652165716193398,,0,-0.4864287902601063,1.0,0.6830652347235439,-0.0211181322562295,True
2021-04-22,CAC_40,^FCHI,Yahoo Finance,6267.27978515625,0.0090929870360403,0.9092987036040334,1.0219738860100642,,0,,0.0,1.0652165716193398,0.0073434704616698,False
2021-04-23,CAC_40,^FCHI,Yahoo Finance,6257.93994140625,-0.0014913663288975,-0.1491366328897568,1.0029153897446386,,0,,0.0,1.0219738860100642,0.0090929870360403,False
2021-04-26,CAC_40,^FCHI,Yahoo Finance,6275.52001953125,0.0028053051127151,0.2805305112715193,0.9447898246778887,,0,,0.0,1.0029153897446386,-0.0014913663288975,False
2021-04-27,CAC_40,^FCHI,Yahoo Finance,6273.759765625,-0.0002805346518573,-0.0280534651857336,0.8916931293101114,,0,,0.0,0.9447898246778887,0.0028053051127151,False
2021-04-28,CAC_40,^FCHI,Yahoo Finance,6306.97998046875,0.0052811349291942,0.5281134929194206,0.844741876599947,,0,,0.0,0.8916931293101114,-0.0002805346518573,False
2021-04-29,CAC_40,^FCHI,Yahoo Finance,6302.56982421875,-0.0006994946684269,-0.0699494668426953,0.8181822718259436,0.2265998545501913,1,,0.0,0.844741876599947,0.0052811349291942,False
2021-04-30,CAC_40,^FCHI,Yahoo Finance,6269.47998046875,-0.0052640453505154,-0.5264045350515482,0.782675963876353,0.4511383918627184,1,0.2265998545501913,1.0,0.8181822718259436,-0.0006994946684269,True
2021-05-03,CAC_40,^FCHI,Yahoo Finance,6307.89990234375,0.0061093871273058,0.6109387127305891,0.7861478486347387,,0,0.4511383918627184,1.0,0.782675963876353,-0.0052640453505154,True
2021-05-04,CAC_40,^FCHI,Yahoo Finance,6251.75,-0.0089413760527037,-0.8941376052703796,0.7759158571080353,,0,,0.0,0.7861478486347387,0.0061093871273058,False
2021-05-05,CAC_40,^FCHI,Yahoo Finance,6339.47021484375,0.0139337780744986,1.3933778074498688,0.8330205251638916,,0,,0.0,0.7759158571080353,-0.0089413760527037,False
2021-05-06,CAC_40,^FCHI,Yahoo Finance,6357.08984375,0.0027754982665921,0.2775498266592197,0.9281788273776772,,0,,0.0,0.8330205251638916,0.0139337780744986,False
2021-05-07,CAC_40,^FCHI,Yahoo Finance,6385.509765625,0.0044606234001192,0.4460623400119285,0.8772214170214265,,0,,0.0,0.9281788273776772,0.0027754982665921,False
2021-05-10,CAC_40,^FCHI,Yahoo Finance,6385.990234375,7.524077050108156e-05,0.0075240770501081,0.8404639240221311,-0.0704615110797541,1,,0.0,0.8772214170214265,0.0044606234001192,False
2021-05-11,CAC_40,^FCHI,Yahoo Finance,6267.39013671875,-0.0187465432143388,-1.874654321433888,0.7998895790921554,,0,-0.0704615110797541,1.0,0.8404639240221311,7.524077050108156e-05,True
2021-05-12,CAC_40,^FCHI,Yahoo Finance,6279.35009765625,0.0019064656375393,0.1906465637539355,1.0659566120454438,,0,,0.0,0.7998895790921554,-0.0187465432143388,False
2021-05-13,CAC_40,^FCHI,Yahoo Finance,6288.330078125,0.0014290595991306,0.1429059599130616,0.9955752227045296,,0,,0.0,1.0659566120454438,0.0019064656375393,False
2021-05-14,CAC_40,^FCHI,Yahoo Finance,6385.14013671875,0.0152778899564518,1.527788995645186,0.933620211883686,,0,,0.0,0.9955752227045296,0.0014290595991306,False
2021-05-17,CAC_40,^FCHI,Yahoo Finance,6367.35009765625,-0.0027900512411171,-0.2790051241117178,1.0286754052953857,,0,,0.0,0.933620211883686,0.0152778899564518,False
2021-05-18,CAC_40,^FCHI,Yahoo Finance,6353.669921875,-0.0021507993909109,-0.2150799390910942,0.9732165174440496,,0,,0.0,1.0286754052953857,-0.0027900512411171,False
2021-05-19,CAC_40,^FCHI,Yahoo Finance,6262.5498046875,-0.0144451671904209,-1.4445167190420942,0.9219339054107416,,0,,0.0,0.9732165174440496,-0.0021507993909109,False
2021-05-20,CAC_40,^FCHI,Yahoo Finance,6343.580078125,0.0128558709453604,1.2855870945360457,1.0461239971200398,-0.0436379287253927,1,,0.0,0.9219339054107416,-0.0144451671904209,False
2021-05-21,CAC_40,^FCHI,Yahoo Finance,6386.41015625,0.0067290294725921,0.6729029472592185,1.073181017112361,,0,-0.0436379287253927,1.0,1.0461239971200398,0.0128558709453604,True
2021-05-24,CAC_40,^FCHI,Yahoo Finance,6408.490234375,0.0034513906899206,0.3451390689920661,1.0237327609332176,-0.0405759594092766,1,,0.0,1.073181017112361,0.0067290294725921,False
2021-05-25,CAC_40,^FCHI,Yahoo Finance,6390.27001953125,-0.0028471862572245,-0.2847186257224514,0.9622981535012116,,0,-0.0405759594092766,1.0,1.0237327609332176,0.0034513906899206,True
2021-05-26,CAC_40,^FCHI,Yahoo Finance,6391.60009765625,0.0002081194876189,0.0208119487618952,0.9163251847597956,,0,,0.0,0.9622981535012116,-0.0028471862572245,False
2021-05-27,CAC_40,^FCHI,Yahoo Finance,6435.7099609375,0.006877519440476,0.6877519440476058,0.8651680644233604,,0,,0.0,0.9163251847597956,0.0002081194876189,False
2021-05-28,CAC_40,^FCHI,Yahoo Finance,6484.10986328125,0.0074923844784349,0.7492384478434909,0.848852588008531,,0,,0.0,0.8651680644233604,0.006877519440476,False
2021-05-31,CAC_40,^FCHI,Yahoo Finance,6447.169921875,-0.0057132847640083,-0.5713284764008345,0.8415887081080394,0.32167294889907627,2,,0.0,0.848852588008531,0.0074923844784349,False
2021-06-01,CAC_40,^FCHI,Yahoo Finance,6489.39990234375,0.0065287987538617,0.6528798753861791,0.8394047439344323,-0.1130787700298242,1,0.32167294889907627,2.0,0.8415887081080394,-0.0057132847640083,True
2021-06-02,CAC_40,^FCHI,Yahoo Finance,6521.52001953125,0.0049374191268022,0.493741912680226,0.8240645448429915,,0,-0.1130787700298242,1.0,0.8394047439344323,0.0065287987538617,True
2021-06-03,CAC_40,^FCHI,Yahoo Finance,6507.919921875,-0.0020875958838715,-0.208759588387159,0.798294195987845,,0,,0.0,0.8240645448429915,0.0049374191268022,False
2021-06-04,CAC_40,^FCHI,Yahoo Finance,6515.66015625,0.0011886493943921,0.1188649394392147,0.7719270370512344,,0,,0.0,0.798294195987845,-0.0020875958838715,False
2021-06-07,CAC_40,^FCHI,Yahoo Finance,6543.56005859375,0.0042728347225007,0.4272834722500758,0.7403150221319633,,0,,0.0,0.7719270370512344,0.0011886493943921,False
2021-06-08,CAC_40,^FCHI,Yahoo Finance,6551.009765625,0.0011378316256268,0.1137831625626807,0.7235000603859569,-0.6186492309960372,1,,0.0,0.7403150221319633,0.0042728347225007,False
2021-06-09,CAC_40,^FCHI,Yahoo Finance,6563.4501953125,0.0018972086469533,0.1897208646953382,0.6991439563175941,,0,-0.6186492309960372,1.0,0.7235000603859569,0.0011378316256268,True
2021-06-10,CAC_40,^FCHI,Yahoo Finance,6546.490234375,-0.0025873451507722,-0.2587345150772208,0.679285878092025,,0,,0.0,0.6991439563175941,0.0018972086469533,False
2021-06-11,CAC_40,^FCHI,Yahoo Finance,6600.66015625,0.0082406037522532,0.8240603752253254,0.6758595327742256,-0.09298604481155051,2,,0.0,0.679285878092025,-0.0025873451507722,False
2021-06-14,CAC_40,^FCHI,Yahoo Finance,6616.35009765625,0.0023742054329976,0.2374205432997656,0.7119046467883344,,0,-0.09298604481155051,2.0,0.6758595327742256,0.0082406037522532,True
2021-06-15,CAC_40,^FCHI,Yahoo Finance,6639.52001953125,0.0034958015228091,0.3495801522809134,0.6910889714942803,0.0119175954129208,1,,0.0,0.7119046467883344,0.0023742054329976,False
2021-06-16,CAC_40,^FCHI,Yahoo Finance,6652.64990234375,0.0019755821901289,0.1975582190128954,0.6779584989089854,,0,0.0119175954129208,1.0,0.6910889714942803,0.0034958015228091,True
2021-06-17,CAC_40,^FCHI,Yahoo Finance,6666.259765625,0.0020436910163865,0.2043691016386515,0.6616293236908587,,0,,0.0,0.6779584989089854,0.0019755821901289,False
2021-06-18,CAC_40,^FCHI,Yahoo Finance,6569.16015625,-0.0146729536402891,-1.4672953640289157,0.6481039981464324,,0,,0.0,0.6616293236908587,0.0020436910163865,False
2021-06-21,CAC_40,^FCHI,Yahoo Finance,6602.5400390625,0.0050684351717071,0.5068435171707104,0.8675548213458032,,0,,0.0,0.6481039981464324,-0.0146729536402891,False
2021-06-22,CAC_40,^FCHI,Yahoo Finance,6611.5,0.0013561276164122,0.1356127616412287,0.8360130620846973,,0,,0.0,0.8675548213458032,0.0050684351717071,False
2021-06-23,CAC_40,^FCHI,Yahoo Finance,6551.06982421875,-0.0091821887629954,-0.9182188762995408,0.7952818483447338,,0,,0.0,0.8360130620846973,0.0013561276164122,False
2021-06-24,CAC_40,^FCHI,Yahoo Finance,6631.14990234375,0.0121498601747091,1.2149860174709133,0.8518687008344944,,0,,0.0,0.7952818483447338,-0.0091821887629954,False
2021-06-25,CAC_40,^FCHI,Yahoo Finance,6622.8701171875,-0.0012493999890012,-0.124939998900123,0.9095762641966716,,0,,0.0,0.8518687008344944,0.0121498601747091,False
2021-06-28,CAC_40,^FCHI,Yahoo Finance,6558.02001953125,-0.0098400973311456,-0.98400973311457,0.8630896856685111,0.1778556299085418,1,,0.0,0.9095762641966716,-0.0012493999890012,False
2021-06-29,CAC_40,^FCHI,Yahoo Finance,6567.43017578125,0.0014338796341847,0.1433879634184729,0.9150206314094348,,0,0.1778556299085418,1.0,0.8630896856685111,-0.0098400973311456,True
2021-06-30,CAC_40,^FCHI,Yahoo Finance,6507.830078125,-0.0091165314164821,-0.9116531416482192,0.8635582634948384,,0,,0.0,0.9150206314094348,0.0014338796341847,False
2021-07-01,CAC_40,^FCHI,Yahoo Finance,6553.81982421875,0.0070419796102422,0.7041979610242234,0.903579607718996,-0.1482347610704216,1,,0.0,0.8635582634948384,-0.0091165314164821,False
2021-07-02,CAC_40,^FCHI,Yahoo Finance,6552.85986328125,-0.0001464842297369,-0.0146484229736964,0.8825344098380661,,0,-0.1482347610704216,1.0,0.903579607718996,0.0070419796102422,True
2021-07-05,CAC_40,^FCHI,Yahoo Finance,6567.5400390625,0.0022377643999481,0.2237764399948173,0.8365484083753185,-0.1353878768902548,1,,0.0,0.8825344098380661,-0.0001464842297369,False
2021-07-06,CAC_40,^FCHI,Yahoo Finance,6507.47998046875,-0.0091870576008292,-0.9187057600829248,0.7968891643044967,,0,-0.1353878768902548,1.0,0.8365484083753185,0.0022377643999481,True
2021-07-07,CAC_40,^FCHI,Yahoo Finance,6527.72021484375,0.0031054759939391,0.3105475993939193,0.8531790305429297,,0,,0.0,0.7968891643044967,-0.0091870576008292,False
2021-07-08,CAC_40,^FCHI,Yahoo Finance,6396.72998046875,-0.0202708382583076,-2.027083825830762,0.813607790771923,,0,,0.0,0.8531790305429297,0.0031054759939391,False
2021-07-09,CAC_40,^FCHI,Yahoo Finance,6529.419921875,0.0205311873122432,2.053118731224328,1.114738460553278,,0,,0.0,0.813607790771923,-0.0202708382583076,False
2021-07-12,CAC_40,^FCHI,Yahoo Finance,6559.25,0.0045581606001072,0.4558160600107234,1.269174328072162,-0.0408089455172774,2,,0.0,1.114738460553278,0.0205311873122432,False
2021-07-13,CAC_40,^FCHI,Yahoo Finance,6558.47021484375,-0.0001188903474684,-0.0118890347468477,1.1813647222254953,,0,-0.0408089455172774,2.0,1.269174328072162,0.0045581606001072,True
2021-07-14,CAC_40,^FCHI,Yahoo Finance,6558.3798828125,-1.3773433496463423e-05,-0.0013773433496463,1.0974140520807196,,0,,0.0,1.1813647222254953,-0.0001188903474684,False
2021-07-15,CAC_40,^FCHI,Yahoo Finance,6493.35986328125,-0.0099635081117865,-0.9963508111786512,1.023458972010378,,0,,0.0,1.0974140520807196,-1.3773433496463423e-05,False
2021-07-16,CAC_40,^FCHI,Yahoo Finance,6460.080078125,-0.0051383815466016,-0.5138381546601677,1.043358786555292,,0,,0.0,1.023458972010378,-0.0099635081117865,False
2021-07-19,CAC_40,^FCHI,Yahoo Finance,6295.97021484375,-0.0257319334146168,-2.573193341461687,1.0026286810437075,,0,,0.0,1.043358786555292,-0.0051383815466016,False
2021-07-20,CAC_40,^FCHI,Yahoo Finance,6346.85009765625,0.0080488619214465,0.8048861921446561,1.3760293988214654,,0,,0.0,1.0026286810437075,-0.0257319334146168,False
2021-07-21,CAC_40,^FCHI,Yahoo Finance,6464.47998046875,0.0183639306471802,1.83639306471802,1.2955281362181703,,0,,0.0,1.3760293988214654,0.0080488619214465,False
2021-07-22,CAC_40,^FCHI,Yahoo Finance,6481.58984375,0.0026432536631555,0.2643253663155589,1.362031797369171,,0,,0.0,1.2955281362181703,0.0183639306471802,False
2021-07-23,CAC_40,^FCHI,Yahoo Finance,6568.81982421875,0.0133683588145744,1.3368358814574466,1.25770709712559,-0.16345814898765332,2,,0.0,1.362031797369171,0.0026432536631555,False
2021-07-26,CAC_40,^FCHI,Yahoo Finance,6578.60009765625,0.0014877862424226,0.1487786242422682,1.2521628524182642,,0,-0.16345814898765332,2.0,1.25770709712559,0.0133683588145744,True
2021-07-27,CAC_40,^FCHI,Yahoo Finance,6531.919921875,-0.0071210559111302,-0.7121055911130213,1.159125649594274,,0,,0.0,1.2521628524182642,0.0014877862424226,False
2021-07-28,CAC_40,^FCHI,Yahoo Finance,6609.31005859375,0.0117783543129208,1.1778354312920836,1.1198247593416977,,0,,0.0,1.159125649594274,-0.0071210559111302,False
2021-07-29,CAC_40,^FCHI,Yahoo Finance,6633.77001953125,0.0036940029974223,0.3694002997422363,1.1172176966648577,0.1576086122387399,1,,0.0,1.1198247593416977,0.0117783543129208,False
2021-07-30,CAC_40,^FCHI,Yahoo Finance,6612.759765625,-0.0031721925463526,-0.3172192546352661,1.0447404865291898,,0,0.1576086122387399,1.0,1.1172176966648577,0.0036940029974223,True
2021-08-02,CAC_40,^FCHI,Yahoo Finance,6675.89990234375,0.0095029315905796,0.950293159057964,0.9893185225170416,-0.1259458739426918,2,,0.0,1.0447404865291898,-0.0031721925463526,False
2021-08-03,CAC_40,^FCHI,Yahoo Finance,6723.81005859375,0.0071509548417478,0.715095484174786,0.9806170888935968,,0,-0.1259458739426918,2.0,0.9893185225170416,0.0095029315905796,True
2021-08-04,CAC_40,^FCHI,Yahoo Finance,6746.22998046875,0.0033288605696037,0.3328860569603775,0.9484069741389164,,0,,0.0,0.9806170888935968,0.0071509548417478,False
2021-08-05,CAC_40,^FCHI,Yahoo Finance,6781.18994140625,0.0051687666934761,0.5168766693476179,0.8964798176651624,,0,,0.0,0.9484069741389164,0.0033288605696037,False
2021-08-06,CAC_40,^FCHI,Yahoo Finance,6816.9599609375,0.0052610248148147,0.5261024814814704,0.8612837228960859,,0,,0.0,0.8964798176651624,0.0051687666934761,False
2021-08-09,CAC_40,^FCHI,Yahoo Finance,6813.18017578125,-0.000554621627544,-0.0554621627544032,0.832029247885521,,0,,0.0,0.8612837228960859,0.0052610248148147,False
2021-08-10,CAC_40,^FCHI,Yahoo Finance,6820.2099609375,0.0010312601207427,0.1031260120742772,0.7940958453397421,,0,,0.0,0.832029247885521,-0.000554621627544,False
2021-08-11,CAC_40,^FCHI,Yahoo Finance,6857.990234375,0.0055241726213592,0.552417262135924,0.759241836783285,,0,,0.0,0.7940958453397421,0.0010312601207427,False
2021-08-12,CAC_40,^FCHI,Yahoo Finance,6882.47021484375,0.0035632002959207,0.3563200295920772,0.7484594085257392,,0,,0.0,0.759241836783285,0.0055241726213592,False
2021-08-13,CAC_40,^FCHI,Yahoo Finance,6896.0400390625,0.0019697091131025,0.1969709113102593,0.726405448679519,,0,,0.0,0.7484594085257392,0.0035632002959207,False
2021-08-16,CAC_40,^FCHI,Yahoo Finance,6838.77001953125,-0.0083394457144492,-0.8339445714449232,0.7024263061857667,,0,,0.0,0.726405448679519,0.0019697091131025,False
2021-08-17,CAC_40,^FCHI,Yahoo Finance,6819.83984375,-0.0027719055001211,-0.2771905500121134,0.7672012281157132,,0,,0.0,0.7024263061857667,-0.0083394457144492,False
2021-08-18,CAC_40,^FCHI,Yahoo Finance,6770.10986328125,-0.0073186735071814,-0.7318673507181471,0.7501814420261868,,0,,0.0,0.7672012281157132,-0.0027719055001211,False
2021-08-19,CAC_40,^FCHI,Yahoo Finance,6605.89013671875,-0.0245556187537989,-2.4555618753798987,0.7872768221515458,,0,,0.0,0.7501814420261868,-0.0073186735071814,False
2021-08-20,CAC_40,^FCHI,Yahoo Finance,6626.10986328125,0.0030561883767637,0.305618837676371,1.2211940268791783,,0,,0.0,0.7872768221515458,-0.0245556187537989,False
2021-08-23,CAC_40,^FCHI,Yahoo Finance,6683.10009765625,0.0085640819949165,0.8564081994916534,1.1341302964521458,,0,,0.0,1.2211940268791783,0.0030561883767637,False
2021-08-24,CAC_40,^FCHI,Yahoo Finance,6664.31005859375,-0.0028155351870204,-0.2815535187020477,1.0918419171867475,,0,,0.0,1.1341302964521458,0.0085640819949165,False
2021-08-25,CAC_40,^FCHI,Yahoo Finance,6676.47998046875,0.001824468448298,0.1824468448298075,1.0281123097742526,,0,,0.0,1.0918419171867475,-0.0028155351870204,False
2021-08-26,CAC_40,^FCHI,Yahoo Finance,6666.02978515625,-0.0015664515346712,-0.1566451534671233,0.9623654704439548,-0.2197948857778456,1,,0.0,1.0281123097742526,0.001824468448298,False
2021-08-27,CAC_40,^FCHI,Yahoo Finance,6681.919921875,0.0023809116117362,0.2380911611736247,0.9099315792517428,,0,-0.2197948857778456,1.0,0.9623654704439548,-0.0015664515346712,True
2021-08-30,CAC_40,^FCHI,Yahoo Finance,6687.2998046875,0.0008048163188168,0.0804816318816853,0.8604597715780323,,0,,0.0,0.9099315792517428,0.0023809116117362,False
2021-08-31,CAC_40,^FCHI,Yahoo Finance,6680.18017578125,-0.00106521641923,-0.1065216419230019,0.8163174723979062,,0,,0.0,0.8604597715780323,0.0008048163188168,False
2021-09-01,CAC_40,^FCHI,Yahoo Finance,6758.68994140625,0.0116841160169583,1.16841160169583,0.7823610533927552,,0,,0.0,0.8163174723979062,-0.00106521641923,False
2021-09-02,CAC_40,^FCHI,Yahoo Finance,6763.080078125,0.0006493435203625,0.064934352036256,0.8486226369769121,,0,,0.0,0.7823610533927552,0.0116841160169583,False
2021-09-03,CAC_40,^FCHI,Yahoo Finance,6689.990234375,-0.0108660047400756,-1.0866004740075683,0.8062063838851173,,0,,0.0,0.8486226369769121,0.0006493435203625,False
2021-09-06,CAC_40,^FCHI,Yahoo Finance,6743.5,0.0079666635703822,0.7966663570382232,0.8902477686786641,,0,,0.0,0.8062063838851173,-0.0108660047400756,False
2021-09-07,CAC_40,^FCHI,Yahoo Finance,6726.06982421875,-0.0025880834708036,-0.258808347080364,0.8809506627434738,,0,,0.0,0.8902477686786641,0.0079666635703822,False
2021-09-08,CAC_40,^FCHI,Yahoo Finance,6668.89013671875,-0.008537544715879,-0.8537544715879058,0.8451151000121505,,0,,0.0,0.8809506627434738,-0.0025880834708036,False
2021-09-09,CAC_40,^FCHI,Yahoo Finance,6684.72021484375,0.0023709072113946,0.2370907211394639,0.8800887815236947,0.1649852681818396,2,,0.0,0.8451151000121505,-0.008537544715879,False
2021-09-10,CAC_40,^FCHI,Yahoo Finance,6663.77001953125,-0.0031389636051219,-0.3138963605121975,0.834655129845381,0.00726119083216205,2,0.1649852681818396,2.0,0.8800887815236947,0.0023709072113946,True
2021-09-13,CAC_40,^FCHI,Yahoo Finance,6676.93017578125,0.0019729340028815,0.1972934002881597,0.8095212384916569,,0,0.00726119083216205,2.0,0.834655129845381,-0.0031389636051219,True
2021-09-14,CAC_40,^FCHI,Yahoo Finance,6652.97021484375,-0.0035949235987054,-0.3594923598705484,0.7732111599666727,,0,,0.0,0.8095212384916569,0.0019729340028815,False
2021-09-15,CAC_40,^FCHI,Yahoo Finance,6583.6201171875,-0.0104786399638908,-1.0478639963890843,0.7616959248976959,,0,,0.0,0.7732111599666727,-0.0035949235987054,False
2021-09-16,CAC_40,^FCHI,Yahoo Finance,6622.58984375,0.0059017446775798,0.5901744677579821,0.8500875032605679,,0,,0.0,0.7616959248976959,-0.0104786399638908,False
2021-09-17,CAC_40,^FCHI,Yahoo Finance,6570.18994140625,-0.007943766021699,-0.7943766021699019,0.8274961653624128,,0,,0.0,0.8500875032605679,0.0059017446775798,False
2021-09-20,CAC_40,^FCHI,Yahoo Finance,6455.81005859375,-0.017562232867436,-1.756223286743604,0.857261290252132,-0.2479507087596825,1,,0.0,0.8274961653624128,-0.007943766021699,False
2021-09-21,CAC_40,^FCHI,Yahoo Finance,6552.72998046875,0.0149012441021194,1.490124410211947,1.0723720331149216,,0,-0.2479507087596825,1.0,0.857261290252132,-0.017562232867436,True
2021-09-22,CAC_40,^FCHI,Yahoo Finance,6637.0,0.0127783004385729,1.2778300438572994,1.1273939973970095,,0,,0.0,1.0723720331149216,0.0149012441021194,False
2021-09-23,CAC_40,^FCHI,Yahoo Finance,6701.97998046875,0.0097429480488017,0.9742948048801714,1.1373958382035816,,0,,0.0,1.1273939973970095,0.0127783004385729,False
2021-09-24,CAC_40,^FCHI,Yahoo Finance,6638.4599609375,-0.0095229992187525,-0.952299921875258,1.1068173557119996,,0,,0.0,1.1373958382035816,0.0097429480488017,False
2021-09-27,CAC_40,^FCHI,Yahoo Finance,6650.91015625,0.0018737079101875,0.1873707910187552,1.1047545213804788,-0.1622834741310388,1,,0.0,1.1068173557119996,-0.0095229992187525,False
2021-09-28,CAC_40,^FCHI,Yahoo Finance,6506.5,-0.0219520336693496,-2.1952033669349618,1.0295616442592248,,0,-0.1622834741310388,1.0,1.1047545213804788,0.0018737079101875,True
2021-09-29,CAC_40,^FCHI,Yahoo Finance,6560.7998046875,0.0083108397357724,0.8310839735772414,1.2935368660760276,,0,,0.0,1.0295616442592248,-0.0219520336693496,False
2021-09-30,CAC_40,^FCHI,Yahoo Finance,6520.009765625,-0.0062366432377621,-0.6236643237762188,1.2261613253318675,,0,,0.0,1.2935368660760276,0.0083108397357724,False
2021-10-01,CAC_40,^FCHI,Yahoo Finance,6517.68994140625,-0.0003558640397248,-0.0355864039724859,1.1685708710922853,-0.12568901542884603,2,,0.0,1.2261613253318675,-0.0062366432377621,False
2021-10-04,CAC_40,^FCHI,Yahoo Finance,6477.66015625,-0.0061606515348416,-0.6160651534841678,1.0865479404540324,0.9095829371362923,1,-0.12568901542884603,2.0,1.1685708710922853,-0.0003558640397248,True
2021-10-05,CAC_40,^FCHI,Yahoo Finance,6576.27978515625,0.0151098450952266,1.510984509522669,1.048731181228132,0.1851781075820326,1,0.9095829371362923,1.0,1.0865479404540324,-0.0061606515348416,True
2021-10-06,CAC_40,^FCHI,Yahoo Finance,6493.1201171875,-0.0127260304082739,-1.2726030408273918,1.1127355890294244,,0,0.1851781075820326,1.0,1.048731181228132,0.0151098450952266,True
2021-10-07,CAC_40,^FCHI,Yahoo Finance,6600.18994140625,0.0163552547741478,1.6355254774147865,1.1580627828194976,,0,,0.0,1.1127355890294244,-0.0127260304082739,False
2021-10-08,CAC_40,^FCHI,Yahoo Finance,6559.990234375,-0.0061093133266772,-0.6109313326677291,1.2194329243805409,,0,,0.0,1.1580627828194976,0.0163552547741478,False
2021-10-11,CAC_40,^FCHI,Yahoo Finance,6570.5400390625,0.0016069125523369,0.1606912552336997,1.1616807660476511,,0,,0.0,1.2194329243805409,-0.0061093133266772,False
2021-10-12,CAC_40,^FCHI,Yahoo Finance,6548.10986328125,-0.0034195893336067,-0.3419589333606793,1.0793720796701838,-0.1208607148379087,1,,0.0,1.1616807660476511,0.0016069125523369,False
2021-10-13,CAC_40,^FCHI,Yahoo Finance,6597.3798828125,0.0074961452480761,0.749614524807618,1.0207691735821944,,0,-0.1208607148379087,1.0,1.0793720796701838,-0.0034195893336067,True
2021-10-14,CAC_40,^FCHI,Yahoo Finance,6685.2099609375,0.013225035070604,1.322503507060404,0.9855495011930688,,0,,0.0,1.0207691735821944,0.0074961452480761,False
2021-10-15,CAC_40,^FCHI,Yahoo Finance,6727.52001953125,0.0063089615602778,0.6308961560277824,1.03125166129758,,0,,0.0,0.9855495011930688,0.013225035070604,False
2021-10-18,CAC_40,^FCHI,Yahoo Finance,6673.10009765625,-0.0081220451832061,-0.8122045183206192,0.9845724799276876,,0,,0.0,1.03125166129758,0.0063089615602778,False
2021-10-19,CAC_40,^FCHI,Yahoo Finance,6669.85009765625,-0.0004871486465435,-0.0487148646543563,0.986069447468161,,0,,0.0,0.9845724799276876,-0.0081220451832061,False
2021-10-20,CAC_40,^FCHI,Yahoo Finance,6705.60986328125,0.0053470835292268,0.5347083529226869,0.9270481966040928,,0,,0.0,0.986069447468161,-0.0004871486465435,False
2021-10-21,CAC_40,^FCHI,Yahoo Finance,6686.169921875,-0.0029032668357744,-0.2903266835774448,0.8885504594475109,,0,,0.0,0.9270481966040928,0.0053470835292268,False
2021-10-22,CAC_40,^FCHI,Yahoo Finance,6733.68994140625,0.0070820736776883,0.7082073677688362,0.8535804468531947,,0,,0.0,0.8885504594475109,-0.0029032668357744,False
2021-10-25,CAC_40,^FCHI,Yahoo Finance,6712.8701171875,-0.0030966791157783,-0.3096679115778367,0.8412281119989586,,0,,0.0,0.8535804468531947,0.0070820736776883,False
2021-10-26,CAC_40,^FCHI,Yahoo Finance,6766.509765625,0.0079588129488992,0.7958812948899274,0.8147634816954916,,0,,0.0,0.8412281119989586,-0.0030966791157783,False
2021-10-27,CAC_40,^FCHI,Yahoo Finance,6753.52001953125,-0.001921556431027,-0.1921556431027034,0.8189167668105575,,0,,0.0,0.8147634816954916,0.0079588129488992,False
2021-10-28,CAC_40,^FCHI,Yahoo Finance,6804.22021484375,0.0074791861734664,0.7479186173466454,0.7884950549745527,,0,,0.0,0.8189167668105575,-0.001921556431027,False
2021-10-29,CAC_40,^FCHI,Yahoo Finance,6830.33984375,0.0038313903413137,0.3831390341313751,0.7919459387054745,,0,,0.0,0.7884950549745527,0.0074791861734664,False
2021-11-01,CAC_40,^FCHI,Yahoo Finance,6893.2900390625,0.0091740505036825,0.9174050503682524,0.7645001294826674,,0,,0.0,0.7919459387054745,0.0038313903413137,False
2021-11-02,CAC_40,^FCHI,Yahoo Finance,6927.02978515625,0.0048826385428033,0.4882638542803343,0.7945804217972965,,0,,0.0,0.7645001294826674,0.0091740505036825,False
2021-11-03,CAC_40,^FCHI,Yahoo Finance,6950.64990234375,0.0034040474384234,0.3404047438423446,0.7730682325382974,,0,,0.0,0.7945804217972965,0.0048826385428033,False
2021-11-04,CAC_40,^FCHI,Yahoo Finance,6987.7900390625,0.0053291795600712,0.5329179560071228,0.7464672358947619,,0,,0.0,0.7730682325382974,0.0034040474384234,False
2021-11-05,CAC_40,^FCHI,Yahoo Finance,7040.7900390625,0.0075560394378596,0.7556039437859652,0.73624591084792,,0,,0.0,0.7464672358947619,0.0053291795600712,False
2021-11-08,CAC_40,^FCHI,Yahoo Finance,7047.47998046875,0.0009497180136121,0.0949718013612162,0.7505973825424962,,0,,0.0,0.73624591084792,0.0075560394378596,False
2021-11-09,CAC_40,^FCHI,Yahoo Finance,7043.27001953125,-0.0005975496070499,-0.0597549607049955,0.7221437315758666,,0,,0.0,0.7505973825424962,0.0009497180136121,False
2021-11-10,CAC_40,^FCHI,Yahoo Finance,7045.16015625,0.000268324675852,0.0268324675852093,0.7007581056482582,,0,,0.0,0.7221437315758666,-0.0005975496070499,False
2021-11-11,CAC_40,^FCHI,Yahoo Finance,7059.5498046875,0.0020404040167656,0.2040404016765687,0.6805720656072272,,0,,0.0,0.7007581056482582,0.000268324675852,False
2021-11-12,CAC_40,^FCHI,Yahoo Finance,7091.39990234375,0.004501486062515,0.4501486062515091,0.6639511237154151,,0,,0.0,0.6805720656072272,0.0020404040167656,False
2021-11-15,CAC_40,^FCHI,Yahoo Finance,7128.6298828125,0.0052362851692464,0.5236285169246482,0.6617092530112438,-0.0438211852345954,1,,0.0,0.6639511237154151,0.004501486062515,False
2021-11-16,CAC_40,^FCHI,Yahoo Finance,7152.60009765625,0.0033568869608484,0.3356886960848417,0.6658112689010829,0.0010791712750991,1,-0.0438211852345954,1.0,0.6617092530112438,0.0052362851692464,True
2021-11-17,CAC_40,^FCHI,Yahoo Finance,7156.85009765625,0.0005940130566806,0.0594013056680656,0.6562322800723078,,0,0.0010791712750991,1.0,0.6658112689010829,0.0033568869608484,True
2021-11-18,CAC_40,^FCHI,Yahoo Finance,7141.97998046875,-0.0020799075822216,-0.2079907582221679,0.6427810223359968,,0,,0.0,0.6562322800723078,0.0005940130566806,False
2021-11-19,CAC_40,^FCHI,Yahoo Finance,7112.2900390625,-0.0041657670720714,-0.4165767072071454,0.6422237651812527,,0,,0.0,0.6427810223359968,-0.0020799075822216,False
2021-11-22,CAC_40,^FCHI,Yahoo Finance,7105.0,-0.0010255174764491,-0.1025517476449136,0.6606313418664685,,0,,0.0,0.6422237651812527,-0.0041657670720714,False
2021-11-23,CAC_40,^FCHI,Yahoo Finance,7044.6201171875,-0.0085345399819479,-0.8534539981947937,0.650944080254311,-0.2726633501505213,1,,0.0,0.6606313418664685,-0.0010255174764491,False
2021-11-24,CAC_40,^FCHI,Yahoo Finance,7042.22998046875,-0.0003393429652642,-0.0339342965264252,0.7326733996078582,-0.0973020749937357,1,-0.2726633501505213,1.0,0.650944080254311,-0.0085345399819479,True
2021-11-25,CAC_40,^FCHI,Yahoo Finance,7075.8701171875,0.0047655421269279,0.4765542126927917,0.7088604431868093,,0,-0.0973020749937357,1.0,0.7326733996078582,-0.0003393429652642,True
2021-11-26,CAC_40,^FCHI,Yahoo Finance,6739.72998046875,-0.0486705588520697,-4.867055885206973,0.7006820203829588,,0,,0.0,0.7088604431868093,0.0047655421269279,False
2021-11-29,CAC_40,^FCHI,Yahoo Finance,6776.25,0.0054039897157009,0.540398971570093,1.985836655824201,,0,,0.0,0.7006820203829588,-0.0486705588520697,False
2021-11-30,CAC_40,^FCHI,Yahoo Finance,6721.16015625,-0.0081630696592122,-0.8163069659212269,1.8202982038414133,,0,,0.0,1.985836655824201,0.0054039897157009,False
2021-12-01,CAC_40,^FCHI,Yahoo Finance,6881.8701171875,0.0236296524345131,2.362965243451318,1.700358096528704,-0.2157598350729261,1,,0.0,1.8202982038414133,-0.0081630696592122,False
2021-12-02,CAC_40,^FCHI,Yahoo Finance,6795.75,-0.0125930175795691,-1.2593017579569157,1.7728312932761328,,0,-0.2157598350729261,1.0,1.700358096528704,0.0236296524345131,True
2021-12-03,CAC_40,^FCHI,Yahoo Finance,6765.52001953125,-0.0044582890093594,-0.4458289009359491,1.701275515636377,,0,,0.0,1.7728312932761328,-0.0125930175795691,False
2021-12-06,CAC_40,^FCHI,Yahoo Finance,6865.77978515625,0.0147104935055772,1.4710493505577236,1.5720713394810053,,0,,0.0,1.701275515636377,-0.0044582890093594,False
2021-12-07,CAC_40,^FCHI,Yahoo Finance,7065.39013671875,0.0286586143775751,2.865861437757511,1.531260277008811,,0,,0.0,1.5720713394810053,0.0147104935055772,False
2021-12-08,CAC_40,^FCHI,Yahoo Finance,7014.56982421875,-0.0072188462659528,-0.7218846265952894,1.7467006948339026,-0.2193974333653307,1,,0.0,1.531260277008811,0.0286586143775751,False
2021-12-09,CAC_40,^FCHI,Yahoo Finance,7008.22998046875,-0.0009042194526434,-0.0904219452643467,1.6288558151912509,,0,-0.2193974333653307,1.0,1.7467006948339026,-0.0072188462659528,True
2021-12-10,CAC_40,^FCHI,Yahoo Finance,6991.68017578125,-0.0023642740863269,-0.2364274086326905,1.4955449558077,0.0083904713392257,1,,0.0,1.6288558151912509,-0.0009042194526434,False
2021-12-13,CAC_40,^FCHI,Yahoo Finance,6942.91015625,-0.0069998783611607,-0.6999878361160733,1.3809276935594177,-0.0792003355565525,2,0.0083904713392257,1.0,1.4955449558077,-0.0023642740863269,True
2021-12-14,CAC_40,^FCHI,Yahoo Finance,6895.31005859375,-0.0068795386476122,-0.6879538647612266,1.308500002995562,,0,-0.0792003355565525,2.0,1.3809276935594177,-0.0069998783611607,True
2021-12-15,CAC_40,^FCHI,Yahoo Finance,6927.6298828125,0.0046762676032474,0.4676267603247467,1.2450283445532122,0.2563302479943053,1,,0.0,1.308500002995562,-0.0068795386476122,False
2021-12-16,CAC_40,^FCHI,Yahoo Finance,7005.06982421875,0.0111164010563638,1.1116401056363865,1.160662316333731,,0,0.2563302479943053,1.0,1.2450283445532122,0.0046762676032474,True
2021-12-17,CAC_40,^FCHI,Yahoo Finance,6926.6298828125,-0.0112607609887822,-1.1260760988782297,1.1423719467684048,,0,,0.0,1.160662316333731,0.0111164010563638,False
2021-12-20,CAC_40,^FCHI,Yahoo Finance,6870.10009765625,-0.008194710135315,-0.8194710135315028,1.1584207527417902,,0,,0.0,1.1423719467684048,-0.0112607609887822,False
2021-12-21,CAC_40,^FCHI,Yahoo Finance,6964.990234375,0.013717528747248,1.371752874724805,1.1309396324095815,,0,,0.0,1.1584207527417902,-0.008194710135315,False
2021-12-22,CAC_40,^FCHI,Yahoo Finance,7051.669921875,0.012368251995361,1.236825199536101,1.1543154355579603,-0.0566721875220537,1,,0.0,1.1309396324095815,0.013717528747248,False
2021-12-23,CAC_40,^FCHI,Yahoo Finance,7106.14990234375,0.0076961354292226,0.7696135429222604,1.1535320108484444,-0.1804212760180235,1,-0.0566721875220537,1.0,1.1543154355579603,0.012368251995361,True
2021-12-24,CAC_40,^FCHI,Yahoo Finance,7086.580078125,-0.0027577268993561,-0.2757726899356122,1.1005266427577578,,0,-0.1804212760180235,1.0,1.1535320108484444,0.0076961354292226,True
2021-12-27,CAC_40,^FCHI,Yahoo Finance,7140.39013671875,0.007564550199523,0.7564550199523046,1.0353580875186124,,0,,0.0,1.1005266427577578,-0.0027577268993561,False
2021-12-28,CAC_40,^FCHI,Yahoo Finance,7181.10986328125,0.0056865323172481,0.5686532317248189,0.9985466158985566,,0,,0.0,1.0353580875186124,0.007564550199523,False
2021-12-29,CAC_40,^FCHI,Yahoo Finance,7161.52001953125,-0.0027316965008436,-0.2731696500843623,0.9520609481612892,0.0725156337241915,1,,0.0,0.9985466158985566,0.0056865323172481,False
2021-12-30,CAC_40,^FCHI,Yahoo Finance,7173.22998046875,0.0016337869223033,0.1633786922303322,0.9068440588412656,,0,0.0725156337241915,1.0,0.9520609481612892,-0.0027316965008436,True
2021-12-31,CAC_40,^FCHI,Yahoo Finance,7153.02978515625,-0.0028200254679003,-0.2820025467900324,0.856627887874192,-0.1856924097886995,1,,0.0,0.9068440588412656,0.0016337869223033,False
2022-01-03,CAC_40,^FCHI,Yahoo Finance,7217.22021484375,0.0089338538476105,0.8933853847610539,0.8258939738027675,-0.0338769379410553,1,-0.1856924097886995,1.0,0.856627887874192,-0.0028200254679003,True
2022-01-04,CAC_40,^FCHI,Yahoo Finance,7317.41015625,0.0137865946047386,1.3786594604738651,0.8401413233006996,,0,-0.0338769379410553,1.0,0.8258939738027675,0.0089338538476105,True
2022-01-05,CAC_40,^FCHI,Yahoo Finance,7376.3701171875,0.0080252019939622,0.8025201993962283,0.9305698103128102,,0,,0.0,0.8401413233006996,0.0137865946047386,False
2022-01-06,CAC_40,^FCHI,Yahoo Finance,7249.66015625,-0.0173270708049547,-1.7327070804954785,0.915032552898658,,0,,0.0,0.9305698103128102,0.0080252019939622,False
2022-01-07,CAC_40,^FCHI,Yahoo Finance,7219.47998046875,-0.0041716673229206,-0.4171667322920677,1.105214290169902,,0,,0.0,0.915032552898658,-0.0173270708049547,False
2022-01-10,CAC_40,^FCHI,Yahoo Finance,7115.77001953125,-0.0144694749479237,-1.4469474947923786,1.0480651999412052,0.0026789637105095,1,,0.0,1.105214290169902,-0.0041716673229206,False
2022-01-11,CAC_40,^FCHI,Yahoo Finance,7183.3798828125,0.0094565575694953,0.9456557569495384,1.1396181229693363,-0.0145441192601408,1,0.0026789637105095,1.0,1.0480651999412052,-0.0144694749479237,True
2022-01-12,CAC_40,^FCHI,Yahoo Finance,7237.18994140625,0.0074629933492328,0.7462993349232871,1.1055768931557417,-0.2758415777236223,1,-0.0145441192601408,1.0,1.1396181229693363,0.0094565575694953,True
2022-01-13,CAC_40,^FCHI,Yahoo Finance,7201.14013671875,-0.0049936356081472,-0.4993635608147274,1.0574714096146804,,0,-0.2758415777236223,1.0,1.1055768931557417,0.0074629933492328,True
2022-01-14,CAC_40,^FCHI,Yahoo Finance,7143.0,-0.0081065096348172,-0.8106509634817294,1.013422015246002,-0.3340867477883067,1,,0.0,1.0574714096146804,-0.0049936356081472,False
2022-01-17,CAC_40,^FCHI,Yahoo Finance,7201.64013671875,0.0081759406739233,0.8175940673923354,1.0095002134206257,-0.027339786090248962,3,-0.3340867477883067,1.0,1.013422015246002,-0.0081065096348172,True
2022-01-18,CAC_40,^FCHI,Yahoo Finance,7133.830078125,-0.0094605287912873,-0.9460528791287356,0.9826267033306684,0.0494123771786689,1,-0.027339786090248962,3.0,1.0095002134206257,0.0081759406739233,True
2022-01-19,CAC_40,^FCHI,Yahoo Finance,7172.97998046875,0.0054729181283927,0.5472918128392723,1.003158026380051,-0.1601333580911159,1,0.0494123771786689,1.0,0.9826267033306684,-0.0094605287912873,True
2022-01-20,CAC_40,^FCHI,Yahoo Finance,7194.16015625,0.0029484213174368,0.2948421317436801,0.9545966146982464,-0.02693634154134138,5,-0.1601333580911159,1.0,1.003158026380051,0.0054729181283927,True
2022-01-21,CAC_40,^FCHI,Yahoo Finance,7068.58984375,-0.0176086038164403,-1.7608603816440391,0.9006041210002836,-0.2778616104185342,5,-0.02693634154134138,5.0,0.9545966146982464,0.0029484213174368,True
2022-01-24,CAC_40,^FCHI,Yahoo Finance,6787.7900390625,-0.040535587984174,-4.053558798417405,1.1021575800306616,-0.3019931546544538,11,-0.2778616104185342,5.0,0.9006041210002836,-0.0176086038164403,True
2022-01-25,CAC_40,^FCHI,Yahoo Finance,6837.9599609375,0.0073640201230736,0.7364020123073644,1.8681362878390324,-0.11208920701518757,7,-0.3019931546544538,11.0,1.1021575800306616,-0.040535587984174,True
2022-01-26,CAC_40,^FCHI,Yahoo Finance,6981.9599609375,0.020840238230424,2.0840238230424037,1.7238718262154376,-0.21119765474936728,4,-0.11208920701518757,7.0,1.8681362878390324,0.0073640201230736,True
2022-01-27,CAC_40,^FCHI,Yahoo Finance,7023.7998046875,0.0059746802619032,0.5974680261903256,1.7442850684195554,0.08215967494447429,2,-0.21119765474936728,4.0,1.7238718262154376,0.020840238230424,True
2022-01-28,CAC_40,^FCHI,Yahoo Finance,6965.8798828125,-0.0082804258725827,-0.8280425872582766,1.6074068496276683,-0.12601650969287684,6,0.08215967494447429,2.0,1.7442850684195554,0.0059746802619032,True
2022-01-31,CAC_40,^FCHI,Yahoo Finance,6999.2001953125,0.0047719562713875,0.4771956271387582,1.5156710504498347,-0.2187258945604145,4,-0.12601650969287684,6.0,1.6074068496276683,-0.0082804258725827,True
2022-02-01,CAC_40,^FCHI,Yahoo Finance,7099.490234375,0.0142270987794274,1.4227098779427416,1.399790514666506,-0.47516282135620713,2,-0.2187258945604145,4.0,1.5156710504498347,0.0047719562713875,True
2022-02-02,CAC_40,^FCHI,Yahoo Finance,7115.27001953125,0.0022201980696546,0.2220198069654666,1.381167849429352,-0.0043421611949605214,3,-0.47516282135620713,2.0,1.399790514666506,0.0142270987794274,True
2022-02-03,CAC_40,^FCHI,Yahoo Finance,7005.6298828125,-0.0155290867864285,-1.5529086786428568,1.274026096115365,,0,-0.0043421611949605214,3.0,1.381167849429352,0.0022201980696546,True
2022-02-04,CAC_40,^FCHI,Yahoo Finance,6951.3798828125,-0.0077739106185857,-0.7773910618585721,1.3326370376482204,,0,,0.0,1.274026096115365,-0.0155290867864285,False
2022-02-07,CAC_40,^FCHI,Yahoo Finance,7009.25,0.0082905211494335,0.8290521149433513,1.2741157532209348,-0.03503044243070434,5,,0.0,1.3326370376482204,-0.0077739106185857,False
2022-02-08,CAC_40,^FCHI,Yahoo Finance,7028.41015625,0.0027298236223256,0.2729823622325631,1.2092390931026875,-0.1824989144436337,1,-0.03503044243070434,5.0,1.2741157532209348,0.0082905211494335,True
2022-02-09,CAC_40,^FCHI,Yahoo Finance,7130.8798828125,0.0144741036056786,1.4474103605678692,1.1228519520554263,-0.6325806118547916,2,-0.1824989144436337,1.0,1.2092390931026875,0.0027298236223256,True
2022-02-10,CAC_40,^FCHI,Yahoo Finance,7101.5498046875,-0.004121589958902,-0.4121589958902008,1.1598681261236532,,0,-0.6325806118547916,2.0,1.1228519520554263,0.0144741036056786,True
2022-02-11,CAC_40,^FCHI,Yahoo Finance,7011.60009765625,-0.0127471082834288,-1.2747108283428887,1.0949837586608393,-0.11561901395096659,7,,0.0,1.1598681261236532,-0.004121589958902,False
2022-02-14,CAC_40,^FCHI,Yahoo Finance,6852.2001953125,-0.022996137196467,-2.2996137196467057,1.144492932699214,-0.1577266817267598,21,-0.11561901395096659,7.0,1.0949837586608393,-0.0127471082834288,True
2022-02-15,CAC_40,^FCHI,Yahoo Finance,6979.97021484375,0.0184748524532142,1.8474852453214208,1.3952935900317378,-0.1572882872328174,15,-0.1577266817267598,21.0,1.144492932699214,-0.022996137196467,True
2022-02-16,CAC_40,^FCHI,Yahoo Finance,6964.97998046875,-0.0021499166277343,-0.2149916627734316,1.442284182119016,0.036645588395051366,5,-0.1572882872328174,15.0,1.3952935900317378,0.0184748524532142,True
2022-02-17,CAC_40,^FCHI,Yahoo Finance,6946.81982421875,-0.002610757316811,-0.2610757316811046,1.3330200769591107,-0.2526339502065327,8,0.036645588395051366,5.0,1.442284182119016,-0.0021499166277343,True
2022-02-18,CAC_40,^FCHI,Yahoo Finance,6929.6298828125,-0.0024775717942771,-0.2477571794277126,1.2382694562800922,-0.23616249604058098,5,-0.2526339502065327,8.0,1.3330200769591107,-0.002610757316811,True
2022-02-21,CAC_40,^FCHI,Yahoo Finance,6788.33984375,-0.020599992320524,-2.0599992320524088,1.1543973159269616,-0.2230195049261026,27,-0.23616249604058098,5.0,1.2382694562800922,-0.0024775717942771,True
2022-02-22,CAC_40,^FCHI,Yahoo Finance,6787.60009765625,-0.0001089789874844,-0.0108978987484462,1.345835365582438,-0.18342252252404412,18,-0.2230195049261026,27.0,1.1543973159269616,-0.020599992320524,True
2022-02-23,CAC_40,^FCHI,Yahoo Finance,6780.669921875,-0.001021526896785,-0.1021526896785045,1.2427179987114054,-0.13933725036158118,9,-0.18342252252404412,18.0,1.345835365582438,-0.0001089789874844,True
2022-02-24,CAC_40,^FCHI,Yahoo Finance,6521.0498046875,-0.039040529640956,-3.904052964095607,1.1533178638567496,-0.21550786151534762,46,-0.13933725036158118,9.0,1.2427179987114054,-0.001021526896785,True
2022-02-25,CAC_40,^FCHI,Yahoo Finance,6752.43017578125,0.0348670901660391,3.4867090166039114,1.8472708443375312,-0.21989668731854406,21,-0.21550786151534762,46.0,1.1533178638567496,-0.039040529640956,True
2022-02-28,CAC_40,^FCHI,Yahoo Finance,6658.830078125,-0.0139586609558963,-1.3958660955896318,2.112125162971202,-0.21508347541275263,58,-0.21989668731854406,21.0,1.8472708443375312,0.0348670901660391,True
2022-03-01,CAC_40,^FCHI,Yahoo Finance,6396.490234375,-0.0401943661164254,-4.01943661164254,2.0069609367800743,-0.14028807637377916,22,-0.21508347541275263,58.0,2.112125162971202,-0.0139586609558963,True
2022-03-02,CAC_40,^FCHI,Yahoo Finance,6498.02001953125,0.0157480790580497,1.574807905804971,2.3982708515783338,-0.05968503478045173,16,-0.14028807637377916,22.0,2.0069609367800743,-0.0401943661164254,True
2022-03-03,CAC_40,^FCHI,Yahoo Finance,6378.3701171875,-0.0185849209241676,-1.8584920924167687,2.251645848297183,-0.1595275708301941,13,-0.05968503478045173,16.0,2.3982708515783338,0.0157480790580497,True
2022-03-04,CAC_40,^FCHI,Yahoo Finance,6061.66015625,-0.0509288814543701,-5.09288814543701,2.1798512515952178,-0.18788742969554675,18,-0.1595275708301941,13.0,2.251645848297183,-0.0185849209241676,True
2022-03-07,CAC_40,^FCHI,Yahoo Finance,5982.27001953125,-0.0131836178792121,-1.3183617879212153,2.784396326564602,-0.09749818068509226,46,-0.18788742969554675,18.0,2.1798512515952178,-0.0509288814543701,True
2022-03-08,CAC_40,^FCHI,Yahoo Finance,5962.9599609375,-0.0032331023255159,-0.3233102325515916,2.5863364259732147,-0.275506330580189,24,-0.09749818068509226,46.0,2.784396326564602,-0.0131836178792121,True
2022-03-09,CAC_40,^FCHI,Yahoo Finance,6387.830078125,0.0688276342959476,6.882763429594767,2.357793164957464,-0.17954030193970616,17,-0.275506330580189,24.0,2.5863364259732147,-0.0032331023255159,True
2022-03-10,CAC_40,^FCHI,Yahoo Finance,6207.2001953125,-0.0286846897676134,-2.8684689767613407,3.3276040768417023,-0.13611588871665664,3,-0.17954030193970616,17.0,2.357793164957464,0.0688276342959476,True
2022-03-11,CAC_40,^FCHI,Yahoo Finance,6260.25,0.008510180353741,0.8510180353741084,3.219518815638792,-0.19901727634393274,13,-0.13611588871665664,3.0,3.3276040768417023,-0.0286846897676134,True
2022-03-14,CAC_40,^FCHI,Yahoo Finance,6369.93994140625,0.0173699207721388,1.7369920772138885,2.9358110636255472,-0.1772009885508244,29,-0.19901727634393274,13.0,3.219518815638792,0.008510180353741,True
2022-03-15,CAC_40,^FCHI,Yahoo Finance,6355.0,-0.0023481365475402,-0.2348136547540202,2.7361526268437903,-0.0008331880213764449,14,-0.1772009885508244,29.0,2.9358110636255472,0.0173699207721388,True
2022-03-16,CAC_40,^FCHI,Yahoo Finance,6588.64013671875,0.0361050700329105,3.610507003291055,2.490377392918523,-0.10048613661702464,7,-0.0008331880213764449,14.0,2.7361526268437903,-0.0023481365475402,True
2022-03-17,CAC_40,^FCHI,Yahoo Finance,6612.52001953125,0.0036178500338622,0.3617850033862277,2.6197958137628743,-0.10054822425947205,7,-0.10048613661702464,7.0,2.490377392918523,0.0361050700329105,True
2022-03-18,CAC_40,^FCHI,Yahoo Finance,6620.240234375,0.0011668337628039,0.116683376280396,2.3843136068491626,0.1192592640866194,10,-0.10054822425947205,7.0,2.6197958137628743,0.0036178500338622,True
2022-03-21,CAC_40,^FCHI,Yahoo Finance,6582.330078125,-0.0057428606011983,-0.5742860601198375,2.1706398710676647,-0.0016046323599490473,20,0.1192592640866194,10.0,2.3843136068491626,0.0011668337628039,True
2022-03-22,CAC_40,^FCHI,Yahoo Finance,6659.41015625,0.011642117632752,1.164211763275202,1.9951296380729613,-0.16783248021554034,8,-0.0016046323599490473,20.0,2.1706398710676647,-0.0057428606011983,True
2022-03-23,CAC_40,^FCHI,Yahoo Finance,6581.43017578125,-0.0117788418403939,-1.1778841840393943,1.8640812059520249,-0.02695355576277597,9,-0.16783248021554034,8.0,1.9951296380729613,0.011642117632752,True
2022-03-24,CAC_40,^FCHI,Yahoo Finance,6555.77001953125,-0.0039064927840224,-0.3906492784022474,1.7707321144018666,-0.14820494109289972,11,-0.02695355576277597,9.0,1.8640812059520249,-0.0117788418403939,True
2022-03-25,CAC_40,^FCHI,Yahoo Finance,6553.68017578125,-0.0003188301166818,-0.0318830116681834,1.6311230658219302,0.006131851099847981,8,-0.14820494109289972,11.0,1.7707321144018666,-0.0039064927840224,True
2022-03-28,CAC_40,^FCHI,Yahoo Finance,6589.10986328125,0.0053915147725015,0.5391514772501524,1.4966447265548386,-0.024760756742274865,13,0.006131851099847981,8.0,1.6311230658219302,-0.0003188301166818,True
2022-03-29,CAC_40,^FCHI,Yahoo Finance,6792.16015625,0.0303507633281249,3.035076332812499,1.385473075131344,-0.026454852450143028,7,-0.024760756742274865,13.0,1.4966447265548386,0.0053915147725015,True
2022-03-30,CAC_40,^FCHI,Yahoo Finance,6741.58984375,-0.0074732498915947,-0.7473249891594712,1.6848049275450463,0.1177888088256303,4,-0.026454852450143028,7.0,1.385473075131344,0.0303507633281249,True
2022-03-31,CAC_40,^FCHI,Yahoo Finance,6659.8701171875,-0.0121957965321471,-1.2195796532147178,1.5765219403833513,-0.0565736254949679,8,0.1177888088256303,4.0,1.6848049275450463,-0.0074732498915947,True
2022-04-01,CAC_40,^FCHI,Yahoo Finance,6684.31005859375,0.0036630153987099,0.3663015398709954,1.5301477026301489,0.03616349010956871,5,-0.0565736254949679,8.0,1.5765219403833513,-0.0121957965321471,True
2022-04-04,CAC_40,^FCHI,Yahoo Finance,6731.3701171875,0.0070157086338236,0.7015708633823619,1.4091252938868526,-0.1266160713199123,17,0.03616349010956871,5.0,1.5301477026301489,0.0036630153987099,True
2022-04-05,CAC_40,^FCHI,Yahoo Finance,6645.509765625,-0.0128373030832544,-1.2837303083254463,1.317188560152367,-0.28871577739281357,6,-0.1266160713199123,17.0,1.4091252938868526,0.0070157086338236,True
2022-04-06,CAC_40,^FCHI,Yahoo Finance,6498.830078125,-0.0223192306665714,-2.2319230666571466,1.3235957412353665,-0.059272036176095874,9,-0.28871577739281357,6.0,1.317188560152367,-0.0128373030832544,True
2022-04-07,CAC_40,^FCHI,Yahoo Finance,6461.68017578125,-0.005732799613621,-0.5732799613621007,1.50442685498914,-0.244809069357219,7,-0.059272036176095874,9.0,1.3235957412353665,-0.0223192306665714,True
2022-04-08,CAC_40,^FCHI,Yahoo Finance,6548.22021484375,0.0133039166917588,1.330391669175882,1.4061350775062966,-0.1079729345136489,4,-0.244809069357219,7.0,1.50442685498914,-0.005732799613621,True
2022-04-11,CAC_40,^FCHI,Yahoo Finance,6555.81005859375,0.0011583985140984,0.1158398514098453,1.374471235799237,-0.08463615915584717,7,-0.1079729345136489,4.0,1.4061350775062966,0.0133039166917588,True
2022-04-12,CAC_40,^FCHI,Yahoo Finance,6537.41015625,-0.0028106018464983,-0.2810601846498317,1.2673463690967786,0.19956060405650033,3,-0.08463615915584717,7.0,1.374471235799237,0.0011583985140984,True
2022-04-13,CAC_40,^FCHI,Yahoo Finance,6542.14013671875,0.0007232635020311,0.0723263502031122,1.1814031937578118,-0.41309261284585963,3,0.19956060405650033,3.0,1.2673463690967786,-0.0028106018464983,True
2022-04-14,CAC_40,^FCHI,Yahoo Finance,6589.35009765625,0.0071903742068536,0.7190374206853632,1.096627958525151,-0.12976794154468022,8,-0.41309261284585963,3.0,1.1814031937578118,0.0007232635020311,True
2022-04-19,CAC_40,^FCHI,Yahoo Finance,6534.7900390625,-0.0083145062977128,-0.8314506297712848,1.0475273034586547,-0.13924688617172173,20,-0.12976794154468022,8.0,1.096627958525151,0.0071903742068536,True
2022-04-20,CAC_40,^FCHI,Yahoo Finance,6624.91015625,0.0136965925816239,1.3696592581623994,1.0402051118990698,-0.21732510055940693,4,-0.13924688617172173,20.0,1.0475273034586547,-0.0083145062977128,True
2022-04-21,CAC_40,^FCHI,Yahoo Finance,6715.10009765625,0.0135219259802865,1.3521925980286544,1.0819082784984038,0.134132386810749,4,-0.21732510055940693,4.0,1.0402051118990698,0.0136965925816239,True
2022-04-22,CAC_40,^FCHI,Yahoo Finance,6581.419921875,-0.0201082207847014,-2.0108220784701465,1.112097282114732,-0.03596897455832715,2,0.134132386810749,4.0,1.0819082784984038,0.0135219259802865,True
2022-04-25,CAC_40,^FCHI,Yahoo Finance,6449.3798828125,-0.0202665316690495,-2.026653166904957,1.3050619495029914,-0.11089557001980342,12,-0.03596897455832715,2.0,1.112097282114732,-0.0201082207847014,True
2022-04-26,CAC_40,^FCHI,Yahoo Finance,6414.56982421875,-0.0054120459660898,-0.5412045966089865,1.447156598494456,-0.43711791597306726,2,-0.11089557001980342,12.0,1.3050619495029914,-0.0202665316690495,True
2022-04-27,CAC_40,^FCHI,Yahoo Finance,6445.259765625,0.0047730025433894,0.4773002543389482,1.3538566892211945,-0.1513454790518428,9,-0.43711791597306726,2.0,1.447156598494456,-0.0054120459660898,True
2022-04-28,CAC_40,^FCHI,Yahoo Finance,6508.14013671875,0.009708781554596,0.970878155459604,1.2567948592578957,-0.3556388389116101,8,-0.1513454790518428,9.0,1.3538566892211945,0.0047730025433894,True
2022-04-29,CAC_40,^FCHI,Yahoo Finance,6533.77001953125,0.0039303929408511,0.3930392940851113,1.2075140454930142,-0.09841510106742624,7,-0.3556388389116101,8.0,1.2567948592578957,0.009708781554596,True
2022-05-02,CAC_40,^FCHI,Yahoo Finance,6425.60986328125,-0.0166925684271679,-1.6692568427167975,1.124746560785021,-0.06229995245413086,12,-0.09841510106742624,7.0,1.2075140454930142,0.0039303929408511,True
2022-05-03,CAC_40,^FCHI,Yahoo Finance,6476.18017578125,0.0078393108753082,0.7839310875308245,1.2406444053257446,-0.03360393463047125,4,-0.06229995245413086,12.0,1.124746560785021,-0.0166925684271679,True
2022-05-04,CAC_40,^FCHI,Yahoo Finance,6395.68017578125,-0.0125080675720678,-1.250806757206788,1.176646508777384,0.07991131450995279,4,-0.03360393463047125,4.0,1.2406444053257446,0.0078393108753082,True
2022-05-05,CAC_40,^FCHI,Yahoo Finance,6368.39990234375,-0.0042745446297213,-0.4274544629721309,1.2051659075291017,-0.2528491958934012,6,0.07991131450995279,4.0,1.176646508777384,-0.0125080675720678,True
2022-05-06,CAC_40,^FCHI,Yahoo Finance,6258.35986328125,-0.0174300971926249,-1.7430097192624938,1.1352985494314674,-0.36273197996770107,2,-0.2528491958934012,6.0,1.2051659075291017,-0.0042745446297213,True
2022-05-09,CAC_40,^FCHI,Yahoo Finance,6086.02001953125,-0.0279238072033121,-2.792380720331215,1.2634623933324414,-0.1779426692614059,17,-0.36273197996770107,2.0,1.1352985494314674,-0.0174300971926249,True
2022-05-10,CAC_40,^FCHI,Yahoo Finance,6116.91015625,0.0050627516922052,0.5062751692205275,1.5966004606869686,-0.17419009561126586,2,-0.1779426692614059,17.0,1.2634623933324414,-0.0279238072033121,True
2022-05-11,CAC_40,^FCHI,Yahoo Finance,6269.72998046875,0.0246761958000255,2.467619580002551,1.4726305758954603,-0.4298317944353801,4,-0.17419009561126586,2.0,1.5966004606869686,0.0050627516922052,True
2022-05-12,CAC_40,^FCHI,Yahoo Finance,6206.259765625,-0.0101748660767932,-1.0174866076793248,1.6185767712615091,-0.16659293877374795,3,-0.4298317944353801,4.0,1.4726305758954603,0.0246761958000255,True
2022-05-13,CAC_40,^FCHI,Yahoo Finance,6362.68017578125,0.0248912775448827,2.489127754488277,1.5432472319204735,0.02220695708612243,3,-0.16659293877374795,3.0,1.6185767712615091,-0.0101748660767932,True
2022-05-16,CAC_40,^FCHI,Yahoo Finance,6347.77001953125,-0.0023461266690106,-0.23461266690106,1.675827191813897,-0.251330046765018,7,0.02220695708612243,3.0,1.5432472319204735,0.0248912775448827,True
2022-05-17,CAC_40,^FCHI,Yahoo Finance,6430.18994140625,0.0129005044892075,1.2900504489207558,1.54095948132222,0.006073465932608028,3,-0.251330046765018,7.0,1.675827191813897,-0.0023461266690106,True
2022-05-18,CAC_40,^FCHI,Yahoo Finance,6352.93994140625,-0.0120863890300804,-1.2086389030080416,1.4834348821289258,-0.02723657709270188,4,0.006073465932608028,3.0,1.54095948132222,0.0129005044892075,True
2022-05-19,CAC_40,^FCHI,Yahoo Finance,6272.7099609375,-0.0127092167151723,-1.2709216715172338,1.4506007620565062,-0.31046270505018253,3,-0.02723657709270188,4.0,1.4834348821289258,-0.0120863890300804,True
2022-05-20,CAC_40,^FCHI,Yahoo Finance,6285.240234375,0.0019955928158636,0.1995592815863671,1.431441149576749,-0.21080564427832585,5,-0.31046270505018253,3.0,1.4506007620565062,-0.0127092167151723,True
2022-05-23,CAC_40,^FCHI,Yahoo Finance,6358.740234375,0.0116262166157857,1.1626216615785716,1.3183951986964273,-0.24584178966282255,9,-0.21080564427832585,5.0,1.431441149576749,0.0019955928158636,True
2022-05-24,CAC_40,^FCHI,Yahoo Finance,6253.14013671875,-0.0167465219244873,-1.6746521924487383,1.2805197117652285,-0.45637245916154684,3,-0.24584178966282255,9.0,1.3183951986964273,0.0116262166157857,True
2022-05-25,CAC_40,^FCHI,Yahoo Finance,6298.64013671875,0.0072499993320559,0.7249999332055936,1.3595732476120457,-0.28219871871734564,5,-0.45637245916154684,3.0,1.2805197117652285,-0.0167465219244873,True
2022-05-26,CAC_40,^FCHI,Yahoo Finance,6410.580078125,0.0176160038616572,1.7616003861657292,1.2754391661461522,-0.051524065344387436,3,-0.28219871871734564,5.0,1.3595732476120457,0.0072499993320559,True
2022-05-27,CAC_40,^FCHI,Yahoo Finance,6515.75,0.0162725602619722,1.6272560261972275,1.3331277823861143,0.09231444424201206,2,-0.051524065344387436,3.0,1.2754391661461522,0.0176160038616572,True
2022-05-30,CAC_40,^FCHI,Yahoo Finance,6562.39013671875,0.0071325637987956,0.7132563798795627,1.3565679006290905,-0.08579851684587386,4,0.09231444424201206,2.0,1.3331277823861143,0.0162725602619722,True
2022-05-31,CAC_40,^FCHI,Yahoo Finance,6468.7998046875,-0.0143642969948146,-1.4364296994814691,1.2720219610070678,-0.0763182364818122,1,-0.08579851684587386,4.0,1.3565679006290905,0.0071325637987956,True
2022-06-01,CAC_40,^FCHI,Yahoo Finance,6418.89013671875,-0.0077453628547628,-0.7745362854762894,1.3112037544106705,-0.6382987190969288,4,-0.0763182364818122,1.0,1.2720219610070678,-0.0143642969948146,True
2022-06-02,CAC_40,^FCHI,Yahoo Finance,6500.43994140625,0.0126246310478472,1.26246310478472,1.2555081639103056,-0.3303843581710349,1,-0.6382987190969288,4.0,1.3112037544106705,-0.0077453628547628,True
2022-06-03,CAC_40,^FCHI,Yahoo Finance,6485.2998046875,-0.0023318107208297,-0.2331810720829758,1.240322721622132,-0.06399436470819636,4,-0.3303843581710349,1.0,1.2555081639103056,0.0126246310478472,True
2022-06-06,CAC_40,^FCHI,Yahoo Finance,6548.77978515625,0.0097406927664092,0.9740692766409276,1.1555841516867882,-0.3285613815744662,2,-0.06399436470819636,4.0,1.240322721622132,-0.0023318107208297,True
2022-06-07,CAC_40,^FCHI,Yahoo Finance,6500.35009765625,-0.0074227033210145,-0.7422703321014589,1.1221010407522685,-0.1208778410482792,4,-0.3285613815744662,2.0,1.1555841516867882,0.0097406927664092,True
2022-06-08,CAC_40,^FCHI,Yahoo Finance,6448.6298828125,-0.0079883496553069,-0.7988349655306983,1.0917792041663097,0.010171829759778947,3,-0.1208778410482792,4.0,1.1221010407522685,-0.0074227033210145,True
2022-06-09,CAC_40,^FCHI,Yahoo Finance,6358.4599609375,-0.0140814834500741,-1.4081483450074106,1.0728562271635549,-0.053609024970700955,2,0.010171829759778947,3.0,1.0917792041663097,-0.0079883496553069,True
2022-06-10,CAC_40,^FCHI,Yahoo Finance,6187.22998046875,-0.0272987161012587,-2.7298716101258704,1.1510845988508824,-0.2677040086438486,2,-0.053609024970700955,2.0,1.0728562271635549,-0.0140814834500741,True
2022-06-13,CAC_40,^FCHI,Yahoo Finance,6022.31982421875,-0.0270149494707323,-2.701494947073235,1.5088668352178594,-0.2029862172284145,7,-0.2677040086438486,2.0,1.1510845988508824,-0.0272987161012587,True
2022-06-14,CAC_40,^FCHI,Yahoo Finance,5949.83984375,-0.0121082357731804,-1.2108235773180431,1.7414804855910522,-0.17820939653951315,3,-0.2029862172284145,7.0,1.5088668352178594,-0.0270149494707323,True
2022-06-15,CAC_40,^FCHI,Yahoo Finance,6030.1298828125,0.0134042477668868,1.3404247766886888,1.6690997479708063,-0.13332155299162965,4,-0.17820939653951315,3.0,1.7414804855910522,-0.0121082357731804,True
2022-06-16,CAC_40,^FCHI,Yahoo Finance,5886.240234375,-0.0241510864282228,-2.4151086428222874,1.5982056825652602,-0.13090352442724484,4,-0.13332155299162965,4.0,1.6690997479708063,0.0134042477668868,True
2022-06-17,CAC_40,^FCHI,Yahoo Finance,5882.64990234375,-0.0006101394610574,-0.0610139461057478,1.745005068038472,-0.02835750441496763,5,-0.13090352442724484,4.0,1.5982056825652602,-0.0241510864282228,True
2022-06-20,CAC_40,^FCHI,Yahoo Finance,5920.08984375,0.006344301033808,0.6344301033808091,1.598673844740504,-0.02676282897010163,3,-0.02835750441496763,5.0,1.745005068038472,-0.0006101394610574,True
2022-06-21,CAC_40,^FCHI,Yahoo Finance,5964.66015625,0.0075004558696719,0.7500455869671964,1.4801386636281673,,0,-0.02676282897010163,3.0,1.598673844740504,0.006344301033808,True
2022-06-22,CAC_40,^FCHI,Yahoo Finance,5916.6298828125,-0.008085070714996,-0.8085070714996009,1.3825003340749016,-0.311216932287345,2,,0.0,1.4801386636281673,0.0075004558696719,False
2022-06-23,CAC_40,^FCHI,Yahoo Finance,5883.330078125,-0.005644068826711,-0.564406882671106,1.3198530112855895,,0,-0.311216932287345,2.0,1.3825003340749016,-0.008085070714996,True
2022-06-24,CAC_40,^FCHI,Yahoo Finance,6073.35009765625,0.0317874220586674,3.178742205866742,1.244604039871407,-0.1606637862595644,1,,0.0,1.3198530112855895,-0.005644068826711,False
2022-06-27,CAC_40,^FCHI,Yahoo Finance,6047.31005859375,-0.0042968087200905,-0.4296808720090534,1.629973841926848,-0.284455337212421,1,-0.1606637862595644,1.0,1.244604039871407,0.0317874220586674,True
2022-06-28,CAC_40,^FCHI,Yahoo Finance,6086.02001953125,0.0063807861528534,0.6380786152853427,1.5081798685508672,-0.2776018501368954,1,-0.284455337212421,1.0,1.629973841926848,-0.0042968087200905,True
2022-06-29,CAC_40,^FCHI,Yahoo Finance,6031.47998046875,-0.0090019240544155,-0.9001924054415522,1.400475475140737,0.10472892138820421,2,-0.2776018501368954,1.0,1.5081798685508672,0.0063807861528534,True
2022-06-30,CAC_40,^FCHI,Yahoo Finance,5922.85986328125,-0.0181729995932171,-1.8172999593217185,1.344518474841054,-0.2029560850926985,5,0.10472892138820421,2.0,1.400475475140737,-0.0090019240544155,True
2022-07-01,CAC_40,^FCHI,Yahoo Finance,5931.06005859375,0.0013835417608021,0.1383541760802169,1.4353620258202688,0.0139084514230489,1,-0.2029560850926985,5.0,1.344518474841054,-0.0181729995932171,True
2022-07-04,CAC_40,^FCHI,Yahoo Finance,5954.64990234375,0.0039694515181772,0.3969451518177205,1.3214685683623075,-0.4172944351099431,1,0.0139084514230489,1.0,1.4353620258202688,0.0013835417608021,True
2022-07-05,CAC_40,^FCHI,Yahoo Finance,5794.9599609375,-0.0271838430156545,-2.71838430156546,1.225215740424752,-0.0825527024201371,1,-0.4172944351099431,1.0,1.3214685683623075,0.0039694515181772,True
2022-07-06,CAC_40,^FCHI,Yahoo Finance,5912.3798828125,0.0200598702833356,2.005987028333565,1.5529486418638678,-0.1588129400659133,1,-0.0825527024201371,1.0,1.225215740424752,-0.0271838430156545,True
2022-07-07,CAC_40,^FCHI,Yahoo Finance,6006.7001953125,0.0158271075937249,1.5827107593724985,1.5942718444136437,0.0062080803094431425,2,-0.1588129400659133,1.0,1.5529486418638678,0.0200598702833356,True
2022-07-08,CAC_40,^FCHI,Yahoo Finance,6033.1298828125,0.0043903825522758,0.4390382552275882,1.5642670934868972,-0.001679483819280699,3,0.0062080803094431425,2.0,1.5942718444136437,0.0158271075937249,True
2022-07-11,CAC_40,^FCHI,Yahoo Finance,5996.2998046875,-0.0061233481821757,-0.6123348182175756,1.4415569844332157,-0.2577740825712681,1,-0.001679483819280699,3.0,1.5642670934868972,0.0043903825522758,True
2022-07-12,CAC_40,^FCHI,Yahoo Finance,6044.2001953125,0.0079565870733515,0.7956587073351584,1.3540192598673702,-0.2937161537951657,1,-0.2577740825712681,1.0,1.4415569844332157,-0.0061233481821757,True
2022-07-13,CAC_40,^FCHI,Yahoo Finance,6000.240234375,-0.0072996593564634,-0.7299659356463495,1.2757070265729904,-0.047343206417916006,3,-0.2937161537951657,1.0,1.3540192598673702,0.0079565870733515,True
2022-07-14,CAC_40,^FCHI,Yahoo Finance,5915.41015625,-0.0142386707467123,-1.4238670746712372,1.2208204667435278,-0.0270901803548137,1,-0.047343206417916006,3.0,1.2757070265729904,-0.0072996593564634,True
2022-07-15,CAC_40,^FCHI,Yahoo Finance,6036.0,0.0201807041633017,2.0180704163301755,1.2686197196749136,,0,-0.0270901803548137,1.0,1.2208204667435278,-0.0142386707467123,True
2022-07-18,CAC_40,^FCHI,Yahoo Finance,6091.91015625,0.0092201461935462,0.9220146193546256,1.3754360960863088,-0.016335913596936202,3,,0.0,1.2686197196749136,0.0201807041633017,False
2022-07-19,CAC_40,^FCHI,Yahoo Finance,6201.22021484375,0.017784394433343,1.7784394433343078,1.304618910274868,,0,-0.016335913596936202,3.0,1.3754360960863088,0.0092201461935462,True
2022-07-20,CAC_40,^FCHI,Yahoo Finance,6184.66015625,-0.0026740236406589,-0.2674023640658978,1.358937885838451,-0.13660629910388675,2,,0.0,1.304618910274868,0.017784394433343,False
2022-07-21,CAC_40,^FCHI,Yahoo Finance,6201.10986328125,0.002656228345451,0.2656228345451056,1.2613693848381864,-0.20093863234958714,2,-0.13660629910388675,2.0,1.358937885838451,-0.0026740236406589,True
2022-07-22,CAC_40,^FCHI,Yahoo Finance,6216.81982421875,0.002530207484507,0.2530207484507072,1.1686875098194165,-0.23072005988215089,2,-0.20093863234958714,2.0,1.2613693848381864,0.002656228345451,True
2022-07-25,CAC_40,^FCHI,Yahoo Finance,6237.5498046875,0.0033289520434071,0.3328952043407197,1.0867483141698622,-0.3905046092932699,2,-0.23072005988215089,2.0,1.1686875098194165,0.002530207484507,True
2022-07-26,CAC_40,^FCHI,Yahoo Finance,6211.4501953125,-0.0041930512675022,-0.4193051267502297,1.016869167409436,-0.14121634706967048,5,-0.3905046092932699,2.0,1.0867483141698622,0.0033289520434071,True
2022-07-27,CAC_40,^FCHI,Yahoo Finance,6257.93994140625,0.0074566536122183,0.7456653612218346,0.972303201720412,-0.47706059503126075,4,-0.14121634706967048,5.0,1.016869167409436,-0.0041930512675022,True
2022-07-28,CAC_40,^FCHI,Yahoo Finance,6339.2099609375,0.012903100735009,1.290310073500904,0.9442270062232891,0.06592482536270995,3,-0.47706059503126075,4.0,0.972303201720412,0.0074566536122183,True
2022-07-29,CAC_40,^FCHI,Yahoo Finance,6448.5,0.0170933967773856,1.7093396777385623,0.9936597830719982,-0.1661603275531282,2,0.06592482536270995,3.0,0.9442270062232891,0.012903100735009,True
2022-08-01,CAC_40,^FCHI,Yahoo Finance,6436.85986328125,-0.0018067232904032,-0.1806723290403272,1.1091195001023308,-0.059371867643218834,3,-0.1661603275531282,2.0,0.9936597830719982,0.0170933967773856,True
2022-08-02,CAC_40,^FCHI,Yahoo Finance,6409.7998046875,-0.0042127836050659,-0.4212783605065944,1.0385325483666503,-0.03120437584168805,2,-0.059371867643218834,3.0,1.1091195001023308,-0.0018067232904032,True
2022-08-03,CAC_40,^FCHI,Yahoo Finance,6472.06005859375,0.0096664207442902,0.966642074429021,0.9910073396318458,-0.639543115956864,2,-0.03120437584168805,2.0,1.0385325483666503,-0.0042127836050659,True
2022-08-04,CAC_40,^FCHI,Yahoo Finance,6513.39013671875,0.006365619530319,0.6365619530319028,0.9840066911352436,-0.20052780284701535,2,-0.639543115956864,2.0,0.9910073396318458,0.0096664207442902,True
2022-08-05,CAC_40,^FCHI,Yahoo Finance,6472.35009765625,-0.0063208065092469,-0.6320806509246972,0.94463117549505,,0,-0.20052780284701535,2.0,0.9840066911352436,0.006365619530319,True
2022-08-08,CAC_40,^FCHI,Yahoo Finance,6524.43994140625,0.0080158442980408,0.8015844298040818,0.931284793041934,0.1817511659381645,2,,0.0,0.94463117549505,-0.0063208065092469,False
2022-08-09,CAC_40,^FCHI,Yahoo Finance,6490.0,-0.0052925860742441,-0.5292586074244187,0.9155273590868924,-0.0642515233582041,2,0.1817511659381645,2.0,0.931284793041934,0.0080158442980408,True
2022-08-10,CAC_40,^FCHI,Yahoo Finance,6523.43994140625,0.0051393044666666,0.5139304466666651,0.8961690587768156,,0,-0.0642515233582041,2.0,0.9155273590868924,-0.0052925860742441,True
2022-08-11,CAC_40,^FCHI,Yahoo Finance,6544.669921875,0.0032491308027964,0.3249130802796481,0.8608219279702679,-0.02881571271801056,5,,0.0,0.8961690587768156,0.0051393044666666,False
2022-08-12,CAC_40,^FCHI,Yahoo Finance,6553.85986328125,0.0014032022012977,0.1403202201297777,0.8206894536929007,-0.11644449551767178,3,-0.02881571271801056,5.0,0.8608219279702679,0.0032491308027964,True
2022-08-15,CAC_40,^FCHI,Yahoo Finance,6569.9501953125,0.0024520836588802,0.2452083658880222,0.7821415550805032,-0.2598653398620496,4,-0.11644449551767178,3.0,0.8206894536929007,0.0014032022012977,True
2022-08-16,CAC_40,^FCHI,Yahoo Finance,6592.580078125,0.0034385341783761,0.3438534178376102,0.7508358747780014,-0.1901971997208428,2,-0.2598653398620496,4.0,0.7821415550805032,0.0024520836588802,True
2022-08-17,CAC_40,^FCHI,Yahoo Finance,6528.31982421875,-0.009795176881744,-0.9795176881744097,0.7278211755817304,,0,-0.1901971997208428,2.0,0.7508358747780014,0.0034385341783761,True
2022-08-18,CAC_40,^FCHI,Yahoo Finance,6557.39990234375,0.0044445588937476,0.4444558893747679,0.8122940140475438,-0.2888137817231787,1,,0.0,0.7278211755817304,-0.009795176881744,False
2022-08-19,CAC_40,^FCHI,Yahoo Finance,6495.830078125,-0.0094337234428744,-0.9433723442874468,0.7851616616829192,-0.1252694276567452,1,-0.2888137817231787,1.0,0.8122940140475438,0.0044445588937476,True
2022-08-22,CAC_40,^FCHI,Yahoo Finance,6378.740234375,-0.0181898221604521,-1.818982216045215,0.8484910436719286,-0.1772777273416005,1,-0.1252694276567452,1.0,0.7851616616829192,-0.0094337234428744,True
2022-08-23,CAC_40,^FCHI,Yahoo Finance,6362.02001953125,-0.0026246823751918,-0.2624682375191871,1.0822201198474826,0.06046983065749063,3,-0.1772777273416005,1.0,0.8484910436719286,-0.0181898221604521,True
2022-08-24,CAC_40,^FCHI,Yahoo Finance,6386.759765625,0.0038811207920176,0.3881120792017616,1.0187585695222408,0.000276403215069,1,0.06046983065749063,3.0,1.0822201198474826,-0.0026246823751918,True
2022-08-25,CAC_40,^FCHI,Yahoo Finance,6381.56005859375,-0.0008144700932111,-0.0814470093211149,0.9596131157602372,,0,0.000276403215069,1.0,1.0187585695222408,0.0038811207920176,True
2022-08-26,CAC_40,^FCHI,Yahoo Finance,6274.259765625,-0.0169570783344033,-1.695707833440334,0.9049205092903596,-0.04482848005912579,4,,0.0,0.9596131157602372,-0.0008144700932111,False
2022-08-29,CAC_40,^FCHI,Yahoo Finance,6222.27978515625,-0.0083191478799405,-0.8319147879940554,1.0897161912460138,-0.17164042899945547,7,-0.04482848005912579,4.0,0.9049205092903596,-0.0169570783344033,True
2022-08-30,CAC_40,^FCHI,Yahoo Finance,6210.22021484375,-0.0019400078978183,-0.1940007897818394,1.0751371458204808,0.26144393242031944,3,-0.17164042899945547,7.0,1.0897161912460138,-0.0083191478799405,True
2022-08-31,CAC_40,^FCHI,Yahoo Finance,6125.10009765625,-0.0138012578724016,-1.380125787240161,1.0094171300981576,-0.5036683002797266,3,0.26144393242031944,3.0,1.0751371458204808,-0.0019400078978183,True
2022-09-01,CAC_40,^FCHI,Yahoo Finance,6034.31005859375,-0.0149335741058382,-1.493357410583825,1.097763702500926,,0,-0.5036683002797266,3.0,1.0094171300981576,-0.0138012578724016,True
2022-09-02,CAC_40,^FCHI,Yahoo Finance,6167.509765625,0.0218336281551074,2.1833628155107467,1.1859910579224366,,0,,0.0,1.097763702500926,-0.0149335741058382,False
2022-09-05,CAC_40,^FCHI,Yahoo Finance,6093.22021484375,-0.0121184399389795,-1.2118439938979588,1.3485929561336707,-0.3695983795940669,6,,0.0,1.1859910579224366,0.0218336281551074,False
2022-09-06,CAC_40,^FCHI,Yahoo Finance,6104.60986328125,0.0018674881802221,0.1867488180222174,1.3390292494447118,0.2249514636406231,1,-0.3695983795940669,6.0,1.3485929561336707,-0.0121184399389795,True
2022-09-07,CAC_40,^FCHI,Yahoo Finance,6105.919921875,0.0002145785026246,0.0214578502624655,1.2362791738377643,-0.2912640021432913,2,0.2249514636406231,1.0,1.3390292494447118,0.0018674881802221,True
2022-09-08,CAC_40,^FCHI,Yahoo Finance,6125.89990234375,0.0032668889054409,0.3266888905440963,1.1454198542666412,-0.6249889369122684,1,-0.2912640021432913,2.0,1.2362791738377643,0.0002145785026246,True
2022-09-09,CAC_40,^FCHI,Yahoo Finance,6212.330078125,0.0140103709687058,1.4010370968705816,1.0680732903388217,-0.1110727451741695,1,-0.6249889369122684,1.0,1.1454198542666412,0.0032668889054409,True
2022-09-12,CAC_40,^FCHI,Yahoo Finance,6333.58984375,0.019331151883871,1.9331151883871005,1.109006373053322,0.16352461092174056,2,-0.1110727451741695,1.0,1.0680732903388217,0.0140103709687058,True
2022-09-13,CAC_40,^FCHI,Yahoo Finance,6245.68994140625,-0.0139755748395067,-1.3975574839506797,1.2396066500653014,0.0270293445818469,2,0.16352461092174056,2.0,1.109006373053322,0.019331151883871,True
2022-09-14,CAC_40,^FCHI,Yahoo Finance,6222.41015625,-0.0037342998575478,-0.3734299857547818,1.279053482830618,-0.1588246431783773,2,0.0270293445818469,2.0,1.2396066500653014,-0.0139755748395067,True
2022-09-15,CAC_40,^FCHI,Yahoo Finance,6157.83984375,-0.0104312752970806,-1.0431275297080669,1.1963996470131049,-0.12772876485234194,2,-0.1588246431783773,2.0,1.279053482830618,-0.0037342998575478,True
2022-09-16,CAC_40,^FCHI,Yahoo Finance,6077.2998046875,-0.0131655550683516,-1.3165555068351626,1.190593707046009,-0.08802393033208016,4,-0.12772876485234194,2.0,1.1963996470131049,-0.0104312752970806,True
2022-09-19,CAC_40,^FCHI,Yahoo Finance,6061.58984375,-0.0025883701332552,-0.258837013325525,1.2268502790599645,-0.10153691248821739,4,-0.08802393033208016,4.0,1.190593707046009,-0.0131655550683516,True
2022-09-20,CAC_40,^FCHI,Yahoo Finance,5979.47021484375,-0.0136401449246859,-1.3640144924685969,1.1448683983965526,-0.00751344114542,1,-0.10153691248821739,4.0,1.2268502790599645,-0.0025883701332552,True
2022-09-21,CAC_40,^FCHI,Yahoo Finance,6031.330078125,0.0086355920166202,0.8635592016620227,1.1987980056849334,-0.1756829337421406,5,-0.00751344114542,1.0,1.1448683983965526,-0.0136401449246859,True
2022-09-22,CAC_40,^FCHI,Yahoo Finance,5918.5,-0.018884524807279,-1.8884524807279028,1.1476351297370075,-0.32691574374429155,5,-0.1756829337421406,5.0,1.1987980056849334,0.0086355920166202,True
2022-09-23,CAC_40,^FCHI,Yahoo Finance,5783.41015625,-0.0230895372738367,-2.308953727383677,1.3030998606434845,-0.2034952812810604,6,-0.32691574374429155,5.0,1.1476351297370075,-0.018884524807279,True
2022-09-26,CAC_40,^FCHI,Yahoo Finance,5769.39013671875,-0.0024271217468114,-0.2427121746811478,1.5069144684403113,-0.2788951140969029,6,-0.2034952812810604,6.0,1.3030998606434845,-0.0230895372738367,True
2022-09-27,CAC_40,^FCHI,Yahoo Finance,5753.81982421875,-0.0027024278875008,-0.2702427887500827,1.3912230540196466,-0.11412913453757048,4,-0.2788951140969029,6.0,1.5069144684403113,-0.0024271217468114,True
2022-09-28,CAC_40,^FCHI,Yahoo Finance,5765.009765625,0.001942896166489,0.1942896166489082,1.28995944372474,-0.1116752853817565,2,-0.11412913453757048,4.0,1.3912230540196466,-0.0027024278875008,True
2022-09-29,CAC_40,^FCHI,Yahoo Finance,5676.8701171875,-0.0154068025194876,-1.54068025194876,1.192904492365791,-0.09047958839834591,3,-0.1116752853817565,2.0,1.28995944372474,0.001942896166489,True
2022-09-30,CAC_40,^FCHI,Yahoo Finance,5762.33984375,0.0149435699442263,1.4943569944226307,1.2674787815165267,,0,-0.09047958839834591,3.0,1.192904492365791,-0.0154068025194876,True
2022-10-03,CAC_40,^FCHI,Yahoo Finance,5794.14990234375,0.0055051559134088,0.5505155913408895,1.2830316330332316,-0.4245247279638092,4,,0.0,1.2674787815165267,0.0149435699442263,False
2022-10-04,CAC_40,^FCHI,Yahoo Finance,6039.68994140625,0.0415039054165161,4.15039054165161,1.197974740302319,,0,-0.4245247279638092,4.0,1.2830316330332316,0.0055051559134088,True
2022-10-05,CAC_40,^FCHI,Yahoo Finance,5985.4599609375,-0.0090194880808967,-0.901948808089678,1.880695032323304,-0.2498275022953748,1,,0.0,1.197974740302319,0.0415039054165161,False
2022-10-06,CAC_40,^FCHI,Yahoo Finance,5936.419921875,-0.0082269434251432,-0.8226943425143203,1.7599342292575126,-0.1787966356720202,1,-0.2498275022953748,1.0,1.880695032323304,-0.0090194880808967,True
2022-10-07,CAC_40,^FCHI,Yahoo Finance,5866.93994140625,-0.011773051706116,-1.177305170611609,1.6480492779806557,-0.4494382208862685,4,-0.1787966356720202,1.0,1.7599342292575126,-0.0082269434251432,True
2022-10-10,CAC_40,^FCHI,Yahoo Finance,5840.5498046875,-0.0045082561655809,-0.4508256165580968,1.5857263300399311,-0.21184135145147764,6,-0.4494382208862685,4.0,1.6480492779806557,-0.011773051706116,True
2022-10-11,CAC_40,^FCHI,Yahoo Finance,5833.2001953125,-0.0012591687068972,-0.1259168706897226,1.470186135186448,-0.2229175156250777,4,-0.21184135145147764,6.0,1.5857263300399311,-0.0045082561655809,True
2022-10-12,CAC_40,^FCHI,Yahoo Finance,5818.47021484375,-0.0025283908310713,-0.2528390831071346,1.35517270959977,-0.26128971577048876,2,-0.2229175156250777,4.0,1.470186135186448,-0.0012591687068972,True
2022-10-13,CAC_40,^FCHI,Yahoo Finance,5879.18994140625,0.0103816098439832,1.038160984398329,1.2574539824570807,-0.2454046724985043,1,-0.26128971577048876,2.0,1.35517270959977,-0.0025283908310713,True
2022-10-14,CAC_40,^FCHI,Yahoo Finance,5931.919921875,0.0089289374847126,0.892893748471262,1.2150981191949974,-0.177187927504484,3,-0.2454046724985043,1.0,1.2574539824570807,0.0103816098439832,True
2022-10-17,CAC_40,^FCHI,Yahoo Finance,6040.66015625,0.0181653785287775,1.8165378528777572,1.1643170972358252,-0.12661095706021136,7,-0.177187927504484,3.0,1.2150981191949974,0.0089289374847126,True
2022-10-18,CAC_40,^FCHI,Yahoo Finance,6067.0,0.0043509455935779,0.435094559357799,1.2575571530793554,,0,-0.12661095706021136,7.0,1.1643170972358252,0.0181653785287775,True
2022-10-19,CAC_40,^FCHI,Yahoo Finance,6040.72021484375,-0.0043410032538939,-0.4341003253893953,1.1703108545137324,-0.5315480428239838,1,,0.0,1.2575571530793554,0.0043509455935779,False
2022-10-20,CAC_40,^FCHI,Yahoo Finance,6086.89990234375,0.0076156591728137,0.7615659172813701,1.1055165360152377,-0.0502232973729925,1,-0.5315480428239838,1.0,1.1703108545137324,-0.0043410032538939,True
2022-10-21,CAC_40,^FCHI,Yahoo Finance,6035.39013671875,-0.0084984067324083,-0.8498406732408323,1.0587355138523205,-0.06382070295293026,2,-0.0502232973729925,1.0,1.1055165360152377,0.0076156591728137,True
2022-10-24,CAC_40,^FCHI,Yahoo Finance,6131.35986328125,0.0157760646023098,1.5776064602309834,1.051780653488593,-0.4030954113083922,3,-0.06382070295293026,2.0,1.0587355138523205,-0.0084984067324083,True
2022-10-25,CAC_40,^FCHI,Yahoo Finance,6250.5498046875,0.0192528658803046,1.9252865880304637,1.1271180777816536,,0,-0.4030954113083922,3.0,1.051780653488593,0.0157760646023098,True
2022-10-26,CAC_40,^FCHI,Yahoo Finance,6276.31005859375,0.0041128088761326,0.4112808876132615,1.251295999534097,0.043539879587478895,2,,0.0,1.1271180777816536,0.0192528658803046,False
2022-10-27,CAC_40,^FCHI,Yahoo Finance,6244.02978515625,-0.0051564646592148,-0.5156464659214831,1.1638943326203774,0.054513176211425964,3,0.043539879587478895,2.0,1.251295999534097,0.0041128088761326,True
2022-10-28,CAC_40,^FCHI,Yahoo Finance,6273.0498046875,0.004636875769404,0.4636875769404059,1.106006553263681,-0.5938259602213899,1,0.054513176211425964,3.0,1.1638943326203774,-0.0051564646592148,True
2022-10-31,CAC_40,^FCHI,Yahoo Finance,6266.77001953125,-0.0010015751054233,-0.1001575105423302,1.0389084557701709,-0.2952263811603188,1,-0.5938259602213899,1.0,1.106006553263681,0.004636875769404,True
2022-11-01,CAC_40,^FCHI,Yahoo Finance,6328.25,0.0097626631280121,0.9762663128012125,0.974460347040819,,0,-0.2952263811603188,1.0,1.0389084557701709,-0.0010015751054233,True
2022-11-02,CAC_40,^FCHI,Yahoo Finance,6276.8798828125,-0.0081507135680251,-0.8150713568025134,0.971599460470665,,0,,0.0,0.974460347040819,0.0097626631280121,False
2022-11-03,CAC_40,^FCHI,Yahoo Finance,6243.27978515625,-0.0053673721760471,-0.5367372176047104,0.9758651306988956,-0.2125110142144628,2,,0.0,0.971599460470665,-0.0081507135680251,False
2022-11-04,CAC_40,^FCHI,Yahoo Finance,6416.43994140625,0.0273577867404863,2.7357786740486367,0.9475407672268568,0.008575298502627348,2,-0.2125110142144628,2.0,0.9758651306988956,-0.0053673721760471,True
2022-11-07,CAC_40,^FCHI,Yahoo Finance,6416.60986328125,2.648191623902242e-05,0.0026481916239022,1.3298428457982692,-0.1139497690152485,3,0.008575298502627348,2.0,0.9475407672268568,0.0273577867404863,True
2022-11-08,CAC_40,^FCHI,Yahoo Finance,6441.5,0.0038715126985916,0.3871512698591652,1.2283804183647282,-0.0965008812846016,1,-0.1139497690152485,3.0,1.3298428457982692,2.648191623902242e-05,True
2022-11-09,CAC_40,^FCHI,Yahoo Finance,6430.56982421875,-0.0016982782967361,-0.1698278296736114,1.1428775575891128,-0.0739920997293459,3,-0.0965008812846016,1.0,1.2283804183647282,0.0038715126985916,True
2022-11-10,CAC_40,^FCHI,Yahoo Finance,6556.830078125,0.0194441124169621,1.944411241696211,1.0676558260321336,,0,-0.0739920997293459,3.0,1.1428775575891128,-0.0016982782967361,True
2022-11-11,CAC_40,^FCHI,Yahoo Finance,6594.6201171875,0.0057469165010719,0.5746916501071923,1.2119465062366286,-0.32110587428517956,2,,0.0,1.0676558260321336,0.0194441124169621,False
2022-11-14,CAC_40,^FCHI,Yahoo Finance,6609.169921875,0.0022038839656819,0.2203883965681904,1.137166312417073,,0,-0.32110587428517956,2.0,1.2119465062366286,0.0057469165010719,True
2022-11-15,CAC_40,^FCHI,Yahoo Finance,6641.66015625,0.0049038889328726,0.4903888932872604,1.0584689196650412,-0.5170064245661099,1,,0.0,1.137166312417073,0.0022038839656819,False
2022-11-16,CAC_40,^FCHI,Yahoo Finance,6607.22021484375,-0.0051989327421464,-0.5198932742146469,0.9989677652274128,-0.17393951738874122,2,-0.5170064245661099,1.0,1.0584689196650412,0.0049038889328726,True
2022-11-17,CAC_40,^FCHI,Yahoo Finance,6576.1201171875,-0.0047180994444245,-0.4718099444424528,0.965480280079588,-0.5581098413306542,1,-0.17393951738874122,2.0,0.9989677652274128,-0.0051989327421464,True
2022-11-18,CAC_40,^FCHI,Yahoo Finance,6644.4599609375,0.0103384952930685,1.0338495293068584,0.9328357046655096,,0,-0.5581098413306542,1.0,0.965480280079588,-0.0047180994444245,True
2022-11-21,CAC_40,^FCHI,Yahoo Finance,6634.4501953125,-0.0015076188336485,-0.1507618833648581,0.9453175419736608,-0.3505631578348887,2,,0.0,0.9328357046655096,0.0103384952930685,False
2022-11-22,CAC_40,^FCHI,Yahoo Finance,6657.52978515625,0.0034727125788832,0.3472712578883279,0.8949510268558711,-0.2084647560198056,1,-0.3505631578348887,2.0,0.9453175419736608,-0.0015076188336485,True
2022-11-23,CAC_40,^FCHI,Yahoo Finance,6679.08984375,0.0032332147088969,0.3233214708896916,0.8508846094818989,-0.8240314722061157,1,-0.2084647560198056,1.0,0.8949510268558711,0.0034727125788832,True
2022-11-24,CAC_40,^FCHI,Yahoo Finance,6707.31982421875,0.0042177137885058,0.42177137885058,0.8121065133947288,-0.0870342141899623,2,-0.8240314722061157,1.0,0.8508846094818989,0.0032332147088969,True
2022-11-25,CAC_40,^FCHI,Yahoo Finance,6712.47998046875,0.0007690362865941,0.0769036286594184,0.7836716752237856,-0.009959087613452633,3,-0.0870342141899623,2.0,0.8121065133947288,0.0042177137885058,True
2022-11-28,CAC_40,^FCHI,Yahoo Finance,6665.2001953125,-0.0070684874193708,-0.7068487419370822,0.7504071726465473,-0.0149482434083308,1,-0.009959087613452633,3.0,0.7836716752237856,0.0007690362865941,True
2022-11-29,CAC_40,^FCHI,Yahoo Finance,6668.97021484375,0.000565467444279,0.0565467444279079,0.7837524946165766,-0.599914163351059,1,-0.0149482434083308,1.0,0.7504071726465473,-0.0070684874193708,True
2022-11-30,CAC_40,^FCHI,Yahoo Finance,6738.5498046875,0.0103792818342373,1.037928183423737,0.7506265612583629,-0.1715677729652573,1,-0.599914163351059,1.0,0.7837524946165766,0.000565467444279,True
2022-12-01,CAC_40,^FCHI,Yahoo Finance,6753.97021484375,0.0022857726870767,0.2285772687076776,0.8023294048296044,0.0047997196520848,2,-0.1715677729652573,1.0,0.7506265612583629,0.0103792818342373,True
2022-12-02,CAC_40,^FCHI,Yahoo Finance,6742.25,-0.0017368148419886,-0.1736814841988648,0.7676667797643854,-0.1260758762394911,1,0.0047997196520848,2.0,0.8023294048296044,0.0022857726870767,True
2022-12-05,CAC_40,^FCHI,Yahoo Finance,6696.9599609375,-0.0067400108557042,-0.6740010855704252,0.7441073576614613,-0.2812862263992428,1,-0.1260758762394911,1.0,0.7676667797643854,-0.0017368148419886,True
2022-12-06,CAC_40,^FCHI,Yahoo Finance,6687.7900390625,-0.0013702046447905,-0.1370204644790598,0.7740795998351332,,0,-0.2812862263992428,1.0,0.7441073576614613,-0.0067400108557042,True
2022-12-07,CAC_40,^FCHI,Yahoo Finance,6660.58984375,-0.0040754358504962,-0.407543585049624,0.7477207418862256,-0.18312670203029288,2,,0.0,0.7740795998351332,-0.0013702046447905,False
2022-12-08,CAC_40,^FCHI,Yahoo Finance,6647.31005859375,-0.0019957753907999,-0.199577539079998,0.7450403272251482,-0.0679690217366442,1,-0.18312670203029288,2.0,0.7477207418862256,-0.0040754358504962,True
2022-12-09,CAC_40,^FCHI,Yahoo Finance,6677.64013671875,0.0045523818192058,0.4552381819205898,0.7265170125143883,0.1341947870329022,1,-0.0679690217366442,1.0,0.7450403272251482,-0.0019957753907999,True
2022-12-12,CAC_40,^FCHI,Yahoo Finance,6650.5498046875,-0.0040651235398801,-0.4065123539880131,0.7138145421071072,-0.2932281353595582,1,0.1341947870329022,1.0,0.7265170125143883,0.0045523818192058,True
2022-12-13,CAC_40,^FCHI,Yahoo Finance,6744.97998046875,0.014098992953482,1.4098992953482088,0.7172117757336296,-0.1687534099384661,1,-0.2932281353595582,1.0,0.7138145421071072,-0.0040651235398801,True
2022-12-14,CAC_40,^FCHI,Yahoo Finance,6730.7900390625,-0.0021059941851633,-0.2105994185163327,0.8489165275864425,-0.0043200579253517,2,-0.1687534099384661,1.0,0.7172117757336296,0.014098992953482,True
2022-12-15,CAC_40,^FCHI,Yahoo Finance,6522.77001953125,-0.0313933920782385,-3.139339207823856,0.8150194308136621,,0,-0.0043200579253517,2.0,0.8489165275864425,-0.0021059941851633,True
2022-12-16,CAC_40,^FCHI,Yahoo Finance,6452.6298828125,-0.0108113538606362,-1.0811353860636246,1.4445108946346703,,0,,0.0,0.8150194308136621,-0.0313933920782385,False
2022-12-19,CAC_40,^FCHI,Yahoo Finance,6473.2900390625,0.0031967046010768,0.3196704601076851,1.4021755223443468,-0.6541438986314461,2,,0.0,1.4445108946346703,-0.0108113538606362,False
2022-12-20,CAC_40,^FCHI,Yahoo Finance,6450.43017578125,-0.0035376635739982,-0.3537663573998234,1.2944148342683308,-0.14718344538880349,5,-0.6541438986314461,2.0,1.4021755223443468,0.0031967046010768,True
2022-12-21,CAC_40,^FCHI,Yahoo Finance,6580.240234375,0.0199244319508804,1.9924431950880432,1.2087658761029565,0.1860327862086706,1,-0.14718344538880349,5.0,1.2944148342683308,-0.0035376635739982,True
2022-12-22,CAC_40,^FCHI,Yahoo Finance,6517.97021484375,-0.0095082437265056,-0.9508243726505682,1.3254459640449971,,0,0.1860327862086706,1.0,1.2087658761029565,0.0199244319508804,True
2022-12-23,CAC_40,^FCHI,Yahoo Finance,6504.89990234375,-0.0020072866842655,-0.2007286684265531,1.2865081623573886,-0.3249551742027203,1,,0.0,1.3254459640449971,-0.0095082437265056,False
2022-12-27,CAC_40,^FCHI,Yahoo Finance,6550.66015625,0.0070101077387877,0.7010107738787762,1.1949491064655111,0.06865577360574443,3,-0.3249551742027203,1.0,1.2865081623573886,-0.0020072866842655,True
2022-12-28,CAC_40,^FCHI,Yahoo Finance,6510.490234375,-0.0061510735774902,-0.6151073577490231,1.1307456986721391,-0.5403425307013094,2,0.06865577360574443,3.0,1.1949491064655111,0.0070101077387877,True
2022-12-29,CAC_40,^FCHI,Yahoo Finance,6573.47021484375,0.0096271258440386,0.9627125844038648,1.0861954098813162,-0.1108297497942176,6,-0.5403425307013094,2.0,1.1307456986721391,-0.0061510735774902,True
2022-12-30,CAC_40,^FCHI,Yahoo Finance,6473.759765625,-0.0152848367980843,-1.5284836798084351,1.0625853087880996,,0,-0.1108297497942176,6.0,1.0861954098813162,0.0096271258440386,True
2023-01-02,CAC_40,^FCHI,Yahoo Finance,6594.56982421875,0.0184895092276978,1.8489509227697856,1.1663567056859263,-0.2959213660383183,5,,0.0,1.0625853087880996,-0.0152848367980843,False
2023-01-03,CAC_40,^FCHI,Yahoo Finance,6623.89013671875,0.0044362748267571,0.4436274826757168,1.265343735022818,0.2116428878815734,1,-0.2959213660383183,5.0,1.1663567056859263,0.0184895092276978,True
2023-01-04,CAC_40,^FCHI,Yahoo Finance,6776.43017578125,0.0227676092392701,2.276760923927018,1.177497505113087,-0.0401614912992005,2,0.2116428878815734,1.0,1.265343735022818,0.0044362748267571,True
2023-01-05,CAC_40,^FCHI,Yahoo Finance,6761.5,-0.0022056816131228,-0.2205681613122866,1.363130828917125,-0.11650405625502265,2,-0.0401614912992005,2.0,1.177497505113087,0.0227676092392701,True
2023-01-06,CAC_40,^FCHI,Yahoo Finance,6860.9501953125,0.0146011856507792,1.4601185650779205,1.2632397953421737,-0.3195598700549453,2,-0.11650405625502265,2.0,1.363130828917125,-0.0022056816131228,True
2023-01-09,CAC_40,^FCHI,Yahoo Finance,6907.35986328125,0.0067415454099557,0.6741545409955759,1.27443209434043,-0.11185506210428874,3,-0.3195598700549453,2.0,1.2632397953421737,0.0146011856507792,True
2023-01-10,CAC_40,^FCHI,Yahoo Finance,6869.14013671875,-0.0055485536408497,-0.5548553640849728,1.197819023078981,0.1249183421605266,1,-0.11185506210428874,3.0,1.27443209434043,0.0067415454099557,True
2023-01-11,CAC_40,^FCHI,Yahoo Finance,6924.18994140625,0.0079821329098007,0.7982132909800744,1.1383673220079584,,0,0.1249183421605266,1.0,1.197819023078981,-0.0055485536408497,True
2023-01-12,CAC_40,^FCHI,Yahoo Finance,6975.68017578125,0.007408769933106,0.7408769933106091,1.090037047430882,-0.0196424699194418,1,,0.0,1.1383673220079584,0.0079821329098007,False
2023-01-13,CAC_40,^FCHI,Yahoo Finance,7023.5,0.0068318300947582,0.683183009475828,1.0437230808760158,0.0967911008745432,1,-0.0196424699194418,1.0,1.090037047430882,0.007408769933106,True
2023-01-16,CAC_40,^FCHI,Yahoo Finance,7043.31005859375,0.0028165691592383,0.2816569159238316,0.9993320878183948,0.01239282023161645,2,0.0967911008745432,1.0,1.0437230808760158,0.0068318300947582,True
2023-01-17,CAC_40,^FCHI,Yahoo Finance,7077.16015625,0.0047944809179878,0.4794480917987845,0.9391090894269536,-0.0066626914937434,1,0.01239282023161645,2.0,0.9993320878183948,0.0028165691592383,True
2023-01-18,CAC_40,^FCHI,Yahoo Finance,7083.39013671875,0.0008799066055786,0.0879906605578659,0.8953761388703446,,0,-0.0066626914937434,1.0,0.9391090894269536,0.0047944809179878,True
2023-01-19,CAC_40,^FCHI,Yahoo Finance,6951.8701171875,-0.0187419209811826,-1.874192098118264,0.8464552550467724,0.3440751214669544,1,,0.0,0.8953761388703446,0.0008799066055786,False
2023-01-20,CAC_40,^FCHI,Yahoo Finance,6995.990234375,0.0063264562779963,0.6326456277996342,1.0948641726692063,-0.0107642111834138,1,0.3440751214669544,1.0,0.8464552550467724,-0.0187419209811826,True
2023-01-23,CAC_40,^FCHI,Yahoo Finance,7032.02001953125,0.0051368460289284,0.513684602892843,1.0393720853008972,-0.27582006256461633,6,-0.0107642111834138,1.0,1.0948641726692063,0.0063264562779963,True
2023-01-24,CAC_40,^FCHI,Yahoo Finance,7050.47998046875,0.0026216895452988,0.2621689545298839,0.9837461582633324,,0,-0.27582006256461633,6.0,1.0393720853008972,0.0051368460289284,True
2023-01-25,CAC_40,^FCHI,Yahoo Finance,7043.8798828125,-0.0009365587657344,-0.0936558765734401,0.925056105684501,,0,,0.0,0.9837461582633324,0.0026216895452988,False
2023-01-26,CAC_40,^FCHI,Yahoo Finance,7095.990234375,0.0073707307139191,0.7370730713919116,0.8753639128326127,0.2345510194078088,1,,0.0,0.925056105684501,-0.0009365587657344,False
2023-01-27,CAC_40,^FCHI,Yahoo Finance,7097.2099609375,0.0001718747778821,0.0171874777882104,0.8622576879443015,,0,0.2345510194078088,1.0,0.8753639128326127,0.0073707307139191,True
2023-01-30,CAC_40,^FCHI,Yahoo Finance,7082.009765625,-0.0021440109439437,-0.2144010943943738,0.8184917266063498,-0.2515634649761897,2,,0.0,0.8622576879443015,0.0001718747778821,False
2023-01-31,CAC_40,^FCHI,Yahoo Finance,7082.419921875,5.791355658692583e-05,0.0057913556586925,0.789362130136307,,0,-0.2515634649761897,2.0,0.8184917266063498,-0.0021440109439437,True
2023-02-01,CAC_40,^FCHI,Yahoo Finance,7077.10986328125,-0.0007500332176634,-0.0750033217663409,0.7561288020160941,0.0115532615800967,1,,0.0,0.789362130136307,5.791355658692583e-05,False
2023-02-02,CAC_40,^FCHI,Yahoo Finance,7166.27001953125,0.0125196858582163,1.2519685858216365,0.7300066507026044,-0.06432946385260714,3,0.0115532615800967,1.0,0.7561288020160941,-0.0007500332176634,True
2023-02-03,CAC_40,^FCHI,Yahoo Finance,7233.93994140625,0.0093985324072976,0.9398532407297668,0.8254403404794038,-0.2705546126124405,1,-0.06432946385260714,3.0,0.7300066507026044,0.0125196858582163,True
2023-02-06,CAC_40,^FCHI,Yahoo Finance,7137.10009765625,-0.013477286166139,-1.3477286166139053,0.8460659040806313,0.10502877510677262,4,-0.2705546126124405,1.0,0.8254403404794038,0.0093985324072976,True
2023-02-07,CAC_40,^FCHI,Yahoo Finance,7132.35009765625,-0.0006657579809216,-0.066575798092166,0.9714427161423048,0.1563564913714645,1,0.10502877510677262,4.0,0.8460659040806313,-0.013477286166139,True
2023-02-08,CAC_40,^FCHI,Yahoo Finance,7119.830078125,-0.0017569273749549,-0.1756927374954921,0.914776759048694,0.0747879296541214,1,0.1563564913714645,1.0,0.9714427161423048,-0.0006657579809216,True
2023-02-09,CAC_40,^FCHI,Yahoo Finance,7188.35986328125,0.0095791724129495,0.9579172412949548,0.869683692809159,,0,0.0747879296541214,1.0,0.914776759048694,-0.0017569273749549,True
2023-02-10,CAC_40,^FCHI,Yahoo Finance,7129.72998046875,-0.0081896693130826,-0.8189669313082619,0.8840095092563773,-0.042199707071902966,3,,0.0,0.869683692809159,0.0095791724129495,False
2023-02-13,CAC_40,^FCHI,Yahoo Finance,7208.58984375,0.0109999859697233,1.0999985969723318,0.9057314189286608,,0,-0.042199707071902966,3.0,0.8840095092563773,-0.0081896693130826,True
2023-02-14,CAC_40,^FCHI,Yahoo Finance,7213.81005859375,0.0007239038033977,0.0723903803397707,0.9331383984049288,0.1674468029769531,2,,0.0,0.9057314189286608,0.0109999859697233,False
2023-02-15,CAC_40,^FCHI,Yahoo Finance,7300.85986328125,0.0119948781280838,1.1994878128083868,0.8792567535591093,,0,0.1674468029769531,2.0,0.9331383984049288,0.0007239038033977,True
2023-02-16,CAC_40,^FCHI,Yahoo Finance,7366.16015625,0.0089044297132957,0.890442971329579,0.9280704605769884,,0,,0.0,0.8792567535591093,0.0119948781280838,False
2023-02-17,CAC_40,^FCHI,Yahoo Finance,7347.72021484375,-0.0025064701621997,-0.2506470162199739,0.9229355035939638,,0,,0.0,0.9280704605769884,0.0089044297132957,False
2023-02-20,CAC_40,^FCHI,Yahoo Finance,7335.60986328125,-0.001649537842446,-0.1649537842446041,0.8805416571353345,-0.01213246702294175,2,,0.0,0.9229355035939638,-0.0025064701621997,False
2023-02-21,CAC_40,^FCHI,Yahoo Finance,7308.64990234375,-0.0036819875947388,-0.3681987594738888,0.8397787172219857,0.0321142918740709,1,-0.01213246702294175,2.0,0.8805416571353345,-0.001649537842446,True
2023-02-22,CAC_40,^FCHI,Yahoo Finance,7299.259765625,-0.0012856237785611,-0.128562377856119,0.8180338211682382,,0,0.0321142918740709,1.0,0.8397787172219857,-0.0036819875947388,True
2023-02-23,CAC_40,^FCHI,Yahoo Finance,7317.43017578125,0.0024862564081302,0.2486256408130274,0.7847111060715436,0.035616410851833334,3,,0.0,0.8180338211682382,-0.0012856237785611,False
2023-02-24,CAC_40,^FCHI,Yahoo Finance,7187.27001953125,-0.0179477891228342,-1.794778912283428,0.7531161462411167,0.2719661329562465,2,0.035616410851833334,3.0,0.7847111060715436,0.0024862564081302,True
2023-02-27,CAC_40,^FCHI,Yahoo Finance,7295.5498046875,0.0149531381379149,1.4953138137914983,1.0164601308421208,-0.3078556976901988,5,0.2719661329562465,2.0,0.7531161462411167,-0.0179477891228342,True
2023-02-28,CAC_40,^FCHI,Yahoo Finance,7267.93017578125,-0.0037930030537512,-0.3793003053751254,1.0851225966038536,0.2662163324033221,1,-0.3078556976901988,5.0,1.0164601308421208,0.0149531381379149,True
2023-03-01,CAC_40,^FCHI,Yahoo Finance,7234.25,-0.0046448514535252,-0.464485145352521,1.0281340561010135,0.08552719912294181,2,0.2662163324033221,1.0,1.0851225966038536,-0.0037930030537512,True
2023-03-02,CAC_40,^FCHI,Yahoo Finance,7284.22021484375,0.0068837021291496,0.6883702129149643,0.9854902496032708,-0.0769146652140514,3,0.08552719912294181,2.0,1.0281340561010135,-0.0046448514535252,True
2023-03-03,CAC_40,^FCHI,Yahoo Finance,7348.1201171875,0.0087341200531774,0.8734120053177438,0.9501753621198946,,0,-0.0769146652140514,3.0,0.9854902496032708,0.0068837021291496,True
2023-03-06,CAC_40,^FCHI,Yahoo Finance,7373.2099609375,0.0034086414623874,0.3408641462387491,0.9391796380165116,0.1925216279178858,1,,0.0,0.9501753621198946,0.0087341200531774,False
2023-03-07,CAC_40,^FCHI,Yahoo Finance,7339.27001953125,-0.0046137703035196,-0.4613770303519632,0.888788152516919,,0,0.1925216279178858,1.0,0.9391796380165116,0.0034086414623874,True
2023-03-08,CAC_40,^FCHI,Yahoo Finance,7324.759765625,-0.0019790274371622,-0.1979027437162221,0.867267799935059,0.1359836865216493,1,,0.0,0.888788152516919,-0.0046137703035196,False
2023-03-09,CAC_40,^FCHI,Yahoo Finance,7315.8798828125,-0.0012130458934325,-0.1213045893432506,0.8300085673739984,-0.056853485526517,1,0.1359836865216493,1.0,0.867267799935059,-0.0019790274371622,True
2023-03-10,CAC_40,^FCHI,Yahoo Finance,7220.669921875,-0.0130995764065877,-1.3099576406587798,0.7946354587883036,,0,-0.056853485526517,1.0,0.8300085673739984,-0.0012130458934325,True
2023-03-13,CAC_40,^FCHI,Yahoo Finance,7011.5,-0.0293960773790188,-2.939607737901884,0.9270413924649944,0.05845547116676838,6,,0.0,0.7946354587883036,-0.0130995764065877,False
2023-03-14,CAC_40,^FCHI,Yahoo Finance,7141.56982421875,0.0183809573364828,1.8380957336482835,1.4385411540144726,0.097418331674167,1,0.05845547116676838,6.0,0.9270413924649944,-0.0293960773790188,True
2023-03-15,CAC_40,^FCHI,Yahoo Finance,6885.7099609375,-0.0364843715996233,-3.648437159962336,1.4750804190142195,-0.0770474223271859,1,0.097418331674167,1.0,1.4385411540144726,0.0183809573364828,True
2023-03-16,CAC_40,^FCHI,Yahoo Finance,7025.72021484375,0.0201294877293356,2.012948772933565,1.955749024249664,,0,-0.0770474223271859,1.0,1.4750804190142195,-0.0364843715996233,True
2023-03-17,CAC_40,^FCHI,Yahoo Finance,6925.39990234375,-0.0143819336138252,-1.438193361382523,1.923986719047979,-0.0818530850228853,2,,0.0,1.955749024249664,0.0201294877293356,False
2023-03-20,CAC_40,^FCHI,Yahoo Finance,7013.14013671875,0.0125897537392286,1.2589753739228624,1.8506170256502452,-0.3963108696043491,1,-0.0818530850228853,2.0,1.923986719047979,-0.0143819336138252,True
2023-03-21,CAC_40,^FCHI,Yahoo Finance,7112.91015625,0.0141259129731852,1.4125912973185255,1.7463099022884885,-0.171493243864354,1,-0.3963108696043491,1.0,1.8506170256502452,0.0125897537392286,True
2023-03-22,CAC_40,^FCHI,Yahoo Finance,7131.1201171875,0.0025568565228502,0.255685652285026,1.6720707379043347,-0.08735369962943325,2,-0.171493243864354,1.0,1.7463099022884885,0.0141259129731852,True
2023-03-23,CAC_40,^FCHI,Yahoo Finance,7139.25,0.0011394075451846,0.1139407545184674,1.5333218718053214,-0.228033909574151,1,-0.08735369962943325,2.0,1.6720707379043347,0.0025568565228502,True
2023-03-24,CAC_40,^FCHI,Yahoo Finance,7015.10009765625,-0.0175427462762052,-1.754274627620525,1.4085696229181977,-0.1795718491077423,1,-0.228033909574151,1.0,1.5333218718053214,0.0011394075451846,True
2023-03-27,CAC_40,^FCHI,Yahoo Finance,7078.27001953125,0.0089645477828916,0.8964547782891661,1.4734202434653676,0.021931251113754546,2,-0.1795718491077423,1.0,1.4085696229181977,-0.0175427462762052,True
2023-03-28,CAC_40,^FCHI,Yahoo Finance,7088.33984375,0.0014216281823076,0.1421628182307642,1.3873108534308198,-0.037251344797874064,3,0.021931251113754546,2.0,1.4734202434653676,0.0089645477828916,True
2023-03-29,CAC_40,^FCHI,Yahoo Finance,7186.990234375,0.0138213211888245,1.3821321188824596,1.278807337574079,-0.0089471196575511,2,-0.037251344797874064,3.0,1.3873108534308198,0.0014216281823076,True
2023-03-30,CAC_40,^FCHI,Yahoo Finance,7263.3701171875,0.0105714449017525,1.0571444901752522,1.2758067639566004,-0.278330366127193,1,-0.0089471196575511,2.0,1.278807337574079,0.0138213211888245,True
2023-03-31,CAC_40,^FCHI,Yahoo Finance,7322.39013671875,0.008092871489413,0.8092871489413036,1.23269337783277,0.19113407001540095,3,-0.278330366127193,1.0,1.2758067639566004,0.0105714449017525,True
2023-04-03,CAC_40,^FCHI,Yahoo Finance,7345.9599609375,0.0032137008385182,0.3213700838518273,1.1718944892264789,-0.24984250327928315,2,0.19113407001540095,3.0,1.23269337783277,0.008092871489413,True
2023-04-04,CAC_40,^FCHI,Yahoo Finance,7344.9599609375,-0.0001361385137026,-0.013613851370263,1.0911680127123975,,0,-0.24984250327928315,2.0,1.1718944892264789,0.0032137008385182,True
2023-04-05,CAC_40,^FCHI,Yahoo Finance,7316.2998046875,-0.0039096494046055,-0.3909649404605507,1.0181726490353329,-0.23890284581877355,3,,0.0,1.0911680127123975,-0.0001361385137026,False
2023-04-06,CAC_40,^FCHI,Yahoo Finance,7324.75,0.0011543156212855,0.1154315621285526,0.971321223651541,-0.11097365838141564,3,-0.23890284581877355,3.0,1.0181726490353329,-0.0039096494046055,True
2023-04-11,CAC_40,^FCHI,Yahoo Finance,7390.27978515625,0.0089065695825891,0.8906569582589113,0.9123806649538256,-0.006879022256249469,3,-0.11097365838141564,3.0,0.971321223651541,0.0011543156212855,True
2023-04-12,CAC_40,^FCHI,Yahoo Finance,7396.93994140625,0.0009007990445148,0.0900799044514817,0.9100725933084148,,0,-0.006879022256249469,3.0,0.9123806649538256,0.0089065695825891,True
2023-04-13,CAC_40,^FCHI,Yahoo Finance,7480.830078125,0.0112773655857294,1.1277365585729484,0.8591768953970178,,0,,0.0,0.9100725933084148,0.0009007990445148,False
2023-04-14,CAC_40,^FCHI,Yahoo Finance,7519.60986328125,0.0051704978924279,0.5170497892427917,0.9007741613387478,,0,,0.0,0.8591768953970178,0.0112773655857294,False
2023-04-17,CAC_40,^FCHI,Yahoo Finance,7498.18017578125,-0.0028539088626613,-0.285390886266135,0.8649532701901189,-0.2197170932353897,1,,0.0,0.9007741613387478,0.0051704978924279,False
2023-04-18,CAC_40,^FCHI,Yahoo Finance,7533.6298828125,0.0047166339399939,0.4716633939993971,0.833186080386482,0.493183320787336,1,-0.2197170932353897,1.0,0.8649532701901189,-0.0028539088626613,True
2023-04-19,CAC_40,^FCHI,Yahoo Finance,7549.43994140625,0.0020963987528122,0.2096398752812264,0.8045498749371929,,0,0.493183320787336,1.0,0.833186080386482,0.0047166339399939,True
2023-04-20,CAC_40,^FCHI,Yahoo Finance,7538.7099609375,-0.0014223058952957,-0.1422305895295762,0.7691742261758503,,0,,0.0,0.8045498749371929,0.0020963987528122,False
2023-04-21,CAC_40,^FCHI,Yahoo Finance,7577.0,0.0050662682812591,0.5066268281259154,0.7438098966674671,0.0433419564609774,1,,0.0,0.7691742261758503,-0.0014223058952957,False
2023-04-24,CAC_40,^FCHI,Yahoo Finance,7573.85986328125,-0.0004145159802213,-0.0414515980221371,0.7319537209154747,-0.4433390779110292,2,0.0433419564609774,1.0,0.7438098966674671,0.0050662682812591,True
2023-04-25,CAC_40,^FCHI,Yahoo Finance,7531.60986328125,-0.0055940147432936,-0.559401474329363,0.7084666983856468,0.04891576661597845,2,-0.4433390779110292,2.0,0.7319537209154747,-0.0004145159802213,True
2023-04-26,CAC_40,^FCHI,Yahoo Finance,7466.66015625,-0.0086610139640205,-0.8661013964020522,0.730427174619255,,0,0.04891576661597845,2.0,0.7084666983856468,-0.0055940147432936,True
2023-04-27,CAC_40,^FCHI,Yahoo Finance,7483.83984375,0.0022982101015478,0.2298210101547896,0.7937747755388179,,0,,0.0,0.730427174619255,-0.0086610139640205,False
2023-04-28,CAC_40,^FCHI,Yahoo Finance,7491.5,0.0010230361378131,0.1023036137813165,0.7603843332427718,,0,,0.0,0.7937747755388179,0.0022982101015478,False
2023-05-02,CAC_40,^FCHI,Yahoo Finance,7383.2001953125,-0.0145618690781943,-1.456186907819431,0.730462078355501,,0,,0.0,0.7603843332427718,0.0010230361378131,False
2023-05-03,CAC_40,^FCHI,Yahoo Finance,7403.830078125,0.0027902690148982,0.2790269014898298,0.916862878914388,,0,,0.0,0.730462078355501,-0.0145618690781943,False
2023-05-04,CAC_40,^FCHI,Yahoo Finance,7340.77001953125,-0.0085537000206411,-0.8553700020641125,0.8674718469776426,-0.06729985894014438,2,,0.0,0.916862878914388,0.0027902690148982,False
2023-05-05,CAC_40,^FCHI,Yahoo Finance,7432.93017578125,0.0124764074680053,1.2476407468005373,0.8979522868084798,,0,-0.06729985894014438,2.0,0.8674718469776426,-0.0085537000206411,True
2023-05-08,CAC_40,^FCHI,Yahoo Finance,7440.91015625,0.0010730223071212,0.1073022307121204,0.9506034205453724,-0.0312025044113397,1,,0.0,0.8979522868084798,0.0124764074680053,False
2023-05-09,CAC_40,^FCHI,Yahoo Finance,7397.169921875,-0.0058956901219633,-0.5895690121963351,0.8943429908395103,,0,-0.0312025044113397,1.0,0.9506034205453724,0.0010730223071212,True
2023-05-10,CAC_40,^FCHI,Yahoo Finance,7361.2001953125,-0.0048744946086873,-0.4874494608687365,0.8849011335596169,,0,,0.0,0.8943429908395103,-0.0058956901219633,False
2023-05-11,CAC_40,^FCHI,Yahoo Finance,7381.77978515625,0.0027917833758913,0.2791783375891347,0.8664720367646606,-0.1063647357154299,2,,0.0,0.8849011335596169,-0.0048744946086873,False
2023-05-12,CAC_40,^FCHI,Yahoo Finance,7414.85009765625,0.0044699864531466,0.4469986453146662,0.8240103012011951,,0,-0.1063647357154299,2.0,0.8664720367646606,0.0027917833758913,True
2023-05-15,CAC_40,^FCHI,Yahoo Finance,7418.2099609375,0.0004530236276858,0.0453023627685813,0.7952402122154886,,0,,0.0,0.8240103012011951,0.0044699864531466,False
2023-05-16,CAC_40,^FCHI,Yahoo Finance,7406.009765625,-0.0016459818178617,-0.1645981817861735,0.7605624885923808,,0,,0.0,0.7952402122154886,0.0004530236276858,False
2023-05-17,CAC_40,^FCHI,Yahoo Finance,7399.43994140625,-0.0008874873482361,-0.0887487348236118,0.737637653784208,,0,,0.0,0.7605624885923808,-0.0016459818178617,False
2023-05-18,CAC_40,^FCHI,Yahoo Finance,7446.89013671875,0.0063922001776185,0.6392200177618599,0.7148697023060689,,0,,0.0,0.737637653784208,-0.0008874873482361,False
2023-05-19,CAC_40,^FCHI,Yahoo Finance,7491.9599609375,0.0060339263955249,0.603392639552499,0.7201694302125472,,0,,0.0,0.7148697023060689,0.0063922001776185,False
2023-05-22,CAC_40,^FCHI,Yahoo Finance,7478.16015625,-0.0018436470099515,-0.1843647009951528,0.7208812934030282,-0.01962626276687135,2,,0.0,0.7201694302125472,0.0060339263955249,False
2023-05-23,CAC_40,^FCHI,Yahoo Finance,7378.7099609375,-0.0133879720236838,-1.3387972023683865,0.7053903149142813,,0,-0.01962626276687135,2.0,0.7208812934030282,-0.0018436470099515,True
2023-05-24,CAC_40,^FCHI,Yahoo Finance,7253.4599609375,-0.0171202302746497,-1.7120230274649726,0.8726364272325032,,0,,0.0,0.7053903149142813,-0.0133879720236838,False
2023-05-25,CAC_40,^FCHI,Yahoo Finance,7229.27001953125,-0.0033405254304567,-0.3340525430456767,1.0718413334617822,,0,,0.0,0.8726364272325032,-0.0171202302746497,False
2023-05-26,CAC_40,^FCHI,Yahoo Finance,7319.18017578125,0.0123602582702736,1.2360258270273696,1.0137687171867575,,0,,0.0,1.0718413334617822,-0.0033405254304567,False
2023-05-29,CAC_40,^FCHI,Yahoo Finance,7303.81005859375,-0.0021021860237111,-0.2102186023711158,1.0397490928855213,0.0638628988177515,1,,0.0,1.0137687171867575,0.0123602582702736,False
2023-05-30,CAC_40,^FCHI,Yahoo Finance,7209.75,-0.0129618612012925,-1.2961861201292544,0.9793357848879534,0.2610121816038512,1,0.0638628988177515,1.0,1.0397490928855213,-0.0021021860237111,True
2023-05-31,CAC_40,^FCHI,Yahoo Finance,7098.7001953125,-0.0155225804269311,-1.552258042693111,1.059250182309914,,0,0.2610121816038512,1.0,0.9793357848879534,-0.0129618612012925,True
2023-06-01,CAC_40,^FCHI,Yahoo Finance,7137.43017578125,0.0054410960016396,0.5441096001639629,1.1685966441608806,,0,,0.0,1.059250182309914,-0.0155225804269311,False
2023-06-02,CAC_40,^FCHI,Yahoo Finance,7270.68994140625,0.0184983973676698,1.8498397367669837,1.0976405680304022,,0,,0.0,1.1685966441608806,0.0054410960016396,False
2023-06-05,CAC_40,^FCHI,Yahoo Finance,7200.91015625,-0.0096437609511344,-0.9643760951134416,1.2141866360686806,0.0620360054142241,1,,0.0,1.0976405680304022,0.0184983973676698,False
2023-06-06,CAC_40,^FCHI,Yahoo Finance,7209.0,0.0011228167992995,0.112281679929955,1.194984270868576,,0,0.0620360054142241,1.0,1.2141866360686806,-0.0096437609511344,True
2023-06-07,CAC_40,^FCHI,Yahoo Finance,7202.7900390625,-0.0008617890359216,-0.0861789035921688,1.1085316783356376,,0,,0.0,1.194984270868576,0.0011228167992995,False
2023-06-08,CAC_40,^FCHI,Yahoo Finance,7222.14990234375,0.0026842226011276,0.268422260112762,1.0349451252372892,,0,,0.0,1.1085316783356376,-0.0008617890359216,False
2023-06-09,CAC_40,^FCHI,Yahoo Finance,7213.14013671875,-0.001248297300653,-0.1248297300653076,0.969829166550931,0.2666046265978366,2,,0.0,1.0349451252372892,0.0026842226011276,False
2023-06-12,CAC_40,^FCHI,Yahoo Finance,7250.35009765625,0.0051453753455932,0.5145375345593238,0.9151848779506532,,0,0.2666046265978366,2.0,0.969829166550931,-0.001248297300653,True
2023-06-13,CAC_40,^FCHI,Yahoo Finance,7290.7998046875,0.005563495547155,0.5563495547155046,0.87707737887454,,0,,0.0,0.9151848779506532,0.0051453753455932,False
2023-06-14,CAC_40,^FCHI,Yahoo Finance,7328.52978515625,0.0051616681881694,0.5161668188169468,0.8476084825488434,,0,,0.0,0.87707737887454,0.005563495547155,False
2023-06-15,CAC_40,^FCHI,Yahoo Finance,7290.91015625,-0.0051465325747472,-0.5146532574747273,0.8197512261438176,,0,,0.0,0.8476084825488434,0.0051616681881694,False
2023-06-16,CAC_40,^FCHI,Yahoo Finance,7388.64990234375,0.0133166375656413,1.3316637565641385,0.8152066436240946,-0.1232856052617231,1,,0.0,0.8197512261438176,-0.0051465325747472,False
2023-06-19,CAC_40,^FCHI,Yahoo Finance,7314.0498046875,-0.010147896554186,-1.0147896554186044,0.9031418630696634,,0,-0.1232856052617231,1.0,0.8152066436240946,0.0133166375656413,True
2023-06-20,CAC_40,^FCHI,Yahoo Finance,7294.169921875,-0.0027217409728107,-0.2721740972810784,0.9511672255276132,-0.3173532543936745,2,,0.0,0.9031418630696634,-0.010147896554186,False
2023-06-21,CAC_40,^FCHI,Yahoo Finance,7260.97021484375,-0.0045619299156913,-0.4561929915691307,0.9060178548774238,-0.0470925156426217,1,-0.3173532543936745,2.0,0.9511672255276132,-0.0027217409728107,True
2023-06-22,CAC_40,^FCHI,Yahoo Finance,7203.27978515625,-0.0079770102983047,-0.7977010298304714,0.8812657949617396,0.0099977701902389,1,-0.0470925156426217,1.0,0.9060178548774238,-0.0045619299156913,True
2023-06-23,CAC_40,^FCHI,Yahoo Finance,7163.419921875,-0.0055489383602605,-0.5548938360260557,0.9005066448100278,,0,0.0099977701902389,1.0,0.8812657949617396,-0.0079770102983047,True
2023-06-26,CAC_40,^FCHI,Yahoo Finance,7184.35009765625,0.0029175531249008,0.2917553124900896,0.8862726857418037,-0.12164381347935305,5,,0.0,0.9005066448100278,-0.0055489383602605,False
2023-06-27,CAC_40,^FCHI,Yahoo Finance,7215.580078125,0.0043375251200851,0.433752512008518,0.841440583370374,,0,-0.12164381347935305,5.0,0.8862726857418037,0.0029175531249008,True
2023-06-28,CAC_40,^FCHI,Yahoo Finance,7286.31982421875,0.0097560054408323,0.9756005440832398,0.8092655307827054,,0,,0.0,0.841440583370374,0.0043375251200851,False
2023-06-29,CAC_40,^FCHI,Yahoo Finance,7312.72998046875,0.0036180690405651,0.361806904056516,0.8383109634342616,,0,,0.0,0.8092655307827054,0.0097560054408323,False
2023-06-30,CAC_40,^FCHI,Yahoo Finance,7400.06005859375,0.011871453819435,1.187145381943504,0.8029333778024795,0.112241862147736,1,,0.0,0.8383109634342616,0.0036180690405651,False
2023-07-03,CAC_40,^FCHI,Yahoo Finance,7386.7001953125,-0.0018070039260979,-0.180700392609791,0.8674645609663362,,0,0.112241862147736,1.0,0.8029333778024795,0.011871453819435,True
2023-07-04,CAC_40,^FCHI,Yahoo Finance,7369.93017578125,-0.0022728802347141,-0.2272880234714158,0.8293147077953781,0.1431198721441129,1,,0.0,0.8674645609663362,-0.0018070039260979,False
2023-07-05,CAC_40,^FCHI,Yahoo Finance,7310.81005859375,-0.0080541492913113,-0.8054149291311371,0.7992932562084278,-0.0772732487336422,2,0.1431198721441129,1.0,0.8293147077953781,-0.0022728802347141,True
2023-07-06,CAC_40,^FCHI,Yahoo Finance,7082.2900390625,-0.0317567754999047,-3.175677549990472,0.8367649418419111,,0,-0.0772732487336422,2.0,0.7992932562084278,-0.0080541492913113,True
2023-07-07,CAC_40,^FCHI,Yahoo Finance,7111.8798828125,0.0041693014493118,0.4169301449311886,1.4660782815838682,-0.1324935892803801,3,,0.0,0.8367649418419111,-0.0317567754999047,False
2023-07-10,CAC_40,^FCHI,Yahoo Finance,7143.68994140625,0.0044628326727571,0.4462832672757154,1.3537527984764042,,0,-0.1324935892803801,3.0,1.4660782815838682,0.0041693014493118,True
2023-07-11,CAC_40,^FCHI,Yahoo Finance,7220.009765625,0.0106268641100475,1.0626864110047556,1.2554669708643222,,0,,0.0,1.3537527984764042,0.0044628326727571,False
2023-07-12,CAC_40,^FCHI,Yahoo Finance,7333.009765625,0.0155297353639856,1.5529735363985615,1.2160996140454563,-0.2290129951705845,1,,0.0,1.2554669708643222,0.0106268641100475,False
2023-07-13,CAC_40,^FCHI,Yahoo Finance,7369.7998046875,0.0050045014417838,0.5004501441783846,1.251064944636008,,0,-0.2290129951705845,1.0,1.2160996140454563,0.0155297353639856,True
2023-07-14,CAC_40,^FCHI,Yahoo Finance,7374.5400390625,0.0006429904069695,0.0642990406969543,1.1674575394210882,-0.0625002164083222,1,,0.0,1.251064944636008,0.0050045014417838,False
2023-07-17,CAC_40,^FCHI,Yahoo Finance,7291.66015625,-0.0113022819781721,-1.1302281978172148,1.0843794130825155,-0.11927514223438894,3,-0.0625002164083222,1.0,1.1674575394210882,0.0006429904069695,True
2023-07-18,CAC_40,^FCHI,Yahoo Finance,7319.18017578125,0.0037670731388748,0.3767073138874838,1.1125331115738613,,0,-0.11927514223438894,3.0,1.0843794130825155,-0.0113022819781721,True
2023-07-19,CAC_40,^FCHI,Yahoo Finance,7326.93994140625,0.0010596343999616,0.1059634399961608,1.04090628772302,,0,,0.0,1.1125331115738613,0.0037670731388748,False
2023-07-20,CAC_40,^FCHI,Yahoo Finance,7384.91015625,0.0078807919449614,0.7880791944961453,0.9731310550204508,,0,,0.0,1.04090628772302,0.0010596343999616,False
2023-07-21,CAC_40,^FCHI,Yahoo Finance,7432.77001953125,0.006459854598687,0.6459854598687043,0.9490901740297516,0.3406053677744542,1,,0.0,0.9731310550204508,0.0078807919449614,False
2023-07-24,CAC_40,^FCHI,Yahoo Finance,7427.31005859375,-0.0007348494967045,-0.0734849496704554,0.9157102776666454,,0,0.3406053677744542,1.0,0.9490901740297516,0.006459854598687,True
2023-07-25,CAC_40,^FCHI,Yahoo Finance,7415.4501953125,-0.0015980674217418,-0.1598067421741833,0.8666659804785576,,0,,0.0,0.9157102776666454,-0.0007348494967045,False
2023-07-26,CAC_40,^FCHI,Yahoo Finance,7315.06982421875,-0.0136291081077903,-1.3629108107790386,0.8276498941672277,,0,,0.0,0.8666659804785576,-0.0015980674217418,False
2023-07-27,CAC_40,^FCHI,Yahoo Finance,7465.240234375,0.0203210321290737,2.0321032129073773,0.961628485166591,,0,,0.0,0.8276498941672277,-0.0136291081077903,False
2023-07-28,CAC_40,^FCHI,Yahoo Finance,7476.47021484375,0.0015031722936209,0.1503172293620973,1.1572584586011334,-0.09309552962063912,3,,0.0,0.961628485166591,0.0203210321290737,False
2023-07-31,CAC_40,^FCHI,Yahoo Finance,7497.77978515625,0.0028461638743322,0.284616387433228,1.0754113884033167,-0.0437603215686976,1,-0.09309552962063912,3.0,1.1572584586011334,0.0015031722936209,True
2023-08-01,CAC_40,^FCHI,Yahoo Finance,7406.080078125,-0.0123056530370681,-1.2305653037068192,1.005591320218268,0.2367315962910652,1,-0.0437603215686976,1.0,1.0754113884033167,0.0028461638743322,True
2023-08-02,CAC_40,^FCHI,Yahoo Finance,7312.83984375,-0.0126696091971847,-1.2669609197184764,1.0674032325829927,,0,0.2367315962910652,1.0,1.005591320218268,-0.0123056530370681,True
2023-08-03,CAC_40,^FCHI,Yahoo Finance,7260.52978515625,-0.0071788865007387,-0.7178886500738741,1.1216353157894772,-0.2474000724879178,1,,0.0,1.0674032325829927,-0.0126696091971847,False
2023-08-04,CAC_40,^FCHI,Yahoo Finance,7315.06982421875,0.0074837804379644,0.7483780437964435,1.088754960710136,,0,-0.2474000724879178,1.0,1.1216353157894772,-0.0071788865007387,True
2023-08-07,CAC_40,^FCHI,Yahoo Finance,7319.759765625,0.0006409287567042,0.0640928756704225,1.0432740937076788,,0,,0.0,1.088754960710136,0.0074837804379644,False
2023-08-08,CAC_40,^FCHI,Yahoo Finance,7269.47021484375,-0.0068940924271814,-0.689409242718144,0.9753306974285608,,0,,0.0,1.0432740937076788,0.0006409287567042,False
2023-08-09,CAC_40,^FCHI,Yahoo Finance,7322.0400390625,0.007205566902499,0.7205566902499062,0.963270930328146,-0.2152301209668318,2,,0.0,0.9753306974285608,-0.0068940924271814,False
2023-08-10,CAC_40,^FCHI,Yahoo Finance,7433.6201171875,0.0151239868350026,1.5123986835002654,0.9342532704253844,0.0018947390781249,1,-0.2152301209668318,2.0,0.963270930328146,0.007205566902499,True
2023-08-11,CAC_40,^FCHI,Yahoo Finance,7340.18994140625,-0.012648249973911,-1.2648249973911083,1.0261647611117386,0.1363286864361726,2,0.0018947390781249,1.0,0.9342532704253844,0.0151239868350026,True
2023-08-14,CAC_40,^FCHI,Yahoo Finance,7348.83984375,0.0011777365108648,0.1177736510864886,1.089314268866979,0.2047246384123961,2,0.1363286864361726,2.0,1.0261647611117386,-0.012648249973911,True
2023-08-15,CAC_40,^FCHI,Yahoo Finance,7267.7001953125,-0.0111025566521352,-1.1102556652135238,1.0155640454378674,,0,0.2047246384123961,2.0,1.089314268866979,0.0011777365108648,True
2023-08-16,CAC_40,^FCHI,Yahoo Finance,7260.25,-0.0010256362205858,-0.1025636220585836,1.0548011085877615,-0.03209882974624633,3,,0.0,1.0155640454378674,-0.0111025566521352,False
2023-08-17,CAC_40,^FCHI,Yahoo Finance,7191.740234375,-0.0094810856794157,-0.9481085679415788,0.9884012490891944,-0.3099776373377867,1,-0.03209882974624633,3.0,1.0548011085877615,-0.0010256362205858,True
2023-08-18,CAC_40,^FCHI,Yahoo Finance,7164.10986328125,-0.0038493582788441,-0.3849358278844186,1.0080910224835398,,0,-0.3099776373377867,1.0,0.9884012490891944,-0.0094810856794157,True
2023-08-21,CAC_40,^FCHI,Yahoo Finance,7198.06005859375,0.0047277338638304,0.4727733863830403,0.9622438386754408,-0.1887021688744425,1,,0.0,1.0080910224835398,-0.0038493582788441,False
2023-08-22,CAC_40,^FCHI,Yahoo Finance,7240.8798828125,0.0059311763774626,0.5931176377462613,0.9148722737590502,,0,-0.1887021688744425,1.0,0.9622438386754408,0.0047277338638304,True
2023-08-23,CAC_40,^FCHI,Yahoo Finance,7246.6201171875,0.0007924396445745,0.0792439644574555,0.8824405106652806,,0,,0.0,0.9148722737590502,0.0059311763774626,False
2023-08-24,CAC_40,^FCHI,Yahoo Finance,7214.4599609375,-0.0044478294975809,-0.4447829497580947,0.8353004154098325,0.0482773279978169,1,,0.0,0.8824405106652806,0.0007924396445745,False
2023-08-25,CAC_40,^FCHI,Yahoo Finance,7229.60009765625,0.0020963831778853,0.2096383177885336,0.8210320113288382,-0.1870503999778757,1,0.0482773279978169,1.0,0.8353004154098325,-0.0044478294975809,True
2023-08-28,CAC_40,^FCHI,Yahoo Finance,7324.7099609375,0.0130698352293023,1.3069835229302365,0.7832940844835112,0.23047210203367285,2,-0.1870503999778757,1.0,0.8210320113288382,0.0020963831778853,True
2023-08-29,CAC_40,^FCHI,Yahoo Finance,7373.43017578125,0.0066294637045725,0.6629463704572532,0.8749286785132767,-0.2473272336288713,1,0.23047210203367285,2.0,0.7832940844835112,0.0130698352293023,True
2023-08-30,CAC_40,^FCHI,Yahoo Finance,7364.39990234375,-0.0012254551069899,-0.1225455106989904,0.8546761068616222,-0.1555875936367859,2,-0.2473272336288713,1.0,0.8749286785132767,0.0066294637045725,True
2023-08-31,CAC_40,^FCHI,Yahoo Finance,7316.7001953125,-0.0064981335949114,-0.6498133594911412,0.8157971262557872,,0,-0.1555875936367859,2.0,0.8546761068616222,-0.0012254551069899,True
2023-09-01,CAC_40,^FCHI,Yahoo Finance,7296.77001953125,-0.0027276461846553,-0.2727646184655362,0.8279265312195838,,0,,0.0,0.8157971262557872,-0.0064981335949114,False
2023-09-04,CAC_40,^FCHI,Yahoo Finance,7279.509765625,-0.0023682671062761,-0.2368267106276192,0.8009662409473914,0.12240187465102359,2,,0.0,0.8279265312195838,-0.0027276461846553,False
2023-09-05,CAC_40,^FCHI,Yahoo Finance,7254.72021484375,-0.0034111989218188,-0.3411198921818825,0.7758648775534602,,0,0.12240187465102359,2.0,0.8009662409473914,-0.0023682671062761,True
2023-09-06,CAC_40,^FCHI,Yahoo Finance,7194.08984375,-0.008392487231353,-0.8392487231353055,0.7623537708187271,0.1660856882420679,1,,0.0,0.7758648775534602,-0.0034111989218188,False
2023-09-07,CAC_40,^FCHI,Yahoo Finance,7196.10009765625,0.0002793922703609,0.0279392270360901,0.813524947857208,,0,0.1660856882420679,1.0,0.7623537708187271,-0.008392487231353,True
2023-09-08,CAC_40,^FCHI,Yahoo Finance,7240.77001953125,0.0061883308593668,0.6188330859366881,0.7764415204633318,-0.7698657233268023,1,,0.0,0.813524947857208,0.0002793922703609,False
2023-09-11,CAC_40,^FCHI,Yahoo Finance,7278.27001953125,0.0051656422581841,0.5165642258184184,0.7686138877811235,,0,-0.7698657233268023,1.0,0.7764415204633318,0.0061883308593668,True
2023-09-12,CAC_40,^FCHI,Yahoo Finance,7252.8798828125,-0.0034945840801759,-0.3494584080175932,0.7533808864830727,0.1086121164705781,1,,0.0,0.7686138877811235,0.0051656422581841,False
2023-09-13,CAC_40,^FCHI,Yahoo Finance,7222.56982421875,-0.0041877943006092,-0.4187794300609275,0.7443870544300012,,0,0.1086121164705781,1.0,0.7533808864830727,-0.0034945840801759,True
2023-09-14,CAC_40,^FCHI,Yahoo Finance,7308.669921875,0.0118504830658737,1.1850483065873745,0.7434096748659462,,0,,0.0,0.7443870544300012,-0.0041877943006092,False
2023-09-15,CAC_40,^FCHI,Yahoo Finance,7378.81982421875,0.0095524064327184,0.9552406432718488,0.8225275322091047,,0,,0.0,0.7434096748659462,0.0118504830658737,False
2023-09-18,CAC_40,^FCHI,Yahoo Finance,7276.14013671875,-0.0140131898048631,-1.401318980486315,0.8458990916139272,-0.3056006290018558,1,,0.0,0.8225275322091047,0.0095524064327184,False
2023-09-19,CAC_40,^FCHI,Yahoo Finance,7282.1201171875,0.0008215240970802,0.0821524097080255,0.9827553240488612,-0.1645086444914341,1,-0.3056006290018558,1.0,0.8458990916139272,-0.0140131898048631,True
2023-09-20,CAC_40,^FCHI,Yahoo Finance,7330.7900390625,0.006661246982355,0.6661246982355018,0.9223811184914908,,0,-0.1645086444914341,1.0,0.9827553240488612,0.0008215240970802,True
2023-09-21,CAC_40,^FCHI,Yahoo Finance,7213.89990234375,-0.016073584768696,-1.6073584768696063,0.8948452648935613,,0,,0.0,0.9223811184914908,0.006661246982355,False
2023-09-22,CAC_40,^FCHI,Yahoo Finance,7184.81982421875,-0.0040392643534443,-0.40392643534443,1.0625109239315622,,0,,0.0,0.8948452648935613,-0.016073584768696,False
2023-09-25,CAC_40,^FCHI,Yahoo Finance,7123.8798828125,-0.0085179381932735,-0.8517938193273548,1.0103364072300842,-0.12933500589181973,2,,0.0,1.0625109239315622,-0.0040392643534443,False
2023-09-26,CAC_40,^FCHI,Yahoo Finance,7074.02001953125,-0.0070235835711809,-0.7023583571180934,1.0123430276642118,-0.065241806829969,1,-0.12933500589181973,2.0,1.0103364072300842,-0.0085179381932735,True
2023-09-27,CAC_40,^FCHI,Yahoo Finance,7071.7900390625,-0.0003152849469893,-0.0315284946989352,0.9954920025285546,,0,-0.065241806829969,1.0,1.0123430276642118,-0.0070235835711809,True
2023-09-28,CAC_40,^FCHI,Yahoo Finance,7116.240234375,0.0062658931348763,0.6265893134876369,0.9348726188504006,,0,,0.0,0.9954920025285546,-0.0003152849469893,False
2023-09-29,CAC_40,^FCHI,Yahoo Finance,7135.06005859375,0.0026411393728085,0.2641139372808574,0.9020620312270554,,0,,0.0,0.9348726188504006,0.0062658931348763,False
2023-10-02,CAC_40,^FCHI,Yahoo Finance,7068.16015625,-0.0094204548100408,-0.9420454810040816,0.8542756300753648,,0,,0.0,0.9020620312270554,0.0026411393728085,False
2023-10-03,CAC_40,^FCHI,Yahoo Finance,6997.0498046875,-0.0101116098013079,-1.0111609801307937,0.9012479971539148,,0,,0.0,0.8542756300753648,-0.0094204548100408,False
2023-10-04,CAC_40,^FCHI,Yahoo Finance,6996.72998046875,-4.570948288676368e-05,-0.0045709482886763,0.9490943381956995,,0,,0.0,0.9012479971539148,-0.0101116098013079,False
2023-10-05,CAC_40,^FCHI,Yahoo Finance,6998.25,0.0002172235386328,0.0217223538632839,0.8939954391442569,0.1489973021408831,1,,0.0,0.9490943381956995,-4.570948288676368e-05,False
2023-10-06,CAC_40,^FCHI,Yahoo Finance,7060.14990234375,0.0088061661062312,0.8806166106231252,0.8458257747685326,,0,0.1489973021408831,1.0,0.8939954391442569,0.0002172235386328,True
2023-10-09,CAC_40,^FCHI,Yahoo Finance,7021.39990234375,-0.0055036694611169,-0.550366946111695,0.8545708564362469,-0.03358144590945283,4,,0.0,0.8458257747685326,0.0088061661062312,False
2023-10-10,CAC_40,^FCHI,Yahoo Finance,7162.43017578125,0.0198867189660976,1.9886718966097643,0.8477499674463634,0.1163206468336284,1,-0.03358144590945283,4.0,0.8545708564362469,-0.0055036694611169,True
2023-10-11,CAC_40,^FCHI,Yahoo Finance,7131.2099609375,-0.0043684133912917,-0.4368413391291734,1.0711605665196504,,0,0.1163206468336284,1.0,0.8477499674463634,0.0198867189660976,True
2023-10-12,CAC_40,^FCHI,Yahoo Finance,7104.52978515625,-0.0037483414975671,-0.3748341497567123,1.0201752472474592,,0,,0.0,1.0711605665196504,-0.0043684133912917,False
2023-10-13,CAC_40,^FCHI,Yahoo Finance,7003.52978515625,-0.0143183015386626,-1.4318301538662683,0.9718970882794368,-0.1424832383281595,2,,0.0,1.0201752472474592,-0.0037483414975671,False
2023-10-16,CAC_40,^FCHI,Yahoo Finance,7022.18994140625,0.0026608498705904,0.2660849870590488,1.0799419338125908,,0,-0.1424832383281595,2.0,0.9718970882794368,-0.0143183015386626,True
2023-10-17,CAC_40,^FCHI,Yahoo Finance,7029.7001953125,0.0010689315883184,0.1068931588318485,1.0091184705562997,-0.0355782012920826,1,,0.0,1.0799419338125908,0.0026608498705904,False
2023-10-18,CAC_40,^FCHI,Yahoo Finance,6965.990234375,-0.0091042883983835,-0.9104288398383588,0.9453406194443824,,0,-0.0355782012920826,1.0,1.0091184705562997,0.0010689315883184,True
2023-10-19,CAC_40,^FCHI,Yahoo Finance,6921.3701171875,-0.0064260261997071,-0.6426026199707187,0.9680594068232368,-0.4011939340271055,1,,0.0,0.9453406194443824,-0.0091042883983835,False
2023-10-20,CAC_40,^FCHI,Yahoo Finance,6816.22021484375,-0.0153086463236984,-1.5308646323698445,0.9519220257368856,,0,-0.4011939340271055,1.0,0.9680594068232368,-0.0064260261997071,True
2023-10-23,CAC_40,^FCHI,Yahoo Finance,6850.47021484375,0.0050121969000308,0.5012196900030857,1.085860555807605,0.04935495775252083,3,,0.0,0.9519220257368856,-0.0153086463236984,False
2023-10-24,CAC_40,^FCHI,Yahoo Finance,6893.64990234375,0.0062833894343831,0.6283389434383184,1.0233181898524102,,0,0.04935495775252083,3.0,1.085860555807605,0.0050121969000308,True
2023-10-25,CAC_40,^FCHI,Yahoo Finance,6915.06982421875,0.0031023787113177,0.3102378711317721,0.977583952712679,,0,,0.0,1.0233181898524102,0.0062833894343831,False
2023-10-26,CAC_40,^FCHI,Yahoo Finance,6888.9599609375,-0.0037829380007105,-0.378293800071051,0.9210199640806424,,0,,0.0,0.977583952712679,0.0031023787113177,False
2023-10-27,CAC_40,^FCHI,Yahoo Finance,6795.3798828125,-0.0136771722985181,-1.3677172298518168,0.8874554688537521,-0.2426666770285616,1,,0.0,0.9210199640806424,-0.0037829380007105,False
2023-10-30,CAC_40,^FCHI,Yahoo Finance,6825.06982421875,0.0043596194060351,0.4359619406035136,1.0053059575756802,0.18515251490854376,2,-0.2426666770285616,1.0,0.8874554688537521,-0.0136771722985181,True
2023-10-31,CAC_40,^FCHI,Yahoo Finance,6885.64990234375,0.0088369500020466,0.8836950002046602,0.9501058907419792,,0,0.18515251490854376,2.0,1.0053059575756802,0.0043596194060351,True
2023-11-01,CAC_40,^FCHI,Yahoo Finance,6932.6298828125,0.0067997120065941,0.6799712006594165,0.940311938810628,,0,,0.0,0.9501058907419792,0.0088369500020466,False
2023-11-02,CAC_40,^FCHI,Yahoo Finance,7060.68994140625,0.0183035384598906,1.8303538459890645,0.9111991358512476,,0,,0.0,0.940311938810628,0.0067997120065941,False
2023-11-03,CAC_40,^FCHI,Yahoo Finance,7047.5,-0.0018698281358533,-0.1869828135853366,1.0762506386538404,,0,,0.0,0.9111991358512476,0.0183035384598906,False
2023-11-06,CAC_40,^FCHI,Yahoo Finance,7013.72998046875,-0.0048032902534827,-0.4803290253482714,1.0100974579328006,,0,,0.0,1.0762506386538404,-0.0018698281358533,False
2023-11-07,CAC_40,^FCHI,Yahoo Finance,6986.22998046875,-0.0039285877168005,-0.3928587716800556,0.9714391647270394,,0,,0.0,1.0100974579328006,-0.0048032902534827,False
2023-11-08,CAC_40,^FCHI,Yahoo Finance,7034.16015625,0.0068372366293553,0.6837236629355392,0.9314815399196212,,0,,0.0,0.9714391647270394,-0.0039285877168005,False
2023-11-09,CAC_40,^FCHI,Yahoo Finance,7113.66015625,0.0112385985996585,1.123859859965855,0.9040847197562928,,0,,0.0,0.9314815399196212,0.0068372366293553,False
2023-11-10,CAC_40,^FCHI,Yahoo Finance,7045.0400390625,-0.0096930725999913,-0.9693072599991392,0.935449417567666,-0.0837925286032259,2,,0.0,0.9040847197562928,0.0112385985996585,False
2023-11-13,CAC_40,^FCHI,Yahoo Finance,7087.06005859375,0.0059467656008489,0.5946765600848937,0.9691523800595704,0.0330773213257392,1,-0.0837925286032259,2.0,0.935449417567666,-0.0096930725999913,True
2023-11-14,CAC_40,^FCHI,Yahoo Finance,7185.68017578125,0.0138195868642249,1.381958686422492,0.9287535944254922,,0,0.0330773213257392,1.0,0.9691523800595704,0.0059467656008489,True
2023-11-15,CAC_40,^FCHI,Yahoo Finance,7209.60986328125,0.003324658200981,0.3324658200981044,0.9976897546636914,,0,,0.0,0.9287535944254922,0.0138195868642249,False
2023-11-16,CAC_40,^FCHI,Yahoo Finance,7168.39990234375,-0.0057323752669867,-0.5732375266986705,0.9392108485571043,,0,,0.0,0.9976897546636914,0.003324658200981,False
2023-11-17,CAC_40,^FCHI,Yahoo Finance,7233.91015625,0.0090972497385811,0.90972497385811,0.920432590457064,,0,,0.0,0.9392108485571043,-0.0057323752669867,False
2023-11-20,CAC_40,^FCHI,Yahoo Finance,7246.93017578125,0.0017982413646242,0.1798241364624267,0.9190042414124892,,0,,0.0,0.920432590457064,0.0090972497385811,False
2023-11-21,CAC_40,^FCHI,Yahoo Finance,7229.4501953125,-0.0024149667963986,-0.2414966796398639,0.8673405465875893,,0,,0.0,0.9190042414124892,0.0017982413646242,False
2023-11-22,CAC_40,^FCHI,Yahoo Finance,7260.72998046875,0.0043173836852535,0.4317383685253534,0.8324757749635137,,0,,0.0,0.8673405465875893,-0.0024149667963986,False
2023-11-23,CAC_40,^FCHI,Yahoo Finance,7277.93017578125,0.0023661332134291,0.2366133213429158,0.8015285927262674,,0,,0.0,0.8324757749635137,0.0043173836852535,False
2023-11-24,CAC_40,^FCHI,Yahoo Finance,7292.7998046875,0.0020410280182484,0.204102801824847,0.7671685815639072,,0,,0.0,0.8015285927262674,0.0023661332134291,False
2023-11-27,CAC_40,^FCHI,Yahoo Finance,7265.490234375,-0.0037517596191118,-0.3751759619111809,0.7371590034934097,,0,,0.0,0.7671685815639072,0.0020410280182484,False
2023-11-28,CAC_40,^FCHI,Yahoo Finance,7250.1298828125,-0.0021163900917605,-0.2116390091760553,0.7332947447426404,,0,,0.0,0.7371590034934097,-0.0037517596191118,False
2023-11-29,CAC_40,^FCHI,Yahoo Finance,7267.64013671875,0.0024122523464208,0.2412252346420893,0.7174114348927735,0.2051608715182504,1,,0.0,0.7332947447426404,-0.0021163900917605,False
2023-11-30,CAC_40,^FCHI,Yahoo Finance,7310.77001953125,0.0059169701199953,0.5916970119995323,0.695834930164424,,0,0.2051608715182504,1.0,0.7174114348927735,0.0024122523464208,True
2023-12-01,CAC_40,^FCHI,Yahoo Finance,7346.14990234375,0.0048277471280534,0.4827747128053413,0.699900135494934,,0,,0.0,0.695834930164424,0.0059169701199953,False
2023-12-04,CAC_40,^FCHI,Yahoo Finance,7332.58984375,-0.0018475785640497,-0.184757856404972,0.6937449529864346,-0.15587245993537444,4,,0.0,0.699900135494934,0.0048277471280534,False
2023-12-05,CAC_40,^FCHI,Yahoo Finance,7386.990234375,0.0073916019370142,0.7391601937014254,0.682788986755909,,0,-0.15587245993537444,4.0,0.6937449529864346,-0.0018475785640497,True
2023-12-06,CAC_40,^FCHI,Yahoo Finance,7435.990234375,0.0066113800240222,0.6611380024022249,0.7059499686889613,,0,,0.0,0.682788986755909,0.0073916019370142,False
2023-12-07,CAC_40,^FCHI,Yahoo Finance,7428.52001953125,-0.0010051075138085,-0.1005107513808575,0.7152849188305211,,0,,0.0,0.7059499686889613,0.0066113800240222,False
2023-12-08,CAC_40,^FCHI,Yahoo Finance,7526.5498046875,0.0131100944861472,1.3110094486147286,0.6965145802839696,,0,,0.0,0.7152849188305211,-0.0010051075138085,False
2023-12-11,CAC_40,^FCHI,Yahoo Finance,7551.52978515625,0.0033134197460599,0.3313419746059992,0.813510560418416,,0,,0.0,0.6965145802839696,0.0131100944861472,False
2023-12-12,CAC_40,^FCHI,Yahoo Finance,7543.5498046875,-0.0010572956789845,-0.1057295678984544,0.7804636392811537,,0,,0.0,0.813510560418416,0.0033134197460599,False
2023-12-13,CAC_40,^FCHI,Yahoo Finance,7531.22021484375,-0.001635791800085,-0.1635791800085015,0.7517991457423439,,0,,0.0,0.7804636392811537,-0.0010572956789845,False
2023-12-14,CAC_40,^FCHI,Yahoo Finance,7575.85009765625,0.0059084934042252,0.5908493404225247,0.73019764985467,-0.2285176933122177,1,,0.0,0.7517991457423439,-0.001635791800085,False
2023-12-15,CAC_40,^FCHI,Yahoo Finance,7596.91015625,0.0027760370250448,0.2776037025044839,0.7278980545918963,-0.1636869851499796,1,-0.2285176933122177,1.0,0.73019764985467,0.0059084934042252,True
2023-12-18,CAC_40,^FCHI,Yahoo Finance,7568.85986328125,-0.0036991626430896,-0.3699162643089645,0.705802059842562,-0.0569317076551567,4,-0.1636869851499796,1.0,0.7278980545918963,0.0027760370250448,True
2023-12-19,CAC_40,^FCHI,Yahoo Finance,7574.669921875,0.0007673321822928,0.0767332182292828,0.7071024257602951,0.0615115707643844,1,-0.0569317076551567,4.0,0.705802059842562,-0.0036991626430896,True
2023-12-20,CAC_40,^FCHI,Yahoo Finance,7583.43017578125,0.0011558513039383,0.1155851303938324,0.6853633133776591,,0,0.0615115707643844,1.0,0.7071024257602951,0.0007673321822928,True
2023-12-21,CAC_40,^FCHI,Yahoo Finance,7571.39990234375,-0.0015876490732618,-0.1587649073261878,0.6669692607039741,,0,,0.0,0.6853633133776591,0.0011558513039383,False
2023-12-22,CAC_40,^FCHI,Yahoo Finance,7568.81982421875,-0.0003408243997211,-0.0340824399721102,0.6590592295118176,,0,,0.0,0.6669692607039741,-0.0015876490732618,False
2023-12-27,CAC_40,^FCHI,Yahoo Finance,7571.81982421875,0.0003962844515053,0.0396284451505393,0.6470461650199306,-0.012679053200052937,6,,0.0,0.6590592295118176,-0.0003408243997211,False
2023-12-28,CAC_40,^FCHI,Yahoo Finance,7535.16015625,-0.004853351229173,-0.4853351229173034,0.6353640858159323,,0,-0.012679053200052937,6.0,0.6470461650199306,0.0003962844515053,True
2023-12-29,CAC_40,^FCHI,Yahoo Finance,7543.18017578125,0.0010637802451666,0.106378024516666,0.6633601043863377,0.039208454867115335,3,,0.0,0.6353640858159323,-0.004853351229173,False
2021-01-04,FTSE_100,^FTSE,Yahoo Finance,6571.89990234375,,,,0.0267215295613784,1,,,,,False
2021-01-05,FTSE_100,^FTSE,Yahoo Finance,6612.2998046875,0.0061285523111379,0.6128552311137965,1.0741430427646437,,0,0.0267215295613784,1.0,,,False
2021-01-06,FTSE_100,^FTSE,Yahoo Finance,6841.89990234375,0.0341339351233099,3.413393512330993,0.9867463473125884,,0,,0.0,1.0741430427646437,0.0061285523111379,False
2021-01-07,FTSE_100,^FTSE,Yahoo Finance,6857.0,0.0022045717363592,0.2204571736359203,1.683521450708665,0.336831514001824,1,,0.0,0.9867463473125884,0.0341339351233099,False
2021-01-08,FTSE_100,^FTSE,Yahoo Finance,6873.2998046875,0.0023742835300754,0.2374283530075448,1.4461328077200606,0.0052259086320797,1,0.336831514001824,1.0,1.683521450708665,0.0022045717363592,True
2021-01-11,FTSE_100,^FTSE,Yahoo Finance,6798.5,-0.0109423122186992,-1.094231221869928,1.2553911429575473,,0,0.0052259086320797,1.0,1.4461328077200606,0.0023742835300754,True
2021-01-12,FTSE_100,^FTSE,Yahoo Finance,6754.10009765625,-0.0065522572601612,-0.6552257260161277,1.2071481791429926,,0,,0.0,1.2553911429575473,-0.0109423122186992,False
2021-01-13,FTSE_100,^FTSE,Yahoo Finance,6745.5,-0.0012741264567076,-0.1274126456707691,1.1065406797818065,,0,,0.0,1.2071481791429926,-0.0065522572601612,False
2021-01-14,FTSE_100,^FTSE,Yahoo Finance,6802.0,0.0083410706882688,0.8341070688268879,0.9873924259018172,,0,,0.0,1.1065406797818065,-0.0012741264567076,False
2021-01-15,FTSE_100,^FTSE,Yahoo Finance,6735.7001953125,-0.009794918457259,-0.9794918457259056,0.9499464123925578,,0,,0.0,0.9873924259018172,0.0083410706882688,False
2021-01-18,FTSE_100,^FTSE,Yahoo Finance,6720.7001953125,-0.0022294232896577,-0.2229423289657797,0.971109848535614,-0.0037242474788640005,2,,0.0,0.9499464123925578,-0.009794918457259,False
2021-01-19,FTSE_100,^FTSE,Yahoo Finance,6713.0,-0.0011463998814723,-0.1146399881472363,0.8875601305919653,,0,-0.0037242474788640005,2.0,0.971109848535614,-0.0022294232896577,True
2021-01-20,FTSE_100,^FTSE,Yahoo Finance,6740.39990234375,0.0040733108994377,0.4073310899437706,0.818912193978271,,0,,0.0,0.8875601305919653,-0.0011463998814723,False
2021-01-21,FTSE_100,^FTSE,Yahoo Finance,6715.39990234375,-0.0037158740660466,-0.3715874066046673,0.7775699140954772,0.3381085558561608,1,,0.0,0.818912193978271,0.0040733108994377,False
2021-01-22,FTSE_100,^FTSE,Yahoo Finance,6695.10009765625,-0.0030274516524003,-0.3027451652400399,0.756427492976067,,0,0.3381085558561608,1.0,0.7775699140954772,-0.0037158740660466,True
2021-01-25,FTSE_100,^FTSE,Yahoo Finance,6638.89990234375,-0.0084296577331411,-0.8429657733141188,0.734546950750108,-0.0964394633968671,1,,0.0,0.756427492976067,-0.0030274516524003,False
2021-01-26,FTSE_100,^FTSE,Yahoo Finance,6654.0,0.0022719051918209,0.2271905191820987,0.8014814198049198,,0,-0.0964394633968671,1.0,0.734546950750108,-0.0084296577331411,True
2021-01-27,FTSE_100,^FTSE,Yahoo Finance,6567.39990234375,-0.0131001764986007,-1.3100176498600755,0.7539638255434435,,0,,0.0,0.8014814198049198,0.0022719051918209,False
2021-01-28,FTSE_100,^FTSE,Yahoo Finance,6526.2001953125,-0.0062931268245158,-0.629312682451587,0.9255119564882268,,0,,0.0,0.7539638255434435,-0.0131001764986007,False
2021-01-29,FTSE_100,^FTSE,Yahoo Finance,6407.5,-0.0183556950170792,-1.835569501707922,0.8946235869181836,,0,,0.0,0.9255119564882268,-0.0062931268245158,False
2021-02-01,FTSE_100,^FTSE,Yahoo Finance,6466.39990234375,0.0091503450793036,0.915034507930362,1.153732402245324,0.0621185224425668,1,,0.0,0.8946235869181836,-0.0183556950170792,False
2021-02-02,FTSE_100,^FTSE,Yahoo Finance,6516.7001953125,0.0077486184753782,0.7748618475378211,1.0833961334851845,-0.2356191715225577,1,0.0621185224425668,1.0,1.153732402245324,0.0091503450793036,True
2021-02-03,FTSE_100,^FTSE,Yahoo Finance,6507.7998046875,-0.0013667153457603,-0.1366715345760362,1.0122316358261614,,0,-0.2356191715225577,1.0,1.0833961334851845,0.0077486184753782,True
2021-02-04,FTSE_100,^FTSE,Yahoo Finance,6503.7001953125,-0.0006301517135856,-0.0630151713585635,0.9147379847668448,0.10683399933465826,2,,0.0,1.0122316358261614,-0.0013667153457603,False
2021-02-05,FTSE_100,^FTSE,Yahoo Finance,6489.2998046875,-0.002216639193619,-0.2216639193619083,0.8377121952223946,0.14133173132137056,3,0.10683399933465826,2.0,0.9147379847668448,-0.0006301517135856,True
2021-02-08,FTSE_100,^FTSE,Yahoo Finance,6523.5,0.0052564051658599,0.5256405165859979,0.7873654930310283,,0,0.14133173132137056,3.0,0.8377121952223946,-0.002216639193619,True
2021-02-09,FTSE_100,^FTSE,Yahoo Finance,6531.60009765625,0.0012409094737035,0.1240909473703594,0.7659503302261416,,0,,0.0,0.7873654930310283,0.0052564051658599,False
2021-02-10,FTSE_100,^FTSE,Yahoo Finance,6524.39990234375,-0.0011029712074827,-0.1102971207482725,0.7249934684247124,-0.0562053024768829,1,,0.0,0.7659503302261416,0.0012409094737035,False
2021-02-11,FTSE_100,^FTSE,Yahoo Finance,6528.7001953125,0.0006588922312943,0.0658892231294365,0.6986834311435683,,0,-0.0562053024768829,1.0,0.7249934684247124,-0.0011029712074827,True
2021-02-12,FTSE_100,^FTSE,Yahoo Finance,6589.7998046875,0.0093150971804285,0.9315097180428544,0.6756617377062579,0.0720571026361236,2,,0.0,0.6986834311435683,0.0006588922312943,False
2021-02-15,FTSE_100,^FTSE,Yahoo Finance,6756.10009765625,0.024922845546716,2.4922845546716066,0.7557178281530025,0.027011420844346552,2,0.0720571026361236,2.0,0.6756617377062579,0.0093150971804285,True
2021-02-16,FTSE_100,^FTSE,Yahoo Finance,6748.89990234375,-0.0010663007767074,-0.1066300776707466,1.2594769302742943,0.07050831933378325,2,0.027011420844346552,2.0,0.7557178281530025,0.024922845546716,True
2021-02-17,FTSE_100,^FTSE,Yahoo Finance,6710.89990234375,-0.005646458567377,-0.5646458567377033,1.10681075960209,,0,0.07050831933378325,2.0,1.2594769302742943,-0.0010663007767074,True
2021-02-18,FTSE_100,^FTSE,Yahoo Finance,6617.2001953125,-0.0140607063376349,-1.4060706337634985,1.0202057167440417,0.3765704035633117,1,,0.0,1.10681075960209,-0.005646458567377,False
2021-02-19,FTSE_100,^FTSE,Yahoo Finance,6624.0,0.0010270678163522,0.1027067816352241,1.111125732073546,-0.135077327877904,1,0.3765704035633117,1.0,1.0202057167440417,-0.0140607063376349,True
2021-02-22,FTSE_100,^FTSE,Yahoo Finance,6612.2001953125,-0.0017829600095639,-0.1782960009563925,0.9876785587937512,,0,-0.135077327877904,1.0,1.111125732073546,0.0010270678163522,True
2021-02-23,FTSE_100,^FTSE,Yahoo Finance,6625.89990234375,0.0020697398902835,0.2069739890283581,0.8977728419003024,,0,,0.0,0.9876785587937512,-0.0017829600095639,False
2021-02-24,FTSE_100,^FTSE,Yahoo Finance,6659.0,0.004983126164807,0.498312616480707,0.8252595393625823,-0.2145538447158677,1,,0.0,0.8977728419003024,0.0020697398902835,False
2021-02-25,FTSE_100,^FTSE,Yahoo Finance,6652.0,-0.0010517617978041,-0.1051761797804124,0.7903817006739959,,0,-0.2145538447158677,1.0,0.8252595393625823,0.004983126164807,True
2021-02-26,FTSE_100,^FTSE,Yahoo Finance,6483.39990234375,-0.0256725122733593,-2.5672512273359307,0.7461209141337538,,0,,0.0,0.7903817006739959,-0.0010517617978041,False
2021-03-01,FTSE_100,^FTSE,Yahoo Finance,6588.5,0.0160806559458478,1.6080655945847886,1.328716565829167,,0,,0.0,0.7461209141337538,-0.0256725122733593,False
2021-03-02,FTSE_100,^FTSE,Yahoo Finance,6613.7998046875,0.0038326406809611,0.3832640680961132,1.3331987734314006,,0,,0.0,1.328716565829167,0.0160806559458478,False
2021-03-03,FTSE_100,^FTSE,Yahoo Finance,6675.5,0.0092857621638815,0.9285762163881544,1.1708493910726772,,0,,0.0,1.3331987734314006,0.0038326406809611,False
2021-03-04,FTSE_100,^FTSE,Yahoo Finance,6650.89990234375,-0.0036919386749562,-0.3691938674956223,1.0980078175743753,,0,,0.0,1.1708493910726772,0.0092857621638815,False
2021-03-05,FTSE_100,^FTSE,Yahoo Finance,6630.5,-0.0030719530375398,-0.3071953037539851,0.99472023904107,0.0442173663953629,1,,0.0,1.0980078175743753,-0.0036919386749562,False
2021-03-08,FTSE_100,^FTSE,Yahoo Finance,6719.10009765625,0.0132740153930076,1.3274015393007612,0.9111251497110832,,0,0.0442173663953629,1.0,0.99472023904107,-0.0030719530375398,True
2021-03-09,FTSE_100,^FTSE,Yahoo Finance,6730.2998046875,0.0016654586377592,0.1665458637759236,0.992030699282651,,0,,0.0,0.9111251497110832,0.0132740153930076,False
2021-03-10,FTSE_100,^FTSE,Yahoo Finance,6725.60009765625,-0.0006985348072533,-0.0698534807253341,0.8961331790102148,,0,,0.0,0.992030699282651,0.0016654586377592,False
2021-03-11,FTSE_100,^FTSE,Yahoo Finance,6737.0,0.0016935666194927,0.1693566619492774,0.8238180971158457,,0,,0.0,0.8961331790102148,-0.0006985348072533,False
2021-03-12,FTSE_100,^FTSE,Yahoo Finance,6761.5,0.0036300369527546,0.3630036952754668,0.7686938150746673,,0,,0.0,0.8238180971158457,0.0016935666194927,False
2021-03-15,FTSE_100,^FTSE,Yahoo Finance,6749.7001953125,-0.0017466705424961,-0.1746670542496151,0.7375955085123709,,0,,0.0,0.7686938150746673,0.0036300369527546,False
2021-03-16,FTSE_100,^FTSE,Yahoo Finance,6803.60009765625,0.0079538098226325,0.7953809822632554,0.7112208838841375,,0,,0.0,0.7375955085123709,-0.0017466705424961,False
2021-03-17,FTSE_100,^FTSE,Yahoo Finance,6762.7001953125,-0.0060296507339276,-0.6029650733927635,0.7522158174260212,,0,,0.0,0.7112208838841375,0.0079538098226325,False
2021-03-18,FTSE_100,^FTSE,Yahoo Finance,6779.7001953125,0.0025106345166727,0.2510634516672779,0.7692630324470462,,0,,0.0,0.7522158174260212,-0.0060296507339276,False
2021-03-19,FTSE_100,^FTSE,Yahoo Finance,6708.7001953125,-0.0105276613529484,-1.052766135294842,0.7313026121918246,,0,,0.0,0.7692630324470462,0.0025106345166727,False
2021-03-22,FTSE_100,^FTSE,Yahoo Finance,6726.10009765625,0.0025902747630137,0.2590274763013754,0.8464282224923193,,0,,0.0,0.7313026121918246,-0.0105276613529484,False
2021-03-23,FTSE_100,^FTSE,Yahoo Finance,6699.2001953125,-0.0040073499668823,-0.4007349966882342,0.7886671605733784,,0,,0.0,0.8464282224923193,0.0025902747630137,False
2021-03-24,FTSE_100,^FTSE,Yahoo Finance,6712.89990234375,0.0020428883912319,0.204288839123195,0.7674965522866868,,0,,0.0,0.7886671605733784,-0.0040073499668823,False
2021-03-25,FTSE_100,^FTSE,Yahoo Finance,6674.7998046875,-0.0056918217991399,-0.5691821799139987,0.7281150247399275,,0,,0.0,0.7674965522866868,0.0020428883912319,False
2021-03-26,FTSE_100,^FTSE,Yahoo Finance,6740.60009765625,0.0098097441919493,0.9809744191949392,0.7476377683070661,,0,,0.0,0.7281150247399275,-0.0056918217991399,False
2021-03-29,FTSE_100,^FTSE,Yahoo Finance,6736.2001953125,-0.0006529595162693,-0.0652959516269305,0.8113845987019189,-0.045732110576183975,3,,0.0,0.7476377683070661,0.0098097441919493,False
2021-03-30,FTSE_100,^FTSE,Yahoo Finance,6772.10009765625,0.005315248563483,0.5315248563483099,0.7601912985585806,,0,-0.045732110576183975,3.0,0.8113845987019189,-0.0006529595162693,True
2021-03-31,FTSE_100,^FTSE,Yahoo Finance,6713.60009765625,-0.0086759109427775,-0.8675910942777529,0.7472934304865136,,0,,0.0,0.7601912985585806,0.005315248563483,False
2021-04-01,FTSE_100,^FTSE,Yahoo Finance,6737.2998046875,0.003523887877857,0.3523887877857045,0.814708816760986,-0.8755818214267492,1,,0.0,0.7472934304865136,-0.0086759109427775,False
2021-04-06,FTSE_100,^FTSE,Yahoo Finance,6823.60009765625,0.0127279839320945,1.272798393209452,0.770422559008582,,0,-0.8755818214267492,1.0,0.814708816760986,0.003523887877857,True
2021-04-07,FTSE_100,^FTSE,Yahoo Finance,6885.2998046875,0.0090014697137286,0.9001469713728697,0.891716424647304,,0,,0.0,0.770422559008582,0.0127279839320945,False
2021-04-08,FTSE_100,^FTSE,Yahoo Finance,6942.2001953125,0.0082300794503528,0.8230079450352822,0.8925996084075536,,0,,0.0,0.891716424647304,0.0090014697137286,False
2021-04-09,FTSE_100,^FTSE,Yahoo Finance,6915.7998046875,-0.0038101345884169,-0.3810134588416922,0.8806069083636665,,0,,0.0,0.8925996084075536,0.0082300794503528,False
2021-04-12,FTSE_100,^FTSE,Yahoo Finance,6889.10009765625,-0.0038681541353537,-0.3868154135353761,0.8321245217513329,-0.24141496828286269,4,,0.0,0.8806069083636665,-0.0038101345884169,False
2021-04-13,FTSE_100,^FTSE,Yahoo Finance,6890.5,0.0002031847569806,0.0203184756980675,0.7972914360694585,-0.3606886565685272,1,-0.24141496828286269,4.0,0.8321245217513329,-0.0038681541353537,True
2021-04-14,FTSE_100,^FTSE,Yahoo Finance,6939.60009765625,0.0071004987092901,0.710049870929015,0.7479310966252709,,0,-0.3606886565685272,1.0,0.7972914360694585,0.0002031847569806,True
2021-04-15,FTSE_100,^FTSE,Yahoo Finance,6983.5,0.0063060737213362,0.6306073721336296,0.7626925617863237,,0,,0.0,0.7479310966252709,0.0071004987092901,False
2021-04-16,FTSE_100,^FTSE,Yahoo Finance,7019.5,0.0051417666661799,0.5141766666179917,0.7613794907030625,,0,,0.0,0.7626925617863237,0.0063060737213362,False
2021-04-19,FTSE_100,^FTSE,Yahoo Finance,7000.10009765625,-0.0027675418116162,-0.2767541811616242,0.7461997994172969,,0,,0.0,0.7613794907030625,0.0051417666661799,False
2021-04-20,FTSE_100,^FTSE,Yahoo Finance,6859.89990234375,-0.0202315984819958,-2.023159848199583,0.7249277682505987,-0.4864287902601063,1,,0.0,0.7461997994172969,-0.0027675418116162,False
2021-04-21,FTSE_100,^FTSE,Yahoo Finance,6895.2998046875,0.0051471416267335,0.5147141626733585,1.129739567561073,,0,-0.4864287902601063,1.0,0.7249277682505987,-0.0202315984819958,True
2021-04-22,FTSE_100,^FTSE,Yahoo Finance,6938.2001953125,0.0062024112706222,0.6202411270622252,1.0202982753856489,,0,,0.0,1.129739567561073,0.0051471416267335,False
2021-04-23,FTSE_100,^FTSE,Yahoo Finance,6938.60009765625,5.763610276392037e-05,0.005763610276392,0.9469838975373716,,0,,0.0,1.0202982753856489,0.0062024112706222,False
2021-04-26,FTSE_100,^FTSE,Yahoo Finance,6963.10009765625,0.0035247523714655,0.3524752371465561,0.8608894914525006,,0,,0.0,0.9469838975373716,5.763610276392037e-05,False
2021-04-27,FTSE_100,^FTSE,Yahoo Finance,6945.0,-0.002602815301535,-0.2602815301535058,0.8045712330903029,,0,,0.0,0.8608894914525006,0.0035247523714655,False
2021-04-28,FTSE_100,^FTSE,Yahoo Finance,6963.7001953125,0.0026889941285445,0.2688994128544557,0.7657843317294629,,0,,0.0,0.8045712330903029,-0.002602815301535,False
2021-04-29,FTSE_100,^FTSE,Yahoo Finance,6961.5,-0.0003160019676484,-0.0316001967648485,0.7296278548603009,0.2265998545501913,1,,0.0,0.7657843317294629,0.0026889941285445,False
2021-04-30,FTSE_100,^FTSE,Yahoo Finance,6969.7998046875,0.0011915335662618,0.1191533566261887,0.6992434987483142,0.4511383918627184,1,0.2265998545501913,1.0,0.7296278548603009,-0.0003160019676484,True
2021-05-04,FTSE_100,^FTSE,Yahoo Finance,6923.2001953125,-0.0067083832336781,-0.6708383233678183,0.6764551147936537,,0,0.4511383918627184,1.0,0.6992434987483142,0.0011915335662618,True
2021-05-05,FTSE_100,^FTSE,Yahoo Finance,7039.2998046875,0.0166305869622992,1.6630586962299267,0.7306813229370963,,0,,0.0,0.6764551147936537,-0.0067083832336781,False
2021-05-06,FTSE_100,^FTSE,Yahoo Finance,7076.2001953125,0.0052283623935891,0.522836239358915,0.976200192159067,,0,,0.0,0.7306813229370963,0.0166305869622992,False
2021-05-07,FTSE_100,^FTSE,Yahoo Finance,7129.7001953125,0.0075321171432048,0.7532117143204818,0.9042362195329904,,0,,0.0,0.976200192159067,0.0052283623935891,False
2021-05-10,FTSE_100,^FTSE,Yahoo Finance,7123.7001953125,-0.0008419044143807,-0.0841904414380702,0.8784267566810829,-0.0704615110797541,1,,0.0,0.9042362195329904,0.0075321171432048,False
2021-05-11,FTSE_100,^FTSE,Yahoo Finance,6948.0,-0.024973432405641,-2.4973432405641085,0.8109148526653251,,0,-0.0704615110797541,1.0,0.8784267566810829,-0.0008419044143807,True
2021-05-12,FTSE_100,^FTSE,Yahoo Finance,7004.60009765625,0.0081132416515074,0.8113241651507471,1.3302241266601644,,0,,0.0,0.8109148526653251,-0.024973432405641,False
2021-05-13,FTSE_100,^FTSE,Yahoo Finance,6963.2998046875,-0.0059136181697171,-0.5913618169717113,1.2034472841801338,,0,,0.0,1.3302241266601644,0.0081132416515074,False
2021-05-14,FTSE_100,^FTSE,Yahoo Finance,7043.60009765625,0.0114659451083734,1.146594510837348,1.0964603499396446,,0,,0.0,1.2034472841801338,-0.0059136181697171,False
2021-05-17,FTSE_100,^FTSE,Yahoo Finance,7032.89990234375,-0.001520292313208,-0.1520292313208018,1.079618640216054,,0,,0.0,1.0964603499396446,0.0114659451083734,False
2021-05-18,FTSE_100,^FTSE,Yahoo Finance,7034.2001953125,0.0001848700817406,0.0184870081740641,0.967408431066974,,0,,0.0,1.079618640216054,-0.001520292313208,False
2021-05-19,FTSE_100,^FTSE,Yahoo Finance,6950.2001953125,-0.0120135304947773,-1.2013530494777336,0.8763887990540038,,0,,0.0,0.967408431066974,0.0001848700817406,False
2021-05-20,FTSE_100,^FTSE,Yahoo Finance,7019.7998046875,0.0099642355375169,0.996423553751696,0.9710969485081486,-0.0436379287253927,1,,0.0,0.8763887990540038,-0.0120135304947773,False
2021-05-21,FTSE_100,^FTSE,Yahoo Finance,7018.10009765625,-0.0002421597320653,-0.0242159732065384,0.9645947879891188,,0,-0.0436379287253927,1.0,0.9710969485081486,0.0099642355375169,True
2021-05-24,FTSE_100,^FTSE,Yahoo Finance,7051.60009765625,0.0047620152300293,0.4762015230029319,0.874836298712372,-0.0405759594092766,1,,0.0,0.9645947879891188,-0.0002421597320653,False
2021-05-25,FTSE_100,^FTSE,Yahoo Finance,7029.7998046875,-0.0030963271460212,-0.3096327146021216,0.8245484247029105,,0,-0.0405759594092766,1.0,0.874836298712372,0.0047620152300293,True
2021-05-26,FTSE_100,^FTSE,Yahoo Finance,7026.89990234375,-0.0004126007448874,-0.0412600744887429,0.7844324227026256,,0,,0.0,0.8245484247029105,-0.0030963271460212,False
2021-05-27,FTSE_100,^FTSE,Yahoo Finance,7019.7001953125,-0.001025117482051,-0.1025117482051015,0.7395699150327749,,0,,0.0,0.7844324227026256,-0.0004126007448874,False
2021-05-28,FTSE_100,^FTSE,Yahoo Finance,7022.60009765625,0.0004130238386122,0.041302383861223,0.7088778408342384,,0,,0.0,0.7395699150327749,-0.001025117482051,False
2021-06-01,FTSE_100,^FTSE,Yahoo Finance,7080.5,0.0082109929370652,0.8210992937065228,0.683077644628755,0.17675570925610942,3,,0.0,0.7088778408342384,0.0004130238386122,False
2021-06-02,FTSE_100,^FTSE,Yahoo Finance,7108.0,0.0038763836114284,0.387638361142841,0.7385897069292043,,0,0.17675570925610942,3.0,0.683077644628755,0.0082109929370652,True
2021-06-03,FTSE_100,^FTSE,Yahoo Finance,7064.39990234375,-0.0061528372760407,-0.6152837276040743,0.7178400008433566,,0,,0.0,0.7385897069292043,0.0038763836114284,False
2021-06-04,FTSE_100,^FTSE,Yahoo Finance,7069.0,0.0006509541724529,0.0650954172452932,0.7481117185365453,,0,,0.0,0.7178400008433566,-0.0061528372760407,False
2021-06-07,FTSE_100,^FTSE,Yahoo Finance,7077.2001953125,0.0011593496653187,0.1159349665318785,0.7114885381299333,,0,,0.0,0.7481117185365453,0.0006509541724529,False
2021-06-08,FTSE_100,^FTSE,Yahoo Finance,7095.10009765625,0.0025260418551438,0.2526041855143888,0.6852262731188251,-0.6186492309960372,1,,0.0,0.7114885381299333,0.0011593496653187,False
2021-06-09,FTSE_100,^FTSE,Yahoo Finance,7081.0,-0.0019892780396429,-0.1989278039642921,0.6707941631587615,,0,-0.6186492309960372,1.0,0.6852262731188251,0.0025260418551438,True
2021-06-10,FTSE_100,^FTSE,Yahoo Finance,7088.2001953125,0.0010163164939455,0.1016316493945567,0.6653414268550543,,0,,0.0,0.6707941631587615,-0.0019892780396429,False
2021-06-11,FTSE_100,^FTSE,Yahoo Finance,7134.10009765625,0.0064546607450851,0.6454660745085137,0.6520383251429015,-0.09298604481155051,2,,0.0,0.6653414268550543,0.0010163164939455,False
2021-06-14,FTSE_100,^FTSE,Yahoo Finance,7146.7001953125,0.0017646211230978,0.1764621123097803,0.6884810767857795,,0,-0.09298604481155051,2.0,0.6520383251429015,0.0064546607450851,True
2021-06-15,FTSE_100,^FTSE,Yahoo Finance,7172.5,0.0036035298416174,0.3603529841617409,0.6700257362224434,0.0119175954129208,1,,0.0,0.6884810767857795,0.0017646211230978,False
2021-06-16,FTSE_100,^FTSE,Yahoo Finance,7185.0,0.0017412506576055,0.1741250657605537,0.6671655876407574,,0,0.0119175954129208,1.0,0.6700257362224434,0.0036035298416174,True
2021-06-17,FTSE_100,^FTSE,Yahoo Finance,7153.39990234375,-0.0044077650272064,-0.4407765027206426,0.654797371699443,,0,,0.0,0.6671655876407574,0.0017412506576055,False
2021-06-18,FTSE_100,^FTSE,Yahoo Finance,7017.5,-0.0191807252498813,-1.918072524988136,0.6795930161559026,,0,,0.0,0.654797371699443,-0.0044077650272064,False
2021-06-21,FTSE_100,^FTSE,Yahoo Finance,7062.2998046875,0.0063637205779584,0.636372057795844,1.0743288000510005,,0,,0.0,0.6795930161559026,-0.0191807252498813,False
2021-06-22,FTSE_100,^FTSE,Yahoo Finance,7090.0,0.003914590712177,0.3914590712177001,0.9893099134329096,,0,,0.0,1.0743288000510005,0.0063637205779584,False
2021-06-23,FTSE_100,^FTSE,Yahoo Finance,7074.10009765625,-0.0022450997822257,-0.2245099782225701,0.9037744661934114,,0,,0.0,0.9893099134329096,0.003914590712177,False
2021-06-24,FTSE_100,^FTSE,Yahoo Finance,7110.0,0.005062003053339,0.5062003053339038,0.8367759644832464,,0,,0.0,0.9037744661934114,-0.0022450997822257,False
2021-06-25,FTSE_100,^FTSE,Yahoo Finance,7136.10009765625,0.0036641785021066,0.3664178502106696,0.7995371689730011,,0,,0.0,0.8367759644832464,0.005062003053339,False
2021-06-28,FTSE_100,^FTSE,Yahoo Finance,7073.0,-0.0088817042634033,-0.8881704263403354,0.7602850611701192,0.1778556299085418,1,,0.0,0.7995371689730011,0.0036641785021066,False
2021-06-29,FTSE_100,^FTSE,Yahoo Finance,7087.60009765625,0.0020620740263894,0.2062074026389405,0.8273009256131779,,0,0.1778556299085418,1.0,0.7602850611701192,-0.0088817042634033,True
2021-06-30,FTSE_100,^FTSE,Yahoo Finance,7037.5,-0.0070937986144336,-0.7093798614433627,0.7723536102484666,,0,,0.0,0.8273009256131779,0.0020620740263894,False
2021-07-01,FTSE_100,^FTSE,Yahoo Finance,7125.2001953125,0.012384829881895,1.2384829881895032,0.8006542899118385,-0.1482347610704216,1,,0.0,0.7723536102484666,-0.0070937986144336,False
2021-07-02,FTSE_100,^FTSE,Yahoo Finance,7123.2998046875,-0.0002667495717118,-0.0266749571711896,0.9018291914895904,,0,-0.1482347610704216,1.0,0.8006542899118385,0.012384829881895,True
2021-07-05,FTSE_100,^FTSE,Yahoo Finance,7164.89990234375,0.0058230170428096,0.5823017042809645,0.8270483887813456,-0.1353878768902548,1,,0.0,0.9018291914895904,-0.0002667495717118,False
2021-07-06,FTSE_100,^FTSE,Yahoo Finance,7100.89990234375,-0.0089725679942509,-0.8972567994250915,0.8008003975854615,,0,-0.1353878768902548,1.0,0.8270483887813456,0.0058230170428096,True
2021-07-07,FTSE_100,^FTSE,Yahoo Finance,7151.0,0.0070306842417085,0.7030684241708535,0.8553064513328787,,0,,0.0,0.8008003975854615,-0.0089725679942509,False
2021-07-08,FTSE_100,^FTSE,Yahoo Finance,7030.7001953125,-0.0169659051633547,-1.696590516335476,0.836482776992999,,0,,0.0,0.8553064513328787,0.0070306842417085,False
2021-07-09,FTSE_100,^FTSE,Yahoo Finance,7121.89990234375,0.0128882281422803,1.28882281422804,1.0809741076097783,,0,,0.0,0.836482776992999,-0.0169659051633547,False
2021-07-12,FTSE_100,^FTSE,Yahoo Finance,7125.39990234375,0.0004913211792252,0.0491321179225273,1.0962706619997715,-0.0408089455172774,2,,0.0,1.0809741076097783,0.0128882281422803,False
2021-07-13,FTSE_100,^FTSE,Yahoo Finance,7124.7001953125,-9.820380587041588e-05,-0.0098203805870415,0.9759677594666698,,0,-0.0408089455172774,2.0,1.0962706619997715,0.0004913211792252,True
2021-07-14,FTSE_100,^FTSE,Yahoo Finance,7091.2001953125,-0.0047130411848809,-0.4713041184880997,0.883314660077369,,0,,0.0,0.9759677594666698,-9.820380587041588e-05,False
2021-07-15,FTSE_100,^FTSE,Yahoo Finance,7012.0,-0.0112316391746703,-1.123163917467032,0.8437428459856653,,0,,0.0,0.883314660077369,-0.0047130411848809,False
2021-07-16,FTSE_100,^FTSE,Yahoo Finance,7008.10009765625,-0.0005563301855437,-0.0556330185543779,0.93223745987728,,0,,0.0,0.8437428459856653,-0.0112316391746703,False
2021-07-19,FTSE_100,^FTSE,Yahoo Finance,6844.39990234375,-0.0236358514658172,-2.363585146581724,0.8508162467404787,,0,,0.0,0.93223745987728,-0.0005563301855437,False
2021-07-20,FTSE_100,^FTSE,Yahoo Finance,6881.10009765625,0.0053477516704689,0.5347751670468917,1.3015595599548089,,0,,0.0,0.8508162467404787,-0.0236358514658172,False
2021-07-21,FTSE_100,^FTSE,Yahoo Finance,6998.2998046875,0.016888697431225,1.6888697431225046,1.1552808139892068,,0,,0.0,1.3015595599548089,0.0053477516704689,False
2021-07-22,FTSE_100,^FTSE,Yahoo Finance,6968.2998046875,-0.0042959699536661,-0.4295969953666171,1.2347454822582795,,0,,0.0,1.1552808139892068,0.016888697431225,False
2021-07-23,FTSE_100,^FTSE,Yahoo Finance,7027.60009765625,0.0084740028492096,0.8474002849209641,1.1051492260652305,-0.16345814898765332,2,,0.0,1.2347454822582795,-0.0042959699536661,False
2021-07-26,FTSE_100,^FTSE,Yahoo Finance,7025.39990234375,-0.0003131282047217,-0.0313128204721767,1.0379752083742466,,0,-0.16345814898765332,2.0,1.1051492260652305,0.0084740028492096,True
2021-07-27,FTSE_100,^FTSE,Yahoo Finance,6996.10009765625,-0.0041792743050555,-0.4179274305055571,0.9315043820753874,,0,,0.0,1.0379752083742466,-0.0003131282047217,False
2021-07-28,FTSE_100,^FTSE,Yahoo Finance,7016.60009765625,0.0029259192502959,0.2925919250295968,0.8733681159927413,,0,,0.0,0.9315043820753874,-0.0041792743050555,False
2021-07-29,FTSE_100,^FTSE,Yahoo Finance,7078.39990234375,0.0087690955240123,0.8769095524012375,0.8104109844160862,0.1576086122387399,1,,0.0,0.8733681159927413,0.0029259192502959,False
2021-07-30,FTSE_100,^FTSE,Yahoo Finance,7032.2998046875,-0.0065340858541116,-0.6534085854111679,0.8328237275499606,,0,0.1576086122387399,1.0,0.8104109844160862,0.0087690955240123,True
2021-08-02,FTSE_100,^FTSE,Yahoo Finance,7081.7001953125,0.0070002256420718,0.7000225642071849,0.832640083686399,-0.1259458739426918,2,,0.0,0.8328237275499606,-0.0065340858541116,False
2021-08-03,FTSE_100,^FTSE,Yahoo Finance,7105.7001953125,0.0033832868929412,0.3383286892941207,0.8200059015712843,,0,-0.1259458739426918,2.0,0.832640083686399,0.0070002256420718,True
2021-08-04,FTSE_100,^FTSE,Yahoo Finance,7123.89990234375,0.002558008212508,0.2558008212508034,0.7733918738584942,,0,,0.0,0.8200059015712843,0.0033832868929412,False
2021-08-05,FTSE_100,^FTSE,Yahoo Finance,7120.39990234375,-0.0004914246566595,-0.0491424656659525,0.7345436509425936,,0,,0.0,0.7733918738584942,0.002558008212508,False
2021-08-06,FTSE_100,^FTSE,Yahoo Finance,7123.0,0.000365095090071,0.0365095090071032,0.7032907509156903,,0,,0.0,0.7345436509425936,-0.0004914246566595,False
2021-08-09,FTSE_100,^FTSE,Yahoo Finance,7132.2998046875,0.0013047506729749,0.1304750672974959,0.6790861489836252,,0,,0.0,0.7032907509156903,0.000365095090071,False
2021-08-10,FTSE_100,^FTSE,Yahoo Finance,7161.0,0.0040159003556109,0.4015900355610987,0.6622152471788967,,0,,0.0,0.6790861489836252,0.0013047506729749,False
2021-08-11,FTSE_100,^FTSE,Yahoo Finance,7220.10009765625,0.0082191807251374,0.8219180725137488,0.6652953676562585,,0,,0.0,0.6622152471788967,0.0040159003556109,False
2021-08-12,FTSE_100,^FTSE,Yahoo Finance,7193.2001953125,-0.0037326542886557,-0.373265428865573,0.7273770658422873,,0,,0.0,0.6652953676562585,0.0082191807251374,False
2021-08-13,FTSE_100,^FTSE,Yahoo Finance,7218.7001953125,0.0035387458863325,0.3538745886332592,0.7210794348350579,,0,,0.0,0.7273770658422873,-0.0037326542886557,False
2021-08-16,FTSE_100,^FTSE,Yahoo Finance,7154.0,-0.009003267510791,-0.9003267510791033,0.7026928761199263,,0,,0.0,0.7210794348350579,0.0035387458863325,False
2021-08-17,FTSE_100,^FTSE,Yahoo Finance,7181.10009765625,0.0037809474305571,0.3780947430557111,0.7938006764628314,,0,,0.0,0.7026928761199263,-0.009003267510791,False
2021-08-18,FTSE_100,^FTSE,Yahoo Finance,7169.2998046875,-0.0016445946745361,-0.1644594674536151,0.7569586546993573,,0,,0.0,0.7938006764628314,0.0037809474305571,False
2021-08-19,FTSE_100,^FTSE,Yahoo Finance,7058.89990234375,-0.0155187754268494,-1.5518775426849438,0.724619745816445,,0,,0.0,0.7569586546993573,-0.0016445946745361,False
2021-08-20,FTSE_100,^FTSE,Yahoo Finance,7087.89990234375,0.004099872907232,0.4099872907232095,0.9788504145497764,,0,,0.0,0.724619745816445,-0.0155187754268494,False
2021-08-23,FTSE_100,^FTSE,Yahoo Finance,7109.0,0.0029724958741166,0.2972495874116614,0.8970868345906498,,0,,0.0,0.9788504145497764,0.004099872907232,False
2021-08-24,FTSE_100,^FTSE,Yahoo Finance,7125.7998046875,0.0023603861969128,0.2360386196912862,0.8284552275088074,,0,,0.0,0.8970868345906498,0.0029724958741166,False
2021-08-25,FTSE_100,^FTSE,Yahoo Finance,7150.10009765625,0.0034043831358656,0.3404383135865657,0.774306706896632,,0,,0.0,0.8284552275088074,0.0023603861969128,False
2021-08-26,FTSE_100,^FTSE,Yahoo Finance,7125.0,-0.0035166301254103,-0.351663012541038,0.7400761782639206,-0.2197948857778456,1,,0.0,0.774306706896632,0.0034043831358656,False
2021-08-27,FTSE_100,^FTSE,Yahoo Finance,7148.0,0.0032228711424673,0.3222871142467368,0.727696791258348,,0,-0.2197948857778456,1.0,0.7400761782639206,-0.0035166301254103,True
2021-08-31,FTSE_100,^FTSE,Yahoo Finance,7119.7001953125,-0.0039669801597684,-0.3966980159768412,0.7051969248909202,,0,,0.0,0.727696791258348,0.0032228711424673,False
2021-09-01,FTSE_100,^FTSE,Yahoo Finance,7149.7998046875,0.0042187398321085,0.4218739832108557,0.7083180139315578,,0,,0.0,0.7051969248909202,-0.0039669801597684,False
2021-09-02,FTSE_100,^FTSE,Yahoo Finance,7163.89990234375,0.0019701548175037,0.1970154817503787,0.69934717697869,,0,,0.0,0.7083180139315578,0.0042187398321085,False
2021-09-03,FTSE_100,^FTSE,Yahoo Finance,7138.39990234375,-0.0035658638636325,-0.3565863863632598,0.6784713243839777,,0,,0.0,0.69934717697869,0.0019701548175037,False
2021-09-06,FTSE_100,^FTSE,Yahoo Finance,7187.2001953125,0.0068130453735862,0.6813045373586215,0.685247054118477,,0,,0.0,0.6784713243839777,-0.0035658638636325,False
2021-09-07,FTSE_100,^FTSE,Yahoo Finance,7149.39990234375,-0.0052732698554936,-0.5273269855493683,0.716010765258028,,0,,0.0,0.685247054118477,0.0068130453735862,False
2021-09-08,FTSE_100,^FTSE,Yahoo Finance,7095.5,-0.0075676431490303,-0.7567643149030344,0.7331214739551901,,0,,0.0,0.716010765258028,-0.0052732698554936,False
2021-09-09,FTSE_100,^FTSE,Yahoo Finance,7024.2001953125,-0.0100994227552532,-1.0099422755253291,0.7834360420431049,0.1649852681818396,2,,0.0,0.7331214739551901,-0.0075676431490303,False
2021-09-10,FTSE_100,^FTSE,Yahoo Finance,7029.2001953125,0.0007115715872306,0.0711571587230667,0.8684611257811365,0.00726119083216205,2,0.1649852681818396,2.0,0.7834360420431049,-0.0100994227552532,True
2021-09-13,FTSE_100,^FTSE,Yahoo Finance,7068.39990234375,0.0055612030114389,0.5561203011438998,0.8008907728420552,,0,0.00726119083216205,2.0,0.8684611257811365,0.0007115715872306,True
2021-09-14,FTSE_100,^FTSE,Yahoo Finance,7034.10009765625,-0.0048643676399474,-0.4864367639947406,0.779028595090124,,0,,0.0,0.8008907728420552,0.0055612030114389,False
2021-09-15,FTSE_100,^FTSE,Yahoo Finance,7016.5,-0.0025052462868707,-0.2505246286870785,0.7709892721840342,,0,,0.0,0.779028595090124,-0.0048643676399474,False
2021-09-16,FTSE_100,^FTSE,Yahoo Finance,7027.5,0.0015665055894964,0.1566505589496439,0.7406193439747784,,0,,0.0,0.7709892721840342,-0.0025052462868707,False
2021-09-17,FTSE_100,^FTSE,Yahoo Finance,6963.60009765625,-0.0091344277723074,-0.9134427772307472,0.7070959969170652,,0,,0.0,0.7406193439747784,0.0015665055894964,False
2021-09-20,FTSE_100,^FTSE,Yahoo Finance,6903.89990234375,-0.0086101408519942,-0.8610140851994214,0.7994215475736436,-0.2479507087596825,1,,0.0,0.7070959969170652,-0.0091344277723074,False
2021-09-21,FTSE_100,^FTSE,Yahoo Finance,6981.0,0.0111057178140161,1.1105717814016112,0.847087010614573,,0,-0.2479507087596825,1.0,0.7994215475736436,-0.0086101408519942,True
2021-09-22,FTSE_100,^FTSE,Yahoo Finance,7083.39990234375,0.0145618316478322,1.4561831647832295,0.9026713541882174,,0,,0.0,0.847087010614573,0.0111057178140161,False
2021-09-23,FTSE_100,^FTSE,Yahoo Finance,7078.39990234375,-0.0007061249667009,-0.0706124966700921,1.01767157655121,,0,,0.0,0.9026713541882174,0.0145618316478322,False
2021-09-24,FTSE_100,^FTSE,Yahoo Finance,7051.5,-0.0038075195192378,-0.3807519519237855,0.9167104729981644,,0,,0.0,1.01767157655121,-0.0007061249667009,False
2021-09-27,FTSE_100,^FTSE,Yahoo Finance,7063.39990234375,0.0016861480060731,0.1686148006073133,0.858768498593849,-0.1622834741310388,1,,0.0,0.9167104729981644,-0.0038075195192378,False
2021-09-28,FTSE_100,^FTSE,Yahoo Finance,7028.10009765625,-0.0050100952384054,-0.5010095238405425,0.7948142976534602,,0,-0.1622834741310388,1.0,0.858768498593849,0.0016861480060731,True
2021-09-29,FTSE_100,^FTSE,Yahoo Finance,7108.2001953125,0.0113326617658741,1.1332661765874148,0.7839993799702998,,0,,0.0,0.7948142976534602,-0.0050100952384054,False
2021-09-30,FTSE_100,^FTSE,Yahoo Finance,7086.39990234375,-0.0030716342777015,-0.3071634277701519,0.8671990486683446,,0,,0.0,0.7839993799702998,0.0113326617658741,False
2021-10-01,FTSE_100,^FTSE,Yahoo Finance,7027.10009765625,-0.0084033235761388,-0.8403323576138806,0.8155620007884156,-0.12568901542884603,2,,0.0,0.8671990486683446,-0.0030716342777015,False
2021-10-04,FTSE_100,^FTSE,Yahoo Finance,7011.0,-0.0022937726050287,-0.2293772605028764,0.8536835509773817,0.9095829371362923,1,-0.12568901542884603,2.0,0.8155620007884156,-0.0084033235761388,True
2021-10-05,FTSE_100,^FTSE,Yahoo Finance,7077.10009765625,0.0093838888490857,0.9383888849085752,0.799708687412893,0.1851781075820326,1,0.9095829371362923,1.0,0.8536835509773817,-0.0022937726050287,True
2021-10-06,FTSE_100,^FTSE,Yahoo Finance,6995.89990234375,-0.0115399838610066,-1.1539983861006688,0.8369423520957331,,0,0.1851781075820326,1.0,0.799708687412893,0.0093838888490857,True
2021-10-07,FTSE_100,^FTSE,Yahoo Finance,7078.0,0.0116671327103619,1.1667132710361947,0.935219791264183,,0,,0.0,0.8369423520957331,-0.0115399838610066,False
2021-10-08,FTSE_100,^FTSE,Yahoo Finance,7095.60009765625,0.0024835054723062,0.2483505472306238,0.9725807547032088,,0,,0.0,0.935219791264183,0.0116671327103619,False
2021-10-11,FTSE_100,^FTSE,Yahoo Finance,7146.89990234375,0.0072037951955284,0.7203795195528496,0.8835915478071185,,0,,0.0,0.9725807547032088,0.0024835054723062,False
2021-10-12,FTSE_100,^FTSE,Yahoo Finance,7130.2001953125,-0.0023393706751371,-0.2339370675137107,0.8590447658168175,-0.1208607148379087,1,,0.0,0.8835915478071185,0.0072037951955284,False
2021-10-13,FTSE_100,^FTSE,Yahoo Finance,7141.7998046875,0.001625506155985,0.162550615598501,0.8039950248402881,,0,-0.1208607148379087,1.0,0.8590447658168175,-0.0023393706751371,True
2021-10-14,FTSE_100,^FTSE,Yahoo Finance,7207.7001953125,0.0091851080439313,0.918510804393131,0.7538010907109611,,0,,0.0,0.8039950248402881,0.001625506155985,False
2021-10-15,FTSE_100,^FTSE,Yahoo Finance,7234.0,0.0036422074140205,0.3642207414020562,0.8029100443153067,,0,,0.0,0.7538010907109611,0.0091851080439313,False
2021-10-18,FTSE_100,^FTSE,Yahoo Finance,7203.7998046875,-0.0041834960682526,-0.4183496068252665,0.76259390026183,,0,,0.0,0.8029100443153067,0.0036422074140205,False
2021-10-19,FTSE_100,^FTSE,Yahoo Finance,7217.5,0.0018999950932996,0.1899995093299616,0.7509909408496589,,0,,0.0,0.76259390026183,-0.0041834960682526,False
2021-10-20,FTSE_100,^FTSE,Yahoo Finance,7223.10009765625,0.000775604600794,0.0775604600794074,0.7155750852870015,,0,,0.0,0.7509909408496589,0.0018999950932996,False
2021-10-21,FTSE_100,^FTSE,Yahoo Finance,7190.2998046875,-0.0045513688390466,-0.4551368839046643,0.6878574614623014,,0,,0.0,0.7155750852870015,0.000775604600794,False
2021-10-22,FTSE_100,^FTSE,Yahoo Finance,7204.60009765625,0.0019868561462851,0.1986856146285189,0.7038301000544511,,0,,0.0,0.6878574614623014,-0.0045513688390466,False
2021-10-25,FTSE_100,^FTSE,Yahoo Finance,7222.7998046875,0.0025229378554962,0.2522937855496245,0.6817443641357115,,0,,0.0,0.7038301000544511,0.0019868561462851,False
2021-10-26,FTSE_100,^FTSE,Yahoo Finance,7277.60009765625,0.0075584886259767,0.755848862597677,0.6683082807487146,,0,,0.0,0.6817443641357115,0.0025229378554962,False
2021-10-27,FTSE_100,^FTSE,Yahoo Finance,7253.2998046875,-0.0033446401510205,-0.3344640151020595,0.7172629932403111,,0,,0.0,0.6683082807487146,0.0075584886259767,False
2021-10-28,FTSE_100,^FTSE,Yahoo Finance,7249.5,-0.0005240098223267,-0.052400982232677,0.7098462943075867,,0,,0.0,0.7172629932403111,-0.0033446401510205,False
2021-10-29,FTSE_100,^FTSE,Yahoo Finance,7237.60009765625,-0.0016428277488115,-0.1642827748811555,0.6855399735091692,,0,,0.0,0.7098462943075867,-0.0005240098223267,False
2021-11-01,FTSE_100,^FTSE,Yahoo Finance,7288.60009765625,0.0070218238582211,0.7021823858221182,0.6733980877286913,,0,,0.0,0.6855399735091692,-0.0016428277488115,False
2021-11-02,FTSE_100,^FTSE,Yahoo Finance,7274.7998046875,-0.0018952026576127,-0.1895202657612733,0.7115090189963879,,0,,0.0,0.6733980877286913,0.0070218238582211,False
2021-11-03,FTSE_100,^FTSE,Yahoo Finance,7248.89990234375,-0.0035665746773989,-0.3566574677398975,0.693471149205987,,0,,0.0,0.7115090189963879,-0.0018952026576127,False
2021-11-04,FTSE_100,^FTSE,Yahoo Finance,7279.89990234375,0.0042673926905012,0.4267392690501252,0.6956116824184077,,0,,0.0,0.693471149205987,-0.0035665746773989,False
2021-11-05,FTSE_100,^FTSE,Yahoo Finance,7304.0,0.0033050308566567,0.3305030856656747,0.690887410532098,,0,,0.0,0.6956116824184077,0.0042673926905012,False
2021-11-08,FTSE_100,^FTSE,Yahoo Finance,7300.39990234375,-0.0004930154957744,-0.0493015495774447,0.6795555136115676,,0,,0.0,0.690887410532098,0.0033050308566567,False
2021-11-09,FTSE_100,^FTSE,Yahoo Finance,7274.0,-0.0036227812320955,-0.3622781232095575,0.6637669904036695,,0,,0.0,0.6795555136115676,-0.0004930154957744,False
2021-11-10,FTSE_100,^FTSE,Yahoo Finance,7340.2001953125,0.0090597702554184,0.9059770255418468,0.6758161939832932,,0,,0.0,0.6637669904036695,-0.0036227812320955,False
2021-11-11,FTSE_100,^FTSE,Yahoo Finance,7384.2001953125,0.0059764920540484,0.5976492054048438,0.7505477266306478,,0,,0.0,0.6758161939832932,0.0090597702554184,False
2021-11-12,FTSE_100,^FTSE,Yahoo Finance,7347.89990234375,-0.0049280640496978,-0.49280640496978,0.7485599538316702,,0,,0.0,0.7505477266306478,0.0059764920540484,False
2021-11-15,FTSE_100,^FTSE,Yahoo Finance,7351.89990234375,0.0005442251121611,0.0544225112161196,0.7505770409685628,-0.0438211852345954,1,,0.0,0.7485599538316702,-0.0049280640496978,False
2021-11-16,FTSE_100,^FTSE,Yahoo Finance,7327.0,-0.0033926147589007,-0.3392614758900721,0.713305643475762,0.0010791712750991,1,-0.0438211852345954,1.0,0.7505770409685628,0.0005442251121611,True
2021-11-17,FTSE_100,^FTSE,Yahoo Finance,7291.2001953125,-0.0048979868629174,-0.4897986862917483,0.7075660747344278,,0,0.0010791712750991,1.0,0.713305643475762,-0.0033926147589007,True
2021-11-18,FTSE_100,^FTSE,Yahoo Finance,7256.0,-0.0048394555020738,-0.4839455502073896,0.7219929305889082,,0,,0.0,0.7075660747344278,-0.0048979868629174,False
2021-11-19,FTSE_100,^FTSE,Yahoo Finance,7223.60009765625,-0.0044752556977288,-0.4475255697728822,0.7310471575422184,,0,,0.0,0.7219929305889082,-0.0048394555020738,False
2021-11-22,FTSE_100,^FTSE,Yahoo Finance,7255.5,0.0044063448339038,0.4406344833903852,0.7324841952079629,,0,,0.0,0.7310471575422184,-0.0044752556977288,False
2021-11-23,FTSE_100,^FTSE,Yahoo Finance,7266.7001953125,0.0015424932011087,0.154249320110879,0.7181803067787023,-0.2726633501505213,1,,0.0,0.7324841952079629,0.0044063448339038,False
2021-11-24,FTSE_100,^FTSE,Yahoo Finance,7286.2998046875,0.0026935506390362,0.2693550639036298,0.6907659427653994,-0.0973020749937357,1,-0.2726633501505213,1.0,0.7181803067787023,0.0015424932011087,True
2021-11-25,FTSE_100,^FTSE,Yahoo Finance,7310.39990234375,0.0033021326791773,0.3302132679177337,0.6756148992264321,,0,-0.0973020749937357,1.0,0.6907659427653994,0.0026935506390362,True
2021-11-26,FTSE_100,^FTSE,Yahoo Finance,7044.0,-0.037121787834373,-3.712178783437301,0.6687782222580345,,0,,0.0,0.6756148992264321,0.0033021326791773,False
2021-11-29,FTSE_100,^FTSE,Yahoo Finance,7110.0,0.0093260531811898,0.9326053181189864,1.739306540980602,,0,,0.0,0.6687782222580345,-0.037121787834373,False
2021-11-30,FTSE_100,^FTSE,Yahoo Finance,7059.5,-0.0071280163477067,-0.7128016347706769,1.535100875808017,,0,,0.0,1.739306540980602,0.0093260531811898,False
2021-12-01,FTSE_100,^FTSE,Yahoo Finance,7168.7001953125,0.0153501269323019,1.5350126932301988,1.3656932804347883,-0.2157598350729261,1,,0.0,1.535100875808017,-0.0071280163477067,False
2021-12-02,FTSE_100,^FTSE,Yahoo Finance,7129.2001953125,-0.0055253008360546,-0.5525300836054678,1.3440984261784314,,0,-0.2157598350729261,1.0,1.3656932804347883,0.0153501269323019,True
2021-12-03,FTSE_100,^FTSE,Yahoo Finance,7122.2998046875,-0.0009683740187679,-0.0968374018767932,1.2009275620018465,,0,,0.0,1.3440984261784314,-0.0055253008360546,False
2021-12-06,FTSE_100,^FTSE,Yahoo Finance,7232.2998046875,0.0153263979798848,1.5326397979884887,1.0603417397117143,,0,,0.0,1.2009275620018465,-0.0009683740187679,False
2021-12-07,FTSE_100,^FTSE,Yahoo Finance,7339.89990234375,0.0147681277257606,1.4768127725760634,1.1360116110256204,,0,,0.0,1.0603417397117143,0.0153263979798848,False
2021-12-08,FTSE_100,^FTSE,Yahoo Finance,7337.39990234375,-0.0003406621187063,-0.0340662118706398,1.1733573620134023,-0.2193974333653307,1,,0.0,1.1360116110256204,0.0147681277257606,False
2021-12-09,FTSE_100,^FTSE,Yahoo Finance,7321.2998046875,-0.0021966619757607,-0.2196661975760727,1.0372305835766922,,0,-0.2193974333653307,1.0,1.1733573620134023,-0.0003406621187063,True
2021-12-10,FTSE_100,^FTSE,Yahoo Finance,7291.7998046875,-0.0040374788186529,-0.4037478818652976,0.9379258192137532,0.0083904713392257,1,,0.0,1.0372305835766922,-0.0021966619757607,False
2021-12-13,FTSE_100,^FTSE,Yahoo Finance,7231.39990234375,-0.0083177607955687,-0.8317760795568726,0.8767307773678852,-0.0792003355565525,2,0.0083904713392257,1.0,0.9379258192137532,-0.0040374788186529,True
2021-12-14,FTSE_100,^FTSE,Yahoo Finance,7218.60009765625,-0.0017715997280625,-0.1771599728062598,0.8932557101897222,,0,-0.0792003355565525,2.0,0.8767307773678852,-0.0083177607955687,True
2021-12-15,FTSE_100,^FTSE,Yahoo Finance,7170.7998046875,-0.0066438446524683,-0.664384465246838,0.8261182817263086,0.2563302479943053,1,,0.0,0.8932557101897222,-0.0017715997280625,False
2021-12-16,FTSE_100,^FTSE,Yahoo Finance,7260.60009765625,0.0124452863387391,1.2445286338739188,0.8297302488896104,,0,0.2563302479943053,1.0,0.8261182817263086,-0.0066438446524683,True
2021-12-17,FTSE_100,^FTSE,Yahoo Finance,7269.89990234375,0.0012800393595968,0.128003935959683,0.9213187744100496,,0,,0.0,0.8297302488896104,0.0124452863387391,False
2021-12-20,FTSE_100,^FTSE,Yahoo Finance,7198.0,-0.0099393132028451,-0.99393132028451,0.8413563108274541,,0,,0.0,0.9213187744100496,0.0012800393595968,False
2021-12-21,FTSE_100,^FTSE,Yahoo Finance,7297.39990234375,0.0137148972900116,1.3714897290011678,0.901889609115644,,0,,0.0,0.8413563108274541,-0.0099393132028451,False
2021-12-22,FTSE_100,^FTSE,Yahoo Finance,7341.7001953125,0.0060523430952655,0.6052343095265523,0.9965432564050716,-0.0566721875220537,1,,0.0,0.901889609115644,0.0137148972900116,False
2021-12-23,FTSE_100,^FTSE,Yahoo Finance,7373.2998046875,0.0042948906488722,0.4294890648872258,0.9276275803662208,-0.1804212760180235,1,-0.0566721875220537,1.0,0.9965432564050716,0.0060523430952655,True
2021-12-24,FTSE_100,^FTSE,Yahoo Finance,7372.10009765625,-0.0001627228887439,-0.0162722888743969,0.8598932479882884,,0,-0.1804212760180235,1.0,0.9276275803662208,0.0042948906488722,True
2021-12-29,FTSE_100,^FTSE,Yahoo Finance,7420.7001953125,0.0065708008699398,0.657080086993989,0.795197167876319,0.0725156337241915,1,,0.0,0.8598932479882884,-0.0001627228887439,False
2021-12-30,FTSE_100,^FTSE,Yahoo Finance,7403.0,-0.0023880952112229,-0.2388095211222941,0.78769618006508,,0,0.0725156337241915,1.0,0.795197167876319,0.0065708008699398,True
2021-12-31,FTSE_100,^FTSE,Yahoo Finance,7384.5,-0.0025021145767333,-0.2502114576733389,0.7518591876341005,-0.1856924097886995,1,,0.0,0.78769618006508,-0.0023880952112229,False
2022-01-04,FTSE_100,^FTSE,Yahoo Finance,7505.2001953125,0.0162129307704777,1.6212930770477787,0.7267983100118711,-0.0338769379410553,1,-0.1856924097886995,1.0,0.7518591876341005,-0.0025021145767333,True
2022-01-05,FTSE_100,^FTSE,Yahoo Finance,7516.89990234375,0.0015576662811189,0.1557666281118944,0.9618000100039804,,0,-0.0338769379410553,1.0,0.7267983100118711,0.0162129307704777,True
2022-01-06,FTSE_100,^FTSE,Yahoo Finance,7450.39990234375,-0.0088860968180315,-0.8886096818031504,0.8727147800996808,,0,,0.0,0.9618000100039804,0.0015576662811189,False
2022-01-07,FTSE_100,^FTSE,Yahoo Finance,7485.2998046875,0.0046733620181219,0.4673362018121931,0.9012043898565636,,0,,0.0,0.8727147800996808,-0.0088860968180315,False
2022-01-10,FTSE_100,^FTSE,Yahoo Finance,7445.2998046875,-0.0053581365444419,-0.535813654444192,0.8432751614823204,0.0026789637105095,1,,0.0,0.9012043898565636,0.0046733620181219,False
2022-01-11,FTSE_100,^FTSE,Yahoo Finance,7491.39990234375,0.006172748323126,0.6172748323126084,0.8229316907486867,-0.0145441192601408,1,0.0026789637105095,1.0,0.8432751614823204,-0.0053581365444419,True
2022-01-12,FTSE_100,^FTSE,Yahoo Finance,7551.7001953125,0.0080170464266686,0.8017046426668629,0.8021009508318417,-0.2758415777236223,1,-0.0145441192601408,1.0,0.8229316907486867,0.006172748323126,True
2022-01-13,FTSE_100,^FTSE,Yahoo Finance,7563.89990234375,0.0016141879384738,0.1614187938473889,0.8143050663556891,,0,-0.2758415777236223,1.0,0.8021009508318417,0.0080170464266686,True
2022-01-14,FTSE_100,^FTSE,Yahoo Finance,7543.0,-0.0027669364082479,-0.2766936408247961,0.7614270714173053,-0.3340867477883067,1,,0.0,0.8143050663556891,0.0016141879384738,False
2022-01-17,FTSE_100,^FTSE,Yahoo Finance,7611.2001953125,0.0090008914855825,0.9000891485582505,0.7358441292589051,-0.027339786090248962,3,-0.3340867477883067,1.0,0.7614270714173053,-0.0027669364082479,True
2022-01-18,FTSE_100,^FTSE,Yahoo Finance,7563.60009765625,-0.0062735921208036,-0.6273592120803637,0.787664362963808,0.0494123771786689,1,-0.027339786090248962,3.0,0.7358441292589051,0.0090008914855825,True
2022-01-19,FTSE_100,^FTSE,Yahoo Finance,7589.7001953125,0.0034448104322946,0.3444810432294618,0.7973344376484798,-0.1601333580911159,1,0.0494123771786689,1.0,0.787664362963808,-0.0062735921208036,True
2022-01-20,FTSE_100,^FTSE,Yahoo Finance,7585.0,-0.0006194778680716,-0.0619477868071623,0.7571470265457524,-0.02693634154134138,5,-0.1601333580911159,1.0,0.7973344376484798,0.0034448104322946,True
2022-01-21,FTSE_100,^FTSE,Yahoo Finance,7494.10009765625,-0.0120565554784058,-1.205655547840585,0.7201475968569409,-0.2778616104185342,5,-0.02693634154134138,5.0,0.7571470265457524,-0.0006194778680716,True
2022-01-24,FTSE_100,^FTSE,Yahoo Finance,7297.2001953125,-0.0266253176247595,-2.662531762475952,0.8784454270409089,-0.3019931546544538,11,-0.2778616104185342,5.0,0.7201475968569409,-0.0120565554784058,True
2022-01-25,FTSE_100,^FTSE,Yahoo Finance,7371.5,0.0101304736104072,1.013047361040723,1.4169818012484436,-0.11208920701518757,7,-0.3019931546544538,11.0,0.8784454270409089,-0.0266253176247595,True
2022-01-26,FTSE_100,^FTSE,Yahoo Finance,7469.7998046875,0.0132469855698993,1.3246985569899343,1.294646584463603,-0.21119765474936728,4,-0.11208920701518757,7.0,1.4169818012484436,0.0101304736104072,True
2022-01-27,FTSE_100,^FTSE,Yahoo Finance,7554.2998046875,0.0112487128283422,1.124871282834223,1.2533073554854184,0.08215967494447429,2,-0.21119765474936728,4.0,1.294646584463603,0.0132469855698993,True
2022-01-28,FTSE_100,^FTSE,Yahoo Finance,7466.10009765625,-0.0117441241702913,-1.174412417029134,1.1887959061225113,-0.12601650969287684,6,0.08215967494447429,2.0,1.2533073554854184,0.0112487128283422,True
2022-01-31,FTSE_100,^FTSE,Yahoo Finance,7464.39990234375,-0.0002277479414419,-0.0227747941441921,1.1743519334179753,-0.2187258945604145,4,-0.12601650969287684,6.0,1.1887959061225113,-0.0117441241702913,True
2022-02-01,FTSE_100,^FTSE,Yahoo Finance,7535.7998046875,0.0095199321315597,0.9519932131559706,1.0378270157154377,-0.47516282135620713,2,-0.2187258945604145,4.0,1.1743519334179753,-0.0002277479414419,True
2022-02-02,FTSE_100,^FTSE,Yahoo Finance,7583.0,0.006243927992993,0.6243927992993088,1.0044417970475266,-0.0043421611949605214,3,-0.47516282135620713,2.0,1.0378270157154377,0.0095199321315597,True
2022-02-03,FTSE_100,^FTSE,Yahoo Finance,7528.7998046875,-0.007173259098407,-0.7173259098407008,0.935579523087707,,0,-0.0043421611949605214,3.0,1.0044417970475266,0.006243927992993,True
2022-02-04,FTSE_100,^FTSE,Yahoo Finance,7516.39990234375,-0.0016483536799543,-0.1648353679954385,0.9148961960642948,,0,,0.0,0.935579523087707,-0.007173259098407,False
2022-02-07,FTSE_100,^FTSE,Yahoo Finance,7573.5,0.0075680250445058,0.7568025044505867,0.841786276999231,-0.03503044243070434,5,,0.0,0.9148961960642948,-0.0016483536799543,False
2022-02-08,FTSE_100,^FTSE,Yahoo Finance,7567.10009765625,-0.0008453961776462,-0.0845396177646268,0.8347210286149708,-0.1824989144436337,1,-0.03503044243070434,5.0,0.841786276999231,0.0075680250445058,True
2022-02-09,FTSE_100,^FTSE,Yahoo Finance,7643.39990234375,0.0100326017778165,1.003260177781658,0.7781827902624334,-0.6325806118547916,2,-0.1824989144436337,1.0,0.8347210286149708,-0.0008453961776462,True
2022-02-10,FTSE_100,^FTSE,Yahoo Finance,7672.39990234375,0.0037869435520294,0.378694355202944,0.8356151861874849,,0,-0.6325806118547916,2.0,0.7781827902624334,0.0100326017778165,True
2022-02-11,FTSE_100,^FTSE,Yahoo Finance,7661.0,-0.0014869376024587,-0.1486937602458714,0.7876569676713122,-0.11561901395096659,7,,0.0,0.8356151861874849,0.0037869435520294,False
2022-02-14,FTSE_100,^FTSE,Yahoo Finance,7531.60009765625,-0.0170350079283452,-1.7035007928345218,0.7461587504461525,-0.1577266817267598,21,-0.11561901395096659,7.0,0.7876569676713122,-0.0014869376024587,True
2022-02-15,FTSE_100,^FTSE,Yahoo Finance,7608.89990234375,0.0102110863357593,1.0211086335759345,1.0361481593599595,-0.1572882872328174,15,-0.1577266817267598,21.0,0.7461587504461525,-0.0170350079283452,True
2022-02-16,FTSE_100,^FTSE,Yahoo Finance,7603.7998046875,-0.000670505294332,-0.0670505294332087,1.0147229525197137,0.036645588395051366,5,-0.1572882872328174,15.0,1.0361481593599595,0.0102110863357593,True
2022-02-17,FTSE_100,^FTSE,Yahoo Finance,7537.39990234375,-0.0087708146370363,-0.8770814637036325,0.9143410717478396,-0.2526339502065327,8,0.036645588395051366,5.0,1.0147229525197137,-0.000670505294332,True
2022-02-18,FTSE_100,^FTSE,Yahoo Finance,7513.60009765625,-0.003162557241934,-0.3162557241934052,0.927300641027756,-0.23616249604058098,5,-0.2526339502065327,8.0,0.9143410717478396,-0.0087708146370363,True
2022-02-21,FTSE_100,^FTSE,Yahoo Finance,7484.2998046875,-0.0039072577408836,-0.3907257740883675,0.8610112047675387,-0.2230195049261026,27,-0.23616249604058098,5.0,0.927300641027756,-0.003162557241934,True
2022-02-22,FTSE_100,^FTSE,Yahoo Finance,7494.2001953125,0.0013219470663657,0.1321947066365787,0.8187239830447274,-0.18342252252404412,18,-0.2230195049261026,27.0,0.8610112047675387,-0.0039072577408836,True
2022-02-23,FTSE_100,^FTSE,Yahoo Finance,7498.2001953125,0.0005336036912957,0.0533603691295736,0.7641456072222735,-0.13933725036158118,9,-0.18342252252404412,18.0,0.8187239830447274,0.0013219470663657,True
2022-02-24,FTSE_100,^FTSE,Yahoo Finance,7207.0,-0.0396102418432697,-3.961024184326972,0.7232511610556152,-0.21550786151534762,46,-0.13933725036158118,9.0,0.7641456072222735,0.0005336036912957,True
2022-02-25,FTSE_100,^FTSE,Yahoo Finance,7489.5,0.0384492636843325,3.844926368433252,1.8523849080056023,-0.21989668731854406,21,-0.21550786151534762,46.0,0.7232511610556152,-0.0396102418432697,True
2022-02-28,FTSE_100,^FTSE,Yahoo Finance,7458.2998046875,-0.0041745596048256,-0.4174559604825693,2.258764824429236,-0.21508347541275263,58,-0.21989668731854406,21.0,1.8523849080056023,0.0384492636843325,True
2022-03-01,FTSE_100,^FTSE,Yahoo Finance,7330.2001953125,-0.0173246527209717,-1.732465272097179,1.9249158495345176,-0.14028807637377916,22,-0.21508347541275263,58.0,2.258764824429236,-0.0041745596048256,True
2022-03-02,FTSE_100,^FTSE,Yahoo Finance,7429.60009765625,0.0134692073230358,1.3469207323035888,1.8112062161649327,-0.05968503478045173,16,-0.14028807637377916,22.0,1.9249158495345176,-0.0173246527209717,True
2022-03-03,FTSE_100,^FTSE,Yahoo Finance,7238.89990234375,-0.0260027869614836,-2.600278696148365,1.6419487002295066,-0.1595275708301941,13,-0.05968503478045173,16.0,1.8112062161649327,0.0134692073230358,True
2022-03-04,FTSE_100,^FTSE,Yahoo Finance,6987.10009765625,-0.0354036419235872,-3.540364192358721,1.812188707256729,-0.18788742969554675,18,-0.1595275708301941,13.0,1.6419487002295066,-0.0260027869614836,True
2022-03-07,FTSE_100,^FTSE,Yahoo Finance,6959.5,-0.003957973053486,-0.395797305348608,2.183047522705237,-0.09749818068509226,46,-0.18788742969554675,18.0,1.812188707256729,-0.0354036419235872,True
2022-03-08,FTSE_100,^FTSE,Yahoo Finance,6964.10009765625,0.0006607627038059,0.0660762703805929,1.86221797972382,-0.275506330580189,24,-0.09749818068509226,46.0,2.183047522705237,-0.003957973053486,True
2022-03-09,FTSE_100,^FTSE,Yahoo Finance,7190.7001953125,0.0320201562076131,3.202015620761313,1.5897296050944438,-0.17954030193970616,17,-0.275506330580189,24.0,1.86221797972382,0.0006607627038059,True
2022-03-10,FTSE_100,^FTSE,Yahoo Finance,7099.10009765625,-0.0128205223915018,-1.2820522391501832,1.914261743058918,-0.13611588871665664,3,-0.17954030193970616,17.0,1.5897296050944438,0.0320201562076131,True
2022-03-11,FTSE_100,^FTSE,Yahoo Finance,7155.60009765625,0.0079272513772158,0.7927251377215804,1.7303802188440935,-0.19901727634393274,13,-0.13611588871665664,3.0,1.914261743058918,-0.0128205223915018,True
2022-03-14,FTSE_100,^FTSE,Yahoo Finance,7193.5,0.0052825599124994,0.5282559912499442,1.5147303590346792,-0.1772009885508244,29,-0.19901727634393274,13.0,1.7303802188440935,0.0079272513772158,True
2022-03-15,FTSE_100,^FTSE,Yahoo Finance,7175.7001953125,-0.00247749541382,-0.2477495413820058,1.3231693677072354,-0.0008331880213764449,14,-0.1772009885508244,29.0,1.5147303590346792,0.0052825599124994,True
2022-03-16,FTSE_100,^FTSE,Yahoo Finance,7291.7001953125,0.0160363966981518,1.6036396698151896,1.1626690312796557,-0.10048613661702464,7,-0.0008331880213764449,14.0,1.3231693677072354,-0.00247749541382,True
2022-03-17,FTSE_100,^FTSE,Yahoo Finance,7385.2998046875,0.0127547698170821,1.2754769817082137,1.2196092745317606,-0.10054822425947205,7,-0.10048613661702464,7.0,1.1626690312796557,0.0160363966981518,True
2022-03-18,FTSE_100,^FTSE,Yahoo Finance,7404.7001953125,0.0026234485127657,0.2623448512765781,1.1906065962748411,0.1192592640866194,10,-0.10054822425947205,7.0,1.2196092745317606,0.0127547698170821,True
2022-03-21,FTSE_100,^FTSE,Yahoo Finance,7442.39990234375,0.0050784042414741,0.5078404241474185,1.0533086551636082,-0.0016046323599490473,20,0.1192592640866194,10.0,1.1906065962748411,0.0026234485127657,True
2022-03-22,FTSE_100,^FTSE,Yahoo Finance,7476.7001953125,0.0045981799410428,0.4598179941042887,0.9612177576237302,-0.16783248021554034,8,-0.0016046323599490473,20.0,1.0533086551636082,0.0050784042414741,True
2022-03-23,FTSE_100,^FTSE,Yahoo Finance,7460.60009765625,-0.0021556912661918,-0.2155691266191807,0.8875228930124949,-0.02695355576277597,9,-0.16783248021554034,8.0,0.9612177576237302,0.0045981799410428,True
2022-03-24,FTSE_100,^FTSE,Yahoo Finance,7467.39990234375,0.0009110135527585,0.0911013552758514,0.8240356200129012,-0.14820494109289972,11,-0.02695355576277597,9.0,0.8875228930124949,-0.0021556912661918,True
2022-03-25,FTSE_100,^FTSE,Yahoo Finance,7483.39990234375,0.0021403545385097,0.2140354538509717,0.7676512533062103,0.006131851099847981,8,-0.14820494109289972,11.0,0.8240356200129012,0.0009110135527585,True
2022-03-28,FTSE_100,^FTSE,Yahoo Finance,7473.10009765625,-0.0013773016836416,-0.1377301683641683,0.7285788222332455,-0.024760756742274865,13,0.006131851099847981,8.0,0.7676512533062103,0.0021403545385097,True
2022-03-29,FTSE_100,^FTSE,Yahoo Finance,7537.2998046875,0.0085540823587119,0.8554082358711995,0.7026167918102567,-0.026454852450143028,7,-0.024760756742274865,13.0,0.7285788222332455,-0.0013773016836416,True
2022-03-30,FTSE_100,^FTSE,Yahoo Finance,7578.7998046875,0.0054908482133755,0.5490848213375551,0.7576176921418708,0.1177888088256303,4,-0.026454852450143028,7.0,0.7026167918102567,0.0085540823587119,True
2022-03-31,FTSE_100,^FTSE,Yahoo Finance,7515.7001953125,-0.0083606581116265,-0.8360658111626503,0.7475088157455129,-0.0565736254949679,8,0.1177888088256303,4.0,0.7576176921418708,0.0054908482133755,True
2022-04-01,FTSE_100,^FTSE,Yahoo Finance,7537.89990234375,0.0029494237897055,0.2949423789705589,0.8083625123804499,0.03616349010956871,5,-0.0565736254949679,8.0,0.7475088157455129,-0.0083606581116265,True
2022-04-04,FTSE_100,^FTSE,Yahoo Finance,7558.89990234375,0.0027820483567802,0.2782048356780275,0.7622262919942714,-0.1266160713199123,17,0.03616349010956871,5.0,0.8083625123804499,0.0029494237897055,True
2022-04-05,FTSE_100,^FTSE,Yahoo Finance,7613.7001953125,0.0072236176935723,0.7223617693572316,0.7275191819473709,-0.28871577739281357,6,-0.1266160713199123,17.0,0.7622262919942714,0.0027820483567802,True
2022-04-06,FTSE_100,^FTSE,Yahoo Finance,7587.7001953125,-0.0034207408113807,-0.3420740811380713,0.7507915058883201,-0.059272036176095874,9,-0.28871577739281357,6.0,0.7275191819473709,0.0072236176935723,True
2022-04-07,FTSE_100,^FTSE,Yahoo Finance,7551.7998046875,-0.0047426213435901,-0.4742621343590147,0.7343064065026675,-0.244809069357219,7,-0.059272036176095874,9.0,0.7507915058883201,-0.0034207408113807,True
2022-04-08,FTSE_100,^FTSE,Yahoo Finance,7669.60009765625,0.0154785559349194,1.5478555934919414,0.7382228079011967,-0.1079729345136489,4,-0.244809069357219,7.0,0.7343064065026675,-0.0047426213435901,True
2022-04-11,FTSE_100,^FTSE,Yahoo Finance,7618.2998046875,-0.0067112534550002,-0.6711253455000223,0.9466125787665896,-0.08463615915584717,7,-0.1079729345136489,4.0,0.7382228079011967,0.0154785559349194,True
2022-04-12,FTSE_100,^FTSE,Yahoo Finance,7576.7001953125,-0.0054754476217788,-0.5475447621778853,0.915802184716436,0.19956060405650033,3,-0.08463615915584717,7.0,0.9466125787665896,-0.0067112534550002,True
2022-04-13,FTSE_100,^FTSE,Yahoo Finance,7580.7998046875,0.0005409347814567,0.0540934781456737,0.8766240518884623,-0.41309261284585963,3,0.19956060405650033,3.0,0.915802184716436,-0.0054754476217788,True
2022-04-14,FTSE_100,^FTSE,Yahoo Finance,7616.39990234375,0.0046850950782216,0.4685095078221682,0.8070575220602758,-0.12976794154468022,8,-0.41309261284585963,3.0,0.8766240518884623,0.0005409347814567,True
2022-04-19,FTSE_100,^FTSE,Yahoo Finance,7601.2998046875,-0.0019845446950365,-0.1984544695036584,0.774286083854567,-0.13924688617172173,20,-0.12976794154468022,8.0,0.8070575220602758,0.0046850950782216,True
2022-04-20,FTSE_100,^FTSE,Yahoo Finance,7629.2001953125,0.0036637565193741,0.3663756519374178,0.7393006243671044,-0.21732510055940693,4,-0.13924688617172173,20.0,0.774286083854567,-0.0019845446950365,True
2022-04-21,FTSE_100,^FTSE,Yahoo Finance,7628.0,-0.0001573283826142,-0.0157328382614272,0.7166669120442627,0.134132386810749,4,-0.21732510055940693,4.0,0.7393006243671044,0.0036637565193741,True
2022-04-22,FTSE_100,^FTSE,Yahoo Finance,7521.7001953125,-0.0140334855286776,-1.4033485528677687,0.6894932173503391,-0.03596897455832715,2,0.134132386810749,4.0,0.7166669120442627,-0.0001573283826142,True
2022-04-25,FTSE_100,^FTSE,Yahoo Finance,7380.5,-0.0189508152145805,-1.8950815214580543,0.9166295178702903,-0.11089557001980342,12,-0.03596897455832715,2.0,0.6894932173503391,-0.0140334855286776,True
2022-04-26,FTSE_100,^FTSE,Yahoo Finance,7386.2001953125,0.0007720337679011,0.0772033767901133,1.1834782473107788,-0.43711791597306726,2,-0.11089557001980342,12.0,0.9166295178702903,-0.0189508152145805,True
2022-04-27,FTSE_100,^FTSE,Yahoo Finance,7425.60009765625,0.0053200818932529,0.5320081893252911,1.0443440159012305,-0.1513454790518428,9,-0.43711791597306726,2.0,1.1834782473107788,0.0007720337679011,True
2022-04-28,FTSE_100,^FTSE,Yahoo Finance,7509.2001953125,0.0111954588217627,1.1195458821762754,0.9564890555330438,-0.3556388389116101,8,-0.1513454790518428,9.0,1.0443440159012305,0.0053200818932529,True
2022-04-29,FTSE_100,^FTSE,Yahoo Finance,7544.60009765625,0.0047031270386019,0.4703127038601967,0.9774291384063072,-0.09841510106742624,7,-0.3556388389116101,8.0,0.9564890555330438,0.0111954588217627,True
2022-05-03,FTSE_100,^FTSE,Yahoo Finance,7561.2998046875,0.0022110187333952,0.2211018733395257,0.9005914977294296,-0.05512594799821595,16,-0.09841510106742624,7.0,0.9774291384063072,0.0047031270386019,True
2022-05-04,FTSE_100,^FTSE,Yahoo Finance,7493.5,-0.0090071291469144,-0.900712914691445,0.8278533142136016,0.07991131450995279,4,-0.05512594799821595,16.0,0.9005914977294296,0.0022110187333952,True
2022-05-05,FTSE_100,^FTSE,Yahoo Finance,7503.2998046875,0.0013069196375227,0.1306919637522715,0.8737169575734667,-0.2528491958934012,6,0.07991131450995279,4.0,0.8278533142136016,-0.0090071291469144,True
2022-05-06,FTSE_100,^FTSE,Yahoo Finance,7387.89990234375,-0.0154993841763653,-1.549938417636534,0.8053336823896081,-0.36273197996770107,2,-0.2528491958934012,6.0,0.8737169575734667,0.0013069196375227,True
2022-05-09,FTSE_100,^FTSE,Yahoo Finance,7216.60009765625,-0.0234595721694711,-2.3459572169471183,1.021187986125257,-0.1779426692614059,17,-0.36273197996770107,2.0,0.8053336823896081,-0.0154993841763653,True
2022-05-10,FTSE_100,^FTSE,Yahoo Finance,7243.2001953125,0.0036791832699032,0.3679183269903289,1.3784669768870887,-0.17419009561126586,2,-0.1779426692614059,17.0,1.021187986125257,-0.0234595721694711,True
2022-05-11,FTSE_100,^FTSE,Yahoo Finance,7347.7001953125,0.0143242410003234,1.432424100032349,1.206010199951131,-0.4298317944353801,4,-0.17419009561126586,2.0,1.3784669768870887,0.0036791832699032,True
2022-05-12,FTSE_100,^FTSE,Yahoo Finance,7233.2998046875,-0.0156920290939244,-1.5692029093924456,1.2117118571212553,-0.16659293877374795,3,-0.4298317944353801,4.0,1.206010199951131,0.0143242410003234,True
2022-05-13,FTSE_100,^FTSE,Yahoo Finance,7418.2001953125,0.025241129907003,2.524112990700308,1.274304830566077,0.02220695708612243,3,-0.16659293877374795,3.0,1.2117118571212553,-0.0156920290939244,True
2022-05-16,FTSE_100,^FTSE,Yahoo Finance,7464.7998046875,0.0062621462953043,0.6262146295304339,1.531725681024785,-0.251330046765018,7,0.02220695708612243,3.0,1.274304830566077,0.025241129907003,True
2022-05-17,FTSE_100,^FTSE,Yahoo Finance,7518.39990234375,0.0071547236042375,0.7154723604237525,1.3435083646717043,0.006073465932608028,3,-0.251330046765018,7.0,1.531725681024785,0.0062621462953043,True
2022-05-18,FTSE_100,^FTSE,Yahoo Finance,7438.10009765625,-0.010737883361431,-1.0737883361431049,1.2035818682617696,-0.02723657709270188,4,0.006073465932608028,3.0,1.3435083646717043,0.0071547236042375,True
2022-05-19,FTSE_100,^FTSE,Yahoo Finance,7302.7001953125,-0.0183712834851909,-1.8371283485190943,1.1662419271052686,-0.31046270505018253,3,-0.02723657709270188,4.0,1.2035818682617696,-0.010737883361431,True
2022-05-20,FTSE_100,^FTSE,Yahoo Finance,7390.0,0.0118835654292853,1.188356542928539,1.3119395113683534,-0.21080564427832585,5,-0.31046270505018253,3.0,1.1662419271052686,-0.0183712834851909,True
2022-05-23,FTSE_100,^FTSE,Yahoo Finance,7513.39990234375,0.0165603450608964,1.65603450608964,1.2421676096802892,-0.24584178966282255,9,-0.21080564427832585,5.0,1.3119395113683534,0.0118835654292853,True
2022-05-24,FTSE_100,^FTSE,Yahoo Finance,7484.39990234375,-0.0038672387310398,-0.3867238731039862,1.2845806925213494,-0.45637245916154684,3,-0.24584178966282255,9.0,1.2421676096802892,0.0165603450608964,True
2022-05-25,FTSE_100,^FTSE,Yahoo Finance,7522.7998046875,0.0051175418330788,0.5117541833078818,1.1407091468755417,-0.28219871871734564,5,-0.45637245916154684,3.0,1.2845806925213494,-0.0038672387310398,True
2022-05-26,FTSE_100,^FTSE,Yahoo Finance,7564.89990234375,0.0055807323501238,0.5580732350123832,1.0285105993287302,-0.051524065344387436,3,-0.28219871871734564,5.0,1.1407091468755417,0.0051175418330788,True
2022-05-27,FTSE_100,^FTSE,Yahoo Finance,7585.5,0.0027194147328406,0.271941473284061,0.9468977086269575,0.09231444424201206,2,-0.051524065344387436,3.0,1.0285105993287302,0.0055807323501238,True
2022-05-30,FTSE_100,^FTSE,Yahoo Finance,7600.10009765625,0.001922887743785,0.1922887743785026,0.8649556508156405,-0.08579851684587386,4,0.09231444424201206,2.0,0.9468977086269575,0.0027194147328406,True
2022-05-31,FTSE_100,^FTSE,Yahoo Finance,7607.7001953125,0.000999500012171,0.0999500012171073,0.8000837627289652,-0.0763182364818122,1,-0.08579851684587386,4.0,0.8649556508156405,0.001922887743785,True
2022-06-01,FTSE_100,^FTSE,Yahoo Finance,7533.0,-0.0098675491184086,-0.9867549118408684,0.7499014421397205,-0.6382987190969288,4,-0.0763182364818122,1.0,0.8000837627289652,0.000999500012171,True
2022-06-06,FTSE_100,^FTSE,Yahoo Finance,7608.2001953125,0.0099332698430907,0.9933269843090724,0.8423261547972987,-0.1776406543075361,7,-0.6382987190969288,4.0,0.7499014421397205,-0.0098675491184086,True
2022-06-07,FTSE_100,^FTSE,Yahoo Finance,7598.89990234375,-0.0012231515632224,-0.122315156322243,0.8758509248576716,-0.1208778410482792,4,-0.1776406543075361,7.0,0.8423261547972987,0.0099332698430907,True
2022-06-08,FTSE_100,^FTSE,Yahoo Finance,7593.0,-0.0007767168923291,-0.0776716892329148,0.8104203979524844,0.010171829759778947,3,-0.1208778410482792,4.0,0.8758509248576716,-0.0012231515632224,True
2022-06-09,FTSE_100,^FTSE,Yahoo Finance,7476.2001953125,-0.0155021025971044,-1.5502102597104417,0.7598816408229758,-0.053609024970700955,2,0.010171829759778947,3.0,0.8104203979524844,-0.0007767168923291,True
2022-06-10,FTSE_100,^FTSE,Yahoo Finance,7317.5,-0.0214559280500884,-2.1455928050088424,0.9967672314535148,-0.2677040086438486,2,-0.053609024970700955,2.0,0.7598816408229758,-0.0155021025971044,True
2022-06-13,FTSE_100,^FTSE,Yahoo Finance,7205.7998046875,-0.0153825093969753,-1.5382509396975397,1.3028302019890634,-0.2029862172284145,7,-0.2677040086438486,2.0,0.9967672314535148,-0.0214559280500884,True
2022-06-14,FTSE_100,^FTSE,Yahoo Finance,7187.5,-0.0025428240634596,-0.2542824063459646,1.3284719441512447,-0.17820939653951315,3,-0.2029862172284145,7.0,1.3028302019890634,-0.0153825093969753,True
2022-06-15,FTSE_100,^FTSE,Yahoo Finance,7273.39990234375,0.0118804380476886,1.1880438047688606,1.1671857914635868,-0.13332155299162965,4,-0.17820939653951315,3.0,1.3284719441512447,-0.0025428240634596,True
2022-06-16,FTSE_100,^FTSE,Yahoo Finance,7045.0,-0.0319056988205138,-3.1905698820513826,1.1373052702137465,-0.13090352442724484,4,-0.13332155299162965,4.0,1.1671857914635868,0.0118804380476886,True
2022-06-17,FTSE_100,^FTSE,Yahoo Finance,7016.2998046875,-0.0040821596248151,-0.4082159624815187,1.7162540063700356,-0.02835750441496763,5,-0.13090352442724484,4.0,1.1373052702137465,-0.0319056988205138,True
2022-06-20,FTSE_100,^FTSE,Yahoo Finance,7121.7998046875,0.0149244893114145,1.4924489311414535,1.484942304444652,-0.02676282897010163,3,-0.02835750441496763,5.0,1.7162540063700356,-0.0040821596248151,True
2022-06-21,FTSE_100,^FTSE,Yahoo Finance,7152.10009765625,0.0042455584933361,0.424555849333611,1.4214056258335093,,0,-0.02676282897010163,3.0,1.484942304444652,0.0149244893114145,True
2022-06-22,FTSE_100,^FTSE,Yahoo Finance,7089.2001953125,-0.0088335067810208,-0.8833506781020801,1.2429129001513668,-0.311216932287345,2,,0.0,1.4214056258335093,0.0042455584933361,False
2022-06-23,FTSE_100,^FTSE,Yahoo Finance,7020.5,-0.0097380861769982,-0.9738086176998278,1.163885339680131,,0,-0.311216932287345,2.0,1.2429129001513668,-0.0088335067810208,True
2022-06-24,FTSE_100,^FTSE,Yahoo Finance,7208.7998046875,0.0264680342725086,2.6468034272508687,1.1203453883770766,-0.1606637862595644,1,,0.0,1.163885339680131,-0.0097380861769982,False
2022-06-27,FTSE_100,^FTSE,Yahoo Finance,7258.2998046875,0.0068431398834906,0.6843139883490644,1.4840917971692469,-0.284455337212421,1,-0.1606637862595644,1.0,1.1203453883770766,0.0264680342725086,True
2022-06-28,FTSE_100,^FTSE,Yahoo Finance,7323.39990234375,0.0089290729463035,0.8929072946303582,1.3105955667263047,-0.2776018501368954,1,-0.284455337212421,1.0,1.4840917971692469,0.0068431398834906,True
2022-06-29,FTSE_100,^FTSE,Yahoo Finance,7312.2998046875,-0.0015168526284007,-0.1516852628400757,1.1981780135101938,0.10472892138820421,2,-0.2776018501368954,1.0,1.3105955667263047,0.0089290729463035,True
2022-06-30,FTSE_100,^FTSE,Yahoo Finance,7169.2998046875,-0.0197498414536151,-1.9749841453615176,1.0599642785419168,-0.2029560850926985,5,0.10472892138820421,2.0,1.1981780135101938,-0.0015168526284007,True
2022-07-01,FTSE_100,^FTSE,Yahoo Finance,7168.7001953125,-8.363919310213807e-05,-0.0083639193102138,1.2867357050291437,0.0139084514230489,1,-0.2029560850926985,5.0,1.0599642785419168,-0.0197498414536151,True
2022-07-04,FTSE_100,^FTSE,Yahoo Finance,7232.7001953125,0.0088880830455742,0.8888083045574208,1.1264425373674658,-0.4172944351099431,1,0.0139084514230489,1.0,1.2867357050291437,-8.363919310213807e-05,True
2022-07-05,FTSE_100,^FTSE,Yahoo Finance,7025.5,-0.029066050381061,-2.906605038106109,1.059488734591441,-0.0825527024201371,1,-0.4172944351099431,1.0,1.1264425373674658,0.0088880830455742,True
2022-07-06,FTSE_100,^FTSE,Yahoo Finance,7107.7998046875,0.0116463580435968,1.164635804359683,1.5826739348338372,-0.1588129400659133,1,-0.0825527024201371,1.0,1.059488734591441,-0.029066050381061,True
2022-07-07,FTSE_100,^FTSE,Yahoo Finance,7189.10009765625,0.0113732585215595,1.1373258521559584,1.44152437424226,0.0062080803094431425,2,-0.1588129400659133,1.0,1.5826739348338372,0.0116463580435968,True
2022-07-08,FTSE_100,^FTSE,Yahoo Finance,7196.2001953125,0.000987132432163,0.0987132432163005,1.330621071140725,-0.001679483819280699,3,0.0062080803094431425,2.0,1.44152437424226,0.0113732585215595,True
2022-07-11,FTSE_100,^FTSE,Yahoo Finance,7196.60009765625,5.556977595930116e-05,0.0055569775959301,1.1609969028773075,-0.2577740825712681,1,-0.001679483819280699,3.0,1.330621071140725,0.000987132432163,True
2022-07-12,FTSE_100,^FTSE,Yahoo Finance,7209.89990234375,0.0018463621928729,0.1846362192872938,1.0269609381838694,-0.2937161537951657,1,-0.2577740825712681,1.0,1.1609969028773075,5.556977595930116e-05,True
2022-07-13,FTSE_100,^FTSE,Yahoo Finance,7156.39990234375,-0.0074480204428808,-0.7448020442880892,0.9234670290535656,-0.047343206417916006,3,-0.2937161537951657,1.0,1.0269609381838694,0.0018463621928729,True
2022-07-14,FTSE_100,^FTSE,Yahoo Finance,7039.7998046875,-0.0164273146560736,-1.6427314656073695,0.9106871928188728,-0.0270901803548137,1,-0.047343206417916006,3.0,0.9234670290535656,-0.0074480204428808,True
2022-07-15,FTSE_100,^FTSE,Yahoo Finance,7159.0,0.0167905734825932,1.6790573482593278,1.1066113535805475,,0,-0.0270901803548137,1.0,0.9106871928188728,-0.0164273146560736,True
2022-07-18,FTSE_100,^FTSE,Yahoo Finance,7223.2001953125,0.0089277886366926,0.8927788636692614,1.2009628045779273,-0.016335913596936202,3,,0.0,1.1066113535805475,0.0167905734825932,False
2022-07-19,FTSE_100,^FTSE,Yahoo Finance,7296.2998046875,0.0100692485282981,1.0069248528298158,1.1154549719163152,,0,-0.016335913596936202,3.0,1.2009628045779273,0.0089277886366926,True
2022-07-20,FTSE_100,^FTSE,Yahoo Finance,7264.2998046875,-0.0043954304600025,-0.4395430460002537,1.0692740586576113,-0.13660629910388675,2,,0.0,1.1154549719163152,0.0100692485282981,False
2022-07-21,FTSE_100,^FTSE,Yahoo Finance,7270.5,0.0008531518523672,0.0853151852367202,0.9788859215049578,-0.20093863234958714,2,-0.13660629910388675,2.0,1.0692740586576113,-0.0043954304600025,True
2022-07-22,FTSE_100,^FTSE,Yahoo Finance,7276.39990234375,0.0008111560135639,0.081115601356392,0.8850177901243116,-0.23072005988215089,2,-0.20093863234958714,2.0,0.9788859215049578,0.0008531518523672,True
2022-07-25,FTSE_100,^FTSE,Yahoo Finance,7306.2998046875,0.004100741953736,0.4100741953736014,0.8134131216471917,-0.3905046092932699,2,-0.23072005988215089,2.0,0.8850177901243116,0.0008111560135639,True
2022-07-26,FTSE_100,^FTSE,Yahoo Finance,7306.2998046875,0.0,0.0,0.773769934535962,-0.14121634706967048,5,-0.3905046092932699,2.0,0.8134131216471917,0.004100741953736,True
2022-07-27,FTSE_100,^FTSE,Yahoo Finance,7348.2001953125,0.0057184489140946,0.5718448914094675,0.7308403983530902,-0.47706059503126075,4,-0.14121634706967048,5.0,0.773769934535962,0.0,True
2022-07-28,FTSE_100,^FTSE,Yahoo Finance,7345.2998046875,-0.0003947855395474,-0.0394785539547436,0.7315558668218382,0.06592482536270995,3,-0.47706059503126075,4.0,0.7308403983530902,0.0057184489140946,True
2022-07-29,FTSE_100,^FTSE,Yahoo Finance,7423.39990234375,0.0105765337839114,1.0576533783911497,0.7008482855883431,-0.1661603275531282,2,0.06592482536270995,3.0,0.7315558668218382,-0.0003947855395474,True
2022-08-01,FTSE_100,^FTSE,Yahoo Finance,7413.39990234375,-0.0013479997905064,-0.1347999790506474,0.7986714351877409,-0.059371867643218834,3,-0.1661603275531282,2.0,0.7008482855883431,0.0105765337839114,True
2022-08-02,FTSE_100,^FTSE,Yahoo Finance,7409.10009765625,-0.0005801726845146,-0.0580172684514698,0.7535571576522677,-0.03120437584168805,2,-0.059371867643218834,3.0,0.7986714351877409,-0.0013479997905064,True
2022-08-03,FTSE_100,^FTSE,Yahoo Finance,7445.7001953125,0.0049277231596617,0.4927723159661764,0.7174012361346234,-0.639543115956864,2,-0.03120437584168805,2.0,0.7535571576522677,-0.0005801726845146,True
2022-08-04,FTSE_100,^FTSE,Yahoo Finance,7448.10009765625,0.0003222686375958,0.0322268637595846,0.7128847319218339,-0.20052780284701535,2,-0.639543115956864,2.0,0.7174012361346234,0.0049277231596617,True
2022-08-05,FTSE_100,^FTSE,Yahoo Finance,7439.7001953125,-0.0011284277152819,-0.1128427715281958,0.6860380329470886,,0,-0.20052780284701535,2.0,0.7128847319218339,0.0003222686375958,True
2022-08-08,FTSE_100,^FTSE,Yahoo Finance,7482.39990234375,0.0057230313826267,0.5723031382626796,0.6709122091358322,0.1817511659381645,2,,0.0,0.6860380329470886,-0.0011284277152819,False
2022-08-09,FTSE_100,^FTSE,Yahoo Finance,7488.2001953125,0.0007748912162703,0.0774891216270365,0.6905650922178904,-0.0642515233582041,2,0.1817511659381645,2.0,0.6709122091358322,0.0057230313826267,True
2022-08-10,FTSE_100,^FTSE,Yahoo Finance,7507.10009765625,0.0025207781081405,0.252077810814056,0.6698567776528873,,0,-0.0642515233582041,2.0,0.6905650922178904,0.0007748912162703,True
2022-08-11,FTSE_100,^FTSE,Yahoo Finance,7465.89990234375,-0.0055032791418089,-0.550327914180897,0.6598904549926722,-0.02881571271801056,5,,0.0,0.6698567776528873,0.0025207781081405,False
2022-08-12,FTSE_100,^FTSE,Yahoo Finance,7500.89990234375,0.0046770270542242,0.4677027054224202,0.6991882240219148,-0.11644449551767178,3,-0.02881571271801056,5.0,0.6598904549926722,-0.0055032791418089,True
2022-08-15,FTSE_100,^FTSE,Yahoo Finance,7509.2001953125,0.0011059611542613,0.1105961154261398,0.6974867866220882,-0.2598653398620496,4,-0.11644449551767178,3.0,0.6991882240219148,0.0046770270542242,True
2022-08-16,FTSE_100,^FTSE,Yahoo Finance,7536.10009765625,0.0035758583057157,0.3575858305715734,0.6750791146846005,-0.1901971997208428,2,-0.2598653398620496,4.0,0.6974867866220882,0.0011059611542613,True
2022-08-17,FTSE_100,^FTSE,Yahoo Finance,7515.7998046875,-0.002697374472181,-0.2697374472181084,0.6704758179656176,,0,-0.1901971997208428,2.0,0.6750791146846005,0.0035758583057157,True
2022-08-18,FTSE_100,^FTSE,Yahoo Finance,7541.89990234375,0.0034666814059313,0.3466681405931355,0.6708984102129169,-0.2888137817231787,1,,0.0,0.6704758179656176,-0.002697374472181,False
2022-08-19,FTSE_100,^FTSE,Yahoo Finance,7550.39990234375,0.0011264023387715,0.1126402338771502,0.666698725596218,-0.1252694276567452,1,-0.2888137817231787,1.0,0.6708984102129169,0.0034666814059313,True
2022-08-22,FTSE_100,^FTSE,Yahoo Finance,7533.7998046875,-0.0022009923867456,-0.2200992386745672,0.6531295769218611,-0.1772777273416005,1,-0.1252694276567452,1.0,0.666698725596218,0.0011264023387715,True
2022-08-23,FTSE_100,^FTSE,Yahoo Finance,7488.10009765625,-0.0060844298408246,-0.6084429840824637,0.654633074206022,0.06046983065749063,3,-0.1772777273416005,1.0,0.6531295769218611,-0.0022009923867456,True
2022-08-24,FTSE_100,^FTSE,Yahoo Finance,7471.5,-0.0022193246291875,-0.2219324629187529,0.7054777072017793,0.000276403215069,1,0.06046983065749063,3.0,0.654633074206022,-0.0060844298408246,True
2022-08-25,FTSE_100,^FTSE,Yahoo Finance,7479.7001953125,0.0010969281432418,0.1096928143241855,0.6914913352345122,,0,0.000276403215069,1.0,0.7054777072017793,-0.0022193246291875,True
2022-08-26,FTSE_100,^FTSE,Yahoo Finance,7427.2998046875,-0.0070303356076518,-0.7030335607651894,0.67076812190758,-0.04482848005912579,4,,0.0,0.6914913352345122,0.0010969281432418,False
2022-08-30,FTSE_100,^FTSE,Yahoo Finance,7361.60009765625,-0.0088850610502054,-0.8885061050205457,0.7330663021653095,-0.04171512057352299,10,-0.04482848005912579,4.0,0.67076812190758,-0.0070303356076518,True
2022-08-31,FTSE_100,^FTSE,Yahoo Finance,7284.2001953125,-0.0105696679421453,-1.0569667942145395,0.8101208891630506,-0.5036683002797266,3,-0.04171512057352299,10.0,0.7330663021653095,-0.0088850610502054,True
2022-09-01,FTSE_100,^FTSE,Yahoo Finance,7148.5,-0.0188051012554682,-1.8805101255468228,0.8958704440069505,,0,-0.5036683002797266,3.0,0.8101208891630506,-0.0105696679421453,True
2022-09-02,FTSE_100,^FTSE,Yahoo Finance,7281.2001953125,0.0183931661267429,1.8393166126742997,1.167952682908499,,0,,0.0,0.8958704440069505,-0.0188051012554682,False
2022-09-05,FTSE_100,^FTSE,Yahoo Finance,7287.39990234375,0.0008511054410083,0.0851105441008365,1.279879961635097,-0.3695983795940669,6,,0.0,1.167952682908499,0.0183931661267429,False
2022-09-06,FTSE_100,^FTSE,Yahoo Finance,7300.39990234375,0.0017823117420596,0.178231174205963,1.1205935004477356,0.2249514636406231,1,-0.3695983795940669,6.0,1.279879961635097,0.0008511054410083,True
2022-09-07,FTSE_100,^FTSE,Yahoo Finance,7237.7998046875,-0.0086118619647017,-0.8611861964701755,0.9961227035496282,-0.2912640021432913,2,0.2249514636406231,1.0,1.1205935004477356,0.0017823117420596,True
2022-09-08,FTSE_100,^FTSE,Yahoo Finance,7262.10009765625,0.0033517908237364,0.3351790823736486,0.9813554478956792,-0.6249889369122684,1,-0.2912640021432913,2.0,0.9961227035496282,-0.0086118619647017,True
2022-09-09,FTSE_100,^FTSE,Yahoo Finance,7351.10009765625,0.0121809185194195,1.2180918519419546,0.8943199919708659,-0.1110727451741695,1,-0.6249889369122684,1.0,0.9813554478956792,0.0033517908237364,True
2022-09-12,FTSE_100,^FTSE,Yahoo Finance,7473.0,0.0164465497728059,1.6446549772805965,0.9565526221733114,0.16352461092174056,2,-0.1110727451741695,1.0,0.8943199919708659,0.0121809185194195,True
2022-09-13,FTSE_100,^FTSE,Yahoo Finance,7385.89990234375,-0.0117237609595004,-1.1723760959500429,1.0987109432319522,0.0270293445818469,2,0.16352461092174056,2.0,0.9565526221733114,0.0164465497728059,True
2022-09-14,FTSE_100,^FTSE,Yahoo Finance,7277.2998046875,-0.0148128765322023,-1.4812876532202337,1.111295329635391,-0.1588246431783773,2,0.0270293445818469,2.0,1.0987109432319522,-0.0117237609595004,True
2022-09-15,FTSE_100,^FTSE,Yahoo Finance,7282.10009765625,0.0006594081040271,0.0659408104027114,1.1877895944643502,-0.12772876485234194,2,-0.1588246431783773,2.0,1.111295329635391,-0.0148128765322023,True
2022-09-16,FTSE_100,^FTSE,Yahoo Finance,7236.7001953125,-0.006253967187558,-0.6253967187558085,1.0477276303363805,-0.08802393033208016,4,-0.12772876485234194,2.0,1.1877895944643502,0.0006594081040271,True
2022-09-20,FTSE_100,^FTSE,Yahoo Finance,7192.7001953125,-0.0060986784185512,-0.6098678418551248,0.9833398213965348,-0.08273221821965791,5,-0.08802393033208016,4.0,1.0477276303363805,-0.006253967187558,True
2022-09-21,FTSE_100,^FTSE,Yahoo Finance,7237.60009765625,0.0062230232679318,0.6223023267931892,0.9339245447185724,-0.1756829337421406,5,-0.08273221821965791,5.0,0.9833398213965348,-0.0060986784185512,True
2022-09-22,FTSE_100,^FTSE,Yahoo Finance,7159.5,-0.0108495270903759,-1.084952709037598,0.8831159175519128,-0.32691574374429155,5,-0.1756829337421406,5.0,0.9339245447185724,0.0062230232679318,True
2022-09-23,FTSE_100,^FTSE,Yahoo Finance,7018.60009765625,-0.0198763642685593,-1.9876364268559377,0.948710939865414,-0.2034952812810604,6,-0.32691574374429155,5.0,0.8831159175519128,-0.0108495270903759,True
2022-09-26,FTSE_100,^FTSE,Yahoo Finance,7021.0,0.0003418761717472,0.0341876171747293,1.2287449910518002,-0.2788951140969029,6,-0.2034952812810604,6.0,0.948710939865414,-0.0198763642685593,True
2022-09-27,FTSE_100,^FTSE,Yahoo Finance,6984.60009765625,-0.0051979185533461,-0.5197918553346126,1.080133067231863,-0.11412913453757048,4,-0.2788951140969029,6.0,1.2287449910518002,0.0003418761717472,True
2022-09-28,FTSE_100,^FTSE,Yahoo Finance,7005.39990234375,0.0029735268067543,0.2973526806754343,0.9951664369183136,-0.1116752853817565,2,-0.11412913453757048,4.0,1.080133067231863,-0.0051979185533461,True
2022-09-29,FTSE_100,^FTSE,Yahoo Finance,6881.60009765625,-0.0178300690502631,-1.7830069050263162,0.9029520204916096,-0.09047958839834591,3,-0.1116752853817565,2.0,0.9951664369183136,0.0029735268067543,True
2022-09-30,FTSE_100,^FTSE,Yahoo Finance,6893.7998046875,0.0017712313700083,0.1771231370008385,1.1426440562345694,,0,-0.09047958839834591,3.0,0.9029520204916096,-0.0178300690502631,True
2022-10-03,FTSE_100,^FTSE,Yahoo Finance,6908.7998046875,0.0021735044599805,0.2173504459980517,1.013359118321477,-0.4245247279638092,4,,0.0,1.1426440562345694,0.0017712313700083,False
2022-10-04,FTSE_100,^FTSE,Yahoo Finance,7086.5,0.0253956325565769,2.539563255657696,0.9138499152645728,,0,-0.4245247279638092,4.0,1.013359118321477,0.0021735044599805,True
2022-10-05,FTSE_100,^FTSE,Yahoo Finance,7052.60009765625,-0.0047952086154732,-0.4795208615473277,1.346080395021994,-0.2498275022953748,1,,0.0,0.9138499152645728,0.0253956325565769,False
2022-10-06,FTSE_100,^FTSE,Yahoo Finance,6997.2998046875,-0.0078720245591919,-0.7872024559191954,1.196028352435328,-0.1787966356720202,1,-0.2498275022953748,1.0,1.346080395021994,-0.0047952086154732,True
2022-10-07,FTSE_100,^FTSE,Yahoo Finance,6991.10009765625,-0.0008864069486811,-0.0886406948681199,1.1151882696519602,-0.4494382208862685,4,-0.1787966356720202,1.0,1.196028352435328,-0.0078720245591919,True
2022-10-10,FTSE_100,^FTSE,Yahoo Finance,6959.2998046875,-0.0045590589907313,-0.455905899073131,0.9928997007093848,-0.21184135145147764,6,-0.4494382208862685,4.0,1.1151882696519602,-0.0008864069486811,True
2022-10-11,FTSE_100,^FTSE,Yahoo Finance,6885.2001953125,-0.0107046577285272,-1.0704657728527265,0.9229417585988215,-0.2229175156250777,4,-0.21184135145147764,6.0,0.9928997007093848,-0.0045590589907313,True
2022-10-12,FTSE_100,^FTSE,Yahoo Finance,6826.2001953125,-0.0086060303784442,-0.860603037844421,0.971602157647146,-0.26128971577048876,2,-0.2229175156250777,4.0,0.9229417585988215,-0.0107046577285272,True
2022-10-13,FTSE_100,^FTSE,Yahoo Finance,6850.2998046875,0.0035242400202724,0.3524240020272473,0.9640182065668615,-0.2454046724985043,1,-0.26128971577048876,2.0,0.971602157647146,-0.0086060303784442,True
2022-10-14,FTSE_100,^FTSE,Yahoo Finance,6858.7998046875,0.0012400524223214,0.1240052422321402,0.882110059146327,-0.177187927504484,3,-0.2454046724985043,1.0,0.9640182065668615,0.0035242400202724,True
2022-10-17,FTSE_100,^FTSE,Yahoo Finance,6920.2001953125,0.0089122283232011,0.8912228323201109,0.8115740693058907,-0.12661095706021136,7,-0.177187927504484,3.0,0.882110059146327,0.0012400524223214,True
2022-10-18,FTSE_100,^FTSE,Yahoo Finance,6936.7001953125,0.0023814860947462,0.2381486094746251,0.8361654216619115,,0,-0.12661095706021136,7.0,0.8115740693058907,0.0089122283232011,True
2022-10-19,FTSE_100,^FTSE,Yahoo Finance,6925.0,-0.0016881331909128,-0.1688133190912883,0.780129570440113,-0.5315480428239838,1,,0.0,0.8361654216619115,0.0023814860947462,False
2022-10-20,FTSE_100,^FTSE,Yahoo Finance,6943.89990234375,0.0027255101956909,0.2725510195690999,0.741749437344198,-0.0502232973729925,1,-0.5315480428239838,1.0,0.780129570440113,-0.0016881331909128,True
2022-10-21,FTSE_100,^FTSE,Yahoo Finance,6969.7001953125,0.0037086479932215,0.3708647993221564,0.7123550717814505,-0.06382070295293026,2,-0.0502232973729925,1.0,0.741749437344198,0.0027255101956909,True
2022-10-24,FTSE_100,^FTSE,Yahoo Finance,7014.0,0.0063359414556718,0.6335941455671863,0.6977994123927814,-0.4030954113083922,3,-0.06382070295293026,2.0,0.7123550717814505,0.0037086479932215,True
2022-10-25,FTSE_100,^FTSE,Yahoo Finance,7013.5,-7.128854039735269e-05,-0.0071288540397352,0.7172524712436849,,0,-0.4030954113083922,3.0,0.6977994123927814,0.0063359414556718,True
2022-10-26,FTSE_100,^FTSE,Yahoo Finance,7056.10009765625,0.0060556416020507,0.6055641602050739,0.6897421388578231,0.043539879587478895,2,,0.0,0.7172524712436849,-7.128854039735269e-05,False
2022-10-27,FTSE_100,^FTSE,Yahoo Finance,7073.7001953125,0.0024912038944149,0.2491203894414933,0.7078317533566567,0.054513176211425964,3,0.043539879587478895,2.0,0.6897421388578231,0.0060556416020507,True
2022-10-28,FTSE_100,^FTSE,Yahoo Finance,7047.7001953125,-0.0036823584999039,-0.3682358499903915,0.6867413785278887,-0.5938259602213899,1,0.054513176211425964,3.0,0.7078317533566567,0.0024912038944149,True
2022-10-31,FTSE_100,^FTSE,Yahoo Finance,7094.5,0.0066184857910802,0.6618485791080257,0.6922595433752736,-0.2952263811603188,1,-0.5938259602213899,1.0,0.6867413785278887,-0.0036823584999039,True
2022-11-01,FTSE_100,^FTSE,Yahoo Finance,7186.2001953125,0.0128427114129764,1.2842711412976455,0.7176978792814869,,0,-0.2952263811603188,1.0,0.6922595433752736,0.0066184857910802,True
2022-11-02,FTSE_100,^FTSE,Yahoo Finance,7144.10009765625,-0.0058756924721226,-0.5875692472122632,0.8635389043240664,,0,,0.0,0.7176978792814869,0.0128427114129764,False
2022-11-03,FTSE_100,^FTSE,Yahoo Finance,7188.60009765625,0.0062095965705637,0.6209596570563766,0.8444310862484141,-0.2125110142144628,2,,0.0,0.8635389043240664,-0.0058756924721226,False
2022-11-04,FTSE_100,^FTSE,Yahoo Finance,7334.7998046875,0.0201336665880262,2.0133666588026222,0.8179368534409189,0.008575298502627348,2,-0.2125110142144628,2.0,0.8444310862484141,0.0062095965705637,True
2022-11-07,FTSE_100,^FTSE,Yahoo Finance,7300.0,-0.0047557699103295,-0.4755769910329587,1.1282534490403675,-0.1139497690152485,3,0.008575298502627348,2.0,0.8179368534409189,0.0201336665880262,True
2022-11-08,FTSE_100,^FTSE,Yahoo Finance,7306.10009765625,0.0008352808717086,0.0835280871708631,1.0272031195134816,-0.0965008812846016,1,-0.1139497690152485,3.0,1.1282534490403675,-0.0047557699103295,True
2022-11-09,FTSE_100,^FTSE,Yahoo Finance,7296.2998046875,-0.0013422854470153,-0.1342285447015301,0.922281912997997,-0.0739920997293459,3,-0.0965008812846016,1.0,1.0272031195134816,0.0008352808717086,True
2022-11-10,FTSE_100,^FTSE,Yahoo Finance,7375.2998046875,0.0107692093036464,1.0769209303646403,0.8459554907732346,,0,-0.0739920997293459,3.0,0.922281912997997,-0.0013422854470153,True
2022-11-11,FTSE_100,^FTSE,Yahoo Finance,7318.0,-0.0077994862856701,-0.7799486285670117,0.8949222116426878,-0.32110587428517956,2,,0.0,0.8459554907732346,0.0107692093036464,False
2022-11-14,FTSE_100,^FTSE,Yahoo Finance,7385.2001953125,0.0091409573889097,0.9140957388909712,0.8965870916190214,,0,-0.32110587428517956,2.0,0.8949222116426878,-0.0077994862856701,True
2022-11-15,FTSE_100,^FTSE,Yahoo Finance,7369.39990234375,-0.0021417454765199,-0.2141745476519995,0.8983662022258493,-0.5170064245661099,1,,0.0,0.8965870916190214,0.0091409573889097,False
2022-11-16,FTSE_100,^FTSE,Yahoo Finance,7351.2001953125,-0.0024726867360753,-0.2472686736075388,0.8320757423374409,-0.17393951738874122,2,-0.5170064245661099,1.0,0.8983662022258493,-0.0021417454765199,True
2022-11-17,FTSE_100,^FTSE,Yahoo Finance,7346.5,-0.0006395824394653,-0.0639582439465382,0.7849824345680455,-0.5581098413306542,1,-0.17393951738874122,2.0,0.8320757423374409,-0.0024726867360753,True
2022-11-18,FTSE_100,^FTSE,Yahoo Finance,7385.5,0.0052946091646534,0.529460916465347,0.7406331074187947,,0,-0.5581098413306542,1.0,0.7849824345680455,-0.0006395824394653,True
2022-11-21,FTSE_100,^FTSE,Yahoo Finance,7376.89990234375,-0.0011651355722724,-0.1165135572272401,0.733279599270392,-0.3505631578348887,2,,0.0,0.7406331074187947,0.0052946091646534,False
2022-11-22,FTSE_100,^FTSE,Yahoo Finance,7452.7998046875,0.0102362915750458,1.0236291575045855,0.7049539976401367,-0.2084647560198056,1,-0.3505631578348887,2.0,0.733279599270392,-0.0011651355722724,True
2022-11-23,FTSE_100,^FTSE,Yahoo Finance,7465.2001953125,0.0016624739886092,0.1662473988609248,0.7936035507727536,-0.8240314722061157,1,-0.2084647560198056,1.0,0.7049539976401367,0.0102362915750458,True
2022-11-24,FTSE_100,^FTSE,Yahoo Finance,7466.60009765625,0.0001875061707744,0.0187506170774439,0.7461986743113035,-0.0870342141899623,2,-0.8240314722061157,1.0,0.7936035507727536,0.0016624739886092,True
2022-11-25,FTSE_100,^FTSE,Yahoo Finance,7486.7001953125,0.0026883844192806,0.2688384419280663,0.7103681842247349,-0.009959087613452633,3,-0.0870342141899623,2.0,0.7461986743113035,0.0001875061707744,True
2022-11-28,FTSE_100,^FTSE,Yahoo Finance,7474.0,-0.0016978080166631,-0.1697808016663186,0.6895680090815415,-0.0149482434083308,1,-0.009959087613452633,3.0,0.7103681842247349,0.0026883844192806,True
2022-11-29,FTSE_100,^FTSE,Yahoo Finance,7512.0,0.0050714108426695,0.507141084266954,0.6765937941024507,-0.599914163351059,1,-0.0149482434083308,1.0,0.6895680090815415,-0.0016978080166631,True
2022-11-30,FTSE_100,^FTSE,Yahoo Finance,7573.10009765625,0.0081007658402392,0.8100765840239211,0.6862552107730846,-0.1715677729652573,1,-0.599914163351059,1.0,0.6765937941024507,0.0050714108426695,True
2022-12-01,FTSE_100,^FTSE,Yahoo Finance,7558.5,-0.0019297499395756,-0.1929749939575614,0.7385985907615069,0.0047997196520848,2,-0.1715677729652573,1.0,0.6862552107730846,0.0081007658402392,True
2022-12-02,FTSE_100,^FTSE,Yahoo Finance,7556.2001953125,-0.0003043136384486,-0.0304313638448687,0.7131087812272872,-0.1260758762394911,1,0.0047997196520848,2.0,0.7385985907615069,-0.0019297499395756,True
2022-12-05,FTSE_100,^FTSE,Yahoo Finance,7567.5,0.0014943177455598,0.1494317745559814,0.6872686134315034,-0.2812862263992428,1,-0.1260758762394911,1.0,0.7131087812272872,-0.0003043136384486,True
2022-12-06,FTSE_100,^FTSE,Yahoo Finance,7521.39990234375,-0.0061104840505321,-0.6110484050532146,0.6684415155389166,,0,-0.2812862263992428,1.0,0.6872686134315034,0.0014943177455598,True
2022-12-07,FTSE_100,^FTSE,Yahoo Finance,7489.2001953125,-0.0042902690381235,-0.4290269038123542,0.7148673440173413,-0.18312670203029288,2,,0.0,0.6684415155389166,-0.0061104840505321,False
2022-12-08,FTSE_100,^FTSE,Yahoo Finance,7472.2001953125,-0.0022725155229161,-0.2272515522916123,0.7189467588959115,-0.0679690217366442,1,-0.18312670203029288,2.0,0.7148673440173413,-0.0042902690381235,True
2022-12-09,FTSE_100,^FTSE,Yahoo Finance,7476.60009765625,0.0005886629541603,0.0588662954160335,0.7014659113873992,0.1341947870329022,1,-0.0679690217366442,1.0,0.7189467588959115,-0.0022725155229161,True
2022-12-12,FTSE_100,^FTSE,Yahoo Finance,7446.0,-0.0041011808058,-0.4101180805800062,0.6776677392199126,-0.2932281353595582,1,0.1341947870329022,1.0,0.7014659113873992,0.0005886629541603,True
2022-12-13,FTSE_100,^FTSE,Yahoo Finance,7502.89990234375,0.0076126240063147,0.7612624006314793,0.6910484779578292,-0.1687534099384661,1,-0.2932281353595582,1.0,0.6776677392199126,-0.0041011808058,True
2022-12-14,FTSE_100,^FTSE,Yahoo Finance,7495.89990234375,-0.0009334080858979,-0.0933408085897905,0.7330174330265055,-0.0043200579253517,2,-0.1687534099384661,1.0,0.6910484779578292,0.0076126240063147,True
2022-12-15,FTSE_100,^FTSE,Yahoo Finance,7426.2001953125,-0.0093418772785846,-0.934187727858461,0.7037452989508043,,0,-0.0043200579253517,2.0,0.7330174330265055,-0.0009334080858979,True
2022-12-16,FTSE_100,^FTSE,Yahoo Finance,7332.10009765625,-0.0127523320454797,-1.2752332045479722,0.8020340430410434,,0,,0.0,0.7037452989508043,-0.0093418772785846,False
2022-12-19,FTSE_100,^FTSE,Yahoo Finance,7361.2998046875,0.0039745389990326,0.3974538999032613,0.9441178271648388,-0.6541438986314461,2,,0.0,0.8020340430410434,-0.0127523320454797,False
2022-12-20,FTSE_100,^FTSE,Yahoo Finance,7370.60009765625,0.0012626062172462,0.1262606217246245,0.8699457121248144,-0.14718344538880349,5,-0.6541438986314461,2.0,0.9441178271648388,0.0039745389990326,True
2022-12-21,FTSE_100,^FTSE,Yahoo Finance,7497.2998046875,0.0170438024125066,1.70438024125066,0.8024279187427805,0.1860327862086706,1,-0.14718344538880349,5.0,0.8699457121248144,0.0012626062172462,True
2022-12-22,FTSE_100,^FTSE,Yahoo Finance,7469.2998046875,-0.0037416692365214,-0.374166923652146,1.026524208061831,,0,0.1860327862086706,1.0,0.8024279187427805,0.0170438024125066,True
2022-12-23,FTSE_100,^FTSE,Yahoo Finance,7473.0,0.0004952645090113,0.0495264509011354,0.9405949178061755,-0.3249551742027203,1,,0.0,1.026524208061831,-0.0037416692365214,False
2022-12-28,FTSE_100,^FTSE,Yahoo Finance,7497.2001953125,0.003233118605932,0.3233118605932023,0.8556580740883096,-0.17494354811707713,5,-0.3249551742027203,1.0,0.9405949178061755,0.0004952645090113,True
2022-12-29,FTSE_100,^FTSE,Yahoo Finance,7512.7001953125,0.0020653042466905,0.2065304246690581,0.7988741942867232,-0.1108297497942176,6,-0.17494354811707713,5.0,0.8556580740883096,0.003233118605932,True
2022-12-30,FTSE_100,^FTSE,Yahoo Finance,7451.7001953125,-0.008152727310286,-0.8152727310286068,0.7512800048999918,,0,-0.1108297497942176,6.0,0.7988741942867232,0.0020653042466905,True
2023-01-03,FTSE_100,^FTSE,Yahoo Finance,7554.10009765625,0.0136482546593284,1.3648254659328405,0.8066191553209561,-0.21132732371833637,6,,0.0,0.7512800048999918,-0.008152727310286,False
2023-01-04,FTSE_100,^FTSE,Yahoo Finance,7585.2001953125,0.0041085308834543,0.4108530883454376,0.936387471931512,-0.0401614912992005,2,-0.21132732371833637,6.0,0.8066191553209561,0.0136482546593284,True
2023-01-05,FTSE_100,^FTSE,Yahoo Finance,7633.5,0.0063474496815877,0.6347449681587779,0.8650758068039904,-0.11650405625502265,2,-0.0401614912992005,2.0,0.936387471931512,0.0041085308834543,True
2023-01-06,FTSE_100,^FTSE,Yahoo Finance,7699.5,0.0086089359714704,0.8608935971470435,0.8344878723445129,-0.3195598700549453,2,-0.11650405625502265,2.0,0.8650758068039904,0.0063474496815877,True
2023-01-09,FTSE_100,^FTSE,Yahoo Finance,7724.89990234375,0.0032934733881234,0.3293473388123449,0.8464234226881366,-0.11185506210428874,3,-0.3195598700549453,2.0,0.8344878723445129,0.0086089359714704,True
2023-01-10,FTSE_100,^FTSE,Yahoo Finance,7694.5,-0.0039430771526844,-0.3943077152684498,0.79237008366454,0.1249183421605266,1,-0.11185506210428874,3.0,0.8464234226881366,0.0032934733881234,True
2023-01-11,FTSE_100,^FTSE,Yahoo Finance,7725.0,0.0039560348620397,0.3956034862039758,0.7694392381768146,,0,0.1249183421605266,1.0,0.79237008366454,-0.0039430771526844,True
2023-01-12,FTSE_100,^FTSE,Yahoo Finance,7794.0,0.0088923841327082,0.8892384132708289,0.7406555865030013,-0.0196424699194418,1,,0.0,0.7694392381768146,0.0039560348620397,False
2023-01-13,FTSE_100,^FTSE,Yahoo Finance,7844.10009765625,0.0064074623836176,0.6407462383617648,0.7887179874312018,0.0967911008745432,1,-0.0196424699194418,1.0,0.7406555865030013,0.0088923841327082,True
2023-01-16,FTSE_100,^FTSE,Yahoo Finance,7860.10009765625,0.0020376721306595,0.2037672130659569,0.7809373339668957,0.01239282023161645,2,0.0967911008745432,1.0,0.7887179874312018,0.0064074623836176,True
2023-01-17,FTSE_100,^FTSE,Yahoo Finance,7851.0,-0.0011584292146761,-0.1158429214676122,0.7379623409326674,-0.0066626914937434,1,0.01239282023161645,2.0,0.7809373339668957,0.0020376721306595,True
2023-01-18,FTSE_100,^FTSE,Yahoo Finance,7830.7001953125,-0.0025889815228585,-0.2588981522858519,0.7083103997337097,,0,-0.0066626914937434,1.0,0.7379623409326674,-0.0011584292146761,True
2023-01-19,FTSE_100,^FTSE,Yahoo Finance,7747.2998046875,-0.0107075603360579,-1.0707560336057926,0.6964600229958783,0.3440751214669544,1,,0.0,0.7083103997337097,-0.0025889815228585,False
2023-01-20,FTSE_100,^FTSE,Yahoo Finance,7770.60009765625,0.0030030236856589,0.3003023685658996,0.8302107264601196,-0.0107642111834138,1,0.3440751214669544,1.0,0.6964600229958783,-0.0107075603360579,True
2023-01-23,FTSE_100,^FTSE,Yahoo Finance,7784.7001953125,0.0018128999443891,0.1812899944389133,0.7786662993311049,-0.27582006256461633,6,-0.0107642111834138,1.0,0.8302107264601196,0.0030030236856589,True
2023-01-24,FTSE_100,^FTSE,Yahoo Finance,7757.39990234375,-0.0035130800696105,-0.3513080069610596,0.7355852300033227,,0,-0.27582006256461633,6.0,0.7786662993311049,0.0018128999443891,True
2023-01-25,FTSE_100,^FTSE,Yahoo Finance,7744.89990234375,-0.0016126642971088,-0.161266429710882,0.7244882963560806,,0,,0.0,0.7355852300033227,-0.0035130800696105,False
2023-01-26,FTSE_100,^FTSE,Yahoo Finance,7761.10009765625,0.0020895396887537,0.2089539688753724,0.7009847928107064,0.2345510194078088,1,,0.0,0.7244882963560806,-0.0016126642971088,False
2023-01-27,FTSE_100,^FTSE,Yahoo Finance,7765.2001953125,0.000528148712081,0.0528148712081097,0.6800849431225543,,0,0.2345510194078088,1.0,0.7009847928107064,0.0020895396887537,True
2023-01-30,FTSE_100,^FTSE,Yahoo Finance,7784.89990234375,0.0025337094226218,0.2533709422621804,0.6623642815671684,-0.2515634649761897,2,,0.0,0.6800849431225543,0.000528148712081,False
2023-01-31,FTSE_100,^FTSE,Yahoo Finance,7771.7001953125,-0.0016969916454852,-0.1696991645485213,0.6546808131988486,,0,-0.2515634649761897,2.0,0.6623642815671684,0.0025337094226218,True
2023-02-01,FTSE_100,^FTSE,Yahoo Finance,7761.10009765625,-0.0013648664892176,-0.1364866489217677,0.6520593234230615,0.0115532615800967,1,,0.0,0.6546808131988486,-0.0016969916454852,False
2023-02-02,FTSE_100,^FTSE,Yahoo Finance,7820.2001953125,0.0075860653438435,0.7586065343843562,0.6481982171180293,-0.06432946385260714,3,0.0115532615800967,1.0,0.6520593234230615,-0.0013648664892176,True
2023-02-03,FTSE_100,^FTSE,Yahoo Finance,7901.7998046875,0.0103804022502076,1.03804022502076,0.7048135784142808,-0.2705546126124405,1,-0.06432946385260714,3.0,0.6481982171180293,0.0075860653438435,True
2023-02-06,FTSE_100,^FTSE,Yahoo Finance,7836.7001953125,-0.0082727045965693,-0.8272704596569307,0.7967021645609028,0.10502877510677262,4,-0.2705546126124405,1.0,0.7048135784142808,0.0103804022502076,True
2023-02-07,FTSE_100,^FTSE,Yahoo Finance,7864.7001953125,0.0035665646355476,0.3566564635547649,0.8386713444515751,0.1563564913714645,1,0.10502877510677262,4.0,0.7967021645609028,-0.0082727045965693,True
2023-02-08,FTSE_100,^FTSE,Yahoo Finance,7885.2001953125,0.0026031925368762,0.2603192536876267,0.7883738850182188,0.0747879296541214,1,0.1563564913714645,1.0,0.8386713444515751,0.0035665646355476,True
2023-02-09,FTSE_100,^FTSE,Yahoo Finance,7911.2001953125,0.003291892182554,0.3291892182554052,0.7457426220323554,,0,0.0747879296541214,1.0,0.7883738850182188,0.0026031925368762,True
2023-02-10,FTSE_100,^FTSE,Yahoo Finance,7882.5,-0.0036343892246652,-0.3634389224665242,0.7186343431785872,-0.042199707071902966,3,,0.0,0.7457426220323554,0.003291892182554,False
2023-02-13,FTSE_100,^FTSE,Yahoo Finance,7947.60009765625,0.0082248961472326,0.8224896147232634,0.7138760356626866,,0,-0.042199707071902966,3.0,0.7186343431785872,-0.0036343892246652,True
2023-02-14,FTSE_100,^FTSE,Yahoo Finance,7953.89990234375,0.000792353553702,0.0792353553702086,0.7588127831188839,0.1674468029769531,2,,0.0,0.7138760356626866,0.0082248961472326,False
2023-02-15,FTSE_100,^FTSE,Yahoo Finance,7997.7998046875,0.00550411730161,0.5504117301610042,0.7193455018539855,,0,0.1674468029769531,2.0,0.7588127831188839,0.000792353553702,True
2023-02-16,FTSE_100,^FTSE,Yahoo Finance,8012.5,0.0018363428071646,0.1836342807164656,0.7209165284104415,,0,,0.0,0.7193455018539855,0.00550411730161,False
2023-02-17,FTSE_100,^FTSE,Yahoo Finance,8004.39990234375,-0.0010114439618381,-0.1011443961838193,0.6935439034872716,,0,,0.0,0.7209165284104415,0.0018363428071646,False
2023-02-20,FTSE_100,^FTSE,Yahoo Finance,8014.2998046875,0.0012360433474922,0.1236043347492218,0.6757113257111954,-0.01213246702294175,2,,0.0,0.6935439034872716,-0.0010114439618381,False
2023-02-21,FTSE_100,^FTSE,Yahoo Finance,7977.7998046875,-0.0045647618850428,-0.4564761885042868,0.6596946920291323,0.0321142918740709,1,-0.01213246702294175,2.0,0.6757113257111954,0.0012360433474922,True
2023-02-22,FTSE_100,^FTSE,Yahoo Finance,7930.60009765625,-0.0059339526061419,-0.5933952606141928,0.6850234885918733,,0,0.0321142918740709,1.0,0.6596946920291323,-0.0045647618850428,True
2023-02-23,FTSE_100,^FTSE,Yahoo Finance,7907.7001953125,-0.0028917141205296,-0.2891714120529615,0.7227328467221991,0.035616410851833334,3,,0.0,0.6850234885918733,-0.0059339526061419,False
2023-02-24,FTSE_100,^FTSE,Yahoo Finance,7878.7001953125,-0.0036740525900993,-0.3674052590099337,0.7093226301137222,0.2719661329562465,2,0.035616410851833334,3.0,0.7227328467221991,-0.0028917141205296,True
2023-02-27,FTSE_100,^FTSE,Yahoo Finance,7935.10009765625,0.0071330281696598,0.7133028169659873,0.7078137759428154,-0.3078556976901988,5,0.2719661329562465,2.0,0.7093226301137222,-0.0036740525900993,True
2023-02-28,FTSE_100,^FTSE,Yahoo Finance,7876.2998046875,-0.0074377429451054,-0.7437742945105438,0.7361251799070421,0.2662163324033221,1,-0.3078556976901988,5.0,0.7078137759428154,0.0071330281696598,True
2023-03-01,FTSE_100,^FTSE,Yahoo Finance,7914.89990234375,0.0048888210209129,0.4888821020912944,0.7829320873390276,0.08552719912294181,2,0.2662163324033221,1.0,0.7361251799070421,-0.0074377429451054,True
2023-03-02,FTSE_100,^FTSE,Yahoo Finance,7944.0,0.0036698800667755,0.366988006677559,0.7588988929931423,-0.0769146652140514,3,0.08552719912294181,2.0,0.7829320873390276,0.0048888210209129,True
2023-03-03,FTSE_100,^FTSE,Yahoo Finance,7947.10009765625,0.0003901677890802,0.039016778908027,0.7308102807224699,,0,-0.0769146652140514,3.0,0.7588988929931423,0.0036698800667755,True
2023-03-06,FTSE_100,^FTSE,Yahoo Finance,7929.7998046875,-0.0021793045143929,-0.2179304514392979,0.6989702413781071,0.1925216279178858,1,,0.0,0.7308102807224699,0.0003901677890802,False
2023-03-07,FTSE_100,^FTSE,Yahoo Finance,7919.5,-0.0012997174972208,-0.1299717497220848,0.6865809779535462,,0,0.1925216279178858,1.0,0.6989702413781071,-0.0021793045143929,True
2023-03-08,FTSE_100,^FTSE,Yahoo Finance,7929.89990234375,0.0013123403914873,0.131234039148738,0.6721644128937176,0.1359836865216493,1,,0.0,0.6865809779535462,-0.0012997174972208,False
2023-03-09,FTSE_100,^FTSE,Yahoo Finance,7880.0,-0.0063125090420376,-0.6312509042037634,0.6573030885432248,-0.056853485526517,1,0.1359836865216493,1.0,0.6721644128937176,0.0013123403914873,True
2023-03-10,FTSE_100,^FTSE,Yahoo Finance,7748.39990234375,-0.0168415460349116,-1.6841546034911676,0.7112110563086198,,0,-0.056853485526517,1.0,0.6573030885432248,-0.0063125090420376,True
2023-03-13,FTSE_100,^FTSE,Yahoo Finance,7548.60009765625,-0.0261242292948713,-2.612422929487136,1.0128278455997393,0.05845547116676838,6,,0.0,0.7112110563086198,-0.0168415460349116,False
2023-03-14,FTSE_100,^FTSE,Yahoo Finance,7637.10009765625,0.0116558342145164,1.1655834214516465,1.46121894035614,0.097418331674167,1,0.05845547116676838,6.0,1.0128278455997393,-0.0261242292948713,True
2023-03-15,FTSE_100,^FTSE,Yahoo Finance,7344.5,-0.0390662289651885,-3.9066228965188574,1.3496125635120404,-0.0770474223271859,1,0.097418331674167,1.0,1.46121894035614,0.0116558342145164,True
2023-03-16,FTSE_100,^FTSE,Yahoo Finance,7410.0,0.0088787055186631,0.8878705518663105,2.0626255352862835,,0,-0.0770474223271859,1.0,1.3496125635120404,-0.0390662289651885,True
2023-03-17,FTSE_100,^FTSE,Yahoo Finance,7335.39990234375,-0.0101185094522654,-1.01185094522654,1.7880226577878933,-0.0818530850228853,2,,0.0,2.0626255352862835,0.0088787055186631,False
2023-03-20,FTSE_100,^FTSE,Yahoo Finance,7403.89990234375,0.009294945361614,0.9294945361614088,1.5969306250882105,-0.3963108696043491,1,-0.0818530850228853,2.0,1.7880226577878933,-0.0101185094522654,True
2023-03-21,FTSE_100,^FTSE,Yahoo Finance,7536.2001953125,0.0177112268992645,1.7711226899264532,1.42318524124304,-0.171493243864354,1,-0.3963108696043491,1.0,1.5969306250882105,0.009294945361614,True
2023-03-22,FTSE_100,^FTSE,Yahoo Finance,7566.7998046875,0.0040521288809922,0.4052128880992278,1.4333513511834917,-0.08735369962943325,2,-0.171493243864354,1.0,1.42318524124304,0.0177112268992645,True
2023-03-23,FTSE_100,^FTSE,Yahoo Finance,7499.60009765625,-0.0089205321894146,-0.8920532189414635,1.251427083931088,-0.228033909574151,1,-0.08735369962943325,2.0,1.4333513511834917,0.0040521288809922,True
2023-03-24,FTSE_100,^FTSE,Yahoo Finance,7405.5,-0.0126267314232961,-1.2626731423296118,1.1714976072950862,-0.1795718491077423,1,-0.228033909574151,1.0,1.251427083931088,-0.0089205321894146,True
2023-03-27,FTSE_100,^FTSE,Yahoo Finance,7471.7998046875,0.0089129404481771,0.8912940448177195,1.1798199328457002,0.021931251113754546,2,-0.1795718491077423,1.0,1.1714976072950862,-0.0126267314232961,True
2023-03-28,FTSE_100,^FTSE,Yahoo Finance,7484.2998046875,0.0016715591948446,0.1671559194844683,1.0994597924011364,-0.037251344797874064,3,0.021931251113754546,2.0,1.1798199328457002,0.0089129404481771,True
2023-03-29,FTSE_100,^FTSE,Yahoo Finance,7564.2998046875,0.0106323187162323,1.0632318716232374,0.979398777486011,-0.0089471196575511,2,-0.037251344797874064,3.0,1.0994597924011364,0.0016715591948446,True
2023-03-30,FTSE_100,^FTSE,Yahoo Finance,7620.39990234375,0.0073890631998902,0.7389063199890226,0.9824224746103096,-0.278330366127193,1,-0.0089471196575511,2.0,0.979398777486011,0.0106323187162323,True
2023-03-31,FTSE_100,^FTSE,Yahoo Finance,7631.7001953125,0.0014818018455297,0.1481801845529782,0.9330594865727868,0.19113407001540095,3,-0.278330366127193,1.0,0.9824224746103096,0.0073890631998902,True
2023-04-03,FTSE_100,^FTSE,Yahoo Finance,7673.0,0.0053970224059639,0.5397022405963948,0.8506147791063533,-0.24984250327928315,2,0.19113407001540095,3.0,0.9330594865727868,0.0014818018455297,True
2023-04-04,FTSE_100,^FTSE,Yahoo Finance,7634.5,-0.0050302245540988,-0.5030224554098872,0.8130617308225088,,0,-0.24984250327928315,2.0,0.8506147791063533,0.0053970224059639,True
2023-04-05,FTSE_100,^FTSE,Yahoo Finance,7662.89990234375,0.0037130407982255,0.3713040798225525,0.7971574909477047,-0.23890284581877355,3,,0.0,0.8130617308225088,-0.0050302245540988,False
2023-04-06,FTSE_100,^FTSE,Yahoo Finance,7741.60009765625,0.0102179077594196,1.0217907759419695,0.7589024096113322,-0.11097365838141564,3,-0.23890284581877355,3.0,0.7971574909477047,0.0037130407982255,True
2023-04-11,FTSE_100,^FTSE,Yahoo Finance,7785.7001953125,0.0056803456367967,0.5680345636796792,0.8270716125826866,-0.006879022256249469,3,-0.11097365838141564,3.0,0.7589024096113322,0.0102179077594196,True
2023-04-12,FTSE_100,^FTSE,Yahoo Finance,7824.7998046875,0.0050094091975726,0.5009409197572632,0.7991619043619633,,0,-0.006879022256249469,3.0,0.8270716125826866,0.0056803456367967,True
2023-04-13,FTSE_100,^FTSE,Yahoo Finance,7843.39990234375,0.002374249338345,0.2374249338345074,0.7717886283759509,,0,,0.0,0.7991619043619633,0.0050094091975726,False
2023-04-14,FTSE_100,^FTSE,Yahoo Finance,7871.89990234375,0.0036270426397665,0.3627042639766591,0.7325432870944905,,0,,0.0,0.7717886283759509,0.002374249338345,False
2023-04-17,FTSE_100,^FTSE,Yahoo Finance,7879.5,0.0009650060684332,0.0965006068433296,0.7115474356582183,-0.2197170932353897,1,,0.0,0.7325432870944905,0.0036270426397665,False
2023-04-18,FTSE_100,^FTSE,Yahoo Finance,7909.39990234375,0.0037874631255136,0.3787463125513652,0.6850573046187395,0.493183320787336,1,-0.2197170932353897,1.0,0.7115474356582183,0.0009650060684332,True
2023-04-19,FTSE_100,^FTSE,Yahoo Finance,7898.7998046875,-0.0013410887313425,-0.134108873134258,0.6791926372893976,,0,0.493183320787336,1.0,0.6850573046187395,0.0037874631255136,True
2023-04-20,FTSE_100,^FTSE,Yahoo Finance,7902.60009765625,0.0004810071342424,0.0481007134242431,0.6671503482035616,,0,,0.0,0.6791926372893976,-0.0013410887313425,False
2023-04-21,FTSE_100,^FTSE,Yahoo Finance,7914.10009765625,0.0014541594497542,0.1454159449754229,0.6531782220781135,0.0433419564609774,1,,0.0,0.6671503482035616,0.0004810071342424,False
2023-04-24,FTSE_100,^FTSE,Yahoo Finance,7912.2001953125,-0.0002400943136054,-0.0240094313605401,0.6441564684676033,-0.4433390779110292,2,0.0433419564609774,1.0,0.6531782220781135,0.0014541594497542,True
2023-04-25,FTSE_100,^FTSE,Yahoo Finance,7891.10009765625,-0.0026703422453967,-0.2670342245396732,0.6380317987097568,0.04891576661597845,2,-0.4433390779110292,2.0,0.6441564684676033,-0.0002400943136054,True
2023-04-26,FTSE_100,^FTSE,Yahoo Finance,7852.60009765625,-0.004890854915574,-0.489085491557409,0.6482852430995698,,0,0.04891576661597845,2.0,0.6380317987097568,-0.0026703422453967,True
2023-04-27,FTSE_100,^FTSE,Yahoo Finance,7831.60009765625,-0.0026778557130849,-0.2677855713084976,0.6821092327766979,,0,,0.0,0.6482852430995698,-0.004890854915574,False
2023-04-28,FTSE_100,^FTSE,Yahoo Finance,7870.60009765625,0.0049674669423366,0.4967466942336623,0.6788242888799026,,0,,0.0,0.6821092327766979,-0.0026778557130849,False
2023-05-02,FTSE_100,^FTSE,Yahoo Finance,7773.0,-0.0124781205647492,-1.247812056474927,0.6865820350247935,,0,,0.0,0.6788242888799026,0.0049674669423366,False
2023-05-03,FTSE_100,^FTSE,Yahoo Finance,7788.39990234375,0.0019792444725669,0.1979244472566977,0.8710219683595535,,0,,0.0,0.6865820350247935,-0.0124781205647492,False
2023-05-04,FTSE_100,^FTSE,Yahoo Finance,7702.60009765625,-0.0110774878400976,-1.1077487840097682,0.8048098272157094,-0.06729985894014438,2,,0.0,0.8710219683595535,0.0019792444725669,False
2023-05-05,FTSE_100,^FTSE,Yahoo Finance,7778.39990234375,0.0097927020779591,0.9792702077959164,0.904343738716427,,0,-0.06729985894014438,2.0,0.8048098272157094,-0.0110774878400976,True
2023-05-09,FTSE_100,^FTSE,Yahoo Finance,7764.10009765625,-0.0018400911979863,-0.1840091197986386,0.91524924578415,-0.0312025044113397,1,,0.0,0.904343738716427,0.0097927020779591,False
2023-05-10,FTSE_100,^FTSE,Yahoo Finance,7741.2998046875,-0.00294095083597,-0.294095083597001,0.8430456800305737,,0,-0.0312025044113397,1.0,0.91524924578415,-0.0018400911979863,True
2023-05-11,FTSE_100,^FTSE,Yahoo Finance,7730.60009765625,-0.001383115041398,-0.1383115041398064,0.7966768306166523,-0.1063647357154299,2,,0.0,0.8430456800305737,-0.00294095083597,False
2023-05-12,FTSE_100,^FTSE,Yahoo Finance,7754.60009765625,0.0030997363823547,0.3099736382354722,0.7522599187874243,,0,-0.1063647357154299,2.0,0.7966768306166523,-0.001383115041398,True
2023-05-15,FTSE_100,^FTSE,Yahoo Finance,7777.7001953125,0.0029744615094858,0.2974461509485852,0.722108749096609,,0,,0.0,0.7522599187874243,0.0030997363823547,False
2023-05-16,FTSE_100,^FTSE,Yahoo Finance,7751.10009765625,-0.0034259083987402,-0.3425908398740278,0.6996146539352188,,0,,0.0,0.722108749096609,0.0029744615094858,False
2023-05-17,FTSE_100,^FTSE,Yahoo Finance,7723.2001953125,-0.0036059701631017,-0.3605970163101752,0.6983543810412877,,0,,0.0,0.6996146539352188,-0.0034259083987402,False
2023-05-18,FTSE_100,^FTSE,Yahoo Finance,7742.2998046875,0.0024699646419606,0.2469964641960626,0.6994331615881828,,0,,0.0,0.6983543810412877,-0.0036059701631017,False
2023-05-19,FTSE_100,^FTSE,Yahoo Finance,7756.89990234375,0.0018839813991266,0.1883981399126623,0.6806311924300484,,0,,0.0,0.6994331615881828,0.0024699646419606,False
2023-05-22,FTSE_100,^FTSE,Yahoo Finance,7771.0,0.0018160989728624,0.1816098972862492,0.6648118391407672,-0.01962626276687135,2,,0.0,0.6806311924300484,0.0018839813991266,False
2023-05-23,FTSE_100,^FTSE,Yahoo Finance,7763.0,-0.0010299988035618,-0.1029998803561829,0.65336641678879,,0,-0.01962626276687135,2.0,0.6648118391407672,0.0018160989728624,True
2023-05-24,FTSE_100,^FTSE,Yahoo Finance,7627.10009765625,-0.0176611502084787,-1.7661150208478744,0.6473728574534339,,0,,0.0,0.65336641678879,-0.0010299988035618,False
2023-05-25,FTSE_100,^FTSE,Yahoo Finance,7570.89990234375,-0.0073957693748302,-0.7395769374830228,1.00943771985226,,0,,0.0,0.6473728574534339,-0.0176611502084787,False
2023-05-26,FTSE_100,^FTSE,Yahoo Finance,7627.2001953125,0.0074088932355553,0.7408893235555344,0.9712344404128094,,0,,0.0,1.00943771985226,-0.0073957693748302,False
2023-05-30,FTSE_100,^FTSE,Yahoo Finance,7522.10009765625,-0.0138754637968232,-1.3875463796823295,0.9251471288966824,0.16243754021080137,2,,0.0,0.9712344404128094,0.0074088932355553,False
2023-05-31,FTSE_100,^FTSE,Yahoo Finance,7446.10009765625,-0.01015494877399,-1.0154948773990062,1.0470103938734276,,0,0.16243754021080137,2.0,0.9251471288966824,-0.0138754637968232,True
2023-06-01,FTSE_100,^FTSE,Yahoo Finance,7490.2998046875,0.0059184055511838,0.5918405551183875,1.044837385282224,,0,,0.0,1.0470103938734276,-0.01015494877399,False
2023-06-02,FTSE_100,^FTSE,Yahoo Finance,7607.2998046875,0.0154994628673452,1.5499462867345266,0.962499387920244,,0,,0.0,1.044837385282224,0.0059184055511838,False
2023-06-05,FTSE_100,^FTSE,Yahoo Finance,7600.0,-0.0009600396312199,-0.0960039631219931,1.0780901249125825,0.0620360054142241,1,,0.0,0.962499387920244,0.0154994628673452,False
2023-06-06,FTSE_100,^FTSE,Yahoo Finance,7628.10009765625,0.0036905627583537,0.3690562758353793,0.9642235310835536,,0,0.0620360054142241,1.0,1.0780901249125825,-0.0009600396312199,True
2023-06-07,FTSE_100,^FTSE,Yahoo Finance,7624.2998046875,-0.0004983206671374,-0.0498320667137445,0.8832792794884021,,0,,0.0,0.9642235310835536,0.0036905627583537,False
2023-06-08,FTSE_100,^FTSE,Yahoo Finance,7599.7001953125,-0.0032316908545059,-0.3231690854505947,0.8135536229040117,,0,,0.0,0.8832792794884021,-0.0004983206671374,False
2023-06-09,FTSE_100,^FTSE,Yahoo Finance,7562.39990234375,-0.0049202113133523,-0.4920211313352327,0.7776236097496364,0.2666046265978366,2,,0.0,0.8135536229040117,-0.0032316908545059,False
2023-06-12,FTSE_100,^FTSE,Yahoo Finance,7570.7001953125,0.0010969720344848,0.1096972034484819,0.7707345377942912,,0,0.2666046265978366,2.0,0.7776236097496364,-0.0049202113133523,True
2023-06-13,FTSE_100,^FTSE,Yahoo Finance,7594.7998046875,0.0031782176203854,0.317821762038548,0.7283227775914051,,0,,0.0,0.7707345377942912,0.0010969720344848,False
2023-06-14,FTSE_100,^FTSE,Yahoo Finance,7602.7001953125,0.0010396961785388,0.1039696178538847,0.7053523529855978,,0,,0.0,0.7283227775914051,0.0031782176203854,False
2023-06-15,FTSE_100,^FTSE,Yahoo Finance,7628.2998046875,0.0033615171007631,0.3361517100763135,0.6806603628790193,,0,,0.0,0.7053523529855978,0.0010396961785388,False
2023-06-16,FTSE_100,^FTSE,Yahoo Finance,7642.7001953125,0.0018859792932247,0.1885979293224712,0.6727547926588381,-0.1232856052617231,1,,0.0,0.6806603628790193,0.0033615171007631,False
2023-06-19,FTSE_100,^FTSE,Yahoo Finance,7588.5,-0.0071170260250772,-0.7117026025077203,0.6592236183155817,,0,-0.1232856052617231,1.0,0.6727547926588381,0.0018859792932247,True
2023-06-20,FTSE_100,^FTSE,Yahoo Finance,7569.2998046875,-0.0025333763249015,-0.2533376324901531,0.7274298137366344,-0.3173532543936745,2,,0.0,0.6592236183155817,-0.0071170260250772,False
2023-06-21,FTSE_100,^FTSE,Yahoo Finance,7559.2001953125,-0.0013351767690622,-0.133517676906223,0.7095650900223003,-0.0470925156426217,1,-0.3173532543936745,2.0,0.7274298137366344,-0.0025333763249015,True
2023-06-22,FTSE_100,^FTSE,Yahoo Finance,7502.0,-0.0075957386643041,-0.7595738664304112,0.6887375769688452,0.0099977701902389,1,-0.0470925156426217,1.0,0.7095650900223003,-0.0013351767690622,True
2023-06-23,FTSE_100,^FTSE,Yahoo Finance,7461.89990234375,-0.0053595912707572,-0.5359591270757273,0.755485221604688,,0,0.0099977701902389,1.0,0.6887375769688452,-0.0075957386643041,True
2023-06-26,FTSE_100,^FTSE,Yahoo Finance,7453.60009765625,-0.0011129101329699,-0.1112910132969968,0.7613865939290857,-0.12164381347935305,5,,0.0,0.755485221604688,-0.0053595912707572,False
2023-06-27,FTSE_100,^FTSE,Yahoo Finance,7461.5,0.0010593161334172,0.1059316133417247,0.7251306905673355,,0,-0.12164381347935305,5.0,0.7613865939290857,-0.0011129101329699,True
2023-06-28,FTSE_100,^FTSE,Yahoo Finance,7500.5,0.0052132185974222,0.521321859742223,0.6949738288612973,,0,,0.0,0.7251306905673355,0.0010593161334172,False
2023-06-29,FTSE_100,^FTSE,Yahoo Finance,7471.7001953125,-0.0038471086189262,-0.3847108618926244,0.7005590629286536,,0,,0.0,0.6949738288612973,0.0052132185974222,False
2023-06-30,FTSE_100,^FTSE,Yahoo Finance,7531.5,0.0079716487928511,0.7971648792851125,0.7037002077041405,0.112241862147736,1,,0.0,0.7005590629286536,-0.0038471086189262,False
2023-07-03,FTSE_100,^FTSE,Yahoo Finance,7527.2998046875,-0.0005578393332663,-0.0557839333266396,0.7476017179331363,,0,0.112241862147736,1.0,0.7037002077041405,0.0079716487928511,True
2023-07-04,FTSE_100,^FTSE,Yahoo Finance,7519.7001953125,-0.0010101163050679,-0.1010116305067984,0.7129883487521527,0.1431198721441129,1,,0.0,0.7476017179331363,-0.0005578393332663,False
2023-07-05,FTSE_100,^FTSE,Yahoo Finance,7442.10009765625,-0.0103731893180589,-1.0373189318058906,0.689625937962173,-0.0772732487336422,2,0.1431198721441129,1.0,0.7129883487521527,-0.0010101163050679,True
2023-07-06,FTSE_100,^FTSE,Yahoo Finance,7280.5,-0.0219535390355173,-2.19535390355173,0.8179506099334106,,0,-0.0772732487336422,2.0,0.689625937962173,-0.0103731893180589,True
2023-07-07,FTSE_100,^FTSE,Yahoo Finance,7256.89990234375,-0.0032468142235997,-0.3246814223599757,1.229778029620609,-0.1324935892803801,3,,0.0,0.8179506099334106,-0.0219535390355173,False
2023-07-10,FTSE_100,^FTSE,Yahoo Finance,7273.7998046875,0.0023260972017247,0.2326097201724702,1.0935956506262392,,0,-0.1324935892803801,3.0,1.229778029620609,-0.0032468142235997,True
2023-07-11,FTSE_100,^FTSE,Yahoo Finance,7282.5,0.0011953857045054,0.1195385704505465,0.9764693443811802,,0,,0.0,1.0935956506262392,0.0023260972017247,False
2023-07-12,FTSE_100,^FTSE,Yahoo Finance,7416.10009765625,0.0181791158474735,1.8179115847473597,0.8834227547456842,-0.2290129951705845,1,,0.0,0.9764693443811802,0.0011953857045054,False
2023-07-13,FTSE_100,^FTSE,Yahoo Finance,7440.2001953125,0.0032444307561713,0.3244430756171365,1.103961009787359,,0,-0.2290129951705845,1.0,0.8834227547456842,0.0181791158474735,True
2023-07-14,FTSE_100,^FTSE,Yahoo Finance,7434.60009765625,-0.0007529644513587,-0.0752964451358793,0.9881556196259776,-0.0625002164083222,1,,0.0,1.103961009787359,0.0032444307561713,False
2023-07-17,FTSE_100,^FTSE,Yahoo Finance,7406.39990234375,-0.0038003138942569,-0.3800313894256937,0.8941198866481057,-0.11927514223438894,3,-0.0625002164083222,1.0,0.9881556196259776,-0.0007529644513587,True
2023-07-18,FTSE_100,^FTSE,Yahoo Finance,7453.7001953125,0.006366101493757,0.6366101493757096,0.8419844927884635,,0,-0.11927514223438894,3.0,0.8941198866481057,-0.0038003138942569,True
2023-07-19,FTSE_100,^FTSE,Yahoo Finance,7588.2001953125,0.0178838552675854,1.7883855267585458,0.8181465838649056,,0,,0.0,0.8419844927884635,0.006366101493757,False
2023-07-20,FTSE_100,^FTSE,Yahoo Finance,7646.10009765625,0.007601291823883,0.7601291823883052,1.0596519738769563,,0,,0.0,0.8181465838649056,0.0178838552675854,False
2023-07-21,FTSE_100,^FTSE,Yahoo Finance,7663.7001953125,0.0022991946430037,0.2299194643003768,0.9927158167326978,0.3406053677744542,1,,0.0,1.0596519738769563,0.007601291823883,False
2023-07-24,FTSE_100,^FTSE,Yahoo Finance,7678.60009765625,0.0019423302560331,0.1942330256033113,0.8983692425316055,,0,0.3406053677744542,1.0,0.9927158167326978,0.0022991946430037,True
2023-07-25,FTSE_100,^FTSE,Yahoo Finance,7691.7998046875,0.0017175493624129,0.1717549362412938,0.8253302447809642,,0,,0.0,0.8983692425316055,0.0019423302560331,False
2023-07-26,FTSE_100,^FTSE,Yahoo Finance,7676.89990234375,-0.0019389938376104,-0.1938993837610473,0.7698799444412912,,0,,0.0,0.8253302447809642,0.0017175493624129,False
2023-07-27,FTSE_100,^FTSE,Yahoo Finance,7692.7998046875,0.0020689939710945,0.2068993971094569,0.7358013712798993,,0,,0.0,0.7698799444412912,-0.0019389938376104,False
2023-07-28,FTSE_100,^FTSE,Yahoo Finance,7694.2998046875,0.0001949685181523,0.0194968518152392,0.7051047208538961,-0.09309552962063912,3,,0.0,0.7358013712798993,0.0020689939710945,False
2023-07-31,FTSE_100,^FTSE,Yahoo Finance,7699.39990234375,0.000662621454221,0.0662621454221033,0.680561632447198,-0.0437603215686976,1,-0.09309552962063912,3.0,0.7051047208538961,0.0001949685181523,True
2023-08-01,FTSE_100,^FTSE,Yahoo Finance,7666.2998046875,-0.0043083165083974,-0.4308316508397497,0.6626833309399307,0.2367315962910652,1,-0.0437603215686976,1.0,0.680561632447198,0.000662621454221,True
2023-08-02,FTSE_100,^FTSE,Yahoo Finance,7561.60009765625,-0.0137512536284057,-1.3751253628405768,0.6835590409140934,,0,0.2367315962910652,1.0,0.6626833309399307,-0.0043083165083974,True
2023-08-03,FTSE_100,^FTSE,Yahoo Finance,7529.2001953125,-0.0042940005166551,-0.4294000516655197,0.9053199594097212,-0.2474000724879178,1,,0.0,0.6835590409140934,-0.0137512536284057,False
2023-08-04,FTSE_100,^FTSE,Yahoo Finance,7564.39990234375,0.0046641981524446,0.4664198152444649,0.855213177605564,,0,-0.2474000724879178,1.0,0.9053199594097212,-0.0042940005166551,True
2023-08-07,FTSE_100,^FTSE,Yahoo Finance,7554.5,-0.0013096063632424,-0.1309606363242473,0.8092228633787384,,0,,0.0,0.855213177605564,0.0046641981524446,False
2023-08-08,FTSE_100,^FTSE,Yahoo Finance,7527.39990234375,-0.0035937285087341,-0.3593728508734118,0.7611580634218854,,0,,0.0,0.8092228633787384,-0.0013096063632424,False
2023-08-09,FTSE_100,^FTSE,Yahoo Finance,7587.2998046875,0.0079260874638262,0.7926087463826275,0.7434498591440191,-0.2152301209668318,2,,0.0,0.7611580634218854,-0.0035937285087341,False
2023-08-10,FTSE_100,^FTSE,Yahoo Finance,7618.60009765625,0.0041168674498402,0.4116867449840238,0.7730937576647949,0.0018947390781249,1,-0.2152301209668318,2.0,0.7434498591440191,0.0079260874638262,True
2023-08-11,FTSE_100,^FTSE,Yahoo Finance,7524.2001953125,-0.0124681199537536,-1.2468119953753698,0.7446270032597706,0.1363286864361726,2,0.0018947390781249,1.0,0.7730937576647949,0.0041168674498402,True
2023-08-14,FTSE_100,^FTSE,Yahoo Finance,7507.2001953125,-0.0022619325952821,-0.2261932595282179,0.9032903840195654,0.2047246384123961,2,0.1363286864361726,2.0,0.7446270032597706,-0.0124681199537536,True
2023-08-15,FTSE_100,^FTSE,Yahoo Finance,7389.60009765625,-0.0157889665420281,-1.5788966542028198,0.8365190785524669,,0,0.2047246384123961,2.0,0.9032903840195654,-0.0022619325952821,True
2023-08-16,FTSE_100,^FTSE,Yahoo Finance,7356.89990234375,-0.0044349844249231,-0.4434984424923136,1.0467025295061565,-0.03209882974624633,3,,0.0,0.8365190785524669,-0.0157889665420281,False
2023-08-17,FTSE_100,^FTSE,Yahoo Finance,7310.2001953125,-0.0063679752003617,-0.6367975200361731,0.9621622751926628,-0.3099776373377867,1,-0.03209882974624633,3.0,1.0467025295061565,-0.0044349844249231,True
2023-08-18,FTSE_100,^FTSE,Yahoo Finance,7262.39990234375,-0.0065603206131066,-0.6560320613106616,0.9221349520075304,,0,-0.3099776373377867,1.0,0.9621622751926628,-0.0063679752003617,True
2023-08-21,FTSE_100,^FTSE,Yahoo Finance,7257.7998046875,-0.0006336135732238,-0.0633613573223891,0.8960473205729695,-0.1887021688744425,1,,0.0,0.9221349520075304,-0.0065603206131066,False
2023-08-22,FTSE_100,^FTSE,Yahoo Finance,7270.7998046875,0.0017895741942077,0.1789574194207776,0.8235640211069136,,0,-0.1887021688744425,1.0,0.8960473205729695,-0.0006336135732238,True
2023-08-23,FTSE_100,^FTSE,Yahoo Finance,7320.5,0.0068123317571808,0.6812331757180876,0.7687521687964037,,0,,0.0,0.8235640211069136,0.0017895741942077,False
2023-08-24,FTSE_100,^FTSE,Yahoo Finance,7333.60009765625,0.0017879093303059,0.1787909330305956,0.7726790652215105,0.0482773279978169,1,,0.0,0.7687521687964037,0.0068123317571808,False
2023-08-25,FTSE_100,^FTSE,Yahoo Finance,7338.60009765625,0.0006815610647337,0.0681561064733762,0.7311131166142221,-0.1870503999778757,1,0.0482773279978169,1.0,0.7726790652215105,0.0017879093303059,True
2023-08-29,FTSE_100,^FTSE,Yahoo Finance,7465.0,0.017077328944714,1.7077328944714003,0.6991017673476007,0.07120565681282481,3,-0.1870503999778757,1.0,0.7311131166142221,0.0006815610647337,True
2023-08-30,FTSE_100,^FTSE,Yahoo Finance,7473.7001953125,0.0011647862507982,0.1164786250798245,0.9736199569896584,-0.1555875936367859,2,0.07120565681282481,3.0,0.6991017673476007,0.017077328944714,True
2023-08-31,FTSE_100,^FTSE,Yahoo Finance,7439.10009765625,-0.0046403303286464,-0.4640330328646483,0.88120117380567,,0,-0.1555875936367859,2.0,0.9736199569896584,0.0011647862507982,True
2023-09-01,FTSE_100,^FTSE,Yahoo Finance,7464.5,0.0034085625982021,0.3408562598202106,0.8413678168430738,,0,,0.0,0.88120117380567,-0.0046403303286464,False
2023-09-04,FTSE_100,^FTSE,Yahoo Finance,7452.7998046875,-0.0015686750102167,-0.1568675010216777,0.7893358189041367,0.12240187465102359,2,,0.0,0.8413678168430738,0.0034085625982021,False
2023-09-05,FTSE_100,^FTSE,Yahoo Finance,7437.89990234375,-0.0020012366926574,-0.2001236692657492,0.747824520386265,,0,0.12240187465102359,2.0,0.7893358189041367,-0.0015686750102167,True
2023-09-06,FTSE_100,^FTSE,Yahoo Finance,7426.10009765625,-0.0015877027941664,-0.1587702794166491,0.7202330305661415,0.1660856882420679,1,,0.0,0.747824520386265,-0.0020012366926574,False
2023-09-07,FTSE_100,^FTSE,Yahoo Finance,7441.7001953125,0.0020985085989515,0.2098508598951525,0.6977841354440091,,0,0.1660856882420679,1.0,0.7202330305661415,-0.0015877027941664,True
2023-09-08,FTSE_100,^FTSE,Yahoo Finance,7478.2001953125,0.0048928038204563,0.489280382045632,0.6778284022549369,-0.7698657233268023,1,,0.0,0.6977841354440091,0.0020985085989515,False
2023-09-11,FTSE_100,^FTSE,Yahoo Finance,7496.89990234375,0.0024974413030707,0.2497441303070781,0.685049912821669,,0,-0.7698657233268023,1.0,0.6778284022549369,0.0048928038204563,True
2023-09-12,FTSE_100,^FTSE,Yahoo Finance,7527.5,0.004073392636806,0.4073392636806076,0.6705246501929938,0.1086121164705781,1,,0.0,0.685049912821669,0.0024974413030707,False
2023-09-13,FTSE_100,^FTSE,Yahoo Finance,7526.0,-0.0001992892025063,-0.0199289202506349,0.6715830724621571,,0,0.1086121164705781,1.0,0.6705246501929938,0.004073392636806,True
2023-09-14,FTSE_100,^FTSE,Yahoo Finance,7673.10009765625,0.0193570263785569,1.935702637855697,0.6572921206981901,,0,,0.0,0.6715830724621571,-0.0001992892025063,False
2023-09-15,FTSE_100,^FTSE,Yahoo Finance,7711.39990234375,0.004979022238044,0.4979022238044041,1.0267839877334477,,0,,0.0,0.6572921206981901,0.0193570263785569,False
2023-09-18,FTSE_100,^FTSE,Yahoo Finance,7652.89990234375,-0.0076150925773199,-0.7615092577319914,0.9402200664491196,-0.3056006290018558,1,,0.0,1.0267839877334477,0.004979022238044,False
2023-09-19,FTSE_100,^FTSE,Yahoo Finance,7660.2001953125,0.0009534703587458,0.0953470358745854,0.9252169132744176,-0.1645086444914341,1,-0.3056006290018558,1.0,0.9402200664491196,-0.0076150925773199,True
2023-09-20,FTSE_100,^FTSE,Yahoo Finance,7731.7001953125,0.0092906674922745,0.929066749227454,0.8439969577019796,,0,-0.1645086444914341,1.0,0.9252169132744176,0.0009534703587458,True
2023-09-21,FTSE_100,^FTSE,Yahoo Finance,7678.60009765625,-0.0068915344678023,-0.6891534467802343,0.8649364896421906,,0,,0.0,0.8439969577019796,0.0092906674922745,False
2023-09-22,FTSE_100,^FTSE,Yahoo Finance,7683.89990234375,0.0006899664634987,0.0689966463498701,0.8606749220601712,,0,,0.0,0.8649364896421906,-0.0068915344678023,False
2023-09-25,FTSE_100,^FTSE,Yahoo Finance,7624.0,-0.0078260517053423,-0.7826051705342335,0.7950257429742661,-0.12933500589181973,2,,0.0,0.8606749220601712,0.0006899664634987,False
2023-09-26,FTSE_100,^FTSE,Yahoo Finance,7625.7001953125,0.0002229808190023,0.022298081900232,0.8290758598025162,-0.065241806829969,1,-0.12933500589181973,2.0,0.7950257429742661,-0.0078260517053423,True
2023-09-27,FTSE_100,^FTSE,Yahoo Finance,7593.2001953125,-0.0042710115146262,-0.4271011514626218,0.7715523798891962,,0,-0.065241806829969,1.0,0.8290758598025162,0.0002229808190023,True
2023-09-28,FTSE_100,^FTSE,Yahoo Finance,7601.89990234375,0.0011450675449207,0.1145067544920719,0.758348866864014,,0,,0.0,0.7715523798891962,-0.0042710115146262,False
2023-09-29,FTSE_100,^FTSE,Yahoo Finance,7608.10009765625,0.0008152788502206,0.0815278850220696,0.7192876615937408,,0,,0.0,0.758348866864014,0.0011450675449207,False
2023-10-02,FTSE_100,^FTSE,Yahoo Finance,7510.7001953125,-0.0128847855599087,-1.2884785559908725,0.6905581165594225,,0,,0.0,0.7192876615937408,0.0008152788502206,False
2023-10-03,FTSE_100,^FTSE,Yahoo Finance,7470.2001953125,-0.0054068977979297,-0.540689779792975,0.8844338864254446,,0,,0.0,0.6905581165594225,-0.0128847855599087,False
2023-10-04,FTSE_100,^FTSE,Yahoo Finance,7412.5,-0.0077540343697362,-0.7754034369736219,0.8530565263603929,,0,,0.0,0.8844338864254446,-0.0054068977979297,False
2023-10-05,FTSE_100,^FTSE,Yahoo Finance,7451.5,0.0052475900828666,0.5247590082866641,0.8669587989994035,0.1489973021408831,1,,0.0,0.8530565263603929,-0.0077540343697362,False
2023-10-06,FTSE_100,^FTSE,Yahoo Finance,7494.60009765625,0.0057674198412862,0.5767419841286214,0.8234304573092351,,0,0.1489973021408831,1.0,0.8669587989994035,0.0052475900828666,True
2023-10-09,FTSE_100,^FTSE,Yahoo Finance,7492.2001953125,-0.0003202688122012,-0.032026881220129,0.7975529808324342,-0.03358144590945283,4,,0.0,0.8234304573092351,0.0057674198412862,False
2023-10-10,FTSE_100,^FTSE,Yahoo Finance,7628.2001953125,0.0179894267551177,1.7989426755117734,0.7490298972496382,0.1163206468336284,1,-0.03358144590945283,4.0,0.7975529808324342,-0.0003202688122012,True
2023-10-11,FTSE_100,^FTSE,Yahoo Finance,7620.0,-0.0010755624923581,-0.107556249235811,1.0267568518231274,,0,0.1163206468336284,1.0,0.7490298972496382,0.0179894267551177,True
2023-10-12,FTSE_100,^FTSE,Yahoo Finance,7644.7998046875,0.0032492829023862,0.3249282902386212,0.9248468573343228,,0,,0.0,1.0267568518231274,-0.0010755624923581,False
2023-10-13,FTSE_100,^FTSE,Yahoo Finance,7599.60009765625,-0.0059300254225102,-0.5930025422510288,0.8508601914879125,-0.1424832383281595,2,,0.0,0.9248468573343228,0.0032492829023862,False
2023-10-16,FTSE_100,^FTSE,Yahoo Finance,7630.60009765625,0.0040708647835599,0.4070864783559929,0.8362145947811327,,0,-0.1424832383281595,2.0,0.8508601914879125,-0.0059300254225102,True
2023-10-17,FTSE_100,^FTSE,Yahoo Finance,7675.2001953125,0.005827885250891,0.5827885250891048,0.7902443196518543,-0.0355782012920826,1,,0.0,0.8362145947811327,0.0040708647835599,False
2023-10-18,FTSE_100,^FTSE,Yahoo Finance,7588.0,-0.0114263251401139,-1.142632514011395,0.7746017392857095,,0,-0.0355782012920826,1.0,0.7902443196518543,0.005827885250891,True
2023-10-19,FTSE_100,^FTSE,Yahoo Finance,7499.5,-0.0117317004194906,-1.1731700419490672,0.8943141470759175,-0.4011939340271055,1,,0.0,0.7746017392857095,-0.0114263251401139,False
2023-10-20,FTSE_100,^FTSE,Yahoo Finance,7402.10009765625,-0.0130725947253243,-1.3072594725324371,0.9758265164894104,,0,-0.4011939340271055,1.0,0.8943141470759175,-0.0117317004194906,True
2023-10-23,FTSE_100,^FTSE,Yahoo Finance,7374.7998046875,-0.0036950001976235,-0.3695000197623523,1.0591957177889202,0.04935495775252083,3,,0.0,0.9758265164894104,-0.0130725947253243,False
2023-10-24,FTSE_100,^FTSE,Yahoo Finance,7389.7001953125,0.0020184084369464,0.2018408436946463,0.9650555547251718,,0,0.04935495775252083,3.0,1.0591957177889202,-0.0036950001976235,True
2023-10-25,FTSE_100,^FTSE,Yahoo Finance,7414.2998046875,0.0033233763869951,0.3323376386995176,0.8762960930652471,,0,,0.0,0.9650555547251718,0.0020184084369464,False
2023-10-26,FTSE_100,^FTSE,Yahoo Finance,7354.60009765625,-0.0080845604737849,-0.8084560473784912,0.8148023025018359,,0,,0.0,0.8762960930652471,0.0033233763869951,False
2023-10-27,FTSE_100,^FTSE,Yahoo Finance,7291.2998046875,-0.0086441512706339,-0.8644151270633943,0.8471078799868689,-0.2426666770285616,1,,0.0,0.8148023025018359,-0.0080845604737849,False
2023-10-30,FTSE_100,^FTSE,Yahoo Finance,7327.39990234375,0.0049389031530104,0.4938903153010471,0.8793577859570129,0.18515251490854376,2,-0.2426666770285616,1.0,0.8471078799868689,-0.0086441512706339,True
2023-10-31,FTSE_100,^FTSE,Yahoo Finance,7321.7001953125,-0.0007781648402796,-0.0778164840279685,0.8295150002239027,,0,0.18515251490854376,2.0,0.8793577859570129,0.0049389031530104,True
2023-11-01,FTSE_100,^FTSE,Yahoo Finance,7342.39990234375,0.0028231832355315,0.2823183235531568,0.7740730248864217,,0,,0.0,0.8295150002239027,-0.0007781648402796,False
2023-11-02,FTSE_100,^FTSE,Yahoo Finance,7446.5,0.0140783719856705,1.4078371985670568,0.7363790916200745,,0,,0.0,0.7740730248864217,0.0028231832355315,False
2023-11-03,FTSE_100,^FTSE,Yahoo Finance,7417.7001953125,-0.003875060931292,-0.3875060931292097,0.9067455156261632,,0,,0.0,0.7363790916200745,0.0140783719856705,False
2023-11-06,FTSE_100,^FTSE,Yahoo Finance,7417.7998046875,1.3428516059628786e-05,0.0013428516059628,0.8520332279362804,,0,,0.0,0.9067455156261632,-0.003875060931292,False
2023-11-07,FTSE_100,^FTSE,Yahoo Finance,7410.0,-0.0010520516205573,-0.1052051620557314,0.7890001441649925,,0,,0.0,0.8520332279362804,1.3428516059628786e-05,False
2023-11-08,FTSE_100,^FTSE,Yahoo Finance,7401.7001953125,-0.0011207093644566,-0.1120709364456676,0.7451052585079087,,0,,0.0,0.7890001441649925,-0.0010520516205573,False
2023-11-09,FTSE_100,^FTSE,Yahoo Finance,7455.7001953125,0.007269136775157,0.7269136775157048,0.713315768582259,,0,,0.0,0.7451052585079087,-0.0011207093644566,False
2023-11-10,FTSE_100,^FTSE,Yahoo Finance,7360.60009765625,-0.0128374022940664,-1.2837402294066496,0.7419963620863731,-0.0837925286032259,2,,0.0,0.713315768582259,0.007269136775157,False
2023-11-13,FTSE_100,^FTSE,Yahoo Finance,7425.7998046875,0.008818932266018,0.8818932266018089,0.911647672253789,0.0330773213257392,1,-0.0837925286032259,2.0,0.7419963620863731,-0.0128374022940664,True
2023-11-14,FTSE_100,^FTSE,Yahoo Finance,7440.5,0.0019776541973201,0.1977654197320178,0.9034520906009244,,0,0.0330773213257392,1.0,0.911647672253789,0.008818932266018,True
2023-11-15,FTSE_100,^FTSE,Yahoo Finance,7486.89990234375,0.006216762743192,0.6216762743192039,0.8292784147911373,,0,,0.0,0.9034520906009244,0.0019776541973201,False
2023-11-16,FTSE_100,^FTSE,Yahoo Finance,7411.0,-0.0101894306619381,-1.018943066193819,0.8071810018395585,,0,,0.0,0.8292784147911373,0.006216762743192,False
2023-11-17,FTSE_100,^FTSE,Yahoo Finance,7504.2998046875,0.012510780586869,1.251078058686908,0.8854432352248062,,0,,0.0,0.8071810018395585,-0.0101894306619381,False
2023-11-20,FTSE_100,^FTSE,Yahoo Finance,7496.39990234375,-0.0010532712777898,-0.1053271277789846,0.9581516722094898,,0,,0.0,0.8854432352248062,0.012510780586869,False
2023-11-21,FTSE_100,^FTSE,Yahoo Finance,7482.0,-0.0019227563523467,-0.1922756352346713,0.8721057536631086,,0,,0.0,0.9581516722094898,-0.0010532712777898,False
2023-11-22,FTSE_100,^FTSE,Yahoo Finance,7469.5,-0.0016720734257195,-0.1672073425719512,0.81111006462923,,0,,0.0,0.8721057536631086,-0.0019227563523467,False
2023-11-23,FTSE_100,^FTSE,Yahoo Finance,7483.60009765625,0.0018859101782593,0.1885910178259322,0.7644048419499908,,0,,0.0,0.81111006462923,-0.0016720734257195,False
2023-11-24,FTSE_100,^FTSE,Yahoo Finance,7488.2001953125,0.0006145016245193,0.0614501624519398,0.7253347364587271,,0,,0.0,0.7644048419499908,0.0018859101782593,False
2023-11-27,FTSE_100,^FTSE,Yahoo Finance,7460.7001953125,-0.0036792045304536,-0.3679204530453668,0.69490704800075,,0,,0.0,0.7253347364587271,0.0006145016245193,False
2023-11-28,FTSE_100,^FTSE,Yahoo Finance,7455.2001953125,-0.0007374680850947,-0.073746808509471,0.6978638376850934,,0,,0.0,0.69490704800075,-0.0036792045304536,False
2023-11-29,FTSE_100,^FTSE,Yahoo Finance,7423.5,-0.0042611576095519,-0.4261157609551989,0.6776725076178359,0.2051608715182504,1,,0.0,0.6978638376850934,-0.0007374680850947,False
2023-11-30,FTSE_100,^FTSE,Yahoo Finance,7453.7998046875,0.0040732991845578,0.4073299184557818,0.693085409624899,,0,0.2051608715182504,1.0,0.6776725076178359,-0.0042611576095519,True
2023-12-01,FTSE_100,^FTSE,Yahoo Finance,7529.39990234375,0.010091401129718,1.0091401129718067,0.6873150349975629,,0,,0.0,0.693085409624899,0.0040732991845578,False
2023-12-04,FTSE_100,^FTSE,Yahoo Finance,7513.0,-0.0021804910051657,-0.2180491005165724,0.779566250201928,-0.15587245993537444,4,,0.0,0.6873150349975629,0.010091401129718,False
2023-12-05,FTSE_100,^FTSE,Yahoo Finance,7489.7998046875,-0.0030927845612322,-0.3092784561232276,0.7444582075938386,,0,-0.15587245993537444,4.0,0.779566250201928,-0.0021804910051657,True
2023-12-06,FTSE_100,^FTSE,Yahoo Finance,7515.39990234375,0.0034121668480685,0.3412166848068571,0.7266070819833369,,0,,0.0,0.7444582075938386,-0.0030927845612322,False
2023-12-07,FTSE_100,^FTSE,Yahoo Finance,7513.7001953125,-0.0002261887973933,-0.0226188797393342,0.70571787548189,,0,,0.0,0.7266070819833369,0.0034121668480685,False
2023-12-08,FTSE_100,^FTSE,Yahoo Finance,7554.5,0.0054153653212921,0.5415365321292119,0.6817548427798376,,0,,0.0,0.70571787548189,-0.0002261887973933,False
2023-12-11,FTSE_100,^FTSE,Yahoo Finance,7544.89990234375,-0.0012715868195952,-0.1271586819595294,0.6939496281326067,,0,,0.0,0.6817548427798376,0.0054153653212921,False
2023-12-12,FTSE_100,^FTSE,Yahoo Finance,7542.7998046875,-0.0002783854014318,-0.0278385401431877,0.6772561841003367,,0,,0.0,0.6939496281326067,-0.0012715868195952,False
2023-12-13,FTSE_100,^FTSE,Yahoo Finance,7548.39990234375,0.0007421673587278,0.0742167358727805,0.6615189914201062,,0,,0.0,0.6772561841003367,-0.0002783854014318,False
2023-12-14,FTSE_100,^FTSE,Yahoo Finance,7649.0,0.0132393130042698,1.3239313004269804,0.6491556988303817,-0.2285176933122177,1,,0.0,0.6615189914201062,0.0007421673587278,False
2023-12-15,FTSE_100,^FTSE,Yahoo Finance,7576.39990234375,-0.0095367804288115,-0.9536780428811562,0.835749594764495,-0.1636869851499796,1,-0.2285176933122177,1.0,0.6491556988303817,0.0132393130042698,True
2023-12-18,FTSE_100,^FTSE,Yahoo Finance,7614.5,0.0050161843986911,0.5016184398691124,0.8897443498668633,-0.0569317076551567,4,-0.1636869851499796,1.0,0.835749594764495,-0.0095367804288115,True
2023-12-19,FTSE_100,^FTSE,Yahoo Finance,7638.0,0.0030814644937158,0.3081464493715867,0.837902942602937,0.0615115707643844,1,-0.0569317076551567,4.0,0.8897443498668633,0.0050161843986911,True
2023-12-20,FTSE_100,^FTSE,Yahoo Finance,7715.7001953125,0.010121450549114,1.0121450549114053,0.7848061630083092,,0,0.0615115707643844,1.0,0.837902942602937,0.0030814644937158,True
2023-12-21,FTSE_100,^FTSE,Yahoo Finance,7694.7001953125,-0.0027254337936288,-0.2725433793628833,0.8417215006961745,,0,,0.0,0.7848061630083092,0.010121450549114,False
2023-12-22,FTSE_100,^FTSE,Yahoo Finance,7697.5,0.0003637952577086,0.0363795257708699,0.7939829680350896,,0,,0.0,0.8417215006961745,-0.0027254337936288,False
2023-12-27,FTSE_100,^FTSE,Yahoo Finance,7725.0,0.0035662219672907,0.356622196729079,0.7453364950817223,-0.012679053200052937,6,,0.0,0.7939829680350896,0.0003637952577086,False
2023-12-28,FTSE_100,^FTSE,Yahoo Finance,7722.7001953125,-0.0002977536688845,-0.0297753668884548,0.7202687809485945,,0,-0.012679053200052937,6.0,0.7453364950817223,0.0035662219672907,True
2023-12-29,FTSE_100,^FTSE,Yahoo Finance,7733.2001953125,0.0013587046176472,0.1358704617647271,0.692421525808832,0.039208454867115335,3,,0.0,0.7202687809485945,-0.0002977536688845,False
2021-01-04,WIG20,WIG20,Stooq,2008.75,,,,0.0267215295613784,1,,,,,False
2021-01-05,WIG20,WIG20,Stooq,2009.12,0.0001841771889313,0.0184177188931359,1.4994885937453302,,0,0.0267215295613784,1.0,,,False
2021-01-07,WIG20,WIG20,Stooq,2074.11,0.0318353307508607,3.1835330750860784,1.4527054190997544,0.336831514001824,1,,0.0,1.4994885937453302,0.0001841771889313,False
2021-01-08,WIG20,WIG20,Stooq,2072.74,-0.0006607425153276,-0.0660742515327666,1.6037123566537388,0.0052259086320797,1,0.336831514001824,1.0,1.4527054190997544,0.0318353307508607,True
2021-01-11,WIG20,WIG20,Stooq,2066.97,-0.0027876366878433,-0.2787636687843374,1.551824408837187,,0,0.0052259086320797,1.0,1.6037123566537388,-0.0006607425153276,True
2021-01-12,WIG20,WIG20,Stooq,2043.73,-0.0113071971233842,-1.1307197123384205,1.5044619299692583,,0,,0.0,1.551824408837187,-0.0027876366878433,False
2021-01-13,WIG20,WIG20,Stooq,2023.36,-0.0100170737947109,-1.001707379471094,1.4857157740009463,,0,,0.0,1.5044619299692583,-0.0113071971233842,False
2021-01-14,WIG20,WIG20,Stooq,2031.71,0.0041183071077172,0.4118307107717222,1.4624069419849173,,0,,0.0,1.4857157740009463,-0.0100170737947109,False
2021-01-15,WIG20,WIG20,Stooq,1985.68,-0.0229163782506085,-2.2916378250608505,1.42031857691156,,0,,0.0,1.4624069419849173,0.0041183071077172,False
2021-01-18,WIG20,WIG20,Stooq,2023.74,0.0189858599304756,1.8985859930475664,1.4919923430288724,-0.0037242474788640005,2,,0.0,1.42031857691156,-0.0229163782506085,False
2021-01-19,WIG20,WIG20,Stooq,1980.12,-0.021789835745119,-2.1789835745119053,1.5147929740090935,,0,-0.0037242474788640005,2.0,1.4919923430288724,0.0189858599304756,True
2021-01-20,WIG20,WIG20,Stooq,1986.09,0.0030104328861535,0.3010432886153539,1.5652205850944028,,0,,0.0,1.5147929740090935,-0.021789835745119,False
2021-01-21,WIG20,WIG20,Stooq,1953.49,-0.0165503653339931,-1.655036533399313,1.5162908170649312,0.3381085558561608,1,,0.0,1.5652205850944028,0.0030104328861535,False
2021-01-22,WIG20,WIG20,Stooq,1952.67,-0.0004198496795038,-0.0419849679503833,1.526667738276328,,0,0.3381085558561608,1.0,1.5162908170649312,-0.0165503653339931,True
2021-01-25,WIG20,WIG20,Stooq,1945.78,-0.0035347418455368,-0.353474184553682,1.478626935598901,-0.0964394633968671,1,,0.0,1.526667738276328,-0.0004198496795038,False
2021-01-26,WIG20,WIG20,Stooq,1981.98,0.0184334200818306,1.8433420081830676,1.4362895071959818,,0,-0.0964394633968671,1.0,1.478626935598901,-0.0035347418455368,True
2021-01-27,WIG20,WIG20,Stooq,1929.21,-0.0269857523445324,-2.69857523445324,1.460383669333358,,0,,0.0,1.4362895071959818,0.0184334200818306,False
2021-01-28,WIG20,WIG20,Stooq,1987.83,0.0299329988044645,2.99329988044646,1.567178218903508,,0,,0.0,1.460383669333358,-0.0269857523445324,False
2021-01-29,WIG20,WIG20,Stooq,1948.01,-0.0202352528220666,-2.0235252822066627,1.679333179140957,,0,,0.0,1.567178218903508,0.0299329988044645,False
2021-02-01,WIG20,WIG20,Stooq,1967.72,0.0100671734076541,1.0067173407654122,1.7007681083812682,0.0621185224425668,1,,0.0,1.679333179140957,-0.0202352528220666,False
2021-02-02,WIG20,WIG20,Stooq,1954.02,-0.0069867231023033,-0.6986723102303334,1.6603893483502616,-0.2356191715225577,1,0.0621185224425668,1.0,1.7007681083812682,0.0100671734076541,True
2021-02-03,WIG20,WIG20,Stooq,1940.69,-0.0068452090400317,-0.6845209040031797,1.615784196756545,,0,-0.2356191715225577,1.0,1.6603893483502616,-0.0069867231023033,True
2021-02-04,WIG20,WIG20,Stooq,1927.02,-0.0070688117371498,-0.7068811737149847,1.5733016963063031,0.10683399933465826,2,,0.0,1.615784196756545,-0.0068452090400317,False
2021-02-05,WIG20,WIG20,Stooq,1957.73,0.0158108705822016,1.581087058220169,1.5338946513784262,0.14133173132137056,3,0.10683399933465826,2.0,1.5733016963063031,-0.0070688117371498,True
2021-02-08,WIG20,WIG20,Stooq,1952.1,-0.0028799226008529,-0.2879922600852916,1.5319114512889864,,0,0.14133173132137056,3.0,1.5338946513784262,0.0158108705822016,True
2021-02-09,WIG20,WIG20,Stooq,1941.6,-0.0053933407566564,-0.5393340756656471,1.4857223428483568,,0,,0.0,1.5319114512889864,-0.0028799226008529,False
2021-02-10,WIG20,WIG20,Stooq,1917.54,-0.0124692608931206,-1.2469260893120646,1.4468146386777831,-0.0562053024768829,1,,0.0,1.4857223428483568,-0.0053933407566564,False
2021-02-11,WIG20,WIG20,Stooq,1954.92,0.0193061573468073,1.930615734680732,1.4381620874155931,,0,-0.0562053024768829,1.0,1.4468146386777831,-0.0124692608931206,True
2021-02-12,WIG20,WIG20,Stooq,1937.07,-0.0091727497537712,-0.9172749753771238,1.4686314622483176,0.0720571026361236,2,,0.0,1.4381620874155931,0.0193061573468073,False
2021-02-15,WIG20,WIG20,Stooq,1974.82,0.0193007328289757,1.9300732828975768,1.4429402909616786,0.027011420844346552,2,0.0720571026361236,2.0,1.4686314622483176,-0.0091727497537712,True
2021-02-16,WIG20,WIG20,Stooq,2004.54,0.0149373530432011,1.49373530432011,1.4728885715748758,0.07050831933378325,2,0.027011420844346552,2.0,1.4429402909616786,0.0193007328289757,True
2021-02-17,WIG20,WIG20,Stooq,1986.8,-0.0088893037512885,-0.8889303751288574,1.4706105594291672,,0,0.07050831933378325,2.0,1.4728885715748758,0.0149373530432011,True
2021-02-18,WIG20,WIG20,Stooq,1980.77,-0.0030396462534107,-0.3039646253410758,1.4436716038484518,0.3765704035633117,1,,0.0,1.4706105594291672,-0.0088893037512885,False
2021-02-19,WIG20,WIG20,Stooq,1985.31,0.0022894152326753,0.2289415232675391,1.402448919968401,-0.135077327877904,1,0.3765704035633117,1.0,1.4436716038484518,-0.0030396462534107,True
2021-02-22,WIG20,WIG20,Stooq,1961.62,-0.0120044107639796,-1.2004410763979652,1.3614641676721535,,0,-0.135077327877904,1.0,1.402448919968401,0.0022894152326753,True
2021-02-23,WIG20,WIG20,Stooq,1922.59,-0.0200974271202112,-2.009742712021121,1.3568603207143262,,0,,0.0,1.3614641676721535,-0.0120044107639796,False
2021-02-24,WIG20,WIG20,Stooq,1937.9,0.0079316772039347,0.7931677203934774,1.410638797270923,-0.2145538447158677,1,,0.0,1.3568603207143262,-0.0200974271202112,False
2021-02-25,WIG20,WIG20,Stooq,1936.47,-0.000738184564167,-0.0738184564167083,1.3805720817247689,,0,-0.2145538447158677,1.0,1.410638797270923,0.0079316772039347,True
2021-02-26,WIG20,WIG20,Stooq,1907.28,-0.015188584668003,-1.518858466800307,1.340381590766112,,0,,0.0,1.3805720817247689,-0.000738184564167,False
2021-03-01,WIG20,WIG20,Stooq,1949.57,0.0219306921207191,2.193069212071915,1.3573759307770137,,0,,0.0,1.340381590766112,-0.015188584668003,False
2021-03-02,WIG20,WIG20,Stooq,1959.52,0.0050907098522243,0.5090709852224359,1.4187036330167788,,0,,0.0,1.3573759307770137,0.0219306921207191,False
2021-03-03,WIG20,WIG20,Stooq,1943.24,-0.0083428621941573,-0.8342862194157348,1.3807408929415597,,0,,0.0,1.4187036330167788,0.0050907098522243,False
2021-03-04,WIG20,WIG20,Stooq,1944.86,0.0008333119486356,0.0833311948635694,1.357520240596259,,0,,0.0,1.3807408929415597,-0.0083428621941573,False
2021-03-05,WIG20,WIG20,Stooq,1939.59,-0.0027133845117556,-0.2713384511755663,1.318263168457689,0.0442173663953629,1,,0.0,1.357520240596259,0.0008333119486356,False
2021-03-08,WIG20,WIG20,Stooq,1965.25,0.013142853158166,1.3142853158166037,1.2835126839625883,,0,0.0442173663953629,1.0,1.318263168457689,-0.0027133845117556,True
2021-03-09,WIG20,WIG20,Stooq,1994.18,0.0146134745861904,1.4613474586190411,1.2861229707907793,,0,,0.0,1.2835126839625883,0.013142853158166,False
2021-03-10,WIG20,WIG20,Stooq,2003.55,0.0046876688311675,0.4687668831167585,1.2976353513071612,,0,,0.0,1.2861229707907793,0.0146134745861904,False
2021-03-11,WIG20,WIG20,Stooq,1994.38,-0.0045873820107774,-0.4587382010777494,1.265803637333189,,0,,0.0,1.2976353513071612,0.0046876688311675,False
2021-03-12,WIG20,WIG20,Stooq,2006.11,0.0058642984315429,0.5864298431542913,1.23781417551187,,0,,0.0,1.265803637333189,-0.0045873820107774,False
2021-03-15,WIG20,WIG20,Stooq,2001.24,-0.0024305350905014,-0.2430535090501404,1.2123086134077865,,0,,0.0,1.23781417551187,0.0058642984315429,False
2021-03-16,WIG20,WIG20,Stooq,1981.41,-0.0099582759587844,-0.9958275958784444,1.183255140329971,,0,,0.0,1.2123086134077865,-0.0024305350905014,False
2021-03-17,WIG20,WIG20,Stooq,1939.01,-0.0216311789357746,-2.163117893577462,1.1817038184539796,,0,,0.0,1.183255140329971,-0.0099582759587844,False
2021-03-18,WIG20,WIG20,Stooq,1960.75,0.0111495195658468,1.114951956584685,1.2730743740844312,,0,,0.0,1.1817038184539796,-0.0216311789357746,False
2021-03-19,WIG20,WIG20,Stooq,1927.56,-0.0170720987351008,-1.70720987351008,1.2656099977688149,,0,,0.0,1.2730743740844312,0.0111495195658468,False
2021-03-22,WIG20,WIG20,Stooq,1929.12,0.0008089860113254,0.0808986011325493,1.3042189842664735,,0,,0.0,1.2656099977688149,-0.0170720987351008,False
2021-03-23,WIG20,WIG20,Stooq,1923.55,-0.0028915032332381,-0.2891503233238183,1.2678706012978849,,0,,0.0,1.3042189842664735,0.0008089860113254,False
2021-03-24,WIG20,WIG20,Stooq,1899.95,-0.0123448671169707,-1.2344867116970726,1.236286960583042,,0,,0.0,1.2678706012978849,-0.0028915032332381,False
2021-03-25,WIG20,WIG20,Stooq,1876.85,-0.0122327303832292,-1.2232730383229216,1.2440074833626489,,0,,0.0,1.236286960583042,-0.0123448671169707,False
2021-03-26,WIG20,WIG20,Stooq,1918.71,0.0220582455771075,2.2058245577107543,1.2503707717644064,,0,,0.0,1.2440074833626489,-0.0122327303832292,False
2021-03-29,WIG20,WIG20,Stooq,1953.02,0.0177238072669756,1.7723807266975602,1.3265380998409733,-0.045732110576183975,3,,0.0,1.2503707717644064,0.0220582455771075,False
2021-03-30,WIG20,WIG20,Stooq,1942.32,-0.0054937576240896,-0.5493757624089655,1.35619204444163,,0,-0.045732110576183975,3.0,1.3265380998409733,0.0177238072669756,True
2021-03-31,WIG20,WIG20,Stooq,1938.84,-0.0017932787788167,-0.1793278778816741,1.3250928197298537,,0,,0.0,1.35619204444163,-0.0054937576240896,False
2021-04-01,WIG20,WIG20,Stooq,1954.38,0.0079831514947416,0.7983151494741668,1.2887842046288926,-0.8755818214267492,1,,0.0,1.3250928197298537,-0.0017932787788167,False
2021-04-06,WIG20,WIG20,Stooq,2012.87,0.0294885567544029,2.9488556754402904,1.2666131461787191,,0,-0.8755818214267492,1.0,1.2887842046288926,0.0079831514947416,True
2021-04-07,WIG20,WIG20,Stooq,1998.73,-0.0070495854816916,-0.7049585481691618,1.4220677442599057,,0,,0.0,1.2666131461787191,0.0294885567544029,False
2021-04-08,WIG20,WIG20,Stooq,1980.32,-0.0092535310524802,-0.9253531052480222,1.3916084531646478,,0,,0.0,1.4220677442599057,-0.0070495854816916,False
2021-04-09,WIG20,WIG20,Stooq,1975.11,-0.0026343548049341,-0.2634354804934177,1.371373209875178,,0,,0.0,1.3916084531646478,-0.0092535310524802,False
2021-04-12,WIG20,WIG20,Stooq,1982.58,0.0037749337975945,0.3774933797594543,1.3335332990979112,-0.24141496828286269,4,,0.0,1.371373209875178,-0.0026343548049341,False
2021-04-13,WIG20,WIG20,Stooq,1974.73,-0.0039673466554176,-0.3967346655417666,1.2980461243306471,-0.3606886565685272,1,-0.24141496828286269,4.0,1.3335332990979112,0.0037749337975945,True
2021-04-14,WIG20,WIG20,Stooq,2011.96,0.0186776911773452,1.867769117734527,1.2667172322274034,,0,-0.3606886565685272,1.0,1.2980461243306471,-0.0039673466554176,True
2021-04-15,WIG20,WIG20,Stooq,2019.29,0.0036365931550524,0.3636593155052438,1.31034508974932,,0,,0.0,1.2667172322274034,0.0186776911773452,False
2021-04-16,WIG20,WIG20,Stooq,2012.27,-0.0034825264140297,-0.3482526414029764,1.275962385764963,,0,,0.0,1.31034508974932,0.0036365931550524,False
2021-04-19,WIG20,WIG20,Stooq,1998.99,-0.0066213850606859,-0.6621385060685943,1.244955532105732,,0,,0.0,1.275962385764963,-0.0034825264140297,False
2021-04-20,WIG20,WIG20,Stooq,1987.76,-0.0056336764039644,-0.5633676403964452,1.2243159913264456,-0.4864287902601063,1,,0.0,1.244955532105732,-0.0066213850606859,False
2021-04-21,WIG20,WIG20,Stooq,1982.4,-0.0027001447077944,-0.2700144707794473,1.2017948726650174,,0,-0.4864287902601063,1.0,1.2243159913264456,-0.0056336764039644,True
2021-04-22,WIG20,WIG20,Stooq,1989.73,0.0036907192465545,0.3690719246554521,1.173782840615818,,0,,0.0,1.2017948726650174,-0.0027001447077944,False
2021-04-23,WIG20,WIG20,Stooq,1986.63,-0.0015592152763067,-0.1559215276306779,1.147472621197689,,0,,0.0,1.173782840615818,0.0036907192465545,False
2021-04-26,WIG20,WIG20,Stooq,2005.1,0.0092541989635324,0.9254198963532408,1.121146853906811,,0,,0.0,1.147472621197689,-0.0015592152763067,False
2021-04-27,WIG20,WIG20,Stooq,1998.92,-0.0030869001190851,-0.3086900119085103,1.1160708157844823,,0,,0.0,1.121146853906811,0.0092541989635324,False
2021-04-28,WIG20,WIG20,Stooq,2029.64,0.0152514027182023,1.5251402718202385,1.0939966398214798,,0,,0.0,1.1160708157844823,-0.0030869001190851,False
2021-04-29,WIG20,WIG20,Stooq,2050.69,0.010317884458385,1.031788445838503,1.129103837123088,0.2265998545501913,1,,0.0,1.0939966398214798,0.0152514027182023,False
2021-04-30,WIG20,WIG20,Stooq,2037.59,-0.006408584947546,-0.6408584947546065,1.1286739800792622,0.4511383918627184,1,0.2265998545501913,1.0,1.129103837123088,0.010317884458385,True
2021-05-04,WIG20,WIG20,Stooq,2004.04,-0.0166025938332186,-1.6602593833218604,1.1151897262694028,,0,0.4511383918627184,1.0,1.1286739800792622,-0.006408584947546,True
2021-05-05,WIG20,WIG20,Stooq,2047.36,0.0213860152357025,2.138601523570256,1.1671793870493283,,0,,0.0,1.1151897262694028,-0.0166025938332186,False
2021-05-06,WIG20,WIG20,Stooq,2046.67,-0.000337076184851,-0.0337076184851073,1.248149701547405,,0,,0.0,1.1671793870493283,0.0213860152357025,False
2021-05-07,WIG20,WIG20,Stooq,2097.31,0.0244414890735274,2.444148907352748,1.2150703901787667,,0,,0.0,1.248149701547405,-0.000337076184851,False
2021-05-10,WIG20,WIG20,Stooq,2115.7,0.0087301557794968,0.8730155779496898,1.3208847734233535,-0.0704615110797541,1,,0.0,1.2150703901787667,0.0244414890735274,False
2021-05-11,WIG20,WIG20,Stooq,2110.48,-0.0024703172390067,-0.2470317239006726,1.2993434266338468,,0,-0.0704615110797541,1.0,1.3208847734233535,0.0087301557794968,True
2021-05-12,WIG20,WIG20,Stooq,2091.39,-0.0090864930832938,-0.9086493083293844,1.2653139467156915,,0,,0.0,1.2993434266338468,-0.0024703172390067,False
2021-05-13,WIG20,WIG20,Stooq,2089.32,-0.0009902625004636,-0.0990262500463663,1.2532050277820517,,0,,0.0,1.2653139467156915,-0.0090864930832938,False
2021-05-14,WIG20,WIG20,Stooq,2092.8,0.0016642280963721,0.1664228096372198,1.220209989290757,,0,,0.0,1.2532050277820517,-0.0009902625004636,False
2021-05-17,WIG20,WIG20,Stooq,2128.49,0.0169099258500579,1.6909925850057996,1.1888943479638905,,0,,0.0,1.220209989290757,0.0016642280963721,False
2021-05-18,WIG20,WIG20,Stooq,2136.54,0.0037748900051043,0.3774890005104379,1.226717054323268,,0,,0.0,1.1888943479638905,0.0169099258500579,False
2021-05-19,WIG20,WIG20,Stooq,2115.15,-0.010061966166693,-1.0061966166693046,1.1973862247179226,,0,,0.0,1.226717054323268,0.0037748900051043,False
2021-05-20,WIG20,WIG20,Stooq,2131.18,0.007550084966303,0.755008496630308,1.1952520044252444,-0.0436379287253927,1,,0.0,1.1973862247179226,-0.010061966166693,False
2021-05-21,WIG20,WIG20,Stooq,2139.06,0.0036906632622295,0.3690663262229544,1.177765031249928,,0,-0.0436379287253927,1.0,1.1952520044252444,0.007550084966303,True
2021-05-24,WIG20,WIG20,Stooq,2134.18,-0.0022839822342798,-0.2283982234279803,1.1512143082301134,-0.0405759594092766,1,,0.0,1.177765031249928,0.0036906632622295,False
2021-05-25,WIG20,WIG20,Stooq,2153.78,0.009141939992795,0.9141939992795044,1.1255944293186306,,0,-0.0405759594092766,1.0,1.1512143082301134,-0.0022839822342798,True
2021-05-26,WIG20,WIG20,Stooq,2164.89,0.0051451138933195,0.5145113893319556,1.1196522985534918,,0,,0.0,1.1255944293186306,0.009141939992795,False
2021-05-27,WIG20,WIG20,Stooq,2207.47,0.0194775115200781,1.947751152007816,1.0997772055934834,,0,,0.0,1.1196522985534918,0.0051451138933195,False
2021-05-28,WIG20,WIG20,Stooq,2236.31,0.0129801227428372,1.2980122742837217,1.1713002659810925,,0,,0.0,1.0997772055934834,0.0194775115200781,False
2021-05-31,WIG20,WIG20,Stooq,2233.36,-0.0013200081564612,-0.1320008156461243,1.1826451282943626,0.32167294889907627,2,,0.0,1.1713002659810925,0.0129801227428372,False
2021-06-01,WIG20,WIG20,Stooq,2233.37,4.477548452643551e-06,0.0004477548452643,1.1539908731224695,-0.1130787700298242,1,0.32167294889907627,2.0,1.1826451282943626,-0.0013200081564612,True
2021-06-02,WIG20,WIG20,Stooq,2252.26,0.0084225010395096,0.8422501039509693,1.126222755034625,,0,-0.1130787700298242,1.0,1.1539908731224695,4.477548452643551e-06,True
2021-06-04,WIG20,WIG20,Stooq,2254.59,0.0010339816978986,0.1033981697898647,1.1170382332521318,,0,,0.0,1.126222755034625,0.0084225010395096,False
2021-06-07,WIG20,WIG20,Stooq,2246.63,-0.0035368225937459,-0.3536822593745988,1.091482282006612,,0,,0.0,1.1170382332521318,0.0010339816978986,False
2021-06-08,WIG20,WIG20,Stooq,2237.61,-0.0040229836785136,-0.4022983678513625,1.0719234365849706,-0.6186492309960372,1,,0.0,1.091482282006612,-0.0035368225937459,False
2021-06-09,WIG20,WIG20,Stooq,2218.45,-0.0085995781375188,-0.8599578137518861,1.054817582268609,,0,-0.6186492309960372,1.0,1.0719234365849706,-0.0040229836785136,True
2021-06-10,WIG20,WIG20,Stooq,2236.89,0.0082777544672922,0.8277754467292212,1.0566460701646083,,0,,0.0,1.054817582268609,-0.0085995781375188,False
2021-06-11,WIG20,WIG20,Stooq,2224.67,-0.0054779182876448,-0.5477918287644867,1.05209871091023,-0.09298604481155051,2,,0.0,1.0566460701646083,0.0082777544672922,False
2021-06-14,WIG20,WIG20,Stooq,2253.2,0.0127428380266587,1.2742838026658714,1.0407179279800165,,0,-0.09298604481155051,2.0,1.05209871091023,-0.0054779182876448,True
2021-06-15,WIG20,WIG20,Stooq,2230.37,-0.010183937046965,-1.0183937046965037,1.0629308700907611,0.0119175954129208,1,,0.0,1.0407179279800165,0.0127428380266587,False
2021-06-16,WIG20,WIG20,Stooq,2225.27,-0.0022892344207576,-0.2289234420757603,1.072861930233456,,0,0.0119175954129208,1.0,1.0629308700907611,-0.010183937046965,True
2021-06-17,WIG20,WIG20,Stooq,2211.58,-0.0061710643565717,-0.6171064356571727,1.0521025626064373,,0,,0.0,1.072861930233456,-0.0022892344207576,False
2021-06-18,WIG20,WIG20,Stooq,2220.68,0.0041062630741676,0.4106263074167632,1.043236646034523,,0,,0.0,1.0521025626064373,-0.0061710643565717,False
2021-06-21,WIG20,WIG20,Stooq,2219.45,-0.0005540378463978,-0.0554037846397803,1.0259401045370835,,0,,0.0,1.043236646034523,0.0041062630741676,False
2021-06-22,WIG20,WIG20,Stooq,2220.53,0.0004864886874718,0.0486488687471813,1.0062280792092095,,0,,0.0,1.0259401045370835,-0.0005540378463978,False
2021-06-23,WIG20,WIG20,Stooq,2233.7,0.0059134972280047,0.5913497228004784,0.9874461490007476,,0,,0.0,1.0062280792092095,0.0004864886874718,False
2021-06-24,WIG20,WIG20,Stooq,2273.11,0.0174895345347679,1.7489534534767974,0.9789173239351951,,0,,0.0,0.9874461490007476,0.0059134972280047,False
2021-06-25,WIG20,WIG20,Stooq,2282.46,0.0041048707972554,0.4104870797255462,1.0480172894343585,,0,,0.0,0.9789173239351951,0.0174895345347679,False
2021-06-28,WIG20,WIG20,Stooq,2285.81,0.0014666386183371,0.1466638618337163,1.0304027718401867,0.1778556299085418,1,,0.0,1.0480172894343585,0.0041048707972554,False
2021-06-29,WIG20,WIG20,Stooq,2258.24,-0.0121346984774063,-1.2134698477406345,1.010368757785745,,0,0.1778556299085418,1.0,1.0304027718401867,0.0014666386183371,True
2021-06-30,WIG20,WIG20,Stooq,2218.41,-0.0177950257677212,-1.7795025767721209,1.0383414059840708,,0,,0.0,1.010368757785745,-0.0121346984774063,False
2021-07-01,WIG20,WIG20,Stooq,2250.58,0.0143972377125168,1.4397237712516826,1.1115580907698766,-0.1482347610704216,1,,0.0,1.0383414059840708,-0.0177950257677212,False
2021-07-02,WIG20,WIG20,Stooq,2252.18,0.0007106752602141,0.0710675260214154,1.138325756773153,,0,-0.1482347610704216,1.0,1.1115580907698766,0.0143972377125168,True
2021-07-05,WIG20,WIG20,Stooq,2258.82,0.0029439170009063,0.2943917000906395,1.1114331321968285,-0.1353878768902548,1,,0.0,1.138325756773153,0.0007106752602141,False
2021-07-06,WIG20,WIG20,Stooq,2228.46,-0.013531789086108,-1.3531789086108097,1.087792386992222,,0,-0.1353878768902548,1.0,1.1114331321968285,0.0029439170009063,True
2021-07-07,WIG20,WIG20,Stooq,2285.79,0.0254009336857108,2.540093368571086,1.1178794551988278,,0,,0.0,1.087792386992222,-0.013531789086108,False
2021-07-08,WIG20,WIG20,Stooq,2234.6,-0.0226494565047467,-2.2649456504746737,1.250819705066769,,0,,0.0,1.1178794551988278,0.0254009336857108,False
2021-07-09,WIG20,WIG20,Stooq,2251.78,0.0076587734328872,0.7658773432887287,1.342662534301874,,0,,0.0,1.250819705066769,-0.0226494565047467,False
2021-07-12,WIG20,WIG20,Stooq,2255.48,0.0016417960495336,0.1641796049533672,1.3159347085585384,-0.0408089455172774,2,,0.0,1.342662534301874,0.0076587734328872,False
2021-07-13,WIG20,WIG20,Stooq,2264.26,0.0038851841230928,0.3885184123092862,1.2792286441480851,,0,-0.0408089455172774,2.0,1.3159347085585384,0.0016417960495336,True
2021-07-14,WIG20,WIG20,Stooq,2268.57,0.0019016823039418,0.1901682303941852,1.2470134421884678,,0,,0.0,1.2792286441480851,0.0038851841230928,False
2021-07-15,WIG20,WIG20,Stooq,2260.49,-0.0035680730978628,-0.3568073097862823,1.2143223441091069,,0,,0.0,1.2470134421884678,0.0019016823039418,False
2021-07-16,WIG20,WIG20,Stooq,2258.1,-0.0010578522162345,-0.1057852216234568,1.1871536026677345,,0,,0.0,1.2143223441091069,-0.0035680730978628,False
2021-07-19,WIG20,WIG20,Stooq,2205.86,-0.0234062961909857,-2.3406296190985705,1.1580075971823909,,0,,0.0,1.1871536026677345,-0.0010578522162345,False
2021-07-20,WIG20,WIG20,Stooq,2221.28,0.006966150768882,0.6966150768882071,1.2722860176899122,,0,,0.0,1.1580075971823909,-0.0234062961909857,False
2021-07-21,WIG20,WIG20,Stooq,2241.97,0.0092713373461857,0.9271337346185756,1.2477939525797077,,0,,0.0,1.2722860176899122,0.006966150768882,False
2021-07-22,WIG20,WIG20,Stooq,2229.86,-0.0054161404183355,-0.5416140418335507,1.2334358627023112,,0,,0.0,1.2477939525797077,0.0092713373461857,False
2021-07-23,WIG20,WIG20,Stooq,2242.41,0.0056123771339625,0.5612377133962527,1.2096825035949608,-0.16345814898765332,2,,0.0,1.2334358627023112,-0.0054161404183355,False
2021-07-26,WIG20,WIG20,Stooq,2240.65,-0.0007851780214498,-0.0785178021449818,1.1852708718616607,,0,-0.16345814898765332,2.0,1.2096825035949608,0.0056123771339625,True
2021-07-27,WIG20,WIG20,Stooq,2224.59,-0.0071933733691763,-0.7193373369176341,1.1560356104726237,,0,,0.0,1.1852708718616607,-0.0007851780214498,False
2021-07-28,WIG20,WIG20,Stooq,2245.76,0.0094713649971165,0.9471364997116556,1.1436430320045003,,0,,0.0,1.1560356104726237,-0.0071933733691763,False
2021-07-29,WIG20,WIG20,Stooq,2265.69,0.0088353543318759,0.8835354331875994,1.1378573528223248,0.1576086122387399,1,,0.0,1.1436430320045003,0.0094713649971165,False
2021-07-30,WIG20,WIG20,Stooq,2253.45,-0.0054169731101294,-0.541697311012945,1.1295993138211589,,0,0.1576086122387399,1.0,1.1378573528223248,0.0088353543318759,True
2021-08-02,WIG20,WIG20,Stooq,2253.28,-7.544272680200989e-05,-0.0075442726802009,1.112638410923502,-0.1259458739426918,2,,0.0,1.1295993138211589,-0.0054169731101294,False
2021-08-03,WIG20,WIG20,Stooq,2257.73,0.0019729512652297,0.1972951265229748,1.0873525762565448,,0,-0.1259458739426918,2.0,1.112638410923502,-7.544272680200989e-05,True
2021-08-04,WIG20,WIG20,Stooq,2272.09,0.0063402290175669,0.6340229017566932,1.0641281269974487,,0,,0.0,1.0873525762565448,0.0019729512652297,False
2021-08-05,WIG20,WIG20,Stooq,2270.67,-0.000625170621494,-0.0625170621494072,1.0515032669835005,,0,,0.0,1.0641281269974487,0.0063402290175669,False
2021-08-06,WIG20,WIG20,Stooq,2273.89,0.0014170791182615,0.1417079118261505,1.0302257336573215,,0,,0.0,1.0515032669835005,-0.000625170621494,False
2021-08-09,WIG20,WIG20,Stooq,2274.48,0.0002594336007446,0.0259433600744664,1.010174924306459,,0,,0.0,1.0302257336573215,0.0014170791182615,False
2021-08-10,WIG20,WIG20,Stooq,2277.23,0.0012083372335237,0.1208337233523741,0.991156542529408,,0,,0.0,1.010174924306459,0.0002594336007446,False
2021-08-11,WIG20,WIG20,Stooq,2283.69,0.0028327637055166,0.2832763705516662,0.973503712714408,,0,,0.0,0.991156542529408,0.0012083372335237,False
2021-08-12,WIG20,WIG20,Stooq,2297.72,0.0061247711332157,0.6124771133215712,0.9585583492832606,,0,,0.0,0.973503712714408,0.0028327637055166,False
2021-08-13,WIG20,WIG20,Stooq,2302.03,0.0018740154405652,0.187401544056522,0.9529134298854324,,0,,0.0,0.9585583492832606,0.0061247711332157,False
2021-08-16,WIG20,WIG20,Stooq,2282.1,-0.0086952706715052,-0.8695270671505231,0.9382217336577144,,0,,0.0,0.9529134298854324,0.0018740154405652,False
2021-08-17,WIG20,WIG20,Stooq,2300.04,0.0078304423989967,0.7830442398996709,0.950844586515466,,0,,0.0,0.9382217336577144,-0.0086952706715052,False
2021-08-18,WIG20,WIG20,Stooq,2284.97,-0.0065736189310889,-0.6573618931088988,0.9527706199071516,,0,,0.0,0.950844586515466,0.0078304423989967,False
2021-08-19,WIG20,WIG20,Stooq,2260.02,-0.0109792323545763,-1.0979232354576378,0.9532744643903074,,0,,0.0,0.9527706199071516,-0.0065736189310889,False
2021-08-20,WIG20,WIG20,Stooq,2255.56,-0.0019753836496288,-0.197538364962889,0.9790329833786596,,0,,0.0,0.9532744643903074,-0.0109792323545763,False
2021-08-23,WIG20,WIG20,Stooq,2287.52,0.0140699821457862,1.4069982145786266,0.9638967910955056,,0,,0.0,0.9790329833786596,-0.0019753836496288,False
2021-08-24,WIG20,WIG20,Stooq,2300.9,0.0058320894446331,0.5832089444633167,1.004444366582362,,0,,0.0,0.9638967910955056,0.0140699821457862,False
2021-08-25,WIG20,WIG20,Stooq,2325.19,0.0105014053871446,1.050140538714466,0.9944111313248452,,0,,0.0,1.004444366582362,0.0058320894446331,False
2021-08-26,WIG20,WIG20,Stooq,2309.44,-0.0067966852287233,-0.6796685228723333,1.0066640935854712,-0.2197948857778456,1,,0.0,0.9944111313248452,0.0105014053871446,False
2021-08-27,WIG20,WIG20,Stooq,2323.77,0.0061857958925447,0.6185795892544775,1.0038146818606055,,0,-0.2197948857778456,1.0,1.0066640935854712,-0.0067966852287233,True
2021-08-30,WIG20,WIG20,Stooq,2350.23,0.011322328912992,1.1322328912992052,0.9950027958798116,,0,,0.0,1.0038146818606055,0.0061857958925447,False
2021-08-31,WIG20,WIG20,Stooq,2368.03,0.00754519015312,0.7545190153120069,1.0122757736042804,,0,,0.0,0.9950027958798116,0.011322328912992,False
2021-09-01,WIG20,WIG20,Stooq,2371.16,0.0013209010211013,0.1320901021101304,1.0080085446342872,,0,,0.0,1.0122757736042804,0.00754519015312,False
2021-09-02,WIG20,WIG20,Stooq,2391.94,0.0087254652802168,0.8725465280216819,0.9893222384343048,,0,,0.0,1.0080085446342872,0.0013209010211013,False
2021-09-03,WIG20,WIG20,Stooq,2380.82,-0.0046597860027603,-0.4659786002760324,0.9923160596851788,,0,,0.0,0.9893222384343048,0.0087254652802168,False
2021-09-06,WIG20,WIG20,Stooq,2416.38,0.0148255863138423,1.4825586313842325,0.9825412630375988,,0,,0.0,0.9923160596851788,-0.0046597860027603,False
2021-09-07,WIG20,WIG20,Stooq,2394.79,-0.0089750081265337,-0.8975008126533724,1.027070838668896,,0,,0.0,0.9825412630375988,0.0148255863138423,False
2021-09-08,WIG20,WIG20,Stooq,2364.63,-0.0126739828446546,-1.2673982844654657,1.0332540996218915,,0,,0.0,1.027070838668896,-0.0089750081265337,False
2021-09-09,WIG20,WIG20,Stooq,2356.39,-0.0034907746069198,-0.3490774606919814,1.0627504833917487,0.1649852681818396,2,,0.0,1.0332540996218915,-0.0126739828446546,False
2021-09-10,WIG20,WIG20,Stooq,2360.7,0.0018273983321901,0.1827398332190101,1.0449632264853652,0.00726119083216205,2,0.1649852681818396,2.0,1.0627504833917487,-0.0034907746069198,True
2021-09-13,WIG20,WIG20,Stooq,2387.74,0.0113891266538927,1.1389126653892745,1.0242563834627252,,0,0.00726119083216205,2.0,1.0449632264853652,0.0018273983321901,True
2021-09-14,WIG20,WIG20,Stooq,2376.01,-0.0049247016350525,-0.4924701635052534,1.0391479077618675,,0,,0.0,1.0242563834627252,0.0113891266538927,False
2021-09-15,WIG20,WIG20,Stooq,2355.23,-0.008784223002716,-0.8784223002716057,1.0268627935566998,,0,,0.0,1.0391479077618675,-0.0049247016350525,False
2021-09-16,WIG20,WIG20,Stooq,2357.28,0.0008700247338726,0.0870024733872669,1.032027484462726,,0,,0.0,1.0268627935566998,-0.008784223002716,False
2021-09-17,WIG20,WIG20,Stooq,2333.01,-0.0103491326201823,-1.0349132620182306,1.0116507687251612,,0,,0.0,1.032027484462726,0.0008700247338726,False
2021-09-20,WIG20,WIG20,Stooq,2272.52,-0.0262699314458675,-2.626993144586753,1.0273488797487162,-0.2479507087596825,1,,0.0,1.0116507687251612,-0.0103491326201823,False
2021-09-21,WIG20,WIG20,Stooq,2278.11,0.0024568039202116,0.2456803920211678,1.201380258875698,,0,-0.2479507087596825,1.0,1.0273488797487162,-0.0262699314458675,True
2021-09-22,WIG20,WIG20,Stooq,2334.1,0.0242802260169354,2.4280226016935416,1.1717848666566462,,0,,0.0,1.201380258875698,0.0024568039202116,False
2021-09-23,WIG20,WIG20,Stooq,2320.51,-0.0058393887421222,-0.5839388742122228,1.2826647939883762,,0,,0.0,1.1717848666566462,0.0242802260169354,False
2021-09-24,WIG20,WIG20,Stooq,2299.18,-0.0092344514788934,-0.9234451478893476,1.2570613842510672,,0,,0.0,1.2826647939883762,-0.0058393887421222,False
2021-09-27,WIG20,WIG20,Stooq,2292.47,-0.0029226987146209,-0.2922698714620984,1.2462396166110914,-0.1622834741310388,1,,0.0,1.2570613842510672,-0.0092344514788934,False
2021-09-28,WIG20,WIG20,Stooq,2275.68,-0.0073509300725868,-0.7350930072586879,1.2159693623821386,,0,-0.1622834741310388,1.0,1.2462396166110914,-0.0029226987146209,True
2021-09-29,WIG20,WIG20,Stooq,2290.97,0.0066963998273775,0.6696399827377552,1.1999840766514385,,0,,0.0,1.2159693623821386,-0.0073509300725868,False
2021-09-30,WIG20,WIG20,Stooq,2310.29,0.0083977491124573,0.8397749112457319,1.1793038551415886,,0,,0.0,1.1999840766514385,0.0066963998273775,False
2021-10-01,WIG20,WIG20,Stooq,2327.88,0.0075849243692623,0.7584924369262345,1.166167357421798,-0.12568901542884603,2,,0.0,1.1793038551415886,0.0083977491124573,False
2021-10-04,WIG20,WIG20,Stooq,2338.09,0.004376374599799,0.4376374599799003,1.1508005296256485,0.9095829371362923,1,-0.12568901542884603,2.0,1.166167357421798,0.0075849243692623,True
2021-10-05,WIG20,WIG20,Stooq,2364.72,0.0113252649515148,1.132526495151487,1.127179613281223,0.1851781075820326,1,0.9095829371362923,1.0,1.1508005296256485,0.004376374599799,True
2021-10-06,WIG20,WIG20,Stooq,2349.46,-0.0064741071832982,-0.6474107183298207,1.1324241592455595,,0,0.1851781075820326,1.0,1.127179613281223,0.0113252649515148,True
2021-10-07,WIG20,WIG20,Stooq,2359.54,0.0042811702679409,0.4281170267940987,1.118919345177757,,0,,0.0,1.1324241592455595,-0.0064741071832982,False
2021-10-08,WIG20,WIG20,Stooq,2411.12,0.0216246850545091,2.162468505450914,1.0971014691502086,,0,,0.0,1.118919345177757,0.0042811702679409,False
2021-10-11,WIG20,WIG20,Stooq,2457.36,0.0189962331131905,1.899623311319053,1.190857066484883,,0,,0.0,1.0971014691502086,0.0216246850545091,False
2021-10-12,WIG20,WIG20,Stooq,2472.33,0.0060734228788573,0.6073422878857369,1.2461001750665823,-0.1208607148379087,1,,0.0,1.190857066484883,0.0189962331131905,False
2021-10-13,WIG20,WIG20,Stooq,2451.89,-0.0083018701014099,-0.8301870101409903,1.2206429573788076,,0,-0.1208607148379087,1.0,1.2461001750665823,0.0060734228788573,True
2021-10-14,WIG20,WIG20,Stooq,2459.5,0.0030989215232759,0.3098921523275931,1.2082601072734036,,0,,0.0,1.2206429573788076,-0.0083018701014099,False
2021-10-15,WIG20,WIG20,Stooq,2453.98,-0.002246880956999,-0.2246880956999059,1.1790111047652123,,0,,0.0,1.2082601072734036,0.0030989215232759,False
2021-10-18,WIG20,WIG20,Stooq,2459.81,0.0023729148928195,0.2372914892819523,1.1516660390847009,,0,,0.0,1.1790111047652123,-0.002246880956999,False
2021-10-19,WIG20,WIG20,Stooq,2447.54,-0.0050006726927437,-0.5000672692743756,1.124917546965581,,0,,0.0,1.1516660390847009,0.0023729148928195,False
2021-10-20,WIG20,WIG20,Stooq,2443.11,-0.0018116206277666,-0.1811620627766608,1.106990641225244,,0,,0.0,1.124917546965581,-0.0050006726927437,False
2021-10-21,WIG20,WIG20,Stooq,2427.35,-0.0064716905614711,-0.6471690561471117,1.0834204962545526,,0,,0.0,1.106990641225244,-0.0018116206277666,False
2021-10-22,WIG20,WIG20,Stooq,2417.09,-0.0042357900357252,-0.4235790035725209,1.0734173335229285,,0,,0.0,1.0834204962545526,-0.0064716905614711,False
2021-10-25,WIG20,WIG20,Stooq,2427.19,0.0041698723586402,0.4169872358640277,1.0567691385482985,,0,,0.0,1.0734173335229285,-0.0042357900357252,False
2021-10-26,WIG20,WIG20,Stooq,2425.29,-0.0007831047617294,-0.0783104761729449,1.0387172513126477,,0,,0.0,1.0567691385482985,0.0041698723586402,False
2021-10-27,WIG20,WIG20,Stooq,2404.82,-0.008476048186359,-0.8476048186359041,1.0183531352767894,,0,,0.0,1.0387172513126477,-0.0007831047617294,False
2021-10-28,WIG20,WIG20,Stooq,2392.67,-0.0050651594798644,-0.5065159479864488,1.0226089123566582,,0,,0.0,1.0183531352767894,-0.008476048186359,False
2021-10-29,WIG20,WIG20,Stooq,2405.05,0.0051607961603466,0.5160796160346671,1.0119531833201794,,0,,0.0,1.0226089123566582,-0.0050651594798644,False
2021-11-02,WIG20,WIG20,Stooq,2407.53,0.0010306323092902,0.1030632309290209,0.9993668507319232,,0,,0.0,1.0119531833201794,0.0051607961603466,False
2021-11-03,WIG20,WIG20,Stooq,2380.11,-0.0114546205689584,-1.1454620568958411,0.98111479210602,,0,,0.0,0.9993668507319232,0.0010306323092902,False
2021-11-04,WIG20,WIG20,Stooq,2438.8,0.0243594099487871,2.4359409948787136,1.0072914633016918,,0,,0.0,0.98111479210602,-0.0114546205689584,False
2021-11-05,WIG20,WIG20,Stooq,2439.16,0.0001476026866367,0.0147602686636705,1.1481534259757482,,0,,0.0,1.0072914633016918,0.0243594099487871,False
2021-11-08,WIG20,WIG20,Stooq,2423.92,-0.0062676533760436,-0.6267653376043667,1.120697746029829,,0,,0.0,1.1481534259757482,0.0001476026866367,False
2021-11-09,WIG20,WIG20,Stooq,2395.05,-0.011981956890434,-1.198195689043403,1.1072562150194043,,0,,0.0,1.120697746029829,-0.0062676533760436,False
2021-11-10,WIG20,WIG20,Stooq,2366.59,-0.0119540069834288,-1.1954006983428898,1.1244147793571686,,0,,0.0,1.1072562150194043,-0.011981956890434,False
2021-11-12,WIG20,WIG20,Stooq,2358.23,-0.0035387628414395,-0.3538762841439558,1.1397645718871448,,0,,0.0,1.1244147793571686,-0.0119540069834288,False
2021-11-15,WIG20,WIG20,Stooq,2335.04,-0.0098823160516963,-0.9882316051696314,1.117130096655243,-0.0438211852345954,1,,0.0,1.1397645718871448,-0.0035387628414395,False
2021-11-16,WIG20,WIG20,Stooq,2340.03,0.0021347282051303,0.2134728205130389,1.1206069895870097,0.0010791712750991,1,-0.0438211852345954,1.0,1.117130096655243,-0.0098823160516963,True
2021-11-17,WIG20,WIG20,Stooq,2317.49,-0.0096790463462913,-0.967904634629138,1.0954965549824704,,0,0.0010791712750991,1.0,1.1206069895870097,0.0021347282051303,True
2021-11-18,WIG20,WIG20,Stooq,2271.31,-0.0201279459034793,-2.012794590347936,1.099678875944129,,0,,0.0,1.0954965549824704,-0.0096790463462913,False
2021-11-19,WIG20,WIG20,Stooq,2248.18,-0.0102357575501813,-1.0235757550181384,1.187587561485375,,0,,0.0,1.099678875944129,-0.0201279459034793,False
2021-11-22,WIG20,WIG20,Stooq,2247.82,-0.0001601423490965,-0.0160142349096591,1.1871716803199632,,0,,0.0,1.187587561485375,-0.0102357575501813,False
2021-11-23,WIG20,WIG20,Stooq,2261.15,0.0059126757704824,0.5912675770482464,1.157514816433062,-0.2726633501505213,1,,0.0,1.1871716803199632,-0.0001601423490965,False
2021-11-24,WIG20,WIG20,Stooq,2239.75,-0.0095092809261315,-0.9509280926131524,1.137249485554754,-0.0973020749937357,1,-0.2726633501505213,1.0,1.157514816433062,0.0059126757704824,True
2021-11-25,WIG20,WIG20,Stooq,2229.44,-0.0046138196359337,-0.4613819635933702,1.1370443934390342,,0,-0.0973020749937357,1.0,1.137249485554754,-0.0095092809261315,True
2021-11-26,WIG20,WIG20,Stooq,2143.13,-0.0394830555855877,-3.9483055585587743,1.1172150058023014,,0,,0.0,1.1370443934390342,-0.0046138196359337,False
2021-11-29,WIG20,WIG20,Stooq,2148.62,0.0025583983198093,0.2558398319809363,1.4657327756854654,,0,,0.0,1.1172150058023014,-0.0394830555855877,False
2021-11-30,WIG20,WIG20,Stooq,2194.37,0.0210692137910061,2.1069213791006165,1.4215927151716965,,0,,0.0,1.4657327756854654,0.0025583983198093,False
2021-12-01,WIG20,WIG20,Stooq,2217.18,0.0103411287519111,1.0341128751911168,1.4679759736333386,-0.2157598350729261,1,,0.0,1.4215927151716965,0.0210692137910061,False
2021-12-02,WIG20,WIG20,Stooq,2201.86,-0.0069336604224113,-0.6933660422411367,1.4430995503673598,,0,-0.2157598350729261,1.0,1.4679759736333386,0.0103411287519111,True
2021-12-03,WIG20,WIG20,Stooq,2179.71,-0.0101106172852285,-1.0110617285228507,1.4109869961234576,,0,,0.0,1.4430995503673598,-0.0069336604224113,False
2021-12-06,WIG20,WIG20,Stooq,2190.67,0.0050155926834549,0.5015592683454959,1.393194170936939,,0,,0.0,1.4109869961234576,-0.0101106172852285,False
2021-12-07,WIG20,WIG20,Stooq,2231.12,0.0182962684305465,1.829626843054656,1.3565213910938814,,0,,0.0,1.393194170936939,0.0050155926834549,False
2021-12-08,WIG20,WIG20,Stooq,2219.62,-0.0051676914815576,-0.516769148155769,1.387501908600678,-0.2193974333653307,1,,0.0,1.3565213910938814,0.0182962684305465,False
2021-12-09,WIG20,WIG20,Stooq,2212.81,-0.0030728089821709,-0.307280898217094,1.3536994419216066,,0,-0.2193974333653307,1.0,1.387501908600678,-0.0051676914815576,True
2021-12-10,WIG20,WIG20,Stooq,2213.78,0.0004382606094199,0.0438260609419941,1.317508629556149,0.0083904713392257,1,,0.0,1.3536994419216066,-0.0030728089821709,False
2021-12-13,WIG20,WIG20,Stooq,2214.38,0.00027099291971,0.0270992919710094,1.2804055916344372,-0.0792003355565525,2,0.0083904713392257,1.0,1.317508629556149,0.0004382606094199,True
2021-12-14,WIG20,WIG20,Stooq,2211.81,-0.0011612697551682,-0.1161269755168256,1.2453634255047736,,0,-0.0792003355565525,2.0,1.2804055916344372,0.00027099291971,True
2021-12-15,WIG20,WIG20,Stooq,2161.04,-0.0232215975508112,-2.3221597550811235,1.2129455047054216,0.2563302479943053,1,,0.0,1.2453634255047736,-0.0011612697551682,False
2021-12-16,WIG20,WIG20,Stooq,2213.89,0.0241615619194514,2.4161561919451446,1.3164673364893198,,0,0.2563302479943053,1.0,1.2129455047054216,-0.0232215975508112,True
2021-12-17,WIG20,WIG20,Stooq,2194.56,-0.0087695783696273,-0.8769578369627311,1.4044658246961848,,0,,0.0,1.3164673364893198,0.0241615619194514,False
2021-12-20,WIG20,WIG20,Stooq,2189.91,-0.0021211237588246,-0.2121123758824603,1.381368157167408,,0,,0.0,1.4044658246961848,-0.0087695783696273,False
2021-12-21,WIG20,WIG20,Stooq,2185.47,-0.0020295387024853,-0.2029538702485312,1.3423189720332032,,0,,0.0,1.381368157167408,-0.0021211237588246,False
2021-12-22,WIG20,WIG20,Stooq,2212.32,0.0122108302671169,1.2210830267116948,1.305315532080347,-0.0566721875220537,1,,0.0,1.3423189720332032,-0.0020295387024853,False
2021-12-23,WIG20,WIG20,Stooq,2225.8,0.0060746628990168,0.6074662899016886,1.300903744103051,-0.1804212760180235,1,-0.0566721875220537,1.0,1.305315532080347,0.0122108302671169,True
2021-12-27,WIG20,WIG20,Stooq,2226.24,0.0001976621959517,0.0197662195951708,1.2720798612911768,,0,-0.1804212760180235,1.0,1.300903744103051,0.0060746628990168,True
2021-12-28,WIG20,WIG20,Stooq,2252.43,0.0116955696827535,1.169556968275359,1.2375107902496667,,0,,0.0,1.2720798612911768,0.0001976621959517,False
2021-12-29,WIG20,WIG20,Stooq,2260.7,0.003664866403744,0.3664866403744063,1.2356821543759855,0.0725156337241915,1,,0.0,1.2375107902496667,0.0116955696827535,False
2021-12-30,WIG20,WIG20,Stooq,2266.92,0.0027475821349873,0.2747582134987316,1.2056469724228125,,0,0.0725156337241915,1.0,1.2356821543759855,0.003664866403744,True
2022-01-03,WIG20,WIG20,Stooq,2286.5,0.0086001821413484,0.8600182141348475,1.1761160431165143,-0.10978467386487739,2,,0.0,1.2056469724228125,0.0027475821349873,False
2022-01-04,WIG20,WIG20,Stooq,2300.68,0.0061824672965526,0.6182467296552658,1.1640411203996266,,0,-0.10978467386487739,2.0,1.1761160431165143,0.0086001821413484,True
2022-01-05,WIG20,WIG20,Stooq,2310.97,0.0044626184021228,0.4462618402122886,1.144136835612816,,0,,0.0,1.1640411203996266,0.0061824672965526,False
2022-01-07,WIG20,WIG20,Stooq,2311.93,0.0004153237205216,0.0415323720521623,1.1211125752535658,,0,,0.0,1.144136835612816,0.0044626184021228,False
2022-01-10,WIG20,WIG20,Stooq,2291.23,-0.0089938822612816,-0.8993882261281622,1.0952327231558994,0.0026789637105095,1,,0.0,1.1211125752535658,0.0004153237205216,False
2022-01-11,WIG20,WIG20,Stooq,2344.45,0.0229620415373518,2.296204153735181,1.0957643644764896,-0.0145441192601408,1,0.0026789637105095,1.0,1.0952327231558994,-0.0089938822612816,True
2022-01-12,WIG20,WIG20,Stooq,2411.11,0.0280363895693551,2.803638956935513,1.2043148173099711,-0.2758415777236223,1,-0.0145441192601408,1.0,1.0957643644764896,0.0229620415373518,True
2022-01-13,WIG20,WIG20,Stooq,2407.62,-0.0014485146958742,-0.1448514695874282,1.3534066417709496,,0,-0.2758415777236223,1.0,1.2043148173099711,0.0280363895693551,True
2022-01-14,WIG20,WIG20,Stooq,2383.16,-0.010211369564398,-1.0211369564398056,1.3152002606058453,-0.3340867477883067,1,,0.0,1.3534066417709496,-0.0014485146958742,False
2022-01-17,WIG20,WIG20,Stooq,2365.29,-0.0075267021293541,-0.7526702129354105,1.3047694043492697,-0.027339786090248962,3,-0.3340867477883067,1.0,1.3152002606058453,-0.010211369564398,True
2022-01-18,WIG20,WIG20,Stooq,2317.36,-0.0204720292823361,-2.047202928233613,1.2834449269846402,0.0494123771786689,1,-0.027339786090248962,3.0,1.3047694043492697,-0.0075267021293541,True
2022-01-19,WIG20,WIG20,Stooq,2316.94,-0.0001812571482855,-0.0181257148285598,1.3495110452764831,-0.1601333580911159,1,0.0494123771786689,1.0,1.2834449269846402,-0.0204720292823361,True
2022-01-20,WIG20,WIG20,Stooq,2308.94,-0.0034588048006226,-0.3458804800622628,1.310763673078945,-0.02693634154134138,5,-0.1601333580911159,1.0,1.3495110452764831,-0.0001812571482855,True
2022-01-21,WIG20,WIG20,Stooq,2273.81,-0.0153317061323463,-1.5331706132346372,1.277688153810348,-0.2778616104185342,5,-0.02693634154134138,5.0,1.310763673078945,-0.0034588048006226,True
2022-01-24,WIG20,WIG20,Stooq,2170.36,-0.0465637862171521,-4.656378621715216,1.301694807377496,-0.3019931546544538,11,-0.2778616104185342,5.0,1.277688153810348,-0.0153317061323463,True
2022-01-25,WIG20,WIG20,Stooq,2199.6,0.0133824732412966,1.338247324129669,1.710927150826634,-0.11208920701518757,7,-0.3019931546544538,11.0,1.301694807377496,-0.0465637862171521,True
2022-01-26,WIG20,WIG20,Stooq,2233.18,0.0151510530038898,1.5151053003889867,1.6832541571926642,-0.21119765474936728,4,-0.11208920701518757,7.0,1.710927150826634,0.0133824732412966,True
2022-01-27,WIG20,WIG20,Stooq,2234.33,0.0005148281818732,0.0514828181873263,1.6662105859957117,0.08215967494447429,2,-0.21119765474936728,4.0,1.6832541571926642,0.0151510530038898,True
2022-01-28,WIG20,WIG20,Stooq,2183.7,-0.022920721027101,-2.2920721027101063,1.6109245616852892,-0.12601650969287684,6,0.08215967494447429,2.0,1.6662105859957117,0.0005148281818732,True
2022-01-31,WIG20,WIG20,Stooq,2209.62,0.0117998692337622,1.1799869233762237,1.6603768442580067,-0.2187258945604145,4,-0.12601650969287684,6.0,1.6109245616852892,-0.022920721027101,True
2022-02-01,WIG20,WIG20,Stooq,2224.28,0.0066127127003151,0.6612712700315191,1.6290707869266674,-0.47516282135620713,2,-0.2187258945604145,4.0,1.6603768442580067,0.0117998692337622,True
2022-02-02,WIG20,WIG20,Stooq,2252.92,0.0127938848641398,1.2793884864139882,1.582758255660188,-0.0043421611949605214,3,-0.47516282135620713,2.0,1.6290707869266674,0.0066127127003151,True
2022-02-03,WIG20,WIG20,Stooq,2235.15,-0.0079188127009602,-0.7918812700960219,1.5609985835523263,,0,-0.0043421611949605214,3.0,1.582758255660188,0.0127938848641398,True
2022-02-04,WIG20,WIG20,Stooq,2174.57,-0.027477396061668,-2.747739606166803,1.5249723757212654,,0,,0.0,1.5609985835523263,-0.0079188127009602,False
2022-02-07,WIG20,WIG20,Stooq,2171.62,-0.0013575110397984,-0.1357511039798499,1.627721682167245,-0.03503044243070434,5,,0.0,1.5249723757212654,-0.027477396061668,False
2022-02-08,WIG20,WIG20,Stooq,2215.12,0.0198331452958879,1.9833145295887904,1.5750146282820918,-0.1824989144436337,1,-0.03503044243070434,5.0,1.627721682167245,-0.0013575110397984,True
2022-02-09,WIG20,WIG20,Stooq,2235.93,0.0093506707975504,0.9350670797550422,1.5961448264417697,-0.6325806118547916,2,-0.1824989144436337,1.0,1.5750146282820918,0.0198331452958879,True
2022-02-10,WIG20,WIG20,Stooq,2213.21,-0.0102132985233251,-1.0213298523325132,1.5595371888826188,,0,-0.6325806118547916,2.0,1.5961448264417697,0.0093506707975504,True
2022-02-11,WIG20,WIG20,Stooq,2203.13,-0.0045648738566212,-0.456487385662128,1.5321915902497705,-0.11561901395096659,7,,0.0,1.5595371888826188,-0.0102132985233251,False
2022-02-14,WIG20,WIG20,Stooq,2161.79,-0.0189424943050179,-1.8942494305017976,1.4888446117280392,-0.1577266817267598,21,-0.11561901395096659,7.0,1.5321915902497705,-0.0045648738566212,True
2022-02-15,WIG20,WIG20,Stooq,2209.7,0.0219201774944728,2.192017749447288,1.5189481810737568,-0.1572882872328174,15,-0.1577266817267598,21.0,1.4888446117280392,-0.0189424943050179,True
2022-02-16,WIG20,WIG20,Stooq,2212.73,0.0013702875903593,0.1370287590359337,1.561829502799528,0.036645588395051366,5,-0.1572882872328174,15.0,1.5189481810737568,0.0219201774944728,True
2022-02-17,WIG20,WIG20,Stooq,2175.61,-0.0169179623100083,-1.6917962310008368,1.5119706986170252,-0.2526339502065327,8,0.036645588395051366,5.0,1.561829502799528,0.0013702875903593,True
2022-02-18,WIG20,WIG20,Stooq,2143.28,-0.0149717190767039,-1.4971719076703982,1.525215124608123,-0.23616249604058098,5,-0.2526339502065327,8.0,1.5119706986170252,-0.0169179623100083,True
2022-02-21,WIG20,WIG20,Stooq,2069.53,-0.0350158375558544,-3.501583755585445,1.524768845996583,-0.2230195049261026,27,-0.23616249604058098,5.0,1.525215124608123,-0.0149717190767039,True
2022-02-22,WIG20,WIG20,Stooq,2101.31,0.0152394314081895,1.5239431408189574,1.7133161930293108,-0.18342252252404412,18,-0.2230195049261026,27.0,1.524768845996583,-0.0350158375558544,True
2022-02-23,WIG20,WIG20,Stooq,2038.99,-0.0301063725494971,-3.010637254949712,1.6945799362260423,-0.13933725036158118,9,-0.18342252252404412,18.0,1.7133161930293108,0.0152394314081895,True
2022-02-24,WIG20,WIG20,Stooq,1817.45,-0.1150201674846538,-11.502016748465383,1.8008994145005102,-0.21550786151534762,46,-0.13933725036158118,9.0,1.6945799362260423,-0.0301063725494971,True
2022-02-25,WIG20,WIG20,Stooq,1970.78,0.0809949837422425,8.099498374224252,3.3187923199830145,-0.21989668731854406,21,-0.21550786151534762,46.0,1.8008994145005102,-0.1150201674846538,True
2022-02-28,WIG20,WIG20,Stooq,1999.88,0.0146577752868778,1.4657775286877854,3.7474378830985113,-0.21508347541275263,58,-0.21989668731854406,21.0,3.3187923199830145,0.0809949837422425,True
2022-03-01,WIG20,WIG20,Stooq,1967.01,-0.0165725554817868,-1.6572555481786828,3.614436273893884,-0.14028807637377916,22,-0.21508347541275263,58.0,3.7474378830985113,0.0146577752868778,True
2022-03-02,WIG20,WIG20,Stooq,2043.96,0.0383744794002625,3.8374479400262542,3.4955545024811534,-0.05968503478045173,16,-0.14028807637377916,22.0,3.614436273893884,-0.0165725554817868,True
2022-03-03,WIG20,WIG20,Stooq,2009.56,-0.0169733100433018,-1.6973310043301812,3.4824965860548662,-0.1595275708301941,13,-0.05968503478045173,16.0,3.4955545024811534,0.0383744794002625,True
2022-03-04,WIG20,WIG20,Stooq,1918.75,-0.0462418602816771,-4.624186028167719,3.3715171192167936,-0.18788742969554675,18,-0.1595275708301941,13.0,3.4824965860548662,-0.0169733100433018,True
2022-03-07,WIG20,WIG20,Stooq,1934.94,0.0084023858956866,0.8402385895686658,3.4341878222542896,-0.09749818068509226,46,-0.18788742969554675,18.0,3.3715171192167936,-0.0462418602816771,True
2022-03-08,WIG20,WIG20,Stooq,1908.1,-0.0139683356948979,-1.396833569489795,3.303802556390327,-0.275506330580189,24,-0.09749818068509226,46.0,3.4341878222542896,0.0084023858956866,True
2022-03-09,WIG20,WIG20,Stooq,1973.25,0.0335739470522158,3.357394705221589,3.1930924071882583,-0.17954030193970616,17,-0.275506330580189,24.0,3.303802556390327,-0.0139683356948979,True
2022-03-10,WIG20,WIG20,Stooq,1970.27,-0.0015113404102073,-0.1511340410207346,3.1726254240675464,-0.13611588871665664,3,-0.17954030193970616,17.0,3.1930924071882583,0.0335739470522158,True
2022-03-11,WIG20,WIG20,Stooq,2033.49,0.0315829395271807,3.158293952718072,3.0483992747016755,-0.19901727634393274,13,-0.13611588871665664,3.0,3.1726254240675464,-0.0015113404102073,True
2022-03-14,WIG20,WIG20,Stooq,1972.14,-0.0306342811480457,-3.063428114804579,3.0264704074842173,-0.1772009885508244,29,-0.19901727634393274,13.0,3.0483992747016755,0.0315829395271807,True
2022-03-15,WIG20,WIG20,Stooq,1999.93,0.0139929323721286,1.3992932372128628,3.0063679910739545,-0.0008331880213764449,14,-0.1772009885508244,29.0,3.0264704074842173,-0.0306342811480457,True
2022-03-16,WIG20,WIG20,Stooq,2060.07,0.029627782859256,2.962778285925607,2.9079146118839323,-0.10048613661702464,7,-0.0008331880213764449,14.0,3.0063679910739545,0.0139929323721286,True
2022-03-17,WIG20,WIG20,Stooq,2125.29,0.0311683008466647,3.11683008466648,2.8845133726574743,-0.10054822425947205,7,-0.10048613661702464,7.0,2.9079146118839323,0.029627782859256,True
2022-03-18,WIG20,WIG20,Stooq,2099.26,-0.0123233619771122,-1.2323361977112297,2.8724729416130206,0.1192592640866194,10,-0.10054822425947205,7.0,2.8845133726574743,0.0311683008466647,True
2022-03-21,WIG20,WIG20,Stooq,2093.04,-0.0029673470715366,-0.2967347071536677,2.77886019855736,-0.0016046323599490473,20,0.1192592640866194,10.0,2.8724729416130206,-0.0123233619771122,True
2022-03-22,WIG20,WIG20,Stooq,2121.52,0.0135152583031134,1.3515258303113489,2.6730108169328544,-0.16783248021554034,8,-0.0016046323599490473,20.0,2.77886019855736,-0.0029673470715366,True
2022-03-23,WIG20,WIG20,Stooq,2120.86,-0.0003111461044623,-0.0311146104462324,2.5902518576047107,-0.02695355576277597,9,-0.16783248021554034,8.0,2.6730108169328544,0.0135152583031134,True
2022-03-24,WIG20,WIG20,Stooq,2138.8,0.0084232572890857,0.842325728908575,2.4916023105475733,-0.14820494109289972,11,-0.02695355576277597,9.0,2.5902518576047107,-0.0003111461044623,True
2022-03-25,WIG20,WIG20,Stooq,2115.58,-0.010915917510345,-1.091591751034509,2.405188641491126,0.006131851099847981,8,-0.14820494109289972,11.0,2.4916023105475733,0.0084232572890857,True
2022-03-28,WIG20,WIG20,Stooq,2123.12,0.0035576983287093,0.3557698328709304,2.3316217722086034,-0.024760756742274865,13,0.006131851099847981,8.0,2.405188641491126,-0.010915917510345,True
2022-03-29,WIG20,WIG20,Stooq,2171.56,0.0225590983702597,2.2559098370259743,2.245914249463421,-0.026454852450143028,7,-0.024760756742274865,13.0,2.3316217722086034,0.0035576983287093,True
2022-03-30,WIG20,WIG20,Stooq,2179.56,0.0036772182861519,0.3677218286151963,2.2293142659095166,0.1177888088256303,4,-0.026454852450143028,7.0,2.245914249463421,0.0225590983702597,True
2022-03-31,WIG20,WIG20,Stooq,2133.05,-0.0215701411900597,-2.157014119005975,2.1484848166374344,-0.0565736254949679,8,0.1177888088256303,4.0,2.2293142659095166,0.0036772182861519,True
2022-04-01,WIG20,WIG20,Stooq,2164.81,0.0147797174109373,1.4779717410937316,2.1392272469795595,0.03616349010956871,5,-0.0565736254949679,8.0,2.1484848166374344,-0.0215701411900597,True
2022-04-04,WIG20,WIG20,Stooq,2157.79,-0.0032480480135294,-0.3248048013529404,2.090628804948625,-0.1266160713199123,17,0.03616349010956871,5.0,2.1392272469795595,0.0147797174109373,True
2022-04-05,WIG20,WIG20,Stooq,2123.49,-0.0160235882209616,-1.602358822096167,2.016921593017244,-0.28871577739281357,6,-0.1266160713199123,17.0,2.090628804948625,-0.0032480480135294,True
2022-04-06,WIG20,WIG20,Stooq,2107.82,-0.0074067235146407,-0.74067235146408,1.9861561180784215,-0.059272036176095874,9,-0.28871577739281357,6.0,2.016921593017244,-0.0160235882209616,True
2022-04-07,WIG20,WIG20,Stooq,2076.63,-0.0149078505643891,-1.4907850564389136,1.9250299237853432,-0.244809069357219,7,-0.059272036176095874,9.0,1.9861561180784215,-0.0074067235146407,True
2022-04-08,WIG20,WIG20,Stooq,2085.07,0.0040560403541146,0.4056040354114634,1.8949358600549395,-0.1079729345136489,4,-0.244809069357219,7.0,1.9250299237853432,-0.0149078505643891,True
2022-04-11,WIG20,WIG20,Stooq,2121.65,0.0173916600221752,1.7391660022175266,1.830531016630309,-0.08463615915584717,7,-0.1079729345136489,4.0,1.8949358600549395,0.0040560403541146,True
2022-04-12,WIG20,WIG20,Stooq,2094.01,-0.013113199864731,-1.3113199864731064,1.814921298132202,0.19956060405650033,3,-0.08463615915584717,7.0,1.830531016630309,0.0173916600221752,True
2022-04-13,WIG20,WIG20,Stooq,2104.32,0.0049114865793835,0.4911486579383551,1.7836403970859525,-0.41309261284585963,3,0.19956060405650033,3.0,1.814921298132202,-0.013113199864731,True
2022-04-14,WIG20,WIG20,Stooq,2093.17,-0.0053127112753693,-0.5312711275369333,1.7259467812664786,-0.12976794154468022,8,-0.41309261284585963,3.0,1.7836403970859525,0.0049114865793835,True
2022-04-19,WIG20,WIG20,Stooq,2068.52,-0.0118462875754024,-1.184628757540242,1.6737251535295994,-0.13924688617172173,20,-0.12976794154468022,8.0,1.7259467812664786,-0.0053127112753693,True
2022-04-20,WIG20,WIG20,Stooq,2047.81,-0.0100624462787024,-1.0062446278702497,1.6459808129528477,-0.21732510055940693,4,-0.13924688617172173,20.0,1.6737251535295994,-0.0118462875754024,True
2022-04-21,WIG20,WIG20,Stooq,2028.76,-0.0093461604579627,-0.934616045796278,1.6125154357572435,0.134132386810749,4,-0.21732510055940693,4.0,1.6459808129528477,-0.0100624462787024,True
2022-04-22,WIG20,WIG20,Stooq,1973.31,-0.0277124331445045,-2.771243314450459,1.5783855012199717,-0.03596897455832715,2,0.134132386810749,4.0,1.6125154357572435,-0.0093461604579627,True
2022-04-25,WIG20,WIG20,Stooq,1919.55,-0.0276215522639948,-2.7621552263994857,1.676196758613988,-0.11089557001980342,12,-0.03596897455832715,2.0,1.5783855012199717,-0.0277124331445045,True
2022-04-26,WIG20,WIG20,Stooq,1896.46,-0.0121017931295026,-1.2101793129502685,1.7603872646136909,-0.43711791597306726,2,-0.11089557001980342,12.0,1.676196758613988,-0.0276215522639948,True
2022-04-27,WIG20,WIG20,Stooq,1883.09,-0.0070749458371544,-0.707494583715443,1.7281265153408227,-0.1513454790518428,9,-0.43711791597306726,2.0,1.7603872646136909,-0.0121017931295026,True
2022-04-28,WIG20,WIG20,Stooq,1884.42,0.0007060366423708,0.070603664237087,1.6799930253267266,-0.3556388389116101,8,-0.1513454790518428,9.0,1.7281265153408227,-0.0070749458371544,True
2022-04-29,WIG20,WIG20,Stooq,1858.12,-0.0140548573633149,-1.4054857363314976,1.6240277847333542,-0.09841510106742624,7,-0.3556388389116101,8.0,1.6799930253267266,0.0007060366423708,True
2022-05-02,WIG20,WIG20,Stooq,1824.05,-0.0185059203248445,-1.8505920324844556,1.6106739703103934,-0.06229995245413086,12,-0.09841510106742624,7.0,1.6240277847333542,-0.0140548573633149,True
2022-05-04,WIG20,WIG20,Stooq,1812.56,-0.0063190929100701,-0.6319092910070119,1.626037014213652,0.023153689939740766,8,-0.06229995245413086,12.0,1.6106739703103934,-0.0185059203248445,True
2022-05-05,WIG20,WIG20,Stooq,1765.85,-0.0261080497850494,-2.6108049785049414,1.5815661618556416,-0.2528491958934012,6,0.023153689939740766,8.0,1.626037014213652,-0.0063190929100701,True
2022-05-06,WIG20,WIG20,Stooq,1765.14,-0.0004021535091114,-0.0402153509111483,1.6631944583038556,-0.36273197996770107,2,-0.2528491958934012,6.0,1.5815661618556416,-0.0261080497850494,True
2022-05-09,WIG20,WIG20,Stooq,1727.34,-0.0216473543748388,-2.1647354374838885,1.6082069047063487,-0.1779426692614059,17,-0.36273197996770107,2.0,1.6631944583038556,-0.0004021535091114,True
2022-05-10,WIG20,WIG20,Stooq,1719.24,-0.0047003202669176,-0.4700320266917653,1.6474474482466994,-0.17419009561126586,2,-0.1779426692614059,17.0,1.6082069047063487,-0.0216473543748388,True
2022-05-11,WIG20,WIG20,Stooq,1718.07,-0.0006807649267511,-0.0680764926751155,1.5981539637855935,-0.4298317944353801,4,-0.17419009561126586,2.0,1.6474474482466994,-0.0047003202669176,True
2022-05-12,WIG20,WIG20,Stooq,1691.62,-0.0155149181120546,-1.5514918112054683,1.5465574457044593,-0.16659293877374795,3,-0.4298317944353801,4.0,1.5981539637855935,-0.0006807649267511,True
2022-05-13,WIG20,WIG20,Stooq,1765.63,0.0428209175347278,4.282091753472785,1.547698870003654,0.02220695708612243,3,-0.16659293877374795,3.0,1.5465574457044593,-0.0155149181120546,True
2022-05-16,WIG20,WIG20,Stooq,1762.22,-0.0019331893714266,-0.1933189371426638,1.821651551125768,-0.251330046765018,7,0.02220695708612243,3.0,1.547698870003654,0.0428209175347278,True
2022-05-17,WIG20,WIG20,Stooq,1800.55,0.0215177959494434,2.151779594944348,1.7597060037518388,0.006073465932608028,3,-0.251330046765018,7.0,1.821651551125768,-0.0019331893714266,True
2022-05-18,WIG20,WIG20,Stooq,1801.68,0.0006273891656365,0.0627389165636592,1.7759823604924097,-0.02723657709270188,4,0.006073465932608028,3.0,1.7597060037518388,0.0215177959494434,True
2022-05-19,WIG20,WIG20,Stooq,1776.4,-0.0141307185149093,-1.4130718514909395,1.7152702109890343,-0.31046270505018253,3,-0.02723657709270188,4.0,1.7759823604924097,0.0006273891656365,True
2022-05-20,WIG20,WIG20,Stooq,1782.66,0.0035177864130025,0.3517786413002538,1.6957155806206825,-0.21080564427832585,5,-0.31046270505018253,3.0,1.7152702109890343,-0.0141307185149093,True
2022-05-23,WIG20,WIG20,Stooq,1836.87,0.0299564053242366,2.9956405324236663,1.6406345608482924,-0.24584178966282255,9,-0.21080564427832585,5.0,1.6957155806206825,0.0035177864130025,True
2022-05-24,WIG20,WIG20,Stooq,1810.98,-0.0141949009550623,-1.4194900955062393,1.7428187718901695,-0.45637245916154684,3,-0.24584178966282255,9.0,1.6406345608482924,0.0299564053242366,True
2022-05-25,WIG20,WIG20,Stooq,1796.58,-0.0079832776054642,-0.7983277605464292,1.721650237479655,-0.28219871871734564,5,-0.45637245916154684,3.0,1.7428187718901695,-0.0141949009550623,True
2022-05-26,WIG20,WIG20,Stooq,1827.01,0.016795893222117,1.679589322211701,1.6764780786579687,-0.051524065344387436,3,-0.28219871871734564,5.0,1.721650237479655,-0.0079832776054642,True
2022-05-27,WIG20,WIG20,Stooq,1810.68,-0.0089782855032163,-0.8978285503216381,1.6690876048722465,0.09231444424201206,2,-0.051524065344387436,3.0,1.6764780786579687,0.016795893222117,True
2022-05-30,WIG20,WIG20,Stooq,1858.6,0.0261210508096786,2.6121050809678623,1.63020448466326,-0.08579851684587386,4,0.09231444424201206,2.0,1.6690876048722465,-0.0089782855032163,True
2022-05-31,WIG20,WIG20,Stooq,1842.93,-0.0084668197265507,-0.8466819726550714,1.6969160744131295,-0.0763182364818122,1,-0.08579851684587386,4.0,1.63020448466326,0.0261210508096786,True
2022-06-01,WIG20,WIG20,Stooq,1822.57,-0.0111091034723237,-1.1109103472323791,1.6546784742777398,-0.6382987190969288,4,-0.0763182364818122,1.0,1.6969160744131295,-0.0084668197265507,True
2022-06-02,WIG20,WIG20,Stooq,1833.76,0.0061209108240245,0.6120910824024541,1.6249486348477329,-0.3303843581710349,1,-0.6382987190969288,4.0,1.6546784742777398,-0.0111091034723237,True
2022-06-03,WIG20,WIG20,Stooq,1819.99,-0.0075374971981373,-0.753749719813739,1.5777645028710068,-0.06399436470819636,4,-0.3303843581710349,1.0,1.6249486348477329,0.0061209108240245,True
2022-06-06,WIG20,WIG20,Stooq,1849.55,0.0161113596904396,1.6111359690439622,1.5395205686094964,-0.3285613815744662,2,-0.06399436470819636,4.0,1.5777645028710068,-0.0075374971981373,True
2022-06-07,WIG20,WIG20,Stooq,1828.57,-0.0114081256386013,-1.1408125638601303,1.538896684209462,-0.1208778410482792,4,-0.3285613815744662,2.0,1.5395205686094964,0.0161113596904396,True
2022-06-08,WIG20,WIG20,Stooq,1792.8,-0.0197555971153728,-1.975559711537285,1.5182359711762468,0.010171829759778947,3,-0.1208778410482792,4.0,1.538896684209462,-0.0114081256386013,True
2022-06-09,WIG20,WIG20,Stooq,1767.5,-0.0142125247159894,-1.4212524715989412,1.5516775415853392,-0.053609024970700955,2,0.010171829759778947,3.0,1.5182359711762468,-0.0197555971153728,True
2022-06-10,WIG20,WIG20,Stooq,1725.18,-0.0242347259230363,-2.423472592303636,1.544666041992966,-0.2677040086438486,2,-0.053609024970700955,2.0,1.5516775415853392,-0.0142125247159894,True
2022-06-13,WIG20,WIG20,Stooq,1681.75,-0.0254964749419762,-2.5496474941976204,1.6132831999375483,-0.2029862172284145,7,-0.2677040086438486,2.0,1.544666041992966,-0.0242347259230363,True
2022-06-14,WIG20,WIG20,Stooq,1704.07,0.013184589452,1.318458945200001,1.6852390184773574,-0.17820939653951315,3,-0.2029862172284145,7.0,1.6132831999375483,-0.0254964749419762,True
2022-06-15,WIG20,WIG20,Stooq,1707.11,0.0017823748994802,0.1782374899480213,1.6583668027488618,-0.13332155299162965,4,-0.17820939653951315,3.0,1.6852390184773574,0.013184589452,True
2022-06-17,WIG20,WIG20,Stooq,1676.67,-0.0179921987619257,-1.7992198761925795,1.6037853340590622,-0.07393351330931305,9,-0.13332155299162965,4.0,1.6583668027488618,0.0017823748994802,True
2022-06-20,WIG20,WIG20,Stooq,1679.89,0.0019186315678994,0.1918631567899463,1.6162079195397752,-0.02676282897010163,3,-0.07393351330931305,9.0,1.6037853340590622,-0.0179921987619257,True
2022-06-21,WIG20,WIG20,Stooq,1719.05,0.0230434975749721,2.3043497574972127,1.5638246613301954,,0,-0.02676282897010163,3.0,1.6162079195397752,0.0019186315678994,True
2022-06-22,WIG20,WIG20,Stooq,1680.61,-0.0226149899058652,-2.2614989905865226,1.6112019678484832,-0.311216932287345,2,,0.0,1.5638246613301954,0.0230434975749721,False
2022-06-23,WIG20,WIG20,Stooq,1654.32,-0.01576677448677,-1.5766774486770097,1.658057871395692,,0,-0.311216932287345,2.0,1.6112019678484832,-0.0226149899058652,True
2022-06-24,WIG20,WIG20,Stooq,1682.33,0.0167896890496093,1.6789689049609302,1.651797369827834,-0.1606637862595644,1,,0.0,1.658057871395692,-0.01576677448677,False
2022-06-27,WIG20,WIG20,Stooq,1713.18,0.0181715553177199,1.81715553177199,1.6462935020964982,-0.284455337212421,1,-0.1606637862595644,1.0,1.651797369827834,0.0167896890496093,True
2022-06-28,WIG20,WIG20,Stooq,1739.08,0.0150049451335799,1.500494513357996,1.649767507989432,-0.2776018501368954,1,-0.284455337212421,1.0,1.6462935020964982,0.0181715553177199,True
2022-06-29,WIG20,WIG20,Stooq,1733.19,-0.003392596571896,-0.339259657189609,1.6343771024638347,0.10472892138820421,2,-0.2776018501368954,1.0,1.649767507989432,0.0150049451335799,True
2022-06-30,WIG20,WIG20,Stooq,1695.97,-0.0217087926583627,-2.170879265836279,1.583538232495941,-0.2029560850926985,5,0.10472892138820421,2.0,1.6343771024638347,-0.003392596571896,True
2022-07-01,WIG20,WIG20,Stooq,1688.85,-0.0042070245989074,-0.4207024598907407,1.6258519829644222,0.0139084514230489,1,-0.2029560850926985,5.0,1.583538232495941,-0.0217087926583627,True
2022-07-04,WIG20,WIG20,Stooq,1693.1,0.0025133442169368,0.2513344216936858,1.576784080264428,-0.4172944351099431,1,0.0139084514230489,1.0,1.6258519829644222,-0.0042070245989074,True
2022-07-05,WIG20,WIG20,Stooq,1644.46,-0.0291491053034799,-2.9149105303479983,1.5268124350309509,-0.0825527024201371,1,-0.4172944351099431,1.0,1.576784080264428,0.0025133442169368,True
2022-07-06,WIG20,WIG20,Stooq,1654.84,0.0062922645697999,0.6292264569799958,1.6469079585552082,-0.1588129400659133,1,-0.0825527024201371,1.0,1.5268124350309509,-0.0291491053034799,True
2022-07-07,WIG20,WIG20,Stooq,1708.8,0.0320870423653694,3.2087042365369447,1.5989080514720737,0.0062080803094431425,2,-0.1588129400659133,1.0,1.6469079585552082,0.0062922645697999,True
2022-07-08,WIG20,WIG20,Stooq,1740.46,0.0183580763197776,1.8358076319777623,1.7295019844042256,-0.001679483819280699,3,0.0062080803094431425,2.0,1.5989080514720737,0.0320870423653694,True
2022-07-11,WIG20,WIG20,Stooq,1714.56,-0.0149929581694641,-1.4992958169464154,1.7273412505162824,-0.2577740825712681,1,-0.001679483819280699,3.0,1.7295019844042256,0.0183580763197776,True
2022-07-12,WIG20,WIG20,Stooq,1663.46,-0.0302567174335648,-3.025671743356483,1.7114801370668735,-0.2937161537951657,1,-0.2577740825712681,1.0,1.7273412505162824,-0.0149929581694641,True
2022-07-13,WIG20,WIG20,Stooq,1655.65,-0.0047060895325444,-0.4706089532544487,1.817039837058831,-0.047343206417916006,3,-0.2937161537951657,1.0,1.7114801370668735,-0.0302567174335648,True
2022-07-14,WIG20,WIG20,Stooq,1613.98,-0.0254905027706918,-2.5490502770691816,1.758920438726519,-0.0270901803548137,1,-0.047343206417916006,3.0,1.817039837058831,-0.0047060895325444,True
2022-07-15,WIG20,WIG20,Stooq,1620.13,0.0038032147410107,0.3803214741010724,1.8140948658543496,,0,-0.0270901803548137,1.0,1.758920438726519,-0.0254905027706918,True
2022-07-18,WIG20,WIG20,Stooq,1669.48,0.030005807756933,3.000580775693302,1.7533953570255283,-0.016335913596936202,3,,0.0,1.8140948658543496,0.0038032147410107,False
2022-07-19,WIG20,WIG20,Stooq,1679.27,0.005846974477622,0.5846974477622068,1.8413818845153684,,0,-0.016335913596936202,3.0,1.7533953570255283,0.030005807756933,True
2022-07-20,WIG20,WIG20,Stooq,1694.58,0.0090757473445552,0.9075747344555258,1.7823098130368302,-0.13660629910388675,2,,0.0,1.8413818845153684,0.005846974477622,False
2022-07-21,WIG20,WIG20,Stooq,1683.09,-0.0068035328026609,-0.680353280266092,1.7340640340725306,-0.20093863234958714,2,-0.13660629910388675,2.0,1.7823098130368302,0.0090757473445552,True
2022-07-22,WIG20,WIG20,Stooq,1701.73,0.0110139909545406,1.1013990954540638,1.684886754279889,-0.23072005988215089,2,-0.20093863234958714,2.0,1.7340640340725306,-0.0068035328026609,True
2022-07-25,WIG20,WIG20,Stooq,1685.62,-0.0095119320205996,-0.9511932020599644,1.6489102250404564,-0.3905046092932699,2,-0.23072005988215089,2.0,1.684886754279889,0.0110139909545406,True
2022-07-26,WIG20,WIG20,Stooq,1654.7,-0.0185137251329903,-1.8513725132990373,1.6131632700504115,-0.14121634706967048,5,-0.3905046092932699,2.0,1.6489102250404564,-0.0095119320205996,True
2022-07-27,WIG20,WIG20,Stooq,1651.89,-0.0016996365902348,-0.1699636590234811,1.628356557826134,-0.47706059503126075,4,-0.14121634706967048,5.0,1.6131632700504115,-0.0185137251329903,True
2022-07-28,WIG20,WIG20,Stooq,1667.17,0.0092074912477431,0.9207491247743128,1.5758796059471425,0.06592482536270995,3,-0.47706059503126075,4.0,1.628356557826134,-0.0016996365902348,True
2022-07-29,WIG20,WIG20,Stooq,1721.11,0.0318418533413873,3.184185334138738,1.5400018034595608,-0.1661603275531282,2,0.06592482536270995,3.0,1.5758796059471425,0.0092074912477431,True
2022-08-01,WIG20,WIG20,Stooq,1736.47,0.0088848854080535,0.888488540805351,1.6769318380030185,-0.059371867643218834,3,-0.1661603275531282,2.0,1.5400018034595608,0.0318418533413873,True
2022-08-02,WIG20,WIG20,Stooq,1713.61,-0.0132520605606906,-1.325206056069061,1.6340794502717302,-0.03120437584168805,2,-0.059371867643218834,3.0,1.6769318380030185,0.0088848854080535,True
2022-08-03,WIG20,WIG20,Stooq,1688.03,-0.0150400878342356,-1.5040087834235665,1.615782362044104,-0.639543115956864,2,-0.03120437584168805,2.0,1.6340794502717302,-0.0132520605606906,True
2022-08-04,WIG20,WIG20,Stooq,1674.37,-0.0081251934042835,-0.8125193404283516,1.6085638878141482,-0.20052780284701535,2,-0.639543115956864,2.0,1.615782362044104,-0.0150400878342356,True
2022-08-05,WIG20,WIG20,Stooq,1652.14,-0.013365557852622,-1.3365557852622043,1.570388398120357,,0,-0.20052780284701535,2.0,1.6085638878141482,-0.0081251934042835,True
2022-08-08,WIG20,WIG20,Stooq,1695.78,0.026071394703825,2.607139470382508,1.5572940854760655,0.1817511659381645,2,,0.0,1.570388398120357,-0.013365557852622,False
2022-08-09,WIG20,WIG20,Stooq,1684.14,-0.0068877642181001,-0.6887764218100108,1.632341442878647,-0.0642515233582041,2,0.1817511659381645,2.0,1.5572940854760655,0.026071394703825,True
2022-08-10,WIG20,WIG20,Stooq,1694.11,0.0059024814301038,0.5902481430103831,1.5890407262436104,,0,-0.0642515233582041,2.0,1.632341442878647,-0.0068877642181001,True
2022-08-11,WIG20,WIG20,Stooq,1724.98,0.0180579270266036,1.805792702660368,1.5433383489490924,-0.02881571271801056,5,,0.0,1.5890407262436104,0.0059024814301038,False
2022-08-12,WIG20,WIG20,Stooq,1735.07,0.0058323021930661,0.5832302193066109,1.5548975871480877,-0.11644449551767178,3,-0.02881571271801056,5.0,1.5433383489490924,0.0180579270266036,True
2022-08-16,WIG20,WIG20,Stooq,1735.0,-4.034500745485838e-05,-0.0040345007454858,1.5109086873674764,-0.23664262648164738,6,-0.11644449551767178,3.0,1.5548975871480877,0.0058323021930661,True
2022-08-17,WIG20,WIG20,Stooq,1682.93,-0.0304710914496746,-3.047109144967469,1.463571835749196,,0,-0.23664262648164738,6.0,1.5109086873674764,-4.034500745485838e-05,True
2022-08-18,WIG20,WIG20,Stooq,1699.68,0.0099036761004184,0.9903676100418486,1.608284566141145,-0.2888137817231787,1,,0.0,1.463571835749196,-0.0304710914496746,False
2022-08-19,WIG20,WIG20,Stooq,1673.4,-0.015582513170205,-1.5582513170205048,1.5728763015484912,-0.1252694276567452,1,-0.2888137817231787,1.0,1.608284566141145,0.0099036761004184,True
2022-08-22,WIG20,WIG20,Stooq,1640.02,-0.0201490479956628,-2.014904799566288,1.5722848169758212,-0.1772777273416005,1,-0.1252694276567452,1.0,1.5728763015484912,-0.015582513170205,True
2022-08-23,WIG20,WIG20,Stooq,1656.77,0.0101614868570098,1.0161486857009854,1.603359816231319,0.06046983065749063,3,-0.1772777273416005,1.0,1.5722848169758212,-0.0201490479956628,True
2022-08-24,WIG20,WIG20,Stooq,1620.63,-0.0220549612052116,-2.2054961205211683,1.5691906453561375,0.000276403215069,1,0.06046983065749063,3.0,1.603359816231319,0.0101614868570098,True
2022-08-25,WIG20,WIG20,Stooq,1632.0,0.0069912940064188,0.6991294006418871,1.6158967539861049,,0,0.000276403215069,1.0,1.5691906453561375,-0.0220549612052116,True
2022-08-26,WIG20,WIG20,Stooq,1602.81,-0.0180479176999186,-1.8047917699918683,1.5712163537235413,-0.04482848005912579,4,,0.0,1.6158967539861049,0.0069912940064188,False
2022-08-29,WIG20,WIG20,Stooq,1573.35,-0.018551234748411,-1.855123474841108,1.586941607487478,-0.17164042899945547,7,-0.04482848005912579,4.0,1.5712163537235413,-0.0180479176999186,True
2022-08-30,WIG20,WIG20,Stooq,1535.11,-0.0246050643841838,-2.4605064384183843,1.6047821869398362,0.26144393242031944,3,-0.17164042899945547,7.0,1.586941607487478,-0.018551234748411,True
2022-08-31,WIG20,WIG20,Stooq,1528.22,-0.0044983802714708,-0.4498380271470887,1.669621164271529,-0.5036683002797266,3,0.26144393242031944,3.0,1.6047821869398362,-0.0246050643841838,True
2022-09-01,WIG20,WIG20,Stooq,1462.59,-0.0438948227459311,-4.389482274593115,1.6187721080839002,,0,-0.5036683002797266,3.0,1.669621164271529,-0.0044983802714708,True
2022-09-02,WIG20,WIG20,Stooq,1505.75,0.0290822762496938,2.9082276249693857,1.9056946309187075,,0,,0.0,1.6187721080839002,-0.0438948227459311,False
2022-09-05,WIG20,WIG20,Stooq,1492.06,-0.0091333974914929,-0.9133397491492952,1.967335758107312,-0.3695983795940669,6,,0.0,1.9056946309187075,0.0290822762496938,False
2022-09-06,WIG20,WIG20,Stooq,1452.86,-0.0266236878786406,-2.662368787864068,1.9119393869270165,0.2249514636406231,1,-0.3695983795940669,6.0,1.967335758107312,-0.0091333974914929,True
2022-09-07,WIG20,WIG20,Stooq,1469.42,0.0113337375375376,1.1333737537537627,1.9603330250965676,-0.2912640021432913,2,0.2249514636406231,1.0,1.9119393869270165,-0.0266236878786406,True
2022-09-08,WIG20,WIG20,Stooq,1473.18,0.0025555644983018,0.2555564498301899,1.9092497787911693,-0.6249889369122684,1,-0.2912640021432913,2.0,1.9603330250965676,0.0113337375375376,True
2022-09-09,WIG20,WIG20,Stooq,1534.68,0.0408985606436927,4.08985606436927,1.842768706930403,-0.1110727451741695,1,-0.6249889369122684,1.0,1.9092497787911693,0.0025555644983018,True
2022-09-12,WIG20,WIG20,Stooq,1561.97,0.0176259548359951,1.762595483599516,2.0352038369461427,0.16352461092174056,2,-0.1110727451741695,1.0,1.842768706930403,0.0408985606436927,True
2022-09-13,WIG20,WIG20,Stooq,1519.35,-0.0276652332683084,-2.766523326830842,2.0063518892347405,0.0270293445818469,2,0.16352461092174056,2.0,2.0352038369461427,0.0176259548359951,True
2022-09-14,WIG20,WIG20,Stooq,1528.29,0.0058668514935132,0.5866851493513267,2.053574140524184,-0.1588246431783773,2,0.0270293445818469,2.0,2.0063518892347405,-0.0276652332683084,True
2022-09-15,WIG20,WIG20,Stooq,1539.75,0.0074706022727235,0.7470602272723594,1.983905971807336,-0.12772876485234194,2,-0.1588246431783773,2.0,2.053574140524184,0.0058668514935132,True
2022-09-16,WIG20,WIG20,Stooq,1501.91,-0.0248824341448784,-2.488243414487843,1.920779179272235,-0.08802393033208016,4,-0.12772876485234194,2.0,1.983905971807336,0.0074706022727235,True
2022-09-19,WIG20,WIG20,Stooq,1527.25,0.0167311011076021,1.6731101107602182,1.9543017237727844,-0.10153691248821739,4,-0.08802393033208016,4.0,1.920779179272235,-0.0248824341448784,True
2022-09-20,WIG20,WIG20,Stooq,1497.41,-0.0197317835133042,-1.97317835133042,1.926422366658813,-0.00751344114542,1,-0.10153691248821739,4.0,1.9543017237727844,0.0167311011076021,True
2022-09-21,WIG20,WIG20,Stooq,1509.32,0.0079222692370562,0.7922269237056254,1.923175465314272,-0.1756829337421406,5,-0.00751344114542,1.0,1.926422366658813,-0.0197317835133042,True
2022-09-22,WIG20,WIG20,Stooq,1518.19,0.0058596175598827,0.5859617559882749,1.8642289227804785,-0.32691574374429155,5,-0.1756829337421406,5.0,1.923175465314272,0.0079222692370562,True
2022-09-23,WIG20,WIG20,Stooq,1457.78,-0.0406041052625683,-4.060410526256836,1.804015609216376,-0.2034952812810604,6,-0.32691574374429155,5.0,1.8642289227804785,0.0058596175598827,True
2022-09-26,WIG20,WIG20,Stooq,1433.08,-0.0170887563445393,-1.7088756344539386,2.01136752148224,-0.2788951140969029,6,-0.2034952812810604,6.0,1.804015609216376,-0.0406041052625683,True
2022-09-27,WIG20,WIG20,Stooq,1458.81,0.0177950606539001,1.7795060653900174,1.9864571807783649,-0.11412913453757048,4,-0.2788951140969029,6.0,2.01136752148224,-0.0170887563445393,True
2022-09-28,WIG20,WIG20,Stooq,1435.37,-0.0161983791802758,-1.6198379180275857,1.9618536474709003,-0.1116752853817565,2,-0.11412913453757048,4.0,1.9864571807783649,0.0177950606539001,True
2022-09-29,WIG20,WIG20,Stooq,1380.1,-0.0392666953860333,-3.926669538603336,1.935728255347397,-0.09047958839834591,3,-0.1116752853817565,2.0,1.9618536474709003,-0.0161983791802758,True
2022-09-30,WIG20,WIG20,Stooq,1377.91,-0.0015881018997589,-0.1588101899758972,2.105534295205829,,0,-0.09047958839834591,3.0,1.935728255347397,-0.0392666953860333,True
2022-10-03,WIG20,WIG20,Stooq,1386.96,0.0065464432833969,0.6546443283396908,2.0296901008045207,-0.4245247279638092,4,,0.0,2.105534295205829,-0.0015881018997589,False
2022-10-04,WIG20,WIG20,Stooq,1449.81,0.0443182116684612,4.43182116684613,1.9623862626327764,,0,-0.4245247279638092,4.0,2.0296901008045207,0.0065464432833969,True
2022-10-05,WIG20,WIG20,Stooq,1419.12,-0.0213955521654094,-2.1395552165409453,2.1754635381675413,-0.2498275022953748,1,,0.0,1.9623862626327764,0.0443182116684612,False
2022-10-06,WIG20,WIG20,Stooq,1417.82,-0.0009164804972915,-0.0916480497291536,2.1630641781879043,-0.1787966356720202,1,-0.2498275022953748,1.0,2.1754635381675413,-0.0213955521654094,True
2022-10-07,WIG20,WIG20,Stooq,1405.21,-0.0089337228923339,-0.8933722892333927,2.084178666234972,-0.4494382208862685,4,-0.1787966356720202,1.0,2.1630641781879043,-0.0009164804972915,True
2022-10-10,WIG20,WIG20,Stooq,1379.49,-0.0184728921632539,-1.847289216325397,2.021892013873089,-0.21184135145147764,6,-0.4494382208862685,4.0,2.084178666234972,-0.0089337228923339,True
2022-10-11,WIG20,WIG20,Stooq,1381.84,0.0017020787572243,0.1702078757224388,2.003818668319528,-0.2229175156250777,4,-0.21184135145147764,6.0,2.021892013873089,-0.0184728921632539,True
2022-10-12,WIG20,WIG20,Stooq,1377.19,-0.0033707530565196,-0.337075305651967,1.9323606217357208,-0.26128971577048876,2,-0.2229175156250777,4.0,2.003818668319528,0.0017020787572243,True
2022-10-13,WIG20,WIG20,Stooq,1358.5,-0.0136640414621067,-1.366404146210678,1.8664692643932377,-0.2454046724985043,1,-0.26128971577048876,2.0,1.9323606217357208,-0.0033707530565196,True
2022-10-14,WIG20,WIG20,Stooq,1397.23,0.0281105553502222,2.8110555350222293,1.8343479347082048,-0.177187927504484,3,-0.2454046724985043,1.0,1.8664692643932377,-0.0136640414621067,True
2022-10-17,WIG20,WIG20,Stooq,1414.06,0.0119732941543568,1.1973294154356893,1.8954161244417889,-0.12661095706021136,7,-0.177187927504484,3.0,1.8343479347082048,0.0281105553502222,True
2022-10-18,WIG20,WIG20,Stooq,1427.68,0.0095857497808596,0.958574978085962,1.8503734577956648,,0,-0.12661095706021136,7.0,1.8954161244417889,0.0119732941543568,True
2022-10-19,WIG20,WIG20,Stooq,1397.66,-0.0212513395150836,-2.12513395150836,1.799856460180104,-0.5315480428239838,1,,0.0,1.8503734577956648,0.0095857497808596,False
2022-10-20,WIG20,WIG20,Stooq,1426.52,0.0204385022479907,2.043850224799075,1.8175817150322688,-0.0502232973729925,1,-0.5315480428239838,1.0,1.799856460180104,-0.0212513395150836,True
2022-10-21,WIG20,WIG20,Stooq,1411.62,-0.0104999308643659,-1.0499930864365985,1.821480782687711,-0.06382070295293026,2,-0.0502232973729925,1.0,1.8175817150322688,0.0204385022479907,True
2022-10-24,WIG20,WIG20,Stooq,1433.21,0.0151787027793202,1.5178702779320212,1.778987614191767,-0.4030954113083922,3,-0.06382070295293026,2.0,1.821480782687711,-0.0104999308643659,True
2022-10-25,WIG20,WIG20,Stooq,1444.02,0.007514206972665,0.7514206972665081,1.7553304313239515,,0,-0.4030954113083922,3.0,1.778987614191767,0.0151787027793202,True
2022-10-26,WIG20,WIG20,Stooq,1487.6,0.0297331922785471,2.9733192278547107,1.704321783587704,0.043539879587478895,2,,0.0,1.7553304313239515,0.007514206972665,False
2022-10-27,WIG20,WIG20,Stooq,1506.74,0.0127842934891529,1.2784293489152938,1.795895105095322,0.054513176211425964,3,0.043539879587478895,2.0,1.704321783587704,0.0297331922785471,True
2022-10-28,WIG20,WIG20,Stooq,1508.7,0.0012999763059608,0.129997630596083,1.7601153660564202,-0.5938259602213899,1,0.054513176211425964,3.0,1.795895105095322,0.0127842934891529,True
2022-10-31,WIG20,WIG20,Stooq,1536.28,0.0181155569151484,1.8115556915148443,1.7002939523121043,-0.2952263811603188,1,-0.5938259602213899,1.0,1.7601153660564202,0.0012999763059608,True
2022-11-02,WIG20,WIG20,Stooq,1573.97,0.0242371803140751,2.423718031407516,1.6989816520863583,,0,-0.2952263811603188,1.0,1.7002939523121043,0.0181155569151484,True
2022-11-03,WIG20,WIG20,Stooq,1559.55,-0.0092037719831634,-0.9203771983163442,1.7418740877814365,-0.2125110142144628,2,,0.0,1.6989816520863583,0.0242371803140751,False
2022-11-04,WIG20,WIG20,Stooq,1601.27,0.0263997462828511,2.6399746282851098,1.6994685445678346,0.008575298502627348,2,-0.2125110142144628,2.0,1.7418740877814365,-0.0092037719831634,True
2022-11-07,WIG20,WIG20,Stooq,1618.14,0.0104802770763086,1.0480277076308675,1.760670038100959,-0.1139497690152485,3,0.008575298502627348,2.0,1.6994685445678346,0.0263997462828511,True
2022-11-08,WIG20,WIG20,Stooq,1644.75,0.0163110555148586,1.631105551485862,1.7181919821249931,-0.0965008812846016,1,-0.1139497690152485,3.0,1.760670038100959,0.0104802770763086,True
2022-11-09,WIG20,WIG20,Stooq,1644.12,-0.0003831103130897,-0.0383110313089782,1.704872303369095,-0.0739920997293459,3,-0.0965008812846016,1.0,1.7181919821249931,0.0163110555148586,True
2022-11-10,WIG20,WIG20,Stooq,1690.38,0.0277480690596693,2.774806905966937,1.6477996126687315,,0,-0.0739920997293459,3.0,1.704872303369095,-0.0003831103130897,True
2022-11-14,WIG20,WIG20,Stooq,1743.89,0.0311648943725325,3.1164894372532506,1.7274365403984873,-0.32110587428517956,2,,0.0,1.6477996126687315,0.0277480690596693,False
2022-11-15,WIG20,WIG20,Stooq,1769.55,0.0146070268707418,1.4607026870741815,1.830157183292124,-0.5170064245661099,1,-0.32110587428517956,2.0,1.7274365403984873,0.0311648943725325,True
2022-11-16,WIG20,WIG20,Stooq,1741.17,-0.0161679759231467,-1.6167975923146791,1.8002640022444674,-0.17393951738874122,2,-0.5170064245661099,1.0,1.830157183292124,0.0146070268707418,True
2022-11-17,WIG20,WIG20,Stooq,1708.23,-0.0190995543286541,-1.9099554328654156,1.7855136356173478,-0.5581098413306542,1,-0.17393951738874122,2.0,1.8002640022444674,-0.0161679759231467,True
2022-11-18,WIG20,WIG20,Stooq,1707.23,-0.0005855726775161,-0.0585572677516181,1.7897238934931712,,0,-0.5581098413306542,1.0,1.7855136356173478,-0.0190995543286541,True
2022-11-21,WIG20,WIG20,Stooq,1685.5,-0.0128099183525286,-1.2809918352528629,1.728536087668435,-0.3505631578348887,2,,0.0,1.7897238934931712,-0.0005855726775161,False
2022-11-22,WIG20,WIG20,Stooq,1717.75,0.0189530392370698,1.8953039237069893,1.7015669699450913,-0.2084647560198056,1,-0.3505631578348887,2.0,1.728536087668435,-0.0128099183525286,True
2022-11-23,WIG20,WIG20,Stooq,1713.61,-0.0024130385671281,-0.2413038567128159,1.7054669723796974,-0.8240314722061157,1,-0.2084647560198056,1.0,1.7015669699450913,0.0189530392370698,True
2022-11-24,WIG20,WIG20,Stooq,1753.95,0.0232681309103799,2.326813091037996,1.649755783380321,-0.0870342141899623,2,-0.8240314722061157,1.0,1.7054669723796974,-0.0024130385671281,True
2022-11-25,WIG20,WIG20,Stooq,1755.69,0.0009915547706096,0.099155477060965,1.6898854541886277,-0.009959087613452633,3,-0.0870342141899623,2.0,1.649755783380321,0.0232681309103799,True
2022-11-28,WIG20,WIG20,Stooq,1728.74,-0.0154691225892012,-1.546912258920122,1.6334653114801083,-0.0149482434083308,1,-0.009959087613452633,3.0,1.6898854541886277,0.0009915547706096,True
2022-11-29,WIG20,WIG20,Stooq,1736.19,0.0043002378001716,0.4300237800171639,1.6273727117309091,-0.599914163351059,1,-0.0149482434083308,1.0,1.6334653114801083,-0.0154691225892012,True
2022-11-30,WIG20,WIG20,Stooq,1736.26,4.0317355186989575e-05,0.0040317355186989,1.576795986382251,-0.1715677729652573,1,-0.599914163351059,1.0,1.6273727117309091,0.0043002378001716,True
2022-12-01,WIG20,WIG20,Stooq,1766.38,0.0171988799637043,1.7198879963704334,1.5260592173855043,0.0047997196520848,2,-0.1715677729652573,1.0,1.576795986382251,4.0317355186989575e-05,True
2022-12-02,WIG20,WIG20,Stooq,1733.46,-0.0188128434004107,-1.881284340041079,1.533413473401278,-0.1260758762394911,1,0.0047997196520848,2.0,1.5260592173855043,0.0171988799637043,True
2022-12-05,WIG20,WIG20,Stooq,1746.54,0.0075172767788751,0.7517276778875162,1.5581776891542547,-0.2812862263992428,1,-0.1260758762394911,1.0,1.533413473401278,-0.0188128434004107,True
2022-12-06,WIG20,WIG20,Stooq,1733.59,-0.0074422850711922,-0.744228507119227,1.5181265985440764,,0,-0.2812862263992428,1.0,1.5581776891542547,0.0075172767788751,True
2022-12-07,WIG20,WIG20,Stooq,1735.66,0.0011933416419406,0.1193341641940667,1.483114142917462,-0.18312670203029288,2,,0.0,1.5181265985440764,-0.0074422850711922,False
2022-12-08,WIG20,WIG20,Stooq,1725.66,-0.0057781585190512,-0.5778158519051202,1.437266909923303,-0.0679690217366442,1,-0.18312670203029288,2.0,1.483114142917462,0.0011933416419406,True
2022-12-09,WIG20,WIG20,Stooq,1730.16,0.0026043037793628,0.2604303779362895,1.402134114927947,0.1341947870329022,1,-0.0679690217366442,1.0,1.437266909923303,-0.0057781585190512,True
2022-12-12,WIG20,WIG20,Stooq,1755.34,0.0144486805656073,1.4448680565607384,1.3614375489548962,-0.2932281353595582,1,0.1341947870329022,1.0,1.402134114927947,0.0026043037793628,True
2022-12-13,WIG20,WIG20,Stooq,1784.67,0.0165709538428243,1.657095384282434,1.365370260556277,-0.1687534099384661,1,-0.2932281353595582,1.0,1.3614375489548962,0.0144486805656073,True
2022-12-14,WIG20,WIG20,Stooq,1787.37,0.0015117414778146,0.1511741477814615,1.3828478704216232,-0.0043200579253517,2,-0.1687534099384661,1.0,1.365370260556277,0.0165709538428243,True
2022-12-15,WIG20,WIG20,Stooq,1756.52,-0.0174106867300874,-1.74106867300874,1.3424321642901418,,0,-0.0043200579253517,2.0,1.3828478704216232,0.0015117414778146,True
2022-12-16,WIG20,WIG20,Stooq,1741.3,-0.0087026182352546,-0.8702618235254653,1.375574548643966,,0,,0.0,1.3424321642901418,-0.0174106867300874,False
2022-12-19,WIG20,WIG20,Stooq,1743.24,0.0011134899874554,0.1113489987455463,1.3541287538161333,-0.6541438986314461,2,,0.0,1.375574548643966,-0.0087026182352546,False
2022-12-20,WIG20,WIG20,Stooq,1763.2,0.0113848892858029,1.138488928580299,1.3151172241437403,-0.14718344538880349,5,-0.6541438986314461,2.0,1.3541287538161333,0.0011134899874554,True
2022-12-21,WIG20,WIG20,Stooq,1786.1,0.0129041319518423,1.290413195184238,1.305662463231125,0.1860327862086706,1,-0.14718344538880349,5.0,1.3151172241437403,0.0113848892858029,True
2022-12-22,WIG20,WIG20,Stooq,1780.07,-0.003381782554851,-0.338178255485107,1.3050687097733575,,0,0.1860327862086706,1.0,1.305662463231125,0.0129041319518423,True
2022-12-23,WIG20,WIG20,Stooq,1780.27,0.0001123488207364,0.0112348820736499,1.2721805409744265,-0.3249551742027203,1,,0.0,1.3050687097733575,-0.003381782554851,False
2022-12-27,WIG20,WIG20,Stooq,1765.87,-0.0081215514059962,-0.8121551405996204,1.23761963170934,0.06865577360574443,3,-0.3249551742027203,1.0,1.2721805409744265,0.0001123488207364,True
2022-12-28,WIG20,WIG20,Stooq,1767.88,0.0011376018205975,0.1137601820597539,1.2232520232216768,-0.5403425307013094,2,0.06865577360574443,3.0,1.23761963170934,-0.0081215514059962,True
2022-12-29,WIG20,WIG20,Stooq,1802.2,0.0192270522100124,1.9227052210012456,1.1915208077609456,-0.1108297497942176,6,-0.5403425307013094,2.0,1.2232520232216768,0.0011376018205975,True
2022-12-30,WIG20,WIG20,Stooq,1792.01,-0.0056702459244884,-0.5670245924488481,1.2487459996389092,,0,-0.1108297497942176,6.0,1.1915208077609456,0.0192270522100124,True
2023-01-02,WIG20,WIG20,Stooq,1791.47,-0.0003013830154416,-0.0301383015441678,1.2247747679862548,-0.2959213660383183,5,,0.0,1.2487459996389092,-0.0056702459244884,False
2023-01-03,WIG20,WIG20,Stooq,1824.82,0.0184448401543267,1.8444840154326767,1.193007855854591,0.2116428878815734,1,-0.2959213660383183,5.0,1.2247747679862548,-0.0003013830154416,True
2023-01-04,WIG20,WIG20,Stooq,1855.05,0.0164302978408419,1.6430297840841994,1.2431549683635044,-0.0401614912992005,2,0.2116428878815734,1.0,1.193007855854591,0.0184448401543267,True
2023-01-05,WIG20,WIG20,Stooq,1856.05,0.0005389237822766,0.053892378227664,1.2715145707736968,-0.11650405625502265,2,-0.0401614912992005,2.0,1.2431549683635044,0.0164302978408419,True
2023-01-09,WIG20,WIG20,Stooq,1912.47,0.0299450266646979,2.994502666469796,1.236957143294083,-0.19493698528455136,5,-0.11650405625502265,2.0,1.2715145707736968,0.0005389237822766,True
2023-01-10,WIG20,WIG20,Stooq,1937.98,0.01325059317687,1.3250593176870042,1.4035887162814278,0.1249183421605266,1,-0.19493698528455136,5.0,1.236957143294083,0.0299450266646979,True
2023-01-11,WIG20,WIG20,Stooq,1914.74,-0.0120643503178734,-1.2064350317873456,1.397180828719292,,0,0.1249183421605266,1.0,1.4035887162814278,0.01325059317687,True
2023-01-12,WIG20,WIG20,Stooq,1930.79,0.0083474024104475,0.8347402410447582,1.3901327553007656,-0.0196424699194418,1,,0.0,1.397180828719292,-0.0120643503178734,False
2023-01-13,WIG20,WIG20,Stooq,1923.44,-0.0038139960042701,-0.3813996004270129,1.3627312466357488,0.0967911008745432,1,-0.0196424699194418,1.0,1.3901327553007656,0.0083474024104475,True
2023-01-16,WIG20,WIG20,Stooq,1933.08,0.0049993362295503,0.4999336229550394,1.3273487789295355,0.01239282023161645,2,0.0967911008745432,1.0,1.3627312466357488,-0.0038139960042701,True
2023-01-17,WIG20,WIG20,Stooq,1904.51,-0.0148898281710264,-1.4889828171026491,1.2944208872563183,-0.0066626914937434,1,0.01239282023161645,2.0,1.3273487789295355,0.0049993362295503,True
2023-01-18,WIG20,WIG20,Stooq,1913.25,0.0045786090631825,0.457860906318254,1.3136529959140364,,0,-0.0066626914937434,1.0,1.2944208872563183,-0.0148898281710264,True
2023-01-19,WIG20,WIG20,Stooq,1889.84,-0.0123111973045271,-1.2311197304527115,1.2806777842161052,0.3440751214669544,1,,0.0,1.3136529959140364,0.0045786090631825,False
2023-01-20,WIG20,WIG20,Stooq,1892.32,0.0013114201173033,0.1311420117303341,1.2843919191483837,-0.0107642111834138,1,0.3440751214669544,1.0,1.2806777842161052,-0.0123111973045271,True
2023-01-23,WIG20,WIG20,Stooq,1923.15,0.0161608771640126,1.6160877164012613,1.2492788868821083,-0.27582006256461633,6,-0.0107642111834138,1.0,1.2843919191483837,0.0013114201173033,True
2023-01-24,WIG20,WIG20,Stooq,1918.6,-0.0023687132829721,-0.2368713282972198,1.27501690147694,,0,-0.27582006256461633,6.0,1.2492788868821083,0.0161608771640126,True
2023-01-25,WIG20,WIG20,Stooq,1886.24,-0.0170103238400297,-1.7010323840029782,1.2422333718376335,,0,,0.0,1.27501690147694,-0.0023687132829721,False
2023-01-26,WIG20,WIG20,Stooq,1911.61,0.0133603893664234,1.3360389366423415,1.2829040202066475,0.2345510194078088,1,,0.0,1.2422333718376335,-0.0170103238400297,False
2023-01-27,WIG20,WIG20,Stooq,1911.5,-5.754477377331071e-05,-0.005754477377331,1.286857757739234,,0,0.2345510194078088,1.0,1.2829040202066475,0.0133603893664234,True
2023-01-30,WIG20,WIG20,Stooq,1889.82,-0.0114066877134529,-1.1406687713452908,1.2515170634142188,-0.2515634649761897,2,,0.0,1.286857757739234,-5.754477377331071e-05,False
2023-01-31,WIG20,WIG20,Stooq,1902.25,0.0065558096336176,0.6555809633617613,1.252382604708412,,0,-0.2515634649761897,2.0,1.2515170634142188,-0.0114066877134529,True
2023-02-01,WIG20,WIG20,Stooq,1871.93,-0.0160674118806295,-1.6067411880629576,1.2279057731355527,0.0115532615800967,1,,0.0,1.252382604708412,0.0065558096336176,False
2023-02-02,WIG20,WIG20,Stooq,1903.79,0.0168766519748176,1.687665197481767,1.2625787383303142,-0.06432946385260714,3,0.0115532615800967,1.0,1.2279057731355527,-0.0160674118806295,True
2023-02-03,WIG20,WIG20,Stooq,1906.13,0.0012283724037435,0.1228372403743563,1.292321809665041,-0.2705546126124405,1,-0.06432946385260714,3.0,1.2625787383303142,0.0168766519748176,True
2023-02-06,WIG20,WIG20,Stooq,1864.76,-0.0219426500845213,-2.1942650084521302,1.2567370235973752,0.10502877510677262,4,-0.2705546126124405,1.0,1.292321809665041,0.0012283724037435,True
2023-02-07,WIG20,WIG20,Stooq,1870.87,0.0032712048294289,0.3271204829428992,1.340552989392653,0.1563564913714645,1,0.10502877510677262,4.0,1.2567370235973752,-0.0219426500845213,True
2023-02-08,WIG20,WIG20,Stooq,1886.68,0.0084151073424845,0.8415107342484583,1.303968793413451,0.0747879296541214,1,0.1563564913714645,1.0,1.340552989392653,0.0032712048294289,True
2023-02-09,WIG20,WIG20,Stooq,1896.24,0.0050543074406315,0.5054307440631536,1.2823647869984316,,0,0.0747879296541214,1.0,1.303968793413451,0.0084151073424845,True
2023-02-10,WIG20,WIG20,Stooq,1848.04,-0.0257473600935631,-2.5747360093563194,1.2521964049255545,-0.042199707071902966,3,,0.0,1.2823647869984316,0.0050543074406315,False
2023-02-13,WIG20,WIG20,Stooq,1853.29,0.0028368200191832,0.2836820019183286,1.377501408235201,,0,-0.042199707071902966,3.0,1.2521964049255545,-0.0257473600935631,True
2023-02-14,WIG20,WIG20,Stooq,1852.67,-0.0003345961671384,-0.033459616713849,1.338373498029518,0.1674468029769531,2,,0.0,1.377501408235201,0.0028368200191832,False
2023-02-15,WIG20,WIG20,Stooq,1870.03,0.0093266316596277,0.9326631659627708,1.3002852567683685,,0,0.1674468029769531,2.0,1.338373498029518,-0.0003345961671384,True
2023-02-16,WIG20,WIG20,Stooq,1865.51,-0.0024199993606864,-0.2419999360686438,1.282497406208516,,0,,0.0,1.3002852567683685,0.0093266316596277,False
2023-02-17,WIG20,WIG20,Stooq,1859.26,-0.0033559150582238,-0.3355915058223871,1.2493571414410067,,0,,0.0,1.282497406208516,-0.0024199993606864,False
2023-02-20,WIG20,WIG20,Stooq,1849.48,-0.0052740406011882,-0.527404060118821,1.2196762506553478,-0.01213246702294175,2,,0.0,1.2493571414410067,-0.0033559150582238,False
2023-02-21,WIG20,WIG20,Stooq,1825.89,-0.0128369791040996,-1.2836979104099695,1.196384414793733,0.0321142918740709,1,-0.01213246702294175,2.0,1.2196762506553478,-0.0052740406011882,True
2023-02-22,WIG20,WIG20,Stooq,1796.87,-0.0160212770033505,-1.6021277003350536,1.210828214998576,,0,0.0321142918740709,1.0,1.196384414793733,-0.0128369791040996,True
2023-02-23,WIG20,WIG20,Stooq,1824.76,0.0154022091463449,1.5402209146344918,1.2469714774394576,0.035616410851833334,3,,0.0,1.210828214998576,-0.0160212770033505,False
2023-02-24,WIG20,WIG20,Stooq,1807.31,-0.0096089195775101,-0.9608919577510142,1.267470426231904,0.2719661329562465,2,0.035616410851833334,3.0,1.2469714774394576,0.0154022091463449,True
2023-02-27,WIG20,WIG20,Stooq,1820.79,0.0074309208835591,0.7430920883559139,1.2576544550330797,-0.3078556976901988,5,0.2719661329562465,2.0,1.267470426231904,-0.0096089195775101,True
2023-02-28,WIG20,WIG20,Stooq,1847.94,0.0148010323165384,1.4801032316538456,1.23560694485689,0.2662163324033221,1,-0.3078556976901988,5.0,1.2576544550330797,0.0074309208835591,True
2023-03-01,WIG20,WIG20,Stooq,1856.22,0.0044706566621676,0.447065666216762,1.253014411177041,0.08552719912294181,2,0.2662163324033221,1.0,1.23560694485689,0.0148010323165384,True
2023-03-02,WIG20,WIG20,Stooq,1817.77,-0.0209316867214892,-2.093168672148928,1.2233798478986768,-0.0769146652140514,3,0.08552719912294181,2.0,1.253014411177041,0.0044706566621676,True
2023-03-03,WIG20,WIG20,Stooq,1841.85,0.0131600261918728,1.3160026191872838,1.3017468095252809,,0,-0.0769146652140514,3.0,1.2233798478986768,-0.0209316867214892,True
2023-03-06,WIG20,WIG20,Stooq,1873.63,0.0171072243962251,1.7107224396225114,1.302947082914539,0.1925216279178858,1,,0.0,1.3017468095252809,0.0131600261918728,False
2023-03-07,WIG20,WIG20,Stooq,1853.4,-0.0108559355182654,-1.0855935518265445,1.3303305406603774,,0,0.1925216279178858,1.0,1.302947082914539,0.0171072243962251,True
2023-03-08,WIG20,WIG20,Stooq,1860.83,0.0040008345798716,0.400083457987166,1.322005494960989,0.1359836865216493,1,,0.0,1.3303305406603774,-0.0108559355182654,False
2023-03-09,WIG20,WIG20,Stooq,1835.94,-0.0134660128245832,-1.346601282458329,1.2875269345282871,-0.056853485526517,1,0.1359836865216493,1.0,1.322005494960989,0.0040008345798716,True
2023-03-10,WIG20,WIG20,Stooq,1799.58,-0.0200033075834143,-2.00033075834143,1.2978145438351558,,0,-0.056853485526517,1.0,1.2875269345282871,-0.0134660128245832,True
2023-03-13,WIG20,WIG20,Stooq,1753.3,-0.0260535778483825,-2.605357784838257,1.3577970906682666,0.05845547116676838,6,,0.0,1.2978145438351558,-0.0200033075834143,False
2023-03-14,WIG20,WIG20,Stooq,1755.3,0.0011400559862174,0.1140055986217422,1.4698112490269009,0.097418331674167,1,0.05845547116676838,6.0,1.3577970906682666,-0.0260535778483825,True
2023-03-15,WIG20,WIG20,Stooq,1707.42,-0.0276563232379367,-2.765632323793677,1.424644418683714,-0.0770474223271859,1,0.097418331674167,1.0,1.4698112490269009,0.0011400559862174,True
2023-03-16,WIG20,WIG20,Stooq,1706.55,-0.0005096705705281,-0.0509670570528121,1.54391636501334,,0,-0.0770474223271859,1.0,1.424644418683714,-0.0276563232379367,True
2023-03-17,WIG20,WIG20,Stooq,1678.16,-0.016775833563301,-1.6775833563301008,1.495020869986815,-0.0818530850228853,2,,0.0,1.54391636501334,-0.0005096705705281,False
2023-03-20,WIG20,WIG20,Stooq,1686.56,0.0049929964163448,0.4992996416344825,1.5088126446407757,-0.3963108696043491,1,-0.0818530850228853,2.0,1.495020869986815,-0.016775833563301,True
2023-03-21,WIG20,WIG20,Stooq,1719.16,0.0191448479151049,1.9144847915104937,1.4656775002072442,-0.171493243864354,1,-0.3963108696043491,1.0,1.5088126446407757,0.0049929964163448,True
2023-03-22,WIG20,WIG20,Stooq,1707.29,-0.0069284813633786,-0.6928481363378627,1.4921954614866475,-0.08735369962943325,2,-0.171493243864354,1.0,1.4656775002072442,0.0191448479151049,True
2023-03-23,WIG20,WIG20,Stooq,1705.91,-0.0008086253809888,-0.0808625380988803,1.4571222175060778,-0.228033909574151,1,-0.08735369962943325,2.0,1.4921954614866475,-0.0069284813633786,True
2023-03-24,WIG20,WIG20,Stooq,1670.18,-0.0211672876440022,-2.116728764400228,1.41288807204609,-0.1795718491077423,1,-0.228033909574151,1.0,1.4571222175060778,-0.0008086253809888,True
2023-03-27,WIG20,WIG20,Stooq,1686.96,0.0099966875021455,0.9996687502145508,1.4695249069702403,0.021931251113754546,2,-0.1795718491077423,1.0,1.41288807204609,-0.0211672876440022,True
2023-03-28,WIG20,WIG20,Stooq,1694.12,0.0042353394199858,0.4235339419985885,1.443163877657716,-0.037251344797874064,3,0.021931251113754546,2.0,1.4695249069702403,0.0099966875021455,True
2023-03-29,WIG20,WIG20,Stooq,1709.39,0.0089731497532108,0.897314975321081,1.402307456038853,-0.0089471196575511,2,-0.037251344797874064,3.0,1.443163877657716,0.0042353394199858,True
2023-03-30,WIG20,WIG20,Stooq,1763.29,0.0310448005041298,3.1044800504129872,1.3763674626601006,-0.278330366127193,1,-0.0089471196575511,2.0,1.402307456038853,0.0089731497532108,True
2023-03-31,WIG20,WIG20,Stooq,1758.56,-0.0026860898924958,-0.2686089892495846,1.5310849588067337,0.19113407001540095,3,-0.278330366127193,1.0,1.3763674626601006,0.0310448005041298,True
2023-04-03,WIG20,WIG20,Stooq,1775.99,0.0098627215850425,0.98627215850425,1.484683815182974,-0.24984250327928315,2,0.19113407001540095,3.0,1.5310849588067337,-0.0026860898924958,True
2023-04-04,WIG20,WIG20,Stooq,1773.53,-0.0013861031316137,-0.1386103131613782,1.4568253907580864,,0,-0.24984250327928315,2.0,1.484683815182974,0.0098627215850425,True
2023-04-05,WIG20,WIG20,Stooq,1756.95,-0.0093925595900255,-0.9392559590025548,1.412995192590606,-0.23890284581877355,3,,0.0,1.4568253907580864,-0.0013861031316137,False
2023-04-06,WIG20,WIG20,Stooq,1754.24,-0.0015436365096271,-0.1543636509627103,1.3919021572144843,-0.11097365838141564,3,-0.23890284581877355,3.0,1.412995192590606,-0.0093925595900255,True
2023-04-11,WIG20,WIG20,Stooq,1783.31,0.016435473349829,1.6435473349829053,1.351683230197772,-0.006879022256249469,3,-0.11097365838141564,3.0,1.3919021572144843,-0.0015436365096271,True
2023-04-12,WIG20,WIG20,Stooq,1816.28,0.0183192652737809,1.8319265273780905,1.36949325664622,,0,-0.006879022256249469,3.0,1.351683230197772,0.016435473349829,True
2023-04-13,WIG20,WIG20,Stooq,1840.77,0.013393509028318,1.3393509028318078,1.3993327418349055,,0,,0.0,1.36949325664622,0.0183192652737809,False
2023-04-14,WIG20,WIG20,Stooq,1854.27,0.0073071252642926,0.7307125264292677,1.3940423238757522,,0,,0.0,1.3993327418349055,0.013393509028318,False
2023-04-17,WIG20,WIG20,Stooq,1861.85,0.0040795294622067,0.4079529462206728,1.3630446694254388,-0.2197170932353897,1,,0.0,1.3940423238757522,0.0073071252642926,False
2023-04-18,WIG20,WIG20,Stooq,1896.92,0.0186609011426731,1.8660901142673136,1.3263757524081414,0.493183320787336,1,-0.2197170932353897,1.0,1.3630446694254388,0.0040795294622067,True
2023-04-19,WIG20,WIG20,Stooq,1896.87,-2.6358865410639205e-05,-0.0026358865410639,1.3633531043282818,,0,0.493183320787336,1.0,1.3263757524081414,0.0186609011426731,True
2023-04-20,WIG20,WIG20,Stooq,1911.19,0.0075209253530789,0.7520925353078939,1.3238137558068084,,0,,0.0,1.3633531043282818,-2.6358865410639205e-05,False
2023-04-21,WIG20,WIG20,Stooq,1900.63,-0.0055406745413852,-0.5540674541385295,1.2978242411657628,0.0433419564609774,1,,0.0,1.3238137558068084,0.0075209253530789,False
2023-04-24,WIG20,WIG20,Stooq,1910.52,0.0051900461541637,0.5190046154163758,1.2704028765280255,-0.4433390779110292,2,0.0433419564609774,1.0,1.2978242411657628,-0.0055406745413852,True
2023-04-25,WIG20,WIG20,Stooq,1890.69,-0.0104336145024023,-1.043361450240234,1.2412500255015098,0.04891576661597845,2,-0.4433390779110292,2.0,1.2704028765280255,0.0051900461541637,True
2023-04-26,WIG20,WIG20,Stooq,1888.61,-0.0011007330511011,-0.1100733051101112,1.2376014545867808,,0,0.04891576661597845,2.0,1.2412500255015098,-0.0104336145024023,True
2023-04-27,WIG20,WIG20,Stooq,1948.07,0.03099803010603,3.099803010603005,1.2055775551263148,,0,,0.0,1.2376014545867808,-0.0011007330511011,False
2023-04-28,WIG20,WIG20,Stooq,1923.09,-0.0129058714827592,-1.29058714827592,1.39193274802233,,0,,0.0,1.2055775551263148,0.03099803010603,False
2023-05-02,WIG20,WIG20,Stooq,1919.24,-0.0020039930398808,-0.2003993039880831,1.3900004749242465,,0,,0.0,1.39193274802233,-0.0129058714827592,False
2023-05-04,WIG20,WIG20,Stooq,1884.32,-0.0183622612325619,-1.8362261232561925,1.3503466270480948,-0.06729985894014438,2,,0.0,1.3900004749242465,-0.0020039930398808,False
2023-05-05,WIG20,WIG20,Stooq,1912.37,0.0147762974409161,1.4776297440916193,1.3902243336156317,,0,-0.06729985894014438,2.0,1.3503466270480948,-0.0183622612325619,True
2023-05-08,WIG20,WIG20,Stooq,1922.08,0.0050646224389104,0.5064622438910485,1.3937483154573302,-0.0312025044113397,1,,0.0,1.3902243336156317,0.0147762974409161,False
2023-05-09,WIG20,WIG20,Stooq,1919.92,-0.001124414485984,-0.1124414485984053,1.3571426121355297,,0,-0.0312025044113397,1.0,1.3937483154573302,0.0050646224389104,True
2023-05-10,WIG20,WIG20,Stooq,1931.94,0.0062411609025168,0.6241160902516824,1.3184702651273148,,0,,0.0,1.3571426121355297,-0.001124414485984,False
2023-05-11,WIG20,WIG20,Stooq,1918.71,-0.0068715941769276,-0.687159417692765,1.2890233565709188,-0.1063647357154299,2,,0.0,1.3184702651273148,0.0062411609025168,False
2023-05-12,WIG20,WIG20,Stooq,1939.03,0.0105347628030214,1.05347628030214,1.2663667746558942,,0,-0.1063647357154299,2.0,1.2890233565709188,-0.0068715941769276,True
2023-05-15,WIG20,WIG20,Stooq,1940.63,0.000824814592366,0.0824814592366049,1.2563836530658412,,0,,0.0,1.2663667746558942,0.0105347628030214,False
2023-05-16,WIG20,WIG20,Stooq,1948.83,0.0042165298777024,0.4216529877702455,1.222700583376486,,0,,0.0,1.2563836530658412,0.000824814592366,False
2023-05-17,WIG20,WIG20,Stooq,1933.08,-0.0081146066878855,-0.8114606687885564,1.1943837365458447,,0,,0.0,1.222700583376486,0.0042165298777024,False
2023-05-18,WIG20,WIG20,Stooq,1939.9,0.0035218395391859,0.3521839539185969,1.1830862609427033,,0,,0.0,1.1943837365458447,-0.0081146066878855,False
2023-05-19,WIG20,WIG20,Stooq,1992.31,0.0266583441895194,2.665834418951944,1.1559424227160442,,0,,0.0,1.1830862609427033,0.0035218395391859,False
2023-05-22,WIG20,WIG20,Stooq,2004.72,0.0062096305891807,0.6209630589180716,1.297116476023263,-0.01962626276687135,2,,0.0,1.1559424227160442,0.0266583441895194,False
2023-05-23,WIG20,WIG20,Stooq,2004.06,-0.0003292772394411,-0.0329277239441155,1.2688827814184545,,0,-0.01962626276687135,2.0,1.297116476023263,0.0062096305891807,True
2023-05-24,WIG20,WIG20,Stooq,1958.63,-0.0229298736437218,-2.292987364372188,1.2346341180952247,,0,,0.0,1.2688827814184545,-0.0003292772394411,False
2023-05-25,WIG20,WIG20,Stooq,1941.16,-0.0089595167246776,-0.8959516724677692,1.3317698960707791,,0,,0.0,1.2346341180952247,-0.0229298736437218,False
2023-05-26,WIG20,WIG20,Stooq,1984.12,0.0218897583787902,2.188975837879027,1.3143830495773774,,0,,0.0,1.3317698960707791,-0.0089595167246776,False
2023-05-29,WIG20,WIG20,Stooq,1980.39,-0.0018816958971434,-0.1881695897143418,1.380638985076003,0.0638628988177515,1,,0.0,1.3143830495773774,0.0218897583787902,False
2023-05-30,WIG20,WIG20,Stooq,1946.38,-0.0173225579532349,-1.7322557953234996,1.341363567306588,0.2610121816038512,1,0.0638628988177515,1.0,1.380638985076003,-0.0018816958971434,True
2023-05-31,WIG20,WIG20,Stooq,1894.48,-0.0270268425085653,-2.702684250856539,1.3739310031063638,,0,0.2610121816038512,1.0,1.341363567306588,-0.0173225579532349,True
2023-06-01,WIG20,WIG20,Stooq,1946.21,0.0269394970649877,2.693949706498776,1.494100189069811,,0,,0.0,1.3739310031063638,-0.0270268425085653,False
2023-06-02,WIG20,WIG20,Stooq,2018.09,0.0362676279387993,3.626762793879932,1.5857095014992286,,0,,0.0,1.494100189069811,0.0269394970649877,False
2023-06-05,WIG20,WIG20,Stooq,2020.07,0.0009806447286262,0.0980644728626213,1.7667082197477917,0.0620360054142241,1,,0.0,1.5857095014992286,0.0362676279387993,False
2023-06-06,WIG20,WIG20,Stooq,2053.44,0.0163842713019709,1.6384271301970947,1.7064897670880717,,0,0.0620360054142241,1.0,1.7667082197477917,0.0009806447286262,True
2023-06-07,WIG20,WIG20,Stooq,2036.31,-0.0083770891499892,-0.837708914998929,1.6944526818299517,,0,,0.0,1.7064897670880717,0.0163842713019709,False
2023-06-09,WIG20,WIG20,Stooq,2050.99,0.0071832569779283,0.7183256977928358,1.652068313002256,0.2666046265978366,2,,0.0,1.6944526818299517,-0.0083770891499892,False
2023-06-12,WIG20,WIG20,Stooq,2044.2,-0.0033160884951137,-0.3316088495113748,1.6058680573289486,,0,0.2666046265978366,2.0,1.652068313002256,0.0071832569779283,True
2023-06-13,WIG20,WIG20,Stooq,2024.98,-0.0094466909463195,-0.9446690946319598,1.556403841892786,,0,,0.0,1.6058680573289486,-0.0033160884951137,False
2023-06-14,WIG20,WIG20,Stooq,2075.83,0.0248012497374692,2.480124973746922,1.5261613856956229,,0,,0.0,1.556403841892786,-0.0094466909463195,False
2023-06-15,WIG20,WIG20,Stooq,2097.34,0.0103088014584236,1.0308801458423664,1.5932396178091923,,0,,0.0,1.5261613856956229,0.0248012497374692,False
2023-06-16,WIG20,WIG20,Stooq,2108.05,0.0050934744004943,0.509347440049431,1.5602451984864862,-0.1232856052617231,1,,0.0,1.5932396178091923,0.0103088014584236,False
2023-06-19,WIG20,WIG20,Stooq,2083.81,-0.0115654006534341,-1.156540065343415,1.5145112815983557,,0,-0.1232856052617231,1.0,1.5602451984864862,0.0050934744004943,True
2023-06-20,WIG20,WIG20,Stooq,2066.78,-0.0082061083204455,-0.8206108320445579,1.4962973267861488,-0.3173532543936745,2,,0.0,1.5145112815983557,-0.0115654006534341,False
2023-06-21,WIG20,WIG20,Stooq,2076.16,0.0045281930357202,0.4528193035720226,1.465193752959833,-0.0470925156426217,1,-0.3173532543936745,2.0,1.4962973267861488,-0.0082061083204455,True
2023-06-22,WIG20,WIG20,Stooq,2075.51,-0.0003131270092808,-0.0313127009280899,1.4236155021208954,0.0099977701902389,1,-0.0470925156426217,1.0,1.465193752959833,0.0045281930357202,True
2023-06-23,WIG20,WIG20,Stooq,2035.0,-0.0197110877209076,-1.9711087720907692,1.3809314659497751,,0,0.0099977701902389,1.0,1.4236155021208954,-0.0003131270092808,True
2023-06-26,WIG20,WIG20,Stooq,2068.49,0.0163230535920067,1.632305359200677,1.4286344434769185,-0.12164381347935305,5,,0.0,1.3809314659497751,-0.0197110877209076,False
2023-06-27,WIG20,WIG20,Stooq,2039.34,-0.0141926463891357,-1.4192646389135788,1.4387096722358037,,0,-0.12164381347935305,5.0,1.4286344434769185,0.0163230535920067,True
2023-06-28,WIG20,WIG20,Stooq,2045.15,0.0028449103406347,0.2844910340634793,1.4406094704417722,,0,,0.0,1.4387096722358037,-0.0141926463891357,False
2023-06-29,WIG20,WIG20,Stooq,2062.11,0.0082585939996039,0.8258593999603973,1.398076779821737,,0,,0.0,1.4406094704417722,0.0028449103406347,False
2023-06-30,WIG20,WIG20,Stooq,2060.38,-0.0008392986285251,-0.0839298628525123,1.3698721907628346,0.112241862147736,1,,0.0,1.398076779821737,0.0082585939996039,False
2023-07-03,WIG20,WIG20,Stooq,2078.46,0.008736803068649,0.8736803068649068,1.330318155348693,,0,0.112241862147736,1.0,1.3698721907628346,-0.0008392986285251,True
2023-07-04,WIG20,WIG20,Stooq,2056.53,-0.0106071384038029,-1.060713840380294,1.3081783731475911,0.1431198721441129,1,,0.0,1.330318155348693,0.008736803068649,False
2023-07-05,WIG20,WIG20,Stooq,2015.11,-0.0203463119946342,-2.034631199463424,1.300257428978782,-0.0772732487336422,2,0.1431198721441129,1.0,1.3081783731475911,-0.0106071384038029,True
2023-07-06,WIG20,WIG20,Stooq,2010.48,-0.0023002849478282,-0.2300284947828215,1.363059730996133,,0,-0.0772732487336422,2.0,1.300257428978782,-0.0203463119946342,True
2023-07-07,WIG20,WIG20,Stooq,2035.57,0.01240237842293,1.2402378422930045,1.32523511253285,-0.1324935892803801,3,,0.0,1.363059730996133,-0.0023002849478282,False
2023-07-10,WIG20,WIG20,Stooq,2041.39,0.0028550704218052,0.2855070421805289,1.3202996256401314,,0,-0.1324935892803801,3.0,1.32523511253285,0.01240237842293,True
2023-07-11,WIG20,WIG20,Stooq,2054.39,0.0063480185241499,0.6348018524149911,1.2843489038845108,,0,,0.0,1.3202996256401314,0.0028550704218052,False
2023-07-12,WIG20,WIG20,Stooq,2114.5,0.0288394110299942,2.883941102999424,1.2572788552782797,-0.2290129951705845,1,,0.0,1.2843489038845108,0.0063480185241499,False
2023-07-13,WIG20,WIG20,Stooq,2117.53,0.0014319371638374,0.1431937163837423,1.4065356536374856,,0,-0.2290129951705845,1.0,1.2572788552782797,0.0288394110299942,True
2023-07-14,WIG20,WIG20,Stooq,2127.08,0.0044998320761703,0.4499832076170331,1.3648149497881483,-0.0625002164083222,1,,0.0,1.4065356536374856,0.0014319371638374,False
2023-07-17,WIG20,WIG20,Stooq,2136.87,0.0045919943728195,0.4591994372819544,1.3287669327675564,-0.11927514223438894,3,-0.0625002164083222,1.0,1.3648149497881483,0.0044998320761703,True
2023-07-18,WIG20,WIG20,Stooq,2161.24,0.0113399895094298,1.1339989509429849,1.29494555699749,,0,-0.11927514223438894,3.0,1.3287669327675564,0.0045919943728195,True
2023-07-19,WIG20,WIG20,Stooq,2171.53,0.0047498571796673,0.4749857179667357,1.2867831829978575,,0,,0.0,1.29494555699749,0.0113399895094298,False
2023-07-20,WIG20,WIG20,Stooq,2159.05,-0.0057636780979755,-0.5763678097975573,1.2557121406826588,,0,,0.0,1.2867831829978575,0.0047498571796673,False
2023-07-21,WIG20,WIG20,Stooq,2155.56,-0.0016177595477475,-0.1617759547747566,1.2315812426343606,0.3406053677744542,1,,0.0,1.2557121406826588,-0.0057636780979755,False
2023-07-24,WIG20,WIG20,Stooq,2173.8,0.0084262375603421,0.8426237560342137,1.200378324626735,,0,0.3406053677744542,1.0,1.2315812426343606,-0.0016177595477475,True
2023-07-25,WIG20,WIG20,Stooq,2181.76,0.0036551023803971,0.3655102380397105,1.18586687979227,,0,,0.0,1.200378324626735,0.0084262375603421,False
2023-07-26,WIG20,WIG20,Stooq,2163.91,-0.0082151200567835,-0.8215120056783565,1.1587700257788431,,0,,0.0,1.18586687979227,0.0036551023803971,False
2023-07-27,WIG20,WIG20,Stooq,2189.58,0.0117929741436351,1.1792974143635195,1.1505476547820197,,0,,0.0,1.1587700257788431,-0.0082151200567835,False
2023-07-28,WIG20,WIG20,Stooq,2189.24,-0.0001552929787858,-0.0155292978785818,1.156492305505744,-0.09309552962063912,3,,0.0,1.1505476547820197,0.0117929741436351,False
2023-07-31,WIG20,WIG20,Stooq,2193.56,0.0019713431591813,0.1971343159181309,1.1286249169227962,-0.0437603215686976,1,-0.09309552962063912,3.0,1.156492305505744,-0.0001552929787858,True
2023-08-01,WIG20,WIG20,Stooq,2188.77,-0.0021860525827803,-0.2186052582780344,1.1028921598094368,0.2367315962910652,1,-0.0437603215686976,1.0,1.1286249169227962,0.0019713431591813,True
2023-08-02,WIG20,WIG20,Stooq,2142.82,-0.0212170236484738,-2.1217023648473865,1.0800910081951616,,0,0.2367315962910652,1.0,1.1028921598094368,-0.0021860525827803,True
2023-08-03,WIG20,WIG20,Stooq,2141.81,-0.0004714526195763,-0.0471452619576326,1.182687804659383,-0.2474000724879178,1,,0.0,1.0800910081951616,-0.0212170236484738,False
2023-08-04,WIG20,WIG20,Stooq,2169.73,0.0129514699041679,1.2951469904167907,1.153421170981847,,0,-0.2474000724879178,1.0,1.182687804659383,-0.0004714526195763,True
2023-08-07,WIG20,WIG20,Stooq,2152.17,-0.0081261003859072,-0.8126100385907222,1.166209491190291,,0,,0.0,1.153421170981847,0.0129514699041679,False
2023-08-08,WIG20,WIG20,Stooq,2113.37,-0.0181928056737825,-1.8192805673782595,1.1570322591745248,,0,,0.0,1.166209491190291,-0.0081261003859072,False
2023-08-09,WIG20,WIG20,Stooq,2096.43,-0.0080479316986216,-0.8047931698621625,1.2180735993037657,-0.2152301209668318,2,,0.0,1.1570322591745248,-0.0181928056737825,False
2023-08-10,WIG20,WIG20,Stooq,2130.58,0.0161583450341535,1.6158345034153574,1.204782992354452,0.0018947390781249,1,-0.2152301209668318,2.0,1.2180735993037657,-0.0080479316986216,True
2023-08-11,WIG20,WIG20,Stooq,2105.31,-0.0119315184238049,-1.193151842380491,1.235039929178835,0.1363286864361726,2,0.0018947390781249,1.0,1.204782992354452,0.0161583450341535,True
2023-08-14,WIG20,WIG20,Stooq,2087.01,-0.0087303050495416,-0.8730305049541639,1.2403517400697337,0.2047246384123961,2,0.1363286864361726,2.0,1.235039929178835,-0.0119315184238049,True
2023-08-16,WIG20,WIG20,Stooq,2044.35,-0.020652529090932,-2.065252909093209,1.228439646215289,-0.03209882974624633,3,0.2047246384123961,2.0,1.2403517400697337,-0.0087303050495416,True
2023-08-17,WIG20,WIG20,Stooq,2021.15,-0.0114132342093989,-1.1413234209398957,1.3033894134998492,-0.3099776373377867,1,-0.03209882974624633,3.0,1.228439646215289,-0.020652529090932,True
2023-08-18,WIG20,WIG20,Stooq,2014.55,-0.0032708109542391,-0.3270810954239171,1.3001093203083445,,0,-0.3099776373377867,1.0,1.3033894134998492,-0.0114132342093989,True
2023-08-21,WIG20,WIG20,Stooq,2015.21,0.0003275629347163,0.0327562934716325,1.267307792716286,-0.1887021688744425,1,,0.0,1.3001093203083445,-0.0032708109542391,False
2023-08-22,WIG20,WIG20,Stooq,2009.59,-0.0027926871658611,-0.2792687165861143,1.2329911467892432,,0,-0.1887021688744425,1.0,1.267307792716286,0.0003275629347163,True
2023-08-23,WIG20,WIG20,Stooq,2012.34,0.0013675028797399,0.1367502879739983,1.203283457797843,,0,,0.0,1.2329911467892432,-0.0027926871658611,False
2023-08-24,WIG20,WIG20,Stooq,2009.58,-0.0013724790315324,-0.1372479031532498,1.1727857476367325,0.0482773279978169,1,,0.0,1.203283457797843,0.0013675028797399,False
2023-08-25,WIG20,WIG20,Stooq,2000.42,-0.0045685864998874,-0.4568586499887426,1.1447618560917128,-0.1870503999778757,1,0.0482773279978169,1.0,1.1727857476367325,-0.0013724790315324,True
2023-08-28,WIG20,WIG20,Stooq,2039.32,0.0192592604418555,1.9259260441855508,1.12430814985193,0.23047210203367285,2,-0.1870503999778757,1.0,1.1447618560917128,-0.0045685864998874,True
2023-08-29,WIG20,WIG20,Stooq,2042.08,0.0013524772973562,0.1352477297356275,1.1904292271092642,-0.2473272336288713,1,0.23047210203367285,2.0,1.12430814985193,0.0192592604418555,True
2023-08-30,WIG20,WIG20,Stooq,2049.96,0.003851384512586,0.3851384512586073,1.160667435993881,-0.1555875936367859,2,-0.2473272336288713,1.0,1.1904292271092642,0.0013524772973562,True
2023-08-31,WIG20,WIG20,Stooq,2027.38,-0.0110759616988592,-1.107596169885925,1.1354306991925192,,0,-0.1555875936367859,2.0,1.160667435993881,0.003851384512586,True
2023-09-01,WIG20,WIG20,Stooq,2050.94,0.011553905573938,1.155390557393804,1.1442485087627363,,0,,0.0,1.1354306991925192,-0.0110759616988592,False
2023-09-04,WIG20,WIG20,Stooq,2025.59,-0.0124372084932211,-1.243720849322112,1.1493452808683071,0.12240187465102359,2,,0.0,1.1442485087627363,0.011553905573938,False
2023-09-05,WIG20,WIG20,Stooq,2006.27,-0.0095837394528348,-0.9583739452834804,1.1655346043063473,,0,0.12240187465102359,2.0,1.1493452808683071,-0.0124372084932211,True
2023-09-06,WIG20,WIG20,Stooq,1958.07,-0.0243179824584892,-2.431798245848928,1.1634394777439765,0.1660856882420679,1,,0.0,1.1655346043063473,-0.0095837394528348,False
2023-09-07,WIG20,WIG20,Stooq,1927.39,-0.0157925381503916,-1.5792538150391686,1.2872002583448885,,0,0.1660856882420679,1.0,1.1634394777439765,-0.0243179824584892,True
2023-09-08,WIG20,WIG20,Stooq,1943.99,0.0085758059071237,0.8575805907123701,1.313650692767094,-0.7698657233268023,1,,0.0,1.2872002583448885,-0.0157925381503916,False
2023-09-11,WIG20,WIG20,Stooq,1941.79,-0.0011323339124018,-0.1132333912401821,1.292005696862399,,0,-0.7698657233268023,1.0,1.313650692767094,0.0085758059071237,True
2023-09-12,WIG20,WIG20,Stooq,1949.57,0.0039986073589226,0.3998607358922635,1.2569344160128026,0.1086121164705781,1,,0.0,1.292005696862399,-0.0011323339124018,False
2023-09-13,WIG20,WIG20,Stooq,1949.65,4.103384780099924e-05,0.0041033847800999,1.2262045565346182,,0,0.1086121164705781,1.0,1.2569344160128026,0.0039986073589226,True
2023-09-14,WIG20,WIG20,Stooq,1967.77,0.0092510525951246,0.9251052595124672,1.194249827454411,,0,,0.0,1.2262045565346182,4.103384780099924e-05,False
2023-09-15,WIG20,WIG20,Stooq,1975.05,0.003692792606784,0.3692792606784019,1.183659429509957,,0,,0.0,1.194249827454411,0.0092510525951246,False
2023-09-18,WIG20,WIG20,Stooq,1943.94,-0.0158768731239179,-1.5876873123917918,1.1567572807377131,-0.3056006290018558,1,,0.0,1.183659429509957,0.003692792606784,False
2023-09-19,WIG20,WIG20,Stooq,1930.86,-0.0067513418410418,-0.6751341841041878,1.1977102319902453,-0.1645086444914341,1,-0.3056006290018558,1.0,1.1567572807377131,-0.0158768731239179,True
2023-09-20,WIG20,WIG20,Stooq,1975.57,0.0228914647854959,2.289146478549596,1.1807060365632356,,0,-0.1645086444914341,1.0,1.1977102319902453,-0.0067513418410418,True
2023-09-21,WIG20,WIG20,Stooq,1949.56,-0.0132532582196132,-1.325325821961328,1.2751809579778863,,0,,0.0,1.1807060365632356,0.0228914647854959,False
2023-09-22,WIG20,WIG20,Stooq,1949.25,-0.0001590228816757,-0.0159022881675763,1.2851976011524977,,0,,0.0,1.2751809579778863,-0.0132532582196132,False
2023-09-25,WIG20,WIG20,Stooq,1925.22,-0.0124044362836536,-1.2404436283653686,1.2499782021467896,-0.12933500589181973,2,,0.0,1.2851976011524977,-0.0001590228816757,False
2023-09-26,WIG20,WIG20,Stooq,1928.42,0.0016607678638931,0.1660767863893134,1.2568764584324392,-0.065241806829969,1,-0.12933500589181973,2.0,1.2499782021467896,-0.0124044362836536,True
2023-09-27,WIG20,WIG20,Stooq,1898.92,-0.0154157112805405,-1.5415711280540585,1.2234742312930518,,0,-0.065241806829969,1.0,1.2568764584324392,0.0016607678638931,True
2023-09-28,WIG20,WIG20,Stooq,1884.74,-0.0074954231551397,-0.7495423155139769,1.2535780505643843,,0,,0.0,1.2234742312930518,-0.0154157112805405,False
2023-09-29,WIG20,WIG20,Stooq,1915.6,0.0162410091341859,1.6241009134185902,1.2355722200354873,,0,,0.0,1.2535780505643843,-0.0074954231551397,False
2023-10-02,WIG20,WIG20,Stooq,1873.32,-0.0223186317118786,-2.2318631711878667,1.2632864566226771,,0,,0.0,1.2355722200354873,0.0162410091341859,False
2023-10-03,WIG20,WIG20,Stooq,1864.31,-0.0048212463259742,-0.4821246325974267,1.34997344082648,,0,,0.0,1.2632864566226771,-0.0223186317118786,False
2023-10-04,WIG20,WIG20,Stooq,1879.35,0.0080349609290701,0.8034960929070177,1.3175225519283071,,0,,0.0,1.34997344082648,-0.0048212463259742,False
2023-10-05,WIG20,WIG20,Stooq,1864.65,-0.0078526044538371,-0.7852604453837178,1.2936663153986567,0.1489973021408831,1,,0.0,1.3175225519283071,0.0080349609290701,False
2023-10-06,WIG20,WIG20,Stooq,1870.43,0.0030949830332125,0.309498303321258,1.2743327031270513,,0,0.1489973021408831,1.0,1.2936663153986567,-0.0078526044538371,True
2023-10-09,WIG20,WIG20,Stooq,1909.41,0.0206259428584745,2.062594285847458,1.241256924173762,-0.03358144590945283,4,,0.0,1.2743327031270513,0.0030949830332125,False
2023-10-10,WIG20,WIG20,Stooq,1960.21,0.0262573165447985,2.625731654479851,1.305017669906793,0.1163206468336284,1,-0.03358144590945283,4.0,1.241256924173762,0.0206259428584745,True
2023-10-11,WIG20,WIG20,Stooq,1976.83,0.0084429412590137,0.844294125901375,1.4166892245665217,,0,0.1163206468336284,1.0,1.305017669906793,0.0262573165447985,True
2023-10-12,WIG20,WIG20,Stooq,1960.94,-0.008070601507444,-0.8070601507444,1.3879502862900082,,0,,0.0,1.4166892245665217,0.0084429412590137,False
2023-10-13,WIG20,WIG20,Stooq,1974.56,0.0069216386109837,0.6921638610983759,1.3632165986161775,-0.1424832383281595,2,,0.0,1.3879502862900082,-0.008070601507444,False
2023-10-16,WIG20,WIG20,Stooq,2079.49,0.0517770826182495,5.177708261824952,1.3329529852989417,,0,-0.1424832383281595,2.0,1.3632165986161775,0.0069216386109837,True
2023-10-17,WIG20,WIG20,Stooq,2118.37,0.0185242536878693,1.8524253687869323,1.8034305109313176,-0.0355782012920826,1,,0.0,1.3329529852989417,0.0517770826182495,False
2023-10-18,WIG20,WIG20,Stooq,2094.62,-0.0112747723550763,-1.1274772355076368,1.7964355430620793,,0,-0.0355782012920826,1.0,1.8034305109313176,0.0185242536878693,True
2023-10-19,WIG20,WIG20,Stooq,2051.4,-0.0208496657826051,-2.0849665782605165,1.7584446194409935,-0.4011939340271055,1,,0.0,1.7964355430620793,-0.0112747723550763,False
2023-10-20,WIG20,WIG20,Stooq,2028.92,-0.0110188551146092,-1.1018855114609245,1.7770462420900617,,0,-0.4011939340271055,1.0,1.7584446194409935,-0.0208496657826051,True
2023-10-23,WIG20,WIG20,Stooq,2021.14,-0.0038419231170104,-0.3841923117010463,1.7392297161354742,0.04935495775252083,3,,0.0,1.7770462420900617,-0.0110188551146092,False
2023-10-24,WIG20,WIG20,Stooq,2059.53,0.0188160927707409,1.8816092770740944,1.6836590705439105,,0,0.04935495775252083,3.0,1.7392297161354742,-0.0038419231170104,True
2023-10-25,WIG20,WIG20,Stooq,2096.22,0.0176579213524541,1.7657921352454191,1.6881700833781976,,0,,0.0,1.6836590705439105,0.0188160927707409,False
2023-10-26,WIG20,WIG20,Stooq,2120.96,0.0117330935932027,1.173309359320273,1.6850130242864323,,0,,0.0,1.6881700833781976,0.0176579213524541,False
2023-10-27,WIG20,WIG20,Stooq,2103.73,-0.0081568567312994,-0.8156856731299419,1.651868872409286,-0.2426666770285616,1,,0.0,1.6850130242864323,0.0117330935932027,False
2023-10-30,WIG20,WIG20,Stooq,2126.47,0.0107513682786941,1.0751368278694102,1.6112522127421791,0.18515251490854376,2,-0.2426666770285616,1.0,1.651868872409286,-0.0081568567312994,True
2023-10-31,WIG20,WIG20,Stooq,2149.73,0.0108789249348725,1.0878924934872545,1.5788302851245315,,0,0.18515251490854376,2.0,1.6112522127421791,0.0107513682786941,True
2023-11-02,WIG20,WIG20,Stooq,2158.41,0.0040295866639298,0.4029586663929817,1.548961863965119,,0,,0.0,1.5788302851245315,0.0108789249348725,False
2023-11-03,WIG20,WIG20,Stooq,2177.29,0.0087091446990917,0.8709144699091738,1.5021090223038087,,0,,0.0,1.548961863965119,0.0040295866639298,False
2023-11-06,WIG20,WIG20,Stooq,2186.01,0.0039969800880592,0.399698008805925,1.4690096992101418,,0,,0.0,1.5021090223038087,0.0087091446990917,False
2023-11-07,WIG20,WIG20,Stooq,2168.12,-0.0082175317101799,-0.8217531710179995,1.426381555275736,,0,,0.0,1.4690096992101418,0.0039969800880592,False
2023-11-08,WIG20,WIG20,Stooq,2140.2,-0.0129611499883562,-1.296114998835623,1.3997224415521807,,0,,0.0,1.426381555275736,-0.0082175317101799,False
2023-11-09,WIG20,WIG20,Stooq,2170.91,0.0142471518756483,1.424715187564831,1.397484877652777,,0,,0.0,1.3997224415521807,-0.0129611499883562,False
2023-11-10,WIG20,WIG20,Stooq,2141.09,-0.0138313893307982,-1.3831389330798285,1.3972250212709283,-0.0837925286032259,2,,0.0,1.397484877652777,0.0142471518756483,False
2023-11-13,WIG20,WIG20,Stooq,2132.7,-0.0039262625342038,-0.3926262534203838,1.4003645754568228,0.0330773213257392,1,-0.0837925286032259,2.0,1.3972250212709283,-0.0138313893307982,True
2023-11-14,WIG20,WIG20,Stooq,2236.12,0.0473534384943763,4.735343849437632,1.3630668954830265,,0,0.0330773213257392,1.0,1.4003645754568228,-0.0039262625342038,True
2023-11-15,WIG20,WIG20,Stooq,2218.61,-0.0078613474565464,-0.7861347456546428,1.7512584680660974,,0,,0.0,1.3630668954830265,0.0473534384943763,False
2023-11-16,WIG20,WIG20,Stooq,2217.16,-0.0006537760306089,-0.0653776030608963,1.7040532106382908,,0,,0.0,1.7512584680660974,-0.0078613474565464,False
2023-11-17,WIG20,WIG20,Stooq,2228.28,0.0050028897897367,0.5002889789736761,1.6471203503373435,,0,,0.0,1.7040532106382908,-0.0006537760306089,False
2023-11-20,WIG20,WIG20,Stooq,2250.55,0.0099446433707303,0.994464337073033,1.5966160313144702,,0,,0.0,1.6471203503373435,0.0050028897897367,False
2023-11-21,WIG20,WIG20,Stooq,2240.99,-0.0042568982738831,-0.4256898273883105,1.562067191263934,,0,,0.0,1.5966160313144702,0.0099446433707303,False
2023-11-22,WIG20,WIG20,Stooq,2241.16,7.58564528548238e-05,0.0075856452854823,1.5164960339771432,,0,,0.0,1.562067191263934,-0.0042568982738831,False
2023-11-23,WIG20,WIG20,Stooq,2225.6,-0.0069670467810283,-0.6967046781028347,1.4688477226025327,,0,,0.0,1.5164960339771432,7.58564528548238e-05,False
2023-11-24,WIG20,WIG20,Stooq,2228.01,0.0010822681982649,0.1082268198264918,1.4352870603325056,,0,,0.0,1.4688477226025327,-0.0069670467810283,False
2023-11-27,WIG20,WIG20,Stooq,2208.05,-0.0089990372993135,-0.8999037299313544,1.3919216812914932,,0,,0.0,1.4352870603325056,0.0010822681982649,False
2023-11-28,WIG20,WIG20,Stooq,2239.69,0.0142276903466379,1.4227690346637936,1.3705963739875575,,0,,0.0,1.3919216812914932,-0.0089990372993135,False
2023-11-29,WIG20,WIG20,Stooq,2222.44,-0.0077317720165452,-0.7731772016545253,1.3724260420370489,0.2051608715182504,1,,0.0,1.3705963739875575,0.0142276903466379,False
2023-11-30,WIG20,WIG20,Stooq,2215.25,-0.0032404274708105,-0.3240427470810588,1.3474397938011882,,0,0.2051608715182504,1.0,1.3724260420370489,-0.0077317720165452,True
2023-12-01,WIG20,WIG20,Stooq,2285.98,0.0314295524826856,3.142955248268568,1.3118805589636888,,0,,0.0,1.3474397938011882,-0.0032404274708105,False
2023-12-04,WIG20,WIG20,Stooq,2281.04,-0.0021633371111189,-0.2163337111118963,1.4829570873032247,-0.15587245993537444,4,,0.0,1.3118805589636888,0.0314295524826856,False
2023-12-05,WIG20,WIG20,Stooq,2298.78,0.0077470681053569,0.774706810535692,1.4384796560696116,,0,-0.15587245993537444,4.0,1.4829570873032247,-0.0021633371111189,True
2023-12-06,WIG20,WIG20,Stooq,2309.81,0.0047867226464469,0.47867226464469,1.4061335838335225,,0,,0.0,1.4384796560696116,0.0077470681053569,False
2023-12-07,WIG20,WIG20,Stooq,2288.84,-0.0091201310607417,-0.9120131060741709,1.368287463277097,,0,,0.0,1.4061335838335225,0.0047867226464469,False
2023-12-08,WIG20,WIG20,Stooq,2306.05,0.0074909651711162,0.7490965171116247,1.3490738303631011,,0,,0.0,1.368287463277097,-0.0091201310607417,False
2023-12-11,WIG20,WIG20,Stooq,2313.32,0.0031476179662126,0.3147617966212661,1.3214049620313908,,0,,0.0,1.3490738303631011,0.0074909651711162,False
2023-12-12,WIG20,WIG20,Stooq,2293.66,-0.0085349271515034,-0.8534927151503446,1.2857349975620918,,0,,0.0,1.3214049620313908,0.0031476179662126,False
2023-12-13,WIG20,WIG20,Stooq,2298.31,0.0020252752476274,0.2025275247627481,1.2697357521227235,,0,,0.0,1.2857349975620918,-0.0085349271515034,False
2023-12-14,WIG20,WIG20,Stooq,2312.56,0.0061810657724422,0.6181065772442285,1.2358491358937147,-0.2285176933122177,1,,0.0,1.2697357521227235,0.0020252752476274,False
2023-12-15,WIG20,WIG20,Stooq,2320.45,0.003405996372782,0.3405996372782086,1.2113327457967755,-0.1636869851499796,1,-0.2285176933122177,1.0,1.2358491358937147,0.0061810657724422,True
2023-12-18,WIG20,WIG20,Stooq,2334.5,0.0060366030422736,0.6036603042273636,1.1823334104811438,-0.0569317076551567,4,-0.1636869851499796,1.0,1.2113327457967755,0.003405996372782,True
2023-12-19,WIG20,WIG20,Stooq,2354.57,0.0085603851343546,0.8560385134354663,1.1608143434839988,0.0615115707643844,1,-0.0569317076551567,4.0,1.1823334104811438,0.0060366030422736,True
2023-12-20,WIG20,WIG20,Stooq,2346.52,-0.0034247410145744,-0.3424741014574433,1.1496787190074726,,0,0.0615115707643844,1.0,1.1608143434839988,0.0085603851343546,True
2023-12-21,WIG20,WIG20,Stooq,2348.67,0.0009158309462557,0.0915830946255772,1.12618183937043,,0,,0.0,1.1496787190074726,-0.0034247410145744,False
2023-12-22,WIG20,WIG20,Stooq,2346.7,-0.0008391245484785,-0.0839124548478558,1.1000474491936874,,0,,0.0,1.12618183937043,0.0009158309462557,False
2023-12-27,WIG20,WIG20,Stooq,2371.28,0.0104198077957315,1.0419807795731504,1.0759236171693838,-0.012679053200052937,6,,0.0,1.1000474491936874,-0.0008391245484785,False
2023-12-28,WIG20,WIG20,Stooq,2356.32,-0.0063288137464287,-0.63288137464287,1.0804644721213394,,0,-0.012679053200052937,6.0,1.0759236171693838,0.0104198077957315,True
2023-12-29,WIG20,WIG20,Stooq,2342.99,-0.0056731885116016,-0.567318851160168,1.0701264451183394,0.039208454867115335,3,,0.0,1.0804644721213394,-0.0063288137464287,False
