id,date_utc,subreddit,title,matched_keywords_recomputed,body_status,title_only,has_direct_ukraine_context,has_russia_context,old_has_conflict_context,has_conflict_context,old_has_financial_context,has_financial_context,old_has_crisis_financial_consequence,has_crisis_financial_consequence,geopolitical_crisis_financial,crisis_specific_financial_consequence,old_relevant_candidate,new_relevant_candidate,old_relevance_path,new_relevance_path,decision_changed,selftext,change_type
le6ztl,2021-02-06,StockMarket,BB's Many Clients and Partners,Ukraine|Russia,available,False,True,True,False,False,True,True,False,False,False,False,True,False,direct_ukraine_financial,excluded,True,"Blackberry Clients and Partners

**Automakers**: Honda, Audi, Jeep, Mitsubishi, Ford, Hyundai, Volkswagen, Bentley, Lamboghini, Byton, Mini (cooper), Toyota, Subaru, Fiat Chrysler, Mazda, Nio, BMW, Porsche, Lexus, Kia, Land-Rover, Mercedes-Benz, Buick, Jaguar, Visteon, Skoda, Chevrolet, Nissan, Acura, Continental, General Motors, Baidu

**Other**: Denso, Aptiv, Bosch, Panasonic, Harman, Bugatti, LG, Vodafone, Bell, Carahsoft, CACI, Telus, iSec, KPMG, Tableau, Qlik

**Major**: Amazon, Google, Sony, XPENG, XPEV, Li Auto, NVIDIA, Canoo, Microsoft, Intel, Verizon, Qualcomm, IBM, LG, Samsung

**Major Investors**: PRIMECAP, Hamblin Watsa, Ontario Teachers’ Pension, Vanguard, Harris Associates, ETF Managers Group, Wells Capital, Arrowstreet Capital, Kahn Brothers Advisors, Norges Bank Investment

**Governments**: Albania, Andorra, Angola, Argentina, Australia, Austria, Bahrain, Belarus, Belgium, Benin, Bosnia and Herzegovina, Botswana, Brazil, Brunei, Bulgaria, Burkina Faso, Cameroon, Canada, Congo, Croatia, Czech Republic, DR Congo, Denmark, Egypt, Estonia, Finland, France, Gabon, Germany, Ghana, Gibraltar, Greece, Guadeloupe, Hong Kong, Hungary, Indonesia, Ireland, Italy, Japan, Kenya, Kuwait, Latvia, Lesotho, Liechtenstein, Lithuania, Luxembourg, Macau, Macedonia, Malawi, Malaysia, Mali, Malta, Marthinique, Mauritania, Mauritus, Mayotte, Mexico, Moldova, Monaco, Montenegro, Morocco, Mozambique, Namibia, Netherlands, Netherlands Antilles, New Zealand, Nigeria, Norway, Oman, Philippines, Poland, Portugal, Qatar, Romania, Russia, Réunion, Saint Barthélemy, Saint Martin, San Marino, Saudi Arabia, Senegal, Serbia, Singapore, Slovakia, Slovenia, South Africa, Spain, Swaziland, Sweden, Switzerland, Taiwan, Tanzania, Thailand, Togo, Turkey, USA, Uganda, Ukraine, United Arab Emirates, United Kingdom, Uruguay, Vatican City, Western Sahara, Zambia, Zimbabwe

There are probably ones I am missing, so comment if you know of any!

*This is not financial advice, do you own DD, invest at your own discretion. I am not a financial advisor*

14k BB shares; 10x 8/17/21 20c BB

note: There is misinformation going around the Ford dropped BB. This is not true. They are optimizing their software to use Android for infotainment while continuing to use QNX

edit: added more partners that were found [here](https://stockhouse.com/companies/bullboard/t.bb/blackberry-limited?postid=32093887)",newly_excluded
le6xon,2021-02-06,stocks,BB's Many Clients and Partners,Ukraine|Russia,available,False,True,True,False,False,True,True,False,False,False,False,True,False,direct_ukraine_financial,excluded,True,"Blackberry Clients and Partners

**Automakers**: Honda, Audi, Jeep, Mitsubishi, Ford, Hyundai, Volkswagen, Bentley, Lamboghini, Byton, Mini (cooper), Toyota, Subaru, Fiat Chrysler, Mazda, Nio, BMW, Porsche, Lexus, Kia, Land-Rover, Mercedes-Benz, Buick, Jaguar, Visteon, Skoda, Chevrolet, Nissan, Acura, Continental, General Motors, Baidu

**Other**: Denso, Aptiv, Bosch, Panasonic, Harman, Bugatti, LG, Vodafone, Bell, Carahsoft, CACI, Telus, iSec, KPMG, Tableau, Qlik

**Major**: Amazon, Google, Sony, XPENG, XPEV, Li Auto, NVIDIA, Canoo, Microsoft, Intel, Verizon, Qualcomm, IBM, LG, Samsung

**Major Investors**: PRIMECAP, Hamblin Watsa, Ontario Teachers’ Pension, Vanguard, Harris Associates, ETF Managers Group, Wells Capital, Arrowstreet Capital, Kahn Brothers Advisors, Norges Bank Investment

**Governments**: Albania, Andorra, Angola, Argentina, Australia, Austria, Bahrain, Belarus, Belgium, Benin, Bosnia and Herzegovina, Botswana, Brazil, Brunei, Bulgaria, Burkina Faso, Cameroon, Canada, Congo, Croatia, Czech Republic, DR Congo, Denmark, Egypt, Estonia, Finland, France, Gabon, Germany, Ghana, Gibraltar, Greece, Guadeloupe, Hong Kong, Hungary, Indonesia, Ireland, Italy, Japan, Kenya, Kuwait, Latvia, Lesotho, Liechtenstein, Lithuania, Luxembourg, Macau, Macedonia, Malawi, Malaysia, Mali, Malta, Marthinique, Mauritania, Mauritus, Mayotte, Mexico, Moldova, Monaco, Montenegro, Morocco, Mozambique, Namibia, Netherlands, Netherlands Antilles, New Zealand, Nigeria, Norway, Oman, Philippines, Poland, Portugal, Qatar, Romania, Russia, Réunion, Saint Barthélemy, Saint Martin, San Marino, Saudi Arabia, Senegal, Serbia, Singapore, Slovakia, Slovenia, South Africa, Spain, Swaziland, Sweden, Switzerland, Taiwan, Tanzania, Thailand, Togo, Turkey, USA, Uganda, Ukraine, United Arab Emirates, United Kingdom, Uruguay, Vatican City, Western Sahara, Zambia, Zimbabwe

There are probably ones I am missing, so comment if you know of any!

*This is not financial advice, do you own DD, invest at your own discretion. I am not a financial advisor*

14k BB shares; 10x 8/17/21 20c BB

note: There is misinformation going around the Ford dropped BB. This is not true. They are optimizing their software to use Android for infotainment while continuing to use QNX

edit: added more partners that were found [here](https://stockhouse.com/companies/bullboard/t.bb/blackberry-limited?postid=32093887)",newly_excluded
lgeo3w,2021-02-09,investing,"Artificial intelligence meets agriculture, IPO",Ukraine|Russia,available,False,True,True,False,False,True,True,False,False,False,False,True,False,direct_ukraine_financial,excluded,True,"First post, so please direct me if I do things wrong.


Farmer's Edge Inc just filed for Initial public offering (https://www.bloomberg.com/news/articles/2021-02-09/farmers-edge-files-papers-for-initial-public-offering-in-canada)

Farmers Edge employs technology to collect and analyze local weather, soil moisture and satellite data to help farmers improve crop efficiencies and yields. Chief Executive Officer Wade Barnes co-founded the firm in 2005 and it has since expanded operations across Canada’s Prairie provinces and abroad, with offices in the U.S., Australia, Russia, Brazil and Ukraine.

I would like any information you guys drum up as im just learning about this and usually am comfortable with the SPAC setup. I always read good info and wanted to add.",newly_excluded
lfrk0w,2021-02-09,stocks,Update DD on AUPH (Aurinia Pharm) STRONG UPSIDE POTENTIAL,Ukraine|Russia,available,False,True,True,False,False,True,True,False,False,False,False,True,False,direct_ukraine_financial,excluded,True," 

I think it's time for an updated DD on **AUPH (Aurinia Pharmaceuticals)**. 

This is an undervalued company and I think the excellent DD that was done by u/thedudeabides86 was mostly overlooked due to the GMEania and AMCraze happening at that time.

 Also...maybe Lupus isn't as sexy as EV or gene editing but there is definitely some asymmetrical payoff potential here. 

So whats up...

**On January 22nd AUPH’s drug Voclosporin(Lupkynis) was approved by the FDA and considered the new first line of defense for Systemic lupus erythematosus (SLE) and Lupus Nephritis (LN).**

Voclosporin(Lupkynis), used to treat Lupus Nephritis, received the PDUFA approval from the FDA late on Friday Jan 22nd, around 7:23 pm. This drug is significantly superior to the only alternative treatment and reported twice the efficacy of the current standard of care. Because of this it was given priority review status by the FDA.

[https://ir.auriniapharma.com/press-releases/detail/210/fda-approves-aurinia-pharmaceuticals-lupkynis#:\~:text=](https://ir.auriniapharma.com/press-releases/detail/210/fda-approves-aurinia-pharmaceuticals-lupkynis#:~:text=)(NASDAQ%3A%20AUPH%20%2F%20TSX%3A,active%20lupus%20nephritis%20(LN).

**Real quick, what is SLE and LN?**

[LN](https://www.webmd.com/lupus/lupus-nephritis?source=content_type%3Areact%7Cfirst_level_url%3Aarticle%7Csection%3Amain_content%7Cbutton%3Abody_link#1) is inflammation of the kidneys caused by systemic lupus erythematous (SLE), a severe autoimmune disease. LN can eventually lead to kidney failure which is deadly unless the patient gets a kidney transplant.

**Why is it the first line of defense?** 

Prior to Voclosporin(Lupkynis) being designated as the first line of defense, the distinction went to Benlysta(produced By GSK). Benlysta was approved for adult patients with LN just last year. However, Voclosporin(Lupkynis) has twice the efficacy, is faster acting and is oral versus injection. Current treatments require many injections over several phases requiring many in-person visits for treatment. Voclosporin(Lupkynis) can also be administered with less corticosteroids than Belysta, which reduces side effects and slightly reduces overall treatment cost, comparatively. 

[https://www.gazyva.com/hcp/flfl/dosing/prep.html?c=gaz-17474d03c80&gclid=Cj0KCQiA34OBBhCcARIsAG32uvMB8PErmQY0BA7AFRfSCd\_-mm1JpyZ-XNfJaDEHdYkXym\_X9CUlLk4aAksnEALw\_wcB&gclsrc=aw.ds](https://www.gazyva.com/hcp/flfl/dosing/prep.html?c=gaz-17474d03c80&gclid=Cj0KCQiA34OBBhCcARIsAG32uvMB8PErmQY0BA7AFRfSCd_-mm1JpyZ-XNfJaDEHdYkXym_X9CUlLk4aAksnEALw_wcB&gclsrc=aw.ds)

https://www.accessdata.fda.gov/drugsatfda\_docs/label/2021/213716s000lbl.pdf

**Very real possibility of $4B in annual revenue from a company with a current market cap of $2B**

Around 330K people in the US suffer from SLE and 30-40% of patients diagnosed with SLE have or  will develop LN (\~120k). Voclosporin’s(Lupkynis) estimated annual treatment per patient is $65K. For an assumed total market of just under $8B. While 100% of the market is not a reasonable assumption, It seems within reason that the first line of defense treatment should take 50% of the market share or better. 

[https://finance.yahoo.com/news/fda-approves-aurinia-pharmaceuticals-lupkynis-012400315.html](https://finance.yahoo.com/news/fda-approves-aurinia-pharmaceuticals-lupkynis-012400315.html)

**But wait there’s more,** 

* We are only looking at the US so far. Aurinia also has licensing agreements with Otsuka Pharmaceutical for the development and commercialization of Voclosporin(Lupkynis) for the EU, Japan, Russia, Switzerland, the UK, Ukraine, Belarus, Norway, and Liechtenstein. 
* The Otsuka deal came with $50M up front. (https://biopharmajournal.com/2021/02/05/aurinia-pharmaceuticals-inc-nasdaqauph-enters-commercialization-agreement-with-otsuka-pharmaceuticals-for-voclosporin/)
* Aurina currently holds $412M in Cash, Cash assets and investments. (https://ir.auriniapharma.com/press-releases/detail/203/aurinia-reports-third-quarter-2020-financial-results-and?source=content\_type%3Areact%7Cfirst\_level\_url%3Aarticle%7Csection%3Amain\_content%7Cbutton%3Abody\_link)
* Currently listed on Nasdaq as STRONG BUY.
* Most Analysts currently giving a price target at $29.43, with high target at $35 ([https://www.nasdaq.com/market-activity/stocks/auph/analyst-research](https://www.nasdaq.com/market-activity/stocks/auph/analyst-research))
* FDA patent extension until 2038. That’s 17 years of exclusive rights to this treatment. 
* Buy out potential is present as AUPH CEO has stated that the board would be open to a buyout and the uncomplicated structure of the company combined with the blockbuster drug would make a buy out very possible. 
* Earnings report expected date of Mar. 4th 2021

**The Devils advocate:**

* **The cost of treatment could potentially be prohibitive to persons without health insurance.** 
* **While AUPH holds quite a lot of capital it pales in comparison to bigger pharma giants like GSK and Roche.**  
* **Timing of release makes it difficult for sales reps to connect with doctors during covid restrictions.** 

&#x200B;

Not financial advice. 

Disclosure: I hold 52 common shares.",newly_excluded
m2bubi,2021-03-10,investing,Payoneer $FTOC is worth $5 or $35. Very misunderstood business and underestimated growth prospects.,Ukraine,available,False,True,False,False,False,True,True,False,False,False,False,True,False,direct_ukraine_financial,excluded,True,"
DISCLOSURE I own 10,000 SHARES of $FTOC may add more or the warrants in the future if price continues to decline.The 1 sentence conclusion is that at $11 a share $FTOC seems to provide a good risk/reward. Below I provide a more detailed explanation, the real version would take me 20 pages but this version is for THE REDDITORS!!!A bit of backgroundSo, in the past here I have posted about $COTY and $APPH but what many of you may not know about me is that I have been involved in the digital coin and payments space for the past 5 years and have been using Payoneer for years to pay contractors. Nevertheless, Payoneer is more than that. I understand that at first glance it looks like just another Paypal which is fine because PayPal has been growing and is profitable, even though it took a bit of a hiatus once it was owned by EBAY (Ebay was right to buy them but wrong to not let them grow freely as they could after the spin-off).Anyway, I see many possibilities for Payoneer that I think many are not being considering at all. Not only is the business going to be growing at LEAST 25% for the next few years but I think it can expand 35% to 50% per year for the next 3 given the massive shift of online transactions but also new services. To simplify, adding more services to cater their current customers helps them bring in new customers which nets them more revenues and profits.
Why a SPAC vs. an IPOThe issue with Payoneer has been that they never had enough capital to grow or to provide their customers more. It takes a long time to build a really robust and safe payments platform. Payoneer has been around for more than 10 years and it took a lot of capital and development hours to get to where they are today. The business was limited to transactional growth which is fine but when that is like a profit of like 0.5% (as most goes to the credit card companies or banks) it is hard to grow or ever be profitable. So, Payoneer for years has been in this stunted growth because of lack of capital or because they are in markets that were “high risk”, like not being in the USA vs. being in the Ukraine.There are many reasons they did a SPAC and if I were to top it off it is because they failed to do an IPO a a few years ago, capital is expensive via private transactions and it would never be enough. So, yes they could have done raises of $50mm every year but in this type of industry when you have so many competitors who have tens of billions of revenues and hundreds of billions of transaction volume you need a lot more to be able to compete. $500 million makes you a pretty major player in the game vs. struggling with small raises. Definitely not ideal for shareholders but in the long-term it is the best way to assure your business can compete at the very least survive.When I usually look into these stock ideas or analysis I go through a process but here on REDDIT I feel I need to provide a sort of cliffs notes because I can really go into a deep dive analysis of like 10 to 20 pages to really understand the entire business, how it makes or loses money. So I will to the best of my ability be concise but deep with my knowledge of the business.Business modelHere are all of the products that Payoneer offers its customers.Global Payments, Multi-currency account, physical and virtual cards, B2B accounts payable and accounts receivable, working capital, merchant services, compliance and tax.So, it is basically a bank that includes an accountant to help meet a business’ needs. The one product or feature that is missing is digital coins and no doubt they will be offering that soon, if anything they should make that a major priority.
Who are their customers and where are they know?
5 million businesses in 190 countries. Customers include Amazon, Wish, Lazada (owned by Alibaba) Shopee, and Ebay. Weird right, they work with Ebay given Paypal does too. This is because they work with countries and specific clients that Paypal not accept into their platform. Investors need to understand that sometimes people have to use other platforms because they the Paypal’s or banks are NOT willing to take the risk. Sure the risk is probably higher but the amount of people that need access to capital or payment process is high when many banks in many countries do not approve people for such type of access.What are the growth drivers?
Acquisition in new or existing markets (which drives better margins) and working capital for some of their customers (not all) which is what helps Amazon and Paypal grow their business. When someone makes a transaction say buyer and seller the bank or credit card companies make fees but when both consumer and business use Payoneer exclusively they avoid transaction fees with banks which is why these platforms push or provide discounts for encouraging transactions within the same network vs. out of network. Over time more and more transactions will be within network, just takes more people to be part of the ecosystem.What are the revenues of the business? Company estimates.2020 $346mm*2021 $432 mm*2022 $540 mmWhat do I think actually happens?2020 $350 to $400mm2021 $450 to $550mm2022 $600 to $700mmWhy? Because $500 million of capital allows you to expand faster than before and I think the management has been prudent not to be so aggressive in their esimtates because I don’t think anyone can believe they can so more than 35% a year but I do.What does that say about valuation?Well, Paypal at its spin-off inception traded as low as 5x revenue but growing 15% to 20% a year and when it had $11 billion in revenues now it is growing same rate but trading at 15x Revenue. That means that given Payoneer is growing double the rate and 95% smaller they can command a higher multiple but for the sake of being “conservative” let’s use 5x revenue as the TROUGH valuation and 20x revenue as the PEAK.2020 $346mm Trough is $1.75 billion or $4.60 a share. Peak is $6.92 Billion or $18.21*2021 $432mm Trough is $2.16 Billion or $5.70 a share. Peak is $8.64 billion which is $22.75 a share.*2022 $540 mm Tough is $2.70 Billion or $7 a share. Peak is $10.8 Billion or $28 a share.If you used my estimates it would be the following2021 $450 to $550mm Trough is $6 or Peak of $292022 $600 to $700mm Tough is $7.89 or Peak of $36.84Given the current price of $11 it becomes a 4 up and 1 down scenario, a good risk/reward bet.What do I think the future holds for Payoneer?I actually think there are several exits for this company.1. Company continues to grow and eventually reach billions or revenue within 5 to 10 years. So many factors and things that can happen since sometimes a 10x of revenue growth does not always mean 10x in stock price, could be -50% (due to massive dilution or debt) or 10,000% (no dilution, growth increasing, becomes a top 5 player). So consider that when you get too enthusiastic about prospects there is always a downside.2. Large international payments processer buys them. Could be Paypal, Square, Stripe, First Data, etc. consolidation WILL happen in this space and I think short-term Payoneer will acquire some companies and then be sold to a bigger company. Think of this as how banks in the USA were allowed to merge in 1995 given the law that passed. Before you had 100,000 banks then it was 50,000 banks, then 10,000 banks and now like 5,000 banks but the top 10 banks make up a large % of the business/volume.3. Wildcard: CRM business buys them. What many people do not realize is that CRM’s have been changing the game. First it was to help you sell with marketing tools, then it is to improve communication within the team, then it will be storage, and legal transactions then it will be financial transaction. They are literally going to control the beginning to the end of the customer relationship and all of that data they possess is very valuable to help their customers grow.Conclusion: $FTOC provides a good risk reward and many ways to play the exit depending on your risk tolerance.

Nevertheless, I welcome everyone and anyone here to discuss all of the good and bad about $FTOC because that I love about the Reddit community is how open, transparent and sometimes incredibly funny you all are.Good luck to every one!Value MaverickSource: https://pubs.payoneer.com/docs/investor-presentation.pdfGurufocus to view historical financials of Paypal.",newly_excluded
mf8cmo,2021-03-28,investing,How to invest in Russian bonds?,Russian,removed,True,False,True,False,False,True,True,True,False,False,False,True,False,russia_crisis_financial_consequence,excluded,True,[removed],newly_excluded
mf8gqb,2021-03-28,stocks,How to invest in Russian government bonds?,Russia|Russian,available,False,False,True,False,False,True,True,True,False,False,False,True,False,russia_crisis_financial_consequence,excluded,True," 

Russian government papers currently pay you a 7% yield and it's obvious that Russia will not default, despite poor credit rating by american agencies, which might have political interest to devalue Russian debt. How to invest in these bonds other than directly? Are there any ETFs which give exposure to them?

You can check various countries' bond yields here: [http://www.worldgovernmentbonds.com/](http://www.worldgovernmentbonds.com/) and it looks like the Russian bonds are one of the highest yielding ones from countries that meet some minimum reasonability criterions i.e. are not Argentina, Pakistan or Nigeria.",newly_excluded
n3kzla,2021-05-03,StockMarket,Strongest electronic payment stock in all of Russia,Ukrainian|Russia,available,False,True,True,False,False,True,True,False,False,False,False,True,False,direct_ukraine_financial,excluded,True,"When i first come to america, my english cause me problem. In Soviet Russia i was strong teacher, my english i know is best in all of Petropavlovsk. My brother Mikhail, he say to me, ""Nikolai, you go to America, they make you rich like czar, take many women as lover, kill many bear"". My brother, he is very wise, is greatest toymaker in all of Kamchatka Oblast. So next day i wake up, sell house, say goodbye to wife and children, and go to America to become millionaire. Then in America, I go to job interview with capitalist pig JPMorgan and pitch them strongest electronic payment stock in all of Russia. I tellings to bourgeoisie swine, ""you buy many stock of QIWI, make rich and fat like Usmanov. Market cap of $662 million, but $534 million already acccounted in net cash (stronger margin of safety than iron curtain!) and only 0.6x EBITDA and 0.7x FCF meanings generated entire enterprise value in cash every 8 months (deeper value than Samotlor oil field!)"" But fat cat interviewers sayings to me ""Nikolai, you are not for job here. Your stock weak like woman and english poor like child."" I take that man and smash his table, i sayings to him ""someday i will be richest man in all of country, your children will wish me their father!"" That day i go home and buy many stock of QIWI, but JPMorgan dogs downgrade QIWI to ""underweight"" like Ukrainian child in Holodomor! But sneaky capitalist is foolings me like village idiot Oleg. When i checkings bloomberg terminal and findings out JPMorgan buy cheap 177,726 QIWI stock! So I write letter to Mikhail and he write back ""you will be millionaire soon! all of Petropavlovsk is proud for you! good luck brother! please send letter when you are president or maybe even czar! Hahaha! also, your wife is kill by bear."" So i thankings you. Nazdarovie! May our dicks always hard and wallets always full.

[Comparable Company Analysis](https://preview.redd.it/57kekmuj7tw61.png?width=1564&format=png&auto=webp&s=3c8eb55b9b505d5d5cdbd325fdf899413f17bd70)

[Discounted Cash Flow Analysis](https://preview.redd.it/t0zfusji7tw61.png?width=1346&format=png&auto=webp&s=a19b1b5a13341c0d3269578e0128bd29df1285d0)

[Leveraged Buyout Analysis](https://preview.redd.it/ojwnskah7tw61.png?width=1249&format=png&auto=webp&s=80a46dbb9bbc031ccb4e255d4da3e365552b8fe8)

[Football Field](https://preview.redd.it/4xf82v4g7tw61.png?width=1372&format=png&auto=webp&s=c9160212d651759676aa1b9a8dc9cc752d9cf769)",newly_excluded
n3vqmp,2021-05-03,stocks,"Uranium market update, one of the biggest catalysts to date is about to be in place.",Ukraine|Russia,available,False,True,True,False,False,True,True,False,False,False,False,True,False,direct_ukraine_financial,excluded,True,"To say we had an interesting few weeks in the uranium sector would be a massive understatement. We have seen new geopolitical support for nuclear power and a massive new catalyst in the form of the newly formed Sprott Uranium Trust (more on that later). There was also a new version released of the Bear Traps Report, a popular type of newsletter that in the words of John Quakes is “send to thousands of Wall Street money managers”. It is also believed that the initial run up was sparked by the sharing of a similar Bear Traps Report article around November/December of last year, sparking the first leg up with institutional capital positioning in the sector. There is \*a lot\* happening beneath the surface and the coming few months will, in my view, prove to be significant.

Here is the first part of the Bear Traps Report with my own added comments as well:

In 2020, six nuclear reactors were connected to the gnd. Of these, Belarus and the UAE opened their first nuclear reactors. This, despite the pandemic. We expect this trend to continue over the balance of the century. There are currently 108 planned nuclear reactors globally at various stages of the approval funding process. Different countries get different percentages from nuclear reactors, a sample: China, 4.9%; India, 3.2%, Japan, 7.5%, UK 15.6%, USA, 19.7%. The take away is that between China, the UK and the USA, alone, there is plenty of potential growth in nuclear reactor electricity supply and, of course, these countries have the financial wherewithal to fund the requisite nuclear reactors to go green should consensus so direct.

Production from mining (in tonnes U) for 2019 was. 22,808 from Kazakhstan: 6,938 from Canada, 6,613 from Australia, 5,476 from Namibia, estimated 3,500 from Uzbekistan 2,983 from Russia, estimated 1,885 from China, 801 from Ukraine, and 67 from the USA Production in the U.S. has been in steady decline: 2014 = 1,919, 2015 = 1,256, 2016 = 1,125, 2017 = 940, 2018 = 582, 2019 = 67. 

The main takeaway here is there is a seemingly strong geopolitical risk component to Uranium supply. U.S. production has essentially evaporated, an extremely bullish fact for forward Uranium pricing given Biden's pro-nuclear stance. Production of Uranium concentrate in the U.S. has fallen steeply and steadily (pounds U308): 2,422,789 for 2017, 1,446,496 for 2018, 173,875 for 2019. In the first quarter of 2020-8,989 vs 58,481 in first quarter 2019 vs 226,780 first quarter 2018 and 450,215 first quarter of 2017.  
 

Overall, nuclear power provides about 11% of global electricity output. Demand grows alapually in the single digits. Because of low prices, global Uranium supply is down 25%. If prices double, mines will reopen and consolidate. If the U.S. alone decides to go big on nuclear prices will at least double. And assuming prices double, supply will be adequate to power U.S. nuclear ambitions. It goes both ways. The U.S. produces but 7% of its own demand, with 93% dependent on imports. ""For strategic issues such as power supply and defense, this is not a healthy situation, and therefore the plan was made for a strategic stockpile, ""Gabi Schneider, the executive director of the Namibian Uranium Institute, explains, adding it is ultimately the US's goal to expand uranium production domestically in order to shrink, or halt outright, U.S. imports of Uranium. 

The U.S. goverment's Uranium strategic stockpile effort passed last December is a key, and telling, first step. At the state level, legislatures have begun passing laws that set up support for nuclear reactors. This represents a big shift from half a century ago. The Biden administration is pro-nuclear power. China's nuclear reactor capacity is set to grow from 46 GWe in 2020 to 108 GWe by 2030. We expect ground to be broken for nuclear reactors over the balance of this decade in Uzbekistan, Kazakhstan and Poland. Projects have begun in Turkey, Bangladesh and Egypt. So it's not just a question of the wealthiest countries jumping in. 

Consensus thought on Uranium has been remarkably stupid, missing the supply cuts, missing the 5x move in conversion prices (UF6), missing the 40% rise in SWU (enrichment) prices, and missing the recent run up in spot prices (U308). Basically, consensus can't even think one step ahead when it comes to basic economics. It didn't occur to them that money losing mines would be shut down.

The US needs to guarantee greater uranium supply. For that it needs U.S. mines to reopen and consolidate. For that Uranium prices have to double. The new U.S. Uranium stockpile could prove a key component to that price shift. Uranium just entered supply deficit Kazakhstan's Uranium production forecast is for its Uranium production to peak next year and to go into serious decline post 2030.

&#x200B;

All of this comes down to one simple fact, it is that we are running out of time for uranium prices to get going and the longer this doesn’t happen, the higher the eventual price overshoot to try and make up for a decade of lost capex investments and exploration. If utilities come to the table within the next 12 months, some form of price control can be asserted and perhaps a slower run up into a price of roughly 60-65 dollars with a small overshoot to around 80 dollars by 2024 might be the most probable scenario. If they don’t though, we might be looking at triple digit uranium once more. One massive new catalyst that was brought to the table recently was the fact the coming into existence of the Sprott Uranium Trust. The bear traps report names 9 reasons why this will likely have significant implications for the broad uranium market:  


Uranium Participation Corp was a company that was buying U and sitting on it, the original yellow cake. The market will now have daily price discovery and a retail / family office / small asset manager speculation vehicle. This is a game changer. Now we have a new team taking over (Sprott). Very bullish for uranium. Why? Here is why:

1. We are getting a U.S. listed vehicle with a physical redemption Like a GLD for uranium. Look at PSLV and PHYS, equivalent.

2. A new mechanism for retail, institutional. An at the market facility. Technically a closed end fund, NOT a GLD.

3. Pounds come in, don't go out. They could do a buyback if the market provides that opportunity.

4. Uranium Participation Corp is tough to buy, pink sheet. Many online brokers didn’t offer it, but now there will be a new liquidity vehicle that is far more widely available.

5. Management transition from Denison to Sprott. Think Industry player to real asset mgr.

6. When there is large premium new buyers are vulnerable. This has suppressed upside momentum NOW there is a liquid vehicle, large buyers can come in with a liquidity work out.

7. Next, Sprott does a big offering to bring in new pounds into the fund. There was too much inventory of uranium in the system, this vehicle will eliminate this problem. New size buyers of the fund will quickly translate into spot buying!

8. Think CME and oil this could be a new real franchise /a liquidity central facility

9. Management take over might take 2/3 months. Then the premium U Part will come in, was 16% today in a month or so Dan Loeb can come in and buy $100m without the premium risk pounds will permanently be removed from the mkt NOT an ETF, it’s a closed end fund. A discount may develop in the shares but new buyers are in a much better spot.

&#x200B;

That marks the end of this uranium market update and I hope you enjoyed the read. With so much happening both in front as well as behind the scenes, hopefully I can be of aid to help you traverse this opaque market in the best way possible. We are at the foot of what will undoubtably prove to be a generational event, but it will be an extremely volatile and wild market all the way up and eventually down as well. If you got any questions or comments, my dm’s are always open. As always I wish you all a good and healthy rest of your day and good luck out there in the markets, cheers!",newly_excluded
n9u9pp,2021-05-11,investing,Good time to invest in properties in Ukraine: Manipulated inflation in Ukraine caused havoc in South Africa,Ukraine,removed,True,True,False,False,False,True,True,False,False,False,False,True,False,direct_ukraine_financial,excluded,True,[removed],newly_excluded
ncxr5j,2021-05-15,stocks,$WISH DD (ContextLogic Due Diligence),Ukrainian|Russian,available,False,True,True,False,False,True,True,False,False,False,False,True,False,direct_ukraine_financial,excluded,True,"I removed all proper links, because my post keeps getting auto-removed for breaking the rules (messaged mods 24 hours ago, but no response yet)...

Yes, I am opening a Due Diligence post about ContextLogic ($WISH) with a walk down memory lane and look at Amazon in the early days.

===== ===== =====

January 1999, 60 Minutes interview ([https://www.you----.com/watch?v=Yv8MrBBuRqI](https://www.you----.com/watch?v=Yv8MrBBuRqI))

(00:21): “... and where is Amazon’s headquarters? … 1516 Second Avenue… We didn’t see anything that looked vaguely cutting edge… Upstairs, it doesn’t look very high-tech, either. More like a college dorm than a corporate headquarters. And then there’s the boss; you generally hear him before you see him… you can afford a better desk than that… and you don’t need clean carpets.”

(06:08): “Is this investing or this gambling?”

“Right now, with the frenzy we’ve had, to me, it feels much more like gambling.”

“Because it’s crazy?”

“I don’t find it to be rational, to be honest with you.”

“But investors keep flooding in. Why? Amazon snagged almost 2 million new customers at the end of last year. And like other internet companies, it’s growing much faster than those old blue chips.”

===== ===== =====

Recent interview with Jeff Bezos ([https://www.you----.com/watch?v=hwskqpf0E6Y](https://www.you----.com/watch?v=hwskqpf0E6Y))

“Most of those companies of the dotcom era are out of business. You survived. What was it that made you to survive and virtually the rest of them are gone?”

Jeff: “Well, that whole period is very interesting, because the stock is not the company and the company is not the stock. So, as I watch the stock fall from 113 to 6, I was also watching all of our internal business metrics. Number of customers, profit per unit, umm, you know, everything you could imagine; defects, etc. Every single thing about the business was getting better - and fast.”

===== ===== =====

Wish Announces Appointment of Jacqueline Reses as Executive Chair (May 12, 2021)

([https://www.busine--wire.com/news/home/20210512005657/en/Wish-Announces-Appointment-of-Jacqueline-Reses-as-Executive-Chair](https://www.busine--wire.com/news/home/20210512005657/en/Wish-Announces-Appointment-of-Jacqueline-Reses-as-Executive-Chair))

“ContextLogic Inc. (d/b/a “Wish”) (NASDAQ: WISH) today announced that the company has appointed veteran technology executive and current Wish board director Jacqueline Reses as Executive Chair. Wish Founder and CEO Piotr Szulczewski will continue to serve as Chief Executive Officer. Ms. Reses was most recently the Executive Chairperson of Square Financial Services LLC and Capital Lead at Square Inc. This new leadership structure, which separates the roles of chair and chief executive officer, will support the business in its next phase of global growth.”

From Jacqueline’s Linked-- profile ([https://www.linked--.com/in/jacqueline-reses-938b7850/](https://www.linked--.com/in/jacqueline-reses-938b7850/)):

“Head of the Square Capital team which works to unlock access to credit. Executive Chairman of Square Financial Services. Facilitated \~$8 billion in originations to small businesses enabling them to grow and achieve their goals. Square Capital applies machine learning models to inform underwriting decisions, manage risk and ultimately extend credit to qualified customers.”

===== ===== =====

ContextLogic ($WISH) Investor Relations: [https://ir.wish.---/investor-relations](https://ir.wish.---/investor-relations)

May 12, 2021 Quarterly Report (Form 10-Q) highlights ([https://ir.wish.---/static-files/5d10845d-25be-4c52-a6a2-843bfa23f1cb](https://ir.wish.---/static-files/5d10845d-25be-4c52-a6a2-843bfa23f1cb)):

Three months ended March 31 (in millions USD: 2020 / 2021):

Revenue: $440 / $772 (increased 75.5%)

Gross profit: $284 / $437 (increased 53.9%)

Sales and marketing: $295 / $470 (increased 59.3%)

Loss from operations: ($54) / ($126) (increased 33.3%)

Net loss: ($66) / ($128) (increased 94%)

Net loss per share (not in millions): ($0.62 / $0.21) (decreased 65.6%)

March 31, 2021:

618 million common shares outstanding x $8.11 market price = $5 billion market cap

Accumulated deficit $2.3 billion

Total cash, cash equivalents and restricted cash $1.62 billion

===== ===== =====

The biggest change comes with WISH’s increase in logistics revenue (revenue from facilitating delivery of product). Info found in most recent quarterly report, link as above:

Three months ended March 31 (in millions USD: 2020 / 2021):

Logistics revenue: $56 / $245 (increased 337%)

Marketplace revenue: $384 / $527 (increased 37%)

Revenue: $440 / $772 (increased 75.5%)

Overview of Wish Local, which is part of its increase in logistics revenue: [https://www.you----.com/watch?v=WBkP2FtSq00](https://www.you----.com/watch?v=WBkP2FtSq00)

Wish Local might seem like Amazon’s ability to deliver to post offices and other pickup locations, but a key difference is that Wish Local allows the pickup locations (retailers) themselves to sell their wares via the Wish App and to carry popular items from Wish, earning a commission on in-person sales.

===== ===== =====

([https://ir.wish.---/static-files/5d10845d-25be-4c52-a6a2-843bfa23f1cb](https://ir.wish.---/static-files/5d10845d-25be-4c52-a6a2-843bfa23f1cb)):

Geographical breakdown of Wish’s operations

Europe 49%

North America 39%

South America 4%

Other 8%

Languages in iOS: English, Albanian, Arabic, Azerbaijani, Belarusian, Bosnian, Bulgarian, Cambodian, Croatian, Czech, Danish, Dutch, Estonian, Finnish, French, German, Greek, Hindi, Hungarian, Indonesian, Italian, Japanese, Kazakh, Korean, Latvian, Lithuanian, Malay, Norwegian Bokmål, Polish, Portuguese, Romanian, Russian, Serbian, Simplified Chinese, Slovak, Slovenian, Spanish, Swedish, Tagalog, Thai, Traditional Chinese, Turkish, Ukrainian, Vietnamese

Monthly Active Users (millions):

Three months ended March 31, 2020 / 2021: 109 / 101 (decrease 7.3%)

===== ===== =====

Wish app stats:

iOS ([https://apps.a--le.com/us/app/wish-shopping-made-fun/id530621395](https://apps.a--le.com/us/app/wish-shopping-made-fun/id530621395)):

2.1 million ratings

4.7 stars (5 max)

Android ([https://play.g--gle.com/store/apps/details?id=com.contextlogic.wish&hl=en\_CA&gl=US](https://play.g--gle.com/store/apps/details?id=com.contextlogic.wish&hl=en_CA&gl=US))

12.7 million ratings

4.6 stars (5 max)

\>500 million installs

===== ===== =====

Largest Online Marketplaces/Retailers in the World:

([https://www.webretailer.---/b/online-marketplaces/](https://www.webretailer.---/b/online-marketplaces/))

Market capitalization in USD/visits in whole persons

\#1 - Amazon - 5.7 B visits per month (global) | 1.62 T market cap

\#2 - PayPay Mall - 2.1 B visits per month (Japan) | 9.8 B market cap

\#3 - eBay - 1.6 B visits per month (global) | 40.9 B market cap

\#4 - Mercado Libre - 661.7 M visits per month (South America) | 66.2 B market cap

\#5 - AliExpress - 639.1 M visits per month (global) | (owned by Alibaba)

\#6 - Rakuten - 621.5 M visits per month (global) | 18.7 B market cap

\#7 - Taobao - 545.2 M visits per month (China) | (owned by Alibaba)

\#8 - Walmart.com - 469 M visits per month (USA) | N/A

\#9 - JD.com - 318.2 M visits per month (global) | 108 B market cap

\#10 - Etsy - 266.3 M visits per month (global) | 20.48 B market cap

\#11 - Shopee - 260.3 M visits per month (Southeast Asia) | Owned by Seagroup

...

\#21 - Wish - 111.6 M visits per month (global) | 5.5 B market cap

Just as an adhoc comparison of market cap to visits per month:

Amazon - $284.21 per monthly visit

PayPay Mall - $4.66 per monthly visit

eBay - $25.56 per monthly visit

Mercado Libre - $100.05 per monthly visit

Rakuten - $30.09 per monthly visit

JD.com - $339.41 per monthly visit

Etsy - $76.91 per monthly visit

Wish - $49.28 per monthly visit

===== ===== =====

Conclusion: I don’t know… what are your thoughts?!

Disclosure: I own 80 shares of $WISH at a cost basis of $16.70 per share (yes, bagholder… am wondering if it’d be worth it to average down? Fuggedaboutit or FUGGEDABOUTIT?).

===== ===== =====

EDIT: Forgot to include analyst recommendations.

Buy: 5 / Hold: 2 / Sell: 0

$21.86 average price target in next 12 months

[https://imgur.com/gallery/fOBKpYf](https://imgur.com/gallery/fOBKpYf)",newly_excluded
ndupku,2021-05-16,investing,"Turkcell Communication Services ($TKC), why you should/shouldn't invest in it. Fundamentals of an undervalued stock.",Ukraine,available,False,True,False,False,False,True,True,False,False,False,False,True,False,direct_ukraine_financial,excluded,True,"Hi everyone! This is gonna be a long wall of text, I will write a tl;dr as well so please check the bottom if it scares you.

**Why TKC?**

So I have been researching about Turkcell, a Turkish company that is traded in BIST (Istanbul stock exchange) and NYSE. It had my attention because its been under performing compared to both global stocks and Turkish stocks (even though it's been performing really well financially compared to other companies traded in BIST). Before dipping to $4.67 USD due to pandemic in late march - early april, it was traded for $5.77 USD (early march 2020) and it was around 10-11 USD during 2018. As of today, it's traded for only $4.56 USD. Biggest reason for that freefall of the stock price is downfall of the Turkish economy and the devaluation of the Turkish lira but other Turkish stocks doesn't seem to care as much as TKC does. For comparison, march 2020 dip of XU100 (adjusted by the USD exchange rate of that time) index was 114 (857/7,5), now it is 171 (1441/8.4). There has been a Turkish stock exchange rally even in USD terms as well, which TKC missed. Not to mention that Turkish banks performed terribly and they have around 17% [weight in the XU100.](https://pbs.twimg.com/media/EqbtfSZXUAEnwu0?format=png&name=small)

**About the company**

So the company is primarily a telecommunication company (like Vodafone). Even though it offers value added services like BiP (mainly whatsapp alternative), Fizy (spotify alternative, TV+, Paycell (fintech), Pasaj (e-commerce mostly selling tech products), Lifebox (cloud service), Yaani (search engine), Dergilik (digital publishing platform) it's primary source of income is telecommunication and internet for home via Superonline (Turkcell company). The company operates in Turkey, Ukraine (lifecell), Belarus, Azerbaijan, Cyprus, Netherlands and Germany (though their operations in the last 2 are not directly profit seeking afaik). Main competitors in Turkey (main market) are Vodafone and Turk Telekom. Vodafone and Turk Telekom offers cheaper prices but Turkcell offers better service and as of today it has the highest share of the market with 42%. Turkcell also invests more than the combination of the competition, [you can check their mobile data segment investments here](https://hwp.com.tr/wp-content/uploads/2020/11/Mobile-yatirim.jpg). One last fundamental thing about company's operations is that it is part of the [TOGG project](https://en.wikipedia.org/wiki/TOGG) (electric car company founded recently and according to their CEO, they will start the mass production is 2022) and owns 19% of the TOGG as well. The taxes for foreign made cars in Turkey are extremely high and the rumor is that the government is thinking about subsidizing this project to decrease country's account deficit by both not depending on foreign made cars and oil (which Turkey doesn't have).

**Financials**

I don't want to rewrite what is already written in detail so I will provide some sources instead.

[1st Q 2021 presentation (1.1B TL net income)](https://s.turkcell.com.tr/hakkimizda/en/yatirimciiliskileri/InvestorReportLibrary/Presentation-Q121-ENG.pdf)

[Annual report of 2020 (4.24B TL net income)](https://s.turkcell.com.tr/hakkimizda/en/yatirimciiliskileri/InvestorReportLibrary/Turkell-IAR-2020-ENG.pdf)

Their net income kept growing for a while, you can check more about their financials [in their website here.](https://www.turkcell.com.tr/en/aboutus/investor-relations) Check [this video](https://www.youtube.com/watch?v=2yIDdTqig4k) as well.

**Possible things that may drive the value up.**

I already talked about the TOGG project above, but the investors seem to didn't care about it. I think they have their doubts about the project (which is understandable due to fragile Turkish economy). But I believe if the mass production starts in 2022 it will have a really good impact on the stock.

Another thing is possible IPOs. In february this year, CEO stated that they are considering the IPO of their home internet company, Superonline. According to bloomberg, they started talking with the investment banks about it in April. You can read more about it [here.](https://www.bloomberg.com/news/articles/2021-04-06/turkcell-is-said-to-approach-banks-on-ipo-plan-for-internet-unit) Also, they were considering the [IPO of Global Tower in 2016](https://www.reuters.com/article/turkcell-globaltower-idUSL8N1CU4JX) but they didn't do it calling the market unsuitable for a new IPO. Considering the IPO madness happening in Turkish market, they may also consider it. I also want to remind you that vodafone did a similar IPO last year and they had a pretty good valuation.

Lastly, the stock had management issues before. The company couldn't share dividends and it had decision making issues as well. But as of June 2020, this problem is solved because Turkish Wealth Fund bought the stocks from Telia and Karamehmets. Now the company gives dividends quarterly (0.39 TRY per quarter and the stock is valued 15.20 TRY atm in Turkey, not sure about it in NYSE). I believe investing in TKC just because of the dividend is an enough reason.

**One important thing that caught my eye**

Last month one of the foreign institutions sent the [mandatory notification](https://www.kap.org.tr/en/Bildirim/932236) that their shares passed the 5% barrier. I was watching their aggressive purchases and they keep buying. [This is the buyers-sellers chart for the last one and a half month](https://imgur.com/a/juARwKD). Gedik investment made the 77% of the purchases. Gedik then transferred it to Deutsche bank. During that period amount of shares which are **held by the foreigners increased by 30 million stocks.**

**Why you should NOT buy/why is it undervalued?**

As I mentioned above, TRY is not performing well. Lately, Turkish Lira lost good portion of it's value. This is the main risk for this stock in my opinion. But the thing is, **82% percent of the float is held by the foreigners**, and even though the foreigner's interest in Turkish stock exchange kept decreasing, their shares in Turkcell kept increasing. It seems they think that it is a good buy despite the risk of Turkish Lira. I also believe that it is a buy for sure long term, but it is risky for the short term. Also, even if the TRY performs well, there is a possibility that with the possible interest rates increase, **DXY may start it's bull run which will negatively affect the stock.**

Another thing is, in October, Letterone will have the ability to sell some of their shares in the stock exchange. It is not clear whether they will or not, but it is risky since it will increase the shares traded. Last year, they sold some of it on the market for 15.5 liras per share (15.20 is the current price of the stock).

&#x200B;

**Summary**

I believe that this stock is a good buy because of their financials, dividend, investments (mainly the electric car project TOGG), incoming IPO and accumulation of the stocks by certain investment group. But there are 2 main risks as well, fragile Turkish economy and the stocks held by Letterone. But even with those risks, I dont think it will devaluate more at this point.",newly_excluded
nl614g,2021-05-26,stocks,"1.5 Billion People in China, Estimated 600 Million Bikes, Now the Ebike, Stock Symbol EZGO 225 miles $275 US Dollars",Ukraine,available,False,True,False,False,False,True,True,False,False,False,False,True,False,direct_ukraine_financial,excluded,True,"Hello everyone. As we all know China is extremely populated and they definitely lover their bikes. They are much more affordable than cars. They are much less space. They are cheaper than gas and most importantly pretty much anyone, any age can use a bike! I tried to research as much as I could the exact number of bikes in China but I could not find that unfortunately. The 600 million estimate was as close I could find.

Most importantly we may be able to make an investment. EZGO is the Ebike and IPO’ed early on in January. The execution from the company has been amazing. However, the stock has come down a lot. The figures yesterday 5/24/2021 given by the CEO were 6 months thru March 31st of 2021 and did not even include some big deals. 

Let me go thru some important highlights and insights from the CEO:

**Revenue grew 224% to $16.8 Million from just $5.2 Million**

**Projected sales of 100,000 bikes in 2021 (Which was given February 17th)**

**Sales of the 2 wheel bicycles increased 50% to 23,000 units while the 3 wheel increased 600% to 11,000 units! Total of 34,000 units. (5/24/2021 The CEO gave this update and said sales have increased drastically and it expects rapid revenue growth)** 

***These numbers were for ending March 31st and does not Include the following!!!***

**4/1/2021 EZGO reports a large order from the Ukraine the stock spikes to 9.48!** **These bikes are to be delivered in April!**

**4/15/2021 EZGO signs a new contract for 10,000 Bikes after an exhibition displaying their bikes**

Their higher end bike sells for about $300 US dollars and travels 225 miles on a single charge. Most bikes are about $200 and have 150-200 Mile range. You can go to their website EZGOtech, I do not want to get banned by including links. The bikes look great!

At 100,000 bikes, could be more and 300 a bike we are looking at 30 million in sales………which is 100% growth again……. I believe that estimate is light!

Thoughts? Opinions?",newly_excluded
onb2s6,2021-07-19,StockMarket,Looks like the massive PS4 Mining farm busted In Ukraine wasn't mining crypto. It was mining rare FIFA Ultimate Team Cards to be sold on the illegal market. Lol,Ukraine,blank,True,True,False,False,False,True,True,False,False,False,False,True,False,direct_ukraine_financial,excluded,True,,newly_excluded
onqesc,2021-07-19,stocks,Which brokers that accept non-US clients allow borrowing on margin?,Ukraine,available,False,True,False,False,False,True,True,False,False,False,False,True,False,direct_ukraine_financial,excluded,True,"Interactive Brokers fulfill both criteria, allowing me to withdraw more money to my bank than I have cash in my account. Any others? Specifically, I’m a citizen and resident of Ukraine.

In years to come, I might or might not need a cheap loan available at a moment’s notice, but having this option open is definitely handy.",newly_excluded
pj067o,2021-09-06,investing,Stocks/ETFs in Ukraine best way to invest,Ukraine,removed,True,True,False,False,False,True,True,False,False,False,False,True,False,direct_ukraine_financial,excluded,True,[removed],newly_excluded
pk6k8v,2021-09-08,StockMarket,Next Quarter (Q3) Cub Energy Inc will have 66% higher Gas Prices than Q2 (present). New Update! KUB de-risking from East Ukraine assets. Clean books.,Ukraine,removed,True,True,False,False,False,True,True,False,False,False,False,True,False,direct_ukraine_financial,excluded,True,[removed],newly_excluded
pkuj8e,2021-09-09,stocks,"Cub Energy Inc will have 66% higher Gas Prices Q3 vs Q2. De-risking from East Ukraine with Sales Agreement, stock then below Equity and Cash",Ukraine,removed,True,True,False,False,False,True,True,False,False,False,False,True,False,direct_ukraine_financial,excluded,True,[removed],newly_excluded
pp5xta,2021-09-16,investing,Theoretical question about the benefits of using Smartlands vs. traditional refinancing.,Ukraine,available,False,True,False,False,False,True,True,False,False,False,False,True,False,direct_ukraine_financial,excluded,True,"
So, this is specifically for real estate. Generally, if you own your (residential, at least) property, you can get an equity based loan at the going rate to get some cash. I know Ukraine rates are higher than the US, but are they that much higher? Pretty sure you can do a home equity loan for like 6%, and I have to assume larger commercial loans are even lower. Plus they could do a full refinance for even lower rates in the 2-3% range. I don't see how tokenizing and effectively selling 40% of your building and forfeiting a percentage of future profits is a better deal than getting a loan from a bank for 40% of the building's value at a 2-6% interest rate... and getting to keep all the profits on top of that. Unless Ukraine interest rates are like 15-20% or something, seems like the bank is a better option. I'm probably just missing something, but my question is what is the draw to bring future properties in? Why would they choose this route over traditional finance?



I definitely get the SME side, but still trying to wrap my head around the benefits for real estate owners. Are they selling portions of the property they still owe money on? That seems quite risky. Maybe I am just not savvy enough on the costs associated with taking cash out of commercial properties. I'm quite excited about this project regardless for the SME side but any clarification on the real estate side would be appreciated.",newly_excluded
prtkr6,2021-09-20,stocks,"Cub Energy Inc will have 66% higher Gas Prices Q3 vs Q2. De-risking from East Ukraine with Sales Agreement, stock trades below Equity & Cash",Ukraine,removed,True,True,False,False,False,True,True,False,False,False,False,True,False,direct_ukraine_financial,excluded,True,[removed],newly_excluded
pwkm82,2021-09-27,stocks,So Remitly is public...,Ukraine,available,False,True,False,False,False,True,True,False,False,False,False,True,False,direct_ukraine_financial,excluded,True,"I wasn't aware of this but it is by FAR my favorite remittance software. They're also regularly noted in Visa earning reports:

""A few additional highlights on specific Visa Direct use cases include that in the marketplace payouts -- in marketplace payouts, Airbnb, which now has 4 million homes globally, will offer host payouts using Visa Direct in select markets. In cross-border P2P, Remitly, a top digital remittance fintech, has renewed its Visa Direct relationship, building upon the past two years of partnership. And Monobank in Ukraine enabled cross-border P2P to their 1.7 million cardholders.""


IMO, and as a Mexican professional in the fintech field, Remitly is one of those fintechs that Im pretty darn excited about.  It is a really elegant and well-designed product that I learned of via word of mouth. Some of my first remittances and many still are done via phone in small corner stores or abarrotes. Remitly is easily the future of this practice.",newly_excluded
qqg15b,2021-11-09,stocks,Moving stocks between exchanges and depositories. Is it actually possible for retail?,Ukraine,available,False,True,False,False,False,True,True,False,False,False,False,True,False,direct_ukraine_financial,excluded,True,"So I have an opportunity to open accounts in depositories of countries with non-liquid stock exchanges (Ukraine and Kazakhstan). Primary local exchanges have listings for major american stocks with ordinary/common shares like aapl, tsla, intc etc. Because most of the people in these markets always try to buy and hold stocks (due to low liquidity trading is basically impossible) most of them always traded with 2-7% premium depending on given day volatility with high skew towards buy side in order book. So is it actually possible to withdraw shares from american dtcc and move it to depository of another country?

&#x200B;

For the moment only information I found was linkage for dual-listed companies with GDRs (buy BABA ADR on NYSE and exchange it for 9988 to sell on HKEX), however these things are not GDRs and are not eligible for receipt exchange.

&#x200B;

And on the same topic, do somebody have an information how ordinary shares actually delivered on exchanges of other countries? How for example shares of TSLA end up in the different exchanges like MIL (Italy), BMV(Mexico), SIX(Switzerland) etc?",newly_excluded
rx1c19,2022-01-06,investing,Ray Dalio just posted two new articles on LinkedIn about the changing world order and where to invest in the future.,Ukraine|Russia,available,False,True,True,False,False,True,True,False,False,False,False,True,False,direct_ukraine_financial,excluded,True,"Part 1- The Changing World Order: The New Paradigm

https://www.linkedin.com/pulse/changing-world-order-new-paradigm-ray-dalio/?published=t

Part 2- 2022: A year of transition

https://www.linkedin.com/pulse/2022-year-transition-ray-dalio/?published=t

This is in promotion of his new book which will cover these topics extensively. The long and short of it is that America is a great power in relative decline to the emerging power of China. The pressure Russia is putting on the Ukraine and the pressure China is putting on Taiwan are probably coordinated and mount a major challenge to American hegemony. The main advice I see is to move your investments away from dollars, euros and yen, because these countries are heavily in debt. Lots of financial assets and few real assets. If people move into real assets there could be a “bank run” on the financial ones. as always, he says cash and bonds are bad investments because you get so little interest.

He doesn’t give much hard advice on where to invest instead, though. Just general principles. Interested to hear r/investing’s suggestions",newly_excluded
szi4e5,2022-02-23,StockMarket,JPMorgan: The confrontation between Russia and Ukraine could harm the US economy,Ukraine|Russia,blank,True,True,True,False,False,True,True,False,False,False,False,True,False,direct_ukraine_financial,excluded,True,,newly_excluded
sznhwu,2022-02-23,stocks,Here's why I'm Bearish,Ukraine,available,False,True,False,False,False,True,True,False,False,False,False,True,False,direct_ukraine_financial,excluded,True,"EDIT: I'm going to have to put this up top. I'm here for healthy, reason-based debates. If you disagree because your emotions are hurt, sorry, maybe investing isn't for you. If you say I'm just a clueless permabear but can't care to explain why (other than ""buy every dip, stonks only go up""), maybe you are the clueless one :) Let's all have a healthy debate and provide constructive views to help each other. If you have a very strong, reason-based argument that's better than mind, I will change my mind.

As a response to the other post I saw...

1. Rates / currency / repo markets have priced in 6.5 rate hikes, not EQUITY or other risk asset markets. If you survey CIOs/PMs that manage risk assets, they still think 4 or less... NONE think 6 or 7.
   1. In rate hiking cycles, the Fed has ALWAYS followed the rate markets (so unless something changes, expect 6-7 hikes this yr)
2. Economic data are strong BUT it's decelerating - that's what matters. MARKETS DON'T WANT RATE HIKES INTO GROWTH SLOWDOWN! Remember 4Q18? What matters is if growth is accelerating or decelerating, not whether growth is positive.
   1. Omicron data will make it look like Jan was good but the key months to look at will be Mar-May. If you look at 4Q earnings, 2022 guidance and EPS revisions have been weak! 4Q earnings vs. consensus have been weaker than historical average.
   2. Also unemployment figures are one of the most, if not the most, lagging indicator... So the danger is if the Fed is looking at unemployment figures (which is their bigger mandate) to see if they should stop hiking - they might only change their stance when it's too late.
3. Consumer looks strong on AVERAGE but a more detailed look is very worrisome... The gap between haves and have-nots are getting a lot worse..
   1. Consumer savings are up but very concentrated for the rich. The have-nots barely have any to go around (\~40% have <$1,000)
   2. Wage inflation is more pronounced at higher paying jobs (look at [Atlanta Fed Wage Tracker](https://www.atlantafed.org/chcs/wage-growth-tracker) by wage level). REAL WAGE is FALLING for the have-nots. The have-nots are really hurting right now and everybody knows!
4. Inflationary pressures likely won't ease that much. China's zero COVID policy is a major reason but I'm not sure if anybody is really investing into more capacity closer to home (certainly not the case in autos and low end semis where we see massive shortages - but curious to hear if others have different data points). If COVID has led to a structural shift of demand to higher consumption of goods vs. pre-COVID levels due to more permanent WFH (I heard \~50% of US employees can WFH, and I know I certainly will WFH a significant amount of the time), the supply chain is NOT READY yet and will continue to have bottlenecks (for example, I heard shipbuilders don't have labor supply cuz of COVID )
   1. We also don't know if there will be future mutations that could throw the picture worse on inflation, like Omicron did
   2. My guess is inflation likely peaks in Feb (base effects work both ways) but will stay elevated this year
   3. Generally on supply chain... yes, it's improving, but it's still CRAZY backed up. From what I've heard, we've gone from 4.5 std dev over on supply chain bottlenecks to like 4 std dev over is improving, but its still 4 std dev higher.. Curious to hear if people with boots on the ground are hearing something different
5. Inflation is the most important political issue for voters based on polls (see point 3)! More important than COVID or Ukraine or whatever. Biden is saying Powell is going to address them (with rate hikes). It's mid-term elections in 2022... so it's important
6. Don't even get me started on valuations. I know your growth stocks are down 50-80% bust just look at S&P valuations vs. historicals (it's not apples to apples but hard to say S&P is cheap)

So put that together, I don't really see what the upside for S&P / broader markets look like. I think the bulls are not looking at some of these deep enough (stuck at 1st order thinking). So the main issue is **if inflation is >3% in 2022 with massive growth slowdown and thus Fed wants to hike way more than equity markets are anticipating, can S&P go up?** The Fed has said they want inflation to run hot to catch up to long run 2%, but guess what? ITS CAUGHT UP!

Tl;dr: **DONT FIGHT THE FED**. It goes both ways. Don't try to buy into the dip pre-maturely when the **FED HASNT EVEN RAISED YET AND STILL BUYING BONDS!** They're gonna hike more than equity markets want to and let's not forget QT, which is gonna be even worse and not nearly talked about enough. Wait until Fed changes its stance is my honest opinion. Famous last words in markets are ""this is priced in"".

Edit: minor text edit to point 1 and 5

Edit PS: I don't know the future. This doesn't mean sell everything, go to cash. This is just to inform you of my view that there's just more downside than upside imo. I'll try to do a follow up post when that changes and when I turn bullish because some of you are asking when is it good to buy or when I would  be a buyer. I'm not a perma-bear - I'm still young and think growth stocks are cheap af right now. That doesn't mean they can't get cheaper.",newly_excluded
t09ane,2022-02-24,StockMarket,VUSA?,Ukrainian,available,False,True,False,False,False,True,True,False,False,False,False,True,False,direct_ukraine_financial,excluded,True,"VUSA is down significantly, I was wondering, does anyone else think that it will rebound once the Ukrainian problem is solved? Also, do you believe that now is a good time to buy? I personally think that the price has decreased due to panic created by the Ukrainian problem and once it is solved, i.e. in a few week/months, the value of VUSA will increase again. However, due to inflation fears, Central Banks may increase interest rates which may affect the S&P500, and by extension VUSA, negatively. What does everyone else think? I am really curious to know different views.",newly_excluded
t0d6ao,2022-02-24,StockMarket,What is everyone buying on the market dip from Russia/Ukraine and whats your thought process?,Ukraine|Russia,removed,True,True,True,False,False,True,True,False,False,False,False,True,False,direct_ukraine_financial,excluded,True,[removed],newly_excluded
t0j3st,2022-02-24,StockMarket,"What is the best stock action I can buy now as a beginner, given the Ukraine Crises ?",Ukraine,removed,True,True,False,False,False,True,True,False,False,False,False,True,False,direct_ukraine_financial,excluded,True,[removed],newly_excluded
t0c89h,2022-02-24,investing,Empathy for Ukraine vs stock market,Ukraine,removed,True,True,False,False,False,True,True,False,False,False,False,True,False,direct_ukraine_financial,excluded,True,[removed],newly_excluded
t0lm0d,2022-02-24,stocks,EU shouldn't worry about russia stopping energy supplies but Zelensky ordering a scorched earth of the pipelines,Russia,removed,True,True,True,False,False,True,True,False,False,False,False,True,False,direct_ukraine_financial,excluded,True,[removed],newly_excluded
t1tvyd,2022-02-26,StockMarket,Implications for markets if Russia is kicked out of SWIFT?,Ukraine|Russia|Russian,available,False,True,True,False,False,True,True,True,False,False,False,True,False,multiple_paths,excluded,True,"Ukraine's President (Volodymyr Zelenskyy) [just tweeted that Italy's Prime Minister was now on board to kick Russia out of SWIFT](https://twitter.com/ZelenskyyUa/status/1497502946480869378). Germany got on board yesterday. By my count that only leaves Hungary as the only country left with a say in this who hasn't already said they are in favor of kicking Russia out.

Assuming they cave, what are our speculations about the implications? Of course this is yet another massive kick in the nuts for Russian companies and for the Russian economy generally. So can expect the Ruble and Russian stockmarkets to tank further - or rather Russian stockmarkets will tank further when trading is again allowed. But what else? I thought maybe German stockmarket would suffer too since their companies do quite a bit of business with Russia, and perhaps the Euro more generally versus safe havens?",newly_excluded
t1vw81,2022-02-26,investing,Investing in real estate in Ukraine - a bad idea?,Ukraine,removed,True,True,False,False,False,True,True,False,False,False,False,True,False,direct_ukraine_financial,excluded,True,[removed],newly_excluded
t28rxm,2022-02-26,investing,BBC News: West to cut some Russian banks off from Swift,Russian,removed,True,False,True,False,False,True,True,True,False,False,False,True,False,russia_crisis_financial_consequence,excluded,True,[removed],newly_excluded
t1omm1,2022-02-26,stocks,Ukraine agricultural stocks,Ukraine,removed,True,True,False,False,False,True,True,False,False,False,False,True,False,direct_ukraine_financial,excluded,True,[removed],newly_excluded
t3ijhl,2022-02-28,StockMarket,Ian Bremmer on What Investors Should Know About Ukraine and Russia Starts 10:30am EST,Ukraine|Russia,deleted,True,True,True,False,False,True,True,False,False,False,False,True,False,direct_ukraine_financial,excluded,True,[deleted],newly_excluded
t3pb83,2022-02-28,StockMarket,"JPMorgan, Danske Bank Freeze Funds Exposed to Russian Assets",Russian,removed,True,False,True,False,False,True,True,True,False,False,False,True,False,russia_crisis_financial_consequence,excluded,True,[removed],newly_excluded
t3ps43,2022-02-28,StockMarket,I just sold my Netflix stock because as of today they have no intentions of leaving the Russian market. This money will be much better spent by the Ukrainian armed forces. Care to join me?,Ukrainian|Russian,removed,True,True,True,False,False,True,True,False,False,False,False,True,False,direct_ukraine_financial,excluded,True,[removed],newly_excluded
t3hcjr,2022-02-28,investing,Russia taken off of swift question,Russia,removed,True,False,True,False,False,False,False,True,False,False,False,True,False,russia_crisis_financial_consequence,excluded,True,[removed],newly_excluded
t3i27p,2022-02-28,investing,"Does it make sense to invest in Ukrainian bonds right now, assuming one waits until maturity?",Ukrainian,available,False,True,False,False,False,True,True,False,False,False,False,True,False,direct_ukraine_financial,excluded,True,"Since Ukrainian bond prices fell, does it make sense to invest in them right now, assuming one waits until maturity? Decided to ask here since I haven't dealt with bonds before, but from what I understand, as long as one waits until maturity to receive the principal, government bonds should be fairly safe.",newly_excluded
t4bxxr,2022-03-01,investing,Will Russian ADR holders still be able to collect their dividends. Will they be seized or can they even be paid if SWIFT payments are blocked?,Russian,removed,True,False,True,False,False,True,True,True,False,False,False,True,False,russia_crisis_financial_consequence,excluded,True,[removed],newly_excluded
t53ubi,2022-03-02,investing,US Interest rates Are Headed Higher very soon to combat inflation,Ukraine,available,False,True,False,False,False,True,True,False,False,False,False,True,False,direct_ukraine_financial,excluded,True,"[US Central Bank is going to raise interest rates later March.](https://www.msn.com/en-us/money/markets/powell-says-rates-are-headed-higher-even-as-ukraine-poses-uncertainty/ar-AAUvThI?ocid=msedgdhp&pc=U531)

Feds will move toward a “predictable” shrinking of its big bond holdings after raising rates, a move that will take additional steam out of the economy, and that it will discuss those plans at its meeting ending March 16 without finalizing them.  According to Jerome Powell. ""....""",newly_excluded
t5f2o1,2022-03-03,investing,Could some foreign investment shift from Russia to Ukraine?,Ukraine|Russia,removed,True,True,True,False,False,True,True,False,False,False,False,True,False,direct_ukraine_financial,excluded,True,[removed],newly_excluded
t6c89g,2022-03-04,stocks,Euro & International Stock Advisory Service,Ukraine,available,False,True,False,False,False,True,True,False,False,False,False,True,False,direct_ukraine_financial,excluded,True,"I know Motley Fool receives a lot of hate in here but I am wondering if anyone knows about any stock advisory services that focus on - or at least cover - non-US stock.

I have done a lot of research but I thought I'd ask, after finding so many resources. If there are a few that are regarded as better than the rest then that's what I'll go with. 

I live in the UK but 90% of my portfolio is made up of US stocks.

My knowledge of Euro stocks is abysmal but I suspect, for example, I want to get some Volkswagen in my portfolio at some point. 

Is there a Motley Fool type service outside the US?

I am a Fool subscriber and find the content very useful. 

I'm going to do my DD on any stocks I buy but knowing where to start for recommendations is hard.

If not a ""tipping"" service, a forum or any kind of site to get me started would be excellent.

I guess it's because US companies are so important to everyone's life - and the fact that the UK and the US share a language - that building a decent portfolio of US stocks has been so much easier.

I thought now would be a good time to start reading (I won't be investing any time soon), given the political instability in Europe.

This is the first time I've experienced like this in my lifetime, or certainly since I've been old enough to understand the impact it can have on markets.

It's tragic what's happening in Ukraine but if it's possible to make some money, I can donate more to aid efforts, as well as being selfish and improving my portfolio. 

Thanks in advance.",newly_excluded
t9g9rr,2022-03-08,StockMarket,"JP Morgan investing in Russia, doesn’t care about Ukraine",Ukraine|Russia,removed,True,True,True,False,False,True,True,False,False,False,False,True,False,direct_ukraine_financial,excluded,True,[removed],newly_excluded
t9huim,2022-03-08,StockMarket,"Morning Update for Tuesday, 3/8/22",Ukraine|Russia,available,False,True,True,False,False,True,True,False,False,False,False,True,False,direct_ukraine_financial,excluded,True,"Good morning everyone. 

*These posts are for informational purposes only. I am not a financial advisor.*

**Main Watchlist:**

Gapping UP:

* TSCO
* DKS
* UAL
* ARNA
* RUN

Gapping DOWN:

* MOS 
* FCX
* AA
* XPEV
* UVXY

**Momentum Watchlist:**

* MARPS
* NINE
* PLM
* USWS

Seeing some continuation from yesterday's momentum list, just be cautious as things could get over-extended. Lock in profits or cut losses quickly, there will always be more opportunities. 

**Market Outlook:**

Stocks are looking to open a bit lower, coming down off premarket highs. Things are looking bearish after a pretty significant sell-off yesterday. The Bureau of Labor Statistics should give us the latest CPI for February, and some analysts are predicting an annual jump of 7.9%. The Fed has put themselves in a tough position now; they need to tackle inflation, but the increased geopolitical risk could make rate hikes tricky. Powell has indicated his support of a 25-basis point rate hike at the Fed's policy meeting March 15th-16th. S&P Futures are down \~20 basis points, Dow Futures are down \~10 basis points, and Nasdaq Futures are down \~50 basis points. I'll be watching 420 as a potential resistance level for SPY, room for more downside towards the \~412 level if we fail to get back above and hold over the 420 level this morning. Gold and crude oil are continuing their recent strength. Gold finally reached the 2,000 level, and I'm still bullish given the current market environment. Crude oil is trading around $124 per barrel. It's worth continuing to monitor the Russia-Ukraine situation, but I don't see anything relieving the upwards pressure in the short-term unless we hear something new. Energy stocks are still worth following closely, not only today but through the rest of the week. I'm expecting a choppy session today, it's okay to sit things out if nothing stands out to you.

Remember to use proper risk management; size appropriately for your account and have a plan for every trade you enter. Happy trading everyone :)",newly_excluded
tb2k4b,2022-03-10,StockMarket,Ukrainian companies on WSE,Ukrainian,removed,True,True,False,False,False,True,True,False,False,False,False,True,False,direct_ukraine_financial,excluded,True,[removed],newly_excluded
tebh6d,2022-03-14,stocks,There is no good/legitimate reason for oil stocks to be down the past week,Ukraine|Putin,available,False,True,True,False,False,True,True,False,False,False,False,True,False,direct_ukraine_financial,excluded,True,"Tell me what I am not understanding or what I am just missing. If you a week ago showed me the price of WTI crude oil I would have replied ""oh, Putin withdrew from Ukraine?"" He of course has not. This would have been the only thing to reason why Chevron, Exxon, etc are all down over the past 7 days/traded sideways the past 7 days. 

Current holdings in both OILU and SCO (breaking even right now since both are leveraged). Also have shares of Chevron. 

So why is oil trading down from the highs of $130+/barrel. Can we expect to see $150+/barrel in the coming months?",newly_excluded
tejkh1,2022-03-15,stocks,SPY: Timing Prospective Recovery / March to May (FOMC),Ukraine|Russia,available,False,True,True,False,False,True,True,False,False,False,False,True,False,direct_ukraine_financial,excluded,True,"All- wanted to get your thoughts. I had actually sold my Spy shares in January, back when it dipped to $465 in anticipation of this downturn. Now trying to “time” re-entry (and know the pitfalls of trying to time. 

RealIze also there are still uncertain times ahead, and that the trend/channel/chart shows downtrend.

That said- in history, it is the uncertainty aspect that drives down the market, and the FOMC when it announces the .25 hike, and just as importantly the dot chart for the year.. perhaps that uncertainty to be quelled a bit. 

Also, know this is speculative as well, but fortunately peace talks continuing with Ukraine/Russia and hopefully a good end result.

Also— it seems in the last five years (SPY history) the middle/end of March has a downturn then some solid recovery at least until end of April / beginning of May, before more uncertainty brews before the next FOMC.

I don’t want to miss out on the potential upturns, particularly if the aforementioned factors come into fruition and we see that V Shaped recovery.

I’m thinking perhaps to buy back, and either sell again end of April and perhaps even, hold and if necessary sell some covered calls again as we get into another possible downturn as we head into the May FOMC.

I know there will be opinions on both sides— but essentially the question is (while of course so many macro economic factors)- is there another just huge overriding reason that this will continue to go down (unlike the SPY of the last five years during the period)?  

Some that are experienced have also said that the indexes actually go up during the interest rate hikes (and it is during the period of uncertainty before hikes it goes down).

Also it seems at some point after the death cross has been met, that is often the low point and up from there.

I feel many of you are far more experienced than me on this, and some of you have been through in the past, so curious to thoughts !",newly_excluded
tina3g,2022-03-20,stocks,$VEON a hero stock for Ukraine that will make you $$$,Ukraine,removed,True,True,False,False,False,True,True,False,False,False,False,True,False,direct_ukraine_financial,excluded,True,[removed],newly_excluded
tmyjp7,2022-03-24,stocks,Which companies will benefit from rebuilding costs in Ukraine?,Ukraine,removed,True,True,False,False,False,True,True,False,False,False,False,True,False,direct_ukraine_financial,excluded,True,[removed],newly_excluded
tpuvr3,2022-03-27,stocks,The new EU gas & Oil supplier *discussion*,Ukraine|Russia,available,False,True,True,False,False,True,True,False,False,False,False,True,False,direct_ukraine_financial,excluded,True,"Hi team, just another part timer trying to generate some alpha and thought I’d throw this out to the group.

Here are the facts:

- Whatever the outcome is in Ukraine (long duration vs short, Ukraine ‘win’ vs Russia, peaceful vs violent resolution etc) the one truth is the EU will change it’s supplier of LNG/ oil from Russia.

- The EU has now vowed to buy its LNG & oil as a block (as opposed to having individual countries compete as before).

- This means that there are some BIG contracts that will be agreed in the future (I’m assuming discussions are already heavily under way).

- With the current inflation levels, commodities are considered ‘safe havens’ and so are related stocks.

I’m trying to find who and where this/these producers will be- it’s easy to just say ‘US’ or ‘Saudi’ but, with countries such as Nigeria publicly bidding , I thought I’d throw it out for discussion.",newly_excluded
tre9nx,2022-03-29,investing,What listed companies will build up West-Ukraine again after the Russians have pulled out? Any ideas what stocks might benefit?,Ukraine,removed,True,True,False,False,False,True,True,False,False,False,False,True,False,direct_ukraine_financial,excluded,True,[removed],newly_excluded
tv664l,2022-04-03,StockMarket,Purchasing russian ADRs/GDRs - peer-to-peer deal,Russian,removed,True,False,True,False,False,True,True,True,False,False,False,True,False,russia_crisis_financial_consequence,excluded,True,[removed],newly_excluded
tx2gy4,2022-04-05,stocks,Ukrainian Stock Market,Ukrainian,removed,True,True,False,False,False,True,True,False,False,False,False,True,False,direct_ukraine_financial,excluded,True,[removed],newly_excluded
u3r748,2022-04-14,stocks,Interesting Investor Sentiment Data (AAII),Ukraine|Russia,available,False,True,True,False,False,True,True,False,False,False,False,True,False,direct_ukraine_financial,excluded,True,"AAII has been running a weekly investor sentiment survey since 1987. In yesterday's survey, bullish sentiment was at 15.8%. Some key takeaways:

* This is the 9th time since 1987 that bullish sentiment has dropped below 16%
* Bullish sentiment has not been this low since September 4th, 1992 making this basically a 30 year low
* The lowest EVER was on November 16th, 1990 at 12%, so we're just 3.8% higher today
* From February to April 2020, when the market was at peak fear of COVID, bullish sentiment never dropped below 30%
* During February 2022, when the market was at peak fear over Russia-Ukraine, bullish sentiment hit a low of 19.3% on February 17th, 2022
* During the bear market of 2018, bullish sentiment hit a low of 20.9%
* The spread between bullish sentiment and bearish sentiment is over 32%, which has happened just 26 times since 1987
* On March 30th, 2022, just two weeks ago, bullish sentiment was at 31.9%

Just some interesting food for thought. Everyone's beared up!",newly_excluded
ut1em9,2022-05-19,StockMarket,"Elevated Fertilizer Prices Remain, as UN in Talks to Restore Ukrainian Grain Exports • Farm Policy News $MOS $NTR $CF",Ukrainian,blank,True,True,False,False,False,True,True,False,False,False,False,True,False,direct_ukraine_financial,excluded,True,,newly_excluded
uxxs4m,2022-05-26,investing,"Fear & Greed Index is at 14 or ""extreme fear."" Investors with a long term time horizon should be buying at these prices.",Ukraine|Russia|Russian,available,False,True,True,False,False,True,True,False,False,False,False,True,False,direct_ukraine_financial,excluded,True,"This is more so a post for the newbies and/or investors with a long term time horizon. The Fear & Greed Index registers investor sentiment as [extreme fear](https://www.cnn.com/markets/fear-and-greed). With the S&P treading bear market territory, the majority of investors, those with a long term time horizon, should be buying at these prices. Over the course of a decade these kinds of steep price declines, beyond a correction, happen maybe 2-3 times at best. Sure, it's possible that the market keeps dropping for the next 6-8 months or so, but headlines and markets have a way of turning relatively quickly. The majority of people should be trying to increase their positions in index funds right now and should continue to do so if the market keeps falling.

Here's how quickly a news cycle can turn:

""Russia & Ukraine announce a 2 week cease fire, the western world begins buying Russian oil again, bringing gas prices down.""

""Heading into the summer months, China announces that it has a lid on COVID outbreaks and begins opening up locked down cities. This should alleviate some supply chain issues, helping to control inflation.""

""With inflation slowing, the Fed announces a rollback to .25% rate hikes, and estimates a moratorium on rate hikes within 6 months.""

""Biden announces a $20,000 student loan forgiveness package, freeing up the millennial and gen z consumer base.""

\-----

We're a herd. We all get anal retentive and get incredibly bearish at once. Then we all turn bullish and start having orgies at our goat yoga sessions. We're anal retentive right now, but you don't have to be. Take advantage of this opportunity. Buy more index funds, i.e. VTI, SPY, etc. etc., right now while the market is down, and go enjoy your goat yoga.",newly_excluded
vc1n9x,2022-06-14,stocks,It boggles my mind that big tech as GOOGL and META did buy back their stocks in the past few months,Ukraine,available,False,True,False,False,False,True,True,False,False,False,False,True,False,direct_ukraine_financial,excluded,True,"Thinking about the current market situation i do not understand why big companies as Meta, Googl etc. did buy back bilions of their stock 20-40% above the current price in recent months.

Before doing so they have surely talked to a LOT of stock/market experts. And literally no advisor of them saw this drop coming? They adviced them to buy back their stock in bilions? In current market environment? Obv thinking it is a good time to buy.? How come? Ukraine, inflation, covid. All of that should already be obvious for experts. They have so much intel. Insiders. Politicians in their pocket. Literally everything retail does not have. Yet they adviced those companies to invest bilions in their stocks… It boggles my mind…. What am i missing?

Which brings me to another point: how are all those reddit bear sherlocks sitting in cash telling us the market gonna tank for years down to spy 270-300 if big tech consulting stockmarket experts cannot even predict that shit? They should shut the fuck up. nobody knows shit at all. Buy the dip. Go cash. I dont care. Stay strong together. Kiss",newly_excluded
vywdis,2022-07-14,investing,High inflation may never going away. Reasons why below. And why it will be worse outside of America,Ukraine|Russia,available,False,True,True,False,False,True,True,False,False,False,False,True,False,direct_ukraine_financial,excluded,True,"Fertilizer limitations on a global scale. 

China - bans exports of Phosphate
Russia - can't export Potash
Europe - Nitrogen = Nat gas sky high price. 

Input costs alone will cripple Europe and Asia. First, by making food more expensive, as well as making land less productive as smaller farms skimp on fertilizer. Spiraling food shortages will produce famine first in Sub Saharan Africa and then Asia. 

Agricultural Wheat

Wheat - Russia Largest producer in the world.
Ukraine 4th Largest producer in the world. 

Russia is in the process of systematically destroying the farmland in Ukraine. This will have LONG lasting production consequences. 

Food costs rise. Again, famine first in Africa, then Asia if they don't import Russia wheat. 

Boomers Retire.

Global labor Shortage. 

Zoomer Smallest Generation cannot replace them. 

2022 = 400k shortage. Labor costs go UP. Keeping inflation running for years. 

2034 = 900k shortage.  This is mathematics. Not speculation.

Europe has less Gen Z and Millennials to replace Boomers. So they're lives are going to be hit hardest with recession and stagflation. 

China and Russia are screwed because of total population collapse. 

US consumer has 2 trillion in savings. That's a LOT of demand. 

Two ways to lower inflation:

Suppress Demand/ Increase Supply

Fed cannot raise rates fast enough. But demand continues. 

Supply MUST increase, but how with lower workforce? 


Dollar Denominated Commodities

Oil .Nat Gas , Food.
Fertilzer. Iron ore, Boxite

Finished metals

all are denominated in Dollars. 

This is GOOD for America. Money from around the world will continue to POUR into the Dollar for several reasons. 

American inflation is bad, but the rest of the world is SCREWED. 

Buy American companies with American supply chains fellas. Stay away from Chinese exposure or Euro exposure. 

(Sell Apple. Sell Tesla)",newly_excluded
wbx4ie,2022-07-30,stocks,"Russian ADRs have been suspended for 5 months. No one can buy, sell, transfer, or convert anything. Is there anything that can be done?",Russian,deleted,True,False,True,False,False,True,True,True,False,False,False,True,False,russia_crisis_financial_consequence,excluded,True,[deleted],newly_excluded
wnstx1,2022-08-14,stocks,When do you sell stocks in this environment?,Ukraine,available,False,True,False,False,False,True,True,False,False,False,False,True,False,direct_ukraine_financial,excluded,True,"Traditionally, I've always followed the valuation level sell strategy, having an exit plan for stocks that reach specific P/E, P/B, P/S levels.

However, with the market being so volatile during the last year, I'm trying to reevaluate my approach. They say you should never trade ""news"", however, trading news in this environment was quite beneficial for me: from Disney to Charge Point, I was able to secure solid 20-30% gains for pretty much my entire ""gaming"" portfolio during the last 2 weeks.

And here is where I'm stuck now: market is very illogical and relying on fundamentals isn't beneficial in the short term.

Would it be a better thing to utilize ""take profit"" strategy on individual stocks, securing specific profit levels on all the plays made on the ""trading news"", then reinvest those gains into stable broad ETF, like SCHD which performs relatively good in current environment and is more protected from loses in case there is another drop so that I can wait a better buying opportunity for risky plays when the market gets red?

P. S. I now have about 50k in my Roth IRA and HSA accounts (starting from 20k in the beginning of the year) and use it exclusively for all the risky ""news based"" trading during the last 6 months, so tax issues aren't a concern for this specific case.

I'm not a bear, but I'm almost confident that many stocks would drop again in fall and winter (Fed is still gonna be proactive, European winter is a shit show, etc). It feels like reinvesting all the gains into more stable ETF could be a good strategy in this environment.

P. P. S. I know that timing the market is usually frowned upon, but I was super lucky this year getting huge gains in both brokerage and retirement accounts by following the stories about Ukraine, inflation, Netflix earnings and all the other fun things. It feels like when the economy is in such vulnerable position, trading the news is the only way to secure some gains",newly_excluded
xf5c5q,2022-09-15,investing,when should I put my retirement back into the market?,Ukraine,available,False,True,False,False,False,True,True,False,False,False,False,True,False,direct_ukraine_financial,excluded,True,"I switched over all my money into the G fund back in Jan. with the the assumption of gas rising, Ukraine and already high inflation. It saved me close to 100,000. All my new money since then has been going into the C fund still ( I feel like I'm just throwing it away), but when do we think the market is going to bottom out? I wouldn't mind pushing it all back into the C fund while it's still dropping. I rather put it back while it's still dipping rather than miss out when it jumps back up. How far deep into the 20's do we think it will fall or will it even go that far? Thoughts, thanks.",newly_excluded
ydxla2,2022-10-26,StockMarket,Goldman Sachs continues to sing empty: US stocks have not bottomed! Another 25% drop in recession scenario,Ukraine,available,False,True,False,False,False,True,True,False,False,False,False,True,False,direct_ukraine_financial,excluded,True,"Goldman Sachs warned that U.S. stocks have not yet bottomed, and asset pricing has not yet reflected the possibility of a recession. In a pessimistic scenario, the S&P 500 could drop another 25%.

&#x200B;

Goldman Sachs analyst Kamakshya Trivedi pointed out in the latest research note that none of the U.S. assets tracked by the bank are fully priced for a recession. If the U.S. does experience a recession, or if geopolitical risks in Ukraine intensify, U.S. stocks could see a “significant downside.” In a pessimistic scenario of a deep recession, the S&P 500 would fall to 2,888, a further 25% drop from Tuesday's close.

&#x200B;

Stocks and credit will be especially vulnerable if a recession hits, Trivedi believes. Investors with a long-term focus are now better off increasing their exposure to European investment-grade bonds and assets such as mortgages.

&#x200B;

There is currently pessimism about the future pervading Wall Street. Economists now see a 60 percent chance of a U.S. recession in the coming year, up from 50 percent a month ago, according to media polls. Some pessimists even see a 100% chance of a recession in the next 12 months.

&#x200B;

At present, the market is highly concerned about the third-quarter earnings of US stocks. For U.S. stocks, which have been hit by tough market conditions this year, this earnings season is expected to determine market trends before the end of the year.

&#x200B;

Wall Street analysts have cut their third-quarter earnings estimates for U.S. stocks by the most since the outbreak began in 2020, according to FactSet. But many market observers believe that earnings forecasts for U.S. stock earnings reports will be further lowered, especially for next year. Analysts expect S&P 500 profits to rise by only about 7% year over year in 2023.

&#x200B;

The data of large technology companies that have already released financial reports is quite weak: Microsoft’s net profit has recorded the largest drop in more than two years, Alphabet’s revenue and profit have fallen short of expectations, and Texas Instruments has released weak performance guidance. This series of performance thunderstorms also caused a wide-scale sell-off in U.S. technology stocks.",newly_excluded
10uo081,2023-02-05,StockMarket,What will happen in the stock market if Ukraine lose?,Ukraine,removed,True,True,False,False,False,True,True,False,False,False,False,True,False,direct_ukraine_financial,excluded,True,[removed],newly_excluded
1189g1a,2023-02-21,StockMarket,Investing in Ukraine Stock Market,Ukraine,removed,True,True,False,False,False,True,True,False,False,False,False,True,False,direct_ukraine_financial,excluded,True,[removed],newly_excluded
1189r0j,2023-02-21,StockMarket,Ukraine Stock Market,Ukraine,removed,True,True,False,False,False,True,True,False,False,False,False,True,False,direct_ukraine_financial,excluded,True,[removed],newly_excluded
118a3kq,2023-02-21,StockMarket,Ukraine Stock Market,Ukraine,removed,True,True,False,False,False,True,True,False,False,False,False,True,False,direct_ukraine_financial,excluded,True,[removed],newly_excluded
11pwcww,2023-03-13,StockMarket,Dell research and valuation,Ukraine|Ukrainian|Russia|Russian,available,False,True,True,False,False,True,True,False,False,False,False,True,False,direct_ukraine_financial,excluded,True,"# Executive Summary:

Dell has stable long-term prospects. They are a mature company. If they can tame their balance sheet, they would likely significantly increase their share price through returns to shareholders.  Another possibility is that they try to become private again because Michael Dell only took the company public to finance an acquisition. They are currently trading at a significant margin of safety between 11% (no growth) and 44% (10% growth).

# Introduction:

Dell provides businesses with IT solutions, ranging from traditional infrastructure, cloud infrastructure, hardware, and software. They also provide consultant-like solutions such as management and migratory support. They also have consumer-oriented businesses that offer off the shelf and custom to order PC’s. About half of their revenue is generated in the Americas. They have made a number of large acquisitions, notably EMC (cloud infrastructure/solutions), SecureWorks (IT security), and Virtuestream(Cloud ops). They have operations in 180 countries.

The business is organized into two operating segments, Infrastructure Solutions Group, and Client Solutions Group.

|Group|Client Solutions Group|Infrastructure Solutions Group|
|:-|:-|:-|
|Common functions|Branded hardware, peripherals, third party software support/deployment/configuration, warranties, customer service, financing, build to order.|Cloud Support, Cloud Services(Cloud Ops), Digital transformation&amp; related services, Multi Cloud integration, Cloud native workload solutions.|
|General Description|This includes their PC segment and legacy build to order hardware solutions. Through agreements, they also provide services related to third party software, mostly with integral software on their branded devices.|Offer cloud services, and support businesses adopting cloud services, retain them as customers after, provides reliable recurring revenue. Competes with AWS/Azure Enterprise services as well as infrastructure support providers, oriented towards large enterprise.|

# History:

Dell was founded by Michael Dell in 1984. They produce cell phones, computers, other hardware, and software, but used to do “build to order” enterprise infrastructure, which was especially popular in the internet bubble. Its two divisions are Dell client solutions group (CSG), and Dell infrastructure solutions group (EMC). Dell acquired EMC in 2015 for $67 billion, diversifying into the enterprise software and store industry. They bought Alienware in 2006. The company has traditionally been involved in the enterprise hardware business, specifically developing custom infrastructure. They have a focus on high performance PC’s and custom PC’s. If anything can be taken from their corporate history, it is that the company is not afraid to take dramatic actions to save its skin.

By the late 2000’s the company could not turn profits in the “make to order” business. They decided to shift towards off the shelf consumer and enterprise solutions. They were taken private in 2013 and went public again in 2018. VMWare was owned by EMC, and thus came under the control of Dell. Dell has decided to spin off VMWare, and there is a pending acquisition by Broadcom. The VMWare spinoff was completed in 2021. Michael Dell has been chairman since 1984, and apart from 2004-2007, has been CEO of the company. Kevin Rollins was CEO between 2004-2007, but Michael Dell decided to replace him after 5 quarters of disappointing results.

## Understanding Dell’s business segments:

Dell is organized into two segments. They are the Client Solutions Group and the Infrastructure Solutions Group.

ISG brought in $34 billion last year with $3.7 billion operating income. It accounts for 34% of their business. If we assume that this is mostly attributed to the EMC purchase, we can draw conclusions about the rational of the purchase by looking at current operating results. The return on investment is underwhelming but considering that Dell is in a mature stage of growth, it is positive that such a large investment will, at this rate, pay off in less than 20 years. At the current rate, it appears dell is looking at a long-term horizon of 18-20 years where EMC will have to prove its worth. It is hard to tell, but it is likely that Dell only went public for the second time to aid in the EMC acquisition.

|Year|Operating Income|ROI|
|:-|:-|:-|
|2020|$4.0B|6%|
|2021|$3.7B|5.5%|
|2022|$3.7B|5.5%|

ISG accounts for $14.7 billion of goodwill, a substantial amount obtained from the EMC purchase. In the MRQ, ISG brought in more operating income than CSG despite its significantly lower revenue, an attestation to the profitability Dell enjoys from the still lucrative enterprise solutions business.

They have been able to gradually increase revenue from servers and networking due to improvements in the configurations and technology available to customers.

In the server vendor industry, Dell is a significant player, second only to HPE in market share held by a single company. They have the largest market share in OEM storage systems. Dependence on cloud in the modern business drives growth in this segment. ISG capitalizes on hybrid cloud integrations, as well as public cloud support through hardware and software directly for CSP’s. This is a fast growing and profitable industry, and Dell’s positions as an infrastructure provider creates a barrier to exit for existing clients who integrate their infrastructure with Dell.

CSG brought in the majority of revenue at $61 billion, however it cannot attain the same level of profitability, netting $4.3 billion, still a substantial profit margin. They have $4.2 billion in goodwill. Dell ships the third most PC’s out of all vendors and has been able to keep their market share steady over the past decade. They are consistently able to raise prices in CSG, however they are subject to upstream price pressures, which would see margins significantly decrease in cool economic environments.

In CSG, there is significant competition among many market participants who are deeply entrenched in the industry. No single company has anything close to a majority. CSG is heavily exposed to international markets, especially Taiwan and China, however they have no supply chain exposure to Russia and Ukraine, and Russian/Ukrainian operations account for less than 1% of revenue.

# Segment industry comparison:

The industry average for PC vendors is an 18% average profit margin, well above the 7% Dell has in CSG, which is indicative of the price it pays for scale. They would have trouble improving this value to industry standards without relinquishing their 16.5% market share for a much smaller share, a clear indication of the competitiveness of this industry.

The industry average for cloud/cloud infrastructure providers is less than two percent. This number is slightly misleading, because seasoned providers like Dell, Azure, HPE, and Amazon are grouped together with Startup cloud companies. Among larger, more seasoned cloud infrastructure providers, average profit margins are closer to 14%. ISG’s profit margin is 11%.

# Financial performance:

The financial data only goes back to 2015, however we can look at the figures for Dell EMC from which the financial history for ISG can be inferred.

Dell EMC’s revenue only decreased 5.7% in 2009 but increased by 13.3% in 2010. Their revenue decreased 39% between 2000 and 2002. An implosion similar to the internet bubble would likely produce similar results over the short term, but this should be taken as a floor for shrinkage unless there is some five-sigma event that wreaks havoc in the industry. Profit decreased almost 60% in the same period. If the company has a shaky balance sheet, midterm decreases of 50% can threaten their existence. Given how the company has weathered previous economic downturns and depending on the widespread tech exposure to the economic trends, the company could see losses between 6%-40% in a recession but would not be threatened on the basis of their liquidity in CSG.

Revenue has been exceptional in the past two years. The revenue CAGR is about 12%. Net income was negative before 2019 but has been slightly positive since then.

The company has been teetering around zero equity. As of March second, 2023 (most recent financials), they had liabilities exceeding assets by about $3.03 billion, which is down from minus $1.5 billion the year before. They have a significant cash position of $8.6 billion. Their debt structure is very manageable and spread out over the next 20 years. They have an average of $1 billion a year due except for $4.5 billion due in 2026. 24% of their assets are goodwill, which is not unreasonable for the cash flow it can expect from enterprise clients in the future. If they can control their balance sheet, it would be viable for them to buy back shares. Michael Dell does not like relinquishing control of his company, so this may become reality in the future and he could take the company private.

The quarterly and annual results for 2022 indicate there are hard times to come. They averaged a 2.4% profit margin. Operating cash flows decreased over 60% YoY. Despite this, there has been solid growth in operating cash flows in the past decade due to favorable business conditions, and real growth in a mature client base. The operating cash flows will return when economic conditions ease. Capex has increased with opex, which is mostly attributable to the ISG segment maintenance and expansion.

# Valuation:

In projecting the FCF, we should have two sections, one for the next three years resembling the most recent downturn in financial results, and then for the remainder, returning to more normal financial conditions. We will go with a long-term growth rate equal to their growth in a zero rate environment (12.25%) minus the long term target rate of 2%, discounted by the company cost of capital (10%) plus a long term average risk free rate of 5%. Time horizon of 10 years. With this DCF, we arrive at an **intrinsic value of $38.89 billion**. They have a strong ability to generate cash, and do not have prohibitively high capex. Even with no growth, as long as they can hold their cash flows and keep interest and capex down, they would still be valued at $30 billion. However, there could be significant impairments on the company’s ability to generate cash and raise debt if they cannot get their balance sheet under control.",newly_excluded
11pwcjh,2023-03-13,investing,Dell stock research and valuation,Ukraine|Ukrainian|Russia|Russian,available,False,True,True,False,False,True,True,False,False,False,False,True,False,direct_ukraine_financial,excluded,True,"# Executive Summary:

Dell has stable long-term prospects. They are a mature company. If they can tame their balance sheet, they would likely significantly increase their share price through returns to shareholders.  Another possibility is that they try to become private again because Michael Dell only took the company public to finance an acquisition. They are currently trading at a significant margin of safety between 11% (no growth) and 44% (10% growth).

# Introduction:

Dell provides businesses with IT solutions, ranging from traditional infrastructure, cloud infrastructure, hardware, and software. They also provide consultant-like solutions such as management and migratory support. They also have consumer-oriented businesses that offer off the shelf and custom to order PC’s. About half of their revenue is generated in the Americas. They have made a number of large acquisitions, notably EMC (cloud infrastructure/solutions), SecureWorks (IT security), and Virtuestream(Cloud ops). They have operations in 180 countries.

The business is organized into two operating segments, Infrastructure Solutions Group, and Client Solutions Group.

|Group|Client Solutions Group|Infrastructure Solutions Group|
|:-|:-|:-|
|Common functions|Branded hardware, peripherals, third party software support/deployment/configuration, warranties, customer service, financing, build to order.|Cloud Support, Cloud Services(Cloud Ops), Digital transformation&amp; related services, Multi Cloud integration, Cloud native workload solutions.|
|General Description|This includes their PC segment and legacy build to order hardware solutions. Through agreements, they also provide services related to third party software, mostly with integral software on their branded devices.|Offer cloud services, and support businesses adopting cloud services, retain them as customers after, provides reliable recurring revenue. Competes with AWS/Azure Enterprise services as well as infrastructure support providers, oriented towards large enterprise.|

# History:

Dell was founded by Michael Dell in 1984. They produce cell phones, computers, other hardware, and software, but used to do “build to order” enterprise infrastructure, which was especially popular in the internet bubble. Its two divisions are Dell client solutions group (CSG), and Dell infrastructure solutions group (EMC). Dell acquired EMC in 2015 for $67 billion, diversifying into the enterprise software and store industry. They bought Alienware in 2006. The company has traditionally been involved in the enterprise hardware business, specifically developing custom infrastructure. They have a focus on high performance PC’s and custom PC’s. If anything can be taken from their corporate history, it is that the company is not afraid to take dramatic actions to save its skin.

By the late 2000’s the company could not turn profits in the “make to order” business. They decided to shift towards off the shelf consumer and enterprise solutions. They were taken private in 2013 and went public again in 2018. VMWare was owned by EMC, and thus came under the control of Dell. Dell has decided to spin off VMWare, and there is a pending acquisition by Broadcom. The VMWare spinoff was completed in 2021. Michael Dell has been chairman since 1984, and apart from 2004-2007, has been CEO of the company. Kevin Rollins was CEO between 2004-2007, but Michael Dell decided to replace him after 5 quarters of disappointing results.

## Understanding Dell’s business segments:

Dell is organized into two segments. They are the Client Solutions Group and the Infrastructure Solutions Group.

ISG brought in $34 billion last year with $3.7 billion operating income. It accounts for 34% of their business. If we assume that this is mostly attributed to the EMC purchase, we can draw conclusions about the rational of the purchase by looking at current operating results. The return on investment is underwhelming but considering that Dell is in a mature stage of growth, it is positive that such a large investment will, at this rate, pay off in less than 20 years. At the current rate, it appears dell is looking at a long-term horizon of 18-20 years where EMC will have to prove its worth. It is hard to tell, but it is likely that Dell only went public for the second time to aid in the EMC acquisition.

|Year|Operating Income|ROI|
|:-|:-|:-|
|2020|$4.0B|6%|
|2021|$3.7B|5.5%|
|2022|$3.7B|5.5%|

ISG accounts for $14.7 billion of goodwill, a substantial amount obtained from the EMC purchase. In the MRQ, ISG brought in more operating income than CSG despite its significantly lower revenue, an attestation to the profitability Dell enjoys from the still lucrative enterprise solutions business.

They have been able to gradually increase revenue from servers and networking due to improvements in the configurations and technology available to customers.

In the server vendor industry, Dell is a significant player, second only to HPE in market share held by a single company. They have the largest market share in OEM storage systems. Dependence on cloud in the modern business drives growth in this segment. ISG capitalizes on hybrid cloud integrations, as well as public cloud support through hardware and software directly for CSP’s. This is a fast growing and profitable industry, and Dell’s positions as an infrastructure provider creates a barrier to exit for existing clients who integrate their infrastructure with Dell.

CSG brought in the majority of revenue at $61 billion, however it cannot attain the same level of profitability, netting $4.3 billion, still a substantial profit margin. They have $4.2 billion in goodwill. Dell ships the third most PC’s out of all vendors and has been able to keep their market share steady over the past decade. They are consistently able to raise prices in CSG, however they are subject to upstream price pressures, which would see margins significantly decrease in cool economic environments.

In CSG, there is significant competition among many market participants who are deeply entrenched in the industry. No single company has anything close to a majority. CSG is heavily exposed to international markets, especially Taiwan and China, however they have no supply chain exposure to Russia and Ukraine, and Russian/Ukrainian operations account for less than 1% of revenue.

# Segment industry comparison:

The industry average for PC vendors is an 18% average profit margin, well above the 7% Dell has in CSG, which is indicative of the price it pays for scale. They would have trouble improving this value to industry standards without relinquishing their 16.5% market share for a much smaller share, a clear indication of the competitiveness of this industry.

The industry average for cloud/cloud infrastructure providers is less than two percent. This number is slightly misleading, because seasoned providers like Dell, Azure, HPE, and Amazon are grouped together with Startup cloud companies. Among larger, more seasoned cloud infrastructure providers, average profit margins are closer to 14%. ISG’s profit margin is 11%.

# Financial performance:

The financial data only goes back to 2015, however we can look at the figures for Dell EMC from which the financial history for ISG can be inferred.

Dell EMC’s revenue only decreased 5.7% in 2009 but increased by 13.3% in 2010. Their revenue decreased 39% between 2000 and 2002. An implosion similar to the internet bubble would likely produce similar results over the short term, but this should be taken as a floor for shrinkage unless there is some five-sigma event that wreaks havoc in the industry. Profit decreased almost 60% in the same period. If the company has a shaky balance sheet, midterm decreases of 50% can threaten their existence. Given how the company has weathered previous economic downturns and depending on the widespread tech exposure to the economic trends, the company could see losses between 6%-40% in a recession but would not be threatened on the basis of their liquidity in CSG.

Revenue has been exceptional in the past two years. The revenue CAGR is about 12%. Net income was negative before 2019 but has been slightly positive since then.

The company has been teetering around zero equity. As of March second, 2023 (most recent financials), they had liabilities exceeding assets by about $3.03 billion, which is down from minus $1.5 billion the year before. They have a significant cash position of $8.6 billion. Their debt structure is very manageable and spread out over the next 20 years. They have an average of $1 billion a year due except for $4.5 billion due in 2026. 24% of their assets are goodwill, which is not unreasonable for the cash flow it can expect from enterprise clients in the future. If they can control their balance sheet, it would be viable for them to buy back shares. Michael Dell does not like relinquishing control of his company, so this may become reality in the future and he could take the company private.

The quarterly and annual results for 2022 indicate there are hard times to come. They averaged a 2.4% profit margin. Operating cash flows decreased over 60% YoY. Despite this, there has been solid growth in operating cash flows in the past decade due to favorable business conditions, and real growth in a mature client base. The operating cash flows will return when economic conditions ease. Capex has increased with opex, which is mostly attributable to the ISG segment maintenance and expansion.

# Valuation:

In projecting the FCF, we should have two sections, one for the next three years resembling the most recent downturn in financial results, and then for the remainder, returning to more normal financial conditions. We will go with a long-term growth rate equal to their growth in a zero rate environment (12.25%) minus the long term target rate of 2%, discounted by the company cost of capital (10%) plus a long term average risk free rate of 5%. Time horizon of 10 years. With this DCF, we arrive at an **intrinsic value of $38.89 billion**. They have a strong ability to generate cash, and do not have prohibitively high capex. Even with no growth, as long as they can hold their cash flows and keep interest and capex down, they would still be valued at $30 billion. However, there could be significant impairments on the company’s ability to generate cash and raise debt if they cannot get their balance sheet under control.",newly_excluded
11pwdcp,2023-03-13,stocks,Dell research and valuation,Ukraine|Ukrainian|Russia|Russian,available,False,True,True,False,False,True,True,False,False,False,False,True,False,direct_ukraine_financial,excluded,True,"# Executive Summary:

Dell has stable long-term prospects. They are a mature company. If they can tame their balance sheet, they would likely significantly increase their share price through returns to shareholders.  Another possibility is that they try to become private again because Michael Dell only took the company public to finance an acquisition. They are currently trading at a significant margin of safety between 11% (no growth) and 44% (10% growth).

# Introduction:

Dell provides businesses with IT solutions, ranging from traditional infrastructure, cloud infrastructure, hardware, and software. They also provide consultant-like solutions such as management and migratory support. They also have consumer-oriented businesses that offer off the shelf and custom to order PC’s. About half of their revenue is generated in the Americas. They have made a number of large acquisitions, notably EMC (cloud infrastructure/solutions), SecureWorks (IT security), and Virtuestream(Cloud ops). They have operations in 180 countries.

The business is organized into two operating segments, Infrastructure Solutions Group, and Client Solutions Group.

|Group|Client Solutions Group|Infrastructure Solutions Group|
|:-|:-|:-|
|Common functions|Branded hardware, peripherals, third party software support/deployment/configuration, warranties, customer service, financing, build to order.|Cloud Support, Cloud Services(Cloud Ops), Digital transformation&amp; related services, Multi Cloud integration, Cloud native workload solutions.|
|General Description|This includes their PC segment and legacy build to order hardware solutions. Through agreements, they also provide services related to third party software, mostly with integral software on their branded devices.|Offer cloud services, and support businesses adopting cloud services, retain them as customers after, provides reliable recurring revenue. Competes with AWS/Azure Enterprise services as well as infrastructure support providers, oriented towards large enterprise.|

# History:

Dell was founded by Michael Dell in 1984. They produce cell phones, computers, other hardware, and software, but used to do “build to order” enterprise infrastructure, which was especially popular in the internet bubble. Its two divisions are Dell client solutions group (CSG), and Dell infrastructure solutions group (EMC). Dell acquired EMC in 2015 for $67 billion, diversifying into the enterprise software and store industry. They bought Alienware in 2006. The company has traditionally been involved in the enterprise hardware business, specifically developing custom infrastructure. They have a focus on high performance PC’s and custom PC’s. If anything can be taken from their corporate history, it is that the company is not afraid to take dramatic actions to save its skin.

By the late 2000’s the company could not turn profits in the “make to order” business. They decided to shift towards off the shelf consumer and enterprise solutions. They were taken private in 2013 and went public again in 2018. VMWare was owned by EMC, and thus came under the control of Dell. Dell has decided to spin off VMWare, and there is a pending acquisition by Broadcom. The VMWare spinoff was completed in 2021. Michael Dell has been chairman since 1984, and apart from 2004-2007, has been CEO of the company. Kevin Rollins was CEO between 2004-2007, but Michael Dell decided to replace him after 5 quarters of disappointing results.

## Understanding Dell’s business segments:

Dell is organized into two segments. They are the Client Solutions Group and the Infrastructure Solutions Group.

ISG brought in $34 billion last year with $3.7 billion operating income. It accounts for 34% of their business. If we assume that this is mostly attributed to the EMC purchase, we can draw conclusions about the rational of the purchase by looking at current operating results. The return on investment is underwhelming but considering that Dell is in a mature stage of growth, it is positive that such a large investment will, at this rate, pay off in less than 20 years. At the current rate, it appears dell is looking at a long-term horizon of 18-20 years where EMC will have to prove its worth. It is hard to tell, but it is likely that Dell only went public for the second time to aid in the EMC acquisition.

|Year|Operating Income|ROI|
|:-|:-|:-|
|2020|$4.0B|6%|
|2021|$3.7B|5.5%|
|2022|$3.7B|5.5%|

ISG accounts for $14.7 billion of goodwill, a substantial amount obtained from the EMC purchase. In the MRQ, ISG brought in more operating income than CSG despite its significantly lower revenue, an attestation to the profitability Dell enjoys from the still lucrative enterprise solutions business.

They have been able to gradually increase revenue from servers and networking due to improvements in the configurations and technology available to customers.

In the server vendor industry, Dell is a significant player, second only to HPE in market share held by a single company. They have the largest market share in OEM storage systems. Dependence on cloud in the modern business drives growth in this segment. ISG capitalizes on hybrid cloud integrations, as well as public cloud support through hardware and software directly for CSP’s. This is a fast growing and profitable industry, and Dell’s positions as an infrastructure provider creates a barrier to exit for existing clients who integrate their infrastructure with Dell.

CSG brought in the majority of revenue at $61 billion, however it cannot attain the same level of profitability, netting $4.3 billion, still a substantial profit margin. They have $4.2 billion in goodwill. Dell ships the third most PC’s out of all vendors and has been able to keep their market share steady over the past decade. They are consistently able to raise prices in CSG, however they are subject to upstream price pressures, which would see margins significantly decrease in cool economic environments.

In CSG, there is significant competition among many market participants who are deeply entrenched in the industry. No single company has anything close to a majority. CSG is heavily exposed to international markets, especially Taiwan and China, however they have no supply chain exposure to Russia and Ukraine, and Russian/Ukrainian operations account for less than 1% of revenue.

# Segment industry comparison:

The industry average for PC vendors is an 18% average profit margin, well above the 7% Dell has in CSG, which is indicative of the price it pays for scale. They would have trouble improving this value to industry standards without relinquishing their 16.5% market share for a much smaller share, a clear indication of the competitiveness of this industry.

The industry average for cloud/cloud infrastructure providers is less than two percent. This number is slightly misleading, because seasoned providers like Dell, Azure, HPE, and Amazon are grouped together with Startup cloud companies. Among larger, more seasoned cloud infrastructure providers, average profit margins are closer to 14%. ISG’s profit margin is 11%.

# Financial performance:

The financial data only goes back to 2015, however we can look at the figures for Dell EMC from which the financial history for ISG can be inferred.

Dell EMC’s revenue only decreased 5.7% in 2009 but increased by 13.3% in 2010. Their revenue decreased 39% between 2000 and 2002. An implosion similar to the internet bubble would likely produce similar results over the short term, but this should be taken as a floor for shrinkage unless there is some five-sigma event that wreaks havoc in the industry. Profit decreased almost 60% in the same period. If the company has a shaky balance sheet, midterm decreases of 50% can threaten their existence. Given how the company has weathered previous economic downturns and depending on the widespread tech exposure to the economic trends, the company could see losses between 6%-40% in a recession but would not be threatened on the basis of their liquidity in CSG.

Revenue has been exceptional in the past two years. The revenue CAGR is about 12%. Net income was negative before 2019 but has been slightly positive since then.

The company has been teetering around zero equity. As of March second, 2023 (most recent financials), they had liabilities exceeding assets by about $3.03 billion, which is down from minus $1.5 billion the year before. They have a significant cash position of $8.6 billion. Their debt structure is very manageable and spread out over the next 20 years. They have an average of $1 billion a year due except for $4.5 billion due in 2026. 24% of their assets are goodwill, which is not unreasonable for the cash flow it can expect from enterprise clients in the future. If they can control their balance sheet, it would be viable for them to buy back shares. Michael Dell does not like relinquishing control of his company, so this may become reality in the future and he could take the company private.

The quarterly and annual results for 2022 indicate there are hard times to come. They averaged a 2.4% profit margin. Operating cash flows decreased over 60% YoY. Despite this, there has been solid growth in operating cash flows in the past decade due to favorable business conditions, and real growth in a mature client base. The operating cash flows will return when economic conditions ease. Capex has increased with opex, which is mostly attributable to the ISG segment maintenance and expansion.

# Valuation:

In projecting the FCF, we should have two sections, one for the next three years resembling the most recent downturn in financial results, and then for the remainder, returning to more normal financial conditions. We will go with a long-term growth rate equal to their growth in a zero rate environment (12.25%) minus the long term target rate of 2%, discounted by the company cost of capital (10%) plus a long term average risk free rate of 5%. Time horizon of 10 years. With this DCF, we arrive at an **intrinsic value of $38.89 billion**. They have a strong ability to generate cash, and do not have prohibitively high capex. Even with no growth, as long as they can hold their cash flows and keep interest and capex down, they would still be valued at $30 billion. However, there could be significant impairments on the company’s ability to generate cash and raise debt if they cannot get their balance sheet under control.",newly_excluded
11sc1hd,2023-03-15,stocks,"Question on oil prices and today's drop, is it time to buy?",Ukraine|Russia,available,False,True,True,False,False,True,True,False,False,False,False,True,False,direct_ukraine_financial,excluded,True,"I get why oil prices dropped - SVB fallout spiderwebbing throughout the entire market. However, oil hitting a futures level not seen since 2021 seems a little odd, especially considering the Russia/Ukraine fiasco started in 2022 - and that we are not even in May yet (when oil prices typically drop for obvious reasons, only to pick back up again in the fall/winter later that year). 

I am eyeing all the major oil stocks: CVX, SHEL are my top choices because they have usually performed well over the small cap. However I am also eyeing the leveraged oil futures ETF OILU. I seems undervalued - has hit the $31/share level before and does not like to stay that low for long - I see it as a buying opportunity and see it, along with oil futures, going back up soon.",newly_excluded
123f84v,2023-03-27,investing,What are the platforms for investment on the issue of demining in Ukraine?,Ukraine,removed,True,True,False,False,False,True,True,False,False,False,False,True,False,direct_ukraine_financial,excluded,True,[removed],newly_excluded
125v9tc,2023-03-29,StockMarket,"StokApp.com: Buy AeroVironment, Inc. Stock AVAV. They make Kamikaze Switchblade drones that destroy Russians in Ukraine. For more mind blowing investment advice: iStockApp.com",Ukraine,blank,True,True,False,False,False,True,True,False,False,False,False,True,False,direct_ukraine_financial,excluded,True,,newly_excluded
12am6vr,2023-04-03,stocks,"JWN, KSS and M",Ukraine,available,False,True,False,False,False,True,True,False,False,False,False,True,False,direct_ukraine_financial,excluded,True,"When do you see these department store stocks going back up and if you had to pick one which one would you buy? While they historically move similarity, there are some noticeable differences between these three stocks in recent years. KSS almost experienced a takeover/buyout in 2021 but that didn’t happen and the stock has suffered a downturn since. M seems to be doing better since 2019 than the others. JWN is the wildcard which has Ryan Cohen on the team and also there’s the possibility that the family will one day take the company private. 
Short term I see a lot of uncertainty for all three stocks. 
If retail as a whole starts to jump, all three could blow up. That would require changes in the world though- peace in Ukraine and improved rates and inflation. All the stuff that makes people worry and not want to spend money need to go away. 
If retail as a whole continues to suffer, I wonder if any of these is at risk of bankruptcy. They all made it through Covid and made significant improvements to their business model so I don’t think so. But who knows. 

Let me hear your thoughts!",newly_excluded
12kj29l,2023-04-13,StockMarket,"Ukraine’s Zelenskiy Asks Global Leaders to Seize Russian Assets (Or, equivalently: ""Please trigger a US/Euro everything selloff as Chinese investors realise they could be next if TSHTF in Taiwan"") [Bloomberg]",Ukraine|Russian,blank,True,True,True,False,False,True,True,True,False,False,False,True,False,multiple_paths,excluded,True,,newly_excluded
12koky6,2023-04-13,StockMarket,Anyone Can Help Me With Figuring This Out?,Ukraine,available,False,True,False,False,False,True,True,False,False,False,False,True,False,direct_ukraine_financial,excluded,True,"WARNING: This may be an UNETHICAL way to make money so please if you are se derive to the topic please do not interact this is for advice and information only

I been keeping an eye on how much money Canada and US spend on giving Ukraine weapons but I was wondering if there’s any way to actually profit from this, as a investor I understand it may be fucked up but there has to be massive gains from the companies they buy this equipment from meaning:

Finding the company’s they buy the weapons from 

Making sure that those companies are going to sell them to US and CANADA 

Investing in those companies before these countries spend millions of dollars into those companies. 

If anyone knows how to conduct this research or even know the companies please let me know thanks guys",newly_excluded
13c8296,2023-05-08,stocks,"NASDAQ started delisting process for Russian ADRs (YNDX, OZON, HHR and QIWI) on 3/15. Any update that anyone knows of?",Russian,deleted,True,False,True,False,False,True,True,True,False,False,False,True,False,russia_crisis_financial_consequence,excluded,True,[deleted],newly_excluded
13ti0yp,2023-05-27,investing,World Economic Forum on Ukraine,Ukraine,removed,True,True,False,False,False,True,True,False,False,False,False,True,False,direct_ukraine_financial,excluded,True,[removed],newly_excluded
13ti3y8,2023-05-27,investing,World Economic Forum on Ukraine,Ukraine,removed,True,True,False,False,False,True,True,False,False,False,False,True,False,direct_ukraine_financial,excluded,True,[removed],newly_excluded
13ti1ut,2023-05-27,stocks,World Economic Forum on Ukraine,Ukraine,removed,True,True,False,False,False,True,True,False,False,False,False,True,False,direct_ukraine_financial,excluded,True,[removed],newly_excluded
13tlegq,2023-05-27,stocks,Ukrainian recovery and prediction on stocks rising?,Ukrainian,removed,True,True,False,False,False,True,True,False,False,False,False,True,False,direct_ukraine_financial,excluded,True,[removed],newly_excluded
144hgl4,2023-06-08,stocks,Stuck with 363 shares of CIAN (delisted). Help.,Ukraine|Russian,available,False,True,True,False,False,True,True,False,False,False,False,True,False,direct_ukraine_financial,excluded,True,"My money has been stuck for over a year. I have no idea where to begin when it comes to getting it out.

This ticker is apparently a Russian stock. When everything started going down with Ukraine, they delisted it. I was only in it for a day or two, just attempting to go for a quick swing trade. Obviously it didn't work out.

I have a large expense coming up and I would like to get that money out as soon as I can. If anyone knows what steps I can take to sell my shares, let me know please!

Edit: grammar",newly_excluded
14dn3dx,2023-06-19,StockMarket,Blackstones Ukraine investment fund/ETF,Ukraine,removed,True,True,False,False,False,True,True,False,False,False,False,True,False,direct_ukraine_financial,excluded,True,[removed],newly_excluded
14dn1ot,2023-06-19,stocks,Blackstones Ukraine investment fund/ETF,Ukraine,removed,True,True,False,False,False,True,True,False,False,False,False,True,False,direct_ukraine_financial,excluded,True,[removed],newly_excluded
14l86z5,2023-06-28,StockMarket,"Ukrainian Debt is now one of the hottest emerging market investments, with returns of over 30% in the second quarter. Ukraine's $3.2 billion notes due in August 2041 jumped from 27 cents on the dollar in late March to 40 cents this week.",Ukraine|Ukrainian,blank,True,True,False,False,False,True,True,False,False,False,False,True,False,direct_ukraine_financial,excluded,True,,newly_excluded
14vzuiq,2023-07-10,stocks,Which US companies will rebuild Ukraine? Haliburton?,Ukraine,removed,True,True,False,False,False,True,True,False,False,False,False,True,False,direct_ukraine_financial,excluded,True,[removed],newly_excluded
150vfin,2023-07-16,investing,Safest and most liquid way to invest my savings?,Ukraine|Russia,available,False,True,True,False,False,True,True,False,False,False,False,True,False,direct_ukraine_financial,excluded,True,"I'm saving up to buy a house but that's still a few years off unless something unexpected happen. I have 32k just sitting there doing nothing. I had tried investing in stocks but then the whole Russia/Ukraine thing happened and tanked everything and I just hit green and pulled it all back out. (Still expecting a recession) Stocks are too unstable and not liquid enough for me, if I found the right place I could afford I would have had to take a huge loss to get that cash. Any ideas besides a savings account? 

&#x200B;

Like I was saying, I'd like the option to quickly pull that money out and be able to use it without having to take a huge loss.",newly_excluded
151vop2,2023-07-17,stocks,What will the fall of Ukraine do to the stock market?,Ukraine|Russia,available,False,True,True,False,False,True,True,False,False,False,False,True,False,direct_ukraine_financial,excluded,True,"Been reading lately and Russia has a claw grip on Ukraine. What will this do to the stock market? WIll inflation, gas prices, etc start to go up again? Will the fear that Russia will try to take over another country make the US stock market go down?",newly_excluded
1546tku,2023-07-19,investing,Russia - Ukraine Grain Deal,Ukraine|Russia,available,False,True,True,False,False,True,True,False,False,False,False,True,False,direct_ukraine_financial,excluded,True,"So the grain deal where Russia has allowed Ukraine to ship grain out of Ukraine through the port of Odessa has been terminated, which means Ukraine, a large supplier of corn and wheat can no longer bring it's commodities to the market through the black sea. I'm wondering what this will do to price of corn and wheat, and on what timetable. Are there any people that are knowledge in commodities trading that have any insight here. ",newly_excluded
15fclre,2023-08-01,investing,Advise a good investment site in Canada,Ukraine,available,False,True,False,False,False,True,True,False,False,False,False,True,False,direct_ukraine_financial,excluded,True,"Hi. I want to start investing. I’m a migrant from Ukraine living in Canada, and I don’t know what sites can be used to invest in stocks, goods, energy and so on. I also heard that investment sites in Canada are paid... I will be glad to receive your advice, thank you",newly_excluded
166zuv3,2023-09-01,stocks,El Nino is here,Ukraine,available,False,True,False,False,False,True,True,False,False,False,False,True,False,direct_ukraine_financial,excluded,True,"So I was listening to the economist podcast on El Nino and that made me spend a few minutes googling on the last El Nino

I am considering betting on some cereal ETFs, as there might be a convergence of factors (oil price, El Nino, Ukraine) that might cause price increases again

Anyone got any thoughts on how to potentially profit from el Nino Over the next year?",newly_excluded
16e5c71,2023-09-09,investing,Financing for investing/exporting to Ukraine,Ukraine,removed,True,True,False,False,False,True,True,False,False,False,False,True,False,direct_ukraine_financial,excluded,True,[removed],newly_excluded
16yi47b,2023-10-03,investing,How does interactive brokers handle dual citizenship,Ukrainian,available,False,True,False,False,False,True,True,False,False,False,False,True,False,direct_ukraine_financial,excluded,True,"I have a Ukrainian citizenship and have an account on interactive brokers, and thinking on getting a Romanian citizenship as well. 
How will my relationship with IB change? Do I need to report a second citizenship, will I be forbidden to invest in US ETFs because of my EU citizenship (under EU rules non-qualified EU investors cannot do that)?",newly_excluded
17g4co1,2023-10-25,investing,market crash: ukraine/israel,Ukraine,removed,True,True,False,False,False,True,True,False,False,False,False,True,False,direct_ukraine_financial,excluded,True,[removed],newly_excluded
17jkf1u,2023-10-30,stocks,Why aren't defense stocks really taking off?,Ukraine,available,False,True,False,False,False,True,True,False,False,False,False,True,False,direct_ukraine_financial,excluded,True,"I am not really familiar with the defense industry so with Ukraine I thought that it should be an opportunity.  So I dipped my toe and bought some XAR.  It has been fairly steady but with Israel it has started to move.  Thinking that maybe I should be looking at the stocks, I have been following a few.  GD popped a bit after earnings which also coincided with the 6th.  LMY, NOC and RTX started to move on the 6th as I would have thought.  Any thoughts, insights, etc.",newly_excluded
181eqtc,2023-11-22,StockMarket,A global nuclear renaisance in progress. While the global uranium supply is in a structural deficit that can't be solved in a year time. And the uranium mine share prices (and Uranium sector ETFs) have some serious catching up to do compared to the uranium price - Why?,Ukrainian|Russia,available,False,True,True,False,False,True,True,False,False,False,False,True,False,direct_ukraine_financial,excluded,True,"Hi everyone,

**We have a clear break out in the uranium spotprice!**

**Around 22h on November 21, 2023 US Nuclear Fuel Broker published a new uranium spotprice of 81,25 USD/lb**

[Source: Evolution Markets posted by Patrick Downes](https://preview.redd.it/mlhzxm0tnx1c1.jpg?width=572&format=pjpg&auto=webp&s=f804b962f44bc597d4d26b9ff6e8f699576173fa)

**Uranium spotprice chart from Numerco, uranium spotprice is already above 81 USD/lb**

[Source: Numerco website](https://preview.redd.it/h0mld263ox1c1.jpg?width=605&format=pjpg&auto=webp&s=4b288b46bdf6a4f80168936debd75fbd6d148810)

It takes time before such information reaches the broader group of investors.

It's not like gold or copper price that everyone sees immediately.

Kitco Metals for instance only updates their uranium price once a week. Until yesterday Kitco Metals  showed 74 USD/lb. And today (Wednesday) they just updated the uranium price to the uranium price of Monday morning, 80,25 USD/lb. But in reality we already are at 81+ USD/lb.

[Source: Kitco Metals](https://preview.redd.it/td4ezo2hox1c1.png?width=500&format=png&auto=webp&s=bb9937f0a9854d3701a44995410542d8d495146d)

**How come?**

https://preview.redd.it/l4zq31i2px1c1.jpg?width=1103&format=pjpg&auto=webp&s=f3dd049bddd6ae20a9ee0672083d27c836f3155e

The big producers are short uranium. Cameco, Kazatomprom, Orano, ... sell more uranium to clients annually than they can produce annually! By consequence they have to buy additional uranium in the spotmarket, while the uranium available for transactions through the spotmarket is getting more scarce.

**The uranium spotmarket is in a situation of:** 

**“The highest bidder will get the remaining pounds of uranium, the others will be left without”**

The uranium market is in a structural global deficit and it can’t be solved in 12 months time.

**In fact, the Total amount uranium needed for short term delivery is much  bigger than the Total amount uranium available for short term delivery, while uranium demand is price inelastic.**

https://preview.redd.it/gp6cz7nuox1c1.jpg?width=926&format=pjpg&auto=webp&s=cf3997245ad429466c16524da4f1bea0ecba1901

https://preview.redd.it/geie9ioxox1c1.jpg?width=941&format=pjpg&auto=webp&s=59bb5db9ddb850e01e5b91facf9158ed56d3e456

October 24th, 2023: Goehring & Rozencwajg: ""Uranium at Inflection Point, Will Get Completely Out of Hand"": [https://blog.gorozen.com/blog/uranium-market-update-forecas](https://blog.gorozen.com/blog/uranium-market-update-forecast)

&#x200B;

**But what about the evolution of global nuclear fleet?**

Early 2007: 435 operable reactors worldwide (total running reactors: 368,860Mwe), 28 reactors under construction and 64 reactors planned.

Today: 436 operable reactors worldwide (total running reactors: 364,586Mwe (391k -27k)), 61 reactors under construction and 112 reactors planned.

Source: World nuclear association

Those 27k Mwe are from remaining 22 Japanese reactors not restarted yet + 6 Ukrainian reactors.

Japan already restarted 11 of the 33 operable Japanese reactors and want to restart the remaining 22 reactors faster now = Unexpected additional  uranium demand.

All German reactors are closed today, Germany can’t close them twice

The last 2 years many countries did a U-turn in favor of nuclear power (South Korea, France, Sweden, Belgium, The Netherlands, California, ...) which resulted in unexpected licence extensions of many existing reactors and new plans to build new reactors in the future.

The licence extensions (France, Belgium, Spain, South Korea, California,  ...) of existing reactors have an immediat impact on the uranium demand.

And India and China are massively building new reactors! Others building reactors are Turkey, Russia, Egypt, ...

China builds reactors on time and close to budget

Today China has 55 reactors running and 25 under construction,but only \~4.9Mlbs domestic uranium prod = Huge supply insecurity for China, so China is rushing to buy all uranium they can get before western utilities rush into the sector to restock and to renew their old LT  contracts.

And the global uranium supply isn’t ready for this, while it already is a structural global uranium supply deficit.

&#x200B;

**If interested:**

To get direct exposure to the commodity: Sprott Physical Uranium Trust (U.UN and U.U on TSX, SRUUF on US stockexchange) or Yellow Cake (YCA on London Stock exchange)

To get exposure to the uranium miners and their leverage to the commodity price: URNM etf, URA etf, URNJ etf, HURA etf, GCL etf

&#x200B;

**The uranium ETFs have some catching up to do compared to the performance of the commodity:**

[Source: Yahoo finance](https://preview.redd.it/w6xx2yaapx1c1.jpg?width=1404&format=pjpg&auto=webp&s=20a59ef24aedcd79ed8962fbc0abd46cb4694360)

Why using July 13th 2021 as starting point?

Because Sprott Physical Uranium Trust was launched in July 2021, through the takeover of Uranium Participation. And Sprott Physical Uranium Trust started to buy uranium in July 2021.

So the chart before July 2021 was the predecessor Uranium Participation, not Sprott Physical Uranium Trust

&#x200B;

\- Sprott Uranium Miners etf (URNM): well diversified uranium sector etf 100% invested in the uranium sector. [https://sprottetfs.com/urnm-sprott-uranium-miners-etf/](https://sprottetfs.com/urnm-sprott-uranium-miners-etf/)

\- URA etf: well diversified uranium sector etf 70% invested in the uranium sector.

\- URNJ etf: well diversified junior uranium mines etf 100% invested in the junior uranium mines.

&#x200B;

**This isn't financial advice. Please do your own DD before investing**

Cheers",newly_excluded
18gkrt0,2023-12-12,StockMarket,Buying Russian ADRs and GDRs,Russian,removed,True,False,True,False,False,True,True,True,False,False,False,True,False,russia_crisis_financial_consequence,excluded,True,[removed],newly_excluded
18stmtk,2023-12-28,StockMarket,What I'm watching in premarket 28/12. I have also included some analysis on what the option data is saying with regards to oil prices and more.,Ukraine,available,False,True,False,False,False,True,True,False,False,False,False,True,False,direct_ukraine_financial,excluded,True,"**Analysis**  
Yesterday, we saw EURUSD reach 1.11 as was predicted in my post on Monday and Tuesday. This was driven by a sharp sell off in DXY. We had also noted in yesterday’s post that risk reversal and credit swaps were signalling that this was likely to happen. Traders are positioned short on dollar.   
**OIL:**

* What’s interesting though, is that with the dollar selling off, usually we would see Oil rising. After all, we saw Gold rise to new all time highs yesterday. Furthermore, there is also the added complication of oil supply chain route complications through the Red Sea, with BP blocking their ships through the route. This should all be bullish for oil, but instead we saw oil sell off, and is lower again in premarket.   

* If we look at option positioning on crude, we can see why. We can see traders continue to sell OTM calls and are buying Puts on Brent. This is pressuring oil lower.  (See below where we see the white and red lines diverge)  

* [https://imgur.com/a/iOagLtg](https://imgur.com/a/iOagLtg)    

* Oil has now failed to break out fo the downward channel, and has now price corrected back into it. We can see it likely that it tries to come back to test 67 before moving higher in short term.   


***Tomorrow, I will do more analysis on TLT and Bond yields, with the 10 year at lows since July.***   


**What happened yesterday and my thoughts?**

* On the whole was a flat trading day, where the range of the whole day was just 15 points. We moved slightly higher to 4781, closing in on the 4800 level.   

* The main volatility was seen in DXY, selling off sharply as signalled in my post yesterday. This was mostly the result of options positioning, although very weak manufacturing data didn’t help. This is expected to continue, subject to the jobless data today.   

* 4800 will probably be in play today. We will likely test it, and can move as high as 4818.   
The Santa Claus rally has been muted thus far, moving just 0.8% higher since December 22nd, but that’s what you’d expect after SPX has moved 16% higher since October lows.   


**———— DATA LEDE ———-**  


* JAPAN - Retail sales. 
* Came 5.3% YOY vs expectations of 5%. Last month’s read was 4.1%
* Note: last month’s read was a bit of an anomaly, lower than previous readings. The return to 5.3% this month therefore is a reversion to the mean. 
* Yen higher on this, strength of Japanese economy.   

* US - Jobless claims - Expectation for it to come out slightly under forecast, due to Holiday seasonality. Having said that, positioning on DXY is set up for more sell off.   


**——— FX ———**  


* Dollar is being crushed, sits below 101 on DXY. Will be getting pulled towards 100, depending on Jobless claims. It’s not finding any support and there’s not much there to help it do a reversal.   

* Yen higher on Japanese Retail sales.   

* CHF continues to pump vs pretty much everything, based on the different monetary policy expectations of the SNB vs ECB and Fed.   

* Euro is flat, whilst most other currencies are lower. The added support EUR is seeing is based on the hawkish comments from Holzmann.   


**—— MARKETS ——**  


* BONDS - paring some of the losses from yesterday, but bond yields fell sharply yesterday. This is likely to continue.   

* OIL - Lower in premarket, as described earlier in my post.   

* HKG & China - pumped, up 2.7%. Finally got a bit of a kick, following US markets higher. Part result of PBOC quarterly monetary policy meeting, and china relaxing some of their gaming regulations that they threatened last week.   

* SPX - Flat in premarket.   


**—-— INSTITUTIONAL RESEARCH ——**   


* State Street Global put out a piece where they concluded that, US resilience aside, global growth is slowing. They showed global growth forecasts for Q2 2024 at 2%, which would be the lowest level since 2008, and before that 2000 (excluding the short covid blip). They used this to argue that corporate earnings at globally reaching firms would be lower next year.   

* MUFG reach same conclusion as BBH yesterday that there is no fundamental trigger to stop dollar from continuing weakening trend into year end.   


**——— mag 7 ———**  


* MSFT - Wedbush raised its price target on MSFT to 450 from 425. Maintains outperform (20% above spot)  

* AAPL - Resume selling watches today in retail stores, after the import ban was paused by US appeals court. Reversed small losses yesterday on the news.   

* META - WEdbush raised price target on META to 420 from 350.   

* TESLA - Musk says you will soon be able to use the cyBERTRUCK as a boat using a “mod package”.  

* NFLX - Price target raised to 525 from Keybanc, maintained overweight. (7% above spot)  


**——— COMPANY SPECIFIC ————**  


* OIL STOCKS LOWER IN PREMARKET, TRACKING OIL PRICE.   

* CHINESE STOCKS HIGHER AS HKG50 RISES 2.7%   

* LTHM - price target raised to 20 from Mizuho, thats 11% above spot  

* Toyota - their Daihatsu unit could face $700m in losses, as scandal halts factories. Losses stemming from safety test scandal.  

* XIaomi - China’s Xiaomi launches its first EV, as it looks to compete with Porsche and Tesla. This is not great news for Nio and Xpeng either.   

* PENN - top Penn holder is seeking board seats  

* BIDU - their AI product, Ernie Bot, now has over 100m users.   

* JD - is planning pay hikes for staff, in face of competition, as they seek to hold onto workers.   

* SQM - up as they ink MoU with Codelco for development of Salar de Atacama, from 2025 to 2060  

* Levi - COO sells $700k worth of stock - insider selling  


**——— OTHER NEWS ———**  


* ECB’s Holzmann talks, saying that he thinks it is premature to think about rate cuts. He said there is no guarantee rates will be cut in 2024.  Little reaction in market, people aren’t buying it. Euro more or less flat, is higher against the dollar.   

* PBOC excerpts from Quarterly monetary policy meeting: will step up monetary easing, and maintain sufficient liquidity. Will increase financial support to enterprises and institutions. Will stimulate more private investment - bullish for Chinese markets but realistically, we’ve heard this before, and have seen little action follow.   

* Markets are now pricing in 5.87 rate cuts next year.   

* UK economy forecasts suggest that the UK economy is set to avoid a recession. This is a boost for Rishi Sunak (Prime minister) who is under pressure.   

* China’s Finance minister says that China will face more opportunities than challenges in 2024.   

* US provide up to $250m more in arms and equipment to Ukraine.   

* 50% of ships that normally commute via Red Sea are now avoiding the route.   

* Trump says he wants to end tax exemptions for left leaning universities if voted in Next year.  

* Short sellers are down over $145b this year, as per Reuters  

* House price in US rose for a 9th straight month, as per Bloomberg.   

* The cost of grain, that feeds the world, hits a new 15 year high.   

* Astra Zeneca acquistino of Chinese biotech firm, Gracell Biotech, was considered Momentous by BTIG, as is first time a multinational took over a chinese biotech firm.   
",newly_excluded
18stkzr,2023-12-28,stocks,Everything I'm watching in premarket 28/12 including analysis of Oil and FX.,Ukraine,available,False,True,False,False,False,True,True,False,False,False,False,True,False,direct_ukraine_financial,excluded,True,"**Analysis**  
Yesterday, we saw EURUSD reach 1.11 as was predicted in my post on Monday and Tuesday. This was driven by a sharp sell off in DXY. We had also noted in yesterday’s post that risk reversal and credit swaps were signalling that this was likely to happen. Traders are positioned short on dollar.   
**OIL:**

* What’s interesting though, is that with the dollar selling off, usually we would see Oil rising. After all, we saw Gold rise to new all time highs yesterday. Furthermore, there is also the added complication of oil supply chain route complications through the Red Sea, with BP blocking their ships through the route. This should all be bullish for oil, but instead we saw oil sell off, and is lower again in premarket.   

* If we look at option positioning on crude, we can see why. We can see traders continue to sell OTM calls and are buying Puts on Brent. This is pressuring oil lower.  (See below where we see the white and red lines diverge)  

* [https://imgur.com/a/iOagLtg](https://imgur.com/a/iOagLtg)    

* Oil has now failed to break out fo the downward channel, and has now price corrected back into it. We can see it likely that it tries to come back to test 67 before moving higher in short term.   


***Tomorrow, I will do more analysis on TLT and Bond yields, with the 10 year at lows since July.***   


**What happened yesterday and my thoughts?**

* On the whole was a flat trading day, where the range of the whole day was just 15 points. We moved slightly higher to 4781, closing in on the 4800 level.   

* The main volatility was seen in DXY, selling off sharply as signalled in my post yesterday. This was mostly the result of options positioning, although very weak manufacturing data didn’t help. This is expected to continue, subject to the jobless data today.   

* 4800 will probably be in play today. We will likely test it, and can move as high as 4818.   
The Santa Claus rally has been muted thus far, moving just 0.8% higher since December 22nd, but that’s what you’d expect after SPX has moved 16% higher since October lows.   


**———— DATA LEDE ———-**  


* JAPAN - Retail sales. 
* Came 5.3% YOY vs expectations of 5%. Last month’s read was 4.1%
* Note: last month’s read was a bit of an anomaly, lower than previous readings. The return to 5.3% this month therefore is a reversion to the mean. 
* Yen higher on this, strength of Japanese economy.   

* US - Jobless claims - Expectation for it to come out slightly under forecast, due to Holiday seasonality. Having said that, positioning on DXY is set up for more sell off.   


**——— FX ———**  


* Dollar is being crushed, sits below 101 on DXY. Will be getting pulled towards 100, depending on Jobless claims. It’s not finding any support and there’s not much there to help it do a reversal.   

* Yen higher on Japanese Retail sales.   

* CHF continues to pump vs pretty much everything, based on the different monetary policy expectations of the SNB vs ECB and Fed.   

* Euro is flat, whilst most other currencies are lower. The added support EUR is seeing is based on the hawkish comments from Holzmann.   


**—— MARKETS ——**  


* BONDS - paring some of the losses from yesterday, but bond yields fell sharply yesterday. This is likely to continue.   

* OIL - Lower in premarket, as described earlier in my post.   

* HKG & China - pumped, up 2.7%. Finally got a bit of a kick, following US markets higher. Part result of PBOC quarterly monetary policy meeting, and china relaxing some of their gaming regulations that they threatened last week.   

* SPX - Flat in premarket.   


**—-— INSTITUTIONAL RESEARCH ——**   


* State Street Global put out a piece where they concluded that, US resilience aside, global growth is slowing. They showed global growth forecasts for Q2 2024 at 2%, which would be the lowest level since 2008, and before that 2000 (excluding the short covid blip). They used this to argue that corporate earnings at globally reaching firms would be lower next year.   

* Apollo global management note that financial conditions are easier today than when he Fed started raising rates, driven by equity prices. They said that this relationship should not be the case, and used this to argue that equity prices are overvalued. Note that Apollo is a long term bear and this kind of analysis is not uncommon for them.   

* MUFG reach same conclusion as BBH yesterday that there is no fundamental trigger to stop dollar from continuing weakening trend into year end.   


**——— mag 7 ———**  


* MSFT - Wedbush raised its price target on MSFT to 450 from 425. Maintains outperform (20% above spot)  

* AAPL - Resume selling watches today in retail stores, after the import ban was paused by US appeals court. Reversed small losses yesterday on the news.   

* META - WEdbush raised price target on META to 420 from 350.   

* TESLA - Musk says you will soon be able to use the cyBERTRUCK as a boat using a “mod package”.  

* NFLX - Price target raised to 525 from Keybanc, maintained overweight. (7% above spot)  


**——— COMPANY SPECIFIC ————**  


* OIL STOCKS LOWER IN PREMARKET, TRACKING OIL PRICE.   

* CHINESE STOCKS HIGHER AS HKG50 RISES 2.7%   

* LTHM - price target raised to 20 from Mizuho, thats 11% above spot  

* Toyota - their Daihatsu unit could face $700m in losses, as scandal halts factories. Losses stemming from safety test scandal.  

* XIaomi - China’s Xiaomi launches its first EV, as it looks to compete with Porsche and Tesla. This is not great news for Nio and Xpeng either.   

* PENN - top Penn holder is seeking board seats  

* BIDU - their AI product, Ernie Bot, now has over 100m users.   

* JD - is planning pay hikes for staff, in face of competition, as they seek to hold onto workers.   

* SQM - up as they ink MoU with Codelco for development of Salar de Atacama, from 2025 to 2060  

* Levi - COO sells $700k worth of stock - insider selling  


**——— OTHER NEWS ———**  


* ECB’s Holzmann talks, saying that he thinks it is premature to think about rate cuts. He said there is no guarantee rates will be cut in 2024.  Little reaction in market, people aren’t buying it. Euro more or less flat, is higher against the dollar.   

* PBOC excerpts from Quarterly monetary policy meeting: will step up monetary easing, and maintain sufficient liquidity. Will increase financial support to enterprises and institutions. Will stimulate more private investment - bullish for Chinese markets but realistically, we’ve heard this before, and have seen little action follow.   

* Markets are now pricing in 5.87 rate cuts next year.   

* UK economy forecasts suggest that the UK economy is set to avoid a recession. This is a boost for Rishi Sunak (Prime minister) who is under pressure.   

* China’s Finance minister says that China will face more opportunities than challenges in 2024.   

* US provide up to $250m more in arms and equipment to Ukraine.   

* 50% of ships that normally commute via Red Sea are now avoiding the route.   

* Trump says he wants to end tax exemptions for left leaning universities if voted in Next year.  

* Short sellers are down over $145b this year, as per Reuters  

* House price in US rose for a 9th straight month, as per Bloomberg.   

* The cost of grain, that feeds the world, hits a new 15 year high.   

* Astra Zeneca acquistino of Chinese biotech firm, Gracell Biotech, was considered Momentous by BTIG, as is first time a multinational took over a chinese biotech firm.   
",newly_excluded
18v9w9a,2023-12-31,investing,What should I do with my money?,Ukraine,available,False,True,False,False,False,True,True,False,False,False,False,True,False,direct_ukraine_financial,excluded,True,"Hello all, I’m from Ukraine and I would like to invest into something. I was thinking of real estate somewhere where it is reliable. I have cash. Currently thinking of investing around €1,000,000. Not necessarily in one building, maybe multiple flats? Maybe in different countries? I was thinking UAE ideally but I’m not sure if I can buy with cash. Perhaps Poland would be best as its closest to me. I also travel and spend a lot of my time in Malta as I have a few houses and flats there so I could invest somewhere not far away from there. Problem is I sold a business and got slightly more since I accepted cash, now I don’t know what to do since most countries in EU require declaration and apparently the document of the sold business isn’t enough and they need more proof from where the money came from. I’d appreciate any financial advice.",newly_excluded
