id,date_utc,subreddit,title,selftext,matched_search_keywords,review_group
kps9fq,2021-01-03,StockMarket,trading212 alternative for EUROPE,"So t212 is adding fees which I don't like, as I like all things free.

Now  I'm looking for another trading app.

Some of the other apps I use or know :

1. Revolut - russian, it's a joke to keep investments in revolut.

2. Etoro - I don't like the app, plus no dark mode.

PS: american people spare me with your apps, I'm from the other continent that most of you don't know where it is on the map.",Russia|Russian,Russia_Russian_only
kyz6r3,2021-01-17,StockMarket,[Serious] Russian investors needed,[deleted],Russia|Russian,Russia_Russian_only
lfaqh1,2021-02-08,stocks,Ideas for Russian stocks?,"Hi everyone, I was looking at the CAPE ratio of each country and saw how relatively cheap Russia and South America are right now. Obviously there are risks associated with this cheapness but I still am interested in trying to diversify in at least Russia. (I like to follow the be greedy when others are fearful saying as I think a lot of fear is excessive and the market overreacts in both directions)
I was looking at some ETFs but they all had an expense ratio of 0.6% or more so I was thinking I could just buy a basket of individual stocks since the ETFs only had around 15 holdings anyway.
Currently I’m looking at SBRCY, OGZPY, and LUKOY. When I put them into a DCF model they seem very undervalued at least compared to US stocks. Does anyone who has experience in Russian stocks have any stock suggestions or just words of advice for someone trying to get into the space? Thanks",Russia|Russian,Russia_Russian_only
npxkx3,2021-06-01,investing,Assessment of the Uranium Market and Future Outlook (long post),"For the past few weeks, I've been doing a deep dive into the uranium market to learn more about it and thought I'd share the results. This post is an abridged version of a longer report (with charts!) that you can find as a PDF below.

Uranium bulls will already be familiar with pretty much everything I cover, so this is designed to be a comprehensive, well-sourced introduction to the fundamentals of the uranium market and an assessment of the bull thesis that an imminent supply shortage will drive up the spot price of uranium and initiate a new long-term contracting cycle between mining companies and utilities. I hope some of you find this helpful in your own research.

[PDF link](https://pdfhost.io/v/61x7l6B9E_Assessment_of_the_Uranium_Market_and_Future_Outlook.pdf)

# Assessment of the Uranium Market and Future Outlook

**Disclaimer and disclosure:** I am not a financial advisor and none of the below research constitutes investment advice or a recommendation to buy or sell. Always do your own due diligence. I currently have small positions in some of the securities mentioned.

**Note:** Any constructive criticism to improve this DD would be welcome. If you see any red flags or risks I may have missed, please highlight them.

# Highlights

* After a decade-long bear market spurred by the 2011 Fukushima nuclear disaster, positive sentiment of uranium and nuclear energy is improving. The construction of new reactors is on the rise, particularly in Asia, and nuclear energy is increasingly seen as essential to helping countries meet their decarbonization targets.
* After Fukushima, uranium supply flooded the market and demand fell, particularly in Japan and Germany, leading to low uranium prices for years. In response to these tough market conditions, mining companies have scaled back production in an attempt to balance a market saturated with the metal. Low uranium prices have also prevented miners from committing to large-scale investments in new mining projects, resulting in uncertainty in future supply.
* Uranium is primarily sold not on the open market but through private, long-term contracts. But given an oversupply of uranium and cheap prices on the spot market, contracted volume has been low for several years as utilities and reactor operators draw on the secondary supply, such as purchasing on the spot market, to make up the deficit between what is delivered through older contracts and what reactors require to keep running.
* But as the secondary supply dwindles and miners maintain production discipline, utilities will face a projected supply shortage and will eventually be incentivized to enter into long-term contracts at higher prices. Furthermore, recent physical uranium purchases from junior miners and investment funds—a new development for the market—signal growing investor interest in the metal and put additional pressure on a limited supply.
* Optimistic investors, market analysts, and industry CEOs largely believe the bear market is ending and a new uranium bull market is emerging. They predict that in the coming decade, demand is set to grow as supply tightens, and as a result, uranium prices will rise (indeed, *must* rise) to incentivize new mining production and fill demand.

# Introduction

This report examines the current uranium market and the thesis that, as demand for nuclear energy grows and supply dwindles, utilities will have to sign new long-term contracts for uranium delivery, causing the price of uranium to increase and initiate a new bull market. While this report covers the uranium market, the politics of nuclear energy, and upcoming catalysts, it does not analyze any specific uranium stocks nor does it recommend any particular investment strategies.

Like most mineral commodity markets, uranium has a history of volatility and typically moves with supply and demand as well as geopolitical forces. For context, in 2017, the world’s top uranium producers were Kazakhstan (39% of world production), Canada (22%), and Australia (10%) with Namibia, Niger, and Uzbekistan playing smaller roles in the market. The largest and most significant uranium [exploration and mining companies](https://www.world-nuclear.org/information-library/nuclear-fuel-cycle/mining-of-uranium/world-uranium-mining-production.aspx) include state-owned Kazatomprom (22% of world production), France’s Orano (11%), Cameco (9%), Uranium One (8%), and CNNC (7%). Finally, the [most productive uranium mine](https://world-nuclear.org/information-library/nuclear-fuel-cycle/mining-of-uranium/uranium-mining-overview.aspx) is Cigar Lake in Canada (owned by Cameco/Orano with 13% of world production). Notably, Cameco’s McArthur River mine, the world’s largest high-grade uranium deposit, was placed under care and maintenance in 2018 due to low uranium prices.

Before uranium can be used as fuel in nuclear reactors, it goes through a process known as the front end of the nuclear fuel cycle where the uranium is (1) mined and milled into U3O8 (also known as yellowcake, a uranium concentrate powder), (2) converted into UF6, (3) enriched, and then (4) fabricated into fuel. This process is time-consuming and geographically spread out; over the course of 1-2 years, uranium might be mined in Canada, converted and enriched in France, and sent to fuel a reactor in the United States, and utility inventories of uranium might be spread out along this cycle with only a small portion of it immediately ready to fuel a reactor.

# Sentiment on Nuclear Energy

As [one article](https://www.fool.com/investing/2021/05/14/is-denison-mines-stock-a-buy/) puts it, “nuclear power has been something of an unloved stepchild in the energy sector.” Indeed, since the 2011 Fukushima Daiichi nuclear disaster, public opinion has been focused on safety and environmental concerns. In Europe, Germany has reduced their number of reactors from [17 to 6](https://world-nuclear.org/information-library/country-profiles/countries-g-n/germany.aspx) (and the remaining six are scheduled to be decommissioned by the end of 2022), with the German public broadly opposed to constructing new reactors. In the U.S., according to the Nuclear Regulatory Commission as of November 2019, there were [23](https://www.eia.gov/energyexplained/nuclear/us-nuclear-industry.php) nuclear power reactors in various stages of decommissioning, with only two new reactors being built.

So is nuclear energy on its way out? Probably not.

In France, where 56 reactors operate, officials recently [extended](https://www.yahoo.com/entertainment/france-extend-lifetime-old-nuclear-102331515.html) the 40-year lifespan of nuclear plants an additional 10 years. In March, China released its 14th 5-year plan, which [aims](https://www.power-technology.com/news/industry-news/china-five-year-plan-three-points-nuclear-coal-energy-efficiency/) for 70GW of power generation through nuclear energy before 2025 (it hit 51GW in 2020), and the country is currently [building](https://world-nuclear.org/information-library/country-profiles/countries-a-f/china-nuclear-power.aspx) 16 new reactors to meet this goal. In India, 9 new reactors are under construction. In the U.S., described in more detail below, the Biden administration has adopted a positive stance towards nuclear energy, and some U.S. reactors are starting to [receive](https://www.powermag.com/nrc-issues-first-subsequent-license-renewals-extends-nuclear-reactor-life-to-80-years/) license renewals to operate beyond their original lifespan. Nuclear energy, though it can be controversial even among some experts, is increasingly seen as [essential](https://e360.yale.edu/features/why-nuclear-power-must-be-part-of-the-energy-solution-environmentalists-climate) to meeting decarbonization targets. Overall, the number of new reactors is expected to outpace shutdowns, and as a result, the demand for uranium is projected to increase 1-3% per year in the coming decades.

# Market Overview

Global demand for uranium rose from the 1950s through the 1970s, largely driven by nuclear weapons procurement programs. Then, in the 1980s, various environmental, safety, and economic concerns over nuclear power plants reduced demand; at the same time, the market was flooded with excess uranium, and prices remained depressed throughout the 1990s. As uranium prices fell, producers began curtailing operations or exiting the business entirely, leaving only a few actively involved in uranium mining and causing uranium inventories to shrink significantly.

Uranium prices reached an all-time low in 2001, costing about $7/lb. This was followed by a period of gradual rise (during which three mines either flooded or suffered extreme weather, tightening supply and causing the price to increase further), followed by a bubble culminating in mid-2007, during which the price peaked at around $137/lb. The higher price during the bubble spurred new prospecting and reopening of old mines.

The Fukushima nuclear disaster in March 2011, however, sparked renewed fears about the safety of nuclear reactors and set in motion a decade-long bear market. Demand fell as Japan took all of their reactors offline, and prices ultimately reached a low of around $18/lb. in November 2016 before hitting about $29/lb. in April 2021. The low price of uranium has caused some mining companies to leave the business entirely, such as Westwater Resources (previously Uranium Resources); by [some estimates](http://uraniumequities.com/uranium-reports/2018/10/Canaccord-Uranium-Time-U-Move.pdf), there were nearly 600 uranium mining companies in 2011, but today there are only about 50.

Significantly, prices still remain far below the [$50-$60/lb.](https://www.urnmetf.com/posts/uranium-prices-inflection-point) figure often cited as the all-in cost of production (though some companies can produce for much cheaper), and as long as the spot price remains below the cost of production, mining companies will lack incentive to add more uranium to the market, invest in new mines, or engage in higher-cost production. (Some sources distinguish between the all-in cost of production, which Canada’s [Skyharbour Resources](https://skyharbourltd.com/projects/uranium-projects/uranium-overview/) estimates at around $40/lb., and the “incentive price,” estimated at $50-$60/lb., needed to spur meaningful new production.)

As a result of weak uranium prices and in an effort to reduce available supply, mining companies have strategically cut back on uranium production over the last few years. According to the [WSJ](https://www.wsj.com/articles/why-uranium-miners-glow-is-temporary-1512508637?mod=article_inline), in 2017 both Kazatomprom and Cameco, two of the three largest mining companies, reduced or suspended production at uranium mines, and other high-cost mines have been idled or closed down. Further, mines can take more than a decade to plan, build, and begin operation, but low uranium prices make these kinds of large long-term investments financially unsound. As Cameco put it in their [Q1 2021 earnings call](https://s3-us-west-2.amazonaws.com/assets-us-west-2/quarterly/CCO-transcript-2021-Q1-call.pdf), “Given the timelines it takes, we should be investing now to replace that lost production, but at today’s prices, that makes zero sense.” As a result, over the last few years, production of mined uranium (i.e., the primary supply) has not kept up with demand, and utility companies have had to purchase uranium from secondary sources such as the spot market, stockpiles, re-enriched depleted uranium tails, and ex-military weapons-grade uranium to keep their reactors going.

The vast majority of uranium is not sold on the open market but through private, long-term contracts between buyers (usually utility companies) and sellers (usually mining companies) with delivery typically beginning about two years after the signing of the contract. In addition, the amount delivered can usually be adjusted plus or minus some percent, depending on the utility companies’ needs, and the price to deliver the uranium may be adjusted with changes in the spot market; Cameco, for instance, targets a ratio of 40% fixed-pricing and 60% market-related pricing in their portfolio of long-term contracts. Roughly [76% of U.S.-purchased uranium](https://www.eia.gov/uranium/marketing/table7.php) delivered in 2020 was bought through long-term contracts and about 24% through spot market purchases. (This is actually historically low; in 2006, it was 90% long term, reflecting the fact that utilities have been relying more on spot purchases in recent years.) There is some speculation that the spot price of uranium will begin to rise when utility companies sign new long-term contracts, a scenario discussed in more detail under “Long-term Contracts.""

## Supply and Demand

Tracking the current levels of supply and demand of uranium can be extremely useful for determining if utilities will begin to enter long-term contracts or continue to purchase from the spot market or other sources. So, how much supply of uranium is in the market and how much demand is there for that supply? Roughly speaking, each year, about 175-180 million lbs. of uranium are consumed globally. Of that, about 120 million lbs. are supplied by miners and the rest is made up from secondary supplies and utility inventories. Though the exact size of the secondary market is difficult to estimate, [Uranium 2020: Resources, Production and Demand](https://www.oecd-nea.org/upload/docs/application/pdf/2020-12/7555_uranium_-_resources_production_and_demand_2020__web.pdf), a joint report by the Nuclear Energy Agency and the International Atomic Energy Agency, suggests the figure is around 10,000 metric tons per year, or 22 million lbs., suggesting a structural deficit between supply and demand that is made up by drawing on material that utilities already have in inventory.

As I mentioned above, in recent years, mining companies have been intentionally reducing the primary supply of uranium on the market. Over the past decade, the primary supply has continually fallen short of global demand, causing a deficit that is filled by a limited and, as the thesis goes, dwindling secondary supply. We can see from the [World Nuclear Association](https://www.world-nuclear.org/information-library/facts-and-figures/uranium-production-figures.aspx) that after the 2017 production cuts, mined uranium only covered about 80% of world demand.

Tracking secondary supply is both more difficult and more important as its reserves are a key indicator of when utilities will need to enter into long-term contracts. Secondary supply includes stockpiles and inventories of natural and enriched uranium, both civilian and military in origin; nuclear fuel from the reprocessing of spent reactor fuels and from surplus military plutonium; underfeeding; and uranium produced by the re-enrichment of depleted uranium tails. The World Nuclear Association’s [*Nuclear Fuel Report*](https://www.world-nuclear.org/getmedia/b488c502-baf9-4142-8d12-42bab97593c3/nuclear-fuel-report-2019-expanded-summary-final.pdf.aspx) notes, “The majority of secondary supplies are derived from uranium that has undergone transformation in reactors, enrichment plants and reprocessing facilities. The second largest potential secondary resource by mass is the world’s inventory of not-yet-treated used nuclear fuel, held largely at reactor sites.” While this inventory normally accounts for only a relatively small portion of total supply, with low uranium prices and limited mining production, this source has become more significant not only for primary producers and utilities but also for traders and holding companies.

BMO Capital Markets and Morgan Stanley have also written research notes [predicting](https://www.mining.com/stars-are-aligning-for-uranium-price-rally/) “a rally in \[uranium\] prices over the next few years to the \~$50 \[per pound\] level by 2024.” Importantly, both groups also point to uncertainty surrounding just how long existing inventories will last:

>Morgan Stanley warns that “the opacity of the inventory situation remains a key uncertainty to price—see for example palladium, which needed almost 7 years of deficit before the price really took off.” BMO says given the still-high levels of inventories, “acute shortages and price squeezes are extremely unlikely, both for this year and the foreseeable future,” adding that “there is no obvious need for new mine supply in the near future.”

These are important sources of uncertainty that are worth paying attention to. If the uranium bull thesis of an imminent supply deficit ends up being wrong, a miscalculation of existing inventories and market supply will likely be one of the main reasons why (this would, of course, just delay the thesis, if all other factors remained equal). With that said, I somewhat disagree with BMO’s assessment (or maybe just their use of the phrase “near future”), as there is evidence that new/more primary production will be needed by the middle or end of the decade, meaning companies should be investing in those projects today. Remember, utilities and miners operate on a longer timescale than other markets; they sign contracts for 5-10 years, and a reactor with only two years’ worth of uranium is operating akin to just-in-time delivery.

**Now, what about demand?** According to the [International Atomic Energy Agency](https://pris.iaea.org/PRIS/home.aspx), there are currently 443 reactors in operation and 52 under construction. Although these reactors require an established, predictable amount of uranium, demand for the metal can still be difficult to estimate, since delays in the construction of new reactors as well as license renewals of old ones can add complications. In the U.S., reactors require about one-fourth of global demand, about 45 million lbs. per year. In February, Bank of America analyst Lawson Winder [speculated](https://www.barrons.com/articles/uranium-miner-cameco-gets-boost-from-sunnier-outlook-for-nuclear-plants-51612283697) that the planned closure of 12 U.S. nuclear power plants this decade could be postponed beyond 2030, adding 26 million pounds to 2021-2030 uranium demand.” Indeed, license renewal has been a growing topic of interest among nuclear and policy experts (as an example, Virginia’s Surry Power Station was [recently granted](https://apnews.com/article/business-f07aefe6a8f4a2fd2a549113bbf1e925) a 20-year extension and several more U.S. renewals are [under review](https://www.spglobal.com/marketintelligence/en/news-insights/latest-news-headlines/nuclear-industry-sees-opportunities-in-dc-as-infrastructure-talks-heat-up-64165577); even Japan has given the [green light](https://abcnews.go.com/Technology/wireStory/japan-utility-restart-nuclear-reactors-77365378) to operate three reactors for an additional 20 years, helping reach its goal of having 20-22% of its energy come from nuclear power by 2030). Further, we’ve also seen reports that the Biden administration supports subsidies for nuclear plants to prevent them from closing, and Biden’s climate adviser [supports](https://www.reuters.com/business/sustainable-business/white-house-climate-adviser-says-existing-nuclear-essential-reach-emissions-2021-05-18/) the continued operation of existing nuclear reactors to achieve emissions goals—more on this under “Political and Policy Developments.” Winder adds that a shift “could lead U.S. fuel buyers to move forward plans for major new contracting: Consider that those 26 million pounds are 23% of total U.S. utility inventories at year-end 2019 of 113 million pounds, and inventories today are quite likely lower post 2020’s supply disruptions.” If reactors are kept online longer than expected, utilities would only face greater urgency to sign new contracts for nuclear fuel.

## Political and Policy Developments

## United States

In the United States, throughout his tenure, President Trump exhibited a positive stance towards nuclear energy. In 2018, two U.S. uranium miners, Energy Fuels Inc and Ur-Energy Corporation, filed a Section 232 petition, essentially asking the government to investigate national security concerns regarding foreign uranium imports and asking that 25% of U.S. uranium consumption be met by U.S. producers. Though the Trump administration [ultimately rejected](https://www.world-nuclear-news.org/Articles/US-President-rejects-uranium-import-restrictions) this petition, it established the Nuclear Fuel Working Group to find alternative solutions to “restore American nuclear energy leadership.” Framed as a way to increase national security and revitalize domestic uranium production, the Working Group [aimed](https://www.energy.gov/sites/prod/files/2020/04/f74/Restoring%20America%27s%20Competitive%20Nuclear%20Advantage-Blue%20version%5B1%5D.pdf) to “restore America’s competitive nuclear \[energy\] advantages” and recommended, among other initiatives, to “directly purchase uranium by establishing a uranium reserve.” In December 2020, Congress passed the [Consolidated Appropriations Act of 2021](https://rules.house.gov/sites/democrats.rules.house.gov/files/BILLS-116HR133SA-RCP-116-68.pdf) to fund the government through fiscal year 2021, which set aside $75 million for the Uranium Reserve Program, but the project is still in the early stages and it does not appear that any uranium purchases have actually been made by the U.S. government. (More information on the nuclear- and uranium-related provisions of the 2021 appropriations law can be found [here](https://world-nuclear-news.org/Articles/Congress-approves-nuclear-energy-funding-for-FY202).)

The Biden administration has taken a similarly positive stance towards uranium and nuclear energy. Though there hasn’t been much headline news on the topic, nuclear energy is included in one of the objectives of the [American Jobs Plan](https://www.whitehouse.gov/briefing-room/statements-releases/2021/03/31/fact-sheet-the-american-jobs-plan/) to leverage “carbon pollution-free energy provided by existing sources like nuclear and hydropower” and to manufacture “critical technologies like advanced nuclear reactors and fuel.” Separately, Reuters recently [reported](https://www.reuters.com/business/sustainable-business/white-house-eyes-subsidies-nuclear-plants-help-meet-climate-targets-sources-2021-05-05/), “The White House has signaled privately to lawmakers and stakeholders in recent weeks that it supports taxpayer subsidies to keep nuclear facilities from closing and making it harder to meet U.S. climate goals.” Biden’s recently [proposed 2022 budget](https://www.whitehouse.gov/wp-content/uploads/2021/05/budget_fy22.pdf), which will likely change before being signed into law, requests $9.75 billion in credits for “electricity generation from existing nuclear power facilities” and $5 billion to “procure advanced nuclear power” over the next ten years.

Furthermore, there is currently a bill in the Senate—[S.4897](https://www.congress.gov/bill/116th-congress/senate-bill/4897/text), the American Nuclear Infrastructure Act—that aims to “to reestablish United States global leadership in nuclear energy, revitalize domestic nuclear energy supply chain infrastructure, support the licensing of advanced nuclear technologies, and improve the regulation of nuclear energy.” The bill has been [approved](https://www.epw.senate.gov/public/index.cfm/2020/12/committee-approves-nuclear-infrastructure-legislation-at-business-meeting) by the Senate Committee on Environment and Public Works, but, so far, has not been passed or signed into law.

A smaller, but still positive, signal for the uranium market is that Honeywell’s Metropolis Works plant in Illinois—the U.S.’s sole uranium conversion facility—will [restart](https://www.powermag.com/honeywell-to-reopen-sole-u-s-uranium-conversion-plant/) production of uranium hexafluoride (UF6) by early 2023, citing customer demand and the depletion of secondary supplies of UF6. The plant was idled in 2018 due to the weak market.

## European Union

In the European Union, [countries are divided](https://www.worldpoliticsreview.com/articles/29616/for-eastern-europe-nuclear-power-depends-on-eu-taxonomy) on nuclear energy, with Germany and Austria opposing it and France, Hungary, and eastern Europe supporting it. In March 2021, the Joint Research Center of the European Commission on nuclear energy released a [report](https://ec.europa.eu/info/sites/default/files/business_economy_euro/banking_and_finance/documents/210329-jrc-report-nuclear-energy-assessment_en.pdf) to help the Commission determine whether nuclear energy should be included in the EU taxonomy for sustainable activities, which would help incentivize and scale up investment in the industry. (This report followed a previous assessment from the Technical Expert Group \[TEG\] that found “nuclear energy has near to zero greenhouse gas emissions” but that more research was needed due to a “lack of operational permanent experience of high-level waste disposal sites.”) The JRC report concludes that there is no evidence that “nuclear energy does more harm to human health or to the environment than other electricity production technologies already included in the Taxonomy.” The report adds, “The nuclear energy-based electricity production and the associated activities in the whole nuclear fuel cycle (e.g. uranium mining, nuclear fuel fabrication, etc.) do not represent significant harm to any of the TEG \[Technical Expert Group\] objectives.” While this is a positive sign for EU endorsement of nuclear energy, some uncertainty remains. This report is currently being [reviewed](https://ec.europa.eu/commission/presscorner/detail/e%20n/qanda_21_1805) by two sets of independent experts, the Group of Experts on radiation protection and waste management under Article 31 of the Euratom Treaty and the Scientific Committee on Health, Environmental and Emerging Risks on environmental impacts. The two Committees have three months to issue their assessment, and the two assessment reports, along with the JRC report, will inform the Commission's decision.

## Non-utility Purchasing of Uranium

One final significant development in the uranium market is the purchasing and stockpiling of the metal by non-utility companies, particularly miners and physical asset management companies, signaling growing positive sentiment in the market. Mining companies may buy uranium for a variety of reasons, such as in order to meet purchase agreements or to build up collateral, but the recent moves also suggest renewed optimism that uranium prices may finally be ready to move up. In its Q1 2021 financial results, Cameco [noted](https://s3-us-west-2.amazonaws.com/assets-us-west-2/quarterly/CCO-2021-Q1-MDA-FS-and-Notes.pdf) that, in total, “Through April this year junior uranium companies and financial funds had purchased approximately 10.5 million pounds U3O8.” (Additionally, pp. 7-8 of that link provides a good overview of the most recent developments in the uranium market.) Some recent purchases by miners include:

* In March, Australia’s **Boss Resources** [agreed to purchase](https://www.world-nuclear-news.org/Articles/Uranium-companies-increase-inventory-from-spot-mar) 1.25 million pounds of U3O8
* In March, **Uranium Royalty Corp.** (URC) [exercised](https://www.world-nuclear-news.org/Articles/Uranium-companies-increase-inventory-from-spot-mar) its option to buy 348,000 lbs from Yellow Cake. Notably, URC has the option to acquire anywhere from $2.5-$10 million worth of uranium per year from Yellow Cake for nine years, so the fact that they bought the maximum amount is an optimistic sign, and investors should watch for a similar purchase in Q1 2022.
* In March, **Denison Mines** [purchased](https://www.prnewswire.com/news-releases/denison-announces-successful-procurement-of-2-5-million-lbs-u3o8-as-part-of-project-finance-initiative-301260450.html) 2.5 million lbs.
* In April, **Uranium Energy Corp.** [purchased](https://www.prnewswire.com/news-releases/uranium-energy-corp-expands-physical-uranium-initiative-to-purchase-2-1-million-pounds-u3o8-and-announces-financing-301262497.html) 2.1 million lbs. scheduled to be delivered at various points through 2023. Then, in May, they [announced](https://www.sec.gov/Archives/edgar/data/1334933/000118374021000106/ex991-20210520uec.htm) an additional 200,000 lb. purchase.
* In April, **enCore Energy** [purchased](https://www.newswire.ca/news-releases/encore-energy-corp-announces-strategic-acquisition-of-physical-uranium-865933152.html) 200,000 lbs.
* In May, **Cameco** [said](https://www.world-nuclear-news.org/Articles/Cameco-increases-uranium-purchases-to-meet-contrac) that it expects to purchase 11-13 million lbs. of uranium in 2021 to meet contracted demand, which is up from their previous estimate of 8-10 million lbs.

Trusts and funds have also been buying up uranium, with London-listed Yellow Cake purchasing nearly 4 million pounds in March 2021 by exercising an option to buy from Kazatomprom, bringing its [total holdings](https://otp.investis.com/clients/uk/yellow_cake/rns/regulatory-story.aspx?cid=2392&newsid=1470152) to 12.96 million lbs. In April, Sprott Asset Management [announced](https://www.globenewswire.com/news-release/2021/04/28/2218439/0/en/Sprott-Asset-Management-Enters-Into-Agreement-With-Uranium-Participation-Corporation-to-Form-the-Sprott-Physical-Uranium-Trust.html) that it would take over management of and restructure the Uranium Participation Corporation to form the Sprott Physical Uranium Trust (SPUT) and list it on the NYSE—UPC currently holds 16.27 million lbs. of U3O8 and 660,000 lbs. of UF6.

One of the main effects of these uranium holding companies purchasing the commodity is that they remove supply from the spot market, thus limiting the amount available for miners and utilities to buy and further pressuring utilities to enter into long-term contracts. There is also speculation that Sprott’s upcoming purchases on the spot market will drive the uranium price up, making spot purchases less attractive for utilities. Sprott will likely utilize at-the-market raisings so that if its share price trades at a premium to NAV, it will issue new shares, raise funds, and purchase additional uranium. As one article [puts](https://articles.cruxinvestor.com/sprotts-physical-uranium-trust-to-change-the-uranium-game) it, “ATM \[At-the-market\] raisings are a well-worn path for Sprott, having raised around $4B this way into their bullion trusts over the past 15 months. This structure will enable SPUT to consistently nibble (if not gobble) at the bid in the spot market—the perfect way to fray fuel buyer nerves and terrify producers that need to obtain spot uranium for their contracted deliveries.”

The Sprott transaction is expected to close in the third quarter of 2021 (the shareholder meeting is currently set for July 7) and seek a listing on the NYSE. Sprott already manages four other physical commodity trusts across gold, silver, platinum, and palladium, and the addition of uranium suggests strong investor interest in the commodity. Cameco [called](https://www.spglobal.com/marketintelligence/en/news-insights/latest-news-headlines/new-uranium-trust-could-be-game-changer-for-spot-market-cameco-says-64158423) the move by Sprott a “game changer” for the spot market. (I’ll add that the [Q1 2021 Cameco call](https://s3-us-west-2.amazonaws.com/assets-us-west-2/quarterly/CCO-transcript-2021-Q1-call.pdf) had some interesting things to say about Sprott \[on pp. 33 and 50\] as well as the miner purchases \[pp. 32-33, 39-40\].)

# Long-term Contracts

As noted above, the majority of uranium purchased by utilities comes from long-term contracts. Based on UxC data (found in a [Cameco report](https://www.sec.gov/Archives/edgar/data/1009001/000119312521035711/d121720dex3.htm)), the last significant contracting “cycle” was from 2005-2012 with large numbers of contracting volumes from 2005-2007, 2010, and 2012. Since then, long-term contracting has dropped significantly, particularly from 2019 to 2020, where the volume of long-term contracting went from 95.8 million lbs. to about 53 million lbs. At the same time, spot contracting increased to \~80 million lbs. in 2020, the highest level in the past two decades (I apologize for the less-than-ideal quality of the chart; the fault is Cameco’s or UxC’s). In Cameco’s view, lower contracting volumes in 2020 could be attributed in part to “utilities focusing on operational safety amidst the COVID-19 pandemic.” During 2020, there were also a number of U.S. policy uncertainties stemming from the Nuclear Fuel Working Group and the [Russian Suspension Agreement](https://www.spglobal.com/platts/en/market-insights/latest-news/metals/100620-new-russian-uranium-suspension-agreement-takes-effect-says-commerce).

One way of thinking about where utilities are today in terms of contracting is to look at how much uranium utilities anticipate needing each year compared to how much they’ve already contracted for delivery. As I mentioned above, when utilities sign long-term contracts the amount delivered can vary some amount to meet their needs, so there’s a minimum and maximum range that might be delivered to utilities. The U.S. Energy Information Administration’s (EIA) [2020 Uranium Marketing Annual Report](https://www.eia.gov/uranium/marketing/), which just came out in May, gives us a helpful chart (below) showing the maximum amount of uranium already under contract as well as the unfilled market requirements (i.e., what utilities need but haven’t contracted for). Combined, these values give us the maximum anticipated market requirements of uranium for U.S. nuclear reactors. We see that even as overall demand remains relatively steady, the maximum contracted amount of uranium falls steeply throughout the decade. For the next one to two years, that shortfall might be able to be made up by purchasing on the spot market or drawing on existing utility inventories, but considering that long-term contracts typically begin uranium delivery two years after the contract is signed, utilities will likely need to sign new contracts soon.

Ultimately, no one knows when utilities will start to enter into long-term contracts again, but we know their inventories are shrinking, demand is growing, and future supply is becoming more uncertain as miners and investment funds purchase additional uranium from the spot market.

# Market Performance

How has the uranium market responded to all of these events? Generally, equities have run ahead of the spot price to the point where, since December of last year, many miners have doubled or tripled in share price. Year to date (up to May 27), the Global X Uranium ETF (URA) is up 43% and the North Shore Global Uranium Mining ETF (URNM) is up 50%. Other notable uranium stocks are also strong, including Denison Mines (DNN, +78%), Uranium Energy Corp (UEC, +73%), Cameco (CCJ, +46%), NexGen Energy (NXE, +62%), and Energy Fuels (UUUU, +50%) among others. The spot price, on the other hand, has remained around $30/lb.

If you look at any of the charts for these equities, you see a spike around December, marking when a [Bear Traps Report](https://www.thebeartrapsreport.com/) on uranium went out, and the URNM ETF saw record inflows. Looking at the charts, it can be tempting to think it’s too late to get in. Even buying two or three months ago would put one in a good position leading up to catalysts in the second half of the year. But in a lot of ways the bull market is just getting started. The spot price is still currently sitting around $30/lb., and analysts like [Canaccord](https://app.box.com/s/y6evjvtwf7qmvlw02puz5utokmtcs52f) predict the price may reach $60/lb. by the end of 2025. For me, the run-up in equities and the upcoming catalysts, like the U.S. listing of the Sprott Physical Uranium Trust, mean I can’t be as patient as I’d like when building my positions.

# Upcoming Catalysts

Investors who believe a new uranium bull market is on the horizon or who are looking for additional evidence should keep the following catalysts in mind, in no particular order:

* The **European Union** is set to decide, around June 2021, whether nuclear energy should be considered as part of its taxonomy of sustainable activities. Though Germany has notably turned away from nuclear energy, if the EU considers nuclear energy to be clean and safe, it would pave the way for more reactors in central and eastern Europe.
* In the U.S., investors should **watch for the establishment of a uranium reserve** (for which $75 million has already been allocated for 2021) and the passage of the Nuclear Infrastructure Act.
* **Watch for updates on mining production.** If miners continue to show production discipline, supply will be limited.
* **Watch for updates on reactor license renewals.** If a reactor/plant receives a license renewal, that will represent an increase in uranium demand that likely did not appear in projections.
* **Watch for continued uranium purchases from non-utility entities**, as this limits supply on the spot market and will encourage the signing of long-term contracts.
* **Watch for the U.S. listing of the Sprott Physical Uranium Trust**, expected in the third quarter of 2021—this is the most significant near-term catalyst, in my opinion.
* **Watch for news on long-term contracts.** I suspect any new contracts would be announced during quarterly financial results, though earlier indicators may come in the form of a rising spot price or share price of a mining stock.

# Risks and Uncertainty

Though a number of market observers anticipate an increase in the price of uranium due to growing demand and tightening supply, some uncertainty and risk remains.

* Uranium inventory and supply may be greater than estimated, which might delay the bull market by years.
* Producer discipline may break down in the next few years, leading to additional uranium supply on the market and reducing the chances of a dramatic price increase.
* In my research, I have yet to come across any articles or interviews from the perspective of utilities that examine why they are delaying signing long-term contracts and risking security of supply. Knowing this would provide a fuller picture of market dynamics.
* Although the [World Nuclear Association](https://www.world-nuclear.org/information-library/current-and-future-generation/plans-for-new-reactors-worldwide.aspx) estimates that roughly 50 nuclear reactors are being constructed today, it’s not uncommon for these projects to be canceled or postponed, reducing the demand for uranium they would have required if they were up and running.
* Black swan event: the possibility of another Fukushima-like nuclear disaster would significantly dampen demand for uranium and nuclear energy.

# Conclusion

After a decade-long bear market spurred by the 2011 Fukushima nuclear disaster, positive sentiment of uranium and nuclear energy is once again improving. But low uranium prices over the past several years have led to underinvestment in the sector, leading to a lack of new mining projects to fill projected demand. As a result, utilities may face a supply crunch in the coming years and will eventually be pressured to enter into long-term contracts at higher uranium prices. Furthermore, recent physical uranium purchases from junior miners and investment funds—a new development for the market—signal growing investor interest in the metal and put additional pressure on a limited supply. Investors hoping to profit from a potential bull market should expect a volatile 2-4-year trade, especially if they choose to hold positions in individual miners and explorers, though they may also choose to mitigate that volatility by holding ETFs or physical asset companies.",Russia|Russian,Russia_Russian_only
nvv53s,2021-06-09,stocks,What is the name of the theory that a stock will trade down as a mirror image of its previous upward history?,"There is a theory that when a stock trades up over a series of runs/consolidations it will plateau, then go back down following the same pattern.

Resulting in a mirror image of the run up.

~~I'm sure it's a Russian surname, ""M""-something maybe?~~

Edit: I was thinking of the ""Wyckoff cycle""",Russia|Russian,Russia_Russian_only
q6vnlh,2021-10-12,investing,"War, investing and ownership","I own a variety of foreign stocks, including Russian and Chinese stocks.

I was thinking, hypothetically what would happen to my ownership if the US went to war with either Russia or China st some point in the next couple decades.

Historically, what has happened in the past? What happened to US shareholders of Iraqi stocks back in the day? What about US shareholders of German stocks back during the world wars?

I'm not asking about how the stocks performed. I'm asking if anybody had ownership in ""enemy"" companies revoked or criminalized.",Russia|Russian,Russia_Russian_only
t29r1d,2022-02-26,investing,Recommendations on emerging market ETFs without Russian stocks,[removed],Russia|Russian,Russia_Russian_only
t6egdq,2022-03-04,StockMarket,"Russian-owned Broker Sova Capital Crashes into Special Administration, Ceases All Operations",,Russia|Russian,Russia_Russian_only
t7674d,2022-03-05,investing,STEP BY STEP on how to buy Russian stocks?,[removed],Russia|Russian,Russia_Russian_only
tghk50,2022-03-17,stocks,Can anyone help me evaluate JPM Russian CDS exposure?,[removed],Russia|Russian,Russia_Russian_only
tm0tr5,2022-03-24,investing,Investing in Russian Rubles?,[removed],Russia|Russian,Russia_Russian_only
trac5x,2022-03-29,StockMarket,"OPEC+ meets amid oil price complaints, concerns over Russian, Kazakh supply",,Russia|Russian,Russia_Russian_only
u78aka,2022-04-19,stocks,Yield Rate Inversion = End of Times,"We have all recently heard of the U.S. Bond Yield Rate inverting. This means that in addition to all of the other indicators that have been pointing to the end of time (pandemic, global supply chain breakdowns, WW3, some dude riding into town on a pale white horse while it rains frogs...) we now have this new thing to talk about.

So, the spread between the 2yr and the 10yr has gone negative or ""inverted"" recently. It only lasted like a day btw... but somehow this magical indicator has signaled to people all over the world that fiat is crashing, the equity makertes are doomed, and everything that is in a bubble will be exploding soon. But that really isn't the case guys... It is true that of the 28 times this has happened since 1900, 22 were followed by a recession, but did you know that over the last 6 yield inversions since 1975 the equities markets continued to rise for at least 12 months following?

So with our window of a year before the seas boil and rivers run red with the blood of TA Experts, what are you doing to position yourself? Rolling into value stocks like VTV? Buying up energy stocks as the Euro area struggles to find an exit from Russian oil over the next couple years? How are you ensuring your portfolio survives the next apocalypse?!",Russia|Russian,Russia_Russian_only
11a2dbz,2023-02-23,StockMarket,$DVYE - Your thoughts on iShares EM Dividend ETF right now?,"Hi there,

I am interested in your general thoughts regarding the following EM Dividend ETF:

https://www.ishares.com/us/products/239526/#/

Why would you invest right now? (juicy opportunity regarding the dividend yield & recent price decline / potential comeback of Russian stocks in the far future / …)
Why wouldn‘t you invest right now? (China invading Taiwan / increased global protectionism in near future / upcoming Cold War v2 / …)

Why would you rather invest in classical dividend funds instead of the iShares EM Dividend ETF?
Is is just a classical bet on Emerging Markets or do you see something special in this ETFs composition which makes the investment decision easier?

Thank you in advance for your input.",Russia|Russian,Russia_Russian_only
11a26ep,2023-02-23,investing,$DVYE - Your thoughts on iShares EM Dividend ETF right now?,"Hi there,

I am interested in your general thoughts regarding the following EM Dividend ETF:

https://www.ishares.com/us/products/239526/#/

Why would you invest right now? (juicy opportunity regarding the dividend yield & recent price decline / potential comeback of Russian stocks in the far future / …)
Why wouldn‘t you invest right now? (China invading Taiwan / increased global protectionism in near future / upcoming Cold War v2 / …)

Thank you in advance for your input.",Russia|Russian,Russia_Russian_only
11wi2v6,2023-03-20,investing,"With western banks and markets in disarray, how does it compare to the current Russian economy?",[removed],Russia|Russian,Russia_Russian_only
13qlmb6,2023-05-24,stocks,(Russian stocks),[removed],Russia|Russian,Russia_Russian_only
1592l56,2023-07-25,stocks,"Investing in index funds as an EU temporary resident, possible? Are taxes only an issue upon withdrawal?","I want to invest through my wife’s name. 

She is Russian which makes her options near zero now but is an EU temporary resident. Can she open an account and invest in index funds as a temporary resident? 

This is a long hold retirement plan: are taxes only an issue when withdrawals happen and naturally heavily based upon where we are residents? (Say, capital gain tax in Dubai vs Germany)",Russia|Russian,Russia_Russian_only
165no25,2023-08-30,StockMarket,"OZON and YNDX Shorted, Cant Close","I have shorted **OZON** and **YNDX** last year in **FEB** before suspending trading and after suspending was not able to close these positions. As Companies now are in delisted mode and sanctioned, Broker is not giving chance to close positions and giving bunch of reasons as they are suspended because of war and etc. I\`m still paying each month fee for all these margin.

**IBKR**'s answer is following:

>Please note that delisting of ADRs does not mean that they cease to exist. The sponsor bank will deliver the Russian securities represented by the receipt or liquidate the stocks and allocate the proceeds to clients once it is possible and at own discretion of the sponsor bank. IBKR cannot affect this process. 

The sponsor bank for OZON ADRs is Bank of New York Mellon. As YNDX is not an ADR, then those are kept directly in the depository of the broker

Could u suggest ways to solve the problem, close positions somehow or get rid of it? or suggest someone who can help with that.",Russia|Russian,Russia_Russian_only
18gkrt0,2023-12-12,StockMarket,Buying Russian ADRs and GDRs,[removed],Russia|Russian,Russia_Russian_only
kuibjd,2021-01-10,stocks,"FinViz worldmap, why does it completely exclude Russia ?",[removed],Russia,Russia_only
kzzabs,2021-01-18,stocks,ADRs and China,"I've seen a few posts about ADRs recently talking about how all chinese stocks are based in the Cayman Islands and no one's really buying stock in these chinese companies and that China has no need to uphold these agreements - As a disclaimer, before I go on, I was to say I do own stock in NIO and BABA as well as AMZN, AAPL and a few other small AI companies.

While many of you may be technically correct about ADRs, it fundamentally ignores the foreign policy climate of almost all countries and more specifically ignores the way China's foreign policy is being conducted right now - I'm not an expert and you should of course do your own DD but what I've noticed from all these posts is that they are all ignoring the idea of Soft Power.

**Lets define what soft and hard power are**: I've taken these definitions from wikipedia, because they're concise and as always wikipedia is well referenced (damn teachers!)

Soft power: In politics (and particularly in international politics), soft power is the ability to attract and co-opt, rather than coerce (contrast hard power). In other words, soft power involves shaping the preferences of others through appeal and attraction - Foreign Aid is an excellent example of the use of Soft Power

Hard Power: Hard power is the use of military and economic means to influence the behavior or interests of other political bodies. This form of political power is often aggressive (coercion), and is most immediately effective when imposed by one political body upon another of lesser military and/or economic power

**Why is this important?:**

While China is on its way to becoming a global superpower its not there yet, there are more economically reliable countries (US) and countries with more functional military might (Russia and US) - I say functional here because military might isn't just man power and number of soldiers.

China uses hard power when it comes to domestic policy, through the use of censorship, coercion of officials, imprisonment of dissidents and so on and so forth. ([https://www.amnesty.org/en/countries/asia-and-the-pacific/china/report-china/](https://www.amnesty.org/en/countries/asia-and-the-pacific/china/report-china/))

However, they've also learnt from the collapse of the USSR which collapsed in part due their international and economic isolation among other factors ([https://www.britannica.com/story/why-did-the-soviet-union-collapse](https://www.britannica.com/story/why-did-the-soviet-union-collapse)) - Now China doesn't want that to happen and to ensure it doesn't, it's followed an interesting hybridisation of communism and capitalism where private companies are closely linked to the government but are allowed to compete and have private ownership. However this has meant that chinese companies and by extension China as a country has to be attractive to outside investors and that's where soft power comes in.

Throughout the pandemic and even before China has been trying to expand its soft power further in the hope of eventually leveraging itself into the world's leading super power. Case and point is the Free trade agreement it signed with 14 other asia-pacific countries creating an even larger free market than the eu (16% vs 22%) ([https://www.theguardian.com/business/2020/nov/15/china-and-14-asia-pacific-countries-agree-historic-free-trade-deal](https://www.theguardian.com/business/2020/nov/15/china-and-14-asia-pacific-countries-agree-historic-free-trade-deal)). While this gives it more economic power, it also gives china great headlines!

This isn't the only way China is trying to garner a better image of itself and therefore more soft power - For a long time, China has been and is commonly viewed as one of the largest polluters in the world ([https://ge.usembassy.gov/chinas-air-pollution-harms-its-citizens-and-the-world/#:\~:text=The%20People's%20Republic%20of%20China,health%20and%20the%20world's%20economy](https://ge.usembassy.gov/chinas-air-pollution-harms-its-citizens-and-the-world/#:~:text=The%20People's%20Republic%20of%20China,health%20and%20the%20world's%20economy).), pollution that has been killing around a million of its citizens a year - so to not only improve their citizens lives (though how much of the main motivation that is I'm very skeptical) but to also capture the ongoing trend of renewable energy becoming the dominant energy market in the next decade or two, China has been pouring money into clean energy initiatives, so they not only capture a significant slice of an upcoming dominant market but they are also able to position themselves as the clean energy capital of the world.

Let's be clear though, the current pandemic has affected their soft power and reduced it massively which leads onto the crux of my argument.

**How Soft power relates to ADRs and Stocks?**

For China to successfully follow through with their plans (leveraging soft power into economic might - the tried and tested american way to an extent - except america had WW2 and the Marshall plan to reach this point sidenote: I know that's massively reductive and there's a lot of other factors involved in america becoming a superpower including a shit load of hard power i.e. nuclear bombs and military might) they require investment not just from domestic sources but foreign sources otherwise they gain no soft power. So how does this relate the ADRs:

If China and Chinese companies were to renege on their agreements with these shell companies, it would lead to major banks, hedge funds and entire countries to disinvest from the chinese economy - a counterpoint I can imagine in the comments may be that it's technically not a reneging because the these chinese companies and chinese law doesn't state that you can own shares but the optics of it certainly are. Every major newspaper would be covering it, people who have invested would be using their soft power (their vote) to push for harder line on china and so would banks who would be disinvesting by their droves from chinese ADRs. I know I wouldn't be buying anything from China again because the risk is too high and that would be the most dangerous thing for the chinese government. They are trying and have until now succeeded in creating an image of a stable thriving economy

Disinvestment may sound sensationalist and to an extent I would agree it may be but the most recent example is BABA stock - The disappearance of Jack Ma not only lead to a massive drop in BABA stock but countless headlines about how dangerous it is to invest in Chinese companies - and while I'm sure Jack Ma when he returns will have to change to adapt to his potentially curbed reality, the chinese government will have also realised that they'll need to adapt to ensure that they don't lose the soft power they've spent over 40 years cultivating ( look up Deng Xiaoping's China reform and opening-up policy).

And to address comments that I'm sure will say China can be self sufficient without any foreign investments - I'm sure they can but that path has until now lead to ruin for other countries, the primary example being the USSR and a less prominent example being North Korea. The chinese government is ruthless, efficient and they're certainly not stupid.

Of course if anyone thinks I'm wrong, please let me know - I also understand that the BABA example is more nuanced than how far I've gone into it because of Jack Ma's Ant group going onto central bank turf but the logic behind the point stands.

**TLDR: China would lose their soft power, banks and people would disinvest in China if they didn't honor their ADR agreements and would set China onto the path of future economic ruin and upheaval - I could be wrong though**

Edit: Hong Kong is an interesting counterpoint to my argument, but I would say that to a certain extent, Banks knew HK would be bought under the CCP and still think they can make money there - also Hong Kong massively damaged Chinese Soft power and if there had been a better president I think the effect would have been huge but there wasn't and the markets are over it - if ADRs aren't honoured, then Banks and hedge funds would lose money and I think that that's their bottom line and a red line for them - I could be wrong though",Russia,Russia_only
l2hp2z,2021-01-22,investing,Investing in emerging and frontier markets,"I currently invest and trade in some of the major markets (e.g. USA/UK/EU/China/Japan/Aus) but was looking into investing in stocks listed within emerging/frontier markets. So places such as Indonesia, Russia or Argentina.

Curious if anyone does this actively and what kind of success they've had in such markets? I typically hold a lot of technology stocks so this might be a way for me to diversify geographically as well as into more cyclical industries which are more common to invest in within these markets.

Also find these places more interesting and suspect there might be more alpha available in such markets",Russia,Russia_only
mq6n2d,2021-04-13,stocks,$URNM is the most risk asymmetric trade I've seen in my 4+ years of active trading,"Uranium miners and nuclear as a whole have been covered more and more recently across multiple finance subreddits (for good reason), so I won't bore you with the details. In a nutshell, and most recently, the second largest producer of uranium in the world announced on Friday that they were reopening the largest uranium mine in the world, despite less than ideal Covid-related issues to do so. They are doing this **not** to flood the market with cheap pounds of uranium, **but** out of sheer necessity to fulfill their existing contractual obligations on long term contracts with utilities. This is, according to mining analysts, **the most bullish indicator that the uranium bull market has begun**. In an interview last month, veteran mining investor Rick Rule has said this exact move would be proof that the rally has begun ""in earnest"":

*""If you see Cameco restart Cigar Lake, then you will know that the game is on in earnest""*

This was validated by an upgrade to $CCJ $CCO yesterday by Cantor Fitzgerald, from Hold to Buy, with boosted PT. 

Other uranium traders have echoed that this news is not only not bearish for the sector as a whole, but affirms the dire supply situation that the sector has:


""Cigar was always coming back (with estimates ranging from May - July). Timing a BIT strange given the recent COVID case at site and general negative virus headlines from Sask.  but perhaps CL workers have been given priority for vax?  **Doesn’t change S/D model much at all.**""

The price of uranium will have to go up, because unlike silver, gold, or bitcoin, uranium has a real functional use in everyday society. If nuclear reactors shutdown, you get blackouts and/or massive increases in electricity cost. These are not an option, so existing reactors will pay whatever they have to to get the fuel they need. Because ultimately, nuclear fuel is such a small fraction of the cost of running a nuclear power plant, it's never going to be a dealbreaker to shut down the plant. They will pay whatever it takes. And uranium miners will be there to sell them pounds at 100+% markup.

All the evidence I need lies in the valuations. The combined market cap of the uranium sector was around $200bn in the last bull market peak. Today, it is around $20bn. Clearly, it must go higher. Compare that with a $2 trillion crypto market cap, $700 bn $TSLA market cap, $10 bn market cap of a certain video game retailer, or [insert unprofitable company still in R&D stage of questionable future tech that is somehow still >$5 bn]. Buyer beware, but I'll take the currently unloved commodity with a very hairy supply chain that is undersupplied, relatively difficult to acquire, in demand, and is about to sell for higher prices. 

And if you think you have missed out on big gains that have happened in the past 6 months, think again. In the above video, Rick Rule said this (in Feb 2021):
*""For investors, we haven't begun to see the fireworks that you look for in the uranium market""*

And I hope this post does not get into a debate about your personal opinions about nuclear power. But in case it does, here is the newest video from Kurzgesagt (YT science channel with 14.5M subs, released today) about why we cannot afford to abandon existing nuclear power and why it is beneficial in the long run to develop new nuclear technologies. 

In short: 

 * renewables cannot do it alone and the grid is not built for 100% renewables anyway; 

 * the consequences of climate change are too severe and time sensitive, and fossil fuels replace nuclear when it is shutdown; and 

 * nuclear provides opportunity for producing more than just electricity, but also hydrogen production, process heat (industrial emissions), and thermal propulsion (maritime shipping emissions), some things renewables cannot solve anyway.


Also the public's opinion on nuclear doesn't even really matter anymore. The most important countries (China, India, Russia, EU, UK, USA (advanced nuclear only), and certain very wealthy countries in the Middle East) have already committed to building more nuclear, so atoms for peace are here to stay.

In summary, this is a long term investment in a sector that has been unloved for far too long and is now suffering from massive undersupply AND growing demand. This massive undersupply was due to happen even before COVID shutdown several of the world's largest mines, so the situation is much worse now. 

**tl;dr give yourself exposure to the sector as a whole and buy the ETFs $URNM (more of a pureplay and my personal favorite) or $URA which will each *probably* experience 5x growth from now to the peak sometime in the next 2-4 years. Don't try to time it, just buy and hold, and don't sell until valuations make sense. (Cameco >$30bn market cap)**

Disclaimer: my IRA is probably 75% uranium miners, so I am clearly bullish and not selling anytime soon. I have a couple small near term trades in the sector too.",Russia,Russia_only
nnoiu1,2021-05-29,StockMarket,I think Xiaomi has huge long term potential in IoT - tech giant at a market cap of just $85 billion,"Xiaomi (HK: 1810) is a mere 11 years old and didn't go public until 2018 - the same year they turned profitable, yet the are a well known brand and already third in global smartphone sales.

A few days ago the company delivered a pretty wicked [earnings report](https://blog.mi.com/en/2021/05/26/xiaomi-posts-record-results-as-2021-q1-revenue-and-profit-hit-historical-high-levels/) with an adjusted net profit increase of 163%. 

Two days prior I wrote a [piece](https://jesbaek.com/2021/05/23/xiaomis-future/) of how their unique 'AIoT' and 'Internet Services' strategy will eventually allow the company to make much larger profits on revenue in the future.

Xiaomi commands one of the largest product portfolios with smart enabled devices of every category. In the West we don't yet see their smartphones too often - but their robo vacuum cleaners and electric scooters (They own Ninebot and Segway) and other smart home equipment is everywhere. They are basically taking the opposite route of Google and Apple in providing the hardware before the software - which also means they currently have higher costs and lower return on revenue.

Yet they are already profitable and sit on a cash pile of 5.6 billion. About 60% of their revenue right now is however attributed to their smartphones - which are doing extremely well. Their phones receive high praise (though their Android fork is not liked by all) and offer unbeatable performance for the price. They do well in every price category and own several well known sub brands like Redmi, Poco and Blackshark. As an example Mrwhosetheboss (huge tech YT channel) picked Xiaomi brands for all top 3 spots for his best phones of 2021 out of 22.

Xiaomi holds the top spot in market share in several emerging markets: India, Russia and most of Eastern Europe and soon South America. In Scandinavia where I live, they just recently entered local carrier stores, began advertising actively and opened a local [official webshop](http://www.mistore.dk). The ban on Huawei left a HUGE gap in the European market for Xiaomi to just freely gobble up and it seems like they are doing it. Xiaomi themselves have been [removed](https://www.google.com/amp/s/www.androidauthority.com/xiaomi-us-remove-blacklist-1224721/) from a similar (but much less severe) blacklist by the US government this week as well. They do not pose the same threat as Huawei did, as they do not build infrastructure telecom equipment

There are rumors of the company designing their own SoCs (chips) in collaboration with OPPO and just last month they [invested $10 billion](https://www.cnbc.com/2021/03/30/chinas-xiaomi-to-launch-electric-car-business-and-invest-10-billion.html) into the Electric vehicle space. They already financially back Xpeng too and I think with the insane growth in the Chinese EV market they really have an opportunity to add even more value to their ecosystem integration.

The company is founded by Lei Jun and former Vice President of Google China and Zhou Gaungping then Senior Director at Motorola’s Beijing R&D Center. All three still lead the company today with Lei Jun as CEO. Xiaomi and their CEO has a huge following in China and a very dedicated loyal fan base. 

The company trades at a P/E of 23 and a share price of 28.6 HKD (~3.69 USD). The price to earnings is pretty typical for a tech stock but I think the benefits in profit of Xiaomi's strategy and investments are yet to be seen. I began buying up a few months ago and just doubled my investment after the earnings report. I will continue to buy in over atleast the next year and truly think this is a case of a company working hard for the future and with the right strategy. I saw the same patterns in Microsoft 6 years ago when Sadya Nedella took over and that position I'm up over 500%.

Please let me know what you think and if you feel like there is anything you feel like I need to address. I'm really bullish on this company and it helps balance my portfolio with exposure towards Asia. I know Chinese stocks can be effy and at least for me it was also quite the challenge to find a brokage where I could buy them.",Russia,Russia_only
nwzbu3,2021-06-10,investing,What makes the price of gold go up? Inflation?,"Dollar inflation in March was 2.6% over the past 12 months. The target of the Federal Reserve, let me remind you, is 2%. If in Russia 0.6% inflation is nothing at all, then in the USA it is a serious target excess. It should be noted that the low base effect had a greater impact. A global coronavirus outbreak began in March last year and prices fell. However, given that most of the acceleration occurred at the beginning of this year, it can be stated that inflationary pressures are already there today.  


So, gold rose 0.7%. This may seem logical, because gold is a perceived inflation hedge. In a longer-term perspective, it is. Food, clothing... it costs (in gold) +/- the same as it did 100 years ago. But if you think short-term, then the gold pricing is not so simple.  


Look at this graph. ([https://sun9-60.userapi.com/impg/N9Quvez3rhDcB1JhnklE3lDpzKoOfhKUjA-hYA/GhFaWOePy28.jpg?size=1200x675&quality=96&sign=0c17f0fcdb9a701618f09caedec2c5b0&type=album](https://sun9-60.userapi.com/impg/N9Quvez3rhDcB1JhnklE3lDpzKoOfhKUjA-hYA/GhFaWOePy28.jpg?size=1200x675&quality=96&sign=0c17f0fcdb9a701618f09caedec2c5b0&type=album)) The graph illustrates a strong inverse correlation between gold and 10-year Treasury yield. What is real profit? It's the profit of a company or investment after adjusting for inflation. It is calculated simply by subtracting the inflation rate from the gross profit margin. So what does that mean for us?  


As long as the market believes that the inflation jump is temporary, the nominal yield of long bonds will not rise. Investors will not sell them. This is very good for gold. Inflation is rising, but nominal yields are not. Real profit is falling. But if the market believes that the inflation jump is not temporary? Bonds will be dumped, nominal yields will rise faster than inflation itself, and gold will fall.  


In general, if the market underestimates inflation (does not sell bonds), then it is good if gold is a part of your investment portfolio, if, on the contrary, it overestimates (resells long bonds), then it is better not to have gold.  


Why is there such a correlation between bond yield and gold price dynamics at all? It's simple. Gold is a perpetual zero coupon bond. What do you think?",Russia,Russia_only
oiyn90,2021-07-12,StockMarket,"$poww DD, loading up pew pew","This stock has 5 catalysts.
500% earnings estimate beat.
Conflict with Russia and china. Fear increases gun sales.
Judge overturned assault weapons ban in California.
Concealed carry license requirement presently dropped in Texas.
And unfortunately mass shootings at all time highs causing talk of gun reform.
When gun reform talks begin, gun enthusiasts load up.
And that they are most weapons mfgs are at all time high sales.
$poww doesn't only sell ammo it recently aquired GunBroker.com so it's in the weapons business as well.
It's currently just come off all time highs but is on a steady rise and should go much higher comming into next earnings.
Earnings expectations for next quarter are expected to continue increasing.
Recently given a PT by analysts of 11$ up from 9$ which it's currently below.
Seems like a no brainer.
Well under valued imo.
I'm not an analyst this is not advice.
I currently hold
20 10$ strike calls various expirations through 2022.",Russia,Russia_only
pny4fr,2021-09-14,StockMarket,"Extensive DD on $MAGN is beneficiary of commodity supercycle 2021, most likely going to be included in the MSCI Russia index",[removed],Russia,Russia_only
t3in8y,2022-02-28,StockMarket,Russia is Fucked,,Russia,Russia_only
t917e8,2022-03-07,stocks,Might be time to buy the NASDAQ dip,"The NASDAQ is down 3.6% today, 6.7% the last week, and 18% YTD. However, Russia is a very small market in tech, about 1-2%. Moreover, these companies are still flush with cash to withstand challenges of a rising rate environment and business prospects remain strong, albeit at a slower rate than last year. Unless the conflict spurns a global recession, this seems like a buying opportunity for QQQ.",Russia,Russia_only
tmwiy3,2022-03-24,investing,The elephant in the sub when it comes to discussing investing in countries like China or Russia.,"Can we talk about how anytime politics become part of the discussion, the comments get locked.

The mods need to understand that investing has a lot to do with politics and political systems. We need to let people know about risks involved in investing in non democratic countries.

People always seem to forget the number one rule of capitalism. Only invest where your capital ownership is protected.

In otherwords, never loan money to the king of Spain... since he is the judge that will ultimately determine if has to pay you back.

Please let people discuss issues steming from investing in non democratic political systems.

Thanks.",Russia,Russia_only
ueue83,2022-04-29,investing,"Listen, this bubble is either going to pop, or it won’t. You win either way.","There’s a lot of people anxious about what’s going to happen the next few weeks / months / years. Inflations running hot, feds increasing rates, economy shrunk by 1.4% last quarter, war in Russia, we just got out of a pandemic, bla bla bla.

Listen, if you are wealthy enough to be investing any more into the market, then no matter what happens going forward, you’re going to win, save anything extreme happens like society ends.

The US government has demonstrated it isn’t interested in regulating big money. That’s how we got the money printer on in the first place. Now we’re getting pathetic rate increases that most likely won’t go high enough to actually do anything about inflation. Meaning the solid companies you are invested in are going to start going back up at some point.

Or they won’t, and the whole market crashes. Which isn’t good for everyone losing their jobs and house and stuff…but again…if you’re wealthy enough to be investing, it means prices for these assets like houses and good stocks come down with it.

Focus on building emergency funds, cutting expenses, living with less. If you’re on an Internet forum about stocks you’re not as destitute as you think you are and you’ll probably be okay.",Russia,Russia_only
ulebvs,2022-05-08,investing,"Russia cries out to Musk, the world's richest man: You're responsible! What's the deal?",[removed],Russia,Russia_only
uzpj04,2022-05-28,stocks,what event (if any?) could cause US stocks to tank like Russia,[removed],Russia,Russia_only
weab4g,2022-08-02,StockMarket,(8/2) Tuesday's Pre-Market Stock Movers & News,"#Good morning traders and investors of the r/StockMarket sub! Welcome to Tuesday! Here are your pre-market stock movers & news on this Tuesday, August the 2nd, 2022-

*****

# [Stock futures slip as U.S.-China tensions simmer over Pelosi’s expected trip to Taiwan](https://www.cnbc.com/2022/08/01/stock-futures-are-flat-after-first-trading-day-in-august.html)

*****
> Stock futures fell Tuesday morning as tensions between the U.S. and China increased ahead of an expected visit to Taiwan by House Speaker Nancy Pelosi.
*****
> Futures tied to the Dow Jones Industrial Average were 166 points lower, or 0.52%. S&P 500 futures slid 0.60%, and Nasdaq 100 futures dropped 0.77%. Shares of Caterpillar are weighing on Dow futures after the company reported earnings that missed revenue expectations, sending the stock down more than 3% before the bell.
*****
> Pelosi was expected to visit Taiwan and spend Tuesday night there, Reuters reported, citing sources. Leading up to the trip, Chinese officials threatened to take action if Pelosi moved forward with the visit. Pelosi would become the first House Speaker since Newt Gingrich in 1997 to visit Taiwan.
*****
> “We would like to tell the United States once again that China is standing by, the Chinese People’s Liberation Army will never sit idly by, and China will take resolute responses and strong countermeasures to defend its sovereignty and territorial integrity,” Chinese foreign ministry spokesman Zhao Lijian said in a daily briefing Monday.
*****
> Traders are also awaiting another raft of earnings from companies such as Starbucks, PayPal and Advanced Micro Devices.
*****
> Tuesday’s moves came after the major averages fell on the first day of August. The S&P 500 shed 0.28% to end at 4,118.63 while the Nasdaq Composite inched 0.18% lower and closed at 12,368.98. The Dow Jones Industrial Average slipped 46.73 points, or 0.14%, to end at 32,798.40. Last month, the major averages posted their biggest one-month gains since 2020.
*****
> “I think for sure it remains a bear market bounce,” Kevin Simpson of Capital Wealth Planning told CNBC’s “Closing Bell: Overtime” on Monday. ”... I think it was awesome the way the markets traded in July, but I think we’re not through any type of capitulation. The headwinds are just too rampant.
*****
> On the economic data front, investors this week are awaiting the July nonfarm payrolls report slated for release Friday for further clues into the state of the economy and the job market.

*****

#STOCK FUTURES CURRENTLY:
######(**[CLICK HERE FOR STOCK FUTURES CHARTS!](https://finviz.com/futures.ashx)**)

*****

#YESTERDAY'S MARKET MAP:
######(**[CLICK HERE FOR YESTERDAY'S MARKET MAP!](https://i.imgur.com/CeTPCaG.png)**)

*****

#TODAY'S MARKET MAP:
######(**[CLICK HERE FOR TODAY'S MARKET MAP!](https://finviz.com/map.ashx)**)

*****

#YESTERDAY'S S&P SECTORS:
######(**[CLICK HERE FOR YESTERDAY'S S&P SECTORS CHART!](https://i.imgur.com/6Qj3mZA.png)**)

*****

#TODAY'S S&P SECTORS:
######(**[CLICK HERE FOR TODAY'S S&P SECTORS CHART!](https://finviz.com/groups.ashx)**)

*****

#TODAY'S ECONOMIC CALENDAR:
######(**[CLICK HERE FOR TODAY'S ECONOMIC CALENDAR!](https://i.imgur.com/vrn3V4X.png)**)

*****

#THIS WEEK'S ECONOMIC CALENDAR:
######(**[CLICK HERE FOR THIS WEEK'S ECONOMIC CALENDAR!](https://i.imgur.com/2w4S361.png)**)

*****

#THIS WEEK'S UPCOMING IPO'S:
######(**[CLICK HERE FOR THIS WEEK'S UPCOMING IPO'S!](https://i.imgur.com/CZ1SN9N.png)**)

*****

#THIS WEEK'S EARNINGS CALENDAR:
(**$AMD $PYPL $DVN $ON $OXY $UBER $SOFI $CAT $BABA $AMC $BP $SQ $PINS $K $ABNB $JBLU $FANG $BLDR $MRO $DKNG $UAA $CROX $MRNA $DDOG $MPC $ARLP $ET $ATVI $SBUX $GPN $MOS $COP $WBD $CHKP $AMG $FUBO $LCID $MAR $LIND $CVS $RNGR $HOOD**)
######(**[CLICK HERE FOR THIS WEEK'S EARNINGS CALENDAR!](https://i.imgur.com/8QRIw8j.png)**)

*****

#THIS MORNING'S PRE-MARKET EARNINGS CALENDAR:
(**$UBER $CAT $BP $JBLU $MPC $MAR $TSEM $RACE $EOSE $SPWR $ACDVF $ZBRA $SPGI $CMI $RYTM $OTLY $DD $HUN $ENTG $WEC $SABR $OXLC $WLK $ARNC $ETN $TAP $MPLX $EXPD $SXC $AME $BLD $IDXX $LEA $KBR $GPRE $CNP $AUDC $CWEN $INCY**)
######(**[CLICK HERE FOR THIS MORNING'S EARNINGS CALENDAR!](https://i.imgur.com/5AN0mne.jpg)**)
*****

#EARNINGS RELEASES BEFORE THE OPEN TODAY:
######(**[CLICK HERE FOR THIS MORNING'S EARNINGS RELEASES LINK #1!](https://i.imgur.com/4b4Q6C6.png)**)
######(**[CLICK HERE FOR THIS MORNING'S EARNINGS RELEASES LINK #2!](https://i.imgur.com/iaB9979.png)**)
######(**[CLICK HERE FOR THIS MORNING'S EARNINGS RELEASES LINK #3!](https://i.imgur.com/cqAYsUE.png**)

*****

#EARNINGS RELEASES AFTER THE CLOSE TODAY:
######(**[CLICK HERE FOR THIS AFTERNOON'S EARNINGS RELEASES LINK #1!](https://i.imgur.com/1d3mRBi.png)**)
######(**[CLICK HERE FOR THIS AFTERNOON'S EARNINGS RELEASES LINK #2!](https://i.imgur.com/jLERraG.png)**)
######(**[CLICK HERE FOR THIS AFTERNOON'S EARNINGS RELEASES LINK #3!](https://i.imgur.com/lvxwj8Z.png)**)

*****

#YESTERDAY'S ANALYST UPGRADES/DOWNGRADES:
######(**[CLICK HERE FOR YESTERDAY'S ANALYST UPGRADES/DOWNGRADES LINK #1!](https://i.imgur.com/zAmFXhf.png)**)
######(**[CLICK HERE FOR YESTERDAY'S ANALYST UPGRADES/DOWNGRADES LINK #2!](https://i.imgur.com/7UVI3Dm.png)**)

*****

#YESTERDAY'S INSIDER TRADING FILINGS:
######(**[CLICK HERE FOR YESTERDAY'S INSIDER TRADING FILINGS!](https://i.imgur.com/TOA7Bxd.png)**)

*****

#TODAY'S DIVIDEND CALENDAR:
######(**[CLICK HERE FOR TODAY'S DIVIDEND CALENDAR!](https://i.imgur.com/EII5Hrb.png)**)

*****

#THIS MORNING'S MOST ACTIVE TRENDING TICKERS ON STOCKTWITS:

* REV
* HKD
* UBER
* PINS
* GETY
* CRO.X
* RARI.X
* CAT
* VRAX

*****

#THIS MORNING'S STOCK NEWS MOVERS:

######(**source: [cnbc.com](https://www.cnbc.com/2022/08/02/stocks-making-the-biggest-moves-in-the-premarket-caterpillar-uber-pinterest-and-more.html)**)

*****

> **Caterpillar (CAT)** – The heavy equipment maker’s stock fell 3.7% in the premarket after its quarterly earnings beat forecasts but revenue was slightly short of consensus. Caterpillar’s sales were hurt by its exit from Russia as well as supply chain issues, and it also saw elevated costs during the quarter.

> #**STOCK SYMBOL:** CAT

> * [CLICK HERE FOR CHART!](http://elite.finviz.com/chart.ashx?t=CAT&ty=c&ta=st_c,sch_200p,sma_50,sma_200,sma_20,sma_100,bb_20_2,rsi_b_14,macd_b_12_26_9,stofu_b_14_3_3&p=d&s=l)

> ######(**[CLICK HERE FOR LIVE STOCK QUOTE!](http://data.cnbc.com/quotes/CAT)**)

*****

> **Uber Technologies (UBER)** – Uber reported a quarterly loss of $1.33 per share, including the impact of a $1.7 billion headwind from a drop in the value of its investments. The ride-hailing company’s revenue did come in better than expected, and it turned cash flow positive for the first time. Its shares rallied 10.8% in premarket action.

> #**STOCK SYMBOL:** UBER

> * [CLICK HERE FOR CHART!](http://elite.finviz.com/chart.ashx?t=UBER&ty=c&ta=st_c,sch_200p,sma_50,sma_200,sma_20,sma_100,bb_20_2,rsi_b_14,macd_b_12_26_9,stofu_b_14_3_3&p=d&s=l)

> ######(**[CLICK HERE FOR LIVE STOCK QUOTE!](http://data.cnbc.com/quotes/UBER)**)

*****

> **Pinterest (PINS) – Pinterest shares soared 18.6% in premarket trading following its quarterly results and the news that activist investor Elliott Management is now the image-sharing site’s largest shareholder. Pinterest reported lower-than-expected earnings, but revenue was only slightly below forecasts and user numbers were somewhat better than expected.

> #**STOCK SYMBOL:** PINS

> * [CLICK HERE FOR CHART!](http://elite.finviz.com/chart.ashx?t=PINS&ty=c&ta=st_c,sch_200p,sma_50,sma_200,sma_20,sma_100,bb_20_2,rsi_b_14,macd_b_12_26_9,stofu_b_14_3_3&p=d&s=l)

> ######(**[CLICK HERE FOR LIVE STOCK QUOTE!](http://data.cnbc.com/quotes/PINS)**)

*****

> **Royal Caribbean (RCL)** – Royal Caribbean fell 1.2% in premarket action after it announced the pricing of an upsized $1 billion debt offering. The cruise line operator will use the proceeds to refinance existing convertible notes.

> #**STOCK SYMBOL:** RCL

> * [CLICK HERE FOR CHART!](http://elite.finviz.com/chart.ashx?t=RCL&ty=c&ta=st_c,sch_200p,sma_50,sma_200,sma_20,sma_100,bb_20_2,rsi_b_14,macd_b_12_26_9,stofu_b_14_3_3&p=d&s=l)

> ######(**[CLICK HERE FOR LIVE STOCK QUOTE!](http://data.cnbc.com/quotes/RCL)**)

*****

> **Simon Property Group (SPG)** – The shopping mall operator reported better-than-expected quarterly earnings, although its revenue was slightly below Street forecasts. Simon CEO David Simon said mall sales are doing well despite inflation concerns and that the company is positioned to do well in a potential recession. Simon shares added 2.2% in the premarket.

> #**STOCK SYMBOL:** SPG

> * [CLICK HERE FOR CHART!](http://elite.finviz.com/chart.ashx?t=SPG&ty=c&ta=st_c,sch_200p,sma_50,sma_200,sma_20,sma_100,bb_20_2,rsi_b_14,macd_b_12_26_9,stofu_b_14_3_3&p=d&s=l)

> ######(**[CLICK HERE FOR LIVE STOCK QUOTE!](http://data.cnbc.com/quotes/SPG)**)

*****

> **Cowen Group (COWN)** – The financial services firm’s shares rallied 7.5% on news that it agreed to be acquired by TD Bank (TD) for $39 per share or $1.3 billion in cash.

> #**STOCK SYMBOL:** COWN

> * [CLICK HERE FOR CHART!](http://elite.finviz.com/chart.ashx?t=COWN&ty=c&ta=st_c,sch_200p,sma_50,sma_200,sma_20,sma_100,bb_20_2,rsi_b_14,macd_b_12_26_9,stofu_b_14_3_3&p=d&s=l)

> ######(**[CLICK HERE FOR LIVE STOCK QUOTE!](http://data.cnbc.com/quotes/COWN)**)

*****

> **Avis Budget (CAR)** – The rental car company’s stock jumped 4% in premarket trading after it reported better-than-expected quarterly results. Avis Budget said it benefited from strong demand and “stringent” cost controls.

> #**STOCK SYMBOL:** CAR

> * [CLICK HERE FOR CHART!](http://elite.finviz.com/chart.ashx?t=CAR&ty=c&ta=st_c,sch_200p,sma_50,sma_200,sma_20,sma_100,bb_20_2,rsi_b_14,macd_b_12_26_9,stofu_b_14_3_3&p=d&s=l)

> ######(**[CLICK HERE FOR LIVE STOCK QUOTE!](http://data.cnbc.com/quotes/CAR)**)

*****

> **Arista Networks (ANET)** – The cybersecurity firm reported better-than-expected profit and revenue for its most recent quarter and gave upbeat revenue guidance for the current period. Arista’s results got a boost from strong demand from cloud and data center customers, and its stock gained 5.4% in premarket action.

> #**STOCK SYMBOL:** ANET

> * [CLICK HERE FOR CHART!](http://elite.finviz.com/chart.ashx?t=ANET&ty=c&ta=st_c,sch_200p,sma_50,sma_200,sma_20,sma_100,bb_20_2,rsi_b_14,macd_b_12_26_9,stofu_b_14_3_3&p=d&s=l)

> ######(**[CLICK HERE FOR LIVE STOCK QUOTE!](http://data.cnbc.com/quotes/ANET)**)

*****

> **Zoominfo Technologies (ZM)** – The business software company’s stock surged 11.3% in the premarket after it reported better-than-expected quarterly results and raised its full-year guidance.

> #**STOCK SYMBOL:** ZM

> * [CLICK HERE FOR CHART!](http://elite.finviz.com/chart.ashx?t=ZM&ty=c&ta=st_c,sch_200p,sma_50,sma_200,sma_20,sma_100,bb_20_2,rsi_b_14,macd_b_12_26_9,stofu_b_14_3_3&p=d&s=l)

> ######(**[CLICK HERE FOR LIVE STOCK QUOTE!](http://data.cnbc.com/quotes/ZM)**)

*****

#**FULL DISCLOSURE:**

> /u/bigbear0083 has no positions in any stocks mentioned. Reddit, moderators, and the author do not advise making investment decisions based on discussion in these posts. Analysis is not subject to validation and users take action at their own risk.

*****

#**DISCUSS!**

What's on everyone's radar for today's trading day ahead here at r/StockMarket?

*****

# **I hope you all have an excellent trading day ahead today on this Tuesday, August 2nd, 2022! :)**",Russia,Russia_only
x6hmaw,2022-09-05,StockMarket,Jeremy Grantham says the stock market superbubble is on the verge of bursting — and an epic finale is approaching,"One veteran investor has a bleak market outlook, and expects a brutal sell-off ahead. Below, I break down why legendary investor Jeremy Grantham says recent rebounds in stocks have merely been a bear-market rally and the market could crash more than 50%.

**1. The ""superbubble"" in stocks is entering its final stages,** according to Jeremy Grantham, who made a name for himself predicting a number of bubbles would burst ahead of huge crashes, including the dot-com crash and the 2008 crash.

""Prepare for an epic finale,"" Grantham said in a note to clients Wednesday, adding that the recent rebound in stocks marked a false dawn. ""If history repeats, the play will once again be a Tragedy.""

Grantham forecasted a brutal selloff in which assets ranging from stocks to properties plunge in value.

He rang a similar bell back in January, when he warned that a superbubble was about to implode and that stocks could crater 50%.

At one point in June, the S&P 500 traded 20% below its January peak, though they have since recovered some of those losses.

But even more so now than before, Grantham sees an unprecedented mix of dangerous elements among the housing market, inflation, geopolitics, and energy.

""Between COVID in China, war in Europe, food and energy crises, record fiscal tightening, and more, the outlook is far grimmer than could have been foreseen in January,"" he said.

While Bank of America isn't as gloom-and-doom as Grantham, the bank's analysts reiterated a downbeat outlook of a 9% drop in the S&P 500 by year-end, reiterating their view that the summer of gains since June was nothing more than a bear market rally.

""There are still no real signs of a bull market,"" BofA strategists wrote Thursday, also noting that indexes haven't seen the full impact of the Fed's monetary policy moves.

**2. US stocks futures rise early Friday, as global bonds fell into their first bear market in more than 30 years**. Meanwhile, European stocks were also up, as data signals Russia will resume gas flows via the Nord Stream 1 pipeline as planned. Here are the latest market moves.

**3. On the docket:** Global Blue Group Holding AG, Ross Group PLC, and more reporting.

**4. These small-cap stocks are trading cheap and offer huge upside**, according to Morningstar analysts. Here are seven under-the-radar names that belong to a select group that has crushed the broader market this year. Get the full list.

Read the full article: [https://www.businessinsider.com/jeremy-grantham-warning-stocks-superbubble-is-about-to-pop-in-an-epic-finale-2022-9](https://www.businessinsider.com/jeremy-grantham-warning-stocks-superbubble-is-about-to-pop-in-an-epic-finale-2022-9)

The super bubble in stocks has yet to burst according to Billionaire investor Jeremy Grantham. He dismissed the recent rebound in stocks as a brief reprieve, noting that previous superbubbles have always been followed by market declines of at least 50%.

Do you agree?",Russia,Russia_only
xtqr28,2022-10-02,stocks,OPEC+ Will Consider Output Cut of More Than 1 Million Barrels,"They changed the meeting to in person October 5th. The key will be if OPEC is cutting quota production which they aren't meeting, so only a Russia, Saudi, UAE cut and not really 1 million barrels. Or a real production cut, which would involve everyone. A spike in oil prices would throw a massive wrench in FED plans, likely raising inflation expectations and MOM headline.",Russia,Russia_only
10zm4c9,2023-02-11,StockMarket,"Russia's declining oil revenues could devalue ruble in 'vicious circle,' experts warn",,Russia,Russia_only
11ei39o,2023-02-28,stocks,"Defense Stocks, Geopolitical Climate/Tensions/ Sure Play For the Future","With the current geopolitical climate and escalating tensions should defense stocks be a sure buy? 

&#x200B;

Taiwan, Russia, China, USA, Europe are all going to be producing more weapons/ammunition etc. This is going to continue in the future as we enter a new era of tension between great powers along with Europe and Taiwan playing major roles as well. 

&#x200B;

Considering the risk to value, defense indexes or even individual stocks if you have the knowledge are a great wait to allocate. Even with a black-swan event with China invading or blockading(which in my opinion is inevitable) defense stocks are going to hedge and do well. 

&#x200B;

Thoughts, am I wrong here, are they overvalued already?",Russia,Russia_only
1264p3d,2023-03-29,StockMarket,"BREAKING: China &amp; Brazil have agreed to trade in their own currencies, ditching the US dollar.","If more countries start to trade in their own currencies, it could reduce the demand for the dollar. This could lead to a weaker dollar.

China and Brazil have agreed to conduct their trade and financial transactions using their own currencies, ditching the US dollar as an intermediary. 

They will be exchanging yuan for reais, and vice versa, instead of going through the US dollar

This is part of China's efforts to reduce its reliance on the US dollar as the world's major reserve currency and to promote the use of its own currency, the Yuan.

China is Brazil's biggest trading partner, with two-way trade hitting over $150 billion last year.

The deal is expected to reduce costs, promote greater bilateral trade, and facilitate investment. 

China has similar currency deals with Russia and Pakistan.

My personal opinion is that China does not have a transparent central banking system.

The US dollar became the world reserve currency after World War II when the US emerged as the world's leading economic power.

In 1944, following the Bretton Woods Agreement, 44 nations agreed to adopt the U.S. dollar as an official reserve currency.

The US dollar is likely to remain the world reserve currency for the foreseeable future. 

It is a stable and reliable currency, and it is widely accepted around the world.",Russia,Russia_only
14hm9gx,2023-06-24,investing,Which Russia stock or etf is available right now?,[removed],Russia,Russia_only
14mi6im,2023-06-29,stocks,"An Unexpected Turn: AI Out, Mining In - A Potential Commodity Boom","[Bloomberg unfurled an intriguing piece today](https://www.bloomberg.com/opinion/articles/2023-06-29/commodities-super-cycle-from-russia-with-a-really-big-wave-every-30-years) suggesting that we could be on the verge of a new cycle of soaring commodity prices, perhaps as early as the end of this week. The story hinges on the theories of Soviet economist Nikolai Kondratiev, who was executed under Stalin's rule. Kondratiev's concept, which subsequently became known as ""Kondratiev waves,"" eventually gained traction within capitalist economies.

The idea has some merit. Currently, commodities are trading near local lows. At the same time, in its bid to curb inflation, the U.S. government is exerting almost every conceivable effort. If the analysts are on the money, we could witness an explosive surge in commodity prices over the next 15 years, starting, perhaps, tomorrow. This could divert the spotlight from AI technology back to the traditional mining sector.

It's a prospect that has certainly piqued my interest, particularly as I have stakes in several industrial and mining firms within my portfolio.",Russia,Russia_only
150ufum,2023-07-16,investing,Ideas for investing in global climate disaster,"With North America on fire, India experiencing record drought (famine soon.TM), fish-stock depleted around China for ""unknown reasons"" and a rapidly aging population in all developed world.

  
I'm looking into investing in sectors that'd profit the most from a pending global climate catasrophe that'll see billions displaced,millions starving, nations going to war for limited resources like clean drinking water. And billions of boomers drawing down their retirement fund to 0 to pay for a few more months of extra life.  


* Agriculture: (everyone needs to eat)  
COW: iShares Global Agriculture Index ETF  
TAGS: Teucrium Agriculture Fund
* Agricultural farmland: (can't eat with no land)  
LAND: Gladstone Land REIT
* Water: (everyone needs to drink)  
CWW: iShares Global Water Index ETF
* Healthcare: (boomers don't want to die)  
IHF: iShares U.S. Healthcare Providers ETF
* Defense: (for all the wars for resources and countries' waging wars before population collapse bring them down - i.e Russia)  
ITA: iShares U.S. Aerospace & Defense ETF  


All of the above ETFs have underperformed the IT sector and the general market for the past 10 years since we've been experiencing an unusual period of stability. However reversion to mean means in the near future we'd be going back to business as usual i.e: crisis

>Good times create weak men, weak men create to hard times, hard times create strong men, strong men create good times. And i believe the good times is about to end. 

  
I don't believe AI will fundamentally change human nature and the time for humans to change their behavior to avert climate disaster was 40 years ago.",Russia,Russia_only
161jrcg,2023-08-26,investing,"Heineken sold its operation in Russia for 1 Euro, why so cheap?",[removed],Russia,Russia_only
lgeo3w,2021-02-09,investing,"Artificial intelligence meets agriculture, IPO","First post, so please direct me if I do things wrong.


Farmer's Edge Inc just filed for Initial public offering (https://www.bloomberg.com/news/articles/2021-02-09/farmers-edge-files-papers-for-initial-public-offering-in-canada)

Farmers Edge employs technology to collect and analyze local weather, soil moisture and satellite data to help farmers improve crop efficiencies and yields. Chief Executive Officer Wade Barnes co-founded the firm in 2005 and it has since expanded operations across Canada’s Prairie provinces and abroad, with offices in the U.S., Australia, Russia, Brazil and Ukraine.

I would like any information you guys drum up as im just learning about this and usually am comfortable with the SPAC setup. I always read good info and wanted to add.",Ukraine|Russia,Ukraine_direct
llb0bs,2021-02-16,stocks,Reminder: DD on Uranium," 

Originally not my DD, but I truely believe in it. (all credits to u[/3STmotivation](https://www.reddit.com/user/3STmotivation/) ). Next couple of months will be very interesting (bullish) for the uranium sector.

The last few months have been quite eventful for uranium investors, with shares of companies all across the sector appreciating in value substantially. There have been many reasons why this is the case and it feels different to just being strong seasonality. Below are 15 ‘first time’ things to look out for in this sector to start the year with, with full credit going to John Quakes (@quakes99 on Twitter), a retired earth sciences researcher, professor, analyst, writer and one of the best public sources for news about the uranium sector. I share his view that 2021 will prove to be an incredible year for the uranium sector and subsequently for anyone invested in it. Now, onto the aforementioned ‘first times’:

First time entering a new year with uranium already in a record supply deficit, which is set to deepen further with 2 major mines permanently closing this year in Australia and Niger (\~7 million pounds, gone). At the same time, demand for nuclear energy has remained strong throughout the COVID-19 pandemic and continues to grow in a global shift to decarbonize industry dependent on fossil fuels.

First time that Cameco, the world’s 2nd largest producer, has begun a new year with every one of its uranium mines in Canada shut down. Both of the world’s 2 largest uranium mines are under care and maintenance, resulting in zero lbs being produced in Canada as we enter 2021. The US is also producing zero lbs while Kazakhstan’s production is at a multi-year low that is likely to continue thru 2022 under the nation’s current flex-down program and pandemic related mining disruptions. All uranium mines in the Ukraine have also been shut down due to the inability of the mine operator to pay the wages of 5000 mine workers.

Fist time that at least 3 of the world’s largest uranium producers are forced into buying uranium on the spot market. Cameco is now the largest spot market buyer in the world. World’s largest producer Kazatomprom is now also a spot buyer, as is French Orano given that heir Canadian mills are suspended and their Cominak mine in Africa is heading for closure in March. Inventory held by the world’s largest uranium producers is at rock bottom levels for the first time ever and in need of replenishment this year.

First time the US has taken steps to support its domestic uranium mining industry by establishing a strategic uranium reserve, a 10 year buying program (1.5 billion dollars total) whereby the US government will purchase, convert and potentially enrich US mined uranium to create an emergency supply for US reactors. Goal is to ensure at least 2 US uranium mining companies remain active and viable during this time when the commodity price of U3O8 is half the cost of production.

First time in several decades that there is strong bipartisan support in the US to rebuild the existing nuclear energy industry and manufacture a new generation of advanced reactors on a global scale, which is seen as a high priority in order to catch up with Russia and China who have become the new world leaders in nuclear energy.

First time that uranium equities have entered a bull market when there is an actual supply deficit. The last bull market saw the price of uranium skyrocket on mine floods and other events that created the ‘fear’ of a supply deficit on the horizon, at a time when the US-Russia Megatons to Megawatts program was still continuing to supply 20m lbs per year to US nuclear utilities, a program that continued until 2021 as the world’s largest virtual uranium mine.

First time that a new year begins with spot market supplies significantly depleted. Supply accessible to carry traders has been severely reduced. Kazatomprom no longer sells any lbs into the spot market and Orano’s supply from Canada and Niger is at a record low level, pushing nuclear utilities to secure new long term contracts with producers rather than entering into shorter term contracts with carry traders. Security of supply is a top priority of utilities (whose inventories are estimated to be around 2,5 years’ worth of supply, when the guideline is to never let it drop below 2-3 years given the long time it takes to enrich and deliver the fuel to the reactors).

First time that US and European nuclear utilities have begun a new year with inventories drawn down below usual safety margins at the same time that mines supply is in a record deficit and global uranium production is at its lowest level in 12 years. The new 2020 IAEA/NEA uranium Red Book projects that secondary supplies will fall in the future as an overdue utility inventory restocking cycle begins, due to higher levels of contracting, conversion and enrichment that will reduce underfeeding as facilities see their utilization rates rise.

First time in several years that there are no geopolitical overhangs holding back the uranium contracting plans of US and European nuclear utilities. There are no potential section 232 actions targeting uranium imports and no sanctions likely against UUN participants (Russia, China, UK, Germany, France) in the JCPOA Iran Nuclear deal. Russia and the US have successfully negotiated a 20-year extension to the Russian Suspension Agreement that will see the US imports from Russia decline over the coming 2 decades. The incoming US administration supports keeping nuclear power plants running and plans to immediately rejoin the Paris Climate Accord, pushing for global net zero emissions by 2050, a process in which nuclear energy will play a major role.

First time that nations around the world will be recovering from a global pandemic with massive infrastructure spending programs that include boosting nuclear capacity to achieve net zero carbon emissions goals. A new ‘nuclear renaissance’ is beginning to take shape on pandemic recovery spending to boost clean energy. The perception of nuclear energy is also changing to that of a safe, reliable, necessary baseload power source that fits with an emerging ESG investing model. Decarbonization has become a new buzz word in the global vocabulary. The ‘electrification of everything’ from cars, buses, trucks and trains to major industry is the new global target. Sustainability of so-called renewables solar and wind is now being called into question after failures by Germany and California to successfully transition to an economy powered by intermittent energy sources. Higher electricity prices, no net carbon emissions reductions and rolling blackouts have demonstrated how ‘renewables’ are not able to fulfill their early promise. This might change with new battery technology and better implementation, but we are nowhere near that point yet.

First time that uranium stocks are entering a new year on the heels of one of their best performance years since the last bull market. The U3O8 spot price is still one-half the global average cost of production that will incentivize new mines to be built this decade. This signals to investors that we are still at the opening pitch of the first inning of a long game yet to play out. A necessary doubling of the U3O8 commodity price is yet to come.

First time that Canada has begun a new year embarking on a small modular reactors build-out program with several provinces pledging to deploy SMR’s to power remote communities, mines and industrial heat applications in the energy industry.

First time that nuclear is being viewed as the ideal carbon free high-temperature power source to produce clear hydrogen fuel. US, Russia, Japan and others are looking to leverage their existing nuclear power capacity to produce hydrogen and build high-temperature SMR’s to optimize the use of emissions free nuclear to produce zero emissions hydrogen.

First time in decades that there is an emerging surge in acceptance of nuclear of nuclear energy as necessary to achieve zero carbon emissions goals, with countries like the Netherlands looking to add more capacity after conducting studies showing nuclear is safer and cheaper than variable renewable energy.

First time I can recall one of the leading nuclear fuel consultants UxC reporting to their subscribers that uranium is in a 57M lbs mined supply deficit, that utility and supplier inventories are “declining at a rapid rate” just as global fuel demand growth is accelerating, a clear signal that a bull market is getting underway.

TLDR: with all the catalysts that are in place, I am of the firm believe that uranium related equities, namely the developers and explorers, will offer returns that will outperform any other broad investment asset class/sector in the market. This is a bold claim to make, but I can’t see any other opportunity that offers even close to the same risk vs reward the uranium sector offers. Read my other posts on the subject to get an idea of what companies you might want to look at and to get an answer to any question you might have. Good luck and here is to a great new year!",Ukraine|Russia|Russian|sanctions,Ukraine_direct
ntgjw3,2021-06-06,StockMarket,advice for ukrainian fellow beginners,[removed],Ukrainian,Ukraine_direct
pj067o,2021-09-06,investing,Stocks/ETFs in Ukraine best way to invest,[removed],Ukraine,Ukraine_direct
pk6k8v,2021-09-08,StockMarket,Next Quarter (Q3) Cub Energy Inc will have 66% higher Gas Prices than Q2 (present). New Update! KUB de-risking from East Ukraine assets. Clean books.,[removed],Ukraine,Ukraine_direct
prtkr6,2021-09-20,stocks,"Cub Energy Inc will have 66% higher Gas Prices Q3 vs Q2. De-risking from East Ukraine with Sales Agreement, stock trades below Equity & Cash",[removed],Ukraine,Ukraine_direct
sqou5g,2022-02-12,investing,Strategy on investing ~200k in this market,"TLDR: So, you’ve got $200,000 in cash and you must invest all of it (or want to) in 12 months. How do you invest it? Especially considering this year coming up? Rising rates, covid backlash, Ukrainian invasion fears, etc. DCA or all at once?


So I recently inherited some money, it’s about $200,000 in an IRA account. It’s 100% cash and I plan on investing this year but considering the current market conditions I’m conflicted on my approach and strategy. On one hand I could dollar cost average into the market using index funds at a rate of approx: $16,000 a month for 12 months. Or I could invest it all at once, diversification would be into 3-4 Index funds and ETF’s for both ideas ofcourse. 

Another question, what is the opinion on bonds this coming up this year? Because with the rising rates, bonds will take a hit. Currently the three or four index funds and ETFs I will use all track equities. Ideas on bond allocation? 20%?100%? Lmao. But seriously.",Ukrainian|invasion,Ukraine_direct
t0oy7t,2022-02-24,investing,Where to invest if betting ON Ukraine repelling the invasion?,[removed],Ukraine|invasion,Ukraine_direct
t2uhl2,2022-02-27,stocks,What companies make most of the weapons being donated to Ukraine by various countries?,Denmark just announced they are donating anti-tank weapons.  Seems every country is donating weapons.  Which means those countries will need to resupply eventually.  Which companies will benefit with fulfilling these orders?,Ukraine,Ukraine_direct
t3be0t,2022-02-28,stocks,Russia’s invasion of Ukraine could keep stocks sliding for weeks before the market finally hits bottom,"U.S. stocks staged an impressive reversal on Feb. 24 — including a 950-point intraday move to the upside for the Dow Jones Industrial Average DJIA, +2.51% — but there’s too much eagerness to declare that the U.S. market has bottomed. 

Market bottoms more typically are made when despondent investors throw in the towel. Yet the narrative being used to support the “bottom is in” belief in the Russia-Ukraine conflict is that stocks spring back quickly from geopolitical crises. As MarketWatch reported earlier this week: “Despite near-term volatility in the wake of geopolitical events over the past three decades, ranging from terrorist attacks to the start of wars, stocks have tended to bounce back relatively quickly, … rallying 4.6% on average in the six months following such crises dating back to 1990 and rising 81% of the time.”

Or consider this tweet a money manager sent out after the news broke that Russia had invaded Ukraine: “Excellent buying opportunities never feel good at the time.” After presenting one of the many lists of past geopolitical events that are circulating around Wall Street, the tweet continued: “Lesson? Buy when there’s blood in the streets.”

These narratives gloss over the extent of the short-term losses that geopolitical events inflict on investors. The attitude adopted by the market’s cheerleaders is like telling a boxer to celebrate being knocked down because it creates the opportunity to get up again. Another problem with these rosy pictures is that they subjectively use past geopolitical crises to prove their point. A far different conclusion emerges if we focus on a specific subset of global crises relative to this latest one: war.

The chart below highlights six major geopolitical events since 1941 that involved military invasions and/or threats to national sovereignty. The chart plots the S&P 500’s SPX, +2.24% performance over the six months following the conclusion of those crises. In three of these six instances, U.S. stocks had yet to recover.

Full story here- [https://www.marketwatch.com/story/russias-invasion-of-ukraine-could-keep-stocks-sliding-for-weeks-before-the-market-hits-bottom-11645781162?mod=home-page](https://www.marketwatch.com/story/russias-invasion-of-ukraine-could-keep-stocks-sliding-for-weeks-before-the-market-hits-bottom-11645781162?mod=home-page)",Ukraine|Russia|invasion,Ukraine_direct
tayen8,2022-03-10,StockMarket,Here's Your Daily Market Brief For March 10th,"**📰 Top News**

**US stock futures fell in Thursday morning trading** as peace talks between Russia and Ukraine showed little progress on key issues.   


**Save the essentials!** *-* Ukraine's government has banned the export of wheat, oats, and other staples as authorities try to ensure they can feed people during Russia's intensifying war. *Russia and Ukraine together supply nearly a third of the world's wheat and barley exports, which have soared in price since the Russian invasion.*   


**Europe seeks alternative energy sources***-* The European Commission has announced a plan to wean the European Union off its demand for natural gas supplied to the trading bloc by Russia. *Some of the suggested measures include purchasing more liquified natural gas brought by ships and building up renewables more quickly.*

**Crypto gets mainstream recognition** \- US President Joe Biden signed an executive order calling on the government to examine the risks and benefits of cryptocurrency. *The measure focuses on six key areas: consumer protection, financial stability, illicit activity, US competitiveness, financial inclusion, and responsible innovation.*   


**🎯 Price Target Updates**

JP Morgan upgrades KB Homes. KBH upgraded to OVERWEIGHT from NEUTRAL - PT $51 (from $64)

Wells Fargo downgrades Cisco Systems. CSCO downgraded to EQUAL WEIGHT from OVERWEIGHT - PT $65  

JP Morgan downgrades Asana. ASAN downgraded to UNDERWEIGHT from NEUTRAL - PT $32 (from $66) 

**📻 In Other News**

**Amazon splits it 20 ways** \- E-commerce giant Amazon announced that its board of directors had approved a 20-for-1 stock split, its first since 1999. *Note: The company also said it would conduct a stock buyback program for up to $10 billion worth of shares.* 

**Ukrainians to stay on Tesla's payroll** *-* EV maker Tesla said any of its Ukrainian employees who are asked to return to defend their country will receive pay for at least 3 months. *Note: The company said after 3 months it would reassess the Russia-Ukraine war and their employees' situation to decide what more would be needed.*  


**Walmart ordered to rehire workers** \- A federal judge ordered Walmart to rehire an employee with Down's Syndrome who was abruptly fired after working for the company for 16 years. *Note: The judge's order is the latest development in a 5-year court battle between Walmart and the US Equal Employment Opportunity Commission.* 

**📅 This Week's Key Economic Calendar**

***Thursday****: CPI YoY (Feb), Initial Jobless Claims (wk end 5-Mar)*

***Friday****: U. of Mich Sentiment (Mar P), U. of Mich 5-10 Yr Inflation (Mar P)*

**📔 Snippet of the Day**

***Quote of the day:*** *""There is nothing new on Wall Street..."" - Jesse Livermore*",Ukraine|Ukrainian|Russia|Russian|invasion,Ukraine_direct
u47n5z,2022-04-15,StockMarket,Star Bulk Carriers Snapshot,"**What's up**

* Manufacturing and producing prices - had the biggest jump since 2010, largely due to Russia’s invasion of Ukraine.
* Energy, food and metals have all spiked too
* Transportation and warehousing prices have also skyrocketed, by an annual 5.5%.
* Supply chain issues
* Labor shortages
* Consumer prices - ([more info from Barron's](https://www.barrons.com/articles/inflation-ppi-producer-price-index-51649853917?mod=hp_LEAD_2))

**Why I chose Star Bulk Carrier Co**

* They provide ocean transportation of dry bulk cargoes worldwide, including coal, grains, fertilizers, iron ores and steel.
* Fleet of 128 vessels can ship about 14.1 million deadweight tons of products
* Stock was upgraded from ""buy"" to ""strong buy"" earlier this week.

**My play**

$SBLK

95.1% Win probability  
Make up to 14.1% (24.6% annualized)  
36% cushion  


Buy 1 $28 call  
Sell 1 $32 call  
Sell 1 $18 put  
Sell 1 $19 put  
Exp 11/18/22

Breakeven $18.00

**TL;DR**

Beat inflation on consumer goods by investing in the supply chain.

Anyone thinking the same thing?",Ukraine|Russia|invasion,Ukraine_direct
ufcbh8,2022-04-30,investing,How to find sponsorship for Ukrainian business?,[removed],Ukrainian,Ukraine_direct
uzurrf,2022-05-28,stocks,What's happening in the market...,"There is a likely recession occurring that could be mitigated with a soft landing. If there is a recession, it will occur in two parts:

* First phase: The fed indicates rate hikes. Increased rates results in the market demanding a higher return on equities to compensate for the additional risk, which results in a contraction in the overall market P/E ratio. But, while this is happening, the underlying performance (earnings) of equities generally remains strong. Unemployment remains low, consumers continue to spend as they have jobs and money in their pocket, and companies can pass along inflationary impacts to the customer through higher prices. I think we are at the end of this first phase.
* Second phase: Prices continue to increase to a point where demand begins to slow. As demand slows, companies have a harder time passing along increased costs to their customers. Companies tighten the belt, resulting in layoffs, which increases unemployment (obv) and reduces overall demand. At this time, the underlying performance of equities is impacted and the market falls into a death spiral. Less demand -> less earnings -> layoffs -> less demand, etc. This death spiral is only stopped by the fed stepping in, usually through an injection of cash and lowered interest rates, to spur demand. The bottom of the market is right before this happens.

I think we are at the end of the first phase. The second phase won't start until consumers stop spending. I see a few factors that could contribute to this starting in Q3/Q4 this year:

* Consumers dip into savings this Summer to enjoy the warm weather. They will come out of the Summer with less savings available.
* Inflation on mandatory goods remains strong and outpaces salary increases. After accounting for mandatory goods, house hold budgets have very little money remaining, and the summer spending blitz extinguishes their savings. The result is less discretionary spending.
* Freeze on student debt ends in September, further tightening household budgets.
* Increased mortgage rates further tighten household budgets for any new home buyer. This will have a slower impact on demand but still contributes.

So, what would have to happen for this not to occur? It all depends on if supply can recover and meet the demand of the market, and how quickly this occurs. If this happens quick enough, the inflation on mandatory goods will stabilize, consumer discretionary spending flatlines or contracts slowly, companies manage costs without large layoffs, the market slows/stalls for a bit but then continues with moderate growth as supply/demand are back in line with each other. This is what the soft landing would look like.

My best guess is that this soft landing won't be achieved. Due to the Ukraine conflict and COVID lockdown in China, supply is disrupted long enough for us to begin the death spiral. Supply will only recover to meet demand once demand is decimated, and around this time we will see the bottom and the fed intervene.

Market prediction: Market rallies on the back of strong earnings until \~3Q of this year. At this time, people will start to talk about FOMO since they missed the bottom. At the same time, consumer demand begins to contract and the death spiral begins. This will result in a strong recession in 2023 and we will see the bottom only when the fed steps in.

&#x200B;

Disclaimer: I'm likely wrong as no one knows what's going to happen.

Edit: Formatting.",Ukraine,Ukraine_direct
10aevdq,2023-01-12,StockMarket,Returns Annualized - Composer's Year In Review 2022,"‘Despite the tighter policy and slower growth over the past year, we have not seen clear progress on slowing inflation.’ \[1\] As J Powell addressed the Brookings Institute in November, it was clear that 2022 was a turbulent year for the Fed, emphasized by their inability to deal with rampant inflation; a result of the global energy crisis caused by the Ukrainian war, a global food supply crisis, and the rapid money supply increase since the COVID pandemic (in the last two years, the Fed allowed the M2 money supply to increase by approximately 40% \[2\]). On the global stage, economic growth slumped from 6% in 2021 to 3.2% in 2022 \[3\]; a result of monetary tightening across the board, the long tail of the COVID pandemic, and the cost of living crisis. The end of the year was topped off with the collapse of the crypto exchange FTX and a loss of investor confidence in the crypto markets. Private markets didn’t fare much better with deal activity and value on Carta dropping every quarter \[4\], exacerbated by the ballooning valuations in 2021.

# So what asset classes fared better than others in 2022?

https://preview.redd.it/8v1a3v548pba1.png?width=1842&format=png&auto=webp&v=enabled&s=56b56085b332a43f75770bfbc011eca5447f082d

It’s not surprising that commodities (DBC) generated **19.3%** in cumulative returns in 2022 given the macroeconomic factors at play. Managed futures also saw over **17.2%** cumulative return in 2022. On the other hand, the FED’s continual interest rates hikes hit long term treasury bonds hard. 20 plus year treasury bonds (TLT) and 7-10 year treasury bonds (IEF) both saw a drop **over 15%** in cumulative return. It wasn’t a good year for REITS either with VNQ dropping **over 25%** in cumulative return.

# How did asset class performance correlate with each other?

https://preview.redd.it/pzz5jkj78pba1.png?width=1401&format=png&auto=webp&v=enabled&s=4fd794dba4448404bd46e858abdba049cf605a4f

In 2022, stocks and bonds moved together (against historical wisdom), with a correlation of 0.32 between SPY and AGG, although the strength of the correlation weakened with longer term bonds 0.19 (IEF) and 0.08 (TLT). As interest rates rose and economic growth dampened in 2022, both stocks and bonds were pushed down.

Let’s now shift toward Composer-specific data. As a community, Composer users built **31,000 symphonies**, ran **1 million backtests**, and **automated 1.8 million trades**.

# How did Composer symphony returns move in relation to each other?

https://preview.redd.it/bbqj8kj98pba1.png?width=1628&format=png&auto=webp&v=enabled&s=3b2a5321462d1c5177a0f8bd285cc2b67ae7fb85

[Safety in Sin Stocks](https://app.composer.trade/symphony/6lLWbBtodpMpQjZlP1Od/details) (a symphony investing in the likes of defense and entertainment) showed weak correlation of 0.44 with [Hedgefundie’s Excellent Adventure Refined](https://app.composer.trade/symphony/GRJDa5zW93bZJwPDijdu/details) (a risk on/off symphony investing in leveraged equity/bond positions or safe havens) and 0.42 with [The Not Boring: Rising Rates with Vol Switch](https://app.composer.trade/symphony/GgJ8sChXZn6IXmiylDNw/details) (a risk on/off symphony navigating the rising rates environment). While Safety in Sin Stocks can potentially hold a combination of alternative ETF’s such as US Aerospace & Defense (BATS), US Energy (ARCX), and Esports (XNAS), the Hedgefundie and Not Boring symphonies both switch across more traditional bond, gold, and US index fund ETFs.

Meanwhile, the[ Dragon Portfolio](https://app.composer.trade/symphony/vWMM10oxpSNOXY6vPuJ6/details) (based on the Artemis Dragon Portfolio) showed a very strong correlation of 0.95 with [The Dalio](https://app.composer.trade/symphony/6oGqcHPz8hb9s93lIeD2/details) (all-weather strategy developed by Ray Dalio) and [Golden Butterfly](https://app.composer.trade/symphony/7k87CXDkH0QCPHz5Infu/details) (inspired by the popular equal-weight portfolio combining stocks, short- and long-term Treasuries, and gold). All three of these portfolio’s hold long term treasury bonds, gold, and some form of commodity which can explain the correlation strength (although the Dragon Portfolio is more internationally focussed).

# What symphonies performed the best in 2022?

https://preview.redd.it/7el38ulb8pba1.png?width=1766&format=png&auto=webp&v=enabled&s=24e0e05ceaa0760f3c587c5d9cdc297be565963c

[Buy the Dips: Nasdaq 100](https://app.composer.trade/symphony/ltYJfAbjNyUjIrA2TQyS/details) clearly outperformed all other symphonies in 2022 with a cumulative return of **32.2%**. We believe the logic of this mean reversion symphony had good timing with dips in the market and was further emphasized by the number of opportunities that the symphony was able to enter TQQQ in 2022. [Crude Reality: The Smarter Oil Playbook](https://app.composer.trade/symphony/aw42jPNspqEl3RklAoPe/details) also showed strong performance with a cumulative return of **17.8%** (driven by a rally in the DBO oil fund ETF from February to June following the Russian invasion in Ukraine).

https://preview.redd.it/dp2dur5d8pba1.png?width=1766&format=png&auto=webp&v=enabled&s=56a1cb3fc637902ff0232a8358816c4a58ae4ec9

In 2022, SPY had a negative sharpe ratio of -0.74. On Composer’s platform, the [Volatility Hedge](https://app.composer.trade/symphony/0dKcj7cKmeHhafQKlrHM/details) symphony had the highest Sharpe ratio in 2022 at just over 1.2. Given the inflationary environment, [Stoic Finance Presents: Inflation Spiral Hedge](https://app.composer.trade/symphony/c1bWgoNRaiff8ZZwBGD0/details) also had a strong sharpe ratio. Note: We are assuming a 0% risk-free rate.

**What were the most bought and sold ETF’s on Composer?**

https://preview.redd.it/ejfqfy9e8pba1.png?width=1691&format=png&auto=webp&v=enabled&s=a51a730804fe2fce55b2f66a632a249dca3685d4

SQQQ and SOXS represent the most bought ETFs on Composer’s platform while XLRE and DPST represent the most sold ETFs. Overall, investors moved into leveraged shorts on the Nasdaq and semiconductor industry, as well as short term bonds. On the other hand, investors moved out of real estate, regional US banking stocks, and technology companies.

# What were the most and least risky symphonies?

https://preview.redd.it/ngwqcgnh8pba1.png?width=1829&format=png&auto=webp&v=enabled&s=3cf972dee1e3145ccc0423f946c13d39c8b88d7c

Evaluating [Value at Risk (VaR)](https://www.risk.net/definition/value-at-risk-var) at the 95% level, [Hedgefundie’s Excellent Adventure Refined ](https://app.composer.trade/symphony/GRJDa5zW93bZJwPDijdu/details)was the riskiest symphony. The risk on aspect of this symphony weighs 55% towards UPRO (3x leveraged daily exposure to large and mid sized US companies) and 45% towards TMF (3x leveraged daily exposure to an index of 20 year plus US treasury bonds). [Volatility Hedge](https://app.composer.trade/symphony/0dKcj7cKmeHhafQKlrHM/details) was the least risky symphony in 2022 focussing only on Gold and the US dollar.

# What were the symphonies with the lowest drawdown?

https://preview.redd.it/ecgyvldj8pba1.png?width=1766&format=png&auto=webp&v=enabled&s=ac17fa0b3aa79ef4b975642745fa0f16b91078ad

[Volatility Hedge](https://app.composer.trade/symphony/0dKcj7cKmeHhafQKlrHM/details) had the lowest maximum drawdown of 2.75% in 2022 as a result of holding safe haven assets (gold and US dollar). [Tactical Asset Allocator](https://app.composer.trade/symphony/kULEdknQwUoefsGpQKsT/details) was not far behind with a 5.59% maximum drawdown in 2022.

# Looking ahead to 2023

2022 was marked by rising inflation, an energy crisis, and a slowdown in economic growth. In this macroeconomic environment, commodities, safe haven assets, and long term bond shorts all showed strong performance. On the Composer platform, users were able to build smart logic driven strategies to capitalize on these asset classes. [Crude Reality: The Smarter Oil Playbook ](https://app.composer.trade/symphony/aw42jPNspqEl3RklAoPe/details)(utilizing commodity ETF logic) showed a cumulative return of 17.8%. Elsewhere, Composer users managed to minimize their risk systematically through the [Volatility Hedge](https://app.composer.trade/symphony/0dKcj7cKmeHhafQKlrHM/details) symphony, shifting assets to US dollar and gold. While SPY had a sharpe ratio of -0.74, Composer users in

[Stoic Finance Presents: Inflation Spiral Hedge](https://app.composer.trade/symphony/c1bWgoNRaiff8ZZwBGD0/details) and [Volatility Hedge](https://app.composer.trade/symphony/0dKcj7cKmeHhafQKlrHM/details) both had strong Sharpe ratio performance in comparison. Looking ahead in 2023, the Fed will hope they can push inflation back to their 2% target, most likely at the expense of a further slowdown in economic growth.

**References**

\[1\][https://www.federalreserve.gov/newsevents/speech/powell20221130a.htm](https://www.federalreserve.gov/newsevents/speech/powell20221130a.htm)

\[2\][https://www.bloomberg.com/opinion/articles/2022-12-29/2022-in-review-economically-it-was-a-surprisingly-normal-year](https://www.bloomberg.com/opinion/articles/2022-12-29/2022-in-review-economically-it-was-a-surprisingly-normal-year)

\[3\][https://www.imf.org/en/Publications/WEO/Issues/2022/10/11/world-economic-outlook-october-2022](https://www.imf.org/en/Publications/WEO/Issues/2022/10/11/world-economic-outlook-october-2022)

\[4\][https://carta.com/blog/state-of-private-markets-q3-2022/](https://carta.com/blog/state-of-private-markets-q3-2022/)

Note: All metrics in this update are calculated based on adjusted close prices from December 31st 2021 to December 31st. Symphony performance is calculated based on hypothetical backtests and does not include Composer subscription fee.",Ukraine|Ukrainian|Russia|Russian|invasion,Ukraine_direct
111umz0,2023-02-14,StockMarket,"In 2021, the United States purchased 14 percent of its uranium from Russia.","US never imposed sanctions on uranium because it is vital cog in the wheel to keep the lights on.

Most of the uranium Russia exports is bought from Kazakhstan — a country that is landlocked and ships its uranium to Europe and the United States through Russia.

Uranium is an essential commodity. Even in Europe, when sanctions were imposed on Russia after they annexed the Crimean peninsula, Europe did not impose a ban on on Russian gas.

Even this war that is taking place in Ukraine,  the story gets twisted. If you can unravel it, you deserve to be Sherlock Holmes.

Someone blew up the gas pipelines and they think it was the USA.

It gets complex. Now the USA is sending depleted uranium shells to Ukraine.

War what's it good for, absolutely everything.Bradley Fighting Vehicles now being sent to aid in Ukraine’s defense against Russia would come armed with the 25 mm armor-piercing depleted uranium rounds they’re capable of firing.

Amid the energy crisis accelerated by the Russian-Ukraine war, countries like Japan, France, South Korea, India, the UK, the US, and Germany recently announced new constructions and additional incentives and funding for nuclear power.
 
Japan sentiment changing, with starting up  you their 40 existing reactors.


It echoes comments from the world’s largest listed uranium miner Cameco and its CFO Grant Isaac, who told instos at the CIBC institutional investor conference in Whistler, Canada, the groundwork was being laid for a uranium boom.

Isaac said inflation-related supply issues, a clean energy crisis which was seeing more governments support nuclear reactor builds and life extensions and Russia’s cancellation from international markets were all heating up.

Australia has a ban on nuclear but are seriously thinking about it.",Ukraine|Russia|Russian|sanctions,Ukraine_direct
12atjko,2023-04-03,investing,Financial Planner suggesting I divest from international equities and focus on US stocks,"As stated above.  Financial planning company believes that international stocks are at risk in 2023, primarily due to the war in Ukraine and the instability in Europe.  

The US stocks are a variety of companies with solid fundamentals.  Interested in opinions of whether or not this is sound advice or if it opens me up to risk as my equities portfolio will be concentrated on US companies.",Ukraine,Ukraine_direct
14fva3u,2023-06-22,investing,Do people buy physical gold still?,"I have been wondering if anyone buys physical gold in case our economy crashes or if there is ever a war where we need to flee the country.  
My thinking is that gold is a great way to secure value as it can be sold in different countries for a similar price.

For example, the Russia v Ukraine war caused the russian ruble to crash, however, if you had gold in Russia and managed to escape, you could have sold that gold elsewhere. (Before the embargo’s were put on Russian gold).",Ukraine|Russia|Russian,Ukraine_direct
14yk5db,2023-07-13,stocks,Escalating Nuclear Threat: Russia Raises Alarm over F-16 Jets in Ukraine,"Date: July 13, 2023

In a startling declaration, Russian Foreign Minister Sergei Lavrov has raised concerns over the Western-supplied F-16 fighter jets in Ukraine, viewing them as a significant “nuclear” threat. Lavrov’s statement has ignited fears of escalating tensions between Russia and the West, as the conflict in Ukraine takes on a new dimension.

Amidst Ukraine’s plea for military aid to counter Russia’s offensive, the Netherlands and Denmark have taken the lead in training Ukrainian pilots on the operation of US-manufactured F-16s. This move, backed by an 11-nation coalition, has received authorization from the United States, causing Russia to express deep apprehension.

Lavrov pointed out that these modern warplanes have the capability to carry atomic weapons, making them a cause for immediate concern. Russia, he stated, cannot afford to disregard the potential threat posed by these aircraft, as their use in combat operations may become a critical issue.

While no official confirmation has been provided by Washington regarding the transfer of F-16s to Ukraine, Lavrov’s statement underscores Russia’s growing unease. The mere existence of these systems within the Ukrainian armed forces, irrespective of their nuclear payload, is seen by Russia as a clear encroachment into its sphere of influence.

The situation is further exacerbated by recent developments in Belarus, where Russia has positioned a number of nuclear weapons. This strategic placement brings these potent weapons closer than ever to both the United States and Europe, intensifying the concerns raised by Lavrov.

The Netherlands and Denmark’s collaborative effort to train Ukrainian pilots using F-16s is scheduled to commence in Denmark this August. While the move is aimed at supporting Ukraine’s defense capabilities, it has inadvertently heightened tensions and sparked a fresh round of geopolitical discourse.

The delicate balance of power between Russia and the West is under strain, and the introduction of F-16 jets into Ukraine’s arsenal has the potential to further destabilize the region. The growing proximity of these advanced warplanes, coupled with the strategic positioning of nuclear weapons, underscores the need for diplomatic efforts to ease tensions and prevent an escalation into a full-blown crisis.

As the world watches these developments unfold, it is crucial for all stakeholders involved to exercise restraint and seek peaceful resolutions to avoid catastrophic consequences. The situation demands careful diplomacy, effective dialogue, and a renewed commitment to global security in order to mitigate the risks associated with such volatile circumstances.",Ukraine|Ukrainian|Russia|Russian,Ukraine_direct
17hrlq0,2023-10-27,stocks,What are today's sentiments towards the market? How are we feeling,"Beginner investor here - just been mostly lurking, holding & slowly buying on dips on a few companies and VOO for about 9 years now.

Going back a few months, say April 2023, obviously the market outlook was horrible. Just to name a few that put fear on to market: inflation, more rate hikes, recession, Ukraine war, inverted yield curve, and so on... I've personally pulled out and parked \~60% of my portfolio into USFR, sitting on the side to evaluate as events unfold.

Fast forward to today, how have things changed? I'm having a difficult time reading into the overall market sentiment and thought I could ask here.

To me some uncertainties today are: recession (some say it already happened), possible further rate hike with continued strong US economy, more global unsettling events in the Middle East, inflation, VIX hit 20 again (although it could be a good signal to initiate a long term position), long term impacts of high rates on global macro economics and corporate profitability, and so on.

There are a few companies that dropped in stock price and seems interesting to me, but I'm not sure how to feel and how others are feeling today. Any thoughts or feelings shared would be appreciated!

Edit: Forgot to add in that although there were fears, the market actually rallied until July, which is largely why I'm not sure how to feel today.",Ukraine,Ukraine_direct
lgmi8o,2021-02-10,StockMarket,the invasion...,,invasion,blank_body
pamu1k,2021-08-24,StockMarket,Russia is pumping a lot less natural gas to Europe all of a sudden —why?,,Russia,blank_body
ssz49v,2022-02-15,StockMarket,Russia pulls back its troops from the Ukraine border,,Ukraine|Russia,blank_body
szraof,2022-02-23,investing,A neat tool that visualizes what products were exported from Ukraine over a selected year...may be a good way to analyze how geopolitical issues affect different countries,,Ukraine,blank_body
t4a6q3,2022-03-01,StockMarket,Follow the money: Ukraine war boosts Bitcoin and green stocks as crypto helps Russians and oligarchs to get funds out,,Ukraine|Russia|Russian,blank_body
tc86wx,2022-03-12,stocks,"""BlackRock funds just lost $17 billion due to Russian exposure. That’s just the tip of the iceberg, as Western banks are owed $121 billion by Russian entities""",,Russia|Russian,blank_body
u2ic3b,2022-04-13,StockMarket,What Comes After $WEAT? Russian $CORN and Sugar Cane,,Russia|Russian,blank_body
10ephp7,2023-01-17,StockMarket,Russia and Iran intend to launch a new stablecoin backed by gold.,,Russia,blank_body
11bnukt,2023-02-25,StockMarket,The Market Will be Choppy untill War in Ukraine is over.,,Ukraine,blank_body
188v7wg,2023-12-02,StockMarket,Putin unveils national strategy for AI development in Russia,,Russia|Putin,blank_body
lt5iby,2021-02-26,investing,Impacts of Biden Sanctions on Saudi's PIF,[deleted],sanctions,deleted_body
luji00,2021-02-28,stocks,"The meme stock situation could have enormous consequences for the financial/govt sectors, due to the likes of China, Russia, Iran, DPRK etc",[deleted],Russia,deleted_body
p325vf,2021-08-12,StockMarket,Russian Government Bonds - Attractive 7% Yield in a Low Interest World,[deleted],Russia|Russian,deleted_body
sztp66,2022-02-23,investing,Investing in Ukraine. Shall we?,[deleted],Ukraine,deleted_body
t5vfom,2022-03-03,stocks,Cleveland Fed President Mester says Ukraine war accelerates the need for interest rate hikes,[deleted],Ukraine,deleted_body
u2yygj,2022-04-13,StockMarket,Biden and Ukraine: from climate champion to oil price panic,[deleted],Ukraine,deleted_body
10ys338,2023-02-10,stocks,"Russia will cut output by 500,000 barrels a day next month in retaliation against Western sanctions",[deleted],Russia|sanctions,deleted_body
11dd39h,2023-02-27,StockMarket,All of the updates you need about the Ukraine war,[deleted],Ukraine,deleted_body
n4tc5v,2021-05-04,investing,Why You Should Short The Intel Fab Play,"Intel has risen on news that it will spend $20B on establishing chip manufacturing factories in Arizona, but this news is more bearish than bullish to me.

Investing in Intel now, is nonsensical once you consider the full situation. I reiterate my bearish position on Intel and recommend a diagonal put play.

I’ve more-or-less officially been an Intel bear for a few months now. As of late, many have asked me whether I am changing my stance on Intel due to its $20B manufacturing facility (FAB) production project. As much as I would love to reverse directions and proclaim myself a born-again Intel bull, I must objectively call Intel’s announcement as another bearish catalyst. In light of this news, I am happy to double down. Today, I will explain my viewpoint.

*The Fab Ahab:*

Ahab was the seventh king of Israel. He inherited a powerful kingdom but was eventually brought down due to his own vices and not upholding his responsibilities. Many consider Ahab to be Israel’s worst king.

Intel shares many similarities with Ahab. The company easily dominated the chip kingdom with its x86 IP, but this made Intel a bit too complacent: Easy money from x86 led the company to focus more on maintaining the status quo than moving the foundry market forward. In its comfort, Intel has lost its partnership with Apple (AAPL), who has successfully developed M1, a chip much more efficient than the previously used Intel x86 chips; failed to keep up with the shrinking node trends, currently struggling to produce 10nm chips while others are working on 3nm; and has even been overtaken by AMD, which long sat in Intel’s giant shadow. Intel’s story – to me – looks like a downfall story in the making.

Intel finally sees the need to fight back, and the two fabs in Arizona, due 2024, at the cost of $20B is the latest strategy. However, it is a risky strategy. Adding fabs to the business is not just a one-time cost of the $20B but requires consistent upkeep and upgrade costs, something more like $20B per year, which, over the coming decade, would be more than Intel’s total current equity. Intel is thus further adding operational costs to its business during a time when the company is expected to see shrinking revenue and earnings. Typically, the responsible reaction to such earnings decay is to cut down on costs. Intel would seemingly rather throw Hail Marys.

*Hail Mary:*

I call the fab announcement a Hail Mary not because adding fabs is inherently a bad idea but because Intel seems to have little time remaining on the clock to benefit from this action before it finds itself well behind its competitors. Intel should have built fabs years ago when it was still the market leader and still growing earnings. Intel could have become the go-to chip manufacturer in the US, but now it faces an uphill battle in light of how strong Taiwan Semiconductor Manufacturing Company (NYSE:TSM) and Samsung (OTC:SSNLF) have grown over the past decade.

At roughly the same time as Intel’s announcement to build fabs in Arizona, TSMC (henceforth TSM) announced its own fab construction in Arizona. Clearly, there is a rush to build fabs in the US, and the reason, too, is clear: China. The US reliance on Taiwanese fabs combined with increasing concerns over a Chinese invasion of Taiwan means that the US would love a modern fab stateside. That is, Intel’s decision to create fabs at this time was not decided in a vacuum; instead of the decision being a business-focused decision, it is a situation-focused decision – a decision of convenience rather than one for the sake of shareholders.

*Intel’s Fab Focus In Question:*

Intel could be attempting to cozy up to the US government with its new fabs. The Department of Defense certainly wants some fabs stateside as China’s shadow grows over Taiwan. Intel might be playing the Tesla (TSLA) game by looking for taxpayers to help subsidize its business, gaining a novel edge over AMD.

In any case, I don’t see the news fabs to be transformative for Intel in the positive sense. If Intel is really going all-in on fabs, we will need many years before we see a significant payoff. Investing in INTC now, during a time of nose-bleed tech valuations and during earnings contractions is not a smart investment decision.

And if Intel is looking for government subsidies by being the main US chip manufacturer, this is essentially a white flag; Intel cannot compete in the game of technological advancements and needs a handicap. This is not Tesla being subsidized as it forays into a fledgling industry but an old, stubborn company attempting to stay afloat via means outside its own merits. You would be better off investing in AMD or TSMC if you want exposure in US chip design or manufacturing.

Overall, I reiterate my bearish outlook on Intel relative to the rest of the chip industry. The upward momentum in Intel and its current price are not sustainable by the news: The fabs and other aspects I’ve mentioned in previous articles are perceived as bullish while they are in fact bearish.",invasion,invasion
nrh2hj,2021-06-03,StockMarket,"The global chip shortage and how I'll be taking advantage of the semi's dip: NVDA, AMD, AMAT, TSM","The global semi-conductor shortage, aka chip shortage, has been crippling many industries. Demand for chips is continuing to outstrip supply and the car industry is longer the only one feeling the pain. Many auto-makers are actually limiting the amount of cars produced in 2021, including Ford recently who announced they will be canceling weeks worth of production of the F-150.

**Overview**

There are a few factors at play giving analysts the impression that this shortage may last until early 2022. There’s a few KEY points that come to mind:

* Most chips are produced overseas: Covid-related delays in shipping ports have effected supply coming into the United States.
* China has been stock-piling chips: Chinese businesses have bought an absurd amount of chip-producing equipment (roughly $32 billion) in an effort to protect themselves from further US sanctions.
* Demand for electronic products have soared.
* Often over-looked, consumers don’t realize the amount of chips it takes to build cars in 2021. The trend is continuing in the same direction as many analysts expect the automative industry to begin predominantly developing cars with network connectivity.

This leaves an opportunity for those willing to look past the hardship some of these companies are experiencing of being unable to meet demand. The semi-conductor industry is expected to grow at CAGR of roughly \~9% over the next 7-8 years. I see this as a relatively conservative number and it is my opinion that we are heading into a super-cycle of chip upgrades, processing power, and memory devices. Here are a few reasons:

1. We are already seeing noticeable shift in demand and the way consumers are interacting in a new digital world.
2. These electronics are becoming faster and more powerful, which simply requires a larger quantity & quality of chips.
3. More and more devices rely on connectivity and the car industry is now making it’s way onto a similar path.
4. Following Nvidia’s earnings call we are seeing a large rise in trends for AI and machine-learning which is leading to increased demand for the required components.
5. The rise of crypto mining will also play a role in the increased demand.

**The Players**

Many of the chip-related plays have already seen convincing growth over the last 12 months. However, several names have recently followed the markets to the downside and currently pose a potential good entry point. This secular trend in semi-conductor demand over the next several years is here to stay.

My semis watchlist is holding some familiar names: Applied Materials (AMAT), ASML Holdings (ASML), Skyworks Solutions (SWKS), Nvidia (NVDA), Intel (INTC), Advanced Micro Devices (AMD), Qualcomm (QCOM), and Taiwan Semiconductors (TSM).

The ones that make my shortlist are the following: NVDA, AMD, TSM, and AMAT. Here’s a look at the 2-year chart for the 4 tickers mentioned above. 

https://preview.redd.it/xr0kge6rq2371.png?width=2380&format=png&auto=webp&s=c4beece1276b8c383ed5a2c0cca07bf40f42da11

&#x200B;

It is clear the secular trend in computer chips and processors have contributed greatly to the growth of these companies. Let’s take a look at a shorter time-frame. Here’s the 3-month chart for the same list of tickers. 

https://preview.redd.it/pip83wxqq2371.png?width=2388&format=png&auto=webp&s=b353b714f1958233646a57ee5680bf2385ee2a3d

&#x200B;

Looking at it from another angle we see AMD and TSM have been lagging behind the performance of AMAT and NVDA, who are on a nearly identical path. TSM is a leading manufacturer of chips and actually supplies most of AMD’s chips. They are based in Taiwan and there have been some concerns over the potential invasion of China. Setting those concerns aside these companies may still experience strong growth. My plays right now are in AMD and TSM and I will feel comfortable adding to any of the names I mentioned in this article if the right entry point shows itself.

**Final Thoughts**

I would love to say here’s why “x” company is in a better financial position than company “y”, but in this case I believe the high demand for semiconductors will benefit most names participating in this industry. Of course, not every company is made equal so please do your own research before investing in any stocks. In my opinion, this industry is in an upward secular trend and demand remains in-tact, providing tailwinds to the participants.

Keep an eye on earnings reports and financial data of companies that BUY these products. Look at phone, tablet, computer manufacturers (Apple), cloud server providers, Google server expansion (also server chip REPLACEMENT rates, which is a thing), and AI/Machine learning projects (autonomous driving, video analysis, big-data processors). It may be years before the growth slows in this industry and these players will stand to largely benefit.",invasion|sanctions,invasion
qrvyuc,2021-11-11,stocks,Nine US governors press U.S. lawmakers to pass 52 Billion semiconductor funding bill. Taiwan unreliable potentially trillions at risk.,">https://www.governor.pa.gov/newsroom/governor-wolf-bipartisan-governors-urge-congress-to-pass-chips-act-to-create-american-jobs-boost-semiconductor-production/

So far the shortage has cost 2.2 Million vehicles. That could just be a tiny fraction if Taiwan has more serious future issues such as natural disasters or China invasion, which could cost businesses TRILLIONS in damages to companies such as:  Ford (F) , General Motors (GM) , and Toyota (TM), Dell Technologies (DELL),  Apple (AAPL), Google (GOOGL), AMD, NVDA, and many more.


>The group, which also includes the governors of auto-producing states like Alabama, said the shortage had cost automakers 2.2 million vehicles and affected 575,000 jobs in the industry.

>The semiconductor funding passed the U.S. Senate earlier this year by 68-32 as part of the broader U.S. Innovation and Competition Act, or USICA. But it has not passed the House of Representatives.



https://www.reuters.com/world/us/nine-governors-press-us-lawmakers-pass-semiconductor-funding-bill-2021-11-10/

Edit: this news has been censored and removed from:  r/finance r/Economics r/StockMarket . Youve got to hope it isnt because their mods support Taiwan at the expense of the stability of the USA.",invasion,invasion
tjiynm,2022-03-21,investing,"White House to meet with oil, bank, other companies about Russia invasion","[Biden administration officials will meet](https://thehill.com/homenews/administration/599053-white-house-to-meet-with-oil-bank-other-companies-about-russia) *with executives from various industries including oil companies, clean energy firms and major banks about the ongoing conflict between Russia and Ukraine.* 

*It will be led by NEC Director Brian Deese, national security adviser Jake Sullivan, Treasury Secretary Janet Yellen and Commerce Secretary Gina Raimondo.* 

*Simons said that the meeting will feature companies in the financial services space, including Visa, JPMorgan and Bank of America.* 

*It will also include oil companies like ExxonMobil and ConocoPhillips, refiners like Marathon Petroleum, and those in the clean energy sector like Pattern and Invenergy*.

&#x200B;

**This either means he will ask oil companies to lower rates, and/or commit to remove red tape, and/or (dare I say) funding for the them... perhaps  there  could be a bullish play for oil.**",Ukraine|Russia|invasion,invasion
uh2c68,2022-05-02,StockMarket,Where to put 500k right now?,"Kinda a newbie here. I'm 30 and I've never really invested in the stock market before. My life so far has been a series of failures and stupid mistakes. I'm ready to do something right for once.

A Japanese company purchased my tech startup before the Ukrainian invasion and I've been sitting on the cash. The stocks are tanking right now. Is it smart to get in? What's a realistic 5, 10, 20 year plan? I don't really need the cash right now. I jumped into an easy developer gig, sold my house after divorce, and paid off my car. Without the wife, I'm saving thousands while I live a simpler life 😂. 

I can afford a little risk, but perhaps I should curb my stupidity... What y'all think? :)",Ukrainian|invasion,invasion
xxqe37,2022-10-07,StockMarket,Defense stocks have been unable to hold onto gains following the invasion of Ukraine (right click chart to turn off loop),,Ukraine|invasion,invasion
zpnu39,2022-12-19,stocks,Why December CPI numbers are likely going to show deflation and why annualized inflation will rapidly approach 0 in 2023.,"As we all know, inflation is the buzzword of the moment. However, November's CPI was only +.1%, which would be 1.2% inflation annually. The numbers have come down dramatically since June of 2022, which showed a month over month gain of 1.3%. In other terms, as of November 2022 data, the annualized rate has dropped to what the monthly rate was only five months prior - a 92% decrease. 

What will December CPI show? We have inklings. 

Retail gas prices, available here -

https://ycharts.com/indicators/us_gas_price

show that we are down about 13-14% from November. 

https://www.wsj.com/market-data/commodities

Natural gas, crude oil, heating oil, and retail gas futures are all also down from November, variably so, but DOWN. An approximate 10-20% decrease across the board is apparent. 

What else is dropping? Food commodities are also visible at the WSJ chart, corn and wheat, coffee, all are plunging - the only exceptions are cattle and sugar. 

https://www.bls.gov/news.release/pdf/cpi.pdf

As we can see from the CPI inputs, we have data at our fingertips showing that most of the inputs are down A LOT from November. Groceries and eating out are stickier than the raw commodity prices so they will not match the futures exactly, but the trend is down. The car market is also f*cked. The only numbers we cannot get (unless someone can - would be great!) are for shelter and the other factors at the bottom of the chart, but with the recent revisions to the BLS job numbers (no growth!) and the stalled housing market I think rents are also probably stable at this point. 

What does this mean? 

Apparently the ""trading economics"" forecast for December CPI is +.2%. I disagree with this. Energy prices have been falling significantly since mid November, as have most commodity prices across the board. The rise in interest rates has already put us into recession IMO even if the numbers do not confirm this yet, and I believe fed policy is misguided as this entire fiasco was due to the supply chain issues generated by COVID and the invasion of Ukraine, NOT from loose monetary policy which was necessary to keep the economy afloat in the face of both crises. 

In sum, I think the data we already have for December - barring something unforeseen at the end of the month - confirms that the next CPI print out will show DEFLATION. In fact, I would not be surprised if it was even -.5%. December 2021 CPI was +.6% (annualized +7.2%), if we are at 0% this month, inflation will have fallen by 100% year over year, and annualized CPI will drop to 6.5%. If we are -.5%, it will be down to 6%, a drop of 15.5% in one month! 

The future is bleaker from there. The next print outs after Dec 21 were Jan 22 (+.6%), Feb 22 (+.8%), and March 22 (1.2%). April saw a relaxation (.3%), May went back up (+1%), and June was the peak (+1.3%). 

If we assume 0% inflation through June 2023 - which I think may be GENEROUS given the energy numbers, the prohibitive interest rates, and the possible resolution of the Ukraine crisis and the continued amelioration of supply chain issues - off an annualized baseline of 6.5%, we would hit 5.9% in January, 5.1% in Feburary, 3.9% in March, 3.6% in April, 2.6% in May, and 1.3% in June. I.E., with values at zero and NOT negative, we are going to see today's annualized number become the actual annualized number as of 6/2023. 

If December of 2022 comes in below 0 - i.e., -.5% as I think is quite possible given the energy plunge - things accelerate faster. Assuming we are at 6% annualized in Dec 2022 and the monthlies are -.3% through June 2023, we would be at 5.1% as of 1/22, 4% as of 2/22, 2.5% as of 3/22, 1.9% as of 4/22, +.6% as of 5/22, and -1% by June of 2022. 

Barring another black swan event - which is possible, but could also result in even more deflation! - the trajectory since June of 2022 would put as at annualized inflation of under 2% between March and June of 2023, with a risk of actual annualized DEFLATION also appearing sometime after April 2022 if the December trends continue. 

What does this mean? I think the Fed pivot will accelerate, I think we have one or, at most, two small hikes before the pause, and I also think that we will see rate CUTS by June of 2023. This likely portends a stock market bottom that has already occurred or will occur in Q1 of 2023, and if we see several consecutive negative CPI print outs, QE is likely back on the table by Q2-Q3 of 2023.",Ukraine|invasion,invasion
11eq5zq,2023-03-01,investing,AP: US Economy Sending Mixed Signals,"https://apnews.com/article/economy-inflation-interest-rates-jobs-recession-f218111d29793783338e3ff6ec040da2

We often debate individual data points, but this article I think provides a really comprehensive view of all the data points together for the US economy. In short, what began as supply chain/reopening/Russia's invasion inflation (goods inflation) is now shifting to harder to tame services inflation. With excess savings from the pandemic, people continue to spend; the labor market remains tight as companies do not want to give up workers that many let go initially during the pandemic, now raising their wages to keep them. They then pass prices to consumers who have continued to spend. The only major industry to see a substantial pull back is housing. 

Because of this, what started as expectations for a soft landing (due to declining inflation for months and expectations of a slowing economy) have now moved to a belief the Fed may need to be more restrictive to tame inflation, a hard or harder landing scenario. After declining consistently, core inflation rose the past month. Moreover, consumer spending rebounded after a slow holiday season. Other measures rebounded more than expected. Economists still expect a recession, but see it as further off into the future. 

While noone can say for sure what will happen, this to me seems a pretty good analysis of where things stand now. Always subject to change as information changes",Russia|invasion,invasion
1280uii,2023-03-31,stocks,"Wall Street Week Ahead for the trading week beginning April 3rd, 2023","Good Friday evening to all of you here on r/stocks! I hope everyone on this sub made out pretty nicely in the market this week, and are ready for the new trading week, month and quarter ahead. :)

Here is everything you need to know to get you ready for the trading week beginning April 3rd, 2023.

# **Stocks close higher Friday, Nasdaq notches best quarter since 2020: Live updates - [(Source)](https://www.cnbc.com/2023/03/30/stock-market-today-live-updates.html)**
*****
&gt; Stocks rose Friday as Wall Street wrapped up a volatile, but winning quarter that saw more Federal Reserve rate tightening and a mini-financial panic spurred on by the collapse of Silicon Valley Bank.
*****
&gt; The S&amp;P 500 added 1.44% to close at 4,109.31, while the Nasdaq Composite advanced 1.74% to end at 12,221.91. The Dow Jones Industrial Average gained 415.12 points, or 1.26%, closing at 33,274.15.
*****
&gt; The market got a boost Friday after the Fed’s preferred inflation gauge showed a cooler-than-expected increase in prices. The core Personal Consumption Expenditures index, which excludes energy and food costs, rose 0.3% in February, less than the 0.4% expected by economists polled by Dow Jones.
*****
&gt; The S&amp;P 500 and Nasdaq were up 7.03% and 16.77%, respectively, for the first quarter. It was the best quarter since 2020 for the tech-heavy Nasdaq. The Dow ended the period with a 0.38% increase.
*****
&gt; For the month, the S&amp;P 500 and Nasdaq have gained 3.51% and 6.69%, respectively. The Dow, meanwhile, advanced 1.89% to end March.
*****
&gt; But it hasn’t been a smooth ride. Stocks mounted a comeback in the latter part of March after the month began with the failure of two regional banks, a forced-takeover of Credit Suisse and a flight of deposits from smaller institutions. The government’s backstop of the deposits of SVB, as well as Signature Bank, and the setup of a special lending facility for other banks, helped stem the crisis.
*****
&gt; Primary credit lending totaled $88.2 billion while banks took out $64.4 billion through the Fed’s new Bank Term Funding Program, according to Fed data released Thursday that covered the period from March 22-29. That total of $152.6 billion was down slightly from $164 billion the week before and a further sign the crisis was stabilizing as the month comes to an end.
*****
&gt; The SPDR Regional Banking ETF (KRE) closed about 1% higher on Friday, continuing its comeback from the contagion lows.
*****
&gt; Tech stocks were the big winner this month as investors rotated out of financials. The Technology Select SPDR ETF (XLK) added roughly 10% in March.
*****
&gt; The recent rally is “helping to confirm the market’s perception that the problems that brought the market to a crisis of confidence could very well be contained,” said Quincy Krosby, chief global strategist for LPL Financial.
*****
&gt; “The semiconductors, [which] have come to be viewed as an important bellwether for global growth, delivered a strong performance,” she added.

*****

# **This past week saw the following moves in the S&amp;P:**
###### **([CLICK HERE FOR THE FULL S&amp;P TREE MAP FOR THE PAST WEEK!](https://i.imgur.com/11eXFpo.png))**

# **S&amp;P Sectors for this past week:**
###### **([CLICK HERE FOR THE S&amp;P SECTORS FOR THE PAST WEEK!](https://i.imgur.com/GEv6A54.png))**

# **Major Indices for this past week:**
###### **([CLICK HERE FOR THE MAJOR INDICES FOR THE PAST WEEK!](https://i.imgur.com/tag23eX.png))**

# **Major Futures Markets as of Friday's close:**
###### **([CLICK HERE FOR THE MAJOR FUTURES INDICES AS OF FRIDAY!](https://i.imgur.com/OcYhwzu.png))**

# **Economic Calendar for the Week Ahead:**
###### **([CLICK HERE FOR THE FULL ECONOMIC CALENDAR FOR THE WEEK AHEAD!](https://i.imgur.com/0v7CXuP.png))**

# **Percentage Changes for the Major Indices, WTD, MTD, QTD, YTD as of Friday's close:**
###### **([CLICK HERE FOR THE CHART!](https://i.imgur.com/juQqg05.png))**

# **S&amp;P Sectors for the Past Week:**
###### **([CLICK HERE FOR THE CHART!](https://i.imgur.com/pvsa6pq.png))**

# **Major Indices Pullback/Correction Levels as of Friday's close:**
###### **([CLICK HERE FOR THE CHART!](https://i.imgur.com/rKyakuv.png))**

# **Major Indices Rally Levels as of Friday's close:**
###### **([CLICK HERE FOR THE CHART!](https://i.imgur.com/JXbWIhq.png))**

# **Most Anticipated Earnings Releases for this week:**
###### **([CLICK HERE FOR THE CHART!](https://i.imgur.com/5Wyetgh.png))**

# **Here are the upcoming IPO's for this week:**
###### **([CLICK HERE FOR THE CHART!](https://i.imgur.com/SJNwnmR.png))**

# **Friday's Stock Analyst Upgrades &amp; Downgrades:**
###### **([CLICK HERE FOR THE CHART!](https://i.imgur.com/KLDbdZx.png))**


*****

&gt; # DJIA, S&amp;P 500 &amp; NASDAQ Higher 66.7% of the Time on First Trading Day of April

&gt; ###### **([CLICK HERE FOR THE CHART!](https://64.media.tumblr.com/184756877c4b8065eeabe98c0ca6e607/a3d53f3f80189e57-19/s500x750/3e7cfc5aef778281590639f0bb79ffcf7bdb6738.jpg))**

&gt; According to the Stock Trader’s Almanac 2023, the first trading day of April is DJIA’s fourth weakest first trading day of all months based upon total points gained. However, looking back at the last 21 years, in the tables below, we can see DJIA, S&amp;P 500 and NASDAQ have all advanced 66.7% of the time (up 14 of last 21) with average gains of 0.16%, 0.24%, and 0.26% respectively. The Russell 2000 is modestly softer, but it has still been up more frequently than down. Five declines in the last ten years (the largest in 2020) have weighed on performance.

&gt; ###### **([CLICK HERE FOR THE CHART!](https://64.media.tumblr.com/bec29f68438504e389003209bfe3fca1/a3d53f3f80189e57-fb/s500x750/62ee0ee976802bef4a0b16874a65d47102761ba3.jpg))**

*****

&gt; # April 2023 Almanac: DJIA’s Top Month

&gt; April is the final month of the “Best Six Months” for DJIA and the S&amp;P 500. The window for our seasonal MACD sell signal opens on April 3, the first trading day of the month this year. From our Seasonal MACD Buy Signal on October 4, 2022, through the close on March 27, DJIA was up 6.98% and S&amp;P 500 is up 4.92%. This is below historical average performance largely due to persistent inflation, a tightening Fed, regional bank uncertainties and Russia’s ongoing invasion of Ukraine. But before the “Worst Months” arrive, April’s solid historical track record could help reignite the market.

&gt; April 1999 was the first month ever to gain 1000 DJIA points. However, from 2000 to 2005, “Tax” month was hit declining in four of six years. From 2006 through 2021, April was up sixteen years in a row with an average gain of 2.9% to reclaim its position as the best DJIA month since 1950. DJIA’s streak of April gains ended in 2022’s bear market. April is now the second-best month for S&amp;P 500 and fourth best for NASDAQ (since 1971).

&gt; ###### **([CLICK HERE FOR THE CHART!](https://64.media.tumblr.com/b9dd041a58d0eb96d2d2545fe5c3dc9e/b74e9c0b6765296b-12/s500x750/908161277efb37ef944b87be92b85dc97511caba.jpg))**

&gt; Typical pre-election year strength does bolster April’s performance since 1950. April is DJIA’s best month in pre-election years (+3.9%), second best for S&amp;P 500 (+3.5%) and third best for NASDAQ (+3.6%). Small caps measured by the Russell 2000 also perform well (+2.9%) with gains in eight of eleven pre-election year April’s since 1979. S&amp;P 500’s and NASDAQ’s single losing pre-election year April was in 1987.

*****

&gt; # Here Come the April Flowers

&gt; It was anything but smooth, but stocks are set to begin 2023 with a solid start, with the S&amp;P 500 up more than 5% for the year with one day to go in the first quarter. Although we continue to hear how bad things are, we’d like to note that these gains came on the heels of a 7.1% gain for stocks in the fourth quarter of 2022. Most investors probably have no idea stocks have done so well, given the barrage of negative news out there.

&gt; Here’s a chart we’ve shared a lot, but it is playing out nicely. If you look at a four-year Presidential cycle, we are in the midst of the strongest period for stocks. In fact, historically, the second quarter of a pre-election year is up a solid 4.8% on average and higher 72.2% of the time. Given the overall negative sentiment, an economy that continues to defy the skeptics, and this positive seasonality, we’d be open to a continuation of the rally off the October lows last year.

&gt; ###### **([CLICK HERE FOR THE CHART!](https://www.carsongroup.com/wp-content/uploads/2023/03/blog-132.png))**

&gt; Take one more look at the above. Last quarter was higher, making that 18 out of 19 times that stocks gained in the first quarter of a pre-election year.

&gt; Turning to April, turns out stocks have historically been higher this month during a pre-election year an incredible 17 out of 18 times since 1950, with only a 1.2% drop back in 1987, the only blemish. As you can see below, only January has a higher average return during a pre-election year, which played out this year with a huge 6.2% gain in January 2023. Why is April usually strong? It could be a combination of springtime buying, good riddance to winter, or putting tax refunds to work. But the bottom line is that this is something we’d rather know than ignore.

&gt; ###### **([CLICK HERE FOR THE CHART!](https://www.carsongroup.com/wp-content/uploads/2023/03/blog-245.png))**

&gt; But it isn’t just pre-election years when April does well. Since 1950, it is the second-best month (only November is better); for the past 10 years, it ranks fourth, and for the past 20 years, it has been the best month of the year.

&gt; ###### **([CLICK HERE FOR THE CHART!](https://www.carsongroup.com/wp-content/uploads/2023/03/blog-319.png))**

&gt; The elephant in the room is that April last year was terrible, with the S&amp;P 500 down 8.8%, for the worst April since 1970. Of course, back then, the start of the war, higher inflation fears, a Fed just starting to hike, and economic worries lead to the historic drop.

&gt; We remain overweight stocks and expect the lowered expectations amid a better economy to have the potential to drive higher stock prices in 2023, with gains that could reach between 12-15% this year.

*****

&gt; # Sentiment Still Bearish...Or Is It?

&gt; The S&amp;P 500 has made a press back up towards the high end of the past month's range this week, but sentiment has yet to reflect the moves higher in price. The past several weeks have seen the AAII sentiment survey come in a relatively tight range between the high of 24.8% on March 9th and a low of 19.2% the following week. That is in spite of the recent updates to monetary policy and turbulence in the banking industry. Today's reading was smack dab in the middle of that recent range at 22.5%.

&gt; ###### **([CLICK HERE FOR THE CHART!](https://media.bespokepremium.com/uploads/2023/03/033023-Sentiment-1.png))**

&gt; Given there have not been any major developments with regard to sentiment, the record streak of below-average (37.55%) bullish sentiment readings has grown to 71 weeks.

&gt; ###### **([CLICK HERE FOR THE CHART!](https://media.bespokepremium.com/uploads/2023/03/033023-Sentiment-1a.png))**

&gt; While bullish sentiment was modestly higher this week rising 1.6 percentage points, bearish sentiment shed 3.3 percentage points to fall to 45.6%. That is only the lowest reading in three weeks as bearish sentiment has sat above 40% for all of March.

&gt; ###### **([CLICK HERE FOR THE CHART!](https://media.bespokepremium.com/uploads/2023/03/033023-Sentiment-2.png))**

&gt; The predominant sentiment reading continues to be bearish. The bull-bear spread has been negative for six weeks in a row following the end of the record streak of negative readings in the bull-bear spread in February.

&gt; ###### **([CLICK HERE FOR THE CHART!](https://media.bespokepremium.com/uploads/2023/03/033023-Sentiment-3.png))**

&gt; Taking into account other sentiment surveys, the AAII reading stands out as far more pessimistic at the moment. In the chart below, we show the readings of the AAII bull-bear spread paired with the same spread in the Investors Intelligence survey and the NAAIM Exposure index. Whereas the latter two surveys have basically seen readings return back to their historical averages, the AAII survey sits 1.6 standard deviations below its historical average. In other words, overall sentiment might not be as pessimistic as the AAII survey would imply.

&gt; ###### **([CLICK HERE FOR THE CHART!](https://media.bespokepremium.com/uploads/2023/03/033023-Sentiment-5.png))**

*****

&gt; # Claims Spend Another Week Below 200K

&gt; Initial jobless claims took a step higher this week rising by 7K to 198K. With last week's number also going unrevised, claims have now been below 200K for 10 of the last 11 weeks. That being said, this week's reading was the highest since the 212K print in the first week of March.

&gt; ###### **([CLICK HERE FOR THE CHART!](https://media.bespokepremium.com/uploads/2023/03/033023-Claims-1.png))**

&gt; Before seasonal adjustment, claims were once again higher rising by over 10K week over week to 223K. Although that is not a concerningly high reading nor is it a large jump, the increase was peculiar in that it went against expected seasonal patterns. Prior to this year, jobless claims have only risen week over week in the current week of the year 16% of the time; the most recent instance prior to 2020 (right as claims surged at the onset of the pandemic) was in 2017.

&gt; ###### **([CLICK HERE FOR THE CHART!](https://media.bespokepremium.com/uploads/2023/03/033023-Claims-2.png))**

&gt; Although initial jobless claims modestly deteriorated, it has not exactly been a worrying increase as claims remain at historically healthy levels. The same goes for continuing claims. This week saw continuing claims rise by a modest 4K to 1.689 million. That is only the highest level since the end of February when claims totaled over 1.7 million.

&gt; ###### **([CLICK HERE FOR THE CHART!](https://media.bespokepremium.com/uploads/2023/03/033023-Claims-3.png))**

***** 

&gt; # Short Interest Update

&gt; Although equities broadly are starting the new week higher, the most heavily shorted stocks are trading lower today. In the chart below, we show the relative strength of an index of the 100 most heavily shorted stocks versus the Russell 3,000 since January 2021 (the peak of the meme stock mania). Overall, the past couple of years since that period have consistently seen heavily shorted names underperform as seen through the downward trending line below. Although heavily shorted names saw some outperformance in January, they are making new lows.

&gt; ###### **([CLICK HERE FOR THE CHART!](https://media.bespokepremium.com/uploads/2023/03/032723-SIPF-1a.png))**

&gt; On Friday, the latest short interest data as of mid-March was released by FINRA. Overall, there has not been too much of a change in short interest levels with the average reading on short interest as a percentage of float of Russell 3,000 stocks rising by 5 bps since the start of the year to 5.8%.

&gt; Prior to the changes to industry classifications that went into effect one week ago, the formerly labeled ""retailing"" industry consistently held the highest levels of short interest. Now, it is the Consumer Discretionary Distribution and Retail industry in the top spot with an average short interest level of 12.7%. That is up from 12.5% coming into the year and is multiple percentage points higher than the two next highest industries: Pharmaceuticals, Biotechnology &amp; Life Sciences (9.36%) and Autos (9.18%). In spite of the recent bank closures, the banking industry actually has the lowest average levels of short interest. That being said, the latest data as of March 15th would have only accounted for a few days following the collapse of SVB. As such, the next release scheduled for April 12th with end-of-month data will provide a better read on the recent banking trouble's impact on short interest levels.

&gt; ###### **([CLICK HERE FOR THE CHART!](https://media.bespokepremium.com/uploads/2023/03/032723-Industy.png))**

&gt; In the table below, we show the individual Russell 3,000 stocks with the highest levels of short interest as of the March 15th data. The sole two stocks with more than half of shares sold short are both Health Care names: Design Therapeutics (DSGN) and Allogene Therapeutics (ALLO). Both have seen short interest levels rise mid-single digits year to date. Other notables with high levels of short interest include some names that were briefly in vogue in recent years like Carvana (CVNA) and Beyond Meat (BYND). While short interest levels remain elevated, those are also two of the stocks listed below that have seen the largest declines in short interest this year which is likely due to solid appreciation in their stock prices. Only Marathon Digital (MARA) has seen a larger drop with its short interest level falling 11.4 percentage points since the end of last year after the stock more than doubled year to date. We would also note another crypto-related name, MicroStrategy (MSTR), is on the list and has been the second-best performer of the Russell 3,000 stocks with the highest short interest.

&gt; ###### **([CLICK HERE FOR THE CHART!](https://media.bespokepremium.com/uploads/2023/03/032723-SIPF-3.png))**

*****

&gt; # Commercial Bank Deposits Down a Record 3.33% YoY

&gt; The Federal Reserve's FRED data on commercial bank deposits was just updated through the week of 3/15. From the prior week, deposits fell roughly $100 billion, or about 0.56% from $17.6 trillion down to $17.5 trillion. A week-over-week decline of 0.56% is nothing out of the norm, although it was the biggest decline in percentage terms since last April when deposits fell 0.6% during the week of 4/20.

&gt; What is out of the norm is the drop we've seen in bank deposits over the last year. Prior to 2023, the largest year-over-year decline we'd ever seen in bank deposits was a 1.58% drop back in September 1994. That record drop was broken earlier this year when we got a reading of -1.61% during the week of 2/1. Since 2/1, the year-over-year decline has only gotten worse. As of the most recent week (3/15), the year-over-year decline stands at -3.33%.

&gt; Below is a chart showing the year-over-year change in commercial bank deposits using data from FRED. What stands out the most is not just that we're now at record YoY lows, but that it's coming after what had been record YoY increases in deposits. Remember, after COVID hit, the government deposited cash into the bank accounts of Americans multiple times.

&gt; ###### **([CLICK HERE FOR THE CHART!](https://media.bespokepremium.com/uploads/2023/03/deposits-yoy.png))**

&gt; Below is a look at the absolute level of commercial bank deposits over the years going back to 1974 when FRED's data begins. During the COVID recession from March through May 2020, bank deposits increased roughly $2 trillion. As you can see in the chart, we've never seen a spike anywhere near as large over such a short period of time. Notably, though, deposits kept on running higher for the next two years, rising another $2.8 trillion by the time they peaked at $18.16 trillion in mid-April 2022. That peak came a month after the Fed's first rate hike of the current tightening cycle, and since then we've seen deposits fall about $650 billion from their highs. Given how elevated deposits remain above pre-COVID levels, there's no reason to think they won't fall further unless banks really step up the interest they're paying on deposits given a Fed Funds rate of 5%.

&gt; ###### **([CLICK HERE FOR THE CHART!](https://media.bespokepremium.com/uploads/2023/03/depositsactual.png))**

*****

&gt; # Pending Home Sales Better But Still Weak

&gt; As we noted on Twitter earlier, Pending Home Sales for the month of February came in better than expected, rising by 0.8% compared to forecasts for a 3.0% decline. Wednesday's report also marked the first string of back to back to back positive and better-than-expected readings since the second half of 2020. While the increases are welcomed, we would note that on a y/y basis, Pending Home Sales remain depressed. Relative to a year ago, February Pending Home sales declined 21.1% which is actually an improvement from late last year when they were down over 30% for three straight months.

&gt; ###### **([CLICK HERE FOR THE CHART!](https://media.bespokepremium.com/uploads/2023/03/032923-Pending-YY.png))**

&gt; A 20%+ y/y decline in Pending Home Sales is not unprecedented, but it isn't common either. Prior to the current period, the only other times they were down over 20% were in the early months of COVID and in a handful of other months during and immediately after the financial crisis. What has been unprecedented about the current period is the fact that Pending Home Sales has been down 20%+ for nine straight months! Going back to 2002, there was never another period where Pending Home Sales were down 20%+ or more for even three months let alone nine!

&gt; ###### **([CLICK HERE FOR THE CHART!](https://media.bespokepremium.com/uploads/2023/03/032923-Pending-YY-STreaks.png))**

*****

Here are the most notable companies reporting earnings in this upcoming trading week ahead-

*****

&gt; (*T.B.A. THIS WEEKEND.*)

*****

###### **([CLICK HERE FOR NEXT WEEK'S MOST NOTABLE EARNINGS RELEASES!](https://i.imgur.com/5Wyetgh.png))**
###### **([CLICK HERE FOR NEXT WEEK'S HIGHEST VOLATILITY EARNINGS RELEASES!](https://i.imgur.com/XytAAiT.png))**
###### **([CLICK HERE FOR MONDAY'S PRE-MARKET NOTABLE EARNINGS RELEASES!](https://i.imgur.com/60PjWGG.png))**
###### **([CLICK HERE FOR THE MOST NOTABLE EARNINGS RELEASES FOR THE NEXT 3 WEEKS!](https://i.imgur.com/2CbEkU8.png))**

*****

&gt; # (T.B.A. THIS WEEKEND.)
**(T.B.A. THIS WEEKEND.)** (T.B.A. THIS WEEKEND.).

&gt; #([CLICK HERE FOR THE CHART!](https://charts.finviz.com/chart.ashx?t=SPY&amp;ty=c&amp;ta=st_c,sch_200p,sma_50,sma_200,sma_20,sma_100,bb_20_2,rsi_b_14,macd_b_12_26_9,stofu_b_14_3_3&amp;p=d&amp;s=l))

*****

# DISCUSS!

What are you all watching for in this upcoming trading week?

*****

I hope you all have a wonderful weekend and a great trading week ahead r/stocks. :)",Ukraine|Russia|invasion,invasion
16gshct,2023-09-12,StockMarket,"Medici Etherton Code, Code-X Leonardo da' Vinci an Um-brella In-sur-ance Policy that Protects the United States of America from foreign invasion, 'Game of Thrones.' Colonization.",[removed],invasion,invasion
y0eb69,2022-10-10,StockMarket,"5 things to know before the market opens on Monday, see what matters most to you?"," 1. The calm before the earnings storm

After a strange week – stocks were higher despite three straight losing sessions – investors have a couple of days to breathe before some big reports roll in. Several big names are on deck for earnings this week, as market watchers look for how inflation is hitting consumers and how the strong dollar is affecting companies’ business overseas. PepsiCo’s report hits Wednesday morning, while Delta, Walgreens and Domino’s arrive Thursday. Four big banks are on the slate for Friday morning: JPMorgan Chase, Wells Fargo, Morgan Stanley and Citigroup all report before the bell. Investors will also get the latest inflation check-in Thursday, when the government releases Consumer Price Index data. Follow live stock market updates [here](https://www.cnbc.com/2022/10/09/stock-futures-are-down-as-market-exits-rollercoaster-week.html).

**Read more:** [El-Erian believes core inflation ‘is still going up’](https://www.cnbc.com/2022/10/09/allianz-chief-economic-adviser-el-erian-believes-core-inflation-is-still-going-up.html)

2. Russia blasts cities in Ukraine

Russian forces launched missiles at several cities in Ukraine, including Kiev, in their broadest attack since the earliest days of the invasion. Ukraine President Volodomyr Zelenskyy said the Russians targeted civilians and infrastructure. The strikes were apparently in retaliation for a crippling attack on a bridge that provides the only connection between Russia and the Crimean peninsula, which Russian leader Vladimir Putin’s military annexed in 2014. Putin condemned the bridge bombing as terrorism. Ukraine’s leaders used similar language to push back on Russia. “Our enemy believes that missile strikes are effective means of intimidation. They are not,” Ukrainian Defense Minister Oleksii Reznikov wrote on Twitter. “They are war crimes. Civilians are dying and getting injured. Ukraine, with the support of the civilized world, must bring the missile terrorists to justice. And will do it.” Read live updates [here](https://www.cnbc.com/2022/10/10/russia-ukraine-live-updates.html).

3. New U.S. rules hit Chinese chip stocks

[Chip stocks in China fell](https://www.cnbc.com/2022/10/10/chinese-chip-stocks-tumble-after-us-calls-for-new-curbs-on-high-end-tech.html) after the United States beefed up regulations that are intended to squeeze Chinese tech companies. Under the rules, which kick in this month, companies are required to apply for a license if they intend to sell certain semiconductors and related manufacturing equipment to China. The regulations also require foreign companies to apply for a license if they seek to use U.S. tools to produce chips they want to sell in China. Authorities in China accused the U.S. government of “abusing export controls” to hurt Chinese industry, while American officials have said the measures are important to help the United States compete more effectively in the tech space.

**Read more:** [Here are names to watch as Xi further consolidates his power in China](https://www.cnbc.com/2022/10/10/china-party-congress-names-to-watch-as-xi-prepares-for-leadership-change.html)

4. Honors for Bernanke

Former Fed Chairman Ben Bernanke can add another honor to his resume: Winner of the Sveriges Riksbank Prize in Economic Sciences in Memory of Alfred Nobel. He and two other U.S. economists, Douglas Diamond and Philip Dybvig, [won for their research](https://www.cnbc.com/2022/10/10/nobel-economics-prize-awarded-to-ben-bernanke-and-2-others-for-work-on-financial-crises.html) into the role of banks during economic crises. Bernanke, now at the Brookings Institution, is most famous for leading the Federal Reserve during the financial crisis of 2007-08 and through the U.S. economy’s recovery through 2014.

5. Does AI dream of electric money?

You’ve probably seen them all over your social media feeds: Uncanny, painterly pictures of everything from famous buildings to beloved pets to blood-curdling nightmares, all generated by artificial intelligence. It may seem like a fad, a tool that anyone can apparently mess with to produce striking, if fleeting, images. But many in Silicon Valley see generative AI, as the technology has become known, as the Next Big Thing. Sequoia Capital, known for backing big names like Google, YouTube and Apple early on, said the tech “has the potential to generate trillions of dollars of economic value” and alter a broad variety of industries. CNBC’s Kif Leswing takes a look at the generative AI phenomenon [here](https://www.cnbc.com/2022/10/08/generative-ai-silicon-valleys-next-trillion-dollar-companies.html).",Ukraine|Ukrainian|Russia|Russian|Putin|Kiev|invasion,keyword_coverage_Kiev
r1643r,2021-11-24,StockMarket,Here's Your Daily Market Brief For November 24th,"**📰 Top News**

S&P Futures: -0.53%; DOW Futures: -0.53%; Nasdaq Futures: -0.72%

**US stock futures edged lower Wednesday morning** amidst new weekly jobless claims hitting a pandemic era low, falling far more than expected. Initial jobless claims came in at 199,000 versus the 260,000 expected.

**Reinstate the vax mandate in the US?** \- The US Justice Department asked a federal appeals court to reinstate the Biden administration’s vaccine rule for private businesses “as soon as possible,” citing the “grave danger” COVID-19 poses to the workplace. *Note: The rule was temporarily blocked earlier this month. Under the rule, private companies with more than 100 employees must require workers to get vaccinated or face weekly tests with potentially stiff financial penalties for noncompliance.*

**Countries coordinate oil release** \- The US will release 50 million barrels of oil from the Strategic Petroleum Reserve to “address the mismatch between demand exiting the pandemic and supply,” according to a White House news release. The plan is being coordinated with several other nations, including China, India, and the United Kingdom. *Note: The reserve, which was created in 1975, holds about 606 million barrels of oil. This will be the fourth time a president has tapped into the reserve, with the latest release happening under President Barack Obama in 2011.*

**Russia says no attack on Ukraine unless...** \- Russia said it will not attack Ukraine and is not harboring “aggressive” plans, a Kremlin spokesman said yesterday. However, Russia did not rule out military action after what Moscow considers ""fearsome threats"" from the capital of Ukraine, Kyiv. *Note: Peskov’s comments come amid widespread concern in Western capitals that Russia is mobilizing for an invasion of its former Soviet-era satellite state.*

**🎯 Price Target Updates**

Jefferies downgrades Nordstrom. JWN downgraded from BUY to HOLD - $30 (from $48)

CFRA downgrades Bed Bath and Beyond. BBY downgraded from BUY to HOLD - $130 (from $140)

Telsey upgrades Dollar Tree. DLTR upgraded from MARKETPERFORM to OUTPERFORM - $175 (from $132)

**📻 In Other News**

**India says ""no"" to cryptos** \- India is looking to ban most cryptocurrencies when it introduces a new Bill to regulate virtual currencies. The government will allow only certain cryptocurrencies to promote the underlying technology and its uses, according to a new legislative agenda. *Note: India is also looking to make a framework for the official digital currency that will be issued by the Reserve Bank of India.*

***Rocket heads for an asteroid*** *-* Elon Musk’s SpaceX is set to launch a first-of-its-kind planetary defense mission for NASA today, sending the spacecraft to intentionally crash into an asteroid. Known as the Double Asteroid Redirection Test (or DART) mission, NASA is trying to learn “how to deflect a threat that would come” toward Earth.

**Art sales drive record numbers** \- The fall art auctions in New York set an all-time record, with more than $2.6 billion in sales, according to Pi-eX, an art data, and analytics firm. A surge in global wealth, growing inflation fears, and the continued collectibles craze boosted demand for the art and prices. *Note: Sales at Christie’s, Sotheby’s, and Philips totaled $2.65 billion over the course of the two weeks, smashing the all-time record for fall sales of $2.59 billion in 2014.*

**📅 This Week's Key Economic Calendar**

No remaining key reports are scheduled for release this week

**📔 Snippet of the Day**

**Quote of the day**\*\*\*:\*\*\* *""How many millionaires do you know who have become wealthy by investing in savings accounts? I rest my case"" -Robert G. Allen.*",Ukraine|Russia|Kyiv|Moscow|invasion,keyword_coverage_Kyiv
rffzwj,2021-12-13,StockMarket,Here's Your Daily Market Brief For December 13th,"**📰 Top News**

S&P Futures: +0.17%; DOW Futures: +0.03%; Nasdaq Futures: +0.35%

**US stock futures inched higher Monday morning** after the S&P notched its best week since February at a fresh record close, rebounding from a big sell-off triggered by Omicron variant fears. 

**G-7 tells Russia stop or else...** \- The G7 (an inter-governmental political forum) warned Russia that there will be ""massive consequences"" and severe costs if President Vladimir Putin attacks Ukraine. *Note: At a meeting in England, G-7 delegates said they were united in their condemnation of Russia's military build-up near Ukraine and called on Moscow to de-escalate.*  


**Sound the alarm in the UK!** *-* The UK raised its Covid alert level due to a rapid increase in the number of Omicron cases across the country. *Note: The decision to increase the five-stage public health risk assessment from level 3 to 4 came after a further 1239 cases of the variant were recorded yesterday.*  


**Pandemic poverty takes a global toll** \- More than half a billion people were pushed into extreme poverty in 2020 due to healthcare costs associated with Covid-19 according to a report from the World Health Organization *Note: Globally, the pandemic made things worse with drops in immunization coverage for the first time in 10 years along with rising malaria and tuberculosis deaths.*

&#x200B;

**🎯 Price Target Updates**

Wedbush upgrades GoPro. GPRO upgraded from OUTPERFORM to NEUTRAL - $13.50 (from $11)

UBS downgrades Merck. MRK downgraded to NEUTRAL from BUY - $76 (from $98)

UBS upgrades Pfizer. PFE upgraded to BUY from NEUTRAL - $60 (from $52)

&#x200B;

**📻 In Other News**

**Short sellers to get a long look** \- The US Department of Justice has launched a criminal investigation into short selling by hedge funds and research firms, looking for evidence that they improperly coordinated trades. *Note: The probe digs into how hedge funds use research and set up trades especially in the run-up to publications that move stocks.*

**Peloton rides for its own cause** *-* Peloton came to its own defense after a scene from a reboot of the ""Sex and The City"" movie implied its products lead to health complications and sent its shares tumbling. *Note: Peloton was a huge pandemic beneficiary with its share price rising 440% in 2020 when people were stuck at home.*

**Sleeping on the job?** \- 80% of GenZ workers say they've taken a nap on the job according to a survey conducted by luxury bedding maker Plushbeds. *Note: The study found that napping at work was more common than not, with more than 2 in 3 respondents saying that had napped before.*

**📅 This Week's Key Economic Calendar**

**MONDAY***: No major economic events*  


**TUESDAY**: *NFIB Small Business Optimism (Nov)*  


**WEDNESDAY***: Business Inventories (Oct), FOMC Rate Decision, Fed Chairman press conference*  


**THURSDAY***: Initial jobless claims (wk end 11-Dec), Markit US Manufacturing PMI* 

**FRIDAY***: No major economic events*  


**📔 Snippet of the Day**

***Quote of the day:*** *""One of the funny things about investing is that for every seller there is a buyer and both think they're right"" -William Feather*",Ukraine|Russia|Putin|Moscow,keyword_coverage_Moscow
u7gqiz,2022-04-19,stocks,FAANG is officially dead forever,"Facebook is self explanatory. Their focus on VR and metaverse lasted a good Christmas holiday but has since flown way back down to earth with the new users in platforms such as FB and IG down significantly from their growth stage... and no just bc you ""check IG every day"" is not a reason to own a stock.

Apple is fine, Amazon.... is iffy but I still overall in general like them for their diversification.

Netflix is clearly dead. Projecting to lose 2 million new subscribers next quarter, going lower from 200K this quarter. If the war in Ukraine continues to go on, those numbers will be even worse.

Google is fine.



But overall, the ""Own FAANG and prosper"" at least for THIS YEAR is just not going to be it folks. Sorry to say. The play this year is in commodities, energy, and utilities as well as safety stocks (REIT's, Healthcare, snacks and supermarkets etc) which all scream a bear market historically.

FAANG stocks do well when the market is not handicapped by the FED, inflation and a looming (but doubtful) recession that has Biden and his team terrified of the midterms. Make no mistake, Powell will do what looks ""appropriate"" politically in order to appease his boss.


I'm still long Apple, Google, Amazon but ""FAANG"" is gone. I'm sure people will argue with me on Facebook/Meta just like last quarter... but like I said last quarter, and like I said this quarter on Netflix as well (where many people disagreed) this is just not the year.


Here's the bitter pill no one wants to hear: The only way you are going to do well in the market this year is to be UNDERWEIGHT TECH. 

Trends stay the same, continue to ride what has been working in this market THIS YEAR not from 2020.",Ukraine|NATO,keyword_coverage_NATO
t9sxj6,2022-03-08,investing,"Iconic U.S. brands Coca-Cola, Pepsi and McDonald’s suspend business in Russia","https://www.cnbc.com/2022/03/08/coca-cola-follows-mcdonalds-starbucks-in-suspending-business-in-russia.html

PepsiCo, Coca-Cola, McDonald’s and Starbucks each said Tuesday they are suspending business in Russia after that country’s invasion of Ukraine, a symbolic step-back by four iconic U.S. brands.

Pepsi has sold its cola in Russia for more than six decades, even when the company had to trade its soda concentrate for Stolichnaya vodka and warships. McDonald’s opened its first location beyond the Iron Curtain in Moscow, just months before the Soviet Union collapsed.

In recent days, Pepsi, Coke, McDonald’s and Starbucks have drawn criticism for continuing to operate in Russia while other U.S. companies backed out and paused sales.

Yale Professor Jeffrey Sonnenfeld compiled and made public a list of U.S. companies that have withdrawn from Russia following President Vladimir Putin’s invasion — and those that hadn’t. Until Tuesday afternoon, Coke was among the most recognizable names on the spreadsheet.

“Our hearts are with the people who are enduring unconscionable effects from these tragic events in Ukraine,” Coke said in a brief statement Tuesday afternoon. “We will continue to monitor and assess the situation as circumstances evolve.”

Russia represents one of the few regions worldwide where Coke’s rival PepsiCo has a larger presence. In a regulatory filing, Coke said its business in Ukraine and Russia contributed about 1% to 2% of its consolidated net operating revenue and operating income in 2021.

Pepsi, on the other hand, generates roughly 4% of its annual revenue in Russia, though is not halting all of its Russian business. The company said it will keep selling some essential products, like baby formula, milk and baby food in the country.

The company will suspend Russian sales of its Pepsi-Cola, 7Up and Mirinda brands, along with capital investments and all advertising and promotional activities.

“As a food and beverage company, now more than ever we must stay true to the humanitarian aspect of our business,” PepsiCo CEO Ramon Laguarta wrote in a memo to employees viewed by CNBC.

The Wall Street Journal reported earlier on Tuesday that Pepsi was weighing different options for its Russian business, including writing off its value. Economic sanctions have greatly complicated the process of offloading Russian assets.

Yale’s Sonnenfeld makes the case for companies ceasing operations in Russia
Since the Russian invasion of Crimea in 2014, many U.S. companies have looked to reduce their exposure in both Russia and Ukraine. Some restaurant chains, like McDonald’s, have sold off some of their company-owned locations to local franchisees.

McDonald’s announced Tuesday all 850 of its Russian restaurants would temporarily close. Until then, the company had stayed silent on the war, drawing stronger criticism than even the handful of restaurant companies that condemned the invasion but kept their locations open.

About 84% of McDonald’s Russian locations are owned by the company, while the rest are operated by franchisees. Owning more of its restaurants means greater revenue for the company, but greater risk in times of turmoil or economic downturn.

Starbucks went a step further than McDonald’s, saying it would suspend all Russian business activity, including shipment of its products. Starbucks CEO Kevin Johnson condemned the attacks in a letter on Friday.

Of the two restaurant companies, McDonald’s has a larger presence in the country and receives a higher percentage of its global revenue from those sales.",Ukraine|Russia|Russian|Putin|Moscow|invasion|sanctions,keyword_coverage_Putin
m9lj3j,2021-03-21,StockMarket,Insider Trading,"If insider trading is illegal in the states is it still illegal if you trade on insider information in foreign markets like Canada, Europe or countries without extradition treaties like China or Russia?

This is not spam. I am not a bot. These 550 min character posts are too much. This is not spam. I am not a bot. These 550 min character posts are too much. This is not spam. I am not a bot. These 550 min character posts are too much. This is not spam. I am not a bot. These 550 min character posts are too much. This is not spam. I am not a bot. These 550 min character posts are too much. This is not spam. I am not a bot. These 550 min character posts are too much. This is not spam. I am not a bot. These 550 min character posts are too much. This is not spam. I am not a bot. These 550 min character posts are too much. This is not spam. I am not a bot. These 550 min character posts are too much. This is not spam. I am not a bot. These 550 min character posts are too much. This is not spam. I am not a bot. These 550 min character posts are too much. This is not spam. I am not a bot. These 550 min character posts are too much. This is not spam. I am not a bot. These 550 min character posts are too much. This is not spam. I am not a bot. These 550 min character posts are too much. This is not spam. I am not a bot. These 550 min character posts are too much. This is not spam. I am not a bot. These 550 min character posts are too much. This is not spam. I am not a bot. These 550 min character posts are too much. This is not spam. I am not a bot. These 550 min character posts are too much. This is not spam. I am not a bot. These 550 min character posts are too much. This is not spam. I am not a bot. These 550 min character posts are too much. This is not spam. I am not a bot. These 550 min character posts are too much. This is not spam. I am not a bot. These 550 min character posts are too much.",Russia,keyword_coverage_Russia
toj6jf,2022-03-26,stocks,russian stocks,[removed],Russia|Russian,keyword_coverage_Russian
rf06a5,2021-12-12,investing,"Hypothetical - Russia invades Ukraine, the market reacts, what action are you taking?",[removed],Ukraine|Russia,keyword_coverage_Ukraine
rstzza,2021-12-31,StockMarket,Here's Your Daily Market Brief For December 31st,"**📰 Top News**

S&P Futures: -0.14%; DOW Futures: -0.17%; Nasdaq Futures: -0.11%

**US stock futures dipped lower Friday morning** on the final trading day of 2021.

**Biden, Putin speaks as tensions mount** \- US President Joe Biden and Russian President Vladimir Putin spoke yesterday in what is the second known call between the leaders this month. *Note: The phone call comes as tensions rise over a significant Russian military build-up on the Ukrainian border.*

**Cruise controls...** *-* The US Center for Disease Control increased its travel warning for cruises to the highest level as the agency is investigating and observing dozens of ships that have had Covid outbreaks*.* *Note: The CDC advised people who decide to go on a cruise to get vaccinated and receive a booster dose if eligible.*   


**China gets serious about the Metaverse** \- A Shanghai city department has released its 5-year development plan which included encouraging metaverse use in public services, business offices, and other areas*. Note: The metaverse has become a buzzword in the last few months as businesses, investors, and developers predict it could form the next generation of the internet.* 

**🎯 Price Target Updates**

JMP Securities downgrades Peloton. PTON downgraded from MARKET OUTPERFORM to MARKET PERFORM - $37.19

**📻 In Other News**

**Tesla recalls almost 500,000 cars** *-* Tesla is recalling more than 475,000 of its Model 3 and Model S electric vehicles to address rearview camera and trunk issues that increase the risk of crashing. *Note: The model years affected in the recall range from 2014 to 2021.*

**Buffett stays out** \- Berkshire Hathaway CEO Warren Buffett told US Senator Bernie Sanders that he would not get involved in a strike at Special Metals, a company owned by Berkshire subsidiary Precision Castparts. *Note: Sanders wrote to the billionaire asking him to intervene, with Buffett citing in response, Berkshire's policy of allowing companies it owns to handle labor issues.*   


**France says enjoy the movie without popcorn...** \- French health officials will be putting a stop to eating and drinking at cinemas come next Monday as the country tries to cope with a surge in Covid-19 cases. *Note: French cinema ticket sales are down 55% since 2019, before the pandemic hit the industry.*  


**📅 This Week's Key Economic Calendar**

***Friday****: No major economic events*

**📔 Snippet of the Day**

***Quote of the day:*** *""When an investor focuses on short-term investments, he or she is observing the variability of the portfolio - in short being fooled by randomness"" - Nassim Nicholas Taleb*",Ukrainian|Russia|Russian|Putin|NATO,keyword_coverage_Ukrainian
u2uqas,2022-04-13,StockMarket,Oil Outlooks Splinter on Impact of Russia’s Invasion of Ukraine,,Ukraine|Russia|invasion,keyword_coverage_invasion
17vpnkm,2023-11-15,investing,"Free Webinar: LEARN ABOUT THE US ECONOMY, WAR & ITS CORRELATION TO THE CRYPTO MARKET","Hey all!  
  
Myself and my head coach with over 15 years combined trading experience are going to be running a free event next week about the US Economy, War and its correlation to the crypto market. Thought id share it here incase any of you are interested in getting some great insights.  
  
Secure your free ticket here:  
  
https://platform.empirecryptotrading.com/webinar/  
  
Topics covered:  
  
US Financial Situation & Federal Reserve  
  
Learn how the US Reserve system operates, the true goals of the Federal Reserve, and the overall economy. Discover the intriguing process of money creation.  
  
How US Government Debt is created  
  
Understand the reasons behind US government borrowing, how it’s used to fuel the economy, and the resulting impacts on the US currency.  
  
How Inflation & Interest Rates Work  
  
Discover the mechanics of inflation and its profound effects on daily life, understanding its connection to interest rates and their influence on today’s economic landscape.  
  
US Bonds, Yields & how they effect Dollar Strength  
  
Explore the role of bonds in the economy, the influence of the bond market on economic dynamics, and get a glimpse of future economic trends.  
  
Bitcoin To USD Correlation & Why Debt can be bullish for BTC  
  
Investigate how the relationship between bonds, debt, and the USD influences Bitcoin, and consequently, affects movements within the crypto markets.  
  
How Oil Prices are Weakening the US Dollar & how the war is effecting oil supply  
  
Analyze the effects of oil sanctions during wartime, including the rise in oil prices, increased inflation, and their collective impact on both the US dollar and the crypto market.  
  
Risk Asset & Store of Value assets during times of war  
  
Discover the most preferred store of value for currency during times of war and strategies to shield your assets from currency inflation.  
  
The Bitcoin ETF & What is to come in 2024  
  
Gain insights into the world of Exchange-Traded Funds (ETFs) in cryptocurrency, their growing popularity, how they can influence the market, and upcoming developments expected in 2024.  
  
Secure your free ticket here:  
  
https://platform.empirecryptotrading.com/webinar/",sanctions,keyword_coverage_sanctions
l1udjk,2021-01-21,stocks,BB stock,"I know most people think that Blackberry is a phone company and for that reason the stock is so much undervalued. My thought is it could increase 10 fold from current price once people know about their future. They are number one OEM provider for the EV and their cyber security software outclasses everything in the market. It will pop to 50 in no time. Please do some research and make your decision. If CRWD have a mkt CAP of 50B I see BB can reach 50B within next year.

Current MKT CAP -7 B

POS- 12.7

My projection is after people know about the company

MKT CAP - 50B

POS $80 at the end of 2021

&#x200B;

Now say market crashes. But BB surely will not drop because of their pipeline. Maybe go to $8-10 for a short term this month but I don't see it coming because word is spreading and people are coming to know about the potential of Blackberry. With Russian hack and all this BB is the leader in cybersecurity.

&#x200B;

Some info from their last report

&#x200B;

 AWS and BlackBerry join forces to accelerate innovation with new intelligent vehicle data platform, BlackBerry IVY. 

• BlackBerry QNX has design wins with 19 of the top 25 Electric Vehicle OEMs, who together have 61% of EV market.

 • BlackBerry unveils industry’s first Unified Endpoint Security (UES) solution for AI-powered Cybersecurity, BlackBerry Cyber Suite. Cyber Suite will Integrate with all leading UEMs, including Microsoft Intune.

 • BlackBerry launches industry’s first user behavior AI technology for Cybersecurity, BlackBerry Persona® Desktop.

 • BlackBerry launches new AI-powered Mobile Threat Defense (MTD) solution to protect against mobile malware and phishing attacks, BlackBerry® Protect Mobile. 

• BlackBerry® Unified Endpoint Manager (UEM) software has achieved National Security Agency (NSA) Commercial Solutions for Classified Program (CSfC) approval. 

• Announced new global BlackBerry Partner Program that combines the award-winning BlackBerry Enterprise Partner Program and BlackBerry Cylance Partner Programs into one unified comprehensive structure. 

• BlackBerry uncovered massive hack-for-hire group, BAHAMUT, targeting governments, businesses, human rights groups and influential individuals. 

• Launched QNX® OS for Safety 2.2, a new release of the trusted, safety-certified operating system certified by the independent auditors at TÜV Rheinland to IEC 61508 SIL3 (Industrial), ISO 26262 ASIL D (Automotive), and IEC 62304 Class C (Medical devices) functional safety standards. ",Russia|Russian,multi_keyword
lcgny6,2021-02-04,StockMarket,Why GameStop shorting happened,"First, I am nonpartisan, and politically neutral


For those interested in the GameStop short squeeze; these are my thoughts.


I have been trading stocks for 20 years, a lot over the last six.  The stock market is unfair, and designed so the rich keep money; not make, or invest, simply keep.  Hedgefunds hold the money for the Uber rich; they move money around rather than add value or produce. Their goal is to stay rich at any cost. The unfair rules make it so you can't even invest in a good company because they can lend your stock, even ""sell"" your stock without you knowing.  They will scare you, encourage you, push the price to where they want to sell or buy.  This is what GameStop is about. 


In 2014, former president Bill Clinton was paid $250,000 by Citadel to speak at New York restaurant Daniel to investors and employees in celebration of the Citadel's founders' 46th birthday. Citadel has paid over $800,000 in speaking fees to current secretary of the treasury Janet Yellen.  Before the left gets angry; Trump is an asshole, but they all are rich.


2018, Bloomberg reported that 40% of Robinhood's revenues (a trading platform for the small investor) were derived from selling customer orders to firms such as Citadel Securities. Citadel Securities was fined $700,000 by FINRA in July 2020 for trading ahead of customer orders.


Hedge fund Melvin Capital reportedly lost $4.5 billion in assets value in January 2021 – a 53 percent drop – after its massive bet that GameStop's stock price will fall turned sour, the Financial Times reported Sunday.


After these losses; Citadel LLC and Point72 Asset Management invested $2.75 billion in hedge fund Melvin Capital Management on January 25th, 2020.


Without warning, on January 28th, Robinhood restricted all their users from buying GameStop.  The stock plummeted from 470$ to 132$, saving Citadel and Melvin Capital billions, at the expense of the thousands of Robinhood investors.


After these events, Jimmy Kimmel suggests Russian disruptors. CNN and CNBC call it a pump and dump.  Saying little about the hedgefunds that had a 250% short position on companies that hire people during a pandemic.


Almost 40% of all US currency has been printed in the last 12 months.  Billionaires fortunes have increased almost 40% in the last 12 months.  Wallstreet bets is about a broken system.  Poverty doesn't care about skin color, nationality, political affiliations.  The system is broken but people are too focused on things that don't matter.


You can't sell a house you don't own;

You can't sell a car you don't own;

You can sell a stock you don't own... If you are privileged enough.  Only a select few get access to that information.


Those who laid down their retirement funds, college savings, hard earned, not inherited money did it for meaningful change.  They won! --- until the banks cheated with no accountability.  The media and politicians don't cover it and until these discussions happen; tribalism, intolerance from the left, and facism from the right will grow.",Russia|Russian,multi_keyword
mf8cmo,2021-03-28,investing,How to invest in Russian bonds?,[removed],Russia|Russian,multi_keyword
mkslh7,2021-04-05,investing,Investments in the Russian stock market,[removed],Russia|Russian,multi_keyword
nxskls,2021-06-11,stocks,"Wall Street Week Ahead for the trading week beginning June 14th, 2021","Good Friday evening to all of you here on r/stocks. I hope everyone on this sub made out pretty nicely in the market this past week, and is ready for the new trading week ahead.

Here is everything you need to know to get you ready for the trading week beginning June 14th, 2021.

# **Markets await the Fed’s meeting before making the next big move in the week ahead - [(Source)](https://www.cnbc.com/2021/06/11/markets-await-the-feds-meeting-in-the-week-ahead.html)**
*****
> Stocks could trade sideways as investors await the outcome of the Federal Reserve’s June meeting next Wednesday afternoon.
*****
> The Fed’s two-day meeting is the big event for markets in the week ahead. Although the central bank is not expected to take any action, it could make tweaks to its forecasts for interest rates and inflation that market pros say could be market moving.
*****
> Stocks meandered Friday and the S&P 500 finished at a new high, garnering a 0.4% gain for the week.
*****
> “Markets have to get past Wednesday before anyone makes huge bets,” said Scott Redler, chief strategic officer at T3Live.com. “It’s really that the Street’s looking at the next big obstacle — which is the Fed.”
*****
> The market is attuned to any discussion about the central bank’s bond-buying program. The program was initiated during the pandemic to provide liquidity to the markets and keep interest rates low. The Fed is widely expected to acknowledge it will start tapering back on that so-called quantitative easing program later this year.
*****
> Once the central bank signals it will cut back on its $120 billion monthly bond purchases, it is basically signaling a major shift in its policy from easing to tightening. The Fed is expected to signal a taper well before it takes any action, and its own forecast for interest rates does not show any increases through 2023.
*****
> Fed Chairman Jerome Powell briefs journalists after the central bank issues its statement at 2 p.m. ET on Wednesday. He is expected to sound dovish and assure markets the Fed’s policy will remain easy .
*****
> “Let’s say for some reason Powell intimates tapering could happen late this year, not just talk about it but do it,” said Mike Schumacher, head of rate strategy at Wells Fargo. “That would spook the market, or if we get a big increase in inflation projections that would get the markets a little spooked.”
*****
> # Economic calendar
> There are a few economic reports worth watching, particularly Tuesday’s retail sales for May and the producer price index — a look at producer level inflation.
*****
> The Federal Reserve will also release its industrial production index data, which measures production and capacity in manufacturing, mining and other industries, on Tuesday.
*****
> “Essentially, I think nominal retail sales might be strong,” said Aneta Markowska, chief financial economist at Jefferies. “I just think the only thing that thing the market cares about right now is employment because that’s the only thing that can move the needle on the Fed.”
*****
> The markets this past week shrugged off a super hot consumer inflation reading for May, reported Thursday. Economists said the 5% jump in the consumer price index appears to be a temporary reaction to the reopening economy, supply chain disruptions and pent-up demand. But they also said it will take a few more reports to make sure it is not more persistent than the Fed currently expects.
*****
> The central bank has said it expects inflation to be high for a short period before falling back down, closer to 2%. The Fed will likely raise its forecast of 2.2% for this year, given the jump in recent inflation readings.
*****
> It also predicts that core inflation, as measured by the personal consumption expenditures price index, will be at 2% in 2022 and 2.1% in 2023.
*****
> Wells Fargo’s Schumacher said he is closely watching that inflation forecast, particularly for 2023. According to the Fed’s interest rate forecast, that is also the first time a group of central bank officials see the potential for an increase in the fed funds target rate.
*****
> So if inflation is higher in their view, the outlook for interest rates could be as well. That could move forward the forecast for the first rate hike, now forecast by a majority of the Fed in 2024.
*****
> “If that number goes up a tenth, that’s a non-event. If it goes up 0.3, it’s a lot in terms of the way the Fed looks at the world,” Schumacher said. The Fed has said it would tolerate inflation above its 2% target for a period of time before it acts.
*****
> Markowska of Jefferies doubts the Fed rate forecast will shift. The forecast is presented in a so-called “dot plot” with anonymous entries from central bank officials.
*****
> She noted in March, Federal Open Market Committee participants were split 11 to 7 against a 2023 hike, which means three officials would have to change their mind in order to move the median forecast.
*****
> “My base case is it won’t move,” she said. “I just feel like there hasn’t been enough definitive change in the data to really change the Fed’s forecast. Having said that, you just need three people to change their mind. Even if that median forecast goes up, Powell is just going to downplay it during the press conference.”
*****
> She pointed to the disappointing May employment report, which showed 559,000 jobs were added, 100,000 less than expected.
*****
> # Watch bonds
> Stocks finished the past week mixed, with the Dow down 0.8% at 34,479, and the S&P 500 eking out a gain of 0.4% to finish the week at a record 4,247. The Nasdaq, boosted by tech, gained nearly 1.9% to reach 14,069. Meanwhile the small-cap Russell 2000 outperformed the other indices, increasing by 2.2% for the week and landing at 2,335.
*****
> REITs were the best performing major sector for the week, up 2%, followed by the health care sector’s 1.9% gain. Consumer discretionary stocks rose 1.6%. Tech climbed 1.4%, helped by a decline in interest rates.
*****
> But the financial sector lost 2.4% as interest rates fell, and it was the worst performing sector this week. Financials fell with other cyclicals, like materials, off 2% for the week and industrials off 1.7%.
*****
> Meme stocks remained in the headlines and continued to trade with a high level of volatility. GameStop hit a high of $344.66 Tuesday and dropped as low as $206.13 Friday before closing at $233.34 per share.
*****
> Besides the wild ride by meme stocks in the past week, the market to watch was Treasurys, as yields took a surprising slide. There was a fairly dramatic move in the rate of the benchmark 10-year, watched most closely by investors, as it influences mortgages and other important lending rates.
*****
> The 10-year Treasury yield dipped under 1.43% on Friday. Yields move opposite price, so the move downward represented a buying surge.
*****
> “I feel like this entire move in Treasurys is technical and has nothing to do with fundamentals,” said Jefferies’ Markowska. She said institutions are finding super low yields in Treasury bills and the overnight rates markets. “There’s just an excess of cash that is spilling out to the longer maturities,” she said. “People are still very short.”
*****
> Markowska said the weaker than expected May jobs report spurred buying that forced some short investors, who bet on higher yields, to cover those positions as rates fell.
*****
> The fall in the 10-year yield, which hit a high of 1.75% in late March, has been a positive for stocks. It also has drawn some stock investors to tech and growth sectors, which had fallen out of favor.
*****
> “Most people in the market will tell you yields will rise significantly at some point. The question is when,” said Schumacher. Many forecasters expect the 10-year yield to reach 2% by the end of the year.
*****
> Finally, investors will also be watching headlines from President Joe Biden’s trip to the U.K. and Europe, where he is attending the G-7 and a meeting with NATO allies. He will hold a summit with Russian President Vladimir Putin on Wednesday in Geneva.
*****

# **This past week saw the following moves in the S&P:**
###### **([CLICK HERE FOR THE FULL S&P TREE MAP FOR THE PAST WEEK!](https://i.imgur.com/GueyyfO.png))**

# **S&P Sectors for this past week:**
###### **([CLICK HERE FOR THE S&P SECTORS FOR THE PAST WEEK!](https://i.imgur.com/NuXRM2t.png))**

# **Major Indices for this past week:**
###### **([CLICK HERE FOR THE MAJOR INDICES FOR THE PAST WEEK!](https://i.imgur.com/Ku39pLd.png))**

# **Major Futures Markets as of Friday's close:**
###### **([CLICK HERE FOR THE MAJOR FUTURES INDICES AS OF FRIDAY!](https://i.imgur.com/tZ7zbNp.png))**

# **Economic Calendar for the Week Ahead:**
###### **([CLICK HERE FOR THE FULL ECONOMIC CALENDAR FOR THE WEEK AHEAD!](https://i.imgur.com/PbxMWE9.png))**

# **Percentage Changes for the Major Indices, WTD, MTD, QTD, YTD as of Friday's close:**
###### **([CLICK HERE FOR THE CHART!](https://i.imgur.com/IsQMBjG.png))**

# **S&P Sectors for the Past Week:**
###### **([CLICK HERE FOR THE CHART!](https://i.imgur.com/8i4jyJJ.png))**

# **Major Indices Pullback/Correction Levels as of Friday's close:**
###### **([CLICK HERE FOR THE CHART!](https://i.imgur.com/kq2tcNh.png))**

# **Major Indices Rally Levels as of Friday's close:**
###### **([CLICK HERE FOR THE CHART!](https://i.imgur.com/8Odlhxi.png))**

# **Most Anticipated Earnings Releases for this week:**
###### **([CLICK HERE FOR THE CHART!]())**
(T.B.A. THIS WEEKEND.)

# **Here are the upcoming IPO's for this week:**
###### **([CLICK HERE FOR THE CHART!](https://i.imgur.com/gFi9InA.png))**

# **Friday's Stock Analyst Upgrades & Downgrades:**
###### **([CLICK HERE FOR THE CHART LINK #1!](https://i.imgur.com/6yhS5DK.png))**
###### **([CLICK HERE FOR THE CHART LINK #2!](https://i.imgur.com/Ic5yEYB.png))**

*****

> # Advance/Decline Lines Support New Highs

> One of our favorite charts to get a quick read on the overall health of the market is a simple comparison of DJIA, S&P 500, NASDAQ and Russell 2000 performance to cumulative advance/decline lines. From late October’s low through mid-February all four indexes moved nicely higher essentially in unison. Advance/decline lines were also all trending higher. It was in mid-February that NASDAQ turned briskly lower. Its advance/decline line also turned lower.

> When NASDAQ turned and its advance/decline began trending lower, DJIA, S&P 500 and Russell 2000 essentially went nowhere and traded in a range. Bullishly, it appears NASDAQ’s advance/decline line appears to have bottomed in mid-May and is on the verge of eclipsing its peak from February. Broad participation across all the major indexes is a bullish sign and is generally indicative of a healthy move higher is underway. S&P 500 closed at a new all-time high today. DJIA, NASDAQ and Russell 2000 are closing in on their respective all-time highs.

> In the near-term, new all-times are likely. However, June is the last month of NASDAQ’s “Best Eight Months” and historically soon after the start of the second half of the year, around mid-July, markets have stalled out and tended to slip into a sideways to lower trend. Inflation trends and the Fed are two possible catalysts that could clip the market’s wings this year. Inflation could prove to be more than just transitory and at some point, perhaps sooner than expected, the Fed will likely begin tapering asset purchases.

> ###### **([CLICK HERE FOR THE CHART!](https://www.stocktradersalmanac.com/UploadedImage/AIN_0721_20210610_AD_Line_Chart.jpg))**

*****

> # Supply Chain Bottlenecks Push CPI Higher

> Make that two consecutive months that CPI inflation has surprised meaningfully to the upside.

> The U.S. Bureau of Labor Statistics released its May inflation report this morning, June 10, revealing that the headline Consumer Price Index (CPI) rose 0.6% month over month and 5% year over year. The core CPI, which strips out food and energy, rose 0.7% month over month, and 3.8% year over year. Given strong base effects from rolling off weak data from a year ago, we find the month over month data more informative. With that context, more volatile components that are heavily tied to the economic reopening had the largest effects on the monthly increases, most notably prices for used vehicles, airfare, and rental cars.

> We continue to see strong evidence that supply chain bottlenecks paired with a rapid demand rebound are causing major price increases. The most visible example is in used car and truck prices, which surged 7.3% in May following a historic 10% rise in April. The supply of new vehicles is constrained in the near term because of semiconductor chip shortages, and as a result, used cars and trucks are being bid up in the secondary markets. The good news is that we expect these market imbalances to largely resolve themselves with time as supply, which has a longer ramp-up time than demand, recovers.

> “The inflation outlook has rightfully been top of mind since last month’s blowout report,” explained LPL Financial Chief Market Strategist Ryan Detrick. “Under the hood, though, we think the picture is a bit more sanguine than the headlines would suggest, and still believe inflation will be relatively well-contained over the intermediate-to-long term.”

> As seen in the LPL Chart of the Day, owners’ equivalent rent of primary residences, a measure of rents for non-rent-controlled residences in urban areas, has bounced off depressed levels. The move thus far, though, is likely best described as returning to the pre-pandemic trend rather than threatening to break away to new heights…for now. This measure is critical for future inflation prospects, as it is one of the largest components of CPI and is considered to be less volatile than other components. Movements observed in the series are, therefore, viewed as more structural in nature and thus have the potential to be “stickier.” At the moment, we do not believe that the rent component poses an imminent threat to the broader inflation picture, and is merely displaying an increasing willingness for consumers to rent following a massive shift in preference to own brought on by COVID-19.

> ###### **([CLICK HERE FOR THE CHART!](https://i1.wp.com/lplresearch.com/wp-content/uploads/2021/06/6.10.21-Blog-Chart.png?ssl=1))**

> Market-based measures of inflation expectations have also retreated from their fever pitch last month. 10-year breakeven inflation expectations, derived from the differences in nominal and real Treasury yields, have actually fallen since last month’s CPI report, not risen. And while we are hesitant to call that the peak in inflation expectations given ongoing bottlenecks in supply chains, there was a distinct air of a “buy the rumor, sell the news” dynamic to us.

> Taken altogether, we believe the Federal Reserve (Fed) will view today’s inflation data generally as confirmation of its preexisting stance that the majority of excess inflationary pressures will be transitory. In a vacuum, despite the headline inflation beat, this likely does little to change the Fed’s timetable for tapering asset purchases, and the market reaction for now looks to be confirming that view. The coming months will be telling, though, as we are now entering the “show me” phase of the inflation debate where market participants will be increasingly anxious for the Fed to prove its assertion that higher inflation will be transitory.

*****

> # A Closer Look At New Highs

> The S&P 500 Index is flirting with new highs unlike nearly any time in history. In fact, it has now gone nine days in a row closing within 1% of an all-time high without breaking through. “There’s an old saying about not shorting a dull market. Well, lately it has been about as dull as it gets,” explained LPL Financial Chief Market Strategist Ryan Detrick. “The catch is other times that saw long streaks without a new high, yet very close to one, actually didn’t perform as well as one might expect.”

> ###### **([CLICK HERE FOR THE CHART!](https://i0.wp.com/lplresearch.com/wp-content/uploads/2021/06/6.9.10-Blog-Chart-1.png?ssl=1)**

> Taking things a step further, the S&P 500 has closed within 0.15% of an all-time high without closing at a new high for three straight days. In the history of the S&P 500, that has only happened one other time, in September 1964. Stocks were flat three months later then and up only 2.6% six month later, so although this is only a sample size of one, a sharp move higher in the near term appears less likely.

> We’ve shared this next chart before, but given we are talking about new highs it is important to point it out again. New highs usually happen in clusters that can last for a decade or more. Given this market has been making new highs since 2013, despite the 2020 bear market, history would suggest there could be several more years before this strong run is done.

> ###### **([CLICK HERE FOR THE CHART!](https://i2.wp.com/lplresearch.com/wp-content/uploads/2021/06/6.9.21-Blog-Chart-2.png?ssl=1)**

> Take another look above. This year has a good amount of new highs already and it isn’t even half way over. In fact, 26 new highs over the first five months of the year is the most for any year during the first five months since 32 new highs in 1998.

> Another angle on this: Should the S&P 500 make a new high in June, it would make a new high every month for the first six months of the year. This rare feat last happened in 2014 and 1986 before that. The rest of the year those years added 5.0% and lost 3.5%, respectively.

> The S&P 500 is only 0.13% away from the last all-time high set back on May 7. Odds do favor another new high will eventually take place, which means this bull market continues. In the LPL Chart of the Day we show that this new bull market is already up 89% in just over a year, giving it one of the best annualized returns ever for a bull market, although bull markets do tend to have strong annualized returns early.

> ###### **([CLICK HERE FOR THE CHART!](https://i2.wp.com/lplresearch.com/wp-content/uploads/2021/06/6.9.21-Blog-Chart-3.png?ssl=1)**

> What happens after stocks make new highs? Here’s a chart we shared last August. The bottom line is investors shouldn’t be scared of new highs, even though many are scared of heights.

> ###### **([CLICK HERE FOR THE CHART!](https://i0.wp.com/lplresearch.com/wp-content/uploads/2021/06/6.9.21-Blog-chart-4.png?ssl=1)**

> So there you have it, various looks at new all-time highs. Now we just have to make one!

*****

> # Big First 5 Months Gains Consolidate Over Worst Months

> S&P 500 is up an impressive 11.9% for the first five months of 2021. That is the 16th best gain for the first five months since 1950. As illustrated in the graph above, gains do beget gains and this bodes well for the year as a whole. But this does not diminish the seasonal pattern of consolidation and mostly sideways market action over the Worst Six Months May-October and even more so over the Worst Four Months July-October.

> We tabulated the gains for the top 20 first five month gains since 1950 and the gains for the last seven months of the year are still pretty solid averaging 9.4% vs. 14.7% for the top 20 first five months. But the bulk of those gains as you can see in the graph come from late-October to yearend.

> ###### **([CLICK HERE FOR THE CHART!](https://64.media.tumblr.com/3d76eb3a7ade3e0a5bd2c76e926e8097/1f542cabf408b99a-c5/s500x750/06643429565107777a36935f8f4e6edc3a652cc3.jpg))**
> ###### **([CLICK HERE FOR THE CHART!](https://64.media.tumblr.com/9003c5a181e5bd2fd37cd14041970feb/1f542cabf408b99a-a2/s500x750/cebaf4203ca34b95ce9bb792e8985e33109f2879.jpg))**

*****

> # Small Business Pulse Check

> While U.S. economic conditions have certainly improved, and earnings momentum for S&P 500 companies has been strong, U.S. small business conditions remain somewhat less stable. Notably, the NFIB Small Business Optimism Index has improved since last year (99.6 in May, up from the 90.9 low in April 2020), and according to the Federal Reserve, perhaps less than 200,000 U.S. small businesses failed due to the pandemic last year. Both figures are likely better than many had expected during the height of 2020’s economic stress. However, the aggregate economic foundation of small business in this country probably has a ways to go before it fully recovers. This may create more instability at this point in the recovery than is typically seen. The message here is that while most high-frequency economic data indeed looks good, we should remain mindful of still unstable areas of the economy that may not show up in many data sets.

> Fortunately, the National Federation of Independent Business (NFIB) provides economic and market participants with various survey results that deal with specific elements of small business operation. The NFIB not only surveys optimism, but they also compile data on hiring plans, compensation plans, capex plans, quality of labor, and sales expectations…among other items. Review of these data series indicates to us that there is still work left to do to get U.S. small businesses back on solid footing. As we can see from the LPL Chart of the Day below, business owners remain somewhat hesitant about their capital expenditure plans while hiring plans have trended more firmly with optimism. Still, other data tells us that NFIB survey respondents are cautious as to whether now is a good time to expand their business. Meanwhile, the surveys show that small business owners are indeed having a hard time finding quality labor and the cost of labor is rising, thus making job openings hard to fill.

> ###### **([CLICK HERE FOR THE CHART!](https://i0.wp.com/lplresearch.com/wp-content/uploads/2021/06/6.11.21-Blog-Chart-1.png?ssl=1))**

> “Recent NFIB data tells us that small businesses have gotten off the floor following the pandemic punch, but the black eye on a formidable part of the U.S. economy still lingers. With post-COVID economic re-openings in full swing, we remain hopeful that small businesses will soon recover enough to add that final boost to domestic conditions,” explained LPL Financial Director of Research Marc Zabicki.

> While small business conditions will be something to watch carefully through 2021 and into next year, we believe pent-up consumer demand could bode well for many establishments. We are expecting a robust summer traveling season that could have consumers readily opening their wallets. This may translate into further improvements in the NFIB optimism trend, provided that business owners find a solution to their current labor struggles.

*****

Here are the most notable companies (tickers) reporting earnings in this upcoming trading week ahead-

*****

> * **(T.B.A. THIS WEEKEND.)**

*****

###### **([CLICK HERE FOR NEXT WEEK'S MOST NOTABLE EARNINGS RELEASES!]())**
(T.B.A. THIS WEEKEND.)
###### **([CLICK HERE FOR NEXT WEEK'S HIGHEST VOLATILITY EARNINGS RELEASES!]())**
(T.B.A. THIS WEEKEND.)


*****

Below are some of the notable companies coming out with earnings releases this upcoming trading week ahead which includes the date/time of release & consensus estimates courtesy of Earnings Whispers:

*****

> # ***Monday 6.14.21 Before Market Open:***
> ###### ([CLICK HERE FOR MONDAY'S PRE-MARKET EARNINGS TIME & ESTIMATES LINK!](https://i.imgur.com/imGffK6.png))

> # ***Monday 6.14.21 After Market Close:*** 
> ###### ([CLICK HERE FOR MONDAY'S AFTER-MARKET EARNINGS TIME & ESTIMATES LINK!](https://i.imgur.com/iJd8X4R.png))

*****

> # ***Tuesday  6.15.21 Before Market Open:***
> ###### ([CLICK HERE FOR TUESDAY'S PRE-MARKET EARNINGS TIME & ESTIMATES!]())
(NONE.)

> # ***Tuesday 6.15.21 After Market Close:*** 
> ###### ([CLICK HERE FOR TUESDAY'S AFTER-MARKET EARNINGS TIME & ESTIMATES!](https://i.imgur.com/n3lNi0a.png))

*****

> # ***Wednesday 6.16.21 Before Market Open:*** 
> ###### ([CLICK HERE FOR WEDNESDAY'S PRE-MARKET EARNINGS TIME & ESTIMATES!](https://i.imgur.com/KpO6r7q.png))

> # ***Wednesday 6.16.21 After Market Close:*** 
> ###### ([CLICK HERE FOR WEDNESDAY'S AFTER-MARKET EARNINGS TIME & ESTIMATES!](https://i.imgur.com/wr0r664.png))

*****

> # ***Thursday 6.17.21 Before Market Open:*** 
> ###### ([CLICK HERE FOR THURSDAY'S PRE-MARKET EARNINGS TIME & ESTIMATES!](https://i.imgur.com/9B6Atio.png))

> # ***Thursday 6.17.21 After Market Close:*** 
> ###### ([CLICK HERE FOR THURSDAY'S AFTER-MARKET EARNINGS TIME & ESTIMATES LINK!](https://i.imgur.com/2knlLsz.png))

*****

> # ***Friday 6.18.21 Before Market Open:*** 
> ###### ([CLICK HERE FOR FRIDAY'S PRE-MARKET EARNINGS TIME & ESTIMATES LINK!]())
(NONE.)

*****

> # ***Friday 6.18.21 After Market Close:***
> ###### ([CLICK HERE FOR FRIDAY'S AFTER-MARKET EARNINGS TIME & ESTIMATES!]())
(NONE.)

*****

> # (T.B.A. THIS WEEKEND.)
**(T.B.A. THIS WEEKEND.)** (T.B.A. THIS WEEKEND.).

> #([CLICK HERE FOR THE CHART!](http://elite.finviz.com/chart.ashx?t=SPY&ty=c&ta=st_c,sch_200p,sma_50,sma_200,sma_20,sma_100,bb_20_2,rsi_b_14,macd_b_12_26_9,stofu_b_14_3_3&p=d&s=l))

*****

# DISCUSS!

What are you all watching for in this upcoming trading week?

*****

I hope you all have a wonderful weekend and a great trading week ahead r/stocks.",Russia|Russian|Putin|NATO,multi_keyword
o4utt3,2021-06-21,stocks,DD for Kinross Gold Corp - $KGC,"**Basics**

Kinross Gold Corp is a gold and silver mining and milling company based out of Canada. They have 8 active mines around the world, split into the divisions of Americas (58%), Russia (22%), and West Africa (20%). Overall, their 2021 gold production guidance is 2.4mil Au eq. oz.

**Bull Case**

* It currently trades at a discount. The P/E is 6.58, which is lower than most competitors. P/S and P/B ratios also indicate a discount.
* Plans to increase mining production by 20% from 2021 to 2022. Immediate increase comes from production increases at existing facilities. This could either offset a decrease in gold price, or it could be a win-win if the price of gold stays the same or increases.
* The company has been paying down large portions of its debt, indicating financial strength.
* The company restarted dividend payments in 2020.
* Analysts price targets are bullish. I see average targets of around $10.50.

**Bear Case**

* PEG is projected to be negative.
* Production increases for 2021 were expected to come from greater output from the Tasiast mine. See the ""Recent News"" section below for why this may not happen.
* Geopolitical risk. This case always seems like a catch-all, but instability in territory around the Russian and Mauritanian mines seems to represent risk in the portfolio.

**Recent News**

* There was a fire at the Tasiast mine on 6/15. Share price dropped significantly over the subsequent days.

**Analysis**

I am bullish on this stock mostly for the valuation metrics. With attractive P/E, P/S, and P/B ratios, this stock trades at a discount compared to competitors. Despite a negative PEG, I would anticipate positive earnings growth in the future for two reasons: expanded mining capacity and a price increase in gold. Whether or not one believes that recent trends are transient or persistent, I would imagine that any hint of short or long term inflation would create a reactionary environment where the price of gold would be pushed up, thus improving the revenue of the company.

The dividend payment was not a focus of my purchase, but it is a nice added bonus which I think reflects positively on the company's financials.

Additionally, I see little room for downsides. The company paying off debt is a good sign to me, which reflects an increasingly stable future. While I understand the geopolitical risk argument, it seems that the mines in those areas have ran without major political disturbances for their duration.

Unfortunately as I wrote this draft and bought my shares, the incident in the ""Recent News"" section happened. The price is currently sub-$6.50, which is an even better entry point then I was able to obtain. At the end of the day, I don't think that the Tasiast fire will indicate a long-term bust on operations, assuming only minor damages. If the damage is serious, then business interruption insurance could offset the hit.

Overall, I am predicting a price target of $11, in-line with DCF formulas and analyst's consensuses.

**Positions**

* 200 shares @ $7.91

&#x200B;

*\*\* Not financial advice. This is a high-level synopsis of my DD \*\**",Russia|Russian,multi_keyword
rbrrls,2021-12-08,StockMarket,Here's Your Daily Market Brief For December 8th,"**📰 Top News**

S&P Futures: +0.19%; DOW Futures: +0.17%; Nasdaq Futures: +0.23%

**US stock futures traded higher Wednesday morning** after Pfizer said that three doses of their vaccine are effective at neutralizing the Omicron variant.

**Biden and Putin square off** \- US President Joe Biden and Russian President Vladimir Putin held a face-to-face conversation on Tuesday amid growing worries of a Russian invasion of neighboring Ukraine. *Note: Biden said that a Russian invasion of Ukraine would bring enormous harm to the Russian economy.*

**Yellen says labor market to remain tight** \- US Treasury Secretary Janet Yellen says that some labor chain shortages could take a couple of years to resolve, while also stating that there was no evidence of a wage-price spiral. *Note: ""I don't see any clear evidence that is happening,"" Yellen said, adding that she was not concerned about the levels of fiscal stimulus added to the US economy to support the Covid-19 recovery.*

**Judge blocks federal vax mandate** \- A federal judge blocked US President Joe Biden's administration from enforcing a Covid-19 vaccine mandate for employees of federal contractors. *Note: The order came in response to a lawsuit from several federal contractors and seven states and applies across the US.*

**🎯 Price Target Updates**

Deutsche upgrades Goodyear Tire and Rubber. GT upgraded from HOLD to BUY - $32 (from $29)

JPMorgan upgrades Elastic. ESTC upgraded from NEUTRAL to OVERWEIGHT - $156

Evercore ISI downgrades Stitch Fix. SFIX downgraded from OUTPERFORM to IN LINE - $24 (from $68)

**📻 In Other News**

**Emirates switches up workweek** **-** The United Arab Emirates (UAE) and its international finance hub, Dubai, are switching to a four-and-a-half day work week ending at midday on Friday to make it easier to do business globally. The UAE, which is predominantly Muslim, said that work will end at 12 pm local time on Friday to allow citizens to attend prayers. *Note: The change will take effect on January 1st, 2022, and will apply to government employees and schools.*

***Microsoft to change hiring practices after being labeled discriminatory*** *-* Microsoft will update its hiring practices after the US Department of Justice found the company demanded more information than necessary on the citizenship status of job applicants. According to the DOJ, between 2018 and 2020, Microsoft violated federal law by asking 6 or more lawful permanent residents to reverify their permission to work in the US. *Note: The company will pay a small fine to the US Treasury and has agreed to stop certain practices.*

**Amazon cloud outage disrupts major websites, streaming services** \- A major outage disrupted Amazon's cloud services on Tuesday, knocking out platforms such as Netflix and Disney+, while also affecting a wide range of apps such as Robinhood and Amazon's own e-commerce website. *Note: Amazon said the outage was related to network devices and linked to APIs used for integrating third-party software.*

**📅 This Week's Key Economic Calendar**

**WEDNESDAY**\*: JOLTS Job Openings (October)\*

**THURSDAY**\*: Initial jobless claims (week ending Dec 4)\*

**FRIDAY**\*: CPI MoM (Nov), CPI YoY (Nov)\*

**📔 Snippet of the Day**

***Quote of the day:*** *""The four most dangerous words in investing are 'this time it's different' "" -Sir John Templeton*",Ukraine|Russia|Russian|Putin|invasion|NATO,multi_keyword
tgkqx0,2022-03-17,investing,Russia avoids default. Bond paid in Dollars.,"
https://www.reuters.com/business/russian-sovereign-bond-payment-received-by-jpmorgan-processed-source-2022-03-17/

Russian Federation dollar denominated bonds received thier coupon payment today. Referring to the 2023 & 2046 bonds. 

Despite capital controls and a decree signed by Putin to temporary pay creditors of hostile nations in Russian currency.",Russia|Russian|Putin,multi_keyword
tpomrh,2022-03-27,StockMarket,Russian oligarch who owns Spartak Moscow claims that he lost 99% of his fortune,[removed],Russia|Russian|Moscow,multi_keyword
u9y7en,2022-04-23,stocks,"Exxon upcoming earnings, oil discussion.","Hello all, been a while since I've posted here about oil. Been having fun gambling during the bear rallies and losing some fun money with phone app. Time to make it back. 

Welp, funs over, back to business. Exxon has earnings coming up and it's estimated to be a blowout, slightly less than $90 billion in revenues. With oil prices as they were during the quarter, I expect a solid earnings beat, but I am slightly worried about the sell the news mentality, so am considering hedging my long position.

I believe that we have not seen peak oil prices yet, mainly due to the strategic reserves being released. 120 million barrels to be exact, that is 20% more than global use for one whole day. Draining of strategic reserves In my opinion, is bullish for the remainder of the year. It destabilizes prices. 

With the sanctions on Russia and what not still ongoing, and being discussed in the EU, I think working with the facts will be a must to avoid speculation and being too married to this trade. I don't know if the EU will ban Russian oil, Germany is strongly opposed as they are reliant on natural gas. But there is a lot of news released about other EU countries pumping more oil to meet demand in case the EU does ban Russian imports. Either way, the base case is still bullish, as I don't believe the war will end soon. I am unsure of what to make of this situation, and it can change by the month. We will have to wait and see. 

We have sold off this week due to China lockdowns and what not, maybe this is ignorant, but I view this as a non issue, and see it blowing over within a few months. Profit taking on that news is to be expected, and oil prices have stayed above $100 during this fear, albeit, not by much, and it does look weak.

That being said, the analyst expectations for long term oil are based on $60 per barrel, which is obviously in the rear view for now. We will see these prices again for sure, but I think the feds willingness to fight inflation means that these prices will be hear to stay for at least a couple years. 

Exxon has lagged over it's peer Chevron, (not by much) when Exxon's ""all-in"" on fossil fuels is advantageous in my eyes. With their profits soaring, they will seek further uses for carbon capture. Obviously, CC is nothing new, but on a large scale, can definitely be a catalyst to the long term value of the oil giant. 

I also have noticed oil being more of a defensive pick these days as well, as besides the news of the .5 rate hike, have traded against the market and has been moving up with healthcare names. Also I'd like to mention, the .5 rate hike was expectedly not priced in by how fast the market recovered when the .25 failed to send the correct message to investors. 

I think Exxon longs will be happy for earnings, and finally, the part that most people are waiting for, is the dividend increase. I'm not sure if Exxon will speak on it at this earnings, but I do believe it is coming this year. That will be a major catalyst to help get Exxon over $100 per share, which I believe we will see this cycle. 

Happy investing and trading all, best of luck, if there's any insight you have, drop it here. I love to read the comments from my oil people!",Russia|Russian|sanctions,multi_keyword
uf8c4e,2022-04-30,investing,What is your view on USD/Euro outlook. And Etf like EUO,"Given that EU is highly dependent on both Energy and food from Ukraine and Russia. The impact has been clearly more on eu than usa. Also fed will raise rates faster than ecb. I am expecting euro to stay weak against dollar. There aren’t many etfs to pick to play this, and most provide daily leverage. Is any one playing something similar?",Ukraine|Russia,multi_keyword
ulqoab,2022-05-09,StockMarket,(5/9) Monday's Pre-Market Stock Movers & News,"# Good Monday morning traders and investors of the r/StockMarket sub! Welcome to the new trading week and a frrrrrrrrrrrrrrresh start! Here are your pre-market stock movers & news on this Monday, May 9th, 2022-

****

# [Dow futures drop more than 500 points as market sell-off continues with yields on the rise](https://www.cnbc.com/2022/05/08/stock-futures-fall-as-wall-street-looks-to-stabilize-after-rollercoaster-week.html)
*****
> Stock futures fell sharply early Monday, as U.S. rates continued to rise and traders struggled to find their footing after big market swings last week.
*****
> Futures tied to the Dow Jones Industrial Average dropped 450 points, or 1.4%. S&P 500 futures fell 1.8%, while those for the Nasdaq 100 lost 2.3%.
*****
> The benchmark 10-year Treasury note yield hit its highest level since late 2018 on Monday. It was last trading at 3.185%.
*****
> That rate increase put pressure on Big Tech names such as Meta Platforms and Alphabet. Shares of Meta were down 2.5% in the premarket, and Alphabet lost 2.7%. Amazon, Apple and Netflix were all down more than 2% as well.
*****
> Energy stocks fell broadly as U.S. oil futures slid more than 2% to $107.14 per barrel. Occidental Petroleum shares dipped 2.8% before the bell, and Schlumberger slipped 2.4%.
*****
> “We expect markets to remain volatile, with risks skewed to the downside as stagflation risks continue to increase,” wrote Barclays’ Maneesh Deshpande. “While we cannot discount sharp bear market rallies, we think upside is limited.”
*****
> Wall Street is coming off a wild week, as investors weighed the prospects of rising interest rates against the potential of slower economic growth.
*****
> Last week, the Nasdaq Composite lost 1.54%, while the S&P 500 and Dow dropped 0.21% and 0.24%, respectively. It was the sixth straight losing week for the Dow, and the fifth straight for the other two major indexes.
*****
> While the cumulative moves for the week were not out of the ordinary, some of the day-to-day swings were eye-popping. The Dow had its best day since 2020 on Wednesday, but then erased all those gains and more on Thursday.
*****
> The short-lived Wednesday rally came after Federal Reserve Chair Jerome Powell said the central bank was not considering a 75-basis-point rate hike at upcoming meetings. Stocks and bonds rallied following that comment but reversed course on Thursday.
*****
> Billionaire hedge fund manager David Tepper told CNBC’s Scott Wapner on Friday that Powell’s statement was an “unforced error” that contributed to market volatility.
*****
> “Our thinking is that stocks are likely to continue lower because we have not yet seen enough technical evidence to suggest a bottom process has started,” wrote JC O’Hara of MKM Partners. “Technical indicators are not oversold enough. The volume profile has shown little if any signs of real capitulation.”
*****
> First-quarter earnings season is slowing down, but there are several notable reports before the opening bell on Monday, including Palantir and vaccine-makers BioNTech and Novavax.
*****
> In other corporate news, Ford was looking to sell 8 million shares in Rivian Automotive over the weekend, sources told CNBC’s David Faber.
*****
> Investors will also be keeping an eye on the war in Ukraine. U.S. first lady Jill Biden made a surprise visit to the country on Sunday. The U.S. and Group of Seven countries announced that they would increase short-term financial support for Ukraine as the war with Russia nears the three-month mark.

*****

#STOCK FUTURES CURRENTLY:
######(**[CLICK HERE FOR STOCK FUTURES CHARTS!](https://finviz.com/futures.ashx)**)

*****

#LAST WEEK'S MARKET MAP:
######(**[CLICK HERE FOR LAST WEEK'S MARKET MAP!](https://i.imgur.com/xiuzuJD.png)**)

*****

#TODAY'S MARKET MAP:
######(**[CLICK HERE FOR TODAY'S MARKET MAP!](https://finviz.com/map.ashx)**)

*****

#LAST WEEK'S S&P SECTORS:
######(**[CLICK HERE FOR LAST WEEK'S S&P SECTORS CHART!](https://i.imgur.com/rZgjzcq.png)**)

*****

#TODAY'S S&P SECTORS:
######(**[CLICK HERE FOR TODAY'S S&P SECTORS CHART!](https://finviz.com/groups.ashx)**)

*****

#TODAY'S ECONOMIC CALENDAR:
######(**[CLICK HERE FOR TODAY'S ECONOMIC CALENDAR!](https://i.imgur.com/nJjaiD4.png)**)

*****

#THIS WEEK'S ECONOMIC CALENDAR:
######(**[CLICK HERE FOR THIS WEEK'S ECONOMIC CALENDAR!](https://i.imgur.com/PM6kuJ7.png)**)

*****

#THIS WEEK'S UPCOMING IPO'S:
######(**[CLICK HERE FOR THIS WEEK'S UPCOMING IPO'S!](https://i.imgur.com/XvIi5Pa.png)**)

*****

#THIS WEEK'S EARNINGS CALENDAR:
(**$PLTR $UPST $SOFI $DIS $RBLX $AMC $OXY $TTD $PTON $BNTX $COIN $TSN $NCLH $SIX $AFRM $SU $SAND $NVAX $PLUG $U $RIVN $DUK $COTY $CLOV $ATER $MSGE $GSL $BROS $RIDE $HGV $ARRY $YETI $WYNN $TTCF $FVRR $BLNK $VTRS $LMND $PRTY $ADAP**)
######(**[CLICK HERE FOR THIS WEEK'S EARNINGS CALENDAR!](https://i.imgur.com/DzJDdu7.jpg)**)

*****

#THIS MORNING'S PRE-MARKET EARNINGS CALENDAR:
(**$PLTR $BNTX $TSN $DUK $COTY $RIDE $GSL $VTRS $HGV $MSGE $PRTY $ACM $ADAP $AZUL $BLDP $KOS $ENR $HE $EGRX $MRSN $MAC $CANO $JLL $THS $NSSC $ELAN $BTAI $BBGI $CLVT $WTRG $MTBC $HEP $TGNA $RDNT $VRTV $AUD $HSKA $FOLD $ADCT $WOW**)
######(**[CLICK HERE FOR THIS MORNING'S EARNINGS CALENDAR!](https://i.imgur.com/p77emgb.jpg)**)

*****

#EARNINGS RELEASES BEFORE THE OPEN TODAY:
######(**[CLICK HERE FOR THIS MORNING'S EARNINGS RELEASES LINK #1!](https://i.imgur.com/euE0MBe.png)**)
######(**[CLICK HERE FOR THIS MORNING'S EARNINGS RELEASES LINK #2!](https://i.imgur.com/4N0W0d7.png)**)

*****

#EARNINGS RELEASES AFTER THE CLOSE TODAY:
######(**[CLICK HERE FOR THIS AFTERNOON'S EARNINGS RELEASES LINK #1!](https://i.imgur.com/e35PJvu.png)**)
######(**[CLICK HERE FOR THIS AFTERNOON'S EARNINGS RELEASES LINK #2!](https://i.imgur.com/7w1k861.png)**)
######(**[CLICK HERE FOR THIS AFTERNOON'S EARNINGS RELEASES LINK #3!](https://i.imgur.com/O0hcFc8.png)**)
######(**[CLICK HERE FOR THIS AFTERNOON'S EARNINGS RELEASES LINK #4!](https://i.imgur.com/AekFTUS.png)**)

*****

#FRIDAY'S ANALYST UPGRADES/DOWNGRADES:
######(**[CLICK HERE FOR FRIDAY'S ANALYST UPGRADES/DOWNGRADES LINK #1!](https://i.imgur.com/PFm8jbt.png)**)
######(**[CLICK HERE FOR FRIDAY'S ANALYST UPGRADES/DOWNGRADES LINK #2!](https://i.imgur.com/VzzHt9f.png)**)


*****

#FRIDAY'S INSIDER TRADING FILINGS:
######(**[CLICK HERE FOR FRIDAY'S INSIDER TRADING FILINGS!](https://i.imgur.com/y3s7Hqi.png)**)

*****

#TODAY'S DIVIDEND CALENDAR:
######(**[CLICK HERE FOR TODAY'S DIVIDEND CALENDAR LINK #1!](https://i.imgur.com/RVBwhnD.png)**)
######(**[CLICK HERE FOR TODAY'S DIVIDEND CALENDAR LINK #2!](https://i.imgur.com/y6ruq0M.png)**)

*****

#THIS MORNING'S MOST ACTIVE TRENDING TICKERS ON STOCKTWITS:

* BTC.X
* PLTR
* SPY
* AMC
* QQQ
* RIVN
* MARA
* COIN
* BNTX
* ETH.X

*****

#THIS MORNING'S STOCK NEWS MOVERS:

######(**source: [cnbc.com](https://www.cnbc.com/2022/05/09/stocks-making-the-biggest-moves-in-the-premarket-palantir-rivian-uber-and-more.html)**)

*****

> **Palantir Technologies (PLTR)** – The data analytics software company’s shares plunged 15.1% in premarket trading after posting a mixed quarter. Palantir reported profit of 2 cents per share, compared to a 4 cents a share consensus estimate. Revenue was higher than expected, however, despite slowing growth in its government business. Palantir also issued a softer-than-expected current-quarter revenue forecast.

> #**STOCK SYMBOLS:** PLTR

> * [CLICK HERE FOR CHART!](http://charts.finviz.com/chart.ashx?t=PLTR&ty=c&ta=st_c,sch_200p,sma_50,sma_200,sma_20,sma_100,bb_20_2,rsi_b_14,macd_b_12_26_9,stofu_b_14_3_3&p=d&s=l)

> ######(**[CLICK HERE FOR LIVE STOCK QUOTE!](http://data.cnbc.com/quotes/PLTR)**)

*****

> **Rivian (RIVN)** – Ford Motor (F) is selling 8 million of its 102 million share stake in the electric vehicle maker, according to sources who spoke to CNBC’s David Faber. The move comes as the insider lockup period for selling the stock expires. Rivian shares plummeted 15.6% in the premarket.

> #**STOCK SYMBOLS:** RIVN

> * [CLICK HERE FOR CHART!](http://charts.finviz.com/chart.ashx?t=RIVN&ty=c&ta=st_c,sch_200p,sma_50,sma_200,sma_20,sma_100,bb_20_2,rsi_b_14,macd_b_12_26_9,stofu_b_14_3_3&p=d&s=l)

> ######(**[CLICK HERE FOR LIVE STOCK QUOTE!](http://data.cnbc.com/quotes/RIVN)**)

*****

> **Uber Technologies (UBER)** – Uber plans to slash spending on marketing and incentives and be deliberate about adding workers, according to a staff email obtained by CNBC. CEO Dara Khosrowshahi said the ride-hailing and food delivery company said Uber needs to become a leaner business to address a “seismic shift” in investor sentiment. Uber fell 3% in the premarket.

> #**STOCK SYMBOLS:** UBER

> * [CLICK HERE FOR CHART!](http://charts.finviz.com/chart.ashx?t=UBER&ty=c&ta=st_c,sch_200p,sma_50,sma_200,sma_20,sma_100,bb_20_2,rsi_b_14,macd_b_12_26_9,stofu_b_14_3_3&p=d&s=l)

> ######(**[CLICK HERE FOR LIVE STOCK QUOTE!](http://data.cnbc.com/quotes/UBER)**)

*****

> **Coty (COTY)** – Coty reported quarterly earnings of 3 cents per share, beating the penny a share consensus estimate. Revenue topped forecasts as well and the cosmetics company raised its full-year outlook on strong demand for its products. The stock rose 1.7% in the premarket.

> #**STOCK SYMBOLS:** COTY

> * [CLICK HERE FOR CHART!](http://charts.finviz.com/chart.ashx?t=COTY&ty=c&ta=st_c,sch_200p,sma_50,sma_200,sma_20,sma_100,bb_20_2,rsi_b_14,macd_b_12_26_9,stofu_b_14_3_3&p=d&s=l)

> ######(**[CLICK HERE FOR LIVE STOCK QUOTE!](http://data.cnbc.com/quotes/COTY)**)

*****

> **Energizer (ENR)** – The battery maker beat estimates by 9 cents a share, with quarterly profit of 47 cents per share. Revenue topped Street forecasts as Energizer raised prices. Its shares gained 2.3% in the premarket.

> #**STOCK SYMBOLS:** ENR

> * [CLICK HERE FOR CHART!](http://charts.finviz.com/chart.ashx?t=ENR&ty=c&ta=st_c,sch_200p,sma_50,sma_200,sma_20,sma_100,bb_20_2,rsi_b_14,macd_b_12_26_9,stofu_b_14_3_3&p=d&s=l)

> ######(**[CLICK HERE FOR LIVE STOCK QUOTE!](http://data.cnbc.com/quotes/ENR)**)

*****

> **Elanco Animal Health (ELAN)** – Elanco fell 4.3% in premarket action after the animal health products company lowered its full-year outlook, reflecting the impact of a stronger U.S. dollar. Elanco reported slightly better-than-expected profit and revenue for its most recent quarter.

> #**STOCK SYMBOLS:** ELAN

> * [CLICK HERE FOR CHART!](http://charts.finviz.com/chart.ashx?t=ELAN&ty=c&ta=st_c,sch_200p,sma_50,sma_200,sma_20,sma_100,bb_20_2,rsi_b_14,macd_b_12_26_9,stofu_b_14_3_3&p=d&s=l)

> ######(**[CLICK HERE FOR LIVE STOCK QUOTE!](http://data.cnbc.com/quotes/ELAN)**)

*****

> **Tyson Foods (TSN)** – The stock rose 1% in the premarket after the beef and poultry producer beat profit and revenue estimates for its latest quarter. Tyson earned $2.29 per share, compared to a $1.91 a share consensus estimate.

> #**STOCK SYMBOLS:** TSN

> * [CLICK HERE FOR CHART!](http://charts.finviz.com/chart.ashx?t=TSN&ty=c&ta=st_c,sch_200p,sma_50,sma_200,sma_20,sma_100,bb_20_2,rsi_b_14,macd_b_12_26_9,stofu_b_14_3_3&p=d&s=l)

> ######(**[CLICK HERE FOR LIVE STOCK QUOTE!](http://data.cnbc.com/quotes/TSN)**)

*****

> **BioNTech (BNTX)** – BioNTech trounced Wall Street estimates for profit and revenue in its latest quarter, and also backed its prior outlook for 2022 including projections for Covid-19 vaccine sales.

> #**STOCK SYMBOLS:** BNTX

> * [CLICK HERE FOR CHART!](http://charts.finviz.com/chart.ashx?t=BNTX&ty=c&ta=st_c,sch_200p,sma_50,sma_200,sma_20,sma_100,bb_20_2,rsi_b_14,macd_b_12_26_9,stofu_b_14_3_3&p=d&s=l)

> ######(**[CLICK HERE FOR LIVE STOCK QUOTE!](http://data.cnbc.com/quotes/BNTX)**)

*****

> **Twitter (TWTR)** – Elon Musk detailed his financial goals for Twitter in an investor presentation obtained by the New York Times. Among those goals: quintuple revenue by 2028, cut Twitter’s reliance on advertising and reach 931 million users by 2028 compared to 217 million at the end of 2021. Twitter fell 1.3% in premarket trading.

> #**STOCK SYMBOLS:** TWTR

> * [CLICK HERE FOR CHART!](http://charts.finviz.com/chart.ashx?t=TWTR&ty=c&ta=st_c,sch_200p,sma_50,sma_200,sma_20,sma_100,bb_20_2,rsi_b_14,macd_b_12_26_9,stofu_b_14_3_3&p=d&s=l)

> ######(**[CLICK HERE FOR LIVE STOCK QUOTE!](http://data.cnbc.com/quotes/TWTR)**)

*****

> **Shell (SHEL)** – Third Point’s Daniel Loeb told investors he has added to his stake in energy giant Shell, according to a letter seen by Reuters. Loeb said in the letter that he had held “constructive” talks with management, the board and shareholders about his call for the company to split itself up. Shell shares fell 2.6% in premarket action.

> #**STOCK SYMBOLS:** SHEL

> * [CLICK HERE FOR CHART!](http://charts.finviz.com/chart.ashx?t=SHEL&ty=c&ta=st_c,sch_200p,sma_50,sma_200,sma_20,sma_100,bb_20_2,rsi_b_14,macd_b_12_26_9,stofu_b_14_3_3&p=d&s=l)

> ######(**[CLICK HERE FOR LIVE STOCK QUOTE!](http://data.cnbc.com/quotes/SHEL)**)

*****

> **Southwest Gas (SWX)** – Southwest Gas reached a settlement with investor Carl Icahn that will see the utility company replace its CEO and give Icahn as many as four board seats. Southwest Gas rose 1% in the premarket.

> #**STOCK SYMBOLS:** SWX

> * [CLICK HERE FOR CHART!](http://charts.finviz.com/chart.ashx?t=SWX&ty=c&ta=st_c,sch_200p,sma_50,sma_200,sma_20,sma_100,bb_20_2,rsi_b_14,macd_b_12_26_9,stofu_b_14_3_3&p=d&s=l)

> ######(**[CLICK HERE FOR LIVE STOCK QUOTE!](http://data.cnbc.com/quotes/SWX)**)

*****

#**FULL DISCLOSURE:**

> /u/bigbear0083 has no positions in any stocks mentioned. Reddit, moderators, and the author do not advise making investment decisions based on discussion in these posts. Analysis is not subject to validation and users take action at their own risk.

*****

#**DISCUSS!**

What's on everyone's radar for today's trading day ahead here at r/StockMarket?

*****

# **I hope you all have an excellent trading day ahead today on this Monday, May 9th, 2022! :)**",Ukraine|Russia,multi_keyword
w7wfcf,2022-07-25,stocks,RSX VanEck Russian ETF,[removed],Russia|Russian,multi_keyword
12cmumr,2023-04-05,stocks,How I see the Future Economic Landscape - A few points to consider and ponder.,"# Future Economic Landscape

I believe that the world is heading to an inflationary regime (which can last decades). But that doesn’t mean it will be inflationary throughout, there will be periods of disinflation, deflation, and reinflation peppered within this inflationary regime, just like how we had a deflationary regime over the last four decades that was peppered with periods of disinflation, deflation, and reinflation.

**So why are we heading to an inflationary regime?**

**Let us begin by quickly summarizing the deflationary drivers of the last four decades** – 

1.**China** – managed to bring over 600 million people into the workforce and out of poverty. This helped improve their lives but also provided cheap labor to the global economy. At the same time, China laid the massive manufacturing and logistics infrastructure which has made it the manufacturing powerhouse that it is today.

2.**Collapse of USSR** – led to the migration of cheap labor from Eastern Europe to Mainland Europe.

3.**Outsourcing** – exasperated with high inflation from the mid 1960’s to the mid 1980’s, developed economies willingly accepted the idea to outsource or offshore their manufacturing to China.

4.**Female Labor Force Participation** – increased participation of women in the labor force, especially in China.

5.**Immigration** – the same reason stated in point 3 led to developed economies opening up to immigration from developing economies which led to wages being driven down.

6.**Debt** – Increase in debt (through monetary policy) led to businesses running on the loss-making model whilst increasing revenues. It also led to increased competition and the emergence of massively disruptive startups.

7.**Technology** – the ultimate deflationary driver which made the world smaller, expedited exchange and execution of ideas, boosted innovation, and increased efficiency exponentially.

**Now let us understand which of the above deflationary drivers can slow down or turn inflationary** – 

1.**China** – demography is getting older and wealthier. Cheap labor-intensive industries such as apparel and footwear are already moving to Vietnam and Bangladesh, as China isn’t feasible for cheap labor anymore.

2.**Outsourcing** – many developed countries have elected or are electing governments that promise to bring back the jobs by reshoring their industries. Also, Covid lockdowns and the Russian – Ukraine conflict has shown governments how globalized supply chains are vulnerable and de-risking supply chains to some extent by localizing them would be a strategic necessity. Reshoring of jobs and supply chains will be inflationary.

3.**Immigration** – again, many developed countries have elected or are electing governments that promise or have mandates in place that caps immigration which would cut off access to foreign cheap labor and talent.

4.**Debt** – many developed countries are running debt to GDP ratios in excess of 100% and any increase in debt through monetary policy would be a very unpopular opinion among the electorate, leading to more fiscal policy solutions, which makes the economy inflationary.

**Apart from the drivers listed above which can turn from deflationary to inflationary, a new set of inflationary drivers can also be witnessed.**

**The new drivers of an Inflationary Regime**

1.**ESG** – The transition to Net Zero involves a large negative supply shock for existing sources of energy as enough new investments weren’t being made. This leads to higher prices for existing sources of energy. New ESG projects require mega capex. Without public investment in ESG, private investment would not be enough to scale or bring down the costs to the end consumer. This either means that private investment bears the loss, increase prices, or the governments subsidize the private investment to bring down the costs to the end user. If private investments have to bear a loss, then investing in ESG wouldn’t be attractive to them, if ESG projects have to increase prices to be profitable, then they may not be feasible to consumers, and if the governments introduce subsidies for private ESG investments, then they would exacerbate the debt problem.

2.**Inequality** – the deflationary regime of the last 40 years worked in favor of the capitalists against the labor, and the monetary policies in place since 2008 exacerbated this inequality. The current inflationary period will put pressure on governments to work on closing the gap in inequality, which will further increase pressures on inflation.

3.**Fiscal Policy** – governments are already putting money in the hands of the people so that they can weather the inflation or are providing subsidies. Fiscal policy along with monetary policy is proven to be inflationary.

**But because I have a view on an inflationary regime that doesn’t mean it will actually play out. There are still factors that would be a risk to an inflationary regime and lead to the deflationary regime from the last 4 decades to continue for another few decades.**

**The risks to the drivers of an Inflationary Regime**

1. **Technology** – it could continue to be a deflationary driver and would be enough to replace the labor force exiting the market. These technologies could be AI, robotics, 3D printing, etc.

2. **India & Africa** – although they lack the administrative infrastructure present in China to develop a similar market scale, they could still be a new source for cheap labor.

3. **Female Labor Force Participation** – in countries such as India where the female labor force participation is low, an increase in the participation rate can be a deflationary driver.

4. **Weakening JPY** – the continued weakening of the JPY against the USD can make Japan more competitive in the export market, making it a serious competitor to China. However, to stay relevant, China will be forced to devalue its currency, exporting deflation to the world in the process. Although, the BoJ can stop the JPY from weakening further, but that would mean giving up the YCC, which seems difficult as of now because that would lead to a lot of their domestic institutions and funds failing as they own a lot of the JGB’s. Apart from that, increasing yields in Japan would mean lesser liquidity in the global markets, which could possibly lead to higher yields worldwide. Considering these risks, it seems more likely that Japan would let the JPY weaken as per market forces, which in turn would force the hand of China.

5. **Underestimating China** \- having a tight grip over the country, establishing policies and new laws to make sure prices stay low, won’t be difficult for China. Apart from that, the costs involved in building new supply chains and infrastructure to move away from China, may prove difficult to the world, considering this would require new investments, which would mean a higher debt burden than already exists.

  

**A few other thoughts on the Future Economic Landscape**

1. Governments would be more focused on spending to reduce inequality rather than investing in alternative energy because fiscal stimulus would win votes as that’s money directly in the hands of people.

2. Monetary policy alone would be frowned upon by the electorate and hence fiscal policy would also be required. Monetary and fiscal policy together, are known to be inflationary.

3. PE, VC, and other alternative investments can become risky as liquidity moves out. Liquidity is moving out because treasury yields worldwide are rising and institutional investors who moved to alternative assets in search of yields, are moving out. Treasury yields move higher when inflation moves higher. Not to forget that if JPY keeps going higher, the BoJ will have to give up on the YCC, thus increasing JGB yields, and taking away liquidity from international markets, which in turn can hurt alternative investments all the more. Alternative investments already are under pressure because of lower valuations due to higher interest rates or discount rates, and taking away liquidity means difficulty in finding buyers for existing investors or lower exit valuations. Keeping this in mind, investors should be more stringent with investments in startups or loss making entities.

&#x200B;

**Would appreciate further discussion, comments, dissents on any of the points. Hope this helps!**

**Cheers!**",Ukraine|Russia|Russian,multi_keyword
12p7qxu,2023-04-17,StockMarket,"Janet Yellen Says Banks May Tighten Lending Following Recent Failures, Potentially Affecting Monetary Policy","Janet Yellen, the former Chair of the Federal Reserve and current U.S. Treasury Secretary, recently stated in an interview with CNN that banks are likely to become more cautious and may tighten lending further in the wake of recent bank failures, possibly negating the need for further Federal Reserve interest rate hikes. Yellen's comments were in reference to the recent failures of two banks, Silicon Valley Bank and Signature Bank, which caused deposit outflows and raised concerns about systemic risk. Yellen noted that policy actions taken to address these failures had stabilized deposit outflows and restored calm to the financial system.

Yellen's comments suggest that she believes that the banking industry is taking appropriate steps to manage risk and ensure financial stability, and that this could have implications for monetary policy. If banks become more cautious and tighten lending, it could reduce the need for the Federal Reserve to raise interest rates to address inflationary pressures. It remains to be seen how banks will respond to the recent failures and whether they will indeed become more cautious in their lending practices. The Federal Reserve will continue to monitor the situation and make decisions based on its assessment of the broader economic and financial landscape.

&#x200B;

https://preview.redd.it/um1hdawaleua1.png?width=768&format=png&auto=webp&s=554dd617414929ce87c75a794bfce92c76e75dbb

Yellen is not alone in predicting that bank credit may be reduced due to recent financial sector turbulence. Some Fed officials have called for a more cautious approach as they anticipate lending restrictions from banks in the coming months. However, weekly bank balance sheet data from the Fed has not shown any significant deterioration in lending, and deposit outflows have stabilized after a surge of withdrawals around mid-March.

Yellen also discussed how U.S.-led sanctions and export controls on Russia have impacted the country's ability to wage war in Ukraine and how the $60-a-barrel price cap on Russian oil imposed by Western countries has turned Moscow's expected budget surpluses into deficits. The sanctions have forced Russia to seek military equipment and supplies from Iran and North Korea, and Yellen stated that Putin's military is lacking the equipment needed to wage war.

When asked about the potential risk of sanctions eroding the dollar's role as the world's reserve currency, Yellen acknowledged the risk but noted that financial sanctions are an important tool that must be used judiciously with the support of allies. The sanctions create a desire for China, Russia, and Iran to find an alternative to the dollar, but this is difficult due to the unique properties of the U.S. Treasuries that back it. Yellen stated that the dollar is widely used globally due to deep capital markets and rule of law, and no other country has the institutional infrastructure to serve the world like the U.S. does.",Ukraine|Russia|Russian|Putin|Moscow|sanctions,multi_keyword
13suecd,2023-05-27,stocks,"Wall Street Week Ahead for the trading week beginning May 29th, 2023","Good Friday evening to all of you here on r/stocks! I hope everyone on this sub made out pretty nicely in the market this past week, and are ready for the new trading week ahead. :)

Here is everything you need to know to get you ready for the trading week beginning May 29th, 2023.

# **Stocks rally Friday on hopes for a debt ceiling deal, Nasdaq notches fifth straight week of wins: Live updates - [(Source)](https://www.cnbc.com/2023/05/25/stock-market-today-live-updates.html)**
*****
> Stocks jumped Friday as traders grew hopeful that lawmakers will reach a deal to raise the U.S. debt ceiling, avoiding a potentially catastrophic default.
*****
> The Dow Jones Industrial Average climbed 328.69 points, or 1% to settle at 33,093.34. The S&P 500 gained 1.3% to close at 4,205.45, and the Nasdaq Composite advanced 2.2% to 12,975.69.
*****
> Intel and American Express rose 5.8% and 4.1%, respectively to lead the Dow higher. The S&P 500 tech and consumer discretionary sectors popped more than 2% each.
*****
> The Nasdaq notched its fifth straight weekly gain, rising 2.5%. The S&P 500 also posted a one-week advanced, advancing 0.3%. The Dow was the laggard this week, losing 1%.
*****
> Congressional and Biden administration negotiators were zeroing in on a deal that would increase the U.S. debt limit for two years. House Speaker Kevin McCarthy said talks Thursday night yielded progress, but added: “We’ve got to make more progress now.”
*****
> Treasury Secretary Janet Yellen has warned that the U.S. could default as soon as June 1 if the debt ceiling is not raised. Economists and Wall Street leaders have also raised concern over the possibly devastating impact of a U.S. debt default.
*****
> “Once a debt deal is done, markets will have to deal with the harsh reality that the Fed is going to kill this economy,” Ed Moya, senior market analyst at Oanda, wrote on Friday. “The end of tightening might not occur until the end of summer and that means we will probably get bigger rate cuts next year.”
*****
> New data out Friday morning showed inflation rose more than expected in April. The personal consumption expenditures index, the Federal Reserve’s preferred gauge of price pressures, increased 0.4% last month and 4.7% from a year earlier.

*****

# **This past week saw the following moves in the S&P:**
###### **([CLICK HERE FOR THE FULL S&P TREE MAP FOR THE PAST WEEK!](https://i.imgur.com/YsNjB7S.png))**

# **S&P Sectors for this past week:**
###### **([CLICK HERE FOR THE S&P SECTORS FOR THE PAST WEEK!](https://i.imgur.com/J7GSzs5.png))**

# **Major Indices for this past week:**
###### **([CLICK HERE FOR THE MAJOR INDICES FOR THE PAST WEEK!](https://i.imgur.com/b9NEC9q.png))**

# **Major Futures Markets as of Friday's close:**
###### **([CLICK HERE FOR THE MAJOR FUTURES INDICES AS OF FRIDAY!](https://i.imgur.com/2GC5lFs.png))**

# **Economic Calendar for the Week Ahead:**
###### **([CLICK HERE FOR THE FULL ECONOMIC CALENDAR FOR THE WEEK AHEAD!](https://i.imgur.com/pwwCyEx.png))**

# **Percentage Changes for the Major Indices, WTD, MTD, QTD, YTD as of Friday's close:**
###### **([CLICK HERE FOR THE CHART!](https://i.imgur.com/NThQCkE.png))**

# **S&P Sectors for the Past Week:**
###### **([CLICK HERE FOR THE CHART!](https://i.imgur.com/hLRFTR1.png))**

# **Major Indices Pullback/Correction Levels as of Friday's close:**
###### **([CLICK HERE FOR THE CHART!](https://i.imgur.com/E2lnMms.png))**

# **Major Indices Rally Levels as of Friday's close:**
###### **([CLICK HERE FOR THE CHART!](https://i.imgur.com/moYuXiP.png))**

# **Most Anticipated Earnings Releases for this week:**
###### **([CLICK HERE FOR THE CHART!](https://i.imgur.com/Yws3M7H.png))**

# **Here are the upcoming IPO's for this week:**
###### **([CLICK HERE FOR THE CHART!](https://i.imgur.com/dqzj311.png))**

# **Friday's Stock Analyst Upgrades & Downgrades:**
###### **([CLICK HERE FOR THE CHART LINK #1!](https://i.imgur.com/EqCqkfa.png))**
###### **([CLICK HERE FOR THE CHART LINK #2!](https://i.imgur.com/PvEGi3Z.png))**


*****

> # Why a Strong First 100 Days Is a Good Thing

> “It’s not how you start the season, it’s how you finish.” -Albert Pujols, 11-time All Star professional baseball player

> Can you believe it, today is the 100th trading day of the year. In the face of mounting worries about the economy, Fed policy, stubborn inflation, an earnings recession, the manufacturing recession, the war in Ukraine, poor market breadth, signing Joe Burrow to a long-term NFL deal, and more, stocks have had a really strong start to 2023. Ok, that Joe Burrow part is more of a personal worry, but the man needs to be paid and we need to keep him in Bengal stripes, so it is a worry of mine in 2023.

> So, what exactly does a good start to a year as of Day 100 mean? Well, the 7.2% gain as of yesterday would be the best start to a year since 2021 with 2019 and 2017 before that. In other words, recently strong starts have meant continued gains for the bulls out there who recall those fun years.

> Looking at all the years to gain at least 7% by Day 100 showed that the rest of the year was higher by 9.4% on average and up 88.5% of the time. Anyone up for another 10% from here? Unless you are a permabear, I bet most readers would be ok with that. Lastly, the full year has never closed the year lower when up more than 7% on Day 100. Yes, 1987 is in here, so we know that stocks can indeed go lower from here, but to have a red year in 2023 would truly be rare.

> ###### **([CLICK HERE FOR THE CHART!](https://www.carsongroup.com/wp-content/uploads/2023/05/blog-1-2-800x738.png))**

> That isn’t the only good news though. In fact, here are two more recent occurrences that should bode well for continued strong returns from stocks this year.

> First up, the S&P 500 hasn’t made a new 52-week low since the mid-October lows last year. That is more than seven months without a new low and history would say that a move right back beneath those October lows would be quite rare. As you can see from the chart below, usually this is a sign that ‘the lows’ indeed are in and in many cases strong continued gains were possible.

> ###### **([CLICK HERE FOR THE CHART!](https://www.carsongroup.com/wp-content/uploads/2023/05/blog-2-2-800x288.png))**

> Here are all the instances of a new 52-week low and then seven months in a row without a new low. A year later? Stocks were up 12.6% on average and higher 86.4% of the time. Looking at things over the past 50 years and only twice (out of 14 times) did stocks go on to make new lows after seven months without a new 52-week low. Those were in 2002 (and the vicious three-year bubble bursting bear market) and then right ahead of a 100-year pandemic. Let’s hope now isn’t like those two and we don’t think it is. The other 12 times the lows were indeed in place. We remain in the camp that the lows from October are it and the bear market ended then. We’ve been saying that since late last year and many more are coming around to this opinion now. This study does little to change our views here.

> ###### **([CLICK HERE FOR THE CHART!](https://www.carsongroup.com/wp-content/uploads/2023/05/blog-3-1-800x544.png))**

> Lastly, we’ve seen strong leadership from large cap technology this year, after a horrible year last year it should be noted. This is the lifeblood of bull markets, changing leadership and we have seen it this year. Turning to the NASDAQ-100, it recently made a new 52-week high for the first time since before Thanksgiving in 2021 …. Nearly 18 full months! As bad as that was, the good news is when it goes at least six months without a new 52-week high and finally makes one (like last week), the future returns can be quite strong. As we show below, the NASDAQ-100 was higher a year later 14 out of 14 times and up 16.8% on average along the way. We don’t expect this to be 14 out of 15 this time next year is all I will say.

> ###### **([CLICK HERE FOR THE CHART!](https://www.carsongroup.com/wp-content/uploads/2023/05/blog-4-1-800x550.png))**

> With all of that, I must ask you, why are you even reading this right now? We are right before a holiday weekend and I hope you can get a break, eat some good food, and spend time with family and friends this Memorial Day weekend. The stock market is having a nice year, bonds are doing ok, or at least way better than last year, the economy is firming, the Fed is likely done hiking, and the Bengals are inching closer to signing Joey B. Have a great weekend, everyone!

*****

> # Market Weaker After Memorial Day Recent Years

> ###### **([CLICK HERE FOR THE CHART!](https://64.media.tumblr.com/57dad359c4ec44073147eeca19b32fba/5f6111707bfba5c3-51/s500x750/e330f26dd32135f3ba0c3133972980fb7f535ba2.jpg))**

> The week after Memorial Day performed quite well 1971-95. DJIA & S&P up 68% of the time, averaging 0.8% – DJIA up 12 in a row 1984-95. NAS was up 72% of the time, average 0.6%, up 10 straight 1986-95. Since 1979 R2K was up 88.2% of the time, average 0.9%, up 13 straight 1983-95.

> Starting in 1996 the week after Memorial Day performance diminished. DJIA was up only 40.7% of times, average loss 0.02%, down 9 of last 13. S&P, NAS & R2K all gained ground less than 56% of the time, down 7 of last 13. Huge gains during the week in 2000 do skew the averages.

> ###### **([CLICK HERE FOR THE CHART!](https://64.media.tumblr.com/cfaa294dc5a2ddb96dbd202a91b8f43d/5f6111707bfba5c3-7a/s500x750/c0cab774bd4ae7d8774ae224a78ffc6192f579d6.jpg))**

> 2023 Stock Trader’s Almanac page 100 tracks behavior before & after holidays since 1980. Days after Memorial Day show positivity. But weakness has increased the last 22-years the 3 days after Memorial Day. Day after Memorial Day DJIA & NAS down 6 of last 8, S&P down 7 of last 8.

> ###### **([CLICK HERE FOR THE CHART!](https://stocktradersalmanac.com/UploadedImage/blog_20230526_Days_after_Memorial_day_table.jpg))**

*****

> # Tech In Orbit

> The S&P 500 has been closing in on new 52-week highs as the index gains another 1.3% headed into the long weekend. Although the index has been moving higher, looking at relative strength lines across the S&P's eleven sectors, it would be hard to tell. Indicating what has broadly been mediocre breadth at best, the only two sectors with relative strength lines that are currently moving higher are Tech and Communication Services. The former has made a vertical move higher over the past few days in the wake of the surge in NVIDIA (NVDA), while the climb in Communication Services has been more steady. As for the other sectors, relative strength lines have been falling off a cliff for everything except Consumer Discretionary, which has been flat.

> ###### **([CLICK HERE FOR THE CHART!](https://media.bespokepremium.com/uploads/2023/05/052623-Tech-OB-1.png))**

> Again, Tech has led the way higher with a sharp move this week. The sector is now extremely overbought, trading 3.23 standard deviations above its 50-DMA; the fifth most overbought reading on record. Since 1990, there have only been a handful of times in which the S&P 500 Tech sector has traded at least 3 standard deviations overbought, with the most recent being roughly six years ago. But to find the last time the sector was as extended as it is today, you'd have to go all the way back to early 2004!

> ###### **([CLICK HERE FOR THE CHART!](https://media.bespokepremium.com/uploads/2023/05/052623-Tech-OB.png))**

*****

> # Government Debt Has Exploded Higher. Should We Worry?

>The fight over the debt ceiling in Washington D.C. has focused attention on the size of U.S. government debt. And it’s not pretty to look at. From the end of 2019 through the end of 2022, government debt has increased by a whopping 35% to $31.4 trillion. That translates to a dollar increase of $8.2 trillion!

> ###### **([CLICK HERE FOR THE CHART!](https://www.carsongroup.com/wp-content/uploads/2023/05/Blog-2023-05-24-government-debt-603x800.png))**

> The debt-to-GDP ratio jumped from 108% before the pandemic to 120% at the end of 2022. The only solace is that it’s fallen from 135% in the second quarter of 2020 – primarily because GDP increased by $4.4 trillion since then. Note that the denominator in the ratio is “nominal” GDP, i.e. it’s not adjusted for inflation. Nominal GDP has been increasing rapidly over the past two years thanks to inflation, rising 12% in 2021 and 7% in 2022. So, one way in which debt-to-GDP can fall is with higher inflation.

> ###### **([CLICK HERE FOR THE CHART!](https://www.carsongroup.com/wp-content/uploads/2023/05/Blog-2023-05-24-debt-to-gdp-ratio-612x800.png))**

> The problem with inflation is that the Federal Reserve is likely to react aggressively to bring it down, which is what happened last year. They raised benchmark interest rates from near 0% to above 5% over the past 14 months to clamp down on the highest inflation in 40+ years.

> Higher interest costs for the government were a direct consequence of this. Interest payments on the federal debt have risen by $359 billion since the end of the pandemic through the first quarter of 2023.

> ###### **([CLICK HERE FOR THE CHART!](https://www.carsongroup.com/wp-content/uploads/2023/05/Blog-2023-05-24-government-interest-costs-605x800.png))**

> **But here’s the good news …**

> One thing that is weird about the debt-to-GDP ratio is that you’re comparing the “stock” of outstanding debt to GDP, which is a “flow”, i.e. the total dollar value of all finished goods and services produced within the country over a quarter.

> It’s akin to looking at your mortgage balance as a percent of your monthly or quarterly income. A better measure of financial stress, or lack thereof, is mortgage debt service costs as a percent of income.

> We can do the same thing for the government, in which case “income” is tax receipts.

> As I noted above, debt-to-GDP fell over the last couple of years because nominal GDP grew. The other side of higher nominal GDP is that tax receipts for the government have also surged. Tax receipts have risen from about $2.2 trillion at the end of 2019 to $3.2 trillion by the end of 2022, an increase of $1 trillion.

> ###### **([CLICK HERE FOR THE CHART!](https://www.carsongroup.com/wp-content/uploads/2023/05/Blog-2023-05-24-government-tax-receipts-608x800.png))**

> This is the other side of government spending that kept the economy afloat in 2020-2021. Stimulus checks, PPP loans, and expanded unemployment benefits ensured that consumer spending held strong – the downside was higher inflation, as the pandemic shut down a lot of supply even as demand recovered immediately. Nevertheless, one person’s spending is another person’s income, and income is taxed.

> The other reason tax receipts surged, especially in 2021, was an increase in capital gains receipts thanks to rising asset prices. This was less so in 2022. However, 4.8 million more people gained jobs in 2022, which helped push tax receipts higher.

> The chart below shows government interest costs as a percent of tax receipts, and right now it’s just under 27%. It’s gone almost straight up over the last few quarters but remains slightly below where it was in 2019, which was right along the historical average of 27.3%.

> ###### **([CLICK HERE FOR THE CHART!](https://www.carsongroup.com/wp-content/uploads/2023/05/Blog-2023-05-24-government-interest-costs-tax-receipts-610x800.png))**

> Things don’t look too concerning when you look at the chart above. Ultimately, if the economy is growing, the debt-to-GDP ratio should remain stable (or fall), and tax receipts will continue to rise.

> Recession is a real concern because that’s when tax receipts fall amid a rise in unemployment. This is why the ratio between interest costs and tax receipts jumped to over 50% in the early-to-mid 1980’s. Fed Chair Paul Volcker had raised interest rates sharply to combat high inflation, which resulted in:

> * Higher interest costs on the federal debt

> * A recession, which meant there were fewer tax receipts as spending and employment fell

> Right now, we don’t believe we’re in a similar situation, and our base case is that the U.S. can avoid a recession this year.

*****

> # Two More Bullish Pieces of Evidence

> “No amount of evidence will ever persuade an idiot.” -Mark Twain

> We been pointing out signs of an early cycle revival in the economy and many bullish signals that indeed suggest the upward trend in stocks since October is alive and well. Well, here’s a blog on two more things that recently triggered and both could be nice signs for both the economy and stocks going forward.

> First up, this past earnings season was really good relative to expectations. According to Factset, about 95% of S&P 500 companies have reported first-quarter earnings and a very impressive 78% beat expectations. Yes, earnings are set to come in down 2.2% versus the first quarter last year, but this is much better than the 6.6% drop that was expected this time seven weeks ago. Also, all 11 sectors came in better than expected, with tech (the largest component) really impressing. Lastly, the average company beat earnings by 6.5%, one of the best beats in years, while the average small cap stock beat by an even wider margin.

> Thanks to data from our friends at Ned Davis Research, MSCI U.S. trailing 12-month earnings have officially bottomed and are now heading higher. Given nearly 80% issued increased revisions (the left side of the chart below), this makes sense that this would stop going down and start going up. All in all, this is a very strong signal that all the worries about the impending recession have been greatly exaggerated and corporate America likely sees better times coming.

> ###### **([CLICK HERE FOR THE CHART!](https://www.carsongroup.com/wp-content/uploads/2023/05/blog-1-1-800x675.png))**

> The other thing that no one is pointing out is the S&P 500’s 200-day moving average has officially turned higher. This is a longer-term trendline and it tends to catch significant trends. Right now, it’s rebounding off a bottom and that is another feather in the cap for bulls.

> Some previous times the 200-day turned higher after trending lower for an extended period were July 2016, August 2009, June 2003, and March 1991. For those who remember their stock market history, all of those times indeed took place after significant lows were already formed (in other words, no new lows took place) and continued strong gains occurred. I eyeballed 10 times this turned higher and all 10 were nice times to own stocks.

> ###### **([CLICK HERE FOR THE CHART!](https://www.carsongroup.com/wp-content/uploads/2023/05/blog-2-1-800x426.png))**

> Our friends at Bespoke looked at this and they found 20 times the 200-day moving average made a new 52-week low and then moved at least 1% off that level within three months, so a clear signal that the lower trend in stocks had ended. Sure enough, going back to 1928, they found the S&P 500 was higher a year later 20 out of 20 times, with a solid average gain of 18.2%. 20 out of 20!

> One thing I’ve seen the past few months though is many of the perma-bears have really dug their heels in, likely costing many investors a good deal of gains and future gains. Take another look at the Mark Twain quote at the beginning. We’ve been sharing a lot of evidenced-based investment data this year showing better times could be coming and fortunately, it has been taking place for investors. The vast majority of what we see continues to look quite positive and we expect more solid gains from stocks the rest of this year, with an economy that will avoid a recession and surprise to the upside.

*****

> # Copper Under the Weather

> Earlier Monday in our Morning Lineup post, we highlighted the recent short-term weakness in gold just days after it hit all-time highs. While the declines are disheartening for gold bulls, they can take comfort in the fact that at least gold has been doing better than copper.

> Copper prices rallied in the second half of 2022, but that rally stalled out in early January at just over $4.30 per pound, below its highs from last May. Since then, prices have experienced little in the way of positive momentum, falling below both the 50-DMA and 200-DMA. Copper is now down over 15% from its YTD high, and it's testing the bottom of its longer-term uptrend channel.

> ###### **([CLICK HERE FOR THE CHART!](https://media.bespokepremium.com/uploads/2023/05/052223-Gold-One-Year.png))**

> On a five-year basis, you can see again how copper prices are currently testing a long-term uptrend after carving out a downtrend that has been shorter-term in length.

> ###### **([CLICK HERE FOR THE CHART!](https://media.bespokepremium.com/uploads/2023/05/052223-Copper-5-Year.png))**

> A look at the relative strength of copper is where the relationship between the two commodities really gets interesting. From May 2018 through May 2020, copper prices consistently underperformed gold, and this was a period that included what was a US manufacturing slowdown ahead of what became a full-blown economic shutdown during COVID. As governments and central banks flooded the economy with stimulus, the roles of copper and gold completely reversed, and in the span of under a year erased two years of underperformance. Then, from late February 2021 through June 2022, the two commodities performed roughly in line with each other as there was little movement in the relative strength of the two commodities.

> In the first half of 2022 as the FOMC started ratcheting up the rate hikes, copper started to lose ground versus gold, and just in the last few weeks, copper’s relative strength has dropped to its lowest level since the start of 2021! If copper’s performance is a sign of the strength or weakness in the global economy, someone better start heating up the chicken soup.

> ###### **([CLICK HERE FOR THE CHART!](https://media.bespokepremium.com/uploads/2023/05/052223-Copper-Gold-RS.png))**

*****

Here are the most notable companies (tickers) reporting earnings in this upcoming trading week ahead-

*****

> (*T.B.A. THIS WEEKEND.*)

*****

> ###### **([CLICK HERE FOR NEXT WEEK'S MOST NOTABLE EARNINGS RELEASES!](https://i.imgur.com/Yws3M7H.png))**
> ###### **([CLICK HERE FOR NEXT WEEK'S HIGHEST VOLATILITY EARNINGS RELEASES!](https://i.imgur.com/eNP8MxV.png))**
> ###### **([CLICK HERE FOR TUESDAY'S PRE-MARKET NOTABLE EARNINGS RELEASES!]())**
(N/A.)

*****

> # (T.B.A. THIS WEEKEND.)
**(T.B.A. THIS WEEKEND.)** (T.B.A. THIS WEEKEND.).

> #([CLICK HERE FOR THE CHART!](https://charts.finviz.com/chart.ashx?t=SPY&ty=c&ta=st_c,sch_200p,sma_50,sma_200,sma_20,sma_100,bb_20_2,rsi_b_14,macd_b_12_26_9,stofu_b_14_3_3&p=d&s=l))

*****

# DISCUSS!

What are you all watching for in this upcoming trading week?

*****

I hope you all have a wonderful 3-day weekend and a great new trading week ahead r/stocks. :)",Ukraine|NATO,multi_keyword
15bij5f,2023-07-28,stocks,"Could a Recession Still Be Years Away? Steady Growth, Moderating Inflation Improve Odds of Extended Expansion","###If Fed achieves a soft landing, history suggests economy could keep growing four or five more years

Economic expansions don’t die of old age, economists like to say; they are murdered by the Federal Reserve.

No wonder, then, that as the Fed has raised interest rates 5.25 percentage points since early last year, including a quarter point Wednesday, forecasters have predicted a recession was imminent. 

But they have postponed the recession’s start date as growth remains steady. The economy grew a better-than-expected 2.4%, annualized, in the second quarter, the Commerce Department reported Thursday.

Actually, in one respect a recession in the next six months would be unusual. It would mean the current expansion, which began in April 2020, will have lasted just four years. That is less than half the 8.6-year average of the four prior expansions, dating back to 1982.

This shows what is at stake in the Fed’s current balancing act. It hopes rates have risen enough to push inflation down, but not enough to push the economy into contraction—a so-called soft landing. Based on the actuarial tables, a soft landing would mean another four or five years before the next recession. 

On Wednesday, Fed Chair Jerome Powell said a soft landing has long been his base case, and his confidence in it had grown. “We’ve seen so far the beginnings of disinflation without any real costs in the labor market,” he told reporters after the Fed’s policy meeting. “That’s a really good thing.” 

Powell also disclosed that the Fed staff, which earlier this year projected a recession, no longer does. The staff forecast doesn’t necessarily reflect policy makers’ own views. 

The second-quarter report on gross domestic product also helped the case for a soft landing. The 2.4% growth rate was faster than the economy’s long-run trend, mostly thanks to business investment. Consumer spending grew a relatively subdued 1.6%. Inflation excluding food and energy, by the Fed’s preferred measure, was lower than economists expected, at 3.8% annualized for the quarter. Though still far above the Fed’s 2% target, that was still the lowest in over two years.

***A pre-1981 or post-1981 business cycle?***

The prospects of avoiding a recession depend on what sort of business cycle this is. Since 1945, there have been 12 expansions and 13 recessions, according to the National Bureau of Economic Research, the academic organization that dates business cycles.

Until 1981, expansions lasted an average of 3.7 years and usually ended because the Fed raised interest rates in response to some combination of an overheating economy and inflation. 

But in 1981, then-Fed Chair Paul Volcker engineered a deep recession, and inflation began a long decline, eventually stabilizing around 2%. In 1984 and again in 1994, the Fed raised rates before inflation actually took off, and the economy kept growing for six more years.

Several factors extended the lifespan of expansions. Globalization, brisk labor-force growth and technology put downward pressure on costs. As the public came to expect lower inflation, they set wages and prices accordingly. Spikes in oil prices petered out without feeding a broader wage-price spiral. Low inflation’s self-sustaining nature meant less need for recessions to lower it. 

The four expansions since 1981 have ranged from six to nearly 11 years. Instead of inflation, they usually ended with some sort of financial crackup: the technology bust in 2001, or the bursting of the housing and mortgage bubble in 2007. 

The record, near-11 year expansion that ended in February 2020 was unique, killed off not by inflation or a financial crisis, but by a pandemic and lockdowns. Without that, it might still be going on.  

[**Number of years of each economic expansion**](https://i.imgur.com/sIuFiLM.png)

So does the current cycle have more in common with the shorter, pre-1981 vintage, or the longer, post-1981 type? If the latter, the good news is that the vulnerabilities and imbalances that led to financial meltdowns in the past seem absent now. The financial system survived the pandemic shutdown in early 2020.

Higher interest rates usually lead to some unforeseen financial crunch. This time, they sank three regional banks earlier this year. But so far, contagion has been limited and the hit to bank lending seems modest.

In a report this week, Bank of America economists said much of the risk of rising interest rates has been absorbed by either the Fed or banks through their purchases of Treasury bonds, whose prices fell as rates rose. The good news is, “the Fed has the mandate, the tools, the acumen, the data, and the experience to tackle emergent stresses in the banking system.”

***A plausible case that this time is different ***

On its face, the current cycle looks a lot like those of the 1960s and 1970s: overheated, and afflicted with inflation.

When the Fed pulled off the 1984 and 1994 soft landings, unemployment was much higher than today’s 3.6%, and wages were growing moderately. In other words, the labor market wasn’t overheating. By contrast, as Powell noted, the demand for workers today is still well above the supply. 

The Fed has never pulled off a soft landing when inflation was so far above its goal and the labor market this overheated. 

Still, there is a plausible case this time is different. In the past, inflation was usually caused by excess demand. This time, a bigger culprit is disrupted supply—of goods, transportation, commodities, labor—in the wake of the pandemic and Russia’s invasion of Ukraine.

Supply is returning. Vehicle production, previously held back by a shortage of semiconductors, soared 20%, annualized, in the second quarter. This enabled businesses to sharply boost investment in equipment, even as prices for that equipment fell for the first time in two years.

Meanwhile, robust demand for workers has been met by a surge in supply: The share of the population aged 25 to 54 either working or looking for work—the participation rate—is now higher than before the recession.

And despite tight labor markets, a wage price spiral isn’t yet apparent. Unlike before 1981, the public’s long-term expectations of inflation are stable, at around 2% to 3%.

On the negative side, structural factors that restrained costs in past decades have reversed: Thanks to geopolitical tensions and protectionism, globalization has gone into reverse, and aging populations have sapped labor-force growth. Maybe artificial intelligence will supercharge productivity, but for now that is purely hypothetical. 

These forces mean that even if the Fed gets inflation down without killing the economy in the coming year, the stay of execution isn’t guaranteed to last.  

https://www.wsj.com/articles/could-a-recession-still-be-years-away-soft-landing-could-deliver-another-extended-economic-cycle-e7e2c4ee?mod=economy_lead_pos1",Ukraine|Russia|invasion,multi_keyword
15uj07w,2023-08-18,investing,Whill there be any Sensational Future for TSLA?,"We saw that TSLA in 2021 costed $400+. There were several consequences for that, as i see it.   
However, the decline which we met from that period till the beginning of 2023 – is significant,  and those who entered market on the ATH can’t cover losses for the upcoming period of time. As for me, I invested in the company, approximately, two or three years ago, did not sell at peak, cause saw lots of future for Mask’s company. However, nowadays, this stock has become a highly dependent on the hype of the company and actions of its owner. Making a bet on unpredictability of Mask, we can bet that one day the TSLA will become a trash paper.   
  
So, my question is the following, can we use any type of technical analysis and other stuff with this concrete share or, as it was already mentioned, that is a Russian roulette? You rather gain randomly or lose everything you have been playing for?   
  
Btw, one of the reasons which I found in the internet (the very first link in the google chrome) says the following: “The price cuts, Tesla's first since January, reflect rising competition in China, particularly within its fast-moving electric vehicle sector. HSBC automotive analysts said  that they saw “rising pricing pressure driven by competition, higher inventories, and low-season promotions.””, but as for me it can’t be a reason for the shares price drop, it is absurd call in all cases.   
  
Thank you in advance for any of your thoughts, i will read all of them carefully.  
",Russia|Russian,multi_keyword
17s3phw,2023-11-10,investing,How was life before covid?,"I have only been in the investing scene since the Russian-ukrainan war, so all I know is every data can cause huge volatility, every economic information is closely watched. 
But how was the investing life before Covid? I have read about people mentioning it as golden age and free money. Was it really not that stressful and maybe more predictable?",Russia|Russian,multi_keyword
17yumyf,2023-11-19,StockMarket,Russian stocks for Western investors,[removed],Russia|Russian,multi_keyword
kzggfz,2021-01-17,investing,Arguments for and against Gold in your Asset Allocation.,"I know everybody is talking about the next Tech Stock with crazy returns which is perfectly fine but a balanced asset allocation can contain more than just stocks. Investors add Bonds, Real Estate, Precious Metals, Krypto or other assets to diversify. Of course stocks historically had the best returns, but do you really want to see your entire net worth drop by more than 50% for a few years?

Here are some arguments for and against Gold in your asset allocation and how it could perform in the next decade.

Arguments for Gold:

- Negativ real interest rates.
Gold is (Edit: sometimes) negatively correlated with real interest rates. Longterm negativ real interest rates would make gold more attractive as an investment and I don‘t think central banks will be able to significantly raise interest rates. This makes gold attractive over bonds to preserve real value.
- Exponential Money Supply.
Most economic crisis are deflationary since consumers and businesses increase savings rate. The increase in money supply could lead to higher inflation when spending and velocity of money increases as the economy recovers. Overall money could become less attractive as supply increases while the supply of gold doesn’t. This leads to my next point.
- Dept Cycles.
We seem to enter the later stage of a debt cycle. Interest rates have constantly decreased over the past 30 years while the debt of governments hast increased. This is not a problem as long as negativ cashflows of payed interest stay roughly the same. So higher government debt is no problem as long as interest rates decrease. The issue is, that this cycle is difficult to break and it doesn’t matter when the next crisis happens but when it does we will have to print even more money than now, decrease interest rates further below zero and hand out more helicopter money, fully embracing MMT. No currency survives forever and the dollar collapsing is possible in our lifetime.
- Central Banks hold massive gold reserves.
Gold is still backing our currencies to some degree as central banks hold gold. If a countries currency faces hyperinflation, gold will be the only thing retaining it’s value. Lots of commodity dependent countries like Russia started to expand gold reserves and China is likely to have way more gold reserves than official as they produce more than they sell.
- No taxes on gold gains.
In some countries there is no tax on gold gains which is often not accounted for when comparing gold performance with other asset classes.


Arguments against gold:

- Economic recovery.
Gold Is generally seen as a save haven and increases in value during recessions. Long bullmarkets make gold less attractive as an investment and it dropped 40% between 2011 and 2015 which was a great time to be in stocks or real estate. Overall gold is way more volatile than people think.
- Increase in bond yields.
Over the past weeks bond yields have increased as expected inflation increased which put pressure on the gold price. Higher bond yields could lead to further drops in the price of gold.
- Gold is a non-productive asset.
Often brought up by Warren Buffet, gold doesn’t do anything for economic output as it just sits around in a safe while companies create value and land can be harvested or built on. 10% of Gold produced has an industrial use but that alone wouldn’t justify the price.
- Bitcoin.
Bitcoin is gaining more and more acceptance as an asset and institutional money is flowing in. Many see bitcoin as an alternative to gold and a preserver of value with better liquidity and higher upside than gold. The market cap of bitcoin is already 1/13 of Gold which is crazy if you compare the short timeframe crypto has existed compared to gold. Capital flows that would otherwise go into Gold get sucked up by bitcoin.

Overall I think there is a strong case to be made for the role of gold in a balanced portfolio. In my opinion at least 10% gold is very reasonable but I can see how some of this could also be allocated to silver or crypto.

Personally I do have a significant amount of gold in my portfolio and it has performed similar to stocks over this particular timeframe (mostly bought in 2016). If you bought gold in 2011 you were less lucky but the same argument could be made for stocks between 2000 and 2010 with zero gains. 

Do you think gold is still relevant as an asset class? 
What percentage of your portfolio is in precious metals?

Feel free to critique and let‘s have an interesting conversation.",Russia,other_keyword
l41zst,2021-01-24,stocks,Russian economic uncertainty plays?,"Hi all, I don't know about you but it feels like things in Russia are getting spicy. I'm personally looking to capitalize on this through various short positions. Is anyone considering this as well? If so, what are you considering?

My personal play for Monday is short Yandex due to a likely crackdown and extreme censorship. Still investigating this one.",Russia|Russian,other_keyword
xxxeej,2022-10-07,StockMarket,Fed's Evans says rates headed to 4.5%-4.75% by spring of 2023.,"Chicago Federal Reserve Bank President Charles Evans on Thursday said the U.S. central bank's policy rate is likely headed to 4.5%-4.75% by the spring of 2023 as the Fed increases borrowing costs to bring down too-high inflation.

""We have further to go"" on rate hikes, Evans said at an annual meeting of the Illinois Chamber in Chicago. ""Inflation is high right now and we need a more restrictive setting of monetary policy.""

Inflation by the Fed's preferred measure is more than triple its 2% goal, as strong demand from households eager to take part in a post-pandemic economy meets constrained supply from tangled global distribution networks along with other price pressures like those on energy and food from Russia's invasion of Ukraine.

Though Evans and other Fed policymakers now acknowledge they were late to recognize how persistent and widespread inflation would become, they have tried to make up that with speed, increasing the policy rate to a 3%-3.25% from near zero just seven months.

Those rate hikes, Evans said, will begin to slow the strong labor market and push up on unemployment, now at a low 3.7%.

But the impact on inflation has so far been elusive.

While there are some indications, Evans said, that supply chains are healing, shelter prices continue to rise and car prices have stayed surprisingly strong.

""We have to look at the momentum in sort of that central component of inflation, and that's really the part that I believe has most of my colleagues and myself nervous about,"" he said.

Asked whether the Fed will again deliver a 75-basis-point rate hike next month or downshift to just half a percentage point, Evans said policymakers ""will have a discussion about that.""

But, he added, policymakers do expect to increase the policy rate another 1.25 percentage points over the Fed's next two meetings, based on the median of projections published last month, and inflation readings have been disappointing. ""In two meetings how do you do 125 basis points of increase? Well you can sort of make that choice yourself, right?""

Source: [https://www.reuters.com/markets/us/feds-evans-rates-headed-45-475-by-spring-2023-2022-10-06/](https://www.reuters.com/markets/us/feds-evans-rates-headed-45-475-by-spring-2023-2022-10-06/)

US Federal Reserve's Charles Evans says rate hikes of 125 basis points are expected over the next two meetings. Given the present economic conditions, do you think the Fed is hiking the rates too slow? or too aggressive?",Ukraine|Russia|invasion,other_keyword
zqrwlc,2022-12-20,stocks,Revisiting old TSLA threads,"First of all: I have no positions in TSLA. I like their financials and believe they can be long-term successful, but no matter how optimistically I valuate them the stock price is still a lot higher than what I'd be comfortable with for opening a position. Basically, as long as it's 3 digits I see no way to make this work from a value perspective, around 75 would be a good entry point if I'm somewhat optimistic, around 50 if I'm more conservative.

Now, for the fun of it, I decided to search for old-ish threads about TSLA. This so-called ""bear market"" started around beginning of 2022, so I want threads that are newer than that, after things already went down a bit.

There's a lot of them. But I'm grabbing out one from 10 months ago as an example: [https://www.reddit.com/r/stocks/comments/st09kt/tsla\_bullish\_price\_is\_287usd\_dd/](https://www.reddit.com/r/stocks/comments/st09kt/tsla_bullish_price_is_287usd_dd/)

It's by a guy who makes a case why he thinks TSLA is overvalued and he comes with a 287 USD target for it. At that time, TSLA was trading a bit above 300 or so. So his target isn't outrageously low compared to the price back then. It's also pre Ukraine war and energy crisis, but that didn't seem to be the major factor for TSLA, which traded at 380 in April.

OP in that thread put a lot of effort in this, and while I disagree about many assumptions, it was definitely not a hate post on TSLA, but an attempt on some DD and coming up with a fair price for a company he seems to like.

Boy, did that guy get a backlash. The top comment by u/32no lay out the case why this, actually insanely optimistic, valuation back then is ridiculous and the share price will never get that low, while others just went to ridiculing OP. The user I tagged here is still mostly defending TSLA, according to a look at his recent posts.

However, the stock price today is less than half than the target price OP came up with in the thread I linked. I would be really interested in hearing from people who bashed OP back then, what they think about their arguments in retrospect.

EDIT: one correction, it seems OP's price target was further below the price back then, since there was a 3:1 split afterwards. The price target roughly translates to a price of 95 today, which is still on the high side for TSLA, but much more realistic. All the conclusions, that while I find the price target too high, I respect the effort OP put in, and that I feel he has been treated quite unfairly by commenters, remain valid. I can understand that the larger price difference shocked some less-informed users back then and emotions ran a little higher, but that the analysis was even more sound than I initially thought makes the comments even sadder.",Ukraine,other_keyword
15m7ngy,2023-08-09,stocks,"China hawk says Beijing could attack Taiwan by 2024, bringing ‘war to the West’","Prominent China hawk Kyle Bass told CNBC on Tuesday that he believes Chinese President Xi Jinping is determined to “bring war to the West,” with an invasion of Taiwan likely before the end of 2024.

Bass, who is founder and chief investment officer at U.S. investment firm Hayman Capital Management, said that the West — and particularly Wall Street — is too preoccupied by the apparent economic unviability of such an attack.


But, much like Russian President Vladimir Putin — whose war in Ukraine has isolated his country from the West — Xi is not solely concerned with the potential economic fallout, Bass said.

https://www.cnbc.com/2023/08/09/china-hawk-says-beijing-to-bring-war-to-the-west-take-taiwan.html?__source=iosappshare%7Ccom.apple.UIKit.activity.CopyToPasteboard",Ukraine|Russia|Russian|Putin|invasion,other_keyword
lnhjwi,2021-02-19,stocks,$IPIX- COVID-19 TREATMENT IN USA.. AND RUSSIA?! Over 99% Effective,[removed],Russia,removed_body
rdcr0o,2021-12-10,StockMarket,"If Russia were to invade Ukraine, how would the stock market react? How to hedge your investments?",[removed],Ukraine|Russia,removed_body
rddpmh,2021-12-10,investing,‘Pawns on a chessboard’: Ukrainians look on as US and Russia decide their fate,[removed],Ukrainian|Russia,removed_body
t3i38l,2022-02-28,StockMarket,Can I buy and hold Russian-listed equities through a U.S. brokerage account?,[removed],Russia|Russian,removed_body
t3j539,2022-02-28,investing,BP quits Russia in up to $25 billion hit after Ukraine invasion,[removed],Ukraine|Russia|invasion,removed_body
t9w4wm,2022-03-09,StockMarket,"If the US produces 20% of the world's oil, and also consumes 20% of the world's oil, why are prices going up? Why are they not able to self-sustain their supply/demand without Russia?",[removed],Russia,removed_body
vjvp7s,2022-06-24,stocks,Netflix cancelled 700000 Russian accounts yet only reported a loss of 200000,[removed],Russia|Russian,removed_body
1143gmq,2023-02-16,StockMarket,So called military exercises in South Africa with Russia and China. Let me tell you it's not an exercise.,[removed],Russia,removed_body
11c7vcq,2023-02-26,StockMarket,All the updates you need about the Ukraine war…!,[removed],Ukraine,removed_body
14gfwou,2023-06-22,investing,Help the animals and nature of Ukraine to escape from the evil hands of the Russian situation. Do not be apart of a terrible disaster. Every dollar can save a life. 🙏🏻 Stay with 🇺🇦 Pay Pal: arocanada34@gmail.com,[removed],Ukraine|Russia|Russian,removed_body
15nvxod,2023-08-11,stocks,Billionaire Founder Of ‘Russia's Google' Condemns ‘Barbaric' Ukraine Invasion,[removed],Ukraine|Russia|invasion,removed_body
189gepo,2023-12-02,investing,What Taiwanese companies are preparing for a potential Chinese invasion?,[removed],invasion,removed_body
l2x5ww,2021-01-22,investing,"After weeks of internal U.S. government deliberation, Baidu, Alibaba and Tencent—the Chinese internet giants also known as the “BAT”—will remain available to American investors.","https://www.lawfareblog.com/baidu-alibaba-and-tencent-escape-investment-ban

After weeks of internal U.S. government deliberation, Baidu, Alibaba and Tencent—the Chinese internet giants also known as the “BAT”—will remain available to American investors. The companies are symbols of China’s economic modernity and growth but are also accused of having links to the Chinese military and state surveillance efforts. 

On Jan. 7, reports surfaced that Baidu, Alibaba and Tencent might be included on the Trump administration’s growing list of entities off-limits to American investment. A week later, the companies were officially spared. 

Recent reporting suggests that the Treasury Department’s concerns over investor sentiment and economic ripple effects outweighed the State Department’s and Pentagon’s worries about Chinese civil-military “fusion.” While American entities owned only a tiny fraction of most of the companies banned so far, U.S.-based investors own one-third of Alibaba and 12 percent of Tencent. U.S. investors have poured $1.4 trillion into those two companies alone. The companies’ exclusion from the list may demarcate the upper bound of domestic dislocation that the Trump administration was willing to weather to exclude Chinese entities from U.S. markets. 

The considered action against Baidu, Alibaba and Tencent stemmed from the executive order Trump signed on Nov. 13, 2020, prohibiting American investment in a group of Chinese companies alleged to have inappropriate ties to the Chinese military. Compliance with the order has been confused, in part because of the vague criteria and subsequent Treasury Department memoranda. (Bill Bishop, author of the China-watchers’ newsletter Sinocism, described the administration’s last few weeks of China policy as “a driverless clown car careening into a ditch.”) The effects of the administration’s decision-making process were on display in the New York Stock Exchange’s (NYSE’s) attempt to comply with Treasury guidance. On Dec. 31, the NYSE announced that it would delist Chinese telecom companies’ American depositary receipts (ADRs), one mechanism by which U.S. investors can easily own foreign stocks. The NYSE reversed itself and then, a day later, reversed once more: The exchange finally halted trading of China Mobile, China Telecom and China Unicom on Jan. 11, and U.S. banks delisted their derivatives. 

Since November, the list has grown to include some companies without direct military ties but with varying degrees of Chinese Communist Party (CCP) affiliation. Xiaomi, the world’s third-largest mobile phone manufacturer, is among the latest additions to the list of entities from which Americans are required to divest. Xiaomi’s ties to the Chinese military are less well documented than other banned firms’. 

A recently drafted executive order would have expanded the criteria to any company under the “control and influence” of the CCP. Given China’s state capitalist system, that would be a rather long list. The order was not signed prior to the expiration of Trump’s term.

On Jan. 9, Beijing issued new guidance to Chinese firms, prohibiting them from complying with foreign sanctions that are “unjustified.” President Biden’s team will have to decide whether to reverse, maintain or expand the Trump administration’s exclusions of Chinese companies.

U.S. Declassifies Strategic Framework for the Indo-Pacific

In its last days, the Trump administration declassified its 2018 “Strategic Framework for the Indo-Pacific,” 21 years ahead of schedule. On Jan. 5, National Security Adviser Robert O’Brien ordered the declassification of the 10-page document, which outlines goals, interests and “lines of effort” to serve American interests in the region. 

Publicly released on Jan. 12, the framework posited that top security threats include Beijing’s attempt to “dominate cutting-edge technologies, including artificial intelligence and bio-genetics, and harness them in service of authoritarianism.” According to the framework, “Chinese dominance in these technologies would pose profound challenges to free societies.” (Left unstated is what such “dominance” entails.) Another technological threat noted in the strategy is “China’s proliferation of its digital surveillance, information controls, and influence operations.” In response, the United States adopted the objective of “maintain[ing] American industry’s innovation edge vis-a-vis China.”

According to analysts of Sino-American relations, the U.S. framework was informed and driven in part by the China strategies of U.S. allies and partners, particularly Japan, Australia and India. One expert argues that while the document reveals the existence of a multifaceted U.S. strategy toward China, Trump’s actions often defied the strategy outlined in the document. Commentators view the declassification as an attempt to entrench Trump’s tough-on-China stance, making it more difficult for President Biden to shift course.

In a regular press conference on Jan. 15, a spokesperson for China’s Foreign Ministry called the declassification of the framework an attempt to “smear and contain China and undermine regional peace and stability.”

Chinese Tech Worker Deaths Spark Outcry on Working Conditions

The recent deaths of two employees of Pinduoduo, a Chinese e-commerce giant, sparked widespread public outcry against the cultures of overwork that exist in Chinese technology companies and start-ups. On Dec. 29, a Pinduoduo worker in her 20s collapsed while walking home with colleagues in Urumqi, the capital city of Xinjiang. Pinduoduo later confirmed her death but did not disclose the cause. On Jan. 5, a Pinduoduo worker in Changsha, Hunan province, died by suicide after asking for time off from the company. And a former Alibaba employee self-immolated in protest over unpaid wages. The video of his self-injury has gone viral on Chinese social media in recent days. 

Another former Pinduoduo employee claims he was fired after posting a photo of a colleague being carried into an ambulance on Jan. 7. (Pinduoduo disputes the reason for the firing.) The photo and the employee’s associated claims of harsh work requirements went viral on Weibo, reigniting public criticism of the Chinese tech sector’s controversial “996” work culture. The term “996” refers to the tacit expectation that employees work from 9 a.m. to 9 p.m. six days a week. The 996 office schedule has been endorsed by tech billionaires including Alibaba founder Jack Ma and JD.com chief Richard Liu, who view the practice as necessary for survival in a highly competitive industry. But the Chinese public, particularly younger generations, are critical of the culture of overwork. 

A hashtag about the Pinduoduo employees’ deaths drew more than 260 million views on Weibo. Chinese state media, rather than cracking down on public backlash against Pinduoduo, has allowed criticism to spread online. China’s state news agency, Xinhua, called for shorter work hours in the country’s tech sector in an editorial on Weibo. The CCP’s flagship newspaper, the People’s Daily, also condemned the excessive 996 overtime practices as unfair to employees.

The criticisms come at a time when China’s technology champions are already under fire for other business practices. Chinese regulators have launched an antitrust probe into one of its biggest e-commerce companies and have passed new financial regulations on firms involved in online lending. Some commentators think the recent employee deaths and associated public outcry give Beijing “timely and very visceral publicity which it can leverage to further its policy objectives.” China’s state-run CCTV published a commentary calling for authorities to increase regulatory oversight of Pinduoduo and other tech companies to protect workers’ rights. The Shanghai Municipal Human Resources and Social Security Bureau has pledged to open an investigation into Pinduoduo’s labor practices over the employee deaths.

After news of the first Pinduoduo employee’s death, the company’s stock fell by 6.1 percent.",sanctions,sanctions
mi0wcz,2021-04-01,StockMarket,$PSFE now live and its a steal.,"This is an excerpt from previous DD but i want to share so people have a chance to make their own choice and do their own research before this stock blows up...

Paysafe (NYSE:PSFE). The merger is legally official, it's going to be a massive cash cow. You've got online gambling, sports betting, big casinos shifting online, privacy payment provider e-wallets, the main branch with its own payment cards accepted internationally and seamlessly, also allowing private crypto purchases, not to mention their probability of supporting the fledgling esports igaming industry. All in one package. It is going to be colossal. Paypal is having issues just keeping their shit together with simple crypto transactions, people are pissed, moving to better providers like Square (which is also a great growth stock btw). The iGaming(online gambling) industry is already in the hundred billions of dollars per annum and Paysafe is a major payment processor at the forefront with a long and trusted track record if any of you are familiar with Neteller and Skrill formerly Moneybookers etc. 

If BFT - Foley's track record on the other hand is any example of success, they can prop it up massively. The best of both worlds as BFT is also bringing insurance and investment holding companies along with it for some icing on the cake. 

Paypal is weakening and they are falling behind in these markets, they are too vanilla and wont touch any of this and are too busy un-clusterf*cking their already KYC users frozen or blocked btc transactions, besides people want ease of use without borders and no bullshit verification processes. I had history over a decade ago working directly with the digital payment providers currently under Paysafe when online gambling was basically outlawed in North America not to mention taking client orders which we still did anyway on regulated soil (come at me FBI) Im in Canada we had authorities do walk throughs of our offices all the time. Digressing. With BFT hovering around $14-$17 which to be honest is a goddamn steal right now, once it transitions into PSFE I estimate it will hit $40+ within the first few months, with far reaching upside, smack in between 2 crazy global industries that are on fire rn: crypto and igaming.

Little ex employee insider information for you right there. 

 Jk, as i said, its all public knowledge, but these payment providers are proverbial money printers and not the bad kind and with all the Casinos shifting their business online/covid/crypto/kids stealings mom's credit card betting on their favourite twitch streamers to win at CS:GO, Fortnite,half joking. I'd say most current online betting money is in sports and poker in the 18-40 age range, you get the odd rich Boomers who drop 40k a day on coin flips or how many injuries there will be in a game, sick shit like that, who bets 40k on a coin flip? The rest are grannies hitting slots.  

The US is also lifting a lot of sanctions Federally and by state IIRC, relating to online gambling; BFT/PSFE is practically a lock. I highly suggest to anyone pick up $PSFE stock asap or at very least get some early wet feet. I personally own a few hundred and plan to buy more.",sanctions,sanctions
rn37gc,2021-12-23,stocks,Opportunity in agriculture?,"I'm going to keep this short and sweet. Mosaic Company (MOS) is a fertilizer producer specializing in potash. They have seen a great run in the past year, but I don't believe it's over.

1. US recently imposed sanctions on Belarus who is a huge exporter of potash (13 million tons/yr), projected demand in coming years is 44 million tons; tl;dr huge exporter of potash is going to be cut off
2. China recently stopped exporting potash, and they provide a large chunk through exports
3. Potash prices are at a 13 year high
4. Producers (MOS) can afford to charge more for their product, as agriculture pricing relating to supply/ demand is inelastic
5. Ridiculous call volume for far OTM contracts in March just after feb earnings (currently trading $39; 90k calls at $50, and 80k more at $60)
6. Solid chart [https://www.tradingview.com/x/8of8G0jF/](https://www.tradingview.com/x/8of8G0jF/)

Feel free to poke holes in my thesis.

[https://www.statista.com/statistics/439006/total-demand-for-potash-fertilizer-worldwide-prediction/](https://www.statista.com/statistics/439006/total-demand-for-potash-fertilizer-worldwide-prediction/)

[https://www.wisfarmer.com/story/news/2021/09/28/china-halts-phosphate-exports-fertilizer-prices-expected-soar/5907300001/](https://www.wisfarmer.com/story/news/2021/09/28/china-halts-phosphate-exports-fertilizer-prices-expected-soar/5907300001/)

[https://home.treasury.gov/news/press-releases/jy0512](https://home.treasury.gov/news/press-releases/jy0512)",sanctions,sanctions
t69s53,2022-03-04,investing,"CHINA POLITICS China will not join sanctions against Russia, banking regulator says",[removed],Russia|sanctions,sanctions
teip65,2022-03-15,stocks,Putin Signs Law Allowing Russian Air Carriers to Seize Western Jets Worth $10B,"https://www.thedrive.com/news/44754/putin-signs-law-allowing-russian-air-carriers-to-seize-western-jets-worth-10b

**The Russian government wants to allow for the repurposing of more than 500 jets for domestic travel.**

With the Russian invasion of Ukraine now about to enter its third week, cascading impacts across global commerce are cropping up by the day. This trend continued Monday, as state-owned media agency TASS reports that Russian President Vladimir Putin has signed an order allowing for the seizure of over 500 commercial jets that Russian airlines have leased from Western companies. It is an unprecedented move for the global aviation industry.

The law comes after a period where the future of the jets was unclear. With many countries banning flights from Russia, including the entirety of the European Union and the United States, many Western aircraft leasing firms sought to repossess the jets, with the EU providing a March 28 deadline to any European firms to recover their property. Russia's airlines reportedly operate 728 Western-made aircraft in total, and it's believed that 515 aren't owned by these air carriers—instead, they are leased from other companies. The foreign airplanes are primarily made by either Boeing (332 total planes) or Airbus (304 total planes), and both companies have announced they will not be supplying parts or technical support to Russian carriers until further notice. Now, the Russian government has allowed domestic airliners to keep the planes—valued at a cumulative $10 billion dollars—and break lease agreements.

This leads to further logistical problems for Russia's domestic airliners. All planes have to be certified as airworthy by their country of origin, and most of Russia's leased fleet has lost that certification. The planes primarily come from Bermudan and Irish companies, whose governments have already revoked the planes' ability to fly under international law. As a result, the seized planes will not be allowed in international airspace until those certifications are reinstated. The Kremlin is seeking to change Russian airworthiness certification laws to allow for domestic agencies to certify foreign aircraft as safe and worthy for travel, which would allow them to be flown domestically. Without a supply of fresh parts for maintenance and repairs, though, it's unclear how long carriers can keep the planes in the air. 

Even more critically for the country, registering an airplane in two countries at once is not allowed by rules defined by the United Nation's 1944 Convention on International Civil Aviation, which set international standards for airspace. If Russian airlines decide to take advantage of Putin's new law and seize the jets, re-registering them in Russia, they risk destroying relationships with manufacturers and lessors and may be disallowed from international airspace going forward. If they let the planes sit indefinitely, it could spell financial catastrophe as significant portions of their fleets stay grounded. Aeroflot, Russia's largest air carrier and a state-owned company, has already flown most of its foreign-owned planes back to Russia ostensibly to prevent repossession, but it has not re-registered any of the planes yet. 

It is hard to determine how, exactly, this affects global travel and aviation companies. The Russian breach with decades-old international law hasn't been done before and threatens the very model of the aircraft leasing business, which depends on allowing international owners to repossess unpaid airliners. With that standard upended, even if the invasion is withdrawn and sanctions recede, it could be quite a long time before the dust settles and the fate of the trapped airliners is clear.

**A Lousy Offer from the Start**

""It's a lousy offer coupled to an even worse offer,"" said last week Eddy Pieniazek, head of analytics and advisory at aviation consultancy, Ishka in the United Kingdom. Since Russia invaded Ukraine on February 24, the roubles has dropped by roughly 30%. Leasing contracts are valued in US dollars, which is the currency that the leasing business acquires and purchases planes. With Russia expelled from the SWIFT system, hindering its ability to conduct financial transactions, it becomes
increasingly difficult for Russian airlines to make
payments at all.

If contracts are canceled, the Cape Town Convention
requires airlines to return aircraft with little intervention,
which Western sources claimed as of last week was not
happening, despite Russia's insistence that the sanctions
are unjustified.

""Cape Town should be involved, implying a smooth
aircraft recovery operation. What they're proposing is that
all of the aircraft's contracts be broken"" Pieniazek
remarked.

**Global Leasing Mass Default**

Sanctions have blocked off Russia's procurement of most aircraft and parts, which forced international flights to be canceled for fear of their aircraft being confiscated by foreign lessors or banks. The sanctions have also frozen a large portion of Russia's foreign reserves, forcing authorities to explore measures to halt withdrawals of foreign cash.

If the dispute threatened the world's biggest mass default for the global leasing business, which possesses over 50% of the world's airliner fleet, the leased aircraft law signed by Putin complicates the situation further. Experts fear the subsequent wave of claims might spark a decade-long court struggle between lessors and insurers over whether or not war-risk insurance will payout.",Ukraine|Russia|Russian|Putin|invasion|sanctions,sanctions
tw1tc0,2022-04-04,StockMarket,"Morning Update for Monday, 4/4/22","Good morning everyone.

*These posts are for informational purposes only. I am not a financial advisor.*

**Main Watchlist:**

Gapping UP:

* TWTR: Potential support level at \~46. Relevant resistance levels at 48, 50, 52, and 54. Coming down off premarket highs, I'll want to see it find support above 46. Could provide shorting opportunities if it breaks down below support. 
* SNAP: Resistance level at 38.50, will look to go long on the break. Other relevant resistance levels at 40 and 42. Could provide shorting opportunities if it fails to get over resistance. 
* BIDU: Looking likely to test 150 resistance, with other resistance level at 155. 
* PDD: Potential premarket support at 46. Potential resistance levels at 47 and 50. 
* XPEV: Support level at 30. Premarket resistance at 31, room for upside if it can get back above that level. Significant resistance at 34. 
* DASH: Resistance levels at 125 and 130. 
* MRNA: Resistance level at \~180, with other key resistance level at 188. Daily chart holding up well, looking bullish. 

Gapping DOWN:

* SBUX: Resistance level at \~90. Relevant support levels at 88, 86, and 84. Will look for shorting opportunities if it fails to get back over resistance, keeping support levels in mind.  
* DWAC: Support levels at 55 and 50. Relevant resistance at 60. 
* CROX: Resistance level at 75. Relevant support down by 70. Will look for shorting opportunities if it fails to get back over resistance. 
* BAX: Resistance level at 77. Support levels at 75 and 74. 
* LGVN: Relevant support levels at 14 and 13.50. 

**Momentum Watchlist:**

* SPI
* RCAT
* JMIA
* TMC

**Market Outlook:**

Stocks are looking to open slightly higher to start the new week. Geopolitical concerns continue to be the main topic of discussion, as European countries consider further sanctions against Russia, in response to apparent war crimes in Ukraine. A global economic slowdown is looking more and more likely given the circumstances. Whether this translates into a recession remains to be seen. Jerome Powell has indicated that the Fed could raise rates by 50 basis points next, I'll be monitoring anything related to the Federal Reserve. In other news, TWTR is up in premarket trading after Elon Musk revealed a 9.2% stake in the company. S&P Futures are up \~20 basis points, Dow Futures are up \~5 basis points, and Nasdaq Futures are up \~30 basis points. Crude oil is back over the $100 level. Potential resistance around \~104-105, but appears to have found support around 98 and looks to be setting up for more upwards movement. Gold is trading slightly higher this morning. Volume has been high the past month or so, with many investors turning to gold as a safe haven. I still believe gold is the safest hedge at the moment, and I've been saying it for some time now. Chinese stocks are seeing strength in premarket trading after seeing some volatility last week. Worth watching today and through the rest of the week, volatility should stay high. 

Remember to use proper risk management; size appropriately for your account and have a plan for every trade you enter. Happy trading everyone :)",Ukraine|Russia|sanctions,sanctions
10ys3z8,2023-02-10,stocks,"Russia announces it will cut oil output by 500,000 barrels a day next month in retaliation against Western sanctions"," Russia will cut oil production from next month in response to the price cap imposed by western nations, the country’s top energy official said, in the first sign Moscow is moving to weaponize oil supplies after slashing natural gas exports to Europe last year.

The cut of 500,000 barrels a day, the equivalent of about 5 per cent of Russia’s production or 0.5 per cent of world supply, will help “restore market relations”, Alexander Novak said in a statement on Friday.

The announcement comes days after the latest EU sanctions and other western measures against the Russian oil sector took effect in retaliation for Moscow’s full-scale invasion of Ukraine and just two weeks before the one-year anniversary of the start of the war.

The EU extended its ban on seaborne imports of Russian crude to cover refined fuels such as diesel and petrol on February 5, while the G7 simultaneously imposed a price cap on the same fuels buyers must abide by if they are to access western tanker and insurance markets.

Novak, who is deputy prime minister and leads Russia’s negotiations with the Opec+ group of oil producers, has long warned that Moscow could retaliate against western measures designed to hit its oil revenues.

“Russia believes the price cap mechanism for selling Russian oil and oil products interferes with market relations,” Novak said. “It continues the destructive energy policy of the countries of the collective west.”

Brent crude, the international benchmark, jumped 2.3 per cent to $86.43 a barrel immediately after the announcement on Friday, having earlier traded largely flat on the day.

[https://www.ft.com/content/dc898690-653a-47f1-af56-b0216abd7dcd](https://www.ft.com/content/dc898690-653a-47f1-af56-b0216abd7dcd)",Ukraine|Russia|Russian|Moscow|invasion|sanctions,sanctions
123pl5u,2023-03-27,StockMarket,ConverDyn's restart could be Uranium's next Big Catalyst,"Uranium is cool again.

But unlike every uranium price cycle since the 1970’s, demand is driving prices higher, not supply.

For the first time since the Three Mile Island, Chernobyl and Fukushima meltdowns, public opinion is shifting back in nuclear’s favor.

In Japan, a majority of citizens are pro nuclear now, compared to 71% against only three years ago.

# Japanese Poll on Nuclear Acceptance

[Source: Asahi Shimbun](https://preview.redd.it/fn0i8tamnaqa1.png?width=863&amp;format=png&amp;auto=webp&amp;v=enabled&amp;s=afe174f79bd824b62f4055deed152c668a8928fe)

The same story is happening across other developed markets including Europe, Canada and the UK. The UK has gone from a split opinion on the benefits of nuclear two years ago to 24% more citizens in favor today.

# United Kingdom Poll on Nuclear

[Source: Stonehaven polling from June 2021 to today. Net Support = Percent of people who support nuclear minus per cent of people who oppose. Each date minimum n=2,000 Nat Rep respondents \(Image: Stonehaven\)](https://preview.redd.it/rujkm4ovnaqa1.png?width=857&amp;format=png&amp;auto=webp&amp;v=enabled&amp;s=ec6a0a634a1cf2131578f969a6de164430f9804c)

The winds are finally blowing in nuclear’s favor and investors are taking notice.

Though Uranium prices are already up 70% in the last three years, they have been rangebound since early 2022, causing investors to scramble in search of the next catalyst.

The restart of the ConverDyn uranium conversion facility could be that catalyst.

The following write-up breaks down the restart of the only operating conversion facility in the US, the impact it could have on the uranium market and the investment opportunities we think it will create elsewhere in the uranium value chain.

Lets dig in…   

For a short video summary, look here: [https://youtu.be/lOt-SEyuLvY](https://youtu.be/lOt-SEyuLvY)

# Enter ConverDyn

ConverDyn is a partnership between General Atomics and Honeywell to provide uranium hexafluoride (UF₆), conversion to nuclear power plants in North America, Europe and Asia.

Uranium concentrate, “yellowcake” in industry jargon, needs to be converted to uranium UF6 before it can be concentrated and formed into pellets used by nuclear facilities.

From 1970 to 1992, there were two operating uranium UF6 conversion facilities in the US: Allied Signal’s Metropolis Works Facility (ConverDyn) and General Atomics’ Sequoyah Fuels Facility in Gore, Oklahoma.

Both companies faced low conversion prices and excess market supply in the late 1980’s and by 1992 the companies agreed to close the Gore, Oklahoma facility and take joint ownership of profits from the Metropolis Works Facility in Metropolis, Illinois.

Metropolis Works closed in 2017 due to weak conversion margins and has been closed every since.

All UF6 produced at Metropolis Work is marketed and sold by ConverDyn.

# Russia Reminding the World about Security of Supply

In 2020, almost 40% of the world’s uranium conversion capacity came from Russia.  American producers have said that a major concern is that the US heavily relies on foreign sources from potential hostile nations like China and Russia.

[World Uranium Conversion Capacity \(Source: Radio Free Europe \/World Nuclear Association\)](https://preview.redd.it/5njsy1fgoaqa1.png?width=881&amp;format=png&amp;auto=webp&amp;v=enabled&amp;s=f7faa62298490e14784b78e232dc5df7b1f7a34e)

In light of sanctions against Russia due to the invasion of the Ukraine, many in the industry believe that Russia will lose its leadership as a major supplier of UF6 and U3O8 to Europe and North America.

ConverDyn’s recent success in signing long term conversion contracts from fuel buyers supports the industry’s belief that domestic demand will start to replace at-risk Russian imports.

# The US Gov’t Is Breathing New Life into ConverDyn

The ConverDyn uranium processing plant has received a $14 million award for conversion services from the US Department of Energy (DOE), under its $75 million program to create a uranium reserve to shore up energy security as the Russia-Ukraine war escalates.

The government also committed to buy up to 1 million tons of UF6 from the facility over 5 years, a significant economic incentive for the facility to restart even if uranium prices weren’t sitting at multi-year highs.

This government contract alone will equal 3% of annual US uranium demand, which is why the industry is watching the ConverDyn restart so closely.

Government buying of uranium concentrate (U3O8) will equal another \~3% of demand in 2023 and is responsible for at least five idle mines planning to restart production over the next few years.

In a 2020 letter ConverDyn submitted to the Office of Nuclear Energy it mentioned a restart timeline of 24-30 months from a restart decision. The decision to restart the plant was made in January 2021 which means Metropolis Works could start back up as soon as July 2023 with industry research group Energy Intelligence calling for a restart by early April.

# ConverDyn is the Tension on the String of the Uranium Value Chain

The uranium market is like a string attached to blocks at multiple points of supply. Uranium bearing ore is one block, while uranium concentrate (U3O8) and UF6 gas are others.

Demand from nuclear power plants are like a hand pulling on the rope. An increase in power plant demand trickles down to more demand for UF6 then U3O8 and finally uranium ore.

The ConverDyn restart will increase demand for U3O8 feedstock produced at uranium mills and eventually this will require more uranium ore to be mined.

[Source: National Energy Education Development Project \(NEED\)](https://preview.redd.it/dtqecfvuoaqa1.png?width=878&amp;format=png&amp;auto=webp&amp;v=enabled&amp;s=5d214b974ba708e7e0ebf34e3d8f5276257a9c07)

We believe increased conversion capacity in the US will trickle down to mills potentially leading to a spike in mill profitability in the near future.

# Uranium Milling is the Next Investment Opportunity

As electric utilities increasingly value the safety of domestic uranium supply we think the market is setting up for a shortage of domestic uranium.

ConverDyn can process over a third of North America’s annual uranium demand and requires significant amounts of milled, concentrated uranium to function.

This creates a unique opportunity for the two companies with permitted and constructed uranium mills.

With US uranium mills possessing a combined theoretical milling capacity of 2,750 tons or only 2.3 million pounds per year, compared to ConverDyn’s 16 million pound processing capacity, small increases in domestic conversion demand could lead to much higher milling profits to incentivize new capacity to come online.

# Only three Permitted and Operational US Uranium Mills

[Source: EIA](https://preview.redd.it/tql8qns3paqa1.png?width=897&amp;format=png&amp;auto=webp&amp;v=enabled&amp;s=81bc74b13339d23ba16346918c114a8cc95a3325)

With the Sweetwater mill in the table above shut down since 1983 and still many years and millions of dollars from restarting, the only two investable milling companies are Energy Fuels and Anfield Energy.

# Energy Fuels (Ticker: UUUU)

Energy Fuels operates the only active mill in the US, White Mesa, though the facility was on standby for part of the last three years due to the pricing environment.

The facility has the capacity to process 2,000 tons of uranium ore per day or 3.3 million pounds at an average concentration of .23% uranium per ton. The facility only processed 162,000 pounds in 2022 with demand not being high enough to require 100% capacity utilization.

Energy Fuels recently sold its Texas properties for $120 million and will be recycling the money back into the ramp up of four uranium mines and the expansion of the company’s rare earth element business.

Energy Fuels has a market cap of $851 million and generated $12.5 million of revenue in 2022

[Source: Bruce Gordon\/EcoFlight](https://preview.redd.it/srd372tcpaqa1.png?width=862&amp;format=png&amp;auto=webp&amp;v=enabled&amp;s=3cd850075611c0fa07067b5e37e02a440efa5a2d)

# Anfield Energy (Ticker AEC.V).

Anfield operates mainly in Utah and is currently commissioning a PEA (Preliminary Economic Assessment) to evaluate the economics of restarting its Shootaring Canyon Mill, one of only three permitted uranium mills in the US.

Shootaring Canyon can process 750 tons of uranium ore a day or 1.3 million pounds of uranium concentrate (U3O8) per year.

Anfield estimates it has 6 million tons of reserves or more than 22 years of production once the Shootaring Canyon Mill restarts, giving it plenty of resources to work with.

# Anfield Estimated Uranium and Vanadium Resource

[Source: Anfield Energy](https://preview.redd.it/nat480dppaqa1.png?width=867&amp;format=png&amp;auto=webp&amp;v=enabled&amp;s=7c587ef0f33161085e23ea7e4fab35ea11e82ae5)

Anfield is pre revenue and trades at a market cap of $40 million.

# Anfield Stands Above on Valuation

Though both Anfield Energy and Energy Fuels share many operational similarities, from an investment angle they couldn’t be more different.

Anfield’s valuation is only a fraction of Energy Fuels, providing a margin of safety in our view, should US demand take longer to develop than expected.

Looking at the dollar of market cap per ton of processing capacity, Anfield trades at a 90% discount to Energy Fuels.

[Source: YCharts.com, Capital10X Estimates, Company Filings](https://preview.redd.it/c2y1wriwpaqa1.png?width=671&amp;format=png&amp;auto=webp&amp;v=enabled&amp;s=9d8064e146e65423eff5fc57e933ca0a1c4726df)

At full capacity Anfield’s Shootaring Canyon Mill would to generate $65 million a year at $50 uranium, more than the company’s entire market cap.

Ultimately, a diversified ownership in the entire milling value chain, Anfield and Energy Fuels makes the most sense, but the upside is clearly in Anfield’s favor based on potential capacity and current valuation.

Links:

[https://www.washingtonpost.com/business/2023/01/21/uranium-imports-russia-nuclear/](https://www.washingtonpost.com/business/2023/01/21/uranium-imports-russia-nuclear/)

&amp;#x200B;

[https://www.theverge.com/2022/8/9/23283165/russia-ukraine-war-us-uranium](https://www.theverge.com/2022/8/9/23283165/russia-ukraine-war-us-uranium)

&amp;#x200B;

[https://oilprice.com/Alternative-Energy/Nuclear-Power/How-Sanctions-On-Russias-Nuclear-Sector-Could-Backfire.html](https://oilprice.com/Alternative-Energy/Nuclear-Power/How-Sanctions-On-Russias-Nuclear-Sector-Could-Backfire.html)",Ukraine|Russia|Russian|invasion|sanctions,sanctions
14zdven,2023-07-14,investing,End of sanctions for Venezuela bonds?,[removed],sanctions,sanctions
1896uwa,2023-12-02,investing,Cap gains/loss tax help needed!,"I have a bit of an odd situation. I held a couple Russian stocks that are now subject to US sanctions. They have 0 value in my brokerage and I can’t sell them to realize the loss (which is what I want to do to offset cap gains this year). 

Has anyone come across this situation or know if I have any options here? Thanks in advance!",Russia|Russian|sanctions,sanctions
