id,date_utc,subreddit,title,matched_keywords_recomputed,body_status,title_only,has_direct_ukraine_context,has_russia_context,old_has_conflict_context,has_conflict_context,old_has_financial_context,has_financial_context,old_has_crisis_financial_consequence,has_crisis_financial_consequence,geopolitical_crisis_financial,crisis_specific_financial_consequence,old_relevant_candidate,new_relevant_candidate,old_relevance_path,new_relevance_path,decision_changed,selftext,change_type
kspxe3,2021-01-07,investing,My 2021 Portfolio,Russian,available,False,False,True,False,True,True,True,False,False,True,False,False,True,excluded,geopolitical_crisis_financial,True,"Albeit a week late, I want to share my 2021 portfolio for documentation purposes and for whoever is interested. I aimed to balance risk in this portfolio with some growth names and legacy plays. Down to brass tacks, I am putting my money in the highest quality companies (in my view) across a diverse set of industries I find attractive. Some of these names are overvalued in the short term. However, I have realized I am not in the business of beating Wall Street’s pricing, but would rather hold high-quality companies that I believe will grow faster that the market in the long term. In other words, I am totally fine paying a short-term premium for growth and quality. Below is a summary of the portfolio and big picture reasoning behind each investment. I'm definitely open to any feedback. 

|Company|Ticker|Entry Price|Exposure|
|:-|:-|:-|:-|
|ARK Genomic Revolution ETF|ARKG|$93.26|6.60%|
|CrowdStrike|CRWD|$211.82|11.78%|
|Disney|DIS|$181.18|10.53%|
|Enphase Energy|ENPH|$175.47|7.98%|
|Evolution Gaming Group|EVVTY|$101.02|12.77%|
|Facebook|FB|$273.16|11.05%|
|Redfin|RDFN|$68.63|10.41%|
|Teladoc|TDOC|$199.96|9.60%|
|Sea Ltd|SE|$199.05|14.09%|
|Waste Connections|WCN|$102.57|5.19%|

**ARK Genomic Revolution ETF (BATS: ARKG) -** Invests in companies advancing genomics. The companies held in ARKG may develop, produce or enable: CRISPR, Targeted Therapeutics, Bioinformatics, Molecular Diagnostics, Stem Cells, Agricultural Biology.

* Innovative industry. Since 2003 the cost to sequence a human genome has dropped from nearly $3bn to less than $1,000. ARK believes that as costs continue to drop, genomic sequencing will become a standard of care in oncology. It will introduce more science into  healthcare decision making, enable personalized medicine, and accelerate drug discovery. ARK estimates that genomic sequencing revenues will grow 43% at an annual rate, from $3.5bn last year to $21bn in 2024.
* Cathie Wood. She’s a beast stock picker. Out of all the  ETFs she runs, her closest competitor trailed by 60%. Her worst ETF still  doubled investors' money. Her strategy is to make investments into companies that she considers incredibly transformational and she has seen success doing it.

**CrowdStrike (NASDAQ: CRWD) -** Cybersecurity technology company that provides endpoint security, threat intelligence, and cyber attack response services. 

* Best in class technology. Remember about a week ago a bunch of Russian hackers breached SolarWinds? The same hackers also tried to hack CrowdSrike at the same time but were unsuccessful. I’ve wandered on to a bunch of cybersecurity forums, and the general consensus is CrowdStrike has developed the best cybersecurity solution by miles. CRWD is the undisputed leader in cybersecurity. 
* “Pick-and-shovel” investment into the world’s increasing digitization. Even in the absence of COVID, cybersecurity remains a key component of the world’s increasing digitization as cyberthreats have been an ongoing issue from the onset of the internet. In the last decade we have seen a bunch of hacks where companies have exposed sensitive customer information. It seems companies are just starting to realize the importance of cybersecurity.

**Disney (NYSE: DIS) -** Worldwide entertainment company that you all are probably familiar with.

* Reopening trade. In 2019, parks generated 45% of total operating income for DIS. Full reopening and attendance in parks will be slow, but certainly benefit DIS when it happens. The company has been executing on several other segments in the meantime (i.e. streaming). It has proved competitive, increasing the margin of safety if parks take longer to reopen.
* Fast-growing streaming division. DIS has proved agile as it successfully launched a streaming service, Disney+, that has already gained 86mn+ subscribers which was the company’s original 5 year target. This is promising as it shows management can adapt to rapidly changing technology trends.

**Enphase Energy (NASDAQ: ENPH) -** Designs and manufactures software-driven home energy solutions that span solar generation, home energy storage and web-based monitoring and control.

* Shift to clean energy; ENPH emerging as market leader. Going into 2021, sentiments towards solar have been at an all time high. This trend is expected to continue, especially after the Georgia run-off results. Solar firms are expected to benefit from extended tax incentives on both the consumer and producer ends.
* Technological advantage. ENPH has developed the industry leading solution and is rapidly taking market share from its primary competitor, SolarEdge. Pricing reflects this, but it's expected to continue. Among key competitors, Enphase has been one of the lowest cost producers. Its low-cost structure is a major contributing factor to its improving margins.

**Evolution Gaming Group (OTC: EVVTY) -** Swedish company that develops, produces, markets and licenses integrated B2B live casino solutions for gaming operators. 

* Early mover advantage. Evolution’s lack of competition enables it to rapidly grow in new markets and create a loyal customer base, with high switching costs. The company has effectively grown EBITA margins from 41.6% in 1Q18 to 64.8% in 3Q20. Margin expansion is expected to continue.
* Massive untapped markets. Europe is estimated to be around $2.5bn (EVVTY has 50% market share), Asian market is \~15x the size of Europe (150% YoY growth for EVVTY in Asia). North America’s market is \~$210mn, a 42% increase YoY, with NJ and PA the only states currently operating (NY looks promising). Management thinks the US will be the largest in the long-term. 
* Undetected from Wall Street. Evolution has almost no analyst coverage in the US and very minimal coverage in Europe, presenting opportunity for additional growth as institutional money managers recognize this opportunity and draw attention to the stock. Additionally, Evolution has a founder-led management team that is highly aligned with shareholders (mgmt owns over 30% of the stock).

**Facebook (NASDAQ: FB) -** Enables people to connect through devices. It’s products include Facebook, Instagram, Messenger, WhatsApp and Oculus. 

* Zuck. It’s not a question of who is the next Jobs/Bezos/Gates/Zuck, because Zuck is super young. He has a history of being able to execute: IG acquisition / transition from desktop to mobile /  denying multiple acquisition opportunities in his twenties. 
* Undervalued. FB is the cheapest among the FAANG stocks, yet has some of the highest growth rates. This is mainly because of its continuous political scandals. With Trump out of office, I think FB has a chance to stay out of trouble and start to realize higher multiples.  The antitrust lawsuit is not a threat imo, it is actually an opportunity. If the govt forces FB to break up, we would get shares in the spin-offs, which would be valued at a higher multiple than FB. For example, if Instagram spun off from FB and traded at the same multiple as SNAP, Instagram’s market cap would be larger than FB’s.

**Redfin Corporation (NASDAQ: RDFN) -** Provides residential real estate brokerage services. 

* Digitization of Real Estate (i.e. “iBuying”). Technology in RE is moving from being informational to transactional. Redfin’s iBuying service is dubbed “RedfinNow.” The service basically buys homes from sellers looking for a quick and convenient sale (close deals within 10-30 days). This segment isn’t profitable yet as it is just getting started, but promising as the management adapts to technology trends.
* Inter-US Migration and housing outlook. People are moving out of the cities because of COVID / trying to avoid taxes / etc. which increases demand for Redfin’s services. With interest rates extremely low (and no expectation for them to increase), homebuying demand should continue to grow.
* RDFN most attractively valued compared to Z and OPEN, with the most upside potential given its market cap \~$7bn. Some are predicting RDFN might start offering rental services as well. RDFN has the best LT margin potential. 

**Teladoc Health (NYSE: TDOC) -** Provides virtual healthcare services on a B2B basis to its clients and provides services to consumers directly and through channel partners.

* Competitive positioning in industry ripe for disruption. Healthcare is a huge market yet to be significantly disrupted. COVID has accelerated this disruption. Providers who were once opposed to telemedicine now realize its benefits and several regulatory changes are promising for telemedicines growth potential. Medicare and other government-sponsored coverage is expected to include telemedicine benefits, increasing TDOC’s TAM.
* Livongo acquisition. From the consumer POV, this will increase access to healthcare at a lower cost. Teladoc will have access to a larger amount of data it can interpret to refine its services and monetization strategies. 

**Sea Ltd (NYSE: SE) -** Digital entertainment, electronic commerce, and digital financial services. The Company operates three business segments: Garena, Shopee, and SeaMonkey. The Company’s digital entertainment business, Garena, is a global game developer and publisher with a presence in Southeast Asia, Taiwan, and Latin America. Garena provides access to mobile and personal computer online games. Shopee provides users with a shopping environment that is supported by integrated payment, logistics, fulfillment, and other value-added services. SeaMonkey business is a digital financial services provider. SeaMonkey offers e-wallet services, payment processing, credit related digital financial offerings, and other financial products. 

* Diversified consumer internet company with market-leading position. Sea caters to Southeast Asia and Taiwan, providing its online gaming, e-commerce, and payment platforms. Shopee has overtaken competitors, it is widening its market share lead. ESports is a rapidly growing market (15.7% YoY to $1.1bn in 2020) and Sea is outpacing market growth.
* Pay for quality. The best companies keep going up for years in a row, and I think Sea is in the early stages of being classified as such a company. It’s worth $100bn but has effectively proved its ability to identify opportunities and expand business lines. 
* Still early stages of developing its consumer banking business, so we get the security of a bigger, established company with upside for an additional, lucrative business line such as fintech.

**Waste Connections Inc. (NYSE: WCN) -** Waste services company that provides non-hazardous waste collection, transfer, disposal and recycling services. 

* Recession resilient; re-opening trade. The waste management industry is recession resilient, it will always be around. 
* Non-hazardous waste collection. With a progressive government likely to push climate initiatives, recycling and non-hazardous waste collection are likely to benefit on the back end.
* WCN has a large moat; there isn’t much of a competitive threat the way the industry operates. Management’s strategy is to generally only spend what FCF is available. This enables the company to make acquisitions while handling its debt load. Great for stable growth.

&#x200B;

P.S. I have two other accounts - one with about 40 growth stocks and another with about 10 big names / ETFs. However, this portfolio has the largest allocation for 2021. My first time trying a more concentrated approach.",newly_included
kzggfz,2021-01-17,investing,Arguments for and against Gold in your Asset Allocation.,Russia,available,False,False,True,False,True,True,True,False,False,True,False,False,True,excluded,geopolitical_crisis_financial,True,"I know everybody is talking about the next Tech Stock with crazy returns which is perfectly fine but a balanced asset allocation can contain more than just stocks. Investors add Bonds, Real Estate, Precious Metals, Krypto or other assets to diversify. Of course stocks historically had the best returns, but do you really want to see your entire net worth drop by more than 50% for a few years?

Here are some arguments for and against Gold in your asset allocation and how it could perform in the next decade.

Arguments for Gold:

- Negativ real interest rates.
Gold is (Edit: sometimes) negatively correlated with real interest rates. Longterm negativ real interest rates would make gold more attractive as an investment and I don‘t think central banks will be able to significantly raise interest rates. This makes gold attractive over bonds to preserve real value.
- Exponential Money Supply.
Most economic crisis are deflationary since consumers and businesses increase savings rate. The increase in money supply could lead to higher inflation when spending and velocity of money increases as the economy recovers. Overall money could become less attractive as supply increases while the supply of gold doesn’t. This leads to my next point.
- Dept Cycles.
We seem to enter the later stage of a debt cycle. Interest rates have constantly decreased over the past 30 years while the debt of governments hast increased. This is not a problem as long as negativ cashflows of payed interest stay roughly the same. So higher government debt is no problem as long as interest rates decrease. The issue is, that this cycle is difficult to break and it doesn’t matter when the next crisis happens but when it does we will have to print even more money than now, decrease interest rates further below zero and hand out more helicopter money, fully embracing MMT. No currency survives forever and the dollar collapsing is possible in our lifetime.
- Central Banks hold massive gold reserves.
Gold is still backing our currencies to some degree as central banks hold gold. If a countries currency faces hyperinflation, gold will be the only thing retaining it’s value. Lots of commodity dependent countries like Russia started to expand gold reserves and China is likely to have way more gold reserves than official as they produce more than they sell.
- No taxes on gold gains.
In some countries there is no tax on gold gains which is often not accounted for when comparing gold performance with other asset classes.


Arguments against gold:

- Economic recovery.
Gold Is generally seen as a save haven and increases in value during recessions. Long bullmarkets make gold less attractive as an investment and it dropped 40% between 2011 and 2015 which was a great time to be in stocks or real estate. Overall gold is way more volatile than people think.
- Increase in bond yields.
Over the past weeks bond yields have increased as expected inflation increased which put pressure on the gold price. Higher bond yields could lead to further drops in the price of gold.
- Gold is a non-productive asset.
Often brought up by Warren Buffet, gold doesn’t do anything for economic output as it just sits around in a safe while companies create value and land can be harvested or built on. 10% of Gold produced has an industrial use but that alone wouldn’t justify the price.
- Bitcoin.
Bitcoin is gaining more and more acceptance as an asset and institutional money is flowing in. Many see bitcoin as an alternative to gold and a preserver of value with better liquidity and higher upside than gold. The market cap of bitcoin is already 1/13 of Gold which is crazy if you compare the short timeframe crypto has existed compared to gold. Capital flows that would otherwise go into Gold get sucked up by bitcoin.

Overall I think there is a strong case to be made for the role of gold in a balanced portfolio. In my opinion at least 10% gold is very reasonable but I can see how some of this could also be allocated to silver or crypto.

Personally I do have a significant amount of gold in my portfolio and it has performed similar to stocks over this particular timeframe (mostly bought in 2016). If you bought gold in 2011 you were less lucky but the same argument could be made for stocks between 2000 and 2010 with zero gains. 

Do you think gold is still relevant as an asset class? 
What percentage of your portfolio is in precious metals?

Feel free to critique and let‘s have an interesting conversation.",newly_included
l1udjk,2021-01-21,stocks,BB stock,Russian,available,False,False,True,False,True,True,True,False,False,True,False,False,True,excluded,geopolitical_crisis_financial,True,"I know most people think that Blackberry is a phone company and for that reason the stock is so much undervalued. My thought is it could increase 10 fold from current price once people know about their future. They are number one OEM provider for the EV and their cyber security software outclasses everything in the market. It will pop to 50 in no time. Please do some research and make your decision. If CRWD have a mkt CAP of 50B I see BB can reach 50B within next year.

Current MKT CAP -7 B

POS- 12.7

My projection is after people know about the company

MKT CAP - 50B

POS $80 at the end of 2021

&#x200B;

Now say market crashes. But BB surely will not drop because of their pipeline. Maybe go to $8-10 for a short term this month but I don't see it coming because word is spreading and people are coming to know about the potential of Blackberry. With Russian hack and all this BB is the leader in cybersecurity.

&#x200B;

Some info from their last report

&#x200B;

 AWS and BlackBerry join forces to accelerate innovation with new intelligent vehicle data platform, BlackBerry IVY. 

• BlackBerry QNX has design wins with 19 of the top 25 Electric Vehicle OEMs, who together have 61% of EV market.

 • BlackBerry unveils industry’s first Unified Endpoint Security (UES) solution for AI-powered Cybersecurity, BlackBerry Cyber Suite. Cyber Suite will Integrate with all leading UEMs, including Microsoft Intune.

 • BlackBerry launches industry’s first user behavior AI technology for Cybersecurity, BlackBerry Persona® Desktop.

 • BlackBerry launches new AI-powered Mobile Threat Defense (MTD) solution to protect against mobile malware and phishing attacks, BlackBerry® Protect Mobile. 

• BlackBerry® Unified Endpoint Manager (UEM) software has achieved National Security Agency (NSA) Commercial Solutions for Classified Program (CSfC) approval. 

• Announced new global BlackBerry Partner Program that combines the award-winning BlackBerry Enterprise Partner Program and BlackBerry Cylance Partner Programs into one unified comprehensive structure. 

• BlackBerry uncovered massive hack-for-hire group, BAHAMUT, targeting governments, businesses, human rights groups and influential individuals. 

• Launched QNX® OS for Safety 2.2, a new release of the trusted, safety-certified operating system certified by the independent auditors at TÜV Rheinland to IEC 61508 SIL3 (Industrial), ISO 26262 ASIL D (Automotive), and IEC 62304 Class C (Medical devices) functional safety standards. ",newly_included
lcduke,2021-02-04,StockMarket,Natural Gas after 15 years decline can x2 x3. Gas stocks can too.,Russia,available,False,False,True,False,True,True,True,False,False,True,False,False,True,excluded,geopolitical_crisis_financial,True,"Let me show you analysis from very different perspective than anybody did. Fundamental picture you know, let's take a look at large time frame chart. 

We had major tops in NG price in 2005 and 2008. Every economist knows about 20 year cycle, which may imply new high prices around 2025. Also implying my Time cycles mathematical formula I added nearest time windows for price dynamics change. For instance there was time window in March 2020, which gave low. Next is April 2021 likely to give minor low.

https://preview.redd.it/doz6jov36gf61.jpg?width=2002&format=pjpg&auto=webp&s=d01bdae8493d525238bd1627ccb05132690440b3

Speaking of price, closes level is around 5.00 (already tested in 2018), next one around 6.80 and a big one around 8.60. There are further levels but I am not in a hurry to call them out, before seeing price dynamics by the end of 2021.

Needless to say, that NGas related companies will perform better that they did in 2018-2020, stocks of many of them are at very low levels.

Does this sound possible from your perspective, colleagues? 

&#x200B;

Further below is fundamental view from [iea.org](https://iea.org)

""Demand - After a 4% drop in 2020, natural gas demand is expected to progressively recover in 2021 as consumption returns close to its pre-crisis level in mature markets, while emerging markets benefit from economic rebound and lower natural gas prices. The impact of the 2020 crisis is, however, expected to have repercussions on the medium-term growth potential, resulting in about 75 bcm of lost growth over the forecast period, 2019 to 2025. This forecast expects an average growth rate of 1.5% per year during this period.

The Asia Pacific region accounts for over half of incremental global gas consumption in the coming years, driven principally by the development of gas in China and India. While the prospects of natural gas remain strong for these two markets, the outlook is highly dependent on China’s and India’s future policy direction and recovery path in the post-crisis environment. In spite of the current economic headwinds and uncertainty, natural gas still benefits from strong policy support in both countries, with ongoing reforms to increase the role of gas in the energy mix. Future growth in the industry sector, which constitutes the main driver of incremental gas demand in both countries, will however highly depend on the pace of economic recovery, both for domestic and export markets for industrial goods.

Supply – If almost all regions are expected to contribute to the growth in natural gas production in the next five years, half of the net increase in supply comes from North America and the Middle East. The US shale industry, the main driver of global gas output growth over the recent years, is particularly vulnerable in the current crisis context – the IEA report World Energy Investment 2020 estimates that upstream spending on shale tight oil and gas is set to decline by 50% y‑o‑y in 2020. The sector’s ability to rebound in a post-crisis environment will be pivotal to deliver the incremental gas production needed by the US market to replace its declining conventional production and supply its additional LNG export capacity under development. Production growth in the Middle East is driven by the ramping up of large conventional projects in Saudi Arabia, Iran, Israel, Iraq and Qatar – for which the oil price collapse and uncertainty represent a substantial downside risk in the first years of the forecast. Gas production in Russia, the other large contributor to incremental supply, is almost entirely driven by export-oriented projects; while most of the additional production is expected for the second half of the forecast, shorter-term uncertainty on demand growth could negatively impact its development schedule. 

Trade – LNG remains the main driver of international gas trade, as the 2018-19 wave of investment in liquefaction projects delivers additional export capacity in North America, Africa and Russia. However slower growth in gas demand post-2020 results in liquefaction capacity additions outpacing incremental LNG import through 2025, thus limiting the risk of a tight LNG market over the forecast period. China, India and emerging Asian markets account for most of the growth in future LNG imports, while Europe should return to its pre-2019 levels after reaching record levels as a balancing market. Additional pipeline trade comes principally from the progressive ramp-up of export infrastructure from Eurasia (TANAP and TAP to Europe, and Power of Siberia to China). """,newly_included
ldgc85,2021-02-05,StockMarket,$LUMN 🚀 All in Alert 🚀,Russia,available,False,False,True,False,True,True,True,False,False,True,False,False,True,excluded,geopolitical_crisis_financial,True,"Lumen Technologies is the best fiber network in the world! It is severely undervalued and pretty well shorted. Earnings call is coming up on February 10th after hours and is expected to beat expectations. There is no doubt after the earnings call this stock will start to 🚀. The stock is already on the rise. This is an opportunity to get in while you still can!  *Obviously do your own DD* but here is some great information to ease your worries!

Lumen Technologies has the largest ultra-low-loss fiber network in North America, the world’s most deeply peered networks, and the world’s most-connected CDN (Content Delivery Network).

1. Lumen has the largest ultra-low-loss fiber network in North America with 3.5 million miles of high-capacity. 

Lumen cloud Edge Computing nodes are designed to meet 98% of the U.S. enterprise demand within 5ms of latency. Lumen has the largest ultra-low-loss fiber network in North America with 3.5 million miles of high-capacity. 

https://lumen.com/en-us/solutions/edge-computing.html 

2. Lumen Technologies Global Fiber Network Maps 

https://www.lumen.com/en-us/resources/network-maps.html 

3. Black Lotus Labs is the threat research arm of Lumen, the world’s most deeply peered networks and industry-leading endpoint protection and datacenter virtualization. 

Security: Integrating VMware Carbon Black Cloud Endpoint and VMware Carbon Black Cloud Workload with intelligence data from Black Lotus Labs, the threat research arm of Lumen. Enterprises will be better positioned to defend against cyber-threats, right from the end point, using the combination of security analytics derived from one of the world’s most deeply peered networks and industry-leading endpoint protection and datacenter virtualization. 

https://www.google.com/amp/s/finance.yahoo.com/amphtml/news/lumen-vmware-expand-partnership-drive-130000427.html 

4. The world’s most-connected CDN.

The first step of the solution is provided by Lumen® Vyvx® service, which offers the necessary connectivity to handle multiple high-def broadcast feeds from several matches simultaneously. Vyvx handles the packaging and encoding from the Premier League Productions studio, and delivers the feeds to Okko’s operations team in Russia. 
The video content gets transmitted over the extensive Lumen IP backbone network with the world’s most-connected CDN, built on top of it. 

https://blog.lumen.com/okko-sport-turns-to-lumen-for-live-video-delivery/?utm_source=ES&utm_medium=CDN&utm_campaign=Okko_sports&utm_term=ES_1.12.21&es_id=c2194dbd3f",newly_included
mfxofg,2021-03-29,StockMarket,"Market Commentary (the former Tiger Club member margin called, Volatility in the Markets, TIGR earnings) - 3/29/2021",Russia,available,False,False,True,False,True,True,True,False,False,True,False,False,True,excluded,geopolitical_crisis_financial,True," 

Hello investors,

Hope everyone had a great weekend.

Much has happened over the last couple of days and there's a lot to unfold. I'll start off with the last Friday's selloff and end with one final thought about the markets going forward.

Before we do, one thing to keep in mind as we think through what’s happening in the markets is the power of media.

I hear lots of media noise: changing opinions, shifting sentiments and rising calls for market meltdown.

And understandably so. I mean we are going through an ""unprecedented"" period with events that have occurred either very long time ago or never before: the geoplitical tensions between China, Russia, and the U.S., the new bond bear market, coordinated efforts by central banks and fiscal policies to stimulate the economy, the global pandemic recovery, and new flood of retail traders causing disruptions to the markets.

It's not hard to understand that trading these days is more difficult than at any other point in time throughout history.

Even the experts get it wrong all the time.

The smartest economists last year predicted that it would take at least 3-5 years to fully recover from the pandemic damages but the same group of people are predicting end of 2021 or early 2022.

Look at how the derivatives markets have incorrectly predicted fed funds rates in the past. By the end of 2009, the market was predicting the fed funds rate to increase more than 200 bps by 2011 and take a look at what happened.

📷

Remember back in March 2020 when the epidemiologists predicted that we will not have vaccines until 2023 or that 20 to 30% of the entire population will be eradicated?

My point is that in bad or good times, the ""media"", representing a group of experts in the respective fields, can present real hardships for us by playing with our emotions.

My personal strategy in dealing with the volatile market sentiment is to be very open-minded, listen to every word the experts have to say, especially their graphs or evidence-based arguments, form your own opinion, and do not be afraid to change your opinion if you've realized you got it completely wrong.

Doing your independent research and forming your own opinion is critical because by doing so, you will have a higher conviction in your trades.

Having conviction means you are holding onto the trade or stock when the stock falls 80% or not be tempted to sell when the stock triples.

You are able to do that because even if the stock falls 80% you know this company is a great business and you know it will quadruple in the next five years because it’ll grow its earnings and the market will eventually price to that.

If you do not have the conviction, then you’ll be questioning why is the stock falling and you will question your judgment and be tempted to sell.

Now onto today's topic.

I'm sure most of you have heard by now but last Friday, we had a hedge fund getting margin called, triggering large declines in stocks that the fund sold in blocks.

We need to first understand exactly what happened in order to know if this has any real implications for the markets.

This fund is called Archegos Capital, run by ex-Tiger Asia founder Bill Hwang. Tiger Asia is the Asia division of legendary investor Julian Robertson's Tiger Management, and Bill Hwang was one of a select club of analysts (the ""Tiger Club"") trained by Julian Robertson.

[https://www.bloomberg.com/news/articles/2021-03-29/billions-in-secretive-derivatives-at-center-of-archegos-blowup](https://www.bloomberg.com/news/articles/2021-03-29/billions-in-secretive-derivatives-at-center-of-archegos-blowup)

[https://www.wsj.com/articles/ex-tiger-asia-founder-triggers-30-billion-in-large-stocks-sales-11616973350?mod=hp\_lead\_pos3&utm\_source=newsletter&utm\_medium=email&utm\_campaign=tiger\_cub\_gets\_rekt&utm\_term=2021-03-29](https://www.wsj.com/articles/ex-tiger-asia-founder-triggers-30-billion-in-large-stocks-sales-11616973350?mod=hp_lead_pos3&utm_source=newsletter&utm_medium=email&utm_campaign=tiger_cub_gets_rekt&utm_term=2021-03-29)

As a result of forced liquidation, the prime brokers that covered these positions also incurred losses, namely Goldman Sachs, Morgan Stanley, Nomura, and Credit Suisse.

With that said, as in any type of news, you have to make your own judgment in terms of whether the news is real or not.

I'm not saying the news is fake but I'm saying that it's probably impossible to know if it's 100% true because no prime broker will disclose the name of their client who just had billions of losses.

Practically speaking, does it matter if it was Archegos or another hedge fund? What matters for us is that some big fund most likely went bad and had to sell a bunch of securities. I wouldn't want to waste a minute trying to figure out which fund this was or whether if this story is actually true.

This fund sold $20 billion worth of shares in total, including ViacomCBS, Discovery, and big Chinese names like Baidu 10mm shares, Tencent 50mm shares, and VIP Shop 32mm shares.

📷📷

📷📷

📷

What exactly triggered them to liquidate all of these positions in such a strong bull market?

I would imagine it's the Chinese names and the growth stock selloff during the recent weeks. Look at their performances recently.

📷📷

📷📷

Viacom CBS went from $100 at intraday top on 3/22 to $64 low on 3/25, roughly 40% drop in less than a week. This came at a time when all other growth stocks were going down in flames, especially the Chinese stocks that took hit due to the rising geopolitical risks.

What does all of this mean for the markets?

Well, a few outcomes are possible in my opinion.

Bearish: full-blown market deleveraging, forcing other funds to liquidate and triggering a downward cycle and stocks to selloff.

Bullish: this turns into another September 2020 event where the Nasdaq sold off 10% caused by Softbank's bulk option purchases and the markets recover like it didn't happen.

Most likely, it'll be somewhere in the middle.

The reason I think it won't turn into a market mayhem is the same one I've been repeatedly mentioning for the past few months. Fed has literally promised a proper market functioning and fiscal spending is none like others in the past.

Look at Fed's dot plot for instance. They're as dovish as an institution can get, expecting to keep rates at 0% through 2023.

📷

Even if the market tumbles and the liquidity dries up, causing the S&P 500 to drop 15%, I have no doubt that the Fed will intervene to calm the markets down, which means the drop will only present incredible opportunities for us as investors.

**I am of the opinion that this is another one of those opportunities to buy into the dip.**

As I mentioned in this memo, I believe that this ""great rotation"" from growth to value will cause short-term stress in the growth names but not in the long run.

The reason is rather simple.

I don't think a company that's growing its top line at 30-40% with 80% gross profit won't care if the market rotates from growth to value stocks.

An e-commerce company will also be marginally impacted by vaccine rollouts. I mean obviously it won't see the pandemic-level of sales growth but I don't think an e-commerce firm that grew its top line at 25% a year pre-pandemic will see its sales growth decrease to single digits simply due to people not staying at their homes all the time.

The point I'm trying to convey is that if you pick great businesses growing rapidly, the market has no choice but to price them to their full earnings potential, whether the market rotates from growth to value.

We may see a lower than expected return but it's still a large return. For instance, if we were expecting Fiverr to trade at 10x P/S by 2025, then we may need to lower that projection to 8x P/S and our overall expected return may change from 250% to 200%. And I don't think you should reconsider investing in a company just because your expected return dropped from 250% to 200%.

On another note, I believe we will experience an inflation level we haven't seen in the last 40 years. The 10-year breakevens are already skyrocketing.

📷

My contention is that gold will be the primary beneficiary of this trend but I'm also open to other ideas to take advantage of the upcoming inflation blowout.

**The second topic I wanted to discuss is TIGR earnings last Friday.**

I posted my thoughts on TIGR on these two memos.

(see the comments)

They reported a very strong earnings report on March 26 pre-market and I was very pleased with the results.

Some of you may have seen that as soon as their earnings were reported, the stock went straight up more than 20% pre-market. After that, the stock opened 14% lower most likely due to the China tensions and Archegos liquidation of Chinese names, and fully recovered from intraday lows by the end of the day.

Given that the business is still in great shape with lots of potential, I view these drops as opportunities and I believe TIGR will thrive in the future.

It's certainly not easy to hold onto the securities that burn your portfolio. That's why everyone has different levels of risk appetite and one person's trading strategy will not work for another.

You have to develop your own system to manage risks. If you are not comfortable with a 40% loss, try limiting your exposure to riskier names or hedging your portfolio through options, as I mentioned in here.

Thank you for reading! I hope this helps and please feel free to leave any comments or feedback.

Quote of the day: ""The highest rates of return I've ever achieved were in the 1950s. I killed the Dow. You ought to see the numbers. But I was investing peanuts then. It's a huge structural advantage not to have a lot of money. I think I could make you 50% a year on $1 million. No, I know I could. I guarantee that."" - Warren Buffett

Don't let anyone tell you it's impossible to beat the market with $1mm.",newly_included
mfxp8v,2021-03-29,stocks,"Market Commentary (the former Tiger Club member margin called, Volatility in the Markets, TIGR earnings) - 3/29/2021",Russia,available,False,False,True,False,True,True,True,False,False,True,False,False,True,excluded,geopolitical_crisis_financial,True," 

Hello investors,

Hope everyone had a great weekend.

Much has happened over the last couple of days and there's a lot to unfold. I'll start off with the last Friday's selloff and end with one final thought about the markets going forward.

Before we do, one thing to keep in mind as we think through what’s happening in the markets is the power of media.

I hear lots of media noise: changing opinions, shifting sentiments and rising calls for market meltdown.

And understandably so. I mean we are going through an ""unprecedented"" period with events that have occurred either very long time ago or never before: the geoplitical tensions between China, Russia, and the U.S., the new bond bear market, coordinated efforts by central banks and fiscal policies to stimulate the economy, the global pandemic recovery, and new flood of retail traders causing disruptions to the markets.

It's not hard to understand that trading these days is more difficult than at any other point in time throughout history.

Even the experts get it wrong all the time.

The smartest economists last year predicted that it would take at least 3-5 years to fully recover from the pandemic damages but the same group of people are predicting end of 2021 or early 2022.

Look at how the derivatives markets have incorrectly predicted fed funds rates in the past. By the end of 2009, the market was predicting the fed funds rate to increase more than 200 bps by 2011 and take a look at what happened.

📷

Remember back in March 2020 when the epidemiologists predicted that we will not have vaccines until 2023 or that 20 to 30% of the entire population will be eradicated?

My point is that in bad or good times, the ""media"", representing a group of experts in the respective fields, can present real hardships for us by playing with our emotions.

My personal strategy in dealing with the volatile market sentiment is to be very open-minded, listen to every word the experts have to say, especially their graphs or evidence-based arguments, form your own opinion, and do not be afraid to change your opinion if you've realized you got it completely wrong.

Doing your independent research and forming your own opinion is critical because by doing so, you will have a higher conviction in your trades.

Having conviction means you are holding onto the trade or stock when the stock falls 80% or not be tempted to sell when the stock triples.

You are able to do that because even if the stock falls 80% you know this company is a great business and you know it will quadruple in the next five years because it’ll grow its earnings and the market will eventually price to that.

If you do not have the conviction, then you’ll be questioning why is the stock falling and you will question your judgment and be tempted to sell.

Now onto today's topic.

I'm sure most of you have heard by now but last Friday, we had a hedge fund getting margin called, triggering large declines in stocks that the fund sold in blocks.

We need to first understand exactly what happened in order to know if this has any real implications for the markets.

This fund is called Archegos Capital, run by ex-Tiger Asia founder Bill Hwang. Tiger Asia is the Asia division of legendary investor Julian Robertson's Tiger Management, and Bill Hwang was one of a select club of analysts (the ""Tiger Club"") trained by Julian Robertson.

[https://www.bloomberg.com/news/articles/2021-03-29/billions-in-secretive-derivatives-at-center-of-archegos-blowup](https://www.bloomberg.com/news/articles/2021-03-29/billions-in-secretive-derivatives-at-center-of-archegos-blowup)

[https://www.wsj.com/articles/ex-tiger-asia-founder-triggers-30-billion-in-large-stocks-sales-11616973350?mod=hp\_lead\_pos3&utm\_source=newsletter&utm\_medium=email&utm\_campaign=tiger\_cub\_gets\_rekt&utm\_term=2021-03-29](https://www.wsj.com/articles/ex-tiger-asia-founder-triggers-30-billion-in-large-stocks-sales-11616973350?mod=hp_lead_pos3&utm_source=newsletter&utm_medium=email&utm_campaign=tiger_cub_gets_rekt&utm_term=2021-03-29)

As a result of forced liquidation, the prime brokers that covered these positions also incurred losses, namely Goldman Sachs, Morgan Stanley, Nomura, and Credit Suisse.

With that said, as in any type of news, you have to make your own judgment in terms of whether the news is real or not.

I'm not saying the news is fake but I'm saying that it's probably impossible to know if it's 100% true because no prime broker will disclose the name of their client who just had billions of losses.

Practically speaking, does it matter if it was Archegos or another hedge fund? What matters for us is that some big fund most likely went bad and had to sell a bunch of securities. I wouldn't want to waste a minute trying to figure out which fund this was or whether if this story is actually true.

This fund sold $20 billion worth of shares in total, including ViacomCBS, Discovery, and big Chinese names like Baidu 10mm shares, Tencent 50mm shares, and VIP Shop 32mm shares.

📷📷

📷📷

📷

What exactly triggered them to liquidate all of these positions in such a strong bull market?

I would imagine it's the Chinese names and the growth stock selloff during the recent weeks. Look at their performances recently.

📷📷

📷📷

Viacom CBS went from $100 at intraday top on 3/22 to $64 low on 3/25, roughly 40% drop in less than a week. This came at a time when all other growth stocks were going down in flames, especially the Chinese stocks that took hit due to the rising geopolitical risks.

What does all of this mean for the markets?

Well, a few outcomes are possible in my opinion.

Bearish: full-blown market deleveraging, forcing other funds to liquidate and triggering a downward cycle and stocks to selloff.

Bullish: this turns into another September 2020 event where the Nasdaq sold off 10% caused by Softbank's bulk option purchases and the markets recover like it didn't happen.

Most likely, it'll be somewhere in the middle.

The reason I think it won't turn into a market mayhem is the same one I've been repeatedly mentioning for the past few months. Fed has literally promised a proper market functioning and fiscal spending is none like others in the past.

Look at Fed's dot plot for instance. They're as dovish as an institution can get, expecting to keep rates at 0% through 2023.

📷

Even if the market tumbles and the liquidity dries up, causing the S&P 500 to drop 15%, I have no doubt that the Fed will intervene to calm the markets down, which means the drop will only present incredible opportunities for us as investors.

**I am of the opinion that this is another one of those opportunities to buy into the dip.**

As I mentioned in this memo, I believe that this ""great rotation"" from growth to value will cause short-term stress in the growth names but not in the long run.

The reason is rather simple.

I don't think a company that's growing its top line at 30-40% with 80% gross profit won't care if the market rotates from growth to value stocks.

An e-commerce company will also be marginally impacted by vaccine rollouts. I mean obviously it won't see the pandemic-level of sales growth but I don't think an e-commerce firm that grew its top line at 25% a year pre-pandemic will see its sales growth decrease to single digits simply due to people not staying at their homes all the time.

The point I'm trying to convey is that if you pick great businesses growing rapidly, the market has no choice but to price them to their full earnings potential, whether the market rotates from growth to value.

We may see a lower than expected return but it's still a large return. For instance, if we were expecting Fiverr to trade at 10x P/S by 2025, then we may need to lower that projection to 8x P/S and our overall expected return may change from 250% to 200%. And I don't think you should reconsider investing in a company just because your expected return dropped from 250% to 200%.

On another note, I believe we will experience an inflation level we haven't seen in the last 40 years. The 10-year breakevens are already skyrocketing.

📷

My contention is that gold will be the primary beneficiary of this trend but I'm also open to other ideas to take advantage of the upcoming inflation blowout.

**The second topic I wanted to discuss is TIGR earnings last Friday.**

I posted my thoughts on TIGR on these two memos.

(see the comments)

They reported a very strong earnings report on March 26 pre-market and I was very pleased with the results.

Some of you may have seen that as soon as their earnings were reported, the stock went straight up more than 20% pre-market. After that, the stock opened 14% lower most likely due to the China tensions and Archegos liquidation of Chinese names, and fully recovered from intraday lows by the end of the day.

Given that the business is still in great shape with lots of potential, I view these drops as opportunities and I believe TIGR will thrive in the future.

It's certainly not easy to hold onto the securities that burn your portfolio. That's why everyone has different levels of risk appetite and one person's trading strategy will not work for another.

You have to develop your own system to manage risks. If you are not comfortable with a 40% loss, try limiting your exposure to riskier names or hedging your portfolio through options, as I mentioned in here.

Thank you for reading! I hope this helps and please feel free to leave any comments or feedback.

Quote of the day: ""The highest rates of return I've ever achieved were in the 1950s. I killed the Dow. You ought to see the numbers. But I was investing peanuts then. It's a huge structural advantage not to have a lot of money. I think I could make you 50% a year on $1 million. No, I know I could. I guarantee that."" - Warren Buffett

Don't let anyone tell you it's impossible to beat the market with $1mm.",newly_included
mi5ox3,2021-04-01,investing,Russia and Ukraine have rising tensions: is there money to be made?,Ukraine|Russia,removed,True,True,True,False,True,False,True,False,False,True,False,False,True,excluded,geopolitical_crisis_financial,True,[removed],newly_included
mnxqjx,2021-04-10,stocks,What are you buying ahead of the upcoming Russia-Ukraine war?,Ukraine|Russia,removed,True,True,True,True,True,False,True,False,False,True,False,False,True,excluded,geopolitical_crisis_financial,True,[removed],newly_included
n93q2k,2021-05-10,investing,My shortlist for screening stocks against inflation,Russia,available,False,False,True,False,True,True,True,False,False,True,False,False,True,excluded,geopolitical_crisis_financial,True,"It seems many are trying to bail on stocks because inflation. (collectibles that we treat as currency, commodities etc). I wanted to explore is if there are certain categories of stocks that are better positioned against Inflation.

So I came up with a short-list of they type of stocks I might look for in a period with volatile inflation.

1. Established Brand Name. This gives the company pricing power because clients are going to buy their product because of what they are getting is also associated with the brand and not just the product. Think AAPL, MCD, KO.
2. Commodity selling stocks, industrial sector ([https://etfdb.com/etf/RGI/#holdings](https://etfdb.com/etf/RGI/#holdings)). Think metal mines, lumber, companies that produce commodity byproducts that are used in industry (no discrete product firms, like jewelry makers).
3. Capitalist Europe. If it goes down in the USA, it all goes down - true, but there is a place where it will go down less relative to others. So, I'm looking at European companies that do not have diversity and inclusion in their 10K. These are actually young companies that are thirsty to grow and will do anything and everything to move up. Alternatively, I look at cultures who are still capitalist, think Russia, Poland, Ireland, Estonia.
4. Companies with more fixed-rate debt instead of floating rate debt. If the interest is fixed but there is more money in circulation the lenders are in trouble not the borrowers.
5. Government-backed stocks. Especially those that have defense contracts. I think that bad times create civil unrest with a potential for internal and external escalation. Think Northrop Grumman, Boeing, Lockheed Martin ([https://etfdb.com/etf/DFEN/#holdings](https://etfdb.com/etf/DFEN/#holdings))

What would you do if you were worried about inflation eating your gains?",newly_included
nizpwz,2021-05-23,StockMarket,Money Is Power,Russia,available,False,False,True,False,True,True,True,False,False,True,False,False,True,excluded,geopolitical_crisis_financial,True," Money is power. People with power want to be where the money is. Cryptocurrencies spread the power horizontally instead of vertically like the current system. “Federal Reserve Chairman Jerome Powell warned about potential risks cryptocurrencies pose to the financial system”- I don’t think anyone besides the super-rich and the people at the top of financial institutions think the current financial system is working. Unless you are one of these people, which is like 0.000001%, you should be on the side of cryptocurrency. I know that change is scary and a change that is as big as the opportunity cryptocurrency is offering to the human race is uncertain but this could be the biggest advance in the history of technology that gives power to the masses of not just one country but the entire world. These huge governments (China, United States, Russia) that are currently trying to scare people with news of regulations and crackdowns on cryptocurrency are not doing this for the good of people, they are doing this because they know, like we know, that cryptocurrency is the biggest threat to their power and money than anything ever before. The whole blockchain movement is so young and is growing faster than ever, the more people learn about it and get involved is beneficial to everyone. I truly see this technology changing the world for the better (in a way the internet did) and the people who have the most money and the true power in this world do not want this. I know it’s cliché but HODL, shill the entire crypto market, and do not listen to these governments and super rich old people(literally fud).",newly_included
nnoiu1,2021-05-29,StockMarket,I think Xiaomi has huge long term potential in IoT - tech giant at a market cap of just $85 billion,Russia,available,False,False,True,False,True,True,True,False,False,True,False,False,True,excluded,geopolitical_crisis_financial,True,"Xiaomi (HK: 1810) is a mere 11 years old and didn't go public until 2018 - the same year they turned profitable, yet the are a well known brand and already third in global smartphone sales.

A few days ago the company delivered a pretty wicked [earnings report](https://blog.mi.com/en/2021/05/26/xiaomi-posts-record-results-as-2021-q1-revenue-and-profit-hit-historical-high-levels/) with an adjusted net profit increase of 163%. 

Two days prior I wrote a [piece](https://jesbaek.com/2021/05/23/xiaomis-future/) of how their unique 'AIoT' and 'Internet Services' strategy will eventually allow the company to make much larger profits on revenue in the future.

Xiaomi commands one of the largest product portfolios with smart enabled devices of every category. In the West we don't yet see their smartphones too often - but their robo vacuum cleaners and electric scooters (They own Ninebot and Segway) and other smart home equipment is everywhere. They are basically taking the opposite route of Google and Apple in providing the hardware before the software - which also means they currently have higher costs and lower return on revenue.

Yet they are already profitable and sit on a cash pile of 5.6 billion. About 60% of their revenue right now is however attributed to their smartphones - which are doing extremely well. Their phones receive high praise (though their Android fork is not liked by all) and offer unbeatable performance for the price. They do well in every price category and own several well known sub brands like Redmi, Poco and Blackshark. As an example Mrwhosetheboss (huge tech YT channel) picked Xiaomi brands for all top 3 spots for his best phones of 2021 out of 22.

Xiaomi holds the top spot in market share in several emerging markets: India, Russia and most of Eastern Europe and soon South America. In Scandinavia where I live, they just recently entered local carrier stores, began advertising actively and opened a local [official webshop](http://www.mistore.dk). The ban on Huawei left a HUGE gap in the European market for Xiaomi to just freely gobble up and it seems like they are doing it. Xiaomi themselves have been [removed](https://www.google.com/amp/s/www.androidauthority.com/xiaomi-us-remove-blacklist-1224721/) from a similar (but much less severe) blacklist by the US government this week as well. They do not pose the same threat as Huawei did, as they do not build infrastructure telecom equipment

There are rumors of the company designing their own SoCs (chips) in collaboration with OPPO and just last month they [invested $10 billion](https://www.cnbc.com/2021/03/30/chinas-xiaomi-to-launch-electric-car-business-and-invest-10-billion.html) into the Electric vehicle space. They already financially back Xpeng too and I think with the insane growth in the Chinese EV market they really have an opportunity to add even more value to their ecosystem integration.

The company is founded by Lei Jun and former Vice President of Google China and Zhou Gaungping then Senior Director at Motorola’s Beijing R&D Center. All three still lead the company today with Lei Jun as CEO. Xiaomi and their CEO has a huge following in China and a very dedicated loyal fan base. 

The company trades at a P/E of 23 and a share price of 28.6 HKD (~3.69 USD). The price to earnings is pretty typical for a tech stock but I think the benefits in profit of Xiaomi's strategy and investments are yet to be seen. I began buying up a few months ago and just doubled my investment after the earnings report. I will continue to buy in over atleast the next year and truly think this is a case of a company working hard for the future and with the right strategy. I saw the same patterns in Microsoft 6 years ago when Sadya Nedella took over and that position I'm up over 500%.

Please let me know what you think and if you feel like there is anything you feel like I need to address. I'm really bullish on this company and it helps balance my portfolio with exposure towards Asia. I know Chinese stocks can be effy and at least for me it was also quite the challenge to find a brokage where I could buy them.",newly_included
nnn1og,2021-05-29,stocks,I think Xiaomi has huge long term potential in IoT - tech giant at a market cap of just $85 billion,Russia,available,False,False,True,False,True,True,True,False,False,True,False,False,True,excluded,geopolitical_crisis_financial,True,"Xiaomi (HK: 1810) is a mere 11 years old and didn't go public until 2018 - the same year they turned profitable, yet the are a well known brand and already third in global smartphone sales.

A few days ago the company delivered a pretty wicked [earnings report](https://blog.mi.com/en/2021/05/26/xiaomi-posts-record-results-as-2021-q1-revenue-and-profit-hit-historical-high-levels/) with an adjusted net profit increase of 163%. 

 [Two days prior I published an article](https://jesbaek.com/2021/05/23/xiaomis-future/) of how their unique 'AIoT' and 'Internet Services' strategy will eventually allow the company to make much larger profits on revenue in the future.

Xiaomi commands one of the largest product portfolios with smart enabled devices of every category. In the West we don't yet see their smartphones too often - but their robo vacuum cleaners and electric scooters (They own Ninebot and Segway) and other smart home equipment is everywhere. They are basically taking the opposite route of Google and Apple in providing the hardware before the software - which also means they currently have higher costs and lower return on revenue.

Yet they are already profitable and sit on a cash pile of 5.6 billion. About 60% of their revenue right now is however attributed to their smartphones - which are doing extremely well. Their phones receive high praise (though their Android fork is not liked by all) and offer unbeatable performance for the price. They do well in every price category and own several well known sub brands like Redmi, Poco and Blackshark. As an example Mrwhosetheboss (huge tech YT channel) picked Xiaomi brands for all top 3 spots for his best phones of 2021 out of 22.

Xiaomi holds the top spot in market share in several emerging markets: India, Russia and most of Eastern Europe and soon South America. In Scandinavia where I live, they just recently entered local carrier stores, began advertising actively and opened a local [official webshop](http://www.mistore.dk). The ban on Huawei left a HUGE gap in the European market for Xiaomi to just freely gobble up and it seems like they are doing it. Xiaomi themselves have been [removed](https://www.google.com/amp/s/www.androidauthority.com/xiaomi-us-remove-blacklist-1224721/) from a similar (but much less severe) blacklist by the US government this week as well. They do not pose the same threat as Huawei did, as they do not build infrastructure telecom equipment

There are rumors of the company designing their own SoCs (chips) in collaboration with OPPO and just last month they [invested $10 billion](https://www.cnbc.com/2021/03/30/chinas-xiaomi-to-launch-electric-car-business-and-invest-10-billion.html) into the Electric vehicle space. They already financially back Xpeng too and I think with the insane growth in the Chinese EV market they really have an opportunity to add even more value to their ecosystem integration.

The company is founded by Lei Jun and former Vice President of Google China and Zhou Gaungping then Senior Director at Motorola’s Beijing R&D Center. All three still lead the company today with Lei Jun as CEO. Xiaomi and their CEO has a huge following in China and a very dedicated loyal fan base. 

The company trades at a P/E of 23 and a share price of 28.6 HKD (~3.69 USD). The price to earnings is pretty typical for a tech stock but I think the benefits in profit of Xiaomi's strategy and investments are yet to be seen. I began buying up a few months ago and just doubled my investment after the earnings report. I will continue to buy in over atleast the next year and truly think this is a case of a company working hard for the future and with the right strategy. I saw the same patterns in Microsoft 6 years ago when Sadya Nedella took over and that position I'm up over 500%.

Please let me know what you think and if you feel like there is anything you feel like I need to address. I'm really bullish on this company and it helps balance my portfolio with exposure towards Asia. I know Chinese stocks can be effy and at least for me it was also quite the challenge to find a brokage where I could buy them.",newly_included
nv2huz,2021-06-08,investing,"Fastly ($FSLY) network hit by outage, resulting in major sites being down earlier today. Stock down in pre-market.",Russia,available,False,False,True,False,True,True,True,False,False,True,False,False,True,excluded,geopolitical_crisis_financial,True,"https://apple.news/AcxAzVc_yTiG5Y3VKpK02lw

“U.S. equity futures turned lower Tuesday following reports of widespread outages of major global news websites, including the New York Times and Bloomberg, as well as the main internet portal of the British government.

The gov.uk website reported a '503 Service Unavailable' error message around 6:20 am Eastern time, alongside similar connection failures from sites such as The New York Times, CNN, the London Guardian, Bloomberg and the Financial Times. TheStreet was also affected by the outage, as was the main TV2 broadcaster in Denmark.

The outage follows a series of cyber attacks on U.S. companies and European agencies, including Ireland's state-controlled healthcare system, over the past few weeks. In fact, only yesterday, U.S. authorities said they had seized more than $2.3 million in ransom payments, made via Bitcoin, linked to last month's cyber attack on the Colonial Pipeline by the Russia-based network known as DarkSide.

Futures contracts tied to the Dow Jones Industrial Average, which has previously indicated a modest opening bell gain, slumped 60 points following news of the disruptions, while those linked to the S&P 500 reversed a 5 point gain to indicate an opening bell decline of 0.5 points.

Benchmark 10-year Treasury note yields also eased to 1.554% while the dollar index held its gains to trade at 90.097. 

Shares in Fastly  (FSLY) , a content delivery network provider, were marked 5.4% lower at $47.98 each amid reports that its network of proxy servers and data centers in various countries around the world were linked to the global outage.”

OP Note: As somebody whose largest single name holding is Cloudflare I woke up to these alerts about a service provider outage and was praying it wouldn’t be Cloudflare. Now that this has happened to their biggest competitor, and the last earnings call was one where Fastly missed while Cloudflare beat, could it push even more big clients and rip the scales for Cloudflare to pull away in this battle?",newly_included
obh4gv,2021-07-01,stocks,The Bear Case for Summer: A crash in the next 4-8 weeks?,Russia,available,False,False,True,False,True,True,True,False,False,True,False,False,True,excluded,geopolitical_crisis_financial,True,"Hello everyone. I present a bear case for the summer. 

I've noticed people beginning to think about the risk of an imminent crash lately on various finance and, uhh, stock-gambling subreddits. What stocks to buy in case there's a crash? Where is safe in a crash? That sort of thing. Take a look around, do some searches for 'crash' or 'bubble', you'll see it. A change in the mood. I track about 10+ finance forums every day, and I keep seeing it coming up every single day on daily threads and topic posts.

Of course, there are always people worrying about downside, the risks, and there are always people yelling the market is about to crash, perma-bears etc. ""Scared money don't make money"", and a stopped clock is right twice a day.  Why might this time be different? 

The backdrop
=====

The market is presently doing well following the idea of the 're-opening play' in addition to the free money fountain of central bank programs and government fiscal stimulus. However, I think the delta strain is going to prevent re-openings lasting more than a few weeks, and I think sentiment is going to turn sharply on that. 

Delta can often break past vaccines, unfortunately, and it spreads like absolute wildfire among the unvaccinated. Regardless, the EU and USA are opening up anyway! Given the R0 of 6 of delta, we should see very rapid spread when mask mandates, lockdown restrictions are removed, and people are socialising like crazy in the Summer of Hedonism. 

I would expect by end July to mid-August, delta will be causing very big problems pretty much everywhere in the world; it's established and spreading in 80+ countries already. Other strains are also a problem and we may see new variants of delta or entirely new strains showing up in the next 2-3 months. 

Do you think delta is the most deadly or infectious variant of covid we'll ever see? 

Consider: it's already about 2.5x faster spreading, more infectious in younger adults, more likely to cause symptomatic disease, new symptoms that can cause it to be misidentified, it has reduced the protectiveness of vaccines noticeably. If you look at the death/infections rate in covid-naive unvaccinated populations like Taiwan, it's potentially a lot more lethal too. That's how much covid 'improved' itself in the 12 months that constituted the bulk of its spread so far, and right now it's spreading (and getting lottery tickets to improve itself) in more people than ever. 

If it's not rapidly eliminated and has another 12 months to circulate, mutate, and continue getting stronger and work around vaccine antibodies, how bad might it become? Are state & national governments in the EU & US & Japan etc taking actions that would eliminate covid before it gets any stronger, or taking actions that will likely allow it to continue to spread and develop?

The Bear Case
=====

My key argument: Central bank and government stimulus programs were timed and globally synchronised on the assumption of the re-opening play throughout this summer. Taxpayer funds and central bank willingness/effectiveness may be exhausted should this continue another year - or two. Does anyone think life around the world will be back to 'business as usual' by the end of summer? Or will it be still 'the end of the beginning' as delta begins to reach the people that alpha failed to reach? The liquidity trap for central banks is also a real concern as printing continues and rates stay close to zero, added to uncertainty about the security of income in many sectors. 

The number of doses of vaccine given worldwide is about 2 billion. The number of doses required to fully vaccinate the world just once is about 16 billion. Will covid continue to circulate and improve? What about new animal strains (remember the mink in Denmark?). What will happen to the stockmarkets and consumer demand in emerging markets with low levels of vaccination? 

Even if covid magically disappeared overnight in the developed world - and it won't - how can the US & EU stockmarkets do well if most of the world is still being ruined by covid and new dangerous strains continue to emerge? 

Now consider: A CAPE10 PER of 38? - 38! good lord! (https://www.multpl.com/shiller-pe) - Government debts globally hitting dangerously high levels vs GDP in most developed countries? A struggling global supply chain? Stalled, chaotic re-opening plans? This re-opening can't afford to fail, but as delta arrives perfectly timed with summer re-openings and incomplete vaccination, how can it succeed? 

The world is already struggling where delta is well established this month.  https://www.worldometers.info/coronavirus/weekly-trends/#weekly_table . Some countries where delta is well established already: Russia, Indonesia, Bangladesh. Some countries with highly successful vaccination programs: United Kingdom, Israel, Seychelles. Sort by 'weekly case change' or 'weekly death change', ignore the small countries. Those are 'weekly' figures. Extrapolate out 6-8 weeks. 

For discussion: What do you think is going to happen here? How do you think governments will respond? How do you think the market will respond? 

Other examples
====

Consider: Taiwan, Australia, Vietnam, China, New Zealand, were successful in holding back covid for 15 months. But delta sneaked past all their defenses. Now they are engaged in various levels of restrictions to try and stop it. If they can't keep it under control, how are countries with low rates of vaccination and limited/nonexistent restrictions ever going to manage? 

And then we get into the economic costs of continuing to push hard on burned out healthcare systems, the economic costs of long covid, the economic costs of permanent damage to economies  (businesses that went bust and won't ever re-open - hospitality, tourism etc). A lot of businesses can survive a bad year. But it's been 18 months now struggling like this. How many of these businesses can survive 2, maybe 3 terrible years? How much of the economy can we afford to lose before we have a really serious crisis on our hands or permanent economic damage?

Too much like feb 2020
======

To me the whole situation today rhymes far too much with the sentiment and backdrop in February 2020. A deadly strain spreading. Market hitting new highs. Too many big countries not taking it seriously, Asia & ANZ making a serious desperate attempt to stop it spiralling out of control.

The main difference with the February 2020 scenario? We're starting from a far, far, far higher point of stockmarket valuation (the SP500 is not just 'expensive', it's at the 2nd highest point of valuation ever, per CAPE10, and the highest ever in terms of broker margin, buffett ratio). 

The investor backdrop is bubbling hyper-bullish sentiment and outright gambling on most forums, manias and pump/dumps erupting multiple times a day, and bearly [!] an inkling of bearishness. Yet we're going forward from here with companies AND consumers AND governments AND central banks that have taken a balance-sheet beating for the last 15 months. We're looking at a far more deadly strain of disease that spreads faster, hits harder. We're looking at governments that have already burned out the political support and willingness-to-suffer of their populations.

This is not a recipe for success. This is a recipe for March 2020... on steroids. 

Some counter-arguments against my case
=========

> ""The vaccines are effective and will bring covid to a halt"". 

By definition, disease with a natural R>3 will continue to circulate even if vaccines are 66% effective against infection and 100% of the population is fully vaccinated. Contrast: The R of delta is around 6, the effectiveness of one of the best vaccines (AZN) is around 60%, and barely a handful of countries will have fully-vaccinated rates above 50% by the end of summer. 

> ""Well, OK, vaccines won't stop it, but they will stop people dying of it. That's what matters. We don't lockdown for 20000 flu deaths/year.""

What we are seeing from delta is that AZN & PFE/MDNA vaccines are **extremely** effective at preventing death generally, though less so in older people or immunocompromised people. I have read that a fully vaccinated 80 y/o has about the same chances vs covid as an unvaccinated 50 y/o, but I don't have the source to hand right now; sounds about right though. 

Vaccines aren't nearly so effective at stopping someone spreading covid to vulnerable members of their family. While vaccines have a wonderful effect in reducing hospitalisations too, delta hits hard and spreads fast, so hospitals are already beginning to get quite busy again as a result. The problem is that this means regular hospital operation is going to be affected. If you have a hospital full of ultra-hyper-contagious-but-not-deadly plague, you can't be doing regular surgeries etc. So people will unfortunately die from that, from delayed surgeries etc, specialities on hold to help out in the covid wards. Flu has an R around 1.5 and it slams the hospital system hard every year. An ongoing (and worsening into the end of the year) slamming of the hospital system with a mostly-non-lethal-but-still-needs-oxygen/vent disease, that spreads between wards with an R of 6, that is a different matter. There's also the issue that e.g. teachers, retail, dentists, doctors, hospital staff are simply exhausted and emotionally burned out from dealing with this. The systems are under a huge amount of pressure as it is even today. It isn't realistic to expect governments to keep saying 'tough shit', all the public 'ignoring' covid all around, while these sectors crumble under the pressure.   

> ""Regardless of whether it spreads, or whether people are dying, no matter how bad it gets, governments will simply not lock down again. End of story.""

We saw in Sweden last year that if governments fail to enact a lockdown, a large part of the public will do it themselves anyway. And many businesses cannot operate at full productivity if workers keep falling ill and ending up long-term sick or in hospital, even if those workers remain alive. Many businesses cannot profitably operate on 30-50% custom. Ultimately, democratic governments cannot force you to go out and get slammed by a deadly plague providing you have enough money in the bank to avoid it. The retail & hospitality economy will not prosper if the only people out shopping/eating/holidaying are those unable to afford the luxury of hiding at home from a massive covid outbreak. 

https://www.reuters.com/article/health-coronavirus-sweden-retail-idUSL5N2BX1EK

Random things
====

Remember, whether it's 1987 or 2020, you don't get a warning before the rug gets pulled from under your feet. A trip down memory lane. https://pbs.twimg.com/media/ES4uVEcXsAEqZkT?format=jpg&name=4096x4096 . https://www.bbc.co.uk/news/business-51829852 . Not that long ago, really?

Also - ""Be Fearful When Others Are Greedy"", the sage wrote. But what does **greedy** look like? Does it look like 'my stock is worth $1m/share'? No. **Greedy** looks like this: smart, sensible, sane people saying things like 'well OK, sure this market seems pretty weird, idiots being stupid, but the music's still playing, and I think there's still time to skim a quick 5-10% and get out before it all falls apart. There will be a bit of warning before shit hits the fan; I'll run for the exit when I see it'. 

The steamroller has arrived, it is right there, towering over them, but still their eyes are on the pennies on the ground, even though they know they ought to know better. But it hasn't started squishing ... yet. Then the moment arrives, and the door for everyone to get out is...  so very narrow. Painfully mixed metaphors but you see my point. 

Finally
===

Disclosure; I am now completely out of the market.

Some further material for thought:  https://www.gmo.com/europe/research-library/waiting-for-the-last-dance/

A closing note: every day, the next major stockmarket crash always gets one day closer. It's like the theta decay on a long-dated option whose expiry date is a secret. Hardly there at all for months or years, the signal lost in the noise, then suddenly, it arrives, it's the day, and everything is gone at once. 

Stay safe everyone, get your vaccines, and don't catch the plague. The zero-th rule of making money is: be alive to enjoy it.

p.s. If you think what I've written is wrong/stupid fair enough but  don't downvote this purely because you are currently long in the market and don't like seeing bearish sentiment. I would very much welcome thoughtful & evidence-based criticism of what I'm presenting here. I would love to be wrong about this.",newly_included
od5uhw,2021-07-03,investing,The Bear Case for Summer: A crash in the next 4-8 weeks?,Russia,available,False,False,True,False,True,True,True,False,False,True,False,False,True,excluded,geopolitical_crisis_financial,True,"Hello everyone. I present a bear case for the summer. I have previously posted this on /r/stocks a few days ago and would be interested to see if there are any differences in how people respond to it here. 

I would be particularly interested to hear any views from people with a background in: commodities, real estate, bonds, SME/small businesses, professionals in specific sectors, about what they think will happen in their markets if events do or don't play out as I discuss here. 

Disclosure: I was about 90% long in the stockmarket until mid-June, now I have no positions long or short.

To save a lot of wasted time: 'stopped clock', 'permabears', 'wall of worry', 'so many posts about crashes these days'. Sure. Let's be clear that I'm not arguing that we deserve a random valuation-driven crash taking place some day in the style of Greenspan's 'irrational exhuberance' speech (we probably do deserve that, but I'm not arguing it here).

I'm talking about either a) an event-driven crash with a specific cause within a short, specific timeframe, against a backdrop of high valuations (like March 2020)    OR   b) a longer valuation-driven crash being initiated/catalysed by the aforementioned specific event-driven crash (like the GFC was catalysed by events like  e.g. credit market locking up, bear stearns/lehman brothers failures etc).

Thank you for your patience and interest, please enjoy the read and share your thoughts below.

----

The Bear Case for Summer: A crash in the next 4-8 weeks?
=====

I've noticed people beginning to think about the risk of an imminent crash lately on various finance and, uhh, stock-gambling subreddits. What stocks to buy in case there's a crash? Where is safe in a crash? That sort of thing. Take a look around, do some searches for 'crash' or 'bubble', you'll see it. A change in the mood. I track about 10+ finance forums every day, and I keep seeing it coming up every single day on daily threads and topic posts.

Of course, there are always people worrying about downside, the risks, and there are always people yelling the market is about to crash, perma-bears etc. ""Scared money don't make money"", and a stopped clock is right twice a day.  Why might this time be different? 

The backdrop
=====

The market is presently doing well following the idea of the 're-opening play' in addition to the free money fountain of central bank programs and government fiscal stimulus. However, I think the delta strain is going to prevent re-openings lasting more than a few weeks, and I think sentiment is going to turn sharply on that. 

Delta can often break past vaccines, unfortunately, and it spreads like absolute wildfire among the unvaccinated. Regardless, the EU and USA are opening up anyway! Given the R0 of 6 of delta, we should see very rapid spread when mask mandates, lockdown restrictions are removed, and people are socialising like crazy in the Summer of Hedonism. 

I would expect by end July to mid-August, delta will be causing very big problems pretty much everywhere in the world; it's established and spreading in 80+ countries already. Other strains are also a problem and we may see new variants of delta or entirely new strains showing up in the next 2-3 months. 

Do you think delta is the most deadly or infectious variant of covid we'll ever see? 

Consider: it's already about 2.5x faster spreading, more infectious in younger adults, more likely to cause symptomatic disease, new symptoms that can cause it to be misidentified, it has reduced the protectiveness of vaccines noticeably. If you look at the death/infections rate in covid-naive unvaccinated populations like Taiwan, it's potentially a lot more lethal too. That's how much covid 'improved' itself in the 12 months that constituted the bulk of its spread so far, and right now it's spreading (and getting lottery tickets to improve itself) in more people than ever. 

If it's not rapidly eliminated and has another 12 months to circulate, mutate, and continue getting stronger and work around vaccine antibodies, how bad might it become? Are state & national governments in the EU & US & Japan etc taking actions that would eliminate covid before it gets any stronger, or taking actions that will likely allow it to continue to spread and develop?

The Bear Case
=====

My key argument: Central bank and government stimulus programs were timed and globally synchronised on the assumption of the re-opening play throughout this summer. Taxpayer funds and central bank willingness/effectiveness may be exhausted should this continue another year - or two. Does anyone think life around the world will be back to 'business as usual' by the end of summer? Or will it be still 'the end of the beginning' as delta begins to reach the people that alpha failed to reach? The liquidity trap for central banks is also a real concern as printing continues and rates stay close to zero, added to uncertainty about the security of income in many sectors. 

The number of doses of vaccine given worldwide is about 2 billion. The number of doses required to fully vaccinate the world just once is about 16 billion. Will covid continue to circulate and improve? What about new animal strains (remember the mink in Denmark?). What will happen to the stockmarkets and consumer demand in emerging markets with low levels of vaccination? 

Even if covid magically disappeared overnight in the developed world - and it won't - how can the US & EU stockmarkets do well if most of the world is still being ruined by covid and new dangerous strains continue to emerge? 

Now consider: A CAPE10 PER of 38? - 38! good lord! (https://www.multpl.com/shiller-pe) - Government debts globally hitting dangerously high levels vs GDP in most developed countries? A struggling global supply chain? Stalled, chaotic re-opening plans? This re-opening can't afford to fail, but as delta arrives perfectly timed with summer re-openings and incomplete vaccination, how can it succeed? 

The world is already struggling where delta is well established this month.  https://www.worldometers.info/coronavirus/weekly-trends/#weekly_table . Some countries where delta is well established already: Russia, Indonesia, Bangladesh. Some countries with highly successful vaccination programs: United Kingdom, Israel, Seychelles. Sort by 'weekly case change' or 'weekly death change', ignore the small countries. Those are 'weekly' figures. Extrapolate out 6-8 weeks. 

For discussion: What do you think is going to happen here? How do you think governments will respond? How do you think the market will respond? 

Other examples
====

Consider: Taiwan, Australia, Vietnam, China, New Zealand, were successful in holding back covid for 15 months. But delta sneaked past all their defenses. Now they are engaged in various levels of restrictions to try and stop it. If they can't keep it under control, how are countries with low rates of vaccination and limited/nonexistent restrictions ever going to manage? 

And then we get into the economic costs of continuing to push hard on burned out healthcare systems, the economic costs of long covid, the economic costs of permanent damage to economies  (businesses that went bust and won't ever re-open - hospitality, tourism etc). A lot of businesses can survive a bad year. But it's been 18 months now struggling like this. How many of these businesses can survive 2, maybe 3 terrible years? How much of the economy can we afford to lose before we have a really serious crisis on our hands or permanent economic damage?

Too much like feb 2020
======

To me the whole situation today rhymes far too much with the sentiment and backdrop in February 2020. A deadly strain spreading. Market hitting new highs. Too many big countries not taking it seriously, Asia & ANZ making a serious desperate attempt to stop it spiralling out of control.

The main difference with the February 2020 scenario? We're starting from a far, far, far higher point of stockmarket valuation (the SP500 is not just 'expensive', it's at the 2nd highest point of valuation ever, per CAPE10, and the highest ever in terms of broker margin, buffett ratio). 

The investor backdrop is bubbling hyper-bullish sentiment and outright gambling on most forums, manias and pump/dumps erupting multiple times a day, and bearly [!] an inkling of bearishness. Yet we're going forward from here with companies AND consumers AND governments AND central banks that have taken a balance-sheet beating for the last 15 months. We're looking at a far more deadly strain of disease that spreads faster, hits harder. We're looking at governments that have already burned out the political support and willingness-to-suffer of their populations.

This is not a recipe for success. This is a recipe for March 2020... on steroids. 

Some counter-arguments against my case
=========

> ""The vaccines are effective and will bring covid to a halt"". 

By definition, disease with a natural R>3 will continue to circulate even if vaccines are 66% effective against infection and 100% of the population is fully vaccinated. Contrast: The R of delta is around 6, the effectiveness of one of the best vaccines (AZN) is around 60%, and barely a handful of countries will have fully-vaccinated rates above 50% by the end of summer. 

> ""Well, OK, vaccines won't stop it, but they will stop people dying of it. That's what matters. We don't lockdown for 20000 flu deaths/year.""

What we are seeing from delta is that AZN & PFE/MDNA vaccines are **extremely** effective at preventing death generally, though less so in older people or immunocompromised people. I have read that a fully vaccinated 80 y/o has about the same chances vs covid as an unvaccinated 50 y/o, but I don't have the source to hand right now; sounds about right though. 

Vaccines aren't nearly so effective at stopping someone spreading covid to vulnerable members of their family. While vaccines have a wonderful effect in reducing hospitalisations too, delta hits hard and spreads fast, so hospitals are already beginning to get quite busy again as a result. The problem is that this means regular hospital operation is going to be affected. If you have a hospital full of ultra-hyper-contagious-but-not-deadly plague, you can't be doing regular surgeries etc. So people will unfortunately die from that, from delayed surgeries etc, specialities on hold to help out in the covid wards. Flu has an R around 1.5 and it slams the hospital system hard every year. An ongoing (and worsening into the end of the year) slamming of the hospital system with a mostly-non-lethal-but-still-needs-oxygen/vent disease, that spreads between wards with an R of 6, that is a different matter. There's also the issue that e.g. teachers, retail, dentists, doctors, hospital staff are simply exhausted and emotionally burned out from dealing with this. The systems are under a huge amount of pressure as it is even today. It isn't realistic to expect governments to keep saying 'tough shit', all the public 'ignoring' covid all around, while these sectors crumble under the pressure.   

> ""Regardless of whether it spreads, or whether people are dying, no matter how bad it gets, governments will simply not lock down again. End of story.""

We saw in Sweden last year that if governments fail to enact a lockdown, a large part of the public will do it themselves anyway. And many businesses cannot operate at full productivity if workers keep falling ill and ending up long-term sick or in hospital, even if those workers remain alive. Many businesses cannot profitably operate on 30-50% custom. Ultimately, democratic governments cannot force you to go out and get slammed by a deadly plague providing you have enough money in the bank to avoid it. The retail & hospitality economy will not prosper if the only people out shopping/eating/holidaying are those unable to afford the luxury of hiding at home from a massive covid outbreak. 

https://www.reuters.com/article/health-coronavirus-sweden-retail-idUSL5N2BX1EK

Random things
====

Remember, whether it's 1987 or 2020, you don't get a warning before the rug gets pulled from under your feet. A trip down memory lane. https://pbs.twimg.com/media/ES4uVEcXsAEqZkT?format=jpg&name=4096x4096 . https://www.bbc.co.uk/news/business-51829852 . Not that long ago, really?

Also - ""Be Fearful When Others Are Greedy"", the sage wrote. But what does **greedy** look like? Does it look like 'my stock is worth $1m/share'? No. **Greedy** looks like this: smart, sensible, sane people saying things like 'well OK, sure this market seems pretty weird, idiots being stupid, but the music's still playing, and I think there's still time to skim a quick 5-10% and get out before it all falls apart. There will be a bit of warning before shit hits the fan; I'll run for the exit when I see it'. 

The steamroller has arrived, it is right there, towering over them, but still their eyes are on the pennies on the ground, even though they know they ought to know better. But it hasn't started squishing ... yet. Then the moment arrives, and the door for everyone to get out is...  so very narrow. Painfully mixed metaphors but you see my point. 

Finally
===

Some further material for thought:  https://www.gmo.com/europe/research-library/waiting-for-the-last-dance/

A closing note: every day, the next major stockmarket crash always gets one day closer. It's like the theta decay on a long-dated option whose expiry date is a secret. Hardly there at all for months or years, the signal lost in the noise, then suddenly, it arrives, it's the day, and everything is gone at once. 

Stay safe everyone, get your vaccines, and don't catch the plague. The zero-th rule of making money is: be alive to enjoy it.

p.s. Please don't downvote this simply because you are currently long in the market / feeling bullish and don't like seeing bearish sentiment. I would very much welcome thoughtful & evidence-based criticism of what I'm presenting here. I would love to be wrong about this.",newly_included
ouyk6c,2021-07-31,StockMarket,"Wall Street Week Ahead for the trading week beginning August 2nd, 2021",Russia,available,False,False,True,False,True,True,True,False,False,True,False,False,True,excluded,geopolitical_crisis_financial,True,"Good Friday evening to all of you here on r/StockMarket. I hope everyone on this sub made out pretty nicely in the market this past week, and is ready for the new trading week & month ahead.

Here is everything you need to know to get you ready for the trading week beginning August 2nd, 2021.

# **July jobs report could be what gives the market its next big jolt in the week ahead - [(Source)](https://www.cnbc.com/2021/07/30/july-jobs-report-could-be-what-gives-the-market-its-next-big-jolt-in-the-week-ahead.html)**
*****
> Friday’s jobs report could be a catalyst that helps determine whether markets are volatile or will trade like it’s the quiet dog days of August.
*****
> More than a quarter of the S&P 500 report earnings in the coming week. The calendar includes companies in sectors such as consumer staples, insurance, pharma, travel and media. From Booking Holdings to ViacomCBS, Wayfair and Kellogg, investors will be watching to see what companies say about reopening activity, supply chain disruptions and rising costs.
*****
> “I think as much as 85% of the companies which are reporting earnings mentioned inflation on their earnings calls,” Franklin Templeton Fixed Income chief investment officer Sonal Desai said. “Inflation may not be a problem to policymakers and financial markets, which seem not to be concerned at all. It does seem to bother the people who have to buy stuff or people who produce stuff.”
*****
> # The jobs factor
> The Federal Reserve has said the sharp jump in inflation is just temporary, and many investors appear to be taking it in stride for now. The market is intensely focused on the central bank’s other mandate: the labor market. Fed Chairman Jerome Powell said Wednesday he would like to see strong jobs reports before winding down the central bank’s $120 billion a month bond-buying program.
*****
> The U.S. Bureau of Labor Statistics will release the July employment report on the morning of Friday, Aug. 6. It’s expected to show 788,000 nonfarm payrolls, down from 850,000 in June, according to Dow Jones. The unemployment rate is expected to dip to 5.7% from 5.9%. Average hourly wages are expected to rise 3.9% year over year.
*****
> Ironsides Macroeconomics director of research Barry Knapp said he expects the next two monthly jobs reports will be strong, and the Fed should then be ready to announce in September that it is ready to start the slow unwind of its bond purchasing program.
*****
> That is an important step since it would be the first real move away from the central bank’s easy policies that were put in place in the pandemic. It would also mean the Fed would be open to raising interest rates once the tapering is completed.
*****
> # Game changer for markets
> “Friday could be a game changer,” Knapp said of the employment report. Before that, he expects stocks to trade in a narrow range.
*****
> If the number of jobs added in July is much higher than expected, at more than 1 million, Knapp said the market could immediately sell off on the idea the Fed would be ready to pare back its bond purchases.
*****
> If the number is weaker than expected, the market could rally. “We are in a dead period after earnings, with concerns about the pace of the reopening. It’s still a bit of a question mark. The bias would be higher after a weak number. ... Bad is good. Good is bad,” said Knapp.
*****
> Like some other strategists, he expects to see a stock market correction, possibly later this summer.
*****
> “I’m in the camp where I think we’re going to have our first major correction.” Knapp said. “What we’re likely to get is at least 10% or more. ... It could really happen when they [Fed officials] make the announcement in September.”
*****
> Wilmington Trust chief economist Luke Tilley said he expects just 350,000 jobs, based on the high frequency data he watches.
*****
> “We think the run rate is about 500,000 jobs. Last month seems a little bit overcooked,” he said.
*****
> # Reflation trade
> The S&P 500 was down 0.4% in the past week, finishing at 4,395, while the Nasdaq lost even more , down 1.1% at 14,672.
*****
> Cyclical stocks were among the best performers. Materials jumped 2.8% in the week, and energy shares were up 1.6%. Financials gained 0.7%. But tech fell 0.7%.
*****
> Knapp said it now makes sense to hold stocks that are in the reflation trade, such as energy, industrials or materials.
*****
> The surge in the delta variant of the coronavirus has become a worry among investors and has been a factor holding down interest rates. The 10-year yield, which moves opposite price, has held at low levels and was at 1.23% on Friday, amid concern that the delta variant of the coronavirus could slow growth.
*****
> Investors will be watching other important data in the coming week, including the Institute for Supply Management’s manufacturing data Monday, and jobless claims and trade data Thursday.
*****
> # The China trade
China was also a dominant market story in the past week and could continue to be. Hong Kong’s Hang Seng Index fell 5% for the week. Chinese regulators continued their crackdown on internet companies, publicly traded education companies and other industries.
*****
> Strategists say Beijing is trying to reclaim its biggest companies as its own and turn them away from listings in foreign markets. Officials were particularly upset with Didi Global which reportedly went public even after being warned not to by Beijing.
*****
> Chinese regulators reportedly spoke with international banks after their actions sparked a wave of selling in internet stocks and the broader Chinese stock market. The regulators said companies could continue to go public in the U.S. if they met listing requirements.
*****
> “We will continue to see regulators try to calm the waters. I would say this was a communications misstep,” said Franklin Templeton’s Desai. “You don’t have massive swings without having negative impact.” She added it sent ripples through emerging markets.
*****
> “This is China trying to gain control, and they tried to do it in a very heavy way, and they were surprised at the backlash,” Desai said.
*****
> The KraneShares CSI China Internet ETF has lost about half its value from its peak in February, and was down another 2.6% Friday.
*****
> Internet retailer Alibaba is one of the ETF’s top holdings. The company is expected to announce earnings on Tuesday.
*****

# **This past week saw the following moves in the S&P:**
###### **([CLICK HERE FOR THE FULL S&P TREE MAP FOR THE PAST WEEK!](https://i.imgur.com/eQ4pMub.png))**

# **S&P Sectors for this past week:**
###### **([CLICK HERE FOR THE S&P SECTORS FOR THE PAST WEEK!](https://i.imgur.com/vhlrMce.png))**

# **Major Indices for this past week:**
###### **([CLICK HERE FOR THE MAJOR INDICES FOR THE PAST WEEK!](https://i.imgur.com/RRSF7cS.png))**

# **Major Futures Markets as of Friday's close:**
###### **([CLICK HERE FOR THE MAJOR FUTURES INDICES AS OF FRIDAY!](https://i.imgur.com/hTKiEb3.png))**

# **Economic Calendar for the Week Ahead:**
###### **([CLICK HERE FOR THE FULL ECONOMIC CALENDAR FOR THE WEEK AHEAD!](https://i.imgur.com/YrCuf8W.png))**

# **Percentage Changes for the Major Indices, WTD, MTD, QTD, YTD as of Friday's close:**
###### **([CLICK HERE FOR THE CHART!](https://i.imgur.com/fZKzJfU.png))**

# **S&P Sectors for the Past Week:**
###### **([CLICK HERE FOR THE CHART!](https://i.imgur.com/59nY5gO.png))**

# **Major Indices Pullback/Correction Levels as of Friday's close:**
###### **([CLICK HERE FOR THE CHART!](https://i.imgur.com/flIRmSl.png))**

# **Major Indices Rally Levels as of Friday's close:**
###### **([CLICK HERE FOR THE CHART!](https://i.imgur.com/ZpaVwYn.png))**

# **Most Anticipated Earnings Releases for this week:**
###### **([CLICK HERE FOR THE CHART!](https://i.imgur.com/GB7yn3W.png))**

# **Here are the upcoming IPO's for this week:**
###### **([CLICK HERE FOR THE CHART!](https://i.imgur.com/5r4Hlqm.png))**

# **Friday's Stock Analyst Upgrades & Downgrades:**
###### **([CLICK HERE FOR THE CHART LINK #1!](https://i.imgur.com/L68F4GF.png))**
###### **([CLICK HERE FOR THE CHART LINK #2!](https://i.imgur.com/VocjXSz.png))**
###### **([CLICK HERE FOR THE CHART LINK #3!](https://i.imgur.com/oDsO8vO.png))**

*****

> # August has been a dangerous month for the market

> August is the worst DJIA, S&P 500, Russell 1000 and Russell 2000 month over the last 33 years, 1988-2020 with average declines ranging from 0.4% by Russell 2000 to 0.8% by DJIA. For NASDAQ August ranks second worst over the same period with an average gain of 0.2%.

> Contributing to this poor performance since 1987; the second shortest bear market in history (45 days) caused by turmoil in Russia, the Asian currency crisis and the Long-Term Capital Management hedge fund debacle ending August 31, 1998 with the DJIA shedding 6.4% that day. DJIA dropped a record 1344.22 points for the month, off 15.1%—which is the second worst monthly percentage DJIA loss since 1950. Saddam Hussein triggered a 10.0% slide in August 1990. Sizeable losses in 2010, 2011, 2013 and 2015 of over 4% on DJIA have widened Augusts’ average decline.

> In post-election years, Augusts’ rankings are little changed. August is the worst month for DJIA and Russell 1000 and second worst for S&P 500, NASDAQ and Russell 2000. Average declines in post-election year Augusts swell to 0.8% by Russell 2000 to 1.7% by DJIA. Each index has also seen more declining post-election year Augusts than positive.

> ###### **([CLICK HERE FOR THE CHART!](https://64.media.tumblr.com/78fd9b0e8110b9d2e779ce650c18cd79/3293cb0a1c43f61d-02/s400x600/92f8c448cdafe2c1f033ccdad8bd7b3461f26a66.jpg))**

*****

> # Modern 4-Year Cycle Theory Approaching Near Term High

> ###### **([CLICK HERE FOR THE CHART!](https://64.media.tumblr.com/e7c3175df9fa85b593af70440d79c62f/b5c96d0e540e1659-24/s500x750/5c976a9f3f233c0795ead0a363cd399469eab8e2.jpg))**

> Despite the recent uptick in volatility and today’s drop the S&P 500% is up 17.2% year-to-date. This is right in line with our 2021 Annual Forecast best case scenario made last December. Our updated outlook is for S&P 500 to finish the year in the 4300-4500 range or even higher.

> However, as you can see in the chart of the Modern 4-Year Presidential Election Cycle we are due for a pause over the next couple of months before the rally resumes in the September/October timeframe. This illustration of the average 4-year cycle uses the S&P 500 back to 1949, which is the first full cycle post-WWII vs. other comparisons that use the Dow back 125 years to 1896.

> We feel the more recent dataset is a better representation of the modern cycle where post-election years have been better and election years weaker – impacted by the undecided election in 2000 and the financial crisis of 2008. Midterm years are still lackluster with propensity for the significant bottoms and pre-election years are still the tops.

> This creates the sweet spot of the 4-year cycle from Q4 in the midterm year through Q2 in the pre-election year. From the midterm low to the pre-election year high DJIA averages a 45% gain since 1950 and NASDAQ averages a 70% gain since 1974.

*****

> # Neutral Sentiment Surge Continues

> The AAII's weekly sentiment survey saw an equal percentage (30.6%) of respondents report as bullish and bearish last week. This week saw a much more optimistic pivot as 36.2% of respondents reported bullish sentiment. While higher, bullish sentiment is still at one of the lowest levels since last fall. At 36.2%, bullish sentiment is also now just below the historical average of 38%. While the AAII reading on bullish sentiment was higher but still muted, the Investors Intelligence survey of newsletter writers showed bullish sentiment fall 8.1 percentage points to 53.1%. While that is not a particularly low reading (the lowest since only the end of May), it was the largest one week decline since October 2019. In other words, bullish sentiment is not necessarily collapsing, but it has lost some footing.

> ###### **([CLICK HERE FOR THE CHART!](https://media.bespokepremium.com/uploads/2021/07/072921-AAII-Bull.png))**

> With more bulls in the AAII survey, fewer respondents reported bearish sentiment. In fact, less than a quarter of investors reported bearish sentiment this week. That is down 6.5 percentage points from the prior week; the largest one-week decline since a 6.6 percentage point decline in the first week of June.

> ###### **([CLICK HERE FOR THE CHART!](https://media.bespokepremium.com/uploads/2021/07/072921-AAII-Bear.png))**

> The inverse moves in bullish and bearish sentiment resulted in the bull-bear spread to rise 12.1 points. While off the lows, it is still not as strong of a reading as has been seen for most of this year. In fact, the current reading is 5.5 points below the average since the start of the year.

> ###### **([CLICK HERE FOR THE CHART!](https://media.bespokepremium.com/uploads/2021/07/072921-AAII-Spread.png))**

> The most impressive sentiment reading this week was neutral sentiment. Over the past four weeks, neutral sentiment has risen 10.5 percentage points without a single decline in that time. That is the biggest four-week rise since mid-May when it had risen 14.9 percentage points. Now as the predominant sentiment with just below 40% of respondents reporting as such, neutral sentiment is at the highest level since the first week of 2020 when this reading was 1.2 percentage points higher.

> ###### **([CLICK HERE FOR THE CHART!](https://media.bespokepremium.com/uploads/2021/07/072921-AAII-Neutral.png))**

*****

> # Services Consumption Lifts GDP Growth

> Lofty expectations for second quarter gross domestic product (GDP) growth were left somewhat wanting as a decent headline number fell short of expectations. Peering under the hood, though, we think this is still a fairly solid report.

> The Bureau of Economic Analysis released its preliminary estimate for second quarter GDP this morning, showing the U.S. economy grew at a 6.5% annualized pace against the Bloomberg median forecast for 8.4%. While this represented a small acceleration from the first quarter’s 6.3% pace, investors viewed the headline number as a mild disappointment in light of the heightened expectations. The composition of the growth, though, largely reinforces the prevailing narratives of a strong consumer juxtaposed with supply chain bottlenecks, restricting growth.

> “The positive takeaway from today’s report is that we are clearly seeing a rebound in the in-person consumption of services,” said LPL Financial Chief Investment Strategist Ryan Detrick. “This indicates a confidence by consumers to reengage with the parts of the economy beaten down most by COVID, and continued momentum here will be key if we are to see the consumer continue to power overall growth.”

> As seen in the LPL Chart of the day, the US consumer continued to do the heavy lifting, offsetting weakness in most other major GDP components.

> ###### **([CLICK HERE FOR THE CHART!](https://i0.wp.com/lplresearch.com/wp-content/uploads/2021/07/7.29.21-Blog-1-Chart-1.png?ssl=1))**

> Business fixed investment came in strong and demonstrated business’ attempts to ramp up output to meet surging demand. Residential investment had a more predictable decline, as well-documented labor shortages and high materials costs are restricting new projects. The volatile inventory components, though, did represent a drag.

> Looking forward, we expect continued growth in the third quarter but with a different composition. Consumer spending should still be respectable, but likely will recede a bit due to the fading impact of past government transfer payments. New momentum in services as in-person commerce picks up should continue under the hood. Picking up the slack; though, business investment should continue to recover, and net exports may improve as the rest of the world plays catch-up to the U.S. in their recoveries, consuming more of our goods and services. Government spending and inventories also both have favorable outlooks.

> The Delta variant of COVID-19 presents a risk to the outlook, but we see strong reason to remain optimistic. The U.S. is lagging the U.K. in its exposure to the Delta variant, and if we model our trajectory after theirs, which obviously is an imperfect comparison, we expect to see a peak in cases in the coming weeks. In fact, the U.K. is already on a strong path to recovery despite doomsday headlines. Domestically, COVID-19 cases are spiking in areas with the lowest vaccination rates. But, there is evidence that these are also the states experiencing the highest uptick in new vaccinations, which should help self-correct the trends. Positivity rates can be thought of as the fastest-twitch indicator, with hospitalization trends following in the ensuing weeks. Through that lens we see that some of the hardest hit states may have already seen their positivity rates peak.

> We upgraded our 2021 forecast for U.S. real GDP growth earlier this year from 5–5.5% to 6.25–6.75%, and while there are sure to be bumps along the way, we expect to see the economy continue growing at a strong pace as activity further normalizes over the course of the year.

*****

# **STOCK MARKET VIDEO: Stock Market Analysis Video for Week Ending July 30th, 2021** 
###### **([CLICK HERE FOR THE YOUTUBE VIDEO!](https://www.youtube.com/watch?v=mwcjDvdRk00))**

# **STOCK MARKET VIDEO: ShadowTrader Video Weekly 8.1.21**
###### **([CLICK HERE FOR THE YOUTUBE VIDEO!](https://www.youtube.com/watch?v=L8T57sD3rAE))**

*****

Here are the most notable companies (tickers) reporting earnings in this upcoming trading week ahead-

*****

> * (**$BABA $SQ $ROKU $MRNA $CRSR $DKNG $GM $ON $RACE $UBER $ETSY $SAND $SKLZ $PENN $CVS $FSLY $ET $SPCE $BP $COP $UAA $VIAC $ATVI $GPN $BNGO $ARCB $CRNT $MRO $TTWO $LLY $FANG $HIMX $NXPI $CLX $SPWR $OXY $NET $NKLA $RIG $FVRR $TGTX**)

*****

###### **([CLICK HERE FOR NEXT WEEK'S MOST NOTABLE EARNINGS RELEASES!](https://i.imgur.com/GB7yn3W.png))**
###### **([CLICK HERE FOR NEXT WEEK'S HIGHEST VOLATILITY EARNINGS RELEASES!](https://i.imgur.com/TQmsBSu.png))**
###### **([CLICK HERE FOR THE MOST ANTICIPATED EARNINGS RELEASES FOR THE NEXT 2 WEEKS!](https://i.imgur.com/Gzq3pvf.jpg))**
###### **([CLICK HERE FOR THE MOST ANTICIPATED EARNINGS RELEASES BEFORE MONDAY'S MARKET OPEN!](https://i.imgur.com/6Fs8mPV.jpg))**


*****

Below are some of the notable companies coming out with earnings releases this upcoming trading week ahead which includes the date/time of release & consensus estimates courtesy of Earnings Whispers:

*****

> # ***Monday 8.2.21 Before Market Open:***
> ###### ([CLICK HERE FOR MONDAY'S PRE-MARKET EARNINGS TIME & ESTIMATES!](https://i.imgur.com/ZWp8OaE.png))

> # ***Monday 8.2.21 After Market Close:*** 
> ###### ([CLICK HERE FOR MONDAY'S AFTER-MARKET EARNINGS TIME & ESTIMATES LINK #1!](https://i.imgur.com/ohdyr9p.png))
> ###### ([CLICK HERE FOR MONDAY'S AFTER-MARKET EARNINGS TIME & ESTIMATES LINK #2!](https://i.imgur.com/slHJD4Q.png))

*****

> # ***Tuesday  8.3.21 Before Market Open:***
> ###### ([CLICK HERE FOR TUESDAY'S PRE-MARKET EARNINGS TIME & ESTIMATES LINK #1!](https://i.imgur.com/1zkKsVE.png))
> ###### ([CLICK HERE FOR TUESDAY'S PRE-MARKET EARNINGS TIME & ESTIMATES LINK #2!](https://i.imgur.com/WAATOMk.png))
> ###### ([CLICK HERE FOR TUESDAY'S PRE-MARKET EARNINGS TIME & ESTIMATES LINK #3!](https://i.imgur.com/xh7l5Zv.png))

> # ***Tuesday 8.3.21 After Market Close:*** 
> ###### ([CLICK HERE FOR TUESDAY'S AFTER-MARKET EARNINGS TIME & ESTIMATES LINK #1!](https://i.imgur.com/e0sMEnG.png))
> ###### ([CLICK HERE FOR TUESDAY'S AFTER-MARKET EARNINGS TIME & ESTIMATES LINK #2!](https://i.imgur.com/2IwGNKM.png))
> ###### ([CLICK HERE FOR TUESDAY'S AFTER-MARKET EARNINGS TIME & ESTIMATES LINK #3!](https://i.imgur.com/cW7zxea.png))

*****

> # ***Wednesday 8.4.21 Before Market Open:*** 
> ###### ([CLICK HERE FOR WEDNESDAY'S PRE-MARKET EARNINGS TIME & ESTIMATES LINK #1!](https://i.imgur.com/jqS9aXG.png))
> ###### ([CLICK HERE FOR WEDNESDAY'S PRE-MARKET EARNINGS TIME & ESTIMATES LINK #2!](https://i.imgur.com/Rp9cJXU.png))

> # ***Wednesday 8.4.21 After Market Close:*** 
> ###### ([CLICK HERE FOR WEDNESDAY'S AFTER-MARKET EARNINGS TIME & ESTIMATES LINK #1!](https://i.imgur.com/tgLqTTK.png))
> ###### ([CLICK HERE FOR WEDNESDAY'S AFTER-MARKET EARNINGS TIME & ESTIMATES LINK #2!](https://i.imgur.com/ZBTMpeg.png))
> ###### ([CLICK HERE FOR WEDNESDAY'S AFTER-MARKET EARNINGS TIME & ESTIMATES LINK #3!](https://i.imgur.com/mt44H8d.png))
> ###### ([CLICK HERE FOR WEDNESDAY'S AFTER-MARKET EARNINGS TIME & ESTIMATES LINK #4!](https://i.imgur.com/NzzJziN.png))

*****

> # ***Thursday 8.5.21 Before Market Open:*** 
> ###### ([CLICK HERE FOR THURSDAY'S PRE-MARKET EARNINGS TIME & ESTIMATES LINK #1!](https://i.imgur.com/FFtYdqW.png))
> ###### ([CLICK HERE FOR THURSDAY'S PRE-MARKET EARNINGS TIME & ESTIMATES LINK #2!](https://i.imgur.com/TIbnFLG.png))
> ###### ([CLICK HERE FOR THURSDAY'S PRE-MARKET EARNINGS TIME & ESTIMATES LINK #3!](https://i.imgur.com/y2pICGr.png))
> ###### ([CLICK HERE FOR THURSDAY'S PRE-MARKET EARNINGS TIME & ESTIMATES LINK #4!](https://i.imgur.com/niaft8M.png))

> # ***Thursday 8.5.21 After Market Close:*** 
> ###### ([CLICK HERE FOR THURSDAY'S AFTER-MARKET EARNINGS TIME & ESTIMATES LINK #1!](https://i.imgur.com/HzDehyM.png))
> ###### ([CLICK HERE FOR THURSDAY'S AFTER-MARKET EARNINGS TIME & ESTIMATES LINK #2!](https://i.imgur.com/IP92TD5.png))
> ###### ([CLICK HERE FOR THURSDAY'S AFTER-MARKET EARNINGS TIME & ESTIMATES LINK #3!](https://i.imgur.com/jtvNw70.png))
> ###### ([CLICK HERE FOR THURSDAY'S AFTER-MARKET EARNINGS TIME & ESTIMATES LINK #4!](https://i.imgur.com/9z7EDva.png))
> ###### ([CLICK HERE FOR THURSDAY'S AFTER-MARKET EARNINGS TIME & ESTIMATES LINK #5!](https://i.imgur.com/6VRQZfz.png))

*****

> # ***Friday 8.6.21 Before Market Open:*** 
> ###### ([CLICK HERE FOR FRIDAY'S PRE-MARKET EARNINGS TIME & ESTIMATES LINK #1!](https://i.imgur.com/he9f0pH.png))
> ###### ([CLICK HERE FOR FRIDAY'S PRE-MARKET EARNINGS TIME & ESTIMATES LINK #2!](https://i.imgur.com/PiPV8iT.png))

*****

> # ***Friday 8.6.21 After Market Close:***
> ###### ([CLICK HERE FOR FRIDAY'S AFTER-MARKET EARNINGS TIME & ESTIMATES!]())
(NONE.)

*****

> # Alibaba Group Holding Ltd. $195.19
**Alibaba Group Holding Ltd. (BABA)** is confirmed to report earnings at approximately 7:20 AM ET on Tuesday, August 3, 2021. The consensus earnings estimate is $2.24 per share on revenue of $33.50 billion and the Earnings Whisper ® number is $2.16 per share. Investor sentiment going into the company's earnings release has 71% expecting an earnings beat. Consensus estimates are for year-over-year earnings growth of 7.18% with revenue increasing by 53.94%. Short interest has increased by 8.7% since the company's last earnings release while the stock has drifted lower by 8.4% from its open following the earnings release to be 19.0% below its 200 day moving average of $241.03. Overall earnings estimates have been revised lower since the company's last earnings release. On Wednesday, July 21, 2021 there was some notable buying of 15,204 contracts of the $217.50 call expiring on Friday, August 20, 2021. Option traders are pricing in a 5.3% move on earnings and the stock has averaged a 3.5% move in recent quarters.

> #([CLICK HERE FOR THE CHART!](http://elite.finviz.com/chart.ashx?t=BABA&ty=c&ta=st_c,sch_200p,sma_50,sma_200,sma_20,sma_100,bb_20_2,rsi_b_14,macd_b_12_26_9,stofu_b_14_3_3&p=d&s=l))

*****

> # Square, Inc. $247.26
**Square, Inc. (SQ)** is confirmed to report earnings at approximately 4:05 PM ET on Thursday, August 5, 2021. The consensus earnings estimate is $0.30 per share on revenue of $4.99 billion and the Earnings Whisper ® number is $0.42 per share. Investor sentiment going into the company's earnings release has 83% expecting an earnings beat. Consensus estimates are for year-over-year earnings growth of 87.50% with revenue increasing by 159.41%. Short interest has decreased by 3.1% since the company's last earnings release while the stock has drifted higher by 3.0% from its open following the earnings release to be 10.4% above its 200 day moving average of $224.02. Overall earnings estimates have been revised higher since the company's last earnings release. On Tuesday, July 27, 2021 there was some notable buying of 8,286 contracts of the $255.00 call expiring on Friday, August 13, 2021. Option traders are pricing in a 7.4% move on earnings and the stock has averaged a 7.5% move in recent quarters.

> #([CLICK HERE FOR THE CHART!](http://elite.finviz.com/chart.ashx?t=SQ&ty=c&ta=st_c,sch_200p,sma_50,sma_200,sma_20,sma_100,bb_20_2,rsi_b_14,macd_b_12_26_9,stofu_b_14_3_3&p=d&s=l))

*****

> # Moderna, Inc., $353.60
**Moderna, Inc., (MRNA)** is confirmed to report earnings at approximately 7:00 AM ET on Thursday, August 5, 2021. The consensus earnings estimate is $6.01 per share on revenue of $4.28 billion and the Earnings Whisper ® number is $6.75 per share. Investor sentiment going into the company's earnings release has 76% expecting an earnings beat. Consensus estimates are for year-over-year earnings growth of 2,038.71% with revenue increasing by 6,350.54%. Short interest has increased by 15.3% since the company's last earnings release while the stock has drifted higher by 138.9% from its open following the earnings release to be 122.8% above its 200 day moving average of $158.73. Overall earnings estimates have been revised higher since the company's last earnings release. On Wednesday, July 14, 2021 there was some notable buying of 6,585 contracts of the $210.00 call expiring on Friday, January 21, 2022. Option traders are pricing in a 8.5% move on earnings and the stock has averaged a 7.9% move in recent quarters.

> #([CLICK HERE FOR THE CHART!](http://elite.finviz.com/chart.ashx?t=MRNA&ty=c&ta=st_c,sch_200p,sma_50,sma_200,sma_20,sma_100,bb_20_2,rsi_b_14,macd_b_12_26_9,stofu_b_14_3_3&p=d&s=l))

*****

> # Roku Inc $428.31
**Roku Inc (ROKU)** is confirmed to report earnings at approximately 4:00 PM ET on Wednesday, August 4, 2021. The consensus earnings estimate is $0.13 per share on revenue of $618.54 million and the Earnings Whisper ® number is $0.31 per share. Investor sentiment going into the company's earnings release has 77% expecting an earnings beat The company's guidance was for revenue of $610.00 million to $620.00 million. Consensus estimates are for year-over-year earnings growth of 137.14% with revenue increasing by 73.71%. The stock has drifted higher by 33.0% from its open following the earnings release to be 22.3% above its 200 day moving average of $350.20. Overall earnings estimates have been revised higher since the company's last earnings release. On Friday, July 30, 2021 there was some notable buying of 3,360 contracts of the $360.00 put expiring on Friday, August 20, 2021. Option traders are pricing in a 9.7% move on earnings and the stock has averaged a 8.1% move in recent quarters.

> #([CLICK HERE FOR THE CHART!](http://elite.finviz.com/chart.ashx?t=ROKU&ty=c&ta=st_c,sch_200p,sma_50,sma_200,sma_20,sma_100,bb_20_2,rsi_b_14,macd_b_12_26_9,stofu_b_14_3_3&p=d&s=l))

*****

> # Corsair Gaming, Inc. $29.19
**Corsair Gaming, Inc. (CRSR)** is confirmed to report earnings at approximately 7:00 AM ET on Tuesday, August 3, 2021. The consensus earnings estimate is $0.42 per share on revenue of $467.10 million and the Earnings Whisper ® number is $0.54 per share. Investor sentiment going into the company's earnings release has 81% expecting an earnings beat. Short interest has increased by 3.9% since the company's last earnings release while the stock has drifted lower by 13.8% from its open following the earnings release to be 14.8% below its 200 day moving average of $34.27. Overall earnings estimates have been revised higher since the company's last earnings release. On Thursday, July 22, 2021 there was some notable buying of 2,434 contracts of the $27.50 call expiring on Friday, August 20, 2021. Option traders are pricing in a 13.0% move on earnings and the stock has averaged a 3.9% move in recent quarters.

> #([CLICK HERE FOR THE CHART!](http://elite.finviz.com/chart.ashx?t=CRSR&ty=c&ta=st_c,sch_200p,sma_50,sma_200,sma_20,sma_100,bb_20_2,rsi_b_14,macd_b_12_26_9,stofu_b_14_3_3&p=d&s=l))

*****

> # DraftKings Inc. $48.50
**DraftKings Inc. (DKNG)** is confirmed to report earnings at approximately 7:00 AM ET on Friday, August 6, 2021. The consensus estimate is for a loss of $0.61 per share on revenue of $242.41 million and the Earnings Whisper ® number is ($0.65) per share. Investor sentiment going into the company's earnings release has 77% expecting an earnings beat. Consensus estimates are for earnings to decline year-over-year by 10.91% with revenue increasing by 241.75%. Short interest has increased by 16.3% since the company's last earnings release while the stock has drifted lower by 9.3% from its open following the earnings release to be 7.6% below its 200 day moving average of $52.50. Overall earnings estimates have been revised lower since the company's last earnings release. On Friday, July 16, 2021 there was some notable buying of 38,328 contracts of the $40.00 put and 36,701 contracts of the $60.00 call expiring on Friday, October 15, 2021. Option traders are pricing in a 7.9% move on earnings and the stock has averaged a 7.7% move in recent quarters.

> #([CLICK HERE FOR THE CHART!](http://elite.finviz.com/chart.ashx?t=DKNG&ty=c&ta=st_c,sch_200p,sma_50,sma_200,sma_20,sma_100,bb_20_2,rsi_b_14,macd_b_12_26_9,stofu_b_14_3_3&p=d&s=l))

*****

> # General Motors Corp. $56.84
**General Motors Corp. (GM)** is confirmed to report earnings at approximately 7:30 AM ET on Wednesday, August 4, 2021. The consensus earnings estimate is $1.89 per share on revenue of $29.13 billion and the Earnings Whisper ® number is $1.87 per share. Investor sentiment going into the company's earnings release has 78% expecting an earnings beat. Consensus estimates are for year-over-year earnings growth of 478.00% with revenue increasing by 73.62%. Short interest has decreased by 11.3% since the company's last earnings release while the stock has drifted lower by 0.6% from its open following the earnings release to be 10.4% above its 200 day moving average of $51.47. Overall earnings estimates have been revised higher since the company's last earnings release. On Thursday, July 15, 2021 there was some notable buying of 27,789 contracts of the $60.00 call and 25,285 contracts of the $60.00 put expiring on Friday, August 20, 2021. Option traders are pricing in a 5.8% move on earnings and the stock has averaged a 3.0% move in recent quarters.

> #([CLICK HERE FOR THE CHART!](http://elite.finviz.com/chart.ashx?t=GM&ty=c&ta=st_c,sch_200p,sma_50,sma_200,sma_20,sma_100,bb_20_2,rsi_b_14,macd_b_12_26_9,stofu_b_14_3_3&p=d&s=l))

*****

> # ON Semiconductor Corporation $39.06
**ON Semiconductor Corporation (ON)** is confirmed to report earnings at approximately 8:00 AM ET on Monday, August 2, 2021. The consensus earnings estimate is $0.49 per share on revenue of $1.62 billion and the Earnings Whisper ® number is $0.54 per share. Investor sentiment going into the company's earnings release has 56% expecting an earnings beat The company's guidance was for earnings of $0.44 to $0.54 per share. Consensus estimates are for year-over-year earnings growth of 308.33% with revenue increasing by 33.50%. Short interest has increased by 26.0% since the company's last earnings release while the stock has drifted higher by 2.2% from its open following the earnings release to be 9.4% above its 200 day moving average of $35.71. Overall earnings estimates have been revised higher since the company's last earnings release. On Monday, July 12, 2021 there was some notable buying of 10,084 contracts of the $40.00 call expiring on Friday, January 20, 2023. Option traders are pricing in a 7.6% move on earnings and the stock has averaged a 7.3% move in recent quarters.

> #([CLICK HERE FOR THE CHART!](http://elite.finviz.com/chart.ashx?t=ON&ty=c&ta=st_c,sch_200p,sma_50,sma_200,sma_20,sma_100,bb_20_2,rsi_b_14,macd_b_12_26_9,stofu_b_14_3_3&p=d&s=l))

*****

> # Ferrari N.V. $218.29
**Ferrari N.V. (RACE)** is confirmed to report earnings at approximately 7:40 AM ET on Monday, August 2, 2021. The consensus earnings estimate is $1.19 per share on revenue of $1.27 billion and the Earnings Whisper ® number is $1.25 per share. Investor sentiment going into the company's earnings release has 60% expecting an earnings beat. Consensus estimates are for year-over-year earnings growth of 2,875.00% with revenue increasing by 102.03%. Short interest has decreased by 0.8% since the company's last earnings release while the stock has drifted higher by 4.5% from its open following the earnings release to be 5.9% above its 200 day moving average of $206.10. Overall earnings estimates have been revised lower since the company's last earnings release. On Thursday, July 15, 2021 there was some notable buying of 1,504 contracts of the $210.00 call expiring on Friday, November 19, 2021. Option traders are pricing in a 3.6% move on earnings and the stock has averaged a 4.7% move in recent quarters.

> #([CLICK HERE FOR THE CHART!](http://elite.finviz.com/chart.ashx?t=RACE&ty=c&ta=st_c,sch_200p,sma_50,sma_200,sma_20,sma_100,bb_20_2,rsi_b_14,macd_b_12_26_9,stofu_b_14_3_3&p=d&s=l))

*****

> # Uber Technologies, Inc. $43.46
**Uber Technologies, Inc. (UBER)** is confirmed to report earnings at approximately 4:05 PM ET on Wednesday, August 4, 2021. The consensus estimate is for a loss of $0.54 per share on revenue of $3.73 billion and the Earnings Whisper ® number is ($0.50) per share. Investor sentiment going into the company's earnings release has 64% expecting an earnings beat. Consensus estimates are for year-over-year earnings growth of 47.06% with revenue increasing by 66.44%. Short interest has increased by 8.0% since the company's last earnings release while the stock has drifted lower by 10.2% from its open following the earnings release to be 14.7% below its 200 day moving average of $50.96. Overall earnings estimates have been revised higher since the company's last earnings release. On Thursday, July 29, 2021 there was some notable buying of 6,385 contracts of the $46.00 call expiring on Friday, August 6, 2021. Option traders are pricing in a 7.9% move on earnings and the stock has averaged a 6.7% move in recent quarters.

> #([CLICK HERE FOR THE CHART!](http://elite.finviz.com/chart.ashx?t=UBER&ty=c&ta=st_c,sch_200p,sma_50,sma_200,sma_20,sma_100,bb_20_2,rsi_b_14,macd_b_12_26_9,stofu_b_14_3_3&p=d&s=l))

*****

# DISCUSS!

What are you all watching for in this upcoming trading week?

*****

I hope you all have a wonderful weekend a great trading week ahead r/StockMarket. :)",newly_included
ouykv9,2021-07-31,stocks,"Wall Street Week Ahead for the trading week beginning August 2nd, 2021",Russia,available,False,False,True,False,True,True,True,False,False,True,False,False,True,excluded,geopolitical_crisis_financial,True,"Good Friday evening to all of you here on r/stocks. I hope everyone on this sub made out pretty nicely in the market this past week, and is ready for the new trading week & month ahead.

Here is everything you need to know to get you ready for the trading week beginning August 2nd, 2021.

# **July jobs report could be what gives the market its next big jolt in the week ahead - [(Source)](https://www.cnbc.com/2021/07/30/july-jobs-report-could-be-what-gives-the-market-its-next-big-jolt-in-the-week-ahead.html)**
*****
> Friday’s jobs report could be a catalyst that helps determine whether markets are volatile or will trade like it’s the quiet dog days of August.
*****
> More than a quarter of the S&P 500 report earnings in the coming week. The calendar includes companies in sectors such as consumer staples, insurance, pharma, travel and media. From Booking Holdings to ViacomCBS, Wayfair and Kellogg, investors will be watching to see what companies say about reopening activity, supply chain disruptions and rising costs.
*****
> “I think as much as 85% of the companies which are reporting earnings mentioned inflation on their earnings calls,” Franklin Templeton Fixed Income chief investment officer Sonal Desai said. “Inflation may not be a problem to policymakers and financial markets, which seem not to be concerned at all. It does seem to bother the people who have to buy stuff or people who produce stuff.”
*****
> # The jobs factor
> The Federal Reserve has said the sharp jump in inflation is just temporary, and many investors appear to be taking it in stride for now. The market is intensely focused on the central bank’s other mandate: the labor market. Fed Chairman Jerome Powell said Wednesday he would like to see strong jobs reports before winding down the central bank’s $120 billion a month bond-buying program.
*****
> The U.S. Bureau of Labor Statistics will release the July employment report on the morning of Friday, Aug. 6. It’s expected to show 788,000 nonfarm payrolls, down from 850,000 in June, according to Dow Jones. The unemployment rate is expected to dip to 5.7% from 5.9%. Average hourly wages are expected to rise 3.9% year over year.
*****
> Ironsides Macroeconomics director of research Barry Knapp said he expects the next two monthly jobs reports will be strong, and the Fed should then be ready to announce in September that it is ready to start the slow unwind of its bond purchasing program.
*****
> That is an important step since it would be the first real move away from the central bank’s easy policies that were put in place in the pandemic. It would also mean the Fed would be open to raising interest rates once the tapering is completed.
*****
> # Game changer for markets
> “Friday could be a game changer,” Knapp said of the employment report. Before that, he expects stocks to trade in a narrow range.
*****
> If the number of jobs added in July is much higher than expected, at more than 1 million, Knapp said the market could immediately sell off on the idea the Fed would be ready to pare back its bond purchases.
*****
> If the number is weaker than expected, the market could rally. “We are in a dead period after earnings, with concerns about the pace of the reopening. It’s still a bit of a question mark. The bias would be higher after a weak number. ... Bad is good. Good is bad,” said Knapp.
*****
> Like some other strategists, he expects to see a stock market correction, possibly later this summer.
*****
> “I’m in the camp where I think we’re going to have our first major correction.” Knapp said. “What we’re likely to get is at least 10% or more. ... It could really happen when they [Fed officials] make the announcement in September.”
*****
> Wilmington Trust chief economist Luke Tilley said he expects just 350,000 jobs, based on the high frequency data he watches.
*****
> “We think the run rate is about 500,000 jobs. Last month seems a little bit overcooked,” he said.
*****
> # Reflation trade
> The S&P 500 was down 0.4% in the past week, finishing at 4,395, while the Nasdaq lost even more , down 1.1% at 14,672.
*****
> Cyclical stocks were among the best performers. Materials jumped 2.8% in the week, and energy shares were up 1.6%. Financials gained 0.7%. But tech fell 0.7%.
*****
> Knapp said it now makes sense to hold stocks that are in the reflation trade, such as energy, industrials or materials.
*****
> The surge in the delta variant of the coronavirus has become a worry among investors and has been a factor holding down interest rates. The 10-year yield, which moves opposite price, has held at low levels and was at 1.23% on Friday, amid concern that the delta variant of the coronavirus could slow growth.
*****
> Investors will be watching other important data in the coming week, including the Institute for Supply Management’s manufacturing data Monday, and jobless claims and trade data Thursday.
*****
> # The China trade
China was also a dominant market story in the past week and could continue to be. Hong Kong’s Hang Seng Index fell 5% for the week. Chinese regulators continued their crackdown on internet companies, publicly traded education companies and other industries.
*****
> Strategists say Beijing is trying to reclaim its biggest companies as its own and turn them away from listings in foreign markets. Officials were particularly upset with Didi Global which reportedly went public even after being warned not to by Beijing.
*****
> Chinese regulators reportedly spoke with international banks after their actions sparked a wave of selling in internet stocks and the broader Chinese stock market. The regulators said companies could continue to go public in the U.S. if they met listing requirements.
*****
> “We will continue to see regulators try to calm the waters. I would say this was a communications misstep,” said Franklin Templeton’s Desai. “You don’t have massive swings without having negative impact.” She added it sent ripples through emerging markets.
*****
> “This is China trying to gain control, and they tried to do it in a very heavy way, and they were surprised at the backlash,” Desai said.
*****
> The KraneShares CSI China Internet ETF has lost about half its value from its peak in February, and was down another 2.6% Friday.
*****
> Internet retailer Alibaba is one of the ETF’s top holdings. The company is expected to announce earnings on Tuesday.
*****

# **This past week saw the following moves in the S&P:**
###### **([CLICK HERE FOR THE FULL S&P TREE MAP FOR THE PAST WEEK!](https://i.imgur.com/eQ4pMub.png))**

# **S&P Sectors for this past week:**
###### **([CLICK HERE FOR THE S&P SECTORS FOR THE PAST WEEK!](https://i.imgur.com/vhlrMce.png))**

# **Major Indices for this past week:**
###### **([CLICK HERE FOR THE MAJOR INDICES FOR THE PAST WEEK!](https://i.imgur.com/RRSF7cS.png))**

# **Major Futures Markets as of Friday's close:**
###### **([CLICK HERE FOR THE MAJOR FUTURES INDICES AS OF FRIDAY!](https://i.imgur.com/hTKiEb3.png))**

# **Economic Calendar for the Week Ahead:**
###### **([CLICK HERE FOR THE FULL ECONOMIC CALENDAR FOR THE WEEK AHEAD!](https://i.imgur.com/YrCuf8W.png))**

# **Percentage Changes for the Major Indices, WTD, MTD, QTD, YTD as of Friday's close:**
###### **([CLICK HERE FOR THE CHART!](https://i.imgur.com/fZKzJfU.png))**

# **S&P Sectors for the Past Week:**
###### **([CLICK HERE FOR THE CHART!](https://i.imgur.com/59nY5gO.png))**

# **Major Indices Pullback/Correction Levels as of Friday's close:**
###### **([CLICK HERE FOR THE CHART!](https://i.imgur.com/flIRmSl.png))**

# **Major Indices Rally Levels as of Friday's close:**
###### **([CLICK HERE FOR THE CHART!](https://i.imgur.com/ZpaVwYn.png))**

# **Most Anticipated Earnings Releases for this week:**
###### **([CLICK HERE FOR THE CHART!](https://i.imgur.com/GB7yn3W.png))**

# **Here are the upcoming IPO's for this week:**
###### **([CLICK HERE FOR THE CHART!](https://i.imgur.com/5r4Hlqm.png))**

# **Friday's Stock Analyst Upgrades & Downgrades:**
###### **([CLICK HERE FOR THE CHART LINK #1!](https://i.imgur.com/L68F4GF.png))**
###### **([CLICK HERE FOR THE CHART LINK #2!](https://i.imgur.com/VocjXSz.png))**
###### **([CLICK HERE FOR THE CHART LINK #3!](https://i.imgur.com/oDsO8vO.png))**

*****

> # August has been a dangerous month for the market

> August is the worst DJIA, S&P 500, Russell 1000 and Russell 2000 month over the last 33 years, 1988-2020 with average declines ranging from 0.4% by Russell 2000 to 0.8% by DJIA. For NASDAQ August ranks second worst over the same period with an average gain of 0.2%.

> Contributing to this poor performance since 1987; the second shortest bear market in history (45 days) caused by turmoil in Russia, the Asian currency crisis and the Long-Term Capital Management hedge fund debacle ending August 31, 1998 with the DJIA shedding 6.4% that day. DJIA dropped a record 1344.22 points for the month, off 15.1%—which is the second worst monthly percentage DJIA loss since 1950. Saddam Hussein triggered a 10.0% slide in August 1990. Sizeable losses in 2010, 2011, 2013 and 2015 of over 4% on DJIA have widened Augusts’ average decline.

> In post-election years, Augusts’ rankings are little changed. August is the worst month for DJIA and Russell 1000 and second worst for S&P 500, NASDAQ and Russell 2000. Average declines in post-election year Augusts swell to 0.8% by Russell 2000 to 1.7% by DJIA. Each index has also seen more declining post-election year Augusts than positive.

> ###### **([CLICK HERE FOR THE CHART!](https://64.media.tumblr.com/78fd9b0e8110b9d2e779ce650c18cd79/3293cb0a1c43f61d-02/s400x600/92f8c448cdafe2c1f033ccdad8bd7b3461f26a66.jpg))**

*****

> # Modern 4-Year Cycle Theory Approaching Near Term High

> ###### **([CLICK HERE FOR THE CHART!](https://64.media.tumblr.com/e7c3175df9fa85b593af70440d79c62f/b5c96d0e540e1659-24/s500x750/5c976a9f3f233c0795ead0a363cd399469eab8e2.jpg))**

> Despite the recent uptick in volatility and today’s drop the S&P 500% is up 17.2% year-to-date. This is right in line with our 2021 Annual Forecast best case scenario made last December. Our updated outlook is for S&P 500 to finish the year in the 4300-4500 range or even higher.

> However, as you can see in the chart of the Modern 4-Year Presidential Election Cycle we are due for a pause over the next couple of months before the rally resumes in the September/October timeframe. This illustration of the average 4-year cycle uses the S&P 500 back to 1949, which is the first full cycle post-WWII vs. other comparisons that use the Dow back 125 years to 1896.

> We feel the more recent dataset is a better representation of the modern cycle where post-election years have been better and election years weaker – impacted by the undecided election in 2000 and the financial crisis of 2008. Midterm years are still lackluster with propensity for the significant bottoms and pre-election years are still the tops.

> This creates the sweet spot of the 4-year cycle from Q4 in the midterm year through Q2 in the pre-election year. From the midterm low to the pre-election year high DJIA averages a 45% gain since 1950 and NASDAQ averages a 70% gain since 1974.

*****

> # Neutral Sentiment Surge Continues

> The AAII's weekly sentiment survey saw an equal percentage (30.6%) of respondents report as bullish and bearish last week. This week saw a much more optimistic pivot as 36.2% of respondents reported bullish sentiment. While higher, bullish sentiment is still at one of the lowest levels since last fall. At 36.2%, bullish sentiment is also now just below the historical average of 38%. While the AAII reading on bullish sentiment was higher but still muted, the Investors Intelligence survey of newsletter writers showed bullish sentiment fall 8.1 percentage points to 53.1%. While that is not a particularly low reading (the lowest since only the end of May), it was the largest one week decline since October 2019. In other words, bullish sentiment is not necessarily collapsing, but it has lost some footing.

> ###### **([CLICK HERE FOR THE CHART!](https://media.bespokepremium.com/uploads/2021/07/072921-AAII-Bull.png))**

> With more bulls in the AAII survey, fewer respondents reported bearish sentiment. In fact, less than a quarter of investors reported bearish sentiment this week. That is down 6.5 percentage points from the prior week; the largest one-week decline since a 6.6 percentage point decline in the first week of June.

> ###### **([CLICK HERE FOR THE CHART!](https://media.bespokepremium.com/uploads/2021/07/072921-AAII-Bear.png))**

> The inverse moves in bullish and bearish sentiment resulted in the bull-bear spread to rise 12.1 points. While off the lows, it is still not as strong of a reading as has been seen for most of this year. In fact, the current reading is 5.5 points below the average since the start of the year.

> ###### **([CLICK HERE FOR THE CHART!](https://media.bespokepremium.com/uploads/2021/07/072921-AAII-Spread.png))**

> The most impressive sentiment reading this week was neutral sentiment. Over the past four weeks, neutral sentiment has risen 10.5 percentage points without a single decline in that time. That is the biggest four-week rise since mid-May when it had risen 14.9 percentage points. Now as the predominant sentiment with just below 40% of respondents reporting as such, neutral sentiment is at the highest level since the first week of 2020 when this reading was 1.2 percentage points higher.

> ###### **([CLICK HERE FOR THE CHART!](https://media.bespokepremium.com/uploads/2021/07/072921-AAII-Neutral.png))**

*****

> # Services Consumption Lifts GDP Growth

> Lofty expectations for second quarter gross domestic product (GDP) growth were left somewhat wanting as a decent headline number fell short of expectations. Peering under the hood, though, we think this is still a fairly solid report.

> The Bureau of Economic Analysis released its preliminary estimate for second quarter GDP this morning, showing the U.S. economy grew at a 6.5% annualized pace against the Bloomberg median forecast for 8.4%. While this represented a small acceleration from the first quarter’s 6.3% pace, investors viewed the headline number as a mild disappointment in light of the heightened expectations. The composition of the growth, though, largely reinforces the prevailing narratives of a strong consumer juxtaposed with supply chain bottlenecks, restricting growth.

> “The positive takeaway from today’s report is that we are clearly seeing a rebound in the in-person consumption of services,” said LPL Financial Chief Investment Strategist Ryan Detrick. “This indicates a confidence by consumers to reengage with the parts of the economy beaten down most by COVID, and continued momentum here will be key if we are to see the consumer continue to power overall growth.”

> As seen in the LPL Chart of the day, the US consumer continued to do the heavy lifting, offsetting weakness in most other major GDP components.

> ###### **([CLICK HERE FOR THE CHART!](https://i0.wp.com/lplresearch.com/wp-content/uploads/2021/07/7.29.21-Blog-1-Chart-1.png?ssl=1))**

> Business fixed investment came in strong and demonstrated business’ attempts to ramp up output to meet surging demand. Residential investment had a more predictable decline, as well-documented labor shortages and high materials costs are restricting new projects. The volatile inventory components, though, did represent a drag.

> Looking forward, we expect continued growth in the third quarter but with a different composition. Consumer spending should still be respectable, but likely will recede a bit due to the fading impact of past government transfer payments. New momentum in services as in-person commerce picks up should continue under the hood. Picking up the slack; though, business investment should continue to recover, and net exports may improve as the rest of the world plays catch-up to the U.S. in their recoveries, consuming more of our goods and services. Government spending and inventories also both have favorable outlooks.

> The Delta variant of COVID-19 presents a risk to the outlook, but we see strong reason to remain optimistic. The U.S. is lagging the U.K. in its exposure to the Delta variant, and if we model our trajectory after theirs, which obviously is an imperfect comparison, we expect to see a peak in cases in the coming weeks. In fact, the U.K. is already on a strong path to recovery despite doomsday headlines. Domestically, COVID-19 cases are spiking in areas with the lowest vaccination rates. But, there is evidence that these are also the states experiencing the highest uptick in new vaccinations, which should help self-correct the trends. Positivity rates can be thought of as the fastest-twitch indicator, with hospitalization trends following in the ensuing weeks. Through that lens we see that some of the hardest hit states may have already seen their positivity rates peak.

> We upgraded our 2021 forecast for U.S. real GDP growth earlier this year from 5–5.5% to 6.25–6.75%, and while there are sure to be bumps along the way, we expect to see the economy continue growing at a strong pace as activity further normalizes over the course of the year.

*****

Here are the most notable companies (tickers) reporting earnings in this upcoming trading week ahead-

*****

> * (**T.B.A. THIS WEEKEND.**)

*****

###### **([CLICK HERE FOR NEXT WEEK'S MOST NOTABLE EARNINGS RELEASES!](https://i.imgur.com/GB7yn3W.png))**
###### **([CLICK HERE FOR NEXT WEEK'S HIGHEST VOLATILITY EARNINGS RELEASES!](https://i.imgur.com/TQmsBSu.png))**
###### **([CLICK HERE FOR THE MOST ANTICIPATED EARNINGS RELEASES FOR THE NEXT 2 WEEKS!](https://i.imgur.com/Gzq3pvf.jpg))**
###### **([CLICK HERE FOR THE MOST ANTICIPATED EARNINGS RELEASES BEFORE MONDAY'S MARKET OPEN!](https://i.imgur.com/6Fs8mPV.jpg))**


*****

Below are some of the notable companies coming out with earnings releases this upcoming trading week ahead which includes the date/time of release & consensus estimates courtesy of Earnings Whispers:

*****

> # ***Monday 8.2.21 Before Market Open:***
> ###### ([CLICK HERE FOR MONDAY'S PRE-MARKET EARNINGS TIME & ESTIMATES!](https://i.imgur.com/ZWp8OaE.png))

> # ***Monday 8.2.21 After Market Close:*** 
> ###### ([CLICK HERE FOR MONDAY'S AFTER-MARKET EARNINGS TIME & ESTIMATES LINK #1!](https://i.imgur.com/ohdyr9p.png))
> ###### ([CLICK HERE FOR MONDAY'S AFTER-MARKET EARNINGS TIME & ESTIMATES LINK #2!](https://i.imgur.com/slHJD4Q.png))

*****

> # ***Tuesday  8.3.21 Before Market Open:***
> ###### ([CLICK HERE FOR TUESDAY'S PRE-MARKET EARNINGS TIME & ESTIMATES LINK #1!](https://i.imgur.com/1zkKsVE.png))
> ###### ([CLICK HERE FOR TUESDAY'S PRE-MARKET EARNINGS TIME & ESTIMATES LINK #2!](https://i.imgur.com/WAATOMk.png))
> ###### ([CLICK HERE FOR TUESDAY'S PRE-MARKET EARNINGS TIME & ESTIMATES LINK #3!](https://i.imgur.com/xh7l5Zv.png))

> # ***Tuesday 8.3.21 After Market Close:*** 
> ###### ([CLICK HERE FOR TUESDAY'S AFTER-MARKET EARNINGS TIME & ESTIMATES LINK #1!](https://i.imgur.com/e0sMEnG.png))
> ###### ([CLICK HERE FOR TUESDAY'S AFTER-MARKET EARNINGS TIME & ESTIMATES LINK #2!](https://i.imgur.com/2IwGNKM.png))
> ###### ([CLICK HERE FOR TUESDAY'S AFTER-MARKET EARNINGS TIME & ESTIMATES LINK #3!](https://i.imgur.com/cW7zxea.png))

*****

> # ***Wednesday 8.4.21 Before Market Open:*** 
> ###### ([CLICK HERE FOR WEDNESDAY'S PRE-MARKET EARNINGS TIME & ESTIMATES LINK #1!](https://i.imgur.com/jqS9aXG.png))
> ###### ([CLICK HERE FOR WEDNESDAY'S PRE-MARKET EARNINGS TIME & ESTIMATES LINK #2!](https://i.imgur.com/Rp9cJXU.png))

> # ***Wednesday 8.4.21 After Market Close:*** 
> ###### ([CLICK HERE FOR WEDNESDAY'S AFTER-MARKET EARNINGS TIME & ESTIMATES LINK #1!](https://i.imgur.com/tgLqTTK.png))
> ###### ([CLICK HERE FOR WEDNESDAY'S AFTER-MARKET EARNINGS TIME & ESTIMATES LINK #2!](https://i.imgur.com/ZBTMpeg.png))
> ###### ([CLICK HERE FOR WEDNESDAY'S AFTER-MARKET EARNINGS TIME & ESTIMATES LINK #3!](https://i.imgur.com/mt44H8d.png))
> ###### ([CLICK HERE FOR WEDNESDAY'S AFTER-MARKET EARNINGS TIME & ESTIMATES LINK #4!](https://i.imgur.com/NzzJziN.png))

*****

> # ***Thursday 8.5.21 Before Market Open:*** 
> ###### ([CLICK HERE FOR THURSDAY'S PRE-MARKET EARNINGS TIME & ESTIMATES LINK #1!](https://i.imgur.com/FFtYdqW.png))
> ###### ([CLICK HERE FOR THURSDAY'S PRE-MARKET EARNINGS TIME & ESTIMATES LINK #2!](https://i.imgur.com/TIbnFLG.png))
> ###### ([CLICK HERE FOR THURSDAY'S PRE-MARKET EARNINGS TIME & ESTIMATES LINK #3!](https://i.imgur.com/y2pICGr.png))
> ###### ([CLICK HERE FOR THURSDAY'S PRE-MARKET EARNINGS TIME & ESTIMATES LINK #4!](https://i.imgur.com/niaft8M.png))

> # ***Thursday 8.5.21 After Market Close:*** 
> ###### ([CLICK HERE FOR THURSDAY'S AFTER-MARKET EARNINGS TIME & ESTIMATES LINK #1!](https://i.imgur.com/HzDehyM.png))
> ###### ([CLICK HERE FOR THURSDAY'S AFTER-MARKET EARNINGS TIME & ESTIMATES LINK #2!](https://i.imgur.com/IP92TD5.png))
> ###### ([CLICK HERE FOR THURSDAY'S AFTER-MARKET EARNINGS TIME & ESTIMATES LINK #3!](https://i.imgur.com/jtvNw70.png))
> ###### ([CLICK HERE FOR THURSDAY'S AFTER-MARKET EARNINGS TIME & ESTIMATES LINK #4!](https://i.imgur.com/9z7EDva.png))
> ###### ([CLICK HERE FOR THURSDAY'S AFTER-MARKET EARNINGS TIME & ESTIMATES LINK #5!](https://i.imgur.com/6VRQZfz.png))

*****

> # ***Friday 8.6.21 Before Market Open:*** 
> ###### ([CLICK HERE FOR FRIDAY'S PRE-MARKET EARNINGS TIME & ESTIMATES LINK #1!](https://i.imgur.com/he9f0pH.png))
> ###### ([CLICK HERE FOR FRIDAY'S PRE-MARKET EARNINGS TIME & ESTIMATES LINK #2!](https://i.imgur.com/PiPV8iT.png))

*****

> # ***Friday 8.6.21 After Market Close:***
> ###### ([CLICK HERE FOR FRIDAY'S AFTER-MARKET EARNINGS TIME & ESTIMATES!]())
(NONE.)

*****

> # (T.B.A. THIS WEEKEND.)
**(T.B.A. THIS WEEKEND.)** (T.B.A. THIS WEEKEND.).

> #([CLICK HERE FOR THE CHART!](http://elite.finviz.com/chart.ashx?t=SPY&ty=c&ta=st_c,sch_200p,sma_50,sma_200,sma_20,sma_100,bb_20_2,rsi_b_14,macd_b_12_26_9,stofu_b_14_3_3&p=d&s=l))

*****

# DISCUSS!

What are you all watching for in this upcoming trading week?

*****

I hope you all have a wonderful weekend a great trading week ahead r/stocks. :)",newly_included
pl5nmj,2021-09-09,StockMarket,Psycho Market Recap - Thur Sept 9,Russian,available,False,False,True,False,True,True,True,False,False,True,False,False,True,excluded,geopolitical_crisis_financial,True,"**Summary**

Stocks opened higher in the morning before turning lower as market participants continue to balance a hot jobs market against a dent in economic momentum caused by surging coronavirus Delta variant cases in the US. The three major indexes are having one of the worst-performing streaks this year, while the Russell 2000 (IWM), which tracks the performance of small-caps, fared slightly better.

According to a report released yesterday by the Bureau of Labor Statistics, the number of job openings in August was 10.9 million, higher than estimates of 9.9 million and the 10.18 million last month. The rate of job openings measured against the total labor force swelled to 6.9% in July, up from 6.5% the previous month and 4.6% a year ago. From an industry standpoint, the rate jumped to 10.7% from 10.2% in the critical leisure and hospitality field, which has suffered the most during the Covid-19 pandemic. Openings rose to 1.82 million, a total gain of 134,000 last month. There are enough job openings to cover the roughly 8.4 million unemployed Americans. 

Coinciding with an increase in job openings, in its latest Beige Book, which is basically a report by the Federal Reserve on current economic conditions, members said the economy downshifted slightly due to Delta variant concerns. The report stated, “The deceleration in economic activity was largely attributable to a pullback in dining out, travel, and tourism in most Districts, reflecting safety concerns due to the rise of the Delta variant, and, in many cases, international travel restrictions.” 

Members of the Fed have consistently signaled they will be looking especially closely at labor market data to determine when to start tapering the pandemic-era quantitative easing program. Federal Reserve Governor Christopher Waller said the August Jobs Report could be his signal to hit the “substantial further progress mark” the Fed stipulated in December and begin tapering. He said, “I think that one more good job report if it’s in the 850,000 to 1 million range will be sufficient to claim substantial further progress in employment for tapering.” August was not the report they were looking for. 

Unfortunately, a summer that began with plunging coronavirus cases nationwide and real hope that the worst of the pandemic was behind us as the effective vaccination drive began is instead drawing to a close with the US firmly in throes of the pandemic once again, due to the highly contagious Delta variant. 

This weekend, hospitalizations were roughly 300% higher than Labor Day weekend in 2020, according to data from Johns Hopkins University. The surge in patients comes as the highly contagious Delta variant continues to spread across the US, and coincided with a weekend that saw a spike in travel. According to the Transportation Security Administration, more than 3.5 million people traveled across the country on Friday and Saturday for the Labor Day holiday, despite the Centers for Disease Control and Prevention’s recommendation for unvaccinated people to refrain from traveling.

**Highlights**

* The crackdown in China continues… This time, regulators of video game companies execs to focus less on profits and implement controls to prevent video game addiction. Companies were “urged to break from the solitary focus of pursuing profit or attracting players and fans.
* Russian Cybersecurity firm Yandex (YNDX) said it successfully repelled the biggest distributed denial-of-service (DDoS) attack in history. This comes just after American company Cloudflare (NET) repelled the previously largest DDoS attack on Aug 19. The Yandex attack was 22 million requests per second, while Cloudflare’s was 17.2 million requests per second. Cybersecurity is becoming ever more important as attacks become more complex and powerful.
* Weekly first-time unemployment claims came in at 310,000, a pandemic-era low, well below estimates of 335,000
* JP Morgan (JPM) announced it was acquiring Infatuation, a company that owns different websites and apps that guide diners to restaurants in cities around the world from Alphabet (GOOG, GOOGL). Could be to make a new dining credit card reward program or something
* Ray-Ban and Facebook (FB) have teamed up to release new smart glasses that have a camera, mic and speakers, and a voice assistant to let you do things hands-free, similar to Snapchat’s (SNAP) glasses. Honestly, I don’t know what these would be useful for right now
* With the NFL kicking off today, sports betting analysis firm PlayUSA says it expects over $20 billion to be wagered, nearly tripling the $7.5 billion wagered in 2020. I’m a huge sports fan and sports betting stock bull. My fav currently is PENN
* **\*\*Please note that current stock price was written during the session and may not reflect closing prices\*\***
* Costco (COST) target raised by Morgan Stanley from $425 to $500 at Overweight. Stock currently around $466
* Cisco Systems (CSCO) target raised by Wells Fargo from $65 to $70 at Overweight. Stock currently around $58
* Global Payments (GPN) target raised by BMO Capital Markets from $206 to $217 at Outperform
* Lululemon (LULU) with a host of target raises after smashing earnings and raising guidance. Average price target of $475 at Buy. Stock currently around $420
* NetApp (NTAP) target raised by Morgan Stanley from $96 to $102 at Overweight. Stock currently around $92
* Restoration Hardware (RH) with a host of target raises after smashing earnings and raising guidance. Average price target $775 t Buy. Stock currently around $725
* Sherwin Williams (SHW) target raised by JP Morgan from $310 to $330 at Overweight. Stock currently around $299

**“The way to get started is quit talking and start doing.” - Walt Disney**",newly_included
pl5mt1,2021-09-09,stocks,Psycho Market Recap - Thur Sept 9,Russian,available,False,False,True,False,True,True,True,False,False,True,False,False,True,excluded,geopolitical_crisis_financial,True,"**Summary**

Stocks opened higher in the morning before turning lower as market participants continue to balance a hot jobs market against a dent in economic momentum caused by surging coronavirus Delta variant cases in the US. The three major indexes are having one of the worst-performing streaks this year, while the Russell 2000 (IWM), which tracks the performance of small-caps, fared slightly better.

According to a report released yesterday by the Bureau of Labor Statistics, the number of job openings in August was 10.9 million, higher than estimates of 9.9 million and the 10.18 million last month. The rate of job openings measured against the total labor force swelled to 6.9% in July, up from 6.5% the previous month and 4.6% a year ago. From an industry standpoint, the rate jumped to 10.7% from 10.2% in the critical leisure and hospitality field, which has suffered the most during the Covid-19 pandemic. Openings rose to 1.82 million, a total gain of 134,000 last month. There are enough job openings to cover the roughly 8.4 million unemployed Americans. 

Coinciding with an increase in job openings, in its latest Beige Book, which is basically a report by the Federal Reserve on current economic conditions, members said the economy downshifted slightly due to Delta variant concerns. The report stated, “The deceleration in economic activity was largely attributable to a pullback in dining out, travel, and tourism in most Districts, reflecting safety concerns due to the rise of the Delta variant, and, in many cases, international travel restrictions.” 

Members of the Fed have consistently signaled they will be looking especially closely at labor market data to determine when to start tapering the pandemic-era quantitative easing program. Federal Reserve Governor Christopher Waller said the August Jobs Report could be his signal to hit the “substantial further progress mark” the Fed stipulated in December and begin tapering. He said, “I think that one more good job report if it’s in the 850,000 to 1 million range will be sufficient to claim substantial further progress in employment for tapering.” August was not the report they were looking for. 

Unfortunately, a summer that began with plunging coronavirus cases nationwide and real hope that the worst of the pandemic was behind us as the effective vaccination drive began is instead drawing to a close with the US firmly in throes of the pandemic once again, due to the highly contagious Delta variant. 

This weekend, hospitalizations were roughly 300% higher than Labor Day weekend in 2020, according to data from Johns Hopkins University. The surge in patients comes as the highly contagious Delta variant continues to spread across the US, and coincided with a weekend that saw a spike in travel. According to the Transportation Security Administration, more than 3.5 million people traveled across the country on Friday and Saturday for the Labor Day holiday, despite the Centers for Disease Control and Prevention’s recommendation for unvaccinated people to refrain from traveling.

**Highlights**

* The crackdown in China continues… This time, regulators of video game companies execs to focus less on profits and implement controls to prevent video game addiction. Companies were “urged to break from the solitary focus of pursuing profit or attracting players and fans.
* Russian Cybersecurity firm Yandex (YNDX) said it successfully repelled the biggest distributed denial-of-service (DDoS) attack in history. This comes just after American company Cloudflare (NET) repelled the previously largest DDoS attack on Aug 19. The Yandex attack was 22 million requests per second, while Cloudflare’s was 17.2 million requests per second. Cybersecurity is becoming ever more important as attacks become more complex and powerful.
* Weekly first-time unemployment claims came in at 310,000, a pandemic-era low, well below estimates of 335,000
* JP Morgan (JPM) announced it was acquiring Infatuation, a company that owns different websites and apps that guide diners to restaurants in cities around the world from Alphabet (GOOG, GOOGL). Could be to make a new dining credit card reward program or something
* Ray-Ban and Facebook (FB) have teamed up to release new smart glasses that have a camera, mic and speakers, and a voice assistant to let you do things hands-free, similar to Snapchat’s (SNAP) glasses. Honestly, I don’t know what these would be useful for right now
* With the NFL kicking off today, sports betting analysis firm PlayUSA says it expects over $20 billion to be wagered, nearly tripling the $7.5 billion wagered in 2020. I’m a huge sports fan and sports betting stock bull. My fav currently is PENN
* **\*\*Please note that current stock price was written during the session and may not reflect closing prices\*\***
* Costco (COST) target raised by Morgan Stanley from $425 to $500 at Overweight. Stock currently around $466
* Cisco Systems (CSCO) target raised by Wells Fargo from $65 to $70 at Overweight. Stock currently around $58
* Global Payments (GPN) target raised by BMO Capital Markets from $206 to $217 at Outperform
* Lululemon (LULU) with a host of target raises after smashing earnings and raising guidance. Average price target of $475 at Buy. Stock currently around $420
* NetApp (NTAP) target raised by Morgan Stanley from $96 to $102 at Overweight. Stock currently around $92
* Restoration Hardware (RH) with a host of target raises after smashing earnings and raising guidance. Average price target $775 t Buy. Stock currently around $725
* Sherwin Williams (SHW) target raised by JP Morgan from $310 to $330 at Overweight. Stock currently around $299

**“The way to get started is quit talking and start doing.” - Walt Disney**",newly_included
pltxl5,2021-09-10,StockMarket,"Here is a Market Recap for today Friday, Sept 10, 2021",Russian,available,False,False,True,False,True,True,True,False,False,True,False,False,True,excluded,geopolitical_crisis_financial,True," 

**PsychoMarket Recap - Friday, September 10, 2021**

Stocks extended their streak of underperformance, with the three major indexes falling once again for the fifth consecutive day of losses, one of the worst weeks for equities all year. The S&P 500 (SPY) closed the day 0.78% down, closing out the week 1.57% down. The tech-heavy Nasdaq (QQQ) also closed the day 0.78% down, closing the week out 1.3%. The Dow Jones (DIA), which primarily weights financial, industrial, and energy stocks, closed the day 0.75%, closing the week 1.91% lower. The Russell 2000 (IWM), which tracks the performance of small-caps, continued its roughly year-long streak of underperformance, falling 0.97% and closing the week 2.53% lower. All year, IWM has been trading between a range of $210 and $235, unable to break out, compared to the more than 15% year-to-date gain by the SPY. Market participants remain concerned with the surge in the coronavirus Delta variant and the potential negative impact it could cause the economy.

First off, in geopolitical news, President Biden spoke with Chinese President Xi Jinping for the first time in months. Afterward, Bloomberg reported that the Biden administration was considering investigating Chinese subsidies and their effect on the US economy. Marc Chandler, Chief Market Strategist at Bannockburn Global Forex, said “The Sino-America relationship is in disrepair and today’s call does not seem to change this. The US appears to list actions it wants China to take, while China’s demands seem minimalist, quit demonizing it and respect its red lines. Yet its red lines strike at the very heart of international order, such as its claims on most of the South China Sea and its aggressive provocative actions in the region.” This also comes amid extremely intense regulatory pressures by the CCP on Chinese tech stocks, many of which have an American listing.

In other news, new economic data showed that prices paid by producers for materials once again rose last month, once again highlighting the strain that stills exists as supply-side pressures and labor market shortages once again push inflationary readings higher. This report shows that, despite the pandemic surging once again, demand by consumers remains red-hot and continues to outstrip manufacturing capacity, causing shortages, which, as basic economics shows, pushes prices higher. The producer price index for final demand rose 0.7% last month after two straight monthly increases of 1.0%, the Labor Department said. The gain was led by a 0.7% advance in services following a 1.1% jump in July. A 1.5% increase in trade services, which measure changes in margins received by wholesalers and retailers, accounted for two-thirds of the broad rise in services. Goods prices jumped 1.0% after climbing 0.6% in July, with food rebounding 2.9%. In the 12 months through August, the PPI accelerated 8.3%, the biggest year-on-year advance since November 2010, though one has to take into account this number is inflated due to easy comparisons to last year, given the absolute collapse of prices during the height of the pandemic before the vaccine existed. Economists had forecast a rise of 0.6% on a monthly basis and 8.2% on a yearly basis, basically in line with reality. 

Mike Loewengart, Managing Director at E-Trade Financial, said of the PPI, “Anyone who has bought pretty much everything recently knows that supply chain issues are widespread and inflation is real, so this won’t be too much of a surprise for the market. Keep in mind we’re still in the transitory period where the Fed is not inclined to budge of easy money policies.”

Now, this is absolutely massive news and will have huge consequences in the market moving forward, especially for companies who derive a large percentage of their revenue through the Apple Store. Today,  a judge in California sided with Epic Games and issued Apple a permanent injunction against their App Store policies. This move opens the door for developers to offer customers third-party payment options that do not force developers to pay Apple’s 15-30% commission. Stocks like Roblox (RBLX), Bumble (BMBL), Zynga (ZNGA), and Spotify (SPOT) sharply gapped up after the announcement. I cannot stress how big this is, in 2020 Apple made $73 billion in revenue from the commission on App purchases.

Unfortunately, a summer that began with plunging coronavirus cases nationwide and real hope that the worst of the pandemic was behind us as the effective vaccination drive began is instead drawing to a close with the US firmly in throes of the pandemic once again, due to the highly contagious Delta variant. 

This weekend, hospitalizations were roughly 300% higher than Labor Day weekend in 2020, according to data from Johns Hopkins University. The surge in patients comes as the highly contagious Delta variant continues to spread across the US, and coincided with a weekend that saw a spike in travel. According to the Transportation Security Administration, more than 3.5 million people traveled across the country on Friday and Saturday for the Labor Day holiday, despite the Centers for Disease Control and Prevention’s recommendation for unvaccinated people to refrain from traveling.

**Highlights**

* Peloton (PTON) shares gapped up after the company announced it was launching an apparel brand. It’s probably gonna be the same sort of clothes that are sold in Lululemon (LULU).
* The crackdown in China continues… This time, regulators of video game companies execs to focus less on profits and implement controls to prevent video game addiction. Companies were “urged to break from the solitary focus of pursuing profit or attracting players and fans.
* Russian Cybersecurity firm Yandex (YNDX) said it successfully repelled the biggest distributed denial-of-service (DDoS) attack in history. This comes just after American company Cloudflare (NET) repelled the previously largest DDoS attack on Aug 19. The Yandex attack was 22 million requests per second, while Cloudflare’s was 17.2 million requests per second. Cybersecurity is becoming ever more important as attacks become more complex and powerful.
* The Italian Data Authority asks Facebook (FB) to provide clarifications on the use and function of the smart glasses to gauge whether the product is compliant with privacy laws. Like I said yesterday, I think the glasses are a bad product, don’t see any use for them apart from very niche uses, like live-streaming. Not even to mention FB’s absolutely appalling record when it comes to data privacy (remember Cambridge Analytica?)
* Sales of cars in China fell for the fourth straight month amid the global shortage in semiconductors that have forced automakers across the globe to slash production.
* Elon Musk sent an email to Tesla employees asking them to “go super hardcore” to make up for production challenges to “ensure a decent Q3 delivery number.” The CEO also said, “This is the biggest wave in Tesla history, but we got to get it done.” I hope they get it done, still waiting on my Model 3 :(
* **\*\*Please note that current stock price was written during the session and may not reflect closing prices\*\***
* Accenture (ACN) with two target raises. Stock currently around $341
   * Morgan Stanley from $330 to $380 at Overweight
   * Bank of America from $324 to $379 at Buy
* Shares of Affirm (AFRM) gapped up 34% after the company absolutely demolished earnings and raises guidance. Also received a host of target upgrades, with average price target being $140 at Buy.
* Caesars Entertainment (CZR) target raised by Cowen from $120 to $125 at Outperform. Stock currently around $104
* Danaher (DHR) target raised by Bank of America from $340 to $360 at Buy. Stock currently around $330
* Lululemon (LULU) target raised by Argus from $416 to $500 at Buy. Stock currently around $425
* Palo Alto Networks (PANW) with two target raises. Stock currently around $470
   * Royal Bank of Canada from $475 to $525 at Outperform
   * BMO Capital Markets from $480 to $525 at Outperform
* QuantaServices (PWR) target raised by Cowen from $110 to $130 at Outperform. Stock currently around $115
* Zscaler (ZS) with a host of target raises after beating earnings. Average price target $320 at Buy. Stock currently around $270. 

“To Bear Trials with a Calm Mind Robs Misfortune of its Strength & Burden” - Seneca",newly_included
pltxcf,2021-09-10,stocks,"Here is a Market Recap for today Friday, Sept 10, 2021. Have a great weekend everyone!!",Russian,available,False,False,True,False,True,True,True,False,False,True,False,False,True,excluded,geopolitical_crisis_financial,True,"**PsychoMarket Recap - Friday, September 10, 2021**

Stocks extended their streak of underperformance, with the three major indexes falling once again for the fifth consecutive day of losses, one of the worst weeks for equities all year. The S&P 500 (SPY) closed the day 0.78% down, closing out the week 1.57% down. The tech-heavy Nasdaq (QQQ) also closed the day 0.78% down, closing the week out 1.3%. The Dow Jones (DIA), which primarily weights financial, industrial, and energy stocks, closed the day 0.75%, closing the week 1.91% lower. The Russell 2000 (IWM), which tracks the performance of small-caps, continued its roughly year-long streak of underperformance, falling 0.97% and closing the week 2.53% lower. All year, IWM has been trading between a range of $210 and $235, unable to break out, compared to the more than 15% year-to-date gain by the SPY. Market participants remain concerned with the surge in the coronavirus Delta variant and the potential negative impact it could cause the economy.

First off, in geopolitical news, President Biden spoke with Chinese President Xi Jinping for the first time in months. Afterward, Bloomberg reported that the Biden administration was considering investigating Chinese subsidies and their effect on the US economy. Marc Chandler, Chief Market Strategist at Bannockburn Global Forex, said “The Sino-America relationship is in disrepair and today’s call does not seem to change this. The US appears to list actions it wants China to take, while China’s demands seem minimalist, quit demonizing it and respect its red lines. Yet its red lines strike at the very heart of international order, such as its claims on most of the South China Sea and its aggressive provocative actions in the region.” This also comes amid extremely intense regulatory pressures by the CCP on Chinese tech stocks, many of which have an American listing.

In other news, new economic data showed that prices paid by producers for materials once again rose last month, once again highlighting the strain that stills exists as supply-side pressures and labor market shortages once again push inflationary readings higher. This report shows that, despite the pandemic surging once again, demand by consumers remains red-hot and continues to outstrip manufacturing capacity, causing shortages, which, as basic economics shows, pushes prices higher. The producer price index for final demand rose 0.7% last month after two straight monthly increases of 1.0%, the Labor Department said. The gain was led by a 0.7% advance in services following a 1.1% jump in July. A 1.5% increase in trade services, which measure changes in margins received by wholesalers and retailers, accounted for two-thirds of the broad rise in services. Goods prices jumped 1.0% after climbing 0.6% in July, with food rebounding 2.9%. In the 12 months through August, the PPI accelerated 8.3%, the biggest year-on-year advance since November 2010, though one has to take into account this number is inflated due to easy comparisons to last year, given the absolute collapse of prices during the height of the pandemic before the vaccine existed. Economists had forecast a rise of 0.6% on a monthly basis and 8.2% on a yearly basis, basically in line with reality. 

Mike Loewengart, Managing Director at E-Trade Financial, said of the PPI, “Anyone who has bought pretty much everything recently knows that supply chain issues are widespread and inflation is real, so this won’t be too much of a surprise for the market. Keep in mind we’re still in the transitory period where the Fed is not inclined to budge of easy money policies.”

Now, this is absolutely massive news and will have huge consequences in the market moving forward, especially for companies who derive a large percentage of their revenue through the Apple Store. Today,  a judge in California sided with Epic Games and issued Apple a permanent injunction against their App Store policies. This move opens the door for developers to offer customers third-party payment options that do not force developers to pay Apple’s 15-30% commission. Stocks like Roblox (RBLX), Bumble (BMBL), Zynga (ZNGA), and Spotify (SPOT) sharply gapped up after the announcement. I cannot stress how big this is, in 2020 Apple made $73 billion in revenue from the commission on App purchases.

Unfortunately, a summer that began with plunging coronavirus cases nationwide and real hope that the worst of the pandemic was behind us as the effective vaccination drive began is instead drawing to a close with the US firmly in throes of the pandemic once again, due to the highly contagious Delta variant. 

This weekend, hospitalizations were roughly 300% higher than Labor Day weekend in 2020, according to data from Johns Hopkins University. The surge in patients comes as the highly contagious Delta variant continues to spread across the US, and coincided with a weekend that saw a spike in travel. According to the Transportation Security Administration, more than 3.5 million people traveled across the country on Friday and Saturday for the Labor Day holiday, despite the Centers for Disease Control and Prevention’s recommendation for unvaccinated people to refrain from traveling.

**Highlights**

* Peloton (PTON) shares gapped up after the company announced it was launching an apparel brand. It’s probably gonna be the same sort of clothes that are sold in Lululemon (LULU).
* The crackdown in China continues… This time, regulators of video game companies execs to focus less on profits and implement controls to prevent video game addiction. Companies were “urged to break from the solitary focus of pursuing profit or attracting players and fans.
* Russian Cybersecurity firm Yandex (YNDX) said it successfully repelled the biggest distributed denial-of-service (DDoS) attack in history. This comes just after American company Cloudflare (NET) repelled the previously largest DDoS attack on Aug 19. The Yandex attack was 22 million requests per second, while Cloudflare’s was 17.2 million requests per second. Cybersecurity is becoming ever more important as attacks become more complex and powerful.
* The Italian Data Authority asks Facebook (FB) to provide clarifications on the use and function of the smart glasses to gauge whether the product is compliant with privacy laws. Like I said yesterday, I think the glasses are a bad product, don’t see any use for them apart from very niche uses, like live-streaming. Not even to mention FB’s absolutely appalling record when it comes to data privacy (remember Cambridge Analytica?)
* Sales of cars in China fell for the fourth straight month amid the global shortage in semiconductors that have forced automakers across the globe to slash production.
* Elon Musk sent an email to Tesla employees asking them to “go super hardcore” to make up for production challenges to “ensure a decent Q3 delivery number.” The CEO also said, “This is the biggest wave in Tesla history, but we got to get it done.” I hope they get it done, still waiting on my Model 3 :(
* **\*\*Please note that current stock price was written during the session and may not reflect closing prices\*\***
* Accenture (ACN) with two target raises. Stock currently around $341
   * Morgan Stanley from $330 to $380 at Overweight
   * Bank of America from $324 to $379 at Buy
* Shares of Affirm (AFRM) gapped up 34% after the company absolutely demolished earnings and raises guidance. Also received a host of target upgrades, with average price target being $140 at Buy.
* Caesars Entertainment (CZR) target raised by Cowen from $120 to $125 at Outperform. Stock currently around $104
* Danaher (DHR) target raised by Bank of America from $340 to $360 at Buy. Stock currently around $330
* Lululemon (LULU) target raised by Argus from $416 to $500 at Buy. Stock currently around $425
* Palo Alto Networks (PANW) with two target raises. Stock currently around $470
   * Royal Bank of Canada from $475 to $525 at Outperform
   * BMO Capital Markets from $480 to $525 at Outperform
* QuantaServices (PWR) target raised by Cowen from $110 to $130 at Outperform. Stock currently around $115
* Zscaler (ZS) with a host of target raises after beating earnings. Average price target $320 at Buy. Stock currently around $270. 

“To Bear Trials with a Calm Mind Robs Misfortune of its Strength & Burden” - Seneca",newly_included
s7uvtg,2022-01-19,StockMarket,"Blinken arrives in Ukraine, says Russia could attack at short notice",Ukraine|Russia,blank,True,True,True,False,True,False,True,False,False,True,False,False,True,excluded,geopolitical_crisis_financial,True,,newly_included
sawy4h,2022-01-23,investing,Would Cybersecurity stocks go up with growing Russian tensions?,Russian,removed,True,False,True,False,True,True,True,False,False,True,False,False,True,excluded,geopolitical_crisis_financial,True,[removed],newly_included
sagrpp,2022-01-23,stocks,How will you react to defense sector stock reporting?,Russia,available,False,False,True,False,True,True,True,False,False,True,False,False,True,excluded,geopolitical_crisis_financial,True,"We have some defense sector stocks reporting this week, Raytheon, Boeing, ect.. I imagine to could price in some movement due to tensions raising between Russia and eastern European nations. While this might be a favorable environment for the defense sector, I have to wonder if it won't have an inverse effect on the wider market? An alternative thesis might be that the situation might be that these companies are big enough to drag the greater market up? What are your thoughts?",newly_included
slkgq6,2022-02-05,stocks,Russia invades Ukraine. What do you short? What do you buy? What do you hold?,Ukraine|Russia,removed,True,True,True,True,True,False,True,False,False,True,False,False,True,excluded,geopolitical_crisis_financial,True,[removed],newly_included
sr44uv,2022-02-12,stocks,Does neon supply really have any impact on the semiconductor business?,Ukraine|Russian|invasion,available,False,True,True,True,True,False,True,False,False,True,False,False,True,excluded,geopolitical_crisis_financial,True,"Semiconductors dropped on aggregate about 5% on Friday on warnings that neon production, which is heavily concentrated in Ukraine, might be disrupted by a Russian invasion. I've read a bunch of articles on this warning and they all reference the seeming importance of neon to semiconductor lasers.

Can anyone with intimate knowledge of the semiconductor manufacturing process explain where neon is used and how important it is to the process? Does the potential supply disruption justify the 5% drop across the industry? Or is it an overreaction and potential buying opportunity?

I did my own research on the relevance of neon in silicon manufacturing and I can't justify the claims. As far as I can tell, most silicon manufacturing today is either DUV or EUV lithography. The former uses argon/krypton-fluoride lasers, while the latter uses tin plasma. I can't find a reference to neon anywhere.",newly_included
ssg772,2022-02-14,investing,Questions about where to invest money with the potential of war in Ukraine?,Ukraine,removed,True,True,False,True,True,False,True,False,False,True,False,False,True,excluded,geopolitical_crisis_financial,True,[removed],newly_included
ssyoh3,2022-02-15,StockMarket,Russia returns some troops to base in areas near Ukraine,Ukraine|Russia,deleted,True,True,True,True,True,False,True,False,False,True,False,False,True,excluded,geopolitical_crisis_financial,True,[deleted],newly_included
ssoy5t,2022-02-15,investing,"Russia attacks Ukraine and the US intervenes, how would you exactly invest to profit?",Ukraine|Russia,removed,True,True,True,False,True,False,True,False,False,True,False,False,True,excluded,geopolitical_crisis_financial,True,[removed],newly_included
ssptn5,2022-02-15,investing,"Hypothetically, Russia attacks Ukraine and the US and others intervene (basically WW3), how would you invest to profit?",Ukraine|Russia,removed,True,True,True,False,True,False,True,False,False,True,False,False,True,excluded,geopolitical_crisis_financial,True,[removed],newly_included
svrtfz,2022-02-18,investing,Is Intel a buy with war in Ukraine??,Ukraine,removed,True,True,False,True,True,False,True,False,False,True,False,False,True,excluded,geopolitical_crisis_financial,True,[removed],newly_included
sxi55o,2022-02-21,investing,What are you doing to hedge or make money from the russian invasion?,Russian|invasion,removed,True,False,True,True,True,False,True,False,False,True,False,False,True,excluded,geopolitical_crisis_financial,True,[removed],newly_included
syt3vw,2022-02-22,stocks,Is it a good time to buy the dip during the Russia and Ukraine crisis?,Ukraine|Russia,removed,True,True,True,False,True,False,True,False,False,True,False,False,True,excluded,geopolitical_crisis_financial,True,[removed],newly_included
t04o58,2022-02-24,StockMarket,Some great advice from a US News & World Report investments writer for those thinking about panic selling due to the Ukraine invasion:,Ukraine|invasion,deleted,True,True,False,True,True,False,True,False,False,True,False,False,True,excluded,geopolitical_crisis_financial,True,[deleted],newly_included
t076q3,2022-02-24,investing,When do you buy the next dip? (Ukraine War update),Ukraine,removed,True,True,False,True,True,False,True,False,False,True,False,False,True,excluded,geopolitical_crisis_financial,True,[removed],newly_included
t0769b,2022-02-24,stocks,When do you buy the next dip? (Ukraine War update),Ukraine,removed,True,True,False,True,True,False,True,False,False,True,False,False,True,excluded,geopolitical_crisis_financial,True,[removed],newly_included
t10819,2022-02-25,investing,"War in Ukraine, how can I profit",Ukraine,removed,True,True,False,True,True,False,True,False,False,True,False,False,True,excluded,geopolitical_crisis_financial,True,[removed],newly_included
t1a5rc,2022-02-25,stocks,How to make money off the Ukraine conflict?,Ukraine,removed,True,True,False,True,True,False,True,False,False,True,False,False,True,excluded,geopolitical_crisis_financial,True,[removed],newly_included
t4ipvq,2022-03-01,StockMarket,Do any of you made an investment in russia before crisis?,Russia,blank,True,False,True,False,True,True,True,False,False,True,False,False,True,excluded,geopolitical_crisis_financial,True,,newly_included
t83rzh,2022-03-06,stocks,RSX Down 78.94% YTD - Should I Buy?,Russia,available,False,False,True,True,True,False,True,False,False,True,False,False,True,excluded,geopolitical_crisis_financial,True,"Here's my thinking and I understand it's basic level.

* Option 1. This war ends eventually and a few yrs from now Russia is back to doing business worldwide in which case my RSX holdings recover nicely.
* Option 2. This war ends in a nuclear disaster and I'm dead so this money doesn't matter anyways.",newly_included
t9h6wr,2022-03-08,stocks,With recent events: Sell companies with large exposure to events outside the US? Like AAPL etc.,Russian,available,False,False,True,False,True,True,True,False,False,True,False,False,True,excluded,geopolitical_crisis_financial,True,"I have the feeling that borders and economic isolation could become a bigger issue than we currently anticipate. Countries are realizing that there are irreconcilable differences in their political ideologies and that domestic production is crucial for security reasons. At first I obviosuly thought of the Russian market which is quite small and shouldn't concern us too much, but it seems like the current events are also escalating the fundamental differences between the US and China. An economic isolation of China would be a huge blow to companies that have a large customer base there. I am mainly thinking of everybodies darlings like AAPL or TSLA but also the other way around like BABA or even TSMC. Basically highly globalized companies whose revenue depend quite heavily on foreign markets.

I am aware that this is a somewhat doomsday scenario but would enjoy your opinion on the topic!",newly_included
tb22fx,2022-03-10,stocks,BABA: the cheapest company outside of Russia?,Russia,available,False,False,True,False,True,True,True,False,False,True,False,False,True,excluded,geopolitical_crisis_financial,True,"[https://www.barrons.com/articles/alibaba-stock-price-cheapest-company-hong-kong-51646349400?mod=md\_stockoverview\_news](https://www.barrons.com/articles/alibaba-stock-price-cheapest-company-hong-kong-51646349400?mod=md_stockoverview_news)

[*Alibaba Group Holding* ](https://www.barrons.com/market-data/stocks/baba)*is probably “the cheapest company in the world” outside of Russia as investors put a high China risk premium on the e-commerce giant, according to Daniel O’Keefe, a managing director and portfolio manager at Artisan Partners.*

*Said O’Keefe: “Alibaba trades for a single-digit multiple of free cash flow and three or four times EBIT \[earnings before interest and taxes\]. So, you know, it’s the largest e-commerce company in the world that is levered to digitization and the expansion of the increasing wealth of the consumer and middle class in China.”*

*The stock trades for about 12 times projected earnings per share in its March 2023 fiscal year. J.P. Morgan analyst Alex Yao, who is bullish on the stock, wrote recently that net cash and equity investments at Alibaba total about $44 per share, or more than 40% of its stock price. By Yao’s math, investors effectively get Alibaba’s e-commerce business for free when factoring in the cash and investments and its cloud-computing operations.*

*O’Keefe said: “Everyone just goes, ‘Oh my God, regulation, the Chinese government.’ But you look at the facts, what have they done? Well, they’ve intervened on merchant exclusivity, so they’ve made platforms more competitive. They’ve intervened on payments exclusivity, so they’ve made payments systems more competitive. And they’ve intervened on network exclusivity to make networks more interoperable and more competitive.”*

*“None of those things are irrational and none of them are outside the bounds of what any developed world regulator would like to do, but cannot because they have to do it through the legislative process, which takes a longer time and it’s harder. So we don’t view what has been done as irrational, albeit it’s happened within the context of a command economy where they can do whatever they want,” he said*

&#x200B;

I'd love to read some counter arguments to the above. For me, BABA does seem laughably cheap at $91 (at time of writing). There are obviously some general concerns about government intervention and possibly with respect to China/Taiwan tensions; however, it'd be interesting to hear more opinions on this.",newly_included
tbxdxm,2022-03-11,StockMarket,Congressmen Used Insider Knowledge To Profit From War in Ukraine,Ukraine,blank,True,True,False,True,True,False,True,False,False,True,False,False,True,excluded,geopolitical_crisis_financial,True,,newly_included
tcr6vc,2022-03-12,investing,"How Goldman Sachs profits from war in Ukraine, loophole in sanctions",Ukraine|sanctions,removed,True,True,False,True,True,False,True,False,False,True,False,False,True,excluded,geopolitical_crisis_financial,True,[removed],newly_included
tlyzwh,2022-03-24,stocks,PHL shares decline as Russian attacks continue,Russian,removed,True,False,True,False,True,True,True,False,False,True,False,False,True,excluded,geopolitical_crisis_financial,True,[removed],newly_included
tp8sos,2022-03-27,StockMarket,"Gold, Silver, Copper, Oil and Uranium sector and their values today",Russia,available,False,False,True,False,True,True,True,False,False,True,False,False,True,excluded,geopolitical_crisis_financial,True,"**A. Gold**

https://preview.redd.it/bitrozdqltp81.png?width=661&format=png&auto=webp&s=96756bcfd6a19abc0445d9228ab6b62d5b231ad1

The only problem with gold is the unlimited supply of gold on paper from financial players.

&#x200B;

https://preview.redd.it/abho17x4mtp81.png?width=680&format=png&auto=webp&s=59223b09dafa1d5a709aab0416e6f9753d3abac6

Production costs are increasing due to inflation, labour shortage, ... Gold at 2400 USD/pound to get profitability of the gold miners in GDX etf back at a level that justifies an all-time high of 65 USD/share?

&#x200B;

**B. Silver**

&#x200B;

https://preview.redd.it/3upak8e8mtp81.png?width=605&format=png&auto=webp&s=832eb5da641e04a565d053eceb5845e42e2d58a8

The only problem with silver is the unlimited supply of silver on paper from financial players.

But I remain bullish for silver. One day that ceiling created by silver on paper will be broken.

&#x200B;

https://preview.redd.it/onajp80hmtp81.png?width=680&format=png&auto=webp&s=24f59314c90774f2cb05614a150474a53ed42252

Production costs are increasing due to inflation, labour shortage, ... Silver at 65 USD/pound to get profitability of the silver miners in SIL etf back at a level that justifies an all-time high of 92 USD/share?

&#x200B;

**C. Copper**

&#x200B;

https://preview.redd.it/clkrxwhlmtp81.png?width=605&format=png&auto=webp&s=dfcbf5b8ca7f71e9374f695e5cda6954794c0148

Are we not reaching the top in the copper price for the coming years? In the longer term (5 – 10 years), I remain bullish for Copper.

&#x200B;

https://preview.redd.it/m462insnmtp81.png?width=680&format=png&auto=webp&s=336f20e41800fba47b9d979254bd2c5b89fe2a5b

**D. Crude Oil**

&#x200B;

https://preview.redd.it/qitah3zqmtp81.png?width=605&format=png&auto=webp&s=79419369a5d52395ccf8121ef441e4820dc1b837

Is Crude Oil going back to 140 USD/Bbl (or even 160 USD/Bbl)? **But what about OPEC? They have unused capacity!** They could increase their production a bit when reaching levels around 140 USD/Bbl for instance.

&#x200B;

https://preview.redd.it/mtlbzmvtmtp81.png?width=680&format=png&auto=webp&s=83b5761c20054373db15e47dc88ba0583da04c91

The Crude oil price also has a serious impact on economies! When Crude Oil price remains high too long, than more and more people will consume less oil and even some production could decrease --> **The demand for oil is price elastic.** (examples: Oil crisis of the past)

&#x200B;

https://preview.redd.it/esh1nzu4ntp81.png?width=680&format=png&auto=webp&s=5f3680804f98914e5914843042f24309a7ccfe67

Crude oil price at 140 USD/pound to get profitability of energy companies in XLE back at a level that justifies an all-time high of 100 USD/share from 78.77 USD/share today?

&#x200B;

**E. Uranium**

&#x200B;

[Uranium spotprice, while the uranium long term price is only at 43.88 USD\/lb \(backwardation\)](https://preview.redd.it/z5jjwzm8ntp81.png?width=599&format=png&auto=webp&s=be6914dcdb7dd2273135cfb05f89c08d675e44b4)

&#x200B;

https://preview.redd.it/2oqhk9sbotp81.png?width=914&format=png&auto=webp&s=9ffc6ff3d387cb02c1bb57d999b2e67a976ae8f4

The uranium sector is evolving towards an inevitable global uranium supply shortage. China is building many reactors on time and on budget! They aim to build an additional 150 reactors between 2021 and 2035. That’s an additional \~30% global uranium consumption/demand by 2035 compared to today due to China alone! And India, Russia, Turkey, … are also building additional reactors, while western countries are mainly extending existing reactors (USA, Canada, France, …). Even Japan is restarting reactors.

Important to know here is that unenriched uranium only represence 5% of the total electricity production cost from a nuclear reactor, meaning that if the uranium price would double in price it would not significantly impact the electricty price. --> **The demand for uranium is price** **inelastic.**

As a comparisation gas represence \~70% of the total electricity production cost from a gas-fired power plant, meaning that a gas price that doubles or triples hugely impacts the electricity production cost price! **That’s what especially Europe is experiencing right now!**

&#x200B;

https://preview.redd.it/b6ddyp5dntp81.png?width=669&format=png&auto=webp&s=dad1dce1742d37387a5e1b8e94e0336646edc699

While the uranium spotprice is already reacting to the growing shortage on the spot market and the start of the new multi-year contracting cycle for new LT contracts that started 2021S2 (Signs from Cameco, Kazatomprom, Boss Resources, Paladin Energy, …), the best known uranium sector etf, namely Global X Uranium etf (URA), is significantly lagging. Discovery by a larger group of investors and a bigger group of hedge funds is nearing!

Note 1: **The combined market cap of the entire uranium sector is around 41 billion USD today (Thank you Stokdog on twitter) compared to:**

&#x200B;

https://preview.redd.it/c1xcbpfhntp81.png?width=680&format=png&auto=webp&s=533b7346df99ba635212d247ff18b2d1f4ca7c71

An uranium spotprice of 75 USD/lb in 2022 and a combined market cap of 80 billion USD will not surprise me in 2022. In my opinion the uranium sector will reach an even higher combined market cap in the coming years.

Note 2: 3 alternatives for URA are URNM, HURA and Geiger Counter Limited.

Note 3: Investing in physical uranium is also possible through Sprott Physical Uranium Trust, Yellow Cake and in the future in Asia also through ANU Energy.

This isn't financial advice. I'm only expressing my own opinion based on my own DD on the matter.

Cheers",newly_included
tt5cer,2022-03-31,stocks,Some high quality hidden gems based on fundamentals and value,Putin,available,False,False,True,False,True,True,True,False,False,True,False,False,True,excluded,geopolitical_crisis_financial,True,"A lot of FUD going around recently even though the market is still off its highs. I have been meanwhile finding some great gems that show great value, no matter what the market does. Thought I would share. My approach is all based on fundamental financial analysis, no TA BS. I am summarizing and writing this off the top of my head so some numbers may not be exact, but the thesis is fucking fantastic.

**GNL -** 10%+ dividend and at least 20-30% upside.

So Global Net leases is a REIT that was trading around $25-$30 pre-pandemic. Pandemic hits and everyone shit their pants because GNL has about 30% expsoure to office buildings, fair. But 2 years later, they have retained 100% of their leases, doubled their net lease duration, and maintained or increased their dividend. Right now trading at around $16/sh with a yield over $10. Like holy fuck how can you NOT invest in this? also, their office exposure is not like the random strip mall office, its HQ of corporations like FedEx, McLaren, Finnair (ok, maybe Putin will fuck the last one up, but their largest client is only 2% of revenue). I mean literally the company would have to lose something like 40% of its revenue base and WOULD STILL BE ABLE TO MAINTAIN A 7-8% DIVIDEND YIELD.

EDIT: *Note on Debt:* A few people pointed out the high / rising debt. Keep in mind most of this is in mortgages not unsecured or corporate loans (thought they have added some of this recently taking advantage of low interest). So, they buy a property and finance a chunk of it using mortgages, and as they grow of course the debt level will grow. But the debt service coverage ratio is only 3.8x, pretty dang conservative. 

**PSTG** \- 23% Revenue CAGR, solving the world data storage crisis.

Ok, so this one was a Cathy Wood pick and maybe that alone is a reason to avoid it, but she does have some good picks. PSTG provides high efficiency data memory and storage solutions, basically solving the problem of how the hell do you build highly secure, efficient, eco friendly data centers. They offer both cloud storage and hardware for on site.

Anyway, although their stock has been volatile, the company has been quietly crushing it on all financial metrics: revenue, profitability, SaaS growth, economies of scale, etc etc. And compared to other tech stocks at eye watering multiples, these guys are at 4.5x EV / Revenue and about 20x 2023 EBITDA. With cloud, AI, VR, iot (put in all the other buzzwords) tailwinds their growth rate is more than secure and few competitors at scale are able to provide the solution that they can.

**My own Semiconductor Picks and Axes Index: ONTO, LRCX, KLAC, COHU, UCTT**

So the semiconductor gold rush is on. Everyone sees the writing on the wall that he who can make the most semis will win. But then you look at the valuations of NVDA and the shit performance of INTC and you say ""what the fuck"". Others like Hitachi and Samsung etc are just as shit and burdened with other lines of businesses. The truth is the semi market is competitive, subject to commodity prices, and subject to component prices, etc.

Its like the CA gold rush: yes everyone wants the gold but not every prospector is going to win. But the guy selling the picks and axes and shovels to every Joe Shmo who got tired of his shitty life on the East Coast and said ""im moving to CA"" is going to make money no matter what. That is what these bunch of stocks do.

They provide testing, monitoring, assembly, and other shit that goes into a semi conductor factory. There are about 12 MAJOR factories going up over the next 2-3 years. The semi market will grow at nice 8-10% CAGR. BUT the CAPEX on Semi facilities is forecasted to grow 14% (so ya net net semi conductor produces are losing 4%). These bunch have the best growth, profitability, and valuations to capture that 14% growth.",newly_included
tto6j2,2022-04-01,stocks,STLA; DD deep value deep dive,Russia,available,False,False,True,False,True,True,True,False,False,True,False,False,True,excluded,geopolitical_crisis_financial,True,"Company: Stellantis (STLA)

Company Information: 

Sector: Consumer Cyclical; Industry: Automotive Manufacturer

Year founded: Initial company of group was 1896

Headquarters: Netherlands

**What do they do**?: Global Automotive Manufacturer

Markets operated: Worldwide

How do they make money? Distributing and selling cars, service parts, accessories and service contracts

**Products**: Abarth, Alfa Romeo, Chrysler, Citroen, Dodge, DS, Fiat, Jeep, Lancia, opel, Peugeot, Ram, Vauxhall, Maserati. SUVs, passenger cars, trucks, LCV and CUV. 

This is the result of Fiat Chrysler merging with Peugeot SA. This started in 2019 and was completed in 2021

Employees: 281,595 majority in Europe. 

Properties: 

1. In US, Canada and Mexico: Jeep Ram, Dodge, Chrysler, Fiat and alfa romeo

2. In Brazil and Argentina: Fiat, Jeep, Peugeot, Citroen

3. In France, Italy, Spain, Germany, UK, Poland, Portugal, Russia, Serbia, and Slovakia: Peugeot, Citroen, opel/vauxhall, DS, Fiat. 

4. In Morocco and Turkey: Peugeot, Citroen, Opel, Fiat, and Jeep

5. In China, India and Malaysia: Jeep, Peugeot, Citroen, Fiat, DS, and Alfa Romeo

**What differentiates them from their competitors**?

&#x200B;

1. Plans for all brands to be electric by 2025. 
2. Autonomous driving: working w/ bmw and waymo
3. STLA Brain: new software architecture which allows quicker software updates.

**Threats**: 

&#x200B;

1. Covid 19
2. Unfilled semiconductor - loss of \~20% of its planned 2021 production of unfilled semiconductor orders
3. Pricing competition
4. Regulation
5. Interest rates, fuel prices
6. Automotive tailpipe emissions

Main competitors: Toyota, GM, Ford, Honda, Hyundai/kia, Nissan

CEO: Carlos Tavares; age 62. Joined PSA managing board on 1/1/2014. 

**Moats**: brand names, patents

**Market Share**: 

&#x200B;

1. North America: 11.1%, down from 12%
2. South America 22.9% up from 16.6%
3. Europe: 22.1%, down from 23.1%
4. Middle east/Africa 11.9% up from 9%

Concern for dilution: no

Insiders: 26.01% ownership

Institutes: 52.63%

Multiple classes of stock? no

**DEBT**:

\-Debt/Asset: 0.2; index 0.35; better than index

\-Debt/Equity: 0.68

\-Current ratio: 1.15; index 3.0; worse than index

\-Cash Flow to debt: 0.58; index 0.15; better than index

\-Interest Coverage: 47.97

\-Shareholder Equity ratio: 0.29; more financing comes from debt

**Growth**: 

\-Book value: 1 year 16%, 5 year 4%, 10 year 11%; Average 7.86% w/ standard deviation 6.32%

\-EPS: 1 year 237%, 5 year 15%, 10 year 20%; Average 75.95% w/ standard deviation of 92.94%

\-Analysis forward 5 yr EPS: 20%

\-FCF: 1 year 1364%, 3 year 60%, 5 year 38%, 10 year 50%; Average 377.87% w/ standard deviation of 569.19%

\-Revenue: 1 year 72%, 5 year 6%, 10 year 6%; Average 23.96% w/ standard deviation of 28.05%

\-Overall of 4 metrics: 1 year 422.27%, 5 year 15.83%, 10 year 21.65%

**Profitability**: 

\-Operating Margin: 14.2% increasing y/y; index 5.3. Better than index

\-FCF/Sales: 5.71 increasing y/y.

\-ROE: 25.4%; index 12.4%. Better than index

\-ROIC: 23.2% increasing y/y; index 12.5%

**Valuation**: 

\-PEG: 0.146

\-Acquirers multiple: 1.73

\-EBIT/EV: 0.57

\-FCF yield: 34.3%

\-Payback Time: 2 years

\-For DCF: since there was a recent jump in eps/bv/fcf/rev, i used a lower number that was more consistent with previous growth rates. I calculated a value using a higher growth rate (the 5 year analysis 20%) and a lower value from the lowest growth rate. This was to come up with a high and conservative intrinsic value. 

**DCF**: 

\-High side: 102 w/ MOS 40% at 61.2, MOS 50% 51, and MOS 75% 25.5

\-Low side: 43 w/ MOS 40% 25.8, MOS 50% 21.5 and MOS 75% 10.75

TLDR: STLA is a car company with good growth. This company is a result of merger fiat-chrysler with peugeot. It is highly undervalued with a current price \~16 and intrinsic value somewhere between 41-100 depending on the metric used. It is currently trading at a nice 50-60% haircut. There are several uncertainties with it: semiconductor shortage, ever looming covid, gas prices, regulatory bodies, global tensions. However, it has a large moat and has survived several global catastrophes, depressions/recessions and will continue to thrive.",newly_included
u3mp96,2022-04-14,stocks,Russia is escalating the threat to nukes... and our stocks are green? Help me understand what's missing...,Russia,removed,True,False,True,False,True,True,True,False,False,True,False,False,True,excluded,geopolitical_crisis_financial,True,[removed],newly_included
uf7l40,2022-04-30,investing,Why are people buying stocks right now?,Putin,available,False,False,True,False,True,True,True,False,False,True,False,False,True,excluded,geopolitical_crisis_financial,True,"I am trying to understand why people are buying stocks right now, or not selling the ones they have, despite coming interest hikes, fear of a recession, fear of a coming bear market, European energy problems, and Putin's nuclear threats. Do people believe that the market has reached the bottom and that it will turn around? Or are they just day traders looking for a quick profit?",newly_included
ufb746,2022-04-30,stocks,Why I'm bearish on the market right now,Russia|Russian|Putin,available,False,False,True,False,True,True,True,False,False,True,False,False,True,excluded,geopolitical_crisis_financial,True,"Stocks have fallen but they have a lot to fall more unless serious measures will be taken by US and EU Governments and I'm not seeing them doing that. Here is my opinion.

This is mostly a supply led inflation, it's very different than other inflation cycles we witnessed in the past because those were demand based and could be addressed by raising interest rates to curb pressure on demand. Stocks would still go up with interest rates rising because the economy was booming.

This inflation cycle is different and only have a precedent during the early '70 oil supply crisis that caused stagflation and a massive stock market crash. How bad was that crash? Well, in the US the market lost 50% of its value, in the UK the stock market lost well over 70% of its value. As can you imagine, we are just at the beginning of the crash and in my opinion the situation today is worse than in the '70 so the stock market crash can be worse.

The point is, we are seeing inflation because commodities prices are rising and those higher prices of production are then transferred to the consumers. How do you fix it? Well, you can only fix it by increasing supply of those commodities. What are we doing instead? We are boycotting all supplies from one of the biggest producer in the world: Russia. And ESG policies are also targeting local companies  so their CAPEX is very low. And you can't just increase CAPEX overnight, it takes years. Add to that that the current US Administration has very bad relations (the worst since many decades) with Saudi Arabia and UAE, two of the biggest oil producers in the world. They already said they won't increase oil production.

What the FED can do? Well, not much in reality because the FED is very useful to fix demand led inflation cycles but they can't do much to fix supply led inflation because they don't set commodity prices. It's all about demand and supply and since the supply is low the only thing the FED can do is destroy demand to match the low supply and reach a new equilibrium. But you see where we are going? To lower inflation to 2% the FED will have to destroy demand so much to cause a big recession. Any soft landing talk is bullshit. There can't be any soft landing given the circumstances. The FED will have to raise rates so much because the sensitivity of inflation to interest rates rising (in a supply led crisis) is much lower than in a demand-led crisis. And by raising that much a recession will follow and the demand destruction will match the supply, finally lowering inflation. The stock market will crash massively with a big recession.

This is already very bad, but things get even worse when we consider Europe. They are very dependent on Russian commodities and if they ban russian oil and gas, the price of these commodities will skyrocket to over 150$/barrel. Now, Europe already is experiencing a massive inflationary cycle (same as the US, supply led) but contrary to the US they can't raise interest rates much because the very existence of the euro currency is at stake. Why? Well, because Southern European countries already have such a massive debt (and zero growth) that they wouldn't be able to finance themselves in an open market at rates low enough to keep their economies afloat and not default on their debt. Indeed after the Sovereign debt cycle the ECB one way or another bought massive amount of their debt to keep them from defaulting but that was a band-aid that only postponed their demise.

Now, there is a Covid-related vast debt buying program that the ECB is doing but it's gonna end soon. Keep in mind the ECB, by charter, can't buy debt of Sovereign countries because it's totally independent and this is why a massive crisis will happen in Europe. I try to explain. Until now the ECB kept these countries from failing with different emergency buying programs and there were never inflationary pressures so interest rates were held below zero. Now inflation is above 8%, the ECB (contrary to the FED) has only one goal: to keep the inflation around 2%. So they have to raise interest rates and can't keep find excuses to buy Sovereign debt and expand their massive balance sheet because otherwise inflation will keep go higher and they would not respect their charter (by law they can't do it).

As soon as the ECB stop this debt buying program (they say it's gonna end soon) and raise rates, Southern European countries will experience big problems in financing their debt in the open market. Debt spreads between EU countries will rise and a new big Sovereign debt crisis (much bigger than the one in 2011/2012) will emerge threatening the survivability of the euro itself because Europe would need two different monetary policies (a lax one in the South, and a hawkish one in the North) but they only have one central bank.

Imagine a scenario with stagflation (high inflation+recession) and Sovereign debt crisis at the same time. This duo will create probably the biggest crisis in European stock market in history. Once they crash, the repercussions will be felt in the US as well because the economy is interconnected....imagine all US companies (already with the US crash I explained above) having to deal with demand destruction from a massive crisis in Europe...the recession in the US would get so much worse.

So, how do we get out of this crisis? I don't think there is a way unless the commodity inflation is taken care of and looking at the comments from various US and European politicians I don't see this scenario to happen...actually it's the opposite since they want to ban ever more russian commodities creating the condition for the scenario I explained above. The thing is, in the current interconnected world, already experiencing commodities price pressure, you can't ban the commodities from Russia (after you already did it with Iran and Venezuela) without ruining our economies too. By trying to ruin Russian economy, we'll ruin our economy and crash the stock market. Unfortunately, not many people have understood it and there is so much ignorance in this regard...so many people think they can ban those commodities and feel no effect in their countries. Economic ignorance and emotional based decisions are the biggest threat to our economies.

Why I'm extremely bearish on the stock market? Because the politicians went so far with their words that now can't walk their comments and decisions back. Every person that try to explain that boycotting russian commodities will cause a massive recession and stagflation in Europe and US is thought of as a Putin friend. The average person is just as dumb as a rock and no matter how you try to explain it, they don't get it.

How to position in the current geopolitical and macroeconomic environment? Well, I think going long commodities stocks, shorting the Nasdaq (with many stocks that reached very high valuations after the Covid crisis) and shorting Europeans stock indexes would provide decent results in the next year. As I said I really believe the stock market will crash more than during the '70 and back then it crashed over 50% in the US and over 70% in Europe.",newly_included
v3wcpr,2022-06-03,StockMarket,G7 unveils controversial 'hydrogen action pact' to tackle climate crisis and Russian gas reliance,Russian,deleted,True,False,True,False,True,True,True,False,False,True,False,False,True,excluded,geopolitical_crisis_financial,True,[deleted],newly_included
v42iw9,2022-06-03,stocks,Shanghai Returns to Lockdown; Federal Reserve by the Numbers; Russia-Ukraine Conflict Analysis,Ukraine|Russia,removed,True,True,True,True,True,False,True,False,False,True,False,False,True,excluded,geopolitical_crisis_financial,True,[removed],newly_included
vdbzgg,2022-06-16,stocks,"My 1-2 Year Prediction: Inflation is going to collapse dramatically, one way or the other. This is not bullish for stocks, however.",Russia,available,False,False,True,False,True,True,True,False,False,True,False,False,True,excluded,geopolitical_crisis_financial,True,"I made the mistake of drinking coffee at night, so I decided to make what I think is a contrarian prediction? I welcome discussion and criticism (be nice, though!)

------

**I.** The Fed is going to overreact. It's not going to observe inflation falling dramatically until it is too late. Economic data is always lagging, and the Fed going to stand by its brisk pace as political pressure from Congress and news media ramps up. The Fed has a credibility problem--a *political* credibility problem, not a credibility having to do with its hypothetical ability to fight inflation. The Fed is going to manufacture a mild recession that brings down gas prices by curtailing demand: eliminate all the trees to stop the forest fire.

------------

**II.**  Prices are a powerful signal to markets; when there are severe shortages in food, oil, natural gas, metals/minerals, transportation, this sends signals throughout the entire market that that are huge profits to be made. What happens every time there is a bull run in commodities? It ends in a spectacular collapse as firms all across the world compete to extract the eye-popping margins. Oil is a highly competitive asset, that yes, depends on a longer-term cycle of capital expenditures--but I think global governments have it in them to fast-track production cycles if crises really get that bad. 

We already see this collapse happening in shipping prices, lumber, and trucking, for example. There are massive increases in capacity scheduled for 2023 in shipping. Refinery output will take a year or two to really increase, and crude oil is slowly starting to increase in production. The administration will likely start to make it easier for the oil majors to get oil to the market, to save its political skin. Consider the huge buildup of inventory last quarter for Target, Walmart, and likely Costco. Markets were told to make more stuff, and they did. Russia will run out of its own men to lose and tanks to get blown up by the end of 2023, easing pressure on agricultural markets at least. 

-----------

**III.** Sometimes, when talking about markets, we don't think about how it can change rapidly in fundamental ways that impact how production cycles even function at all. Remember all those scientists/companies saying we wouldn't have a Covid vaccine for a decade? How many billions of vaccine doses have now been administered in 2 years? In a time of crisis, my bet is that humanity figures this shit out. What did we do when toilet paper ran out? We built more. What will humanity do when the cost of energy goes to the skies? It will adapt. Consumers will drive less, hold more work remotely. Car pooling will increase, as will public transportation use. 


-----

**IV**: Long term declines in population growth, aging will also be deflationary in the long run. But that's a bit too long term.

-----

**The notion that we will have a long-term elevation in inflation is inconsistent with global markets and profit incentives. It requires an absence of human innovation and adaptability.** We will not have inflation forever, and more likely than not, it's going to fall in a mild (or worse) recession and a glut of inventories arriving as that demand eases. My prediction is that by year end or early 2023, we will start to see news articles worrying about the Fed going too far.

**Connection to stocks:** For this reason, I think basing your portfolio off of the expectation of elevated inflation is a mistake unless it's very short term. Inflation can disappear as fast as it appeared. So being 80% in commodities, shorting bonds, etc. is a very very risky bet.

I think a good TL;DR for my message is: **the medicine for high prices is high prices.**",newly_included
vpn2kl,2022-07-02,investing,Best hedge against a hypothetical Euro implosion?,Russian,available,False,False,True,False,True,True,True,False,False,True,False,False,True,excluded,geopolitical_crisis_financial,True,"With recession looming, inflation and extreme dependency on Russian energy being present, I have a real bad feeling about what can happen in Europe and so I am trying to find ways to potentially offset any possible meltdowns. 

My (very likely faulty) logic: Greece never recovered from the 2008 recession and we bailed the country out but not without repercussions. This time around the rate hikes might be too much and break the back of several, even bigger economies than that of Greece. Portugal, Spain, Italy, France and Greece are eurozone countries and all of those are not in the best shape and their GDP has not recovered from the 2008 crash. I consider them to be zombie economies, stagnating, barely able to reinvent themselves. Almost no room to grow, only down from here. This is the old world I am seeing and the threat of recession and inflation is making me doubt the health of Euro.

**1. What is the best hedge IN YOUR OPINION against a possible currency meltdown?**

**2. Alternatives to your preferred investment/hedge vehicle? Preferably something physical.**

No dollars please, but I am thinking about dollars as well.",newly_included
vtsdsr,2022-07-07,stocks,Did we already bottom?,Russia,available,False,False,True,False,True,True,True,False,False,True,False,False,True,excluded,geopolitical_crisis_financial,True,"Most people agree that we can't spot the top or the bottom but it seems like we may have already seen the bottom.  Retailers and other companies like chip makers are talking about an inventory glut.  Energy and commodities are going back down.  Gas prices are unlikely to go higher unless Russia has a major escalation.  

It seems like that all adds up to having already seen peak inflation, which means the Fed can moderate, and the economy can continue to grow, i.e. there may be a soft landing.

[https://markets.businessinsider.com/news/commodities/commodities-prices-fall-oil-wheat-copper-food-inflation-cooling-economy-2022-7](https://markets.businessinsider.com/news/commodities/commodities-prices-fall-oil-wheat-copper-food-inflation-cooling-economy-2022-7)

[https://markets.businessinsider.com/news/stocks/paul-krugman-economist-runaway-inflation-stagflation-bill-ackman-gas-prices-2022-7](https://markets.businessinsider.com/news/stocks/paul-krugman-economist-runaway-inflation-stagflation-bill-ackman-gas-prices-2022-7)",newly_included
w5o5ah,2022-07-22,StockMarket,"Wall Street Week Ahead for the trading week beginning July 25th, 2022",Russia,available,False,False,True,False,True,True,True,False,False,True,False,False,True,excluded,geopolitical_crisis_financial,True,"Good Friday evening to all of you here on r/StockMarket! I hope everyone on this sub made out pretty nicely in the market this past week, and are ready for the new trading week ahead. :)

Here is everything you need to know to get you ready for the trading week beginning July 25th, 2022.

# **Markets face what could be the most important week of summer with Fed, earnings and economic data - [(Source)](https://www.cnbc.com/2022/07/22/markets-face-what-could-be-the-most-important-week-of-summer-with-fed-earnings-and-economic-data.html)**
*****
> There’s a head-spinning amount of news for markets to navigate in the week ahead, the biggest of which will be the Federal Reserve’s midweek meeting.
*****
> The two largest U.S. companies — Microsoft and Apple — report Tuesday and Thursday, respectively. Google parent Alphabet releases results Tuesday, and Amazon reports Thursday. Meta Platforms, formerly Facebook, reports Wednesday. In all, more than a third of the S&P 500 companies are reporting.
*****
> On top of that are several hefty economic reports, which should add fuel to the debate on whether the economy is heading toward, or is already in, a recession.
*****
> “Next week, I think, is going to be the most important week of the summer between the economic reports coming out, with respect to GDP, the employment cost index and the Fed meeting — and the 175 S&P 500 companies reporting earnings,” said Leo Grohowski, chief investment officer at BNY Mellon Wealth Management.
*****
> Second-quarter gross domestic product is expected Thursday. The Fed’s preferred personal consumption expenditures inflation data comes out Friday morning, as does the employment cost index. Home prices and new home sales are reported Tuesday and consumer sentiment is released Friday.
*****
> “I think what those bigger companies say about the outlook will be more important than the earnings they post. ... When you combine that with the statistical reports, which will be backward looking, I think it’s going to be a volatile and important week,” Grohowski said.
*****
> The run-up to the Fed’s meeting on Tuesday and Wednesday has already proven to be dramatic, with traders at one point convinced a full point rate hike was coming. But Fed officials pushed back on that view, and economists widely expect a second three-quarter point hike to follow the one last month.
*****
> “Obviously a 75 basis point hike is baked in the cake for next week,” said Grohowski. “I think the question is what happens in September. If the Fed is continuing to stay too tight for too long, we will need to increase our probability of recession, which currently stands at 60% over the next 12 months.” A basis point equals 0.01%.
*****
> The Fed’s rate hiking is the most aggressive in decades, and the July meeting comes as investors are trying to determine whether the central bank’s tighter policies have already or will trigger a recession. That makes the economic reports in the week ahead all the more important.
*****
> # GDP report
> Topping the list is that second-quarter GDP, expected to be negative by many forecasters. A contraction would be the second in a row on top of the 1.6% decline in the first quarter. Two negative quarters in a row, when confirming declines in other data, is viewed as the sign of a recession.
*****
> The widely watched Atlanta Fed GDP Now was tracking at a decline of 1.6% for the second quarter. According to Dow Jones, a consensus forecast of economists expects a 0.3% increase.
*****
> “Who knows? We could get a back-of-the-envelope recession with the next GDP report. There’s a 50/50 chance the GDP report is negative,” Grohowski said. “It’s the simple definition of two down quarters in a row.” He added, however, that would not mean an official recession would be declared by the National Bureau of Economic Research, which considers a number of factors.
*****
> Diane Swonk, chief economist at KPMG, expects to see a decline of 1.9%, but added it is not yet a recession because unemployment would need to rise as well, by as much as a half percent.
*****
> “That’s two negative quarters in a row, and a lot of people are going to say ‘recession, recession, recession,’ but it’s not a recession yet,” she said. “The consumer slowed quite a bit during the quarter. Trade remains a huge problem and inventories were drained instead of built. What’s interesting is those inventories were drained without a lot of discounting. My suspicion is inventories were ordered at even higher prices.”
*****
> Stocks in the past week were higher. The S&P 500 ended the week with a 2.6% gain, and the Nasdaq was up 3.3% as earnings bolstered sentiment.
*****
> “We’re really shifting gears in terms of what’s going to be important next week versus this week,” said Art Hogan, chief market strategist at National Securities. “We really had an economic data that was largely ignored. Next week, it will probably equal the attention we pay to the household names that are reporting.”
*****
> # Better-than-expected earnings?
> Companies continued to surprise on the upside in the past week, with 75.5% of the S&P 500 earnings better than expected, according to I/B/E/S data from Refinitiv. Even more impressive is that the growth rate of earnings for the second quarter continued to grow.
*****
> As of Friday morning, S&P 500 earnings were expected to grow by 6.2%, based on actual reports and estimates, up from 5.6% a week earlier.
*****
> “We have kind of a perfect storm of inputs, pretty deep economic reports across the board, with things that have become important, like consumer confidence and new home sales,” said Hogan “For me, the real tell will be whether the attitude of investors continues to be that the earnings season is better than feared.”
*****
> While stocks gained in the past week, bond yields continued to slide, as traders worried about the potential for recession. The benchmark 10-year Treasury yield fell to 2.76% Friday, after weaker PMIs in Europe and the U.S. sent a chilling warning on the economy. Yields move opposite price.
*****
> “I do think the market is pivoting,” said Grohowski. “I do think our concerns at least are quickly shifting from persistent inflation to concerns over recession.”
*****
> The potential for volatility is high, with markets focused on the Fed, earnings and recession worries. Fed Chair Jerome Powell could also create some waves, if he is more hawkish than expected.
*****
> “There are a lot of signs out there about slowing economic growth that will bring down inflation. Hopefully, the Fed doesn’t stay too tight for too long,” said Grohowski. “The chance of a policy error by the Fed continues to increase because we continue to get signs of a rapidly cooling — not just cooling — economy.”

*****

# **This past week saw the following moves in the S&P:**
###### **([CLICK HERE FOR THE FULL S&P TREE MAP FOR THE PAST WEEK!](https://i.imgur.com/8J3DLyv.png))**

# **S&P Sectors for this past week:**
###### **([CLICK HERE FOR THE S&P SECTORS FOR THE PAST WEEK!](https://i.imgur.com/YaSG4Pu.png))**

# **Major Indices for this past week:**
###### **([CLICK HERE FOR THE MAJOR INDICES FOR THE PAST WEEK!](https://i.imgur.com/2XpITl4.png))**

# **Major Futures Markets as of Friday's close:**
###### **([CLICK HERE FOR THE MAJOR FUTURES INDICES AS OF FRIDAY!](https://i.imgur.com/octiNtp.png))**

# **Economic Calendar for the Week Ahead:**
###### **([CLICK HERE FOR THE FULL ECONOMIC CALENDAR FOR THE WEEK AHEAD!](https://i.imgur.com/8A0pSes.png))**

# **Percentage Changes for the Major Indices, WTD, MTD, QTD, YTD as of Friday's close:**
###### **([CLICK HERE FOR THE CHART!](https://i.imgur.com/pjySjaS.png))**

# **S&P Sectors for the Past Week:**
###### **([CLICK HERE FOR THE CHART!](https://i.imgur.com/hsiQxj8.png))**

# **Major Indices Pullback/Correction Levels as of Friday's close:**
###### **([CLICK HERE FOR THE CHART!](https://i.imgur.com/KLIaAcz.png))**

# **Major Indices Rally Levels as of Friday's close:**
###### **([CLICK HERE FOR THE CHART!](https://i.imgur.com/PUIyqnF.png))**

# **Most Anticipated Earnings Releases for this week:**
###### **([CLICK HERE FOR THE CHART!](https://i.imgur.com/AbB8BWH.png))**

# **Here are the upcoming IPO's for this week:**
###### **([CLICK HERE FOR THE CHART!](https://i.imgur.com/vZeyE2N.png))**

# **Friday's Stock Analyst Upgrades & Downgrades:**
###### **([CLICK HERE FOR THE CHART LINK #1!](https://i.imgur.com/0y7SlO0.png))**
###### **([CLICK HERE FOR THE CHART LINK #2!](https://i.imgur.com/mVij6vp.png))**
###### **([CLICK HERE FOR THE CHART LINK #3!](https://i.imgur.com/DtiZEXa.png))**

*****

> # August is the worst DJIA and S&P 500 since 1988

> August is amongst the worst months of the year. It is the worst DJIA, S&P 500, Russell 1000 and Russell 2000 month over the last 34 years, 1988-2021 with average declines ranging from –0.3% by Russell 2000 to –0.8% by DJIA. For NASDAQ August ranks second worst over the same period with an average gain of 0.3%.

> ###### **([CLICK HERE FOR THE CHART!](https://64.media.tumblr.com/b075626ea3874e2fc116db33a8761fd5/0055cd9c0de3cf55-22/s500x750/15499d85ea532121b439c6e81fa8a9943d381a24.jpg))**

> Contributing to this poor performance since 1988; the second shortest bear market in history (45 days) caused by turmoil in Russia, the Asian currency crisis and the Long-Term Capital Management hedge fund debacle ending August 31, 1998, with the DJIA shedding 6.4% that day. DJIA dropped 1344.22 points for the month, off 15.1%—which is the second worst monthly percentage DJIA loss since 1950. Saddam Hussein triggered a 10.0% slide in August 1990. The best DJIA gains occurred in 1982 (11.5%) and 1984 (9.8%) as bear markets ended. Sizeable losses in 2010, 2011, 2013 and 2015 of over 4% on DJIA have widened Augusts’ average decline.

> ###### **([CLICK HERE FOR THE CHART!](https://64.media.tumblr.com/2654ca71d08f8fd0df6b99fb95d9b9a2/0055cd9c0de3cf55-b6/s400x600/43a701788e7e1289967b0870c0c5c46b873c75d6.jpg))**

> In midterm years since 1950, Augusts’ rankings improve slightly: #8 DJIA and S&P 500, #10 NASDAQ (since 1974), #5 Russell 1000 and #10 Russell 2000 (since 1982). Average losses range from –0.2% for S&P 500 to –1.3% for Russell 2000. Russell 1000 has advanced 0.2% on average in midterm Augusts. All five indexes having winning track records, but losses have frequently been substantially larger than gains. DJIA and NASDAQ suffered double-digit losses in 1974, 1990 and 1998.

*****

> # Third Longest Streak of Negative Bull-Bear Spread on Record

> Last week, over a quarter of respondents to the AAII sentiment survey reported bullish sentiment for the first time in over a month. As the S&P 500 has made a considerable move to the upside, bulls have continued to come back this week rising to 29.6%. The percentage of respondents reporting as optimistic has now come back within one standard deviation of its historical average and is at the highest level since the first week of June.

> ###### **([CLICK HERE FOR THE CHART!](https://media.bespokepremium.com/uploads/2022/07/072122-AAII-1.png))**

> Bearish sentiment has fallen in lockstep with the increase in bullish sentiment. After coming in at over 50% two weeks ago, the reading has shed 10.6 percentage points. Albeit improved, bearish sentiment remains well above the historical average and the double-digit two-week decline is actually the seventh of the year. In other words, the sharp drop in bearish sentiment is not exactly unusual compared to other moves this year as it still has further to go until it reaches a more ""normal"" level.

> ###### **([CLICK HERE FOR THE CHART!](https://media.bespokepremium.com/uploads/2022/07/072122-AAII-2.png))**

> Regardless, with inverse moves in bulls and bears the bull-bear spread has risen to -12.6. That is the highest reading since the first week of June and, as shown in the second chart below, the 16th consecutive week with bears outnumbering bulls. Clearing two other streaks from the early 2000s, that is now the third longest streak on record behind the 22 and 34-week-long streaks ending in December 1990 and October 2020, respectively.

> ###### **([CLICK HERE FOR THE CHART!](https://media.bespokepremium.com/uploads/2022/07/072122-AAII-3.png))**

> ###### **([CLICK HERE FOR THE CHART!](https://media.bespokepremium.com/uploads/2022/07/072122-AAII-Streak.png))**

> Not all of the losses to bears went to bulls. Neutral sentiment also rose this week rising to 28.2% from 26.6% last week. That is the highest level in three weeks as neutral sentiment has generally been less volatile than bulls and bears recently.

> ###### **([CLICK HERE FOR THE CHART!](https://media.bespokepremium.com/uploads/2022/07/072122-AAII-4.png))**

***** 

> # Declines Abound in Mortgage Data

> Roughly one month ago, the national average for a 30 year fixed rate mortgage peaked above 6%. Since then, the rate has pulled back and stabilized around 5.75% in the past several weeks. Although mortgage rates have stabilized a bit, they remain at some of the highest levels since 2008 and have been heading marginally higher in the past week.

> ###### **([CLICK HERE FOR THE CHART!](https://media.bespokepremium.com/uploads/2022/07/072022-MBA-30y.png))**

> Given the slight rise in rates, demand for mortgages continues to predict further weakness in upcoming home sales data as we noted in today's Morning Lineup. The MBA's Mortgage Purchase index released this morning came in at a slightly lower reading than the June 3rd low for the weakest reading in the index since March and April of 2020. This week's low is also below the range from the few years prior to the pandemic.

> ###### **([CLICK HERE FOR THE CHART!](https://media.bespokepremium.com/uploads/2022/07/072022-MBA-Purch.png))**

> Not only has there been a lower volume of mortgages being applied for, but the actual dollar value of those loans has also plummeted amidst higher rates. As shown below, the average value of purchases reached a high of $460K back in March after a big increase in the first few months of this year. Since then, it has entirely reversed that move with the average value of loans having fallen all the way back down to $406K. That echoes the findings in other recent housing data which has similarly shown declines in home prices.

> ###### **([CLICK HERE FOR THE CHART!](https://media.bespokepremium.com/uploads/2022/07/072022-MBA-Value.png))**

> Higher rates have had an even more significant impact on refinance activity. Following another drop this week, the MBA's index tracking refinancings has now reached the lowest level since November 2000.

> ###### **([CLICK HERE FOR THE CHART!](https://media.bespokepremium.com/uploads/2022/07/072022-MBA-Refi.png))**

*****

> # Speculators Head for the Hills

> As we do each Monday in our Closer report, we reviewed the latest data from Friday's release of the CFTC's Commitments of Traders (CoT) Report. This data shows how speculators are positioned in various assets based on positions in the various futures contracts. One asset that has seen some of the most notable changes of the report in recent weeks has been the S&P 500. As recently as one month ago, that data showed a net 1.29% of open interest was positioned long. Even though the S&P 500 has managed to come off the lows in the past month, positioning has collapsed with a massive move lower meaning there are far more speculators positioned short than long.

> Whereas one month ago the reading was net long, in the latest data as of last Tuesday a net 9.3% of open interest was short. That made for the lowest reading since October 2015. In other words, speculators are positioned more pessimistically now than they were during the COVID crash, during the late 2018 near bear market, or any other time over the past several years. The change in positioning has also been rapid. As shown in the second chart below, that net positioning reading has fallen over 10 percentage points in just 4 weeks. Earlier this year in March there was an even larger 12.5 percentage point decline but prior to that, looking back through the history of this data, such large moves have been much rarer over the past decade than was the case in the 2000s and before. In fact, prior to this year the last time positioning in S&P 500 futures fell double digits in four weeks was all the way back in August 2011. On the other hand, the early 2000s frequently saw moves of this size if not larger.

> ###### **([CLICK HERE FOR THE CHART!](https://media.bespokepremium.com/uploads/2022/07/071922-COT-SP.png))**

> Typically, sentiment data is considered contrarian in nature. In other words, pessimistic sentiment readings are followed by stronger forward performance of equities and vice versa. That has not exactly been the case for this CoT positioning data. Following past declines of at least 10 percentage points, returns have been mixed.

> After declines of similar magnitude, the S&P 500 has experienced modest outperformance over the next week. One and three months out, however, have tended to be weaker with postive returns only half the time with negative returns on an average basis. Over the next month, each of the past four instances have been followed by declines.

> Six and twelve months out have seen the S&P 500 higher two-thirds of the time, but average and median returns are not significantly better relative to all periods.

> ###### **([CLICK HERE FOR THE CHART!](https://media.bespokepremium.com/uploads/2022/07/071922-COT-SP-2.png))**

*****

> # More Small-cap weakness likely as Russell 2000 enters historically weakest part of year

> ###### **([CLICK HERE FOR THE CHART!](https://64.media.tumblr.com/8fd703b64f2ab0d42bb9b829b105a769/3ff497f2b81cc1bf-69/s500x750/97c22df40bbed926529f6e903d4037d7b7431a50.jpg))**

> In the above chart, 43 years of daily data for the Russell 2000 index of smaller companies are divided by the Russell 1000 index of largest companies, and then compressed into a single year to show an idealized yearly pattern. When the graph is descending, large caps are outperforming smaller companies; when the graph is rising, smaller companies are moving up faster than their larger brethren. Small-caps have historically peaked versus large-caps in late-May to early June and tend to underperform until sometime in the fourth quarter.

*****

> # Best Performers Since Mid-June Low

> Since June 16th, the market has reversed course higher, making the date at least a near-term bottom. From a technical perspective, the Russell 1000 broke through its 50-day moving average yesterday and broke above its upper downtrend line today. The 50-DMA is still moving lower, but this is the first time that the Russell 1000 has been above the 50-DMA since April 20th. However, the index is still 9.7% below its 200-DMA. These moves come as commodity prices have pulled back and earnings season begins.

> ###### **([CLICK HERE FOR THE CHART!](https://media.bespokepremium.com/uploads/2022/07/Russell-1000-Index-Chart-072022.png))**

> As we highlighted in a Chart of the Day earlier this week, the lagging sectors during bear market declines tend to be the leaders in bear market rallies, which is holding true in the bounce since 6/16. The table below shows the 20 best performing stocks in the Russell 1000 Index since the 6/16 low. As you can see, these stocks are all still down considerably on a YTD basis, declining a median of 50.1%. However, these stocks have rebounded by a median of 42.1% since the low on 6/16. Only one of these stocks is below its 50-DMA, and only two are above their respective 200-DMA. If you think that the bear market has concluded, these would be some of the names worth looking deeper into.

> ###### **([CLICK HERE FOR THE CHART!](https://media.bespokepremium.com/uploads/2022/07/R1000-Stocks-Best-Since-616-072022.png))**

> On the other hand, the best performing sectors during bear market declines tend to be the worst performing sectors during bear market rallies. Of the 20 worst performing Russell 1000 stocks since 6/16, 14 belong to the energy sector (which has been the best sector on a YTD basis by a wide margin). On a median basis, these 20 stocks are still up 13.6% on a YTD basis, but they've shed 13.7% of their value since the market bottomed in mid June. Notably, these stocks (on a median basis) are closer to their 200-DMAs than they are to their 50-DMAs. If you think that we are currently in a bear market rally that is bound to reverse course, these names would be worth looking deeper into.

> ###### **([CLICK HERE FOR THE CHART!](https://media.bespokepremium.com/uploads/2022/07/R1000-Stocks-Worst-Since-616-072022.png))**

*****

> ###### **([CLICK HERE FOR THE CHART!](https://media.bespokepremium.com/uploads/2022/07/071222-10-1.png))**

*****

# **STOCK MARKET VIDEO: Stock Market Analysis Video for Week Ending July 22nd, 2022** 
###### **([CLICK HERE FOR THE YOUTUBE VIDEO!](https://www.youtube.com/watch?v=MOOvsOKifek))**

*****

Here are the most notable companies (tickers) reporting earnings in this upcoming trading week ahead-

*****

> * (**$AAPL $AMZN $GOOGL $MSFT $META $SHOP $UPS $BA $XOM $KO $F $ROKU $TLRY $GM $QCOM $PFE $GE $V $CVX $MCD $BAX $INTC $ENPH $SPOT $INFY $RTX $PHG $VLO $CL $LUV $MA $NEM $HOLX $ADM $SQSP $MO $TDOC $MRK $X $WM $PG $ACI $BTU $CMG $NXPI $DORM**)

*****

###### **([CLICK HERE FOR NEXT WEEK'S MOST NOTABLE EARNINGS RELEASES!](https://i.imgur.com/AbB8BWH.png))**
###### **([CLICK HERE FOR NEXT WEEK'S HIGHEST VOLATILITY EARNINGS RELEASES!](https://i.imgur.com/zV3uLyh.png))**
###### **([CLICK HERE FOR THE MOST NOTABLE EARNINGS RELEASES FOR THE NEXT 3 WEEKS!](https://i.imgur.com/OxtujfG.png))**
###### **([CLICK HERE FOR MONDAY'S PRE-MARKET NOTABLE EARNINGS RELEASES!](https://i.imgur.com/XQq5YNY.png))**

*****

Below are some of the notable companies coming out with earnings releases this upcoming trading week ahead which includes the date/time of release & consensus estimates courtesy of Earnings Whispers:

*****

> # ***Monday 7.25.22 Before Market Open:***
> ###### ([CLICK HERE FOR MONDAY'S PRE-MARKET EARNINGS TIME & ESTIMATES!](https://i.imgur.com/X05tiDB.png))

> # ***Monday 7.25.22 After Market Close:*** 
> ###### ([CLICK HERE FOR MONDAY'S AFTER-MARKET EARNINGS TIME & ESTIMATES!](https://i.imgur.com/j51xcSd.png))

*****

> # ***Tuesday 7.26.22 Before Market Open:***
> ###### ([CLICK HERE FOR TUESDAY'S PRE-MARKET EARNINGS TIME & ESTIMATES!](https://i.imgur.com/SzH2kYS.png))

> # ***Tuesday 7.26.22 After Market Close:*** 
> ###### ([CLICK HERE FOR TUESDAY'S AFTER-MARKET EARNINGS TIME & ESTIMATES LINK #1!](https://i.imgur.com/nNQPPcS.png))
> ###### ([CLICK HERE FOR TUESDAY'S AFTER-MARKET EARNINGS TIME & ESTIMATES LINK #2!](https://i.imgur.com/wBNoAig.png))

*****

> # ***Wednesday 7.27.22 Before Market Open:*** 
> ###### ([CLICK HERE FOR WEDNESDAY'S PRE-MARKET EARNINGS TIME & ESTIMATES LINK #1!](https://i.imgur.com/7BYrbDh.png))
> ###### ([CLICK HERE FOR WEDNESDAY'S PRE-MARKET EARNINGS TIME & ESTIMATES LINK #2!](https://i.imgur.com/oLG2Ci3.png))

> # ***Wednesday 7.27.22 After Market Close:*** 
> ###### ([CLICK HERE FOR WEDNESDAY'S AFTER-MARKET EARNINGS TIME & ESTIMATES LINK #1!](https://i.imgur.com/OPLMAbM.png))
> ###### ([CLICK HERE FOR WEDNESDAY'S AFTER-MARKET EARNINGS TIME & ESTIMATES LINK #2!](https://i.imgur.com/YKdWKDE.png))
> ###### ([CLICK HERE FOR WEDNESDAY'S AFTER-MARKET EARNINGS TIME & ESTIMATES LINK #3!](https://i.imgur.com/BYwQnIw.png))

*****

> # ***Thursday 7.28.22 Before Market Open:*** 
> ###### ([CLICK HERE FOR THURSDAY'S PRE-MARKET EARNINGS TIME & ESTIMATES LINK #1!](https://i.imgur.com/Q0ChT0R.png))
> ###### ([CLICK HERE FOR THURSDAY'S PRE-MARKET EARNINGS TIME & ESTIMATES LINK #2!](https://i.imgur.com/y8r5PG8.png))
> ###### ([CLICK HERE FOR THURSDAY'S PRE-MARKET EARNINGS TIME & ESTIMATES LINK #3!](https://i.imgur.com/sGC0Qvj.png))

> # ***Thursday 7.28.22 After Market Close:*** 
> ###### ([CLICK HERE FOR THURSDAY'S AFTER-MARKET EARNINGS TIME & ESTIMATES LINK #1!](https://i.imgur.com/9EHJHKo.png))
> ###### ([CLICK HERE FOR THURSDAY'S AFTER-MARKET EARNINGS TIME & ESTIMATES LINK #2!](https://i.imgur.com/aiqXPFy.png))
> ###### ([CLICK HERE FOR THURSDAY'S AFTER-MARKET EARNINGS TIME & ESTIMATES LINK #3!](https://i.imgur.com/84f8Eoz.png))


*****

> # ***Friday 7.29.22 Before Market Open:*** 
> ###### ([CLICK HERE FOR FRIDAY'S PRE-MARKET EARNINGS TIME & ESTIMATES!](https://i.imgur.com/p7O5vcg.png))

*****

> # ***Friday 7.29.22 After Market Close:***
> ###### ([CLICK HERE FOR FRIDAY'S AFTER-MARKET EARNINGS TIME & ESTIMATES!]())
(NONE.)

*****

> # Apple, Inc. $154.09
**Apple, Inc. (AAPL)** is confirmed to report earnings at approximately 4:30 PM ET on Thursday, July 28, 2022. The consensus earnings estimate is $1.13 per share on revenue of $82.42 billion and the Earnings Whisper ® number is $1.19 per share. Investor sentiment going into the company's earnings release has 47% expecting an earnings beat. Consensus estimates are for earnings to decline year-over-year by 13.08% with revenue increasing by 1.21%. Short interest has increased by 9.4% since the company's last earnings release while the stock has drifted lower by 4.8% from its open following the earnings release to be 3.0% below its 200 day moving average of $158.86. Overall earnings estimates have been revised lower since the company's last earnings release. On Tuesday, July 12, 2022 there was some notable buying of 79,605 contracts of the $145.00 call and 78,925 contracts of the $145.00 put expiring on Friday, August 19, 2022. Option traders are pricing in a 5.1% move on earnings and the stock has averaged a 2.9% move in recent quarters.

> #([CLICK HERE FOR THE CHART!](https://charts.finviz.com/chart.ashx?t=AAPL&ty=c&ta=st_c,sch_200p,sma_50,sma_200,sma_20,sma_100,bb_20_2,rsi_b_14,macd_b_12_26_9,stofu_b_14_3_3&p=d&s=l))

*****

> # Amazon.com, Inc. $122.42
**Amazon.com, Inc. (AMZN)** is confirmed to report earnings at approximately 4:00 PM ET on Thursday, July 28, 2022. The consensus earnings estimate is $0.15 per share on revenue of $119.45 billion and the Earnings Whisper ® number is $0.14 per share. Investor sentiment going into the company's earnings release has 56% expecting an earnings beat. Consensus estimates are for earnings to decline year-over-year by 80.16% with revenue increasing by 5.63%. Short interest has increased by 2,465.4% since the company's last earnings release while the stock has drifted lower by 5.7% from its open following the earnings release to be 16.7% below its 200 day moving average of $147.03. Overall earnings estimates have been revised lower since the company's last earnings release. On Tuesday, July 12, 2022 there was some notable buying of 27,663 contracts of the $120.00 call and 25,325 contracts of the $120.00 put expiring on Friday, August 19, 2022. Option traders are pricing in a 7.3% move on earnings and the stock has averaged a 6.6% move in recent quarters.

> #([CLICK HERE FOR THE CHART!](https://charts.finviz.com/chart.ashx?t=AMZN&ty=c&ta=st_c,sch_200p,sma_50,sma_200,sma_20,sma_100,bb_20_2,rsi_b_14,macd_b_12_26_9,stofu_b_14_3_3&p=d&s=l))

*****

> # Alphabet Inc. $107.90
**Alphabet Inc. (GOOGL)** is confirmed to report earnings at approximately 4:00 PM ET on Tuesday, July 26, 2022. The consensus earnings estimate is $1.28 per share on revenue of $70.78 billion and the Earnings Whisper ® number is $1.24 per share. Investor sentiment going into the company's earnings release has 60% expecting an earnings beat. Consensus estimates are for earnings to decline year-over-year by 6.09% with revenue increasing by 14.38%. Short interest has increased by 41.0% since the company's last earnings release while the stock has drifted lower by 5.7% from its open following the earnings release to be 17.7% below its 200 day moving average of $131.14. Overall earnings estimates have been revised lower since the company's last earnings release. On Friday, July 22, 2022 there was some notable buying of 17,055 contracts of the $115.00 call expiring on Friday, July 29, 2022. Option traders are pricing in a 7.1% move on earnings and the stock has averaged a 4.9% move in recent quarters.

> #([CLICK HERE FOR THE CHART!](https://charts.finviz.com/chart.ashx?t=GOOGL&ty=c&ta=st_c,sch_200p,sma_50,sma_200,sma_20,sma_100,bb_20_2,rsi_b_14,macd_b_12_26_9,stofu_b_14_3_3&p=d&s=l))

*****

> # Microsoft Corp. $260.36
**Microsoft Corp. (MSFT)** is confirmed to report earnings at approximately 4:00 PM ET on Tuesday, July 26, 2022. The consensus earnings estimate is $2.28 per share on revenue of $52.87 billion and the Earnings Whisper ® number is $2.37 per share. Investor sentiment going into the company's earnings release has 64% expecting an earnings beat. Consensus estimates are for year-over-year earnings growth of 5.07% with revenue increasing by 14.56%. Short interest has increased by 9.3% since the company's last earnings release while the stock has drifted lower by 7.7% from its open following the earnings release to be 12.5% below its 200 day moving average of $297.48. Overall earnings estimates have been revised lower since the company's last earnings release. On Tuesday, July 12, 2022 there was some notable buying of 9,058 contracts of the $270.00 call and 8,830 contracts of the $270.00 put expiring on Friday, September 16, 2022. Option traders are pricing in a 5.0% move on earnings and the stock has averaged a 2.5% move in recent quarters.

> #([CLICK HERE FOR THE CHART!](https://charts.finviz.com/chart.ashx?t=MSFT&ty=c&ta=st_c,sch_200p,sma_50,sma_200,sma_20,sma_100,bb_20_2,rsi_b_14,macd_b_12_26_9,stofu_b_14_3_3&p=d&s=l))

*****

> # Meta Platforms, Inc. $169.27
**Meta Platforms, Inc. (META)** is confirmed to report earnings at approximately 4:05 PM ET on Wednesday, July 27, 2022. The consensus earnings estimate is $2.51 per share on revenue of $28.92 billion and the Earnings Whisper ® number is $2.53 per share. Investor sentiment going into the company's earnings release has 53% expecting an earnings beat. Consensus estimates are for earnings to decline year-over-year by 30.47% with revenue decreasing by 0.54%. The stock has drifted lower by 16.6% from its open following the earnings release to be 32.3% below its 200 day moving average of $250.04. Overall earnings estimates have been revised lower since the company's last earnings release. On Tuesday, July 5, 2022 there was some notable buying of 20,091 contracts of the $200.00 call expiring on Friday, November 18, 2022. Option traders are pricing in a 11.8% move on earnings and the stock has averaged a 10.3% move in recent quarters.

> #([CLICK HERE FOR THE CHART!](https://charts.finviz.com/chart.ashx?t=META&ty=c&ta=st_c,sch_200p,sma_50,sma_200,sma_20,sma_100,bb_20_2,rsi_b_14,macd_b_12_26_9,stofu_b_14_3_3&p=d&s=l))

*****

> # Shopify Inc. $37.35
**Shopify Inc. (SHOP)** is confirmed to report earnings at approximately 7:00 AM ET on Wednesday, July 27, 2022. The consensus earnings estimate is $0.03 per share on revenue of $1.75 billion and the Earnings Whisper ® number is $0.06 per share. Investor sentiment going into the company's earnings release has 44% expecting an earnings beat. Consensus estimates are for earnings to decline year-over-year by 86.90% with revenue increasing by 56.33%. Short interest has increased by 856.9% since the company's last earnings release while the stock has drifted lower by 8.4% from its open following the earnings release to be 56.5% below its 200 day moving average of $85.79. Overall earnings estimates have been revised higher since the company's last earnings release. On Thursday, July 21, 2022 there was some notable buying of 10,282 contracts of the $50.00 call expiring on Friday, August 19, 2022. Option traders are pricing in a 13.5% move on earnings and the stock has averaged a 9.0% move in recent quarters.

> #([CLICK HERE FOR THE CHART!](https://charts.finviz.com/chart.ashx?t=SHOP&ty=c&ta=st_c,sch_200p,sma_50,sma_200,sma_20,sma_100,bb_20_2,rsi_b_14,macd_b_12_26_9,stofu_b_14_3_3&p=d&s=l))

*****

> # United Parcel Service, Inc. $187.98
**United Parcel Service, Inc. (UPS)** is confirmed to report earnings at approximately 6:00 AM ET on Tuesday, July 26, 2022. The consensus earnings estimate is $3.14 per share on revenue of $24.61 billion and the Earnings Whisper ® number is $3.24 per share. Investor sentiment going into the company's earnings release has 60% expecting an earnings beat. Consensus estimates are for year-over-year earnings growth of 2.61% with revenue increasing by 5.06%. Short interest has increased by 42.1% since the company's last earnings release while the stock has drifted higher by 0.7% from its open following the earnings release to be 5.0% below its 200 day moving average of $197.88. Overall earnings estimates have been revised lower since the company's last earnings release. On Thursday, July 21, 2022 there was some notable buying of 5,468 contracts of the $205.00 call expiring on Friday, August 19, 2022. Option traders are pricing in a 8.0% move on earnings and the stock has averaged a 7.4% move in recent quarters.

> #([CLICK HERE FOR THE CHART!](https://charts.finviz.com/chart.ashx?t=UPS&ty=c&ta=st_c,sch_200p,sma_50,sma_200,sma_20,sma_100,bb_20_2,rsi_b_14,macd_b_12_26_9,stofu_b_14_3_3&p=d&s=l))

*****

> # Boeing Co. $158.16
**Boeing Co. (BA)** is confirmed to report earnings at approximately 7:30 AM ET on Wednesday, July 27, 2022. The consensus estimate is for a loss of $0.08 per share on revenue of $17.54 billion and the Earnings Whisper ® number is ($0.04) per share. Investor sentiment going into the company's earnings release has 41% expecting an earnings beat. Consensus estimates are for earnings to decline year-over-year by 120.00% with revenue increasing by 3.19%. Short interest has increased by 53.5% since the company's last earnings release while the stock has drifted lower by 1.9% from its open following the earnings release to be 13.3% below its 200 day moving average of $182.47. Overall earnings estimates have been revised lower since the company's last earnings release. On Wednesday, July 13, 2022 there was some notable buying of 12,752 contracts of the $145.00 call and 12,620 contracts of the $145.00 put expiring on Friday, August 19, 2022. Option traders are pricing in a 6.5% move on earnings and the stock has averaged a 4.2% move in recent quarters.

> #([CLICK HERE FOR THE CHART!](https://charts.finviz.com/chart.ashx?t=BA&ty=c&ta=st_c,sch_200p,sma_50,sma_200,sma_20,sma_100,bb_20_2,rsi_b_14,macd_b_12_26_9,stofu_b_14_3_3&p=d&s=l))

*****

> # Exxon Mobil Corp. $87.08
**Exxon Mobil Corp. (XOM)** is confirmed to report earnings at approximately 6:30 AM ET on Friday, July 29, 2022. The consensus earnings estimate is $3.53 per share on revenue of $120.24 billion and the Earnings Whisper ® number is $3.61 per share. Investor sentiment going into the company's earnings release has 84% expecting an earnings beat. Consensus estimates are for year-over-year earnings growth of 220.91% with revenue increasing by 77.50%. Short interest has increased by 21.4% since the company's last earnings release while the stock has drifted lower by 1.2% from its open following the earnings release to be 12.6% above its 200 day moving average of $77.35. Overall earnings estimates have been revised higher since the company's last earnings release. On Tuesday, July 19, 2022 there was some notable buying of 10,543 contracts of the $100.00 call expiring on Friday, September 16, 2022. Option traders are pricing in a 4.7% move on earnings and the stock has averaged a 2.6% move in recent quarters.

> #([CLICK HERE FOR THE CHART!](https://charts.finviz.com/chart.ashx?t=XOM&ty=c&ta=st_c,sch_200p,sma_50,sma_200,sma_20,sma_100,bb_20_2,rsi_b_14,macd_b_12_26_9,stofu_b_14_3_3&p=d&s=l))

*****

> # Coca-Cola Company $61.59
**Coca-Cola Company (KO)** is confirmed to report earnings at approximately 6:55 AM ET on Tuesday, July 26, 2022. The consensus earnings estimate is $0.67 per share on revenue of $10.56 billion and the Earnings Whisper ® number is $0.69 per share. Investor sentiment going into the company's earnings release has 54% expecting an earnings beat. Consensus estimates are for earnings to decline year-over-year by 1.47% with revenue increasing by 4.26%. Short interest has increased by 27.5% since the company's last earnings release while the stock has drifted lower by 8.1% from its open following the earnings release to be 2.5% above its 200 day moving average of $60.07. Overall earnings estimates have been revised lower since the company's last earnings release. On Monday, July 18, 2022 there was some notable buying of 20,402 contracts of the $47.50 put expiring on Friday, September 16, 2022. Option traders are pricing in a 3.1% move on earnings and the stock has averaged a 0.9% move in recent quarters.

> #([CLICK HERE FOR THE CHART!](https://charts.finviz.com/chart.ashx?t=KO&ty=c&ta=st_c,sch_200p,sma_50,sma_200,sma_20,sma_100,bb_20_2,rsi_b_14,macd_b_12_26_9,stofu_b_14_3_3&p=d&s=l))

*****

# DISCUSS!

What are you all watching for in this upcoming trading week?

*****

> # Join the Official Reddit Stock Market Chat Discord Server **[HERE!](https://discord.gg/HJxyDVRHZW)**

*****

I hope you all have a wonderful weekend and a great trading week ahead r/StockMarket. :)",newly_included
w5o6gj,2022-07-22,stocks,"Wall Street Week Ahead for the trading week beginning July 25th, 2022",Russia,available,False,False,True,False,True,True,True,False,False,True,False,False,True,excluded,geopolitical_crisis_financial,True,"Good Friday evening to all of you here on r/stocks! I hope everyone on this sub made out pretty nicely in the market this past week, and are ready for the new trading week ahead. :)

Here is everything you need to know to get you ready for the trading week beginning July 25th, 2022.

# **Markets face what could be the most important week of summer with Fed, earnings and economic data - [(Source)](https://www.cnbc.com/2022/07/22/markets-face-what-could-be-the-most-important-week-of-summer-with-fed-earnings-and-economic-data.html)**
*****
> There’s a head-spinning amount of news for markets to navigate in the week ahead, the biggest of which will be the Federal Reserve’s midweek meeting.
*****
> The two largest U.S. companies — Microsoft and Apple — report Tuesday and Thursday, respectively. Google parent Alphabet releases results Tuesday, and Amazon reports Thursday. Meta Platforms, formerly Facebook, reports Wednesday. In all, more than a third of the S&P 500 companies are reporting.
*****
> On top of that are several hefty economic reports, which should add fuel to the debate on whether the economy is heading toward, or is already in, a recession.
*****
> “Next week, I think, is going to be the most important week of the summer between the economic reports coming out, with respect to GDP, the employment cost index and the Fed meeting — and the 175 S&P 500 companies reporting earnings,” said Leo Grohowski, chief investment officer at BNY Mellon Wealth Management.
*****
> Second-quarter gross domestic product is expected Thursday. The Fed’s preferred personal consumption expenditures inflation data comes out Friday morning, as does the employment cost index. Home prices and new home sales are reported Tuesday and consumer sentiment is released Friday.
*****
> “I think what those bigger companies say about the outlook will be more important than the earnings they post. ... When you combine that with the statistical reports, which will be backward looking, I think it’s going to be a volatile and important week,” Grohowski said.
*****
> The run-up to the Fed’s meeting on Tuesday and Wednesday has already proven to be dramatic, with traders at one point convinced a full point rate hike was coming. But Fed officials pushed back on that view, and economists widely expect a second three-quarter point hike to follow the one last month.
*****
> “Obviously a 75 basis point hike is baked in the cake for next week,” said Grohowski. “I think the question is what happens in September. If the Fed is continuing to stay too tight for too long, we will need to increase our probability of recession, which currently stands at 60% over the next 12 months.” A basis point equals 0.01%.
*****
> The Fed’s rate hiking is the most aggressive in decades, and the July meeting comes as investors are trying to determine whether the central bank’s tighter policies have already or will trigger a recession. That makes the economic reports in the week ahead all the more important.
*****
> # GDP report
> Topping the list is that second-quarter GDP, expected to be negative by many forecasters. A contraction would be the second in a row on top of the 1.6% decline in the first quarter. Two negative quarters in a row, when confirming declines in other data, is viewed as the sign of a recession.
*****
> The widely watched Atlanta Fed GDP Now was tracking at a decline of 1.6% for the second quarter. According to Dow Jones, a consensus forecast of economists expects a 0.3% increase.
*****
> “Who knows? We could get a back-of-the-envelope recession with the next GDP report. There’s a 50/50 chance the GDP report is negative,” Grohowski said. “It’s the simple definition of two down quarters in a row.” He added, however, that would not mean an official recession would be declared by the National Bureau of Economic Research, which considers a number of factors.
*****
> Diane Swonk, chief economist at KPMG, expects to see a decline of 1.9%, but added it is not yet a recession because unemployment would need to rise as well, by as much as a half percent.
*****
> “That’s two negative quarters in a row, and a lot of people are going to say ‘recession, recession, recession,’ but it’s not a recession yet,” she said. “The consumer slowed quite a bit during the quarter. Trade remains a huge problem and inventories were drained instead of built. What’s interesting is those inventories were drained without a lot of discounting. My suspicion is inventories were ordered at even higher prices.”
*****
> Stocks in the past week were higher. The S&P 500 ended the week with a 2.6% gain, and the Nasdaq was up 3.3% as earnings bolstered sentiment.
*****
> “We’re really shifting gears in terms of what’s going to be important next week versus this week,” said Art Hogan, chief market strategist at National Securities. “We really had an economic data that was largely ignored. Next week, it will probably equal the attention we pay to the household names that are reporting.”
*****
> # Better-than-expected earnings?
> Companies continued to surprise on the upside in the past week, with 75.5% of the S&P 500 earnings better than expected, according to I/B/E/S data from Refinitiv. Even more impressive is that the growth rate of earnings for the second quarter continued to grow.
*****
> As of Friday morning, S&P 500 earnings were expected to grow by 6.2%, based on actual reports and estimates, up from 5.6% a week earlier.
*****
> “We have kind of a perfect storm of inputs, pretty deep economic reports across the board, with things that have become important, like consumer confidence and new home sales,” said Hogan “For me, the real tell will be whether the attitude of investors continues to be that the earnings season is better than feared.”
*****
> While stocks gained in the past week, bond yields continued to slide, as traders worried about the potential for recession. The benchmark 10-year Treasury yield fell to 2.76% Friday, after weaker PMIs in Europe and the U.S. sent a chilling warning on the economy. Yields move opposite price.
*****
> “I do think the market is pivoting,” said Grohowski. “I do think our concerns at least are quickly shifting from persistent inflation to concerns over recession.”
*****
> The potential for volatility is high, with markets focused on the Fed, earnings and recession worries. Fed Chair Jerome Powell could also create some waves, if he is more hawkish than expected.
*****
> “There are a lot of signs out there about slowing economic growth that will bring down inflation. Hopefully, the Fed doesn’t stay too tight for too long,” said Grohowski. “The chance of a policy error by the Fed continues to increase because we continue to get signs of a rapidly cooling — not just cooling — economy.”

*****

# **This past week saw the following moves in the S&P:**
###### **([CLICK HERE FOR THE FULL S&P TREE MAP FOR THE PAST WEEK!](https://i.imgur.com/8J3DLyv.png))**

# **S&P Sectors for this past week:**
###### **([CLICK HERE FOR THE S&P SECTORS FOR THE PAST WEEK!](https://i.imgur.com/YaSG4Pu.png))**

# **Major Indices for this past week:**
###### **([CLICK HERE FOR THE MAJOR INDICES FOR THE PAST WEEK!](https://i.imgur.com/2XpITl4.png))**

# **Major Futures Markets as of Friday's close:**
###### **([CLICK HERE FOR THE MAJOR FUTURES INDICES AS OF FRIDAY!](https://i.imgur.com/octiNtp.png))**

# **Economic Calendar for the Week Ahead:**
###### **([CLICK HERE FOR THE FULL ECONOMIC CALENDAR FOR THE WEEK AHEAD!](https://i.imgur.com/8A0pSes.png))**

# **Percentage Changes for the Major Indices, WTD, MTD, QTD, YTD as of Friday's close:**
###### **([CLICK HERE FOR THE CHART!](https://i.imgur.com/pjySjaS.png))**

# **S&P Sectors for the Past Week:**
###### **([CLICK HERE FOR THE CHART!](https://i.imgur.com/hsiQxj8.png))**

# **Major Indices Pullback/Correction Levels as of Friday's close:**
###### **([CLICK HERE FOR THE CHART!](https://i.imgur.com/KLIaAcz.png))**

# **Major Indices Rally Levels as of Friday's close:**
###### **([CLICK HERE FOR THE CHART!](https://i.imgur.com/PUIyqnF.png))**

# **Most Anticipated Earnings Releases for this week:**
###### **([CLICK HERE FOR THE CHART!]())**
(T.B.A. THIS WEEKEND.)

# **Here are the upcoming IPO's for this week:**
###### **([CLICK HERE FOR THE CHART!](https://i.imgur.com/vZeyE2N.png))**

# **Friday's Stock Analyst Upgrades & Downgrades:**
###### **([CLICK HERE FOR THE CHART LINK #1!](https://i.imgur.com/0y7SlO0.png))**
###### **([CLICK HERE FOR THE CHART LINK #2!](https://i.imgur.com/mVij6vp.png))**
###### **([CLICK HERE FOR THE CHART LINK #3!](https://i.imgur.com/DtiZEXa.png))**

*****

> # August is the worst DJIA and S&P 500 since 1988

> August is amongst the worst months of the year. It is the worst DJIA, S&P 500, Russell 1000 and Russell 2000 month over the last 34 years, 1988-2021 with average declines ranging from –0.3% by Russell 2000 to –0.8% by DJIA. For NASDAQ August ranks second worst over the same period with an average gain of 0.3%.

> ###### **([CLICK HERE FOR THE CHART!](https://64.media.tumblr.com/b075626ea3874e2fc116db33a8761fd5/0055cd9c0de3cf55-22/s500x750/15499d85ea532121b439c6e81fa8a9943d381a24.jpg))**

> Contributing to this poor performance since 1988; the second shortest bear market in history (45 days) caused by turmoil in Russia, the Asian currency crisis and the Long-Term Capital Management hedge fund debacle ending August 31, 1998, with the DJIA shedding 6.4% that day. DJIA dropped 1344.22 points for the month, off 15.1%—which is the second worst monthly percentage DJIA loss since 1950. Saddam Hussein triggered a 10.0% slide in August 1990. The best DJIA gains occurred in 1982 (11.5%) and 1984 (9.8%) as bear markets ended. Sizeable losses in 2010, 2011, 2013 and 2015 of over 4% on DJIA have widened Augusts’ average decline.

> ###### **([CLICK HERE FOR THE CHART!](https://64.media.tumblr.com/2654ca71d08f8fd0df6b99fb95d9b9a2/0055cd9c0de3cf55-b6/s400x600/43a701788e7e1289967b0870c0c5c46b873c75d6.jpg))**

> In midterm years since 1950, Augusts’ rankings improve slightly: #8 DJIA and S&P 500, #10 NASDAQ (since 1974), #5 Russell 1000 and #10 Russell 2000 (since 1982). Average losses range from –0.2% for S&P 500 to –1.3% for Russell 2000. Russell 1000 has advanced 0.2% on average in midterm Augusts. All five indexes having winning track records, but losses have frequently been substantially larger than gains. DJIA and NASDAQ suffered double-digit losses in 1974, 1990 and 1998.

*****

> # Third Longest Streak of Negative Bull-Bear Spread on Record

> Last week, over a quarter of respondents to the AAII sentiment survey reported bullish sentiment for the first time in over a month. As the S&P 500 has made a considerable move to the upside, bulls have continued to come back this week rising to 29.6%. The percentage of respondents reporting as optimistic has now come back within one standard deviation of its historical average and is at the highest level since the first week of June.

> ###### **([CLICK HERE FOR THE CHART!](https://media.bespokepremium.com/uploads/2022/07/072122-AAII-1.png))**

> Bearish sentiment has fallen in lockstep with the increase in bullish sentiment. After coming in at over 50% two weeks ago, the reading has shed 10.6 percentage points. Albeit improved, bearish sentiment remains well above the historical average and the double-digit two-week decline is actually the seventh of the year. In other words, the sharp drop in bearish sentiment is not exactly unusual compared to other moves this year as it still has further to go until it reaches a more ""normal"" level.

> ###### **([CLICK HERE FOR THE CHART!](https://media.bespokepremium.com/uploads/2022/07/072122-AAII-2.png))**

> Regardless, with inverse moves in bulls and bears the bull-bear spread has risen to -12.6. That is the highest reading since the first week of June and, as shown in the second chart below, the 16th consecutive week with bears outnumbering bulls. Clearing two other streaks from the early 2000s, that is now the third longest streak on record behind the 22 and 34-week-long streaks ending in December 1990 and October 2020, respectively.

> ###### **([CLICK HERE FOR THE CHART!](https://media.bespokepremium.com/uploads/2022/07/072122-AAII-3.png))**

> ###### **([CLICK HERE FOR THE CHART!](https://media.bespokepremium.com/uploads/2022/07/072122-AAII-Streak.png))**

> Not all of the losses to bears went to bulls. Neutral sentiment also rose this week rising to 28.2% from 26.6% last week. That is the highest level in three weeks as neutral sentiment has generally been less volatile than bulls and bears recently.

> ###### **([CLICK HERE FOR THE CHART!](https://media.bespokepremium.com/uploads/2022/07/072122-AAII-4.png))**

***** 

> # Declines Abound in Mortgage Data

> Roughly one month ago, the national average for a 30 year fixed rate mortgage peaked above 6%. Since then, the rate has pulled back and stabilized around 5.75% in the past several weeks. Although mortgage rates have stabilized a bit, they remain at some of the highest levels since 2008 and have been heading marginally higher in the past week.

> ###### **([CLICK HERE FOR THE CHART!](https://media.bespokepremium.com/uploads/2022/07/072022-MBA-30y.png))**

> Given the slight rise in rates, demand for mortgages continues to predict further weakness in upcoming home sales data as we noted in today's Morning Lineup. The MBA's Mortgage Purchase index released this morning came in at a slightly lower reading than the June 3rd low for the weakest reading in the index since March and April of 2020. This week's low is also below the range from the few years prior to the pandemic.

> ###### **([CLICK HERE FOR THE CHART!](https://media.bespokepremium.com/uploads/2022/07/072022-MBA-Purch.png))**

> Not only has there been a lower volume of mortgages being applied for, but the actual dollar value of those loans has also plummeted amidst higher rates. As shown below, the average value of purchases reached a high of $460K back in March after a big increase in the first few months of this year. Since then, it has entirely reversed that move with the average value of loans having fallen all the way back down to $406K. That echoes the findings in other recent housing data which has similarly shown declines in home prices.

> ###### **([CLICK HERE FOR THE CHART!](https://media.bespokepremium.com/uploads/2022/07/072022-MBA-Value.png))**

> Higher rates have had an even more significant impact on refinance activity. Following another drop this week, the MBA's index tracking refinancings has now reached the lowest level since November 2000.

> ###### **([CLICK HERE FOR THE CHART!](https://media.bespokepremium.com/uploads/2022/07/072022-MBA-Refi.png))**

*****

> # Speculators Head for the Hills

> As we do each Monday in our Closer report, we reviewed the latest data from Friday's release of the CFTC's Commitments of Traders (CoT) Report. This data shows how speculators are positioned in various assets based on positions in the various futures contracts. One asset that has seen some of the most notable changes of the report in recent weeks has been the S&P 500. As recently as one month ago, that data showed a net 1.29% of open interest was positioned long. Even though the S&P 500 has managed to come off the lows in the past month, positioning has collapsed with a massive move lower meaning there are far more speculators positioned short than long.

> Whereas one month ago the reading was net long, in the latest data as of last Tuesday a net 9.3% of open interest was short. That made for the lowest reading since October 2015. In other words, speculators are positioned more pessimistically now than they were during the COVID crash, during the late 2018 near bear market, or any other time over the past several years. The change in positioning has also been rapid. As shown in the second chart below, that net positioning reading has fallen over 10 percentage points in just 4 weeks. Earlier this year in March there was an even larger 12.5 percentage point decline but prior to that, looking back through the history of this data, such large moves have been much rarer over the past decade than was the case in the 2000s and before. In fact, prior to this year the last time positioning in S&P 500 futures fell double digits in four weeks was all the way back in August 2011. On the other hand, the early 2000s frequently saw moves of this size if not larger.

> ###### **([CLICK HERE FOR THE CHART!](https://media.bespokepremium.com/uploads/2022/07/071922-COT-SP.png))**

> Typically, sentiment data is considered contrarian in nature. In other words, pessimistic sentiment readings are followed by stronger forward performance of equities and vice versa. That has not exactly been the case for this CoT positioning data. Following past declines of at least 10 percentage points, returns have been mixed.

> After declines of similar magnitude, the S&P 500 has experienced modest outperformance over the next week. One and three months out, however, have tended to be weaker with postive returns only half the time with negative returns on an average basis. Over the next month, each of the past four instances have been followed by declines.

> Six and twelve months out have seen the S&P 500 higher two-thirds of the time, but average and median returns are not significantly better relative to all periods.

> ###### **([CLICK HERE FOR THE CHART!](https://media.bespokepremium.com/uploads/2022/07/071922-COT-SP-2.png))**

*****

> # More Small-cap weakness likely as Russell 2000 enters historically weakest part of year

> ###### **([CLICK HERE FOR THE CHART!](https://64.media.tumblr.com/8fd703b64f2ab0d42bb9b829b105a769/3ff497f2b81cc1bf-69/s500x750/97c22df40bbed926529f6e903d4037d7b7431a50.jpg))**

> In the above chart, 43 years of daily data for the Russell 2000 index of smaller companies are divided by the Russell 1000 index of largest companies, and then compressed into a single year to show an idealized yearly pattern. When the graph is descending, large caps are outperforming smaller companies; when the graph is rising, smaller companies are moving up faster than their larger brethren. Small-caps have historically peaked versus large-caps in late-May to early June and tend to underperform until sometime in the fourth quarter.

*****

> # Best Performers Since Mid-June Low

> Since June 16th, the market has reversed course higher, making the date at least a near-term bottom. From a technical perspective, the Russell 1000 broke through its 50-day moving average yesterday and broke above its upper downtrend line today. The 50-DMA is still moving lower, but this is the first time that the Russell 1000 has been above the 50-DMA since April 20th. However, the index is still 9.7% below its 200-DMA. These moves come as commodity prices have pulled back and earnings season begins.

> ###### **([CLICK HERE FOR THE CHART!](https://media.bespokepremium.com/uploads/2022/07/Russell-1000-Index-Chart-072022.png))**

> As we highlighted in a Chart of the Day earlier this week, the lagging sectors during bear market declines tend to be the leaders in bear market rallies, which is holding true in the bounce since 6/16. The table below shows the 20 best performing stocks in the Russell 1000 Index since the 6/16 low. As you can see, these stocks are all still down considerably on a YTD basis, declining a median of 50.1%. However, these stocks have rebounded by a median of 42.1% since the low on 6/16. Only one of these stocks is below its 50-DMA, and only two are above their respective 200-DMA. If you think that the bear market has concluded, these would be some of the names worth looking deeper into.

> ###### **([CLICK HERE FOR THE CHART!](https://media.bespokepremium.com/uploads/2022/07/R1000-Stocks-Best-Since-616-072022.png))**

> On the other hand, the best performing sectors during bear market declines tend to be the worst performing sectors during bear market rallies. Of the 20 worst performing Russell 1000 stocks since 6/16, 14 belong to the energy sector (which has been the best sector on a YTD basis by a wide margin). On a median basis, these 20 stocks are still up 13.6% on a YTD basis, but they've shed 13.7% of their value since the market bottomed in mid June. Notably, these stocks (on a median basis) are closer to their 200-DMAs than they are to their 50-DMAs. If you think that we are currently in a bear market rally that is bound to reverse course, these names would be worth looking deeper into.

> ###### **([CLICK HERE FOR THE CHART!](https://media.bespokepremium.com/uploads/2022/07/R1000-Stocks-Worst-Since-616-072022.png))**

*****

> ###### **([CLICK HERE FOR THE CHART!](https://media.bespokepremium.com/uploads/2022/07/071222-10-1.png))**

*****

Here are the most notable companies (stock tickers) reporting earnings in this upcoming trading week ahead-

*****

> * (**(T.B.A. THIS WEEKEND.)**)

*****

###### **([CLICK HERE FOR NEXT WEEK'S MOST NOTABLE EARNINGS RELEASES!]())**
(T.B.A. THIS WEEKEND.)
###### **([CLICK HERE FOR NEXT WEEK'S HIGHEST VOLATILITY EARNINGS RELEASES!](https://i.imgur.com/y8NVKQi.png))**
###### **([CLICK HERE FOR THE MOST NOTABLE EARNINGS RELEASES FOR THE NEXT 3 WEEKS!](https://i.imgur.com/OxtujfG.png))**

*****

Below are some of the notable companies coming out with earnings releases this upcoming trading week ahead which includes the date/time of release & consensus estimates courtesy of Earnings Whispers:

*****

> # ***Monday 7.25.22 Before Market Open:***
> ###### ([CLICK HERE FOR MONDAY'S PRE-MARKET EARNINGS TIME & ESTIMATES!](https://i.imgur.com/X05tiDB.png))

> # ***Monday 7.25.22 After Market Close:*** 
> ###### ([CLICK HERE FOR MONDAY'S AFTER-MARKET EARNINGS TIME & ESTIMATES!](https://i.imgur.com/j51xcSd.png))

*****

> # ***Tuesday 7.26.22 Before Market Open:***
> ###### ([CLICK HERE FOR TUESDAY'S PRE-MARKET EARNINGS TIME & ESTIMATES!](https://i.imgur.com/SzH2kYS.png))

> # ***Tuesday 7.26.22 After Market Close:*** 
> ###### ([CLICK HERE FOR TUESDAY'S AFTER-MARKET EARNINGS TIME & ESTIMATES LINK #1!](https://i.imgur.com/nNQPPcS.png))
> ###### ([CLICK HERE FOR TUESDAY'S AFTER-MARKET EARNINGS TIME & ESTIMATES LINK #2!](https://i.imgur.com/wBNoAig.png))

*****

> # ***Wednesday 7.27.22 Before Market Open:*** 
> ###### ([CLICK HERE FOR WEDNESDAY'S PRE-MARKET EARNINGS TIME & ESTIMATES LINK #1!](https://i.imgur.com/7BYrbDh.png))
> ###### ([CLICK HERE FOR WEDNESDAY'S PRE-MARKET EARNINGS TIME & ESTIMATES LINK #2!](https://i.imgur.com/oLG2Ci3.png))

> # ***Wednesday 7.27.22 After Market Close:*** 
> ###### ([CLICK HERE FOR WEDNESDAY'S AFTER-MARKET EARNINGS TIME & ESTIMATES LINK #1!](https://i.imgur.com/OPLMAbM.png))
> ###### ([CLICK HERE FOR WEDNESDAY'S AFTER-MARKET EARNINGS TIME & ESTIMATES LINK #2!](https://i.imgur.com/YKdWKDE.png))
> ###### ([CLICK HERE FOR WEDNESDAY'S AFTER-MARKET EARNINGS TIME & ESTIMATES LINK #3!](https://i.imgur.com/BYwQnIw.png))

*****

> # ***Thursday 7.28.22 Before Market Open:*** 
> ###### ([CLICK HERE FOR THURSDAY'S PRE-MARKET EARNINGS TIME & ESTIMATES LINK #1!](https://i.imgur.com/Q0ChT0R.png))
> ###### ([CLICK HERE FOR THURSDAY'S PRE-MARKET EARNINGS TIME & ESTIMATES LINK #2!](https://i.imgur.com/y8r5PG8.png))
> ###### ([CLICK HERE FOR THURSDAY'S PRE-MARKET EARNINGS TIME & ESTIMATES LINK #3!](https://i.imgur.com/sGC0Qvj.png))

> # ***Thursday 7.28.22 After Market Close:*** 
> ###### ([CLICK HERE FOR THURSDAY'S AFTER-MARKET EARNINGS TIME & ESTIMATES LINK #1!](https://i.imgur.com/9EHJHKo.png))
> ###### ([CLICK HERE FOR THURSDAY'S AFTER-MARKET EARNINGS TIME & ESTIMATES LINK #2!](https://i.imgur.com/aiqXPFy.png))
> ###### ([CLICK HERE FOR THURSDAY'S AFTER-MARKET EARNINGS TIME & ESTIMATES LINK #3!](https://i.imgur.com/84f8Eoz.png))


*****

> # ***Friday 7.29.22 Before Market Open:*** 
> ###### ([CLICK HERE FOR FRIDAY'S PRE-MARKET EARNINGS TIME & ESTIMATES!](https://i.imgur.com/p7O5vcg.png))

*****

> # ***Friday 7.29.22 After Market Close:***
> ###### ([CLICK HERE FOR FRIDAY'S AFTER-MARKET EARNINGS TIME & ESTIMATES!]())
(NONE.)

*****

> # (T.B.A. THIS WEEKEND.)
**(T.B.A. THIS WEEKEND.)** (T.B.A. THIS WEEKEND.).

> #([CLICK HERE FOR THE CHART!](https://charts.finviz.com/chart.ashx?t=SPY&ty=c&ta=st_c,sch_200p,sma_50,sma_200,sma_20,sma_100,bb_20_2,rsi_b_14,macd_b_12_26_9,stofu_b_14_3_3&p=d&s=l))

*****

# DISCUSS!

What are you all watching for in this upcoming trading week?

*****

I hope you all have a wonderful weekend and a great trading week ahead r/stocks. :)",newly_included
w8fnp8,2022-07-26,StockMarket,Lithium,Russia,available,False,False,True,False,True,True,True,False,False,True,False,False,True,excluded,geopolitical_crisis_financial,True,"Hello everyone, me again. I am looking into the vehicle market. With everyone talking about Elon musk currently it got me thinking. He’s known for his vast company known as Tesla. He’s really put the “EV” sector into light so to speak. Some might say put the sector into “solar”. Just a R.E. Joke. Don’t ban me. 😂 But, through this process it’s really pushed a lot of automakers into the “arms race” so to speak. Whether it’s VW, Ford, or GM, to name a few. Current administration has been harping heavily on forms of renewable energy. I think everyone can recall the North American pipeline being shut down. With tensions still with Russia probably going to see a bit of growth in the sector, no? But what does a EV car need most? A battery. Anyone here heavy into a specific lithium ETF? I haven’t found many, most have high expense ratios too. The ones I have found thus far is; LIT, BATT, CHRG, ARKQ, QCLN. Anyone else see this as potentially undervalued sector?",newly_included
weab4g,2022-08-02,StockMarket,(8/2) Tuesday's Pre-Market Stock Movers & News,Russia,available,False,False,True,False,True,True,True,False,False,True,False,False,True,excluded,geopolitical_crisis_financial,True,"#Good morning traders and investors of the r/StockMarket sub! Welcome to Tuesday! Here are your pre-market stock movers & news on this Tuesday, August the 2nd, 2022-

*****

# [Stock futures slip as U.S.-China tensions simmer over Pelosi’s expected trip to Taiwan](https://www.cnbc.com/2022/08/01/stock-futures-are-flat-after-first-trading-day-in-august.html)

*****
> Stock futures fell Tuesday morning as tensions between the U.S. and China increased ahead of an expected visit to Taiwan by House Speaker Nancy Pelosi.
*****
> Futures tied to the Dow Jones Industrial Average were 166 points lower, or 0.52%. S&P 500 futures slid 0.60%, and Nasdaq 100 futures dropped 0.77%. Shares of Caterpillar are weighing on Dow futures after the company reported earnings that missed revenue expectations, sending the stock down more than 3% before the bell.
*****
> Pelosi was expected to visit Taiwan and spend Tuesday night there, Reuters reported, citing sources. Leading up to the trip, Chinese officials threatened to take action if Pelosi moved forward with the visit. Pelosi would become the first House Speaker since Newt Gingrich in 1997 to visit Taiwan.
*****
> “We would like to tell the United States once again that China is standing by, the Chinese People’s Liberation Army will never sit idly by, and China will take resolute responses and strong countermeasures to defend its sovereignty and territorial integrity,” Chinese foreign ministry spokesman Zhao Lijian said in a daily briefing Monday.
*****
> Traders are also awaiting another raft of earnings from companies such as Starbucks, PayPal and Advanced Micro Devices.
*****
> Tuesday’s moves came after the major averages fell on the first day of August. The S&P 500 shed 0.28% to end at 4,118.63 while the Nasdaq Composite inched 0.18% lower and closed at 12,368.98. The Dow Jones Industrial Average slipped 46.73 points, or 0.14%, to end at 32,798.40. Last month, the major averages posted their biggest one-month gains since 2020.
*****
> “I think for sure it remains a bear market bounce,” Kevin Simpson of Capital Wealth Planning told CNBC’s “Closing Bell: Overtime” on Monday. ”... I think it was awesome the way the markets traded in July, but I think we’re not through any type of capitulation. The headwinds are just too rampant.
*****
> On the economic data front, investors this week are awaiting the July nonfarm payrolls report slated for release Friday for further clues into the state of the economy and the job market.

*****

#STOCK FUTURES CURRENTLY:
######(**[CLICK HERE FOR STOCK FUTURES CHARTS!](https://finviz.com/futures.ashx)**)

*****

#YESTERDAY'S MARKET MAP:
######(**[CLICK HERE FOR YESTERDAY'S MARKET MAP!](https://i.imgur.com/CeTPCaG.png)**)

*****

#TODAY'S MARKET MAP:
######(**[CLICK HERE FOR TODAY'S MARKET MAP!](https://finviz.com/map.ashx)**)

*****

#YESTERDAY'S S&P SECTORS:
######(**[CLICK HERE FOR YESTERDAY'S S&P SECTORS CHART!](https://i.imgur.com/6Qj3mZA.png)**)

*****

#TODAY'S S&P SECTORS:
######(**[CLICK HERE FOR TODAY'S S&P SECTORS CHART!](https://finviz.com/groups.ashx)**)

*****

#TODAY'S ECONOMIC CALENDAR:
######(**[CLICK HERE FOR TODAY'S ECONOMIC CALENDAR!](https://i.imgur.com/vrn3V4X.png)**)

*****

#THIS WEEK'S ECONOMIC CALENDAR:
######(**[CLICK HERE FOR THIS WEEK'S ECONOMIC CALENDAR!](https://i.imgur.com/2w4S361.png)**)

*****

#THIS WEEK'S UPCOMING IPO'S:
######(**[CLICK HERE FOR THIS WEEK'S UPCOMING IPO'S!](https://i.imgur.com/CZ1SN9N.png)**)

*****

#THIS WEEK'S EARNINGS CALENDAR:
(**$AMD $PYPL $DVN $ON $OXY $UBER $SOFI $CAT $BABA $AMC $BP $SQ $PINS $K $ABNB $JBLU $FANG $BLDR $MRO $DKNG $UAA $CROX $MRNA $DDOG $MPC $ARLP $ET $ATVI $SBUX $GPN $MOS $COP $WBD $CHKP $AMG $FUBO $LCID $MAR $LIND $CVS $RNGR $HOOD**)
######(**[CLICK HERE FOR THIS WEEK'S EARNINGS CALENDAR!](https://i.imgur.com/8QRIw8j.png)**)

*****

#THIS MORNING'S PRE-MARKET EARNINGS CALENDAR:
(**$UBER $CAT $BP $JBLU $MPC $MAR $TSEM $RACE $EOSE $SPWR $ACDVF $ZBRA $SPGI $CMI $RYTM $OTLY $DD $HUN $ENTG $WEC $SABR $OXLC $WLK $ARNC $ETN $TAP $MPLX $EXPD $SXC $AME $BLD $IDXX $LEA $KBR $GPRE $CNP $AUDC $CWEN $INCY**)
######(**[CLICK HERE FOR THIS MORNING'S EARNINGS CALENDAR!](https://i.imgur.com/5AN0mne.jpg)**)
*****

#EARNINGS RELEASES BEFORE THE OPEN TODAY:
######(**[CLICK HERE FOR THIS MORNING'S EARNINGS RELEASES LINK #1!](https://i.imgur.com/4b4Q6C6.png)**)
######(**[CLICK HERE FOR THIS MORNING'S EARNINGS RELEASES LINK #2!](https://i.imgur.com/iaB9979.png)**)
######(**[CLICK HERE FOR THIS MORNING'S EARNINGS RELEASES LINK #3!](https://i.imgur.com/cqAYsUE.png**)

*****

#EARNINGS RELEASES AFTER THE CLOSE TODAY:
######(**[CLICK HERE FOR THIS AFTERNOON'S EARNINGS RELEASES LINK #1!](https://i.imgur.com/1d3mRBi.png)**)
######(**[CLICK HERE FOR THIS AFTERNOON'S EARNINGS RELEASES LINK #2!](https://i.imgur.com/jLERraG.png)**)
######(**[CLICK HERE FOR THIS AFTERNOON'S EARNINGS RELEASES LINK #3!](https://i.imgur.com/lvxwj8Z.png)**)

*****

#YESTERDAY'S ANALYST UPGRADES/DOWNGRADES:
######(**[CLICK HERE FOR YESTERDAY'S ANALYST UPGRADES/DOWNGRADES LINK #1!](https://i.imgur.com/zAmFXhf.png)**)
######(**[CLICK HERE FOR YESTERDAY'S ANALYST UPGRADES/DOWNGRADES LINK #2!](https://i.imgur.com/7UVI3Dm.png)**)

*****

#YESTERDAY'S INSIDER TRADING FILINGS:
######(**[CLICK HERE FOR YESTERDAY'S INSIDER TRADING FILINGS!](https://i.imgur.com/TOA7Bxd.png)**)

*****

#TODAY'S DIVIDEND CALENDAR:
######(**[CLICK HERE FOR TODAY'S DIVIDEND CALENDAR!](https://i.imgur.com/EII5Hrb.png)**)

*****

#THIS MORNING'S MOST ACTIVE TRENDING TICKERS ON STOCKTWITS:

* REV
* HKD
* UBER
* PINS
* GETY
* CRO.X
* RARI.X
* CAT
* VRAX

*****

#THIS MORNING'S STOCK NEWS MOVERS:

######(**source: [cnbc.com](https://www.cnbc.com/2022/08/02/stocks-making-the-biggest-moves-in-the-premarket-caterpillar-uber-pinterest-and-more.html)**)

*****

> **Caterpillar (CAT)** – The heavy equipment maker’s stock fell 3.7% in the premarket after its quarterly earnings beat forecasts but revenue was slightly short of consensus. Caterpillar’s sales were hurt by its exit from Russia as well as supply chain issues, and it also saw elevated costs during the quarter.

> #**STOCK SYMBOL:** CAT

> * [CLICK HERE FOR CHART!](http://elite.finviz.com/chart.ashx?t=CAT&ty=c&ta=st_c,sch_200p,sma_50,sma_200,sma_20,sma_100,bb_20_2,rsi_b_14,macd_b_12_26_9,stofu_b_14_3_3&p=d&s=l)

> ######(**[CLICK HERE FOR LIVE STOCK QUOTE!](http://data.cnbc.com/quotes/CAT)**)

*****

> **Uber Technologies (UBER)** – Uber reported a quarterly loss of $1.33 per share, including the impact of a $1.7 billion headwind from a drop in the value of its investments. The ride-hailing company’s revenue did come in better than expected, and it turned cash flow positive for the first time. Its shares rallied 10.8% in premarket action.

> #**STOCK SYMBOL:** UBER

> * [CLICK HERE FOR CHART!](http://elite.finviz.com/chart.ashx?t=UBER&ty=c&ta=st_c,sch_200p,sma_50,sma_200,sma_20,sma_100,bb_20_2,rsi_b_14,macd_b_12_26_9,stofu_b_14_3_3&p=d&s=l)

> ######(**[CLICK HERE FOR LIVE STOCK QUOTE!](http://data.cnbc.com/quotes/UBER)**)

*****

> **Pinterest (PINS) – Pinterest shares soared 18.6% in premarket trading following its quarterly results and the news that activist investor Elliott Management is now the image-sharing site’s largest shareholder. Pinterest reported lower-than-expected earnings, but revenue was only slightly below forecasts and user numbers were somewhat better than expected.

> #**STOCK SYMBOL:** PINS

> * [CLICK HERE FOR CHART!](http://elite.finviz.com/chart.ashx?t=PINS&ty=c&ta=st_c,sch_200p,sma_50,sma_200,sma_20,sma_100,bb_20_2,rsi_b_14,macd_b_12_26_9,stofu_b_14_3_3&p=d&s=l)

> ######(**[CLICK HERE FOR LIVE STOCK QUOTE!](http://data.cnbc.com/quotes/PINS)**)

*****

> **Royal Caribbean (RCL)** – Royal Caribbean fell 1.2% in premarket action after it announced the pricing of an upsized $1 billion debt offering. The cruise line operator will use the proceeds to refinance existing convertible notes.

> #**STOCK SYMBOL:** RCL

> * [CLICK HERE FOR CHART!](http://elite.finviz.com/chart.ashx?t=RCL&ty=c&ta=st_c,sch_200p,sma_50,sma_200,sma_20,sma_100,bb_20_2,rsi_b_14,macd_b_12_26_9,stofu_b_14_3_3&p=d&s=l)

> ######(**[CLICK HERE FOR LIVE STOCK QUOTE!](http://data.cnbc.com/quotes/RCL)**)

*****

> **Simon Property Group (SPG)** – The shopping mall operator reported better-than-expected quarterly earnings, although its revenue was slightly below Street forecasts. Simon CEO David Simon said mall sales are doing well despite inflation concerns and that the company is positioned to do well in a potential recession. Simon shares added 2.2% in the premarket.

> #**STOCK SYMBOL:** SPG

> * [CLICK HERE FOR CHART!](http://elite.finviz.com/chart.ashx?t=SPG&ty=c&ta=st_c,sch_200p,sma_50,sma_200,sma_20,sma_100,bb_20_2,rsi_b_14,macd_b_12_26_9,stofu_b_14_3_3&p=d&s=l)

> ######(**[CLICK HERE FOR LIVE STOCK QUOTE!](http://data.cnbc.com/quotes/SPG)**)

*****

> **Cowen Group (COWN)** – The financial services firm’s shares rallied 7.5% on news that it agreed to be acquired by TD Bank (TD) for $39 per share or $1.3 billion in cash.

> #**STOCK SYMBOL:** COWN

> * [CLICK HERE FOR CHART!](http://elite.finviz.com/chart.ashx?t=COWN&ty=c&ta=st_c,sch_200p,sma_50,sma_200,sma_20,sma_100,bb_20_2,rsi_b_14,macd_b_12_26_9,stofu_b_14_3_3&p=d&s=l)

> ######(**[CLICK HERE FOR LIVE STOCK QUOTE!](http://data.cnbc.com/quotes/COWN)**)

*****

> **Avis Budget (CAR)** – The rental car company’s stock jumped 4% in premarket trading after it reported better-than-expected quarterly results. Avis Budget said it benefited from strong demand and “stringent” cost controls.

> #**STOCK SYMBOL:** CAR

> * [CLICK HERE FOR CHART!](http://elite.finviz.com/chart.ashx?t=CAR&ty=c&ta=st_c,sch_200p,sma_50,sma_200,sma_20,sma_100,bb_20_2,rsi_b_14,macd_b_12_26_9,stofu_b_14_3_3&p=d&s=l)

> ######(**[CLICK HERE FOR LIVE STOCK QUOTE!](http://data.cnbc.com/quotes/CAR)**)

*****

> **Arista Networks (ANET)** – The cybersecurity firm reported better-than-expected profit and revenue for its most recent quarter and gave upbeat revenue guidance for the current period. Arista’s results got a boost from strong demand from cloud and data center customers, and its stock gained 5.4% in premarket action.

> #**STOCK SYMBOL:** ANET

> * [CLICK HERE FOR CHART!](http://elite.finviz.com/chart.ashx?t=ANET&ty=c&ta=st_c,sch_200p,sma_50,sma_200,sma_20,sma_100,bb_20_2,rsi_b_14,macd_b_12_26_9,stofu_b_14_3_3&p=d&s=l)

> ######(**[CLICK HERE FOR LIVE STOCK QUOTE!](http://data.cnbc.com/quotes/ANET)**)

*****

> **Zoominfo Technologies (ZM)** – The business software company’s stock surged 11.3% in the premarket after it reported better-than-expected quarterly results and raised its full-year guidance.

> #**STOCK SYMBOL:** ZM

> * [CLICK HERE FOR CHART!](http://elite.finviz.com/chart.ashx?t=ZM&ty=c&ta=st_c,sch_200p,sma_50,sma_200,sma_20,sma_100,bb_20_2,rsi_b_14,macd_b_12_26_9,stofu_b_14_3_3&p=d&s=l)

> ######(**[CLICK HERE FOR LIVE STOCK QUOTE!](http://data.cnbc.com/quotes/ZM)**)

*****

#**FULL DISCLOSURE:**

> /u/bigbear0083 has no positions in any stocks mentioned. Reddit, moderators, and the author do not advise making investment decisions based on discussion in these posts. Analysis is not subject to validation and users take action at their own risk.

*****

#**DISCUSS!**

What's on everyone's radar for today's trading day ahead here at r/StockMarket?

*****

# **I hope you all have an excellent trading day ahead today on this Tuesday, August 2nd, 2022! :)**",newly_included
weac3c,2022-08-02,stocks,(8/2) Tuesday's Pre-Market Stock Movers & News,Russia,available,False,False,True,False,True,True,True,False,False,True,False,False,True,excluded,geopolitical_crisis_financial,True,"#Good morning traders and investors of the r/stocks sub! Welcome to Tuesday! Here are your pre-market stock movers & news on this Tuesday, August the 2nd, 2022-

*****

# [Stock futures slip as U.S.-China tensions simmer over Pelosi’s expected trip to Taiwan](https://www.cnbc.com/2022/08/01/stock-futures-are-flat-after-first-trading-day-in-august.html)

*****
> Stock futures fell Tuesday morning as tensions between the U.S. and China increased ahead of an expected visit to Taiwan by House Speaker Nancy Pelosi.
*****
> Futures tied to the Dow Jones Industrial Average were 166 points lower, or 0.52%. S&P 500 futures slid 0.60%, and Nasdaq 100 futures dropped 0.77%. Shares of Caterpillar are weighing on Dow futures after the company reported earnings that missed revenue expectations, sending the stock down more than 3% before the bell.
*****
> Pelosi was expected to visit Taiwan and spend Tuesday night there, Reuters reported, citing sources. Leading up to the trip, Chinese officials threatened to take action if Pelosi moved forward with the visit. Pelosi would become the first House Speaker since Newt Gingrich in 1997 to visit Taiwan.
*****
> “We would like to tell the United States once again that China is standing by, the Chinese People’s Liberation Army will never sit idly by, and China will take resolute responses and strong countermeasures to defend its sovereignty and territorial integrity,” Chinese foreign ministry spokesman Zhao Lijian said in a daily briefing Monday.
*****
> Traders are also awaiting another raft of earnings from companies such as Starbucks, PayPal and Advanced Micro Devices.
*****
> Tuesday’s moves came after the major averages fell on the first day of August. The S&P 500 shed 0.28% to end at 4,118.63 while the Nasdaq Composite inched 0.18% lower and closed at 12,368.98. The Dow Jones Industrial Average slipped 46.73 points, or 0.14%, to end at 32,798.40. Last month, the major averages posted their biggest one-month gains since 2020.
*****
> “I think for sure it remains a bear market bounce,” Kevin Simpson of Capital Wealth Planning told CNBC’s “Closing Bell: Overtime” on Monday. ”... I think it was awesome the way the markets traded in July, but I think we’re not through any type of capitulation. The headwinds are just too rampant.
*****
> On the economic data front, investors this week are awaiting the July nonfarm payrolls report slated for release Friday for further clues into the state of the economy and the job market.

*****

#STOCK FUTURES CURRENTLY:
######(**[CLICK HERE FOR STOCK FUTURES CHARTS!](https://finviz.com/futures.ashx)**)

*****

#YESTERDAY'S MARKET MAP:
######(**[CLICK HERE FOR YESTERDAY'S MARKET MAP!](https://i.imgur.com/CeTPCaG.png)**)

*****

#TODAY'S MARKET MAP:
######(**[CLICK HERE FOR TODAY'S MARKET MAP!](https://finviz.com/map.ashx)**)

*****

#YESTERDAY'S S&P SECTORS:
######(**[CLICK HERE FOR YESTERDAY'S S&P SECTORS CHART!](https://i.imgur.com/6Qj3mZA.png)**)

*****

#TODAY'S S&P SECTORS:
######(**[CLICK HERE FOR TODAY'S S&P SECTORS CHART!](https://finviz.com/groups.ashx)**)

*****

#TODAY'S ECONOMIC CALENDAR:
######(**[CLICK HERE FOR TODAY'S ECONOMIC CALENDAR!](https://i.imgur.com/vrn3V4X.png)**)

*****

#THIS WEEK'S ECONOMIC CALENDAR:
######(**[CLICK HERE FOR THIS WEEK'S ECONOMIC CALENDAR!](https://i.imgur.com/2w4S361.png)**)

*****

#THIS WEEK'S UPCOMING IPO'S:
######(**[CLICK HERE FOR THIS WEEK'S UPCOMING IPO'S!](https://i.imgur.com/CZ1SN9N.png)**)

*****

#THIS WEEK'S EARNINGS CALENDAR:
######(**[CLICK HERE FOR THIS WEEK'S EARNINGS CALENDAR!](https://i.imgur.com/8QRIw8j.png)**)

*****

#THIS MORNING'S PRE-MARKET EARNINGS CALENDAR:
######(**[CLICK HERE FOR THIS MORNING'S EARNINGS CALENDAR!](https://i.imgur.com/5AN0mne.jpg)**)
*****

#EARNINGS RELEASES BEFORE THE OPEN TODAY:
######(**[CLICK HERE FOR THIS MORNING'S EARNINGS RELEASES LINK #1!](https://i.imgur.com/4b4Q6C6.png)**)
######(**[CLICK HERE FOR THIS MORNING'S EARNINGS RELEASES LINK #2!](https://i.imgur.com/iaB9979.png)**)
######(**[CLICK HERE FOR THIS MORNING'S EARNINGS RELEASES LINK #3!](https://i.imgur.com/cqAYsUE.png**)

*****

#EARNINGS RELEASES AFTER THE CLOSE TODAY:
######(**[CLICK HERE FOR THIS AFTERNOON'S EARNINGS RELEASES LINK #1!](https://i.imgur.com/1d3mRBi.png)**)
######(**[CLICK HERE FOR THIS AFTERNOON'S EARNINGS RELEASES LINK #2!](https://i.imgur.com/jLERraG.png)**)
######(**[CLICK HERE FOR THIS AFTERNOON'S EARNINGS RELEASES LINK #3!](https://i.imgur.com/lvxwj8Z.png)**)

*****

#YESTERDAY'S ANALYST UPGRADES/DOWNGRADES:
######(**[CLICK HERE FOR YESTERDAY'S ANALYST UPGRADES/DOWNGRADES LINK #1!](https://i.imgur.com/zAmFXhf.png)**)
######(**[CLICK HERE FOR YESTERDAY'S ANALYST UPGRADES/DOWNGRADES LINK #2!](https://i.imgur.com/7UVI3Dm.png)**)

*****

#YESTERDAY'S INSIDER TRADING FILINGS:
######(**[CLICK HERE FOR YESTERDAY'S INSIDER TRADING FILINGS!](https://i.imgur.com/TOA7Bxd.png)**)

*****

#TODAY'S DIVIDEND CALENDAR:
######(**[CLICK HERE FOR TODAY'S DIVIDEND CALENDAR!](https://i.imgur.com/EII5Hrb.png)**)

*****

#THIS MORNING'S STOCK NEWS MOVERS:

######(**source: [cnbc.com](https://www.cnbc.com/2022/08/02/stocks-making-the-biggest-moves-in-the-premarket-caterpillar-uber-pinterest-and-more.html)**)

*****

> **Caterpillar (CAT)** – The heavy equipment maker’s stock fell 3.7% in the premarket after its quarterly earnings beat forecasts but revenue was slightly short of consensus. Caterpillar’s sales were hurt by its exit from Russia as well as supply chain issues, and it also saw elevated costs during the quarter.

> #**STOCK SYMBOL:** CAT

> * [CLICK HERE FOR CHART!](http://elite.finviz.com/chart.ashx?t=CAT&ty=c&ta=st_c,sch_200p,sma_50,sma_200,sma_20,sma_100,bb_20_2,rsi_b_14,macd_b_12_26_9,stofu_b_14_3_3&p=d&s=l)

> ######(**[CLICK HERE FOR LIVE STOCK QUOTE!](http://data.cnbc.com/quotes/CAT)**)

*****

> **Uber Technologies (UBER)** – Uber reported a quarterly loss of $1.33 per share, including the impact of a $1.7 billion headwind from a drop in the value of its investments. The ride-hailing company’s revenue did come in better than expected, and it turned cash flow positive for the first time. Its shares rallied 10.8% in premarket action.

> #**STOCK SYMBOL:** UBER

> * [CLICK HERE FOR CHART!](http://elite.finviz.com/chart.ashx?t=UBER&ty=c&ta=st_c,sch_200p,sma_50,sma_200,sma_20,sma_100,bb_20_2,rsi_b_14,macd_b_12_26_9,stofu_b_14_3_3&p=d&s=l)

> ######(**[CLICK HERE FOR LIVE STOCK QUOTE!](http://data.cnbc.com/quotes/UBER)**)

*****

> **Pinterest (PINS) – Pinterest shares soared 18.6% in premarket trading following its quarterly results and the news that activist investor Elliott Management is now the image-sharing site’s largest shareholder. Pinterest reported lower-than-expected earnings, but revenue was only slightly below forecasts and user numbers were somewhat better than expected.

> #**STOCK SYMBOL:** PINS

> * [CLICK HERE FOR CHART!](http://elite.finviz.com/chart.ashx?t=PINS&ty=c&ta=st_c,sch_200p,sma_50,sma_200,sma_20,sma_100,bb_20_2,rsi_b_14,macd_b_12_26_9,stofu_b_14_3_3&p=d&s=l)

> ######(**[CLICK HERE FOR LIVE STOCK QUOTE!](http://data.cnbc.com/quotes/PINS)**)

*****

> **Royal Caribbean (RCL)** – Royal Caribbean fell 1.2% in premarket action after it announced the pricing of an upsized $1 billion debt offering. The cruise line operator will use the proceeds to refinance existing convertible notes.

> #**STOCK SYMBOL:** RCL

> * [CLICK HERE FOR CHART!](http://elite.finviz.com/chart.ashx?t=RCL&ty=c&ta=st_c,sch_200p,sma_50,sma_200,sma_20,sma_100,bb_20_2,rsi_b_14,macd_b_12_26_9,stofu_b_14_3_3&p=d&s=l)

> ######(**[CLICK HERE FOR LIVE STOCK QUOTE!](http://data.cnbc.com/quotes/RCL)**)

*****

> **Simon Property Group (SPG)** – The shopping mall operator reported better-than-expected quarterly earnings, although its revenue was slightly below Street forecasts. Simon CEO David Simon said mall sales are doing well despite inflation concerns and that the company is positioned to do well in a potential recession. Simon shares added 2.2% in the premarket.

> #**STOCK SYMBOL:** SPG

> * [CLICK HERE FOR CHART!](http://elite.finviz.com/chart.ashx?t=SPG&ty=c&ta=st_c,sch_200p,sma_50,sma_200,sma_20,sma_100,bb_20_2,rsi_b_14,macd_b_12_26_9,stofu_b_14_3_3&p=d&s=l)

> ######(**[CLICK HERE FOR LIVE STOCK QUOTE!](http://data.cnbc.com/quotes/SPG)**)

*****

> **Cowen Group (COWN)** – The financial services firm’s shares rallied 7.5% on news that it agreed to be acquired by TD Bank (TD) for $39 per share or $1.3 billion in cash.

> #**STOCK SYMBOL:** COWN

> * [CLICK HERE FOR CHART!](http://elite.finviz.com/chart.ashx?t=COWN&ty=c&ta=st_c,sch_200p,sma_50,sma_200,sma_20,sma_100,bb_20_2,rsi_b_14,macd_b_12_26_9,stofu_b_14_3_3&p=d&s=l)

> ######(**[CLICK HERE FOR LIVE STOCK QUOTE!](http://data.cnbc.com/quotes/COWN)**)

*****

> **Avis Budget (CAR)** – The rental car company’s stock jumped 4% in premarket trading after it reported better-than-expected quarterly results. Avis Budget said it benefited from strong demand and “stringent” cost controls.

> #**STOCK SYMBOL:** CAR

> * [CLICK HERE FOR CHART!](http://elite.finviz.com/chart.ashx?t=CAR&ty=c&ta=st_c,sch_200p,sma_50,sma_200,sma_20,sma_100,bb_20_2,rsi_b_14,macd_b_12_26_9,stofu_b_14_3_3&p=d&s=l)

> ######(**[CLICK HERE FOR LIVE STOCK QUOTE!](http://data.cnbc.com/quotes/CAR)**)

*****

> **Arista Networks (ANET)** – The cybersecurity firm reported better-than-expected profit and revenue for its most recent quarter and gave upbeat revenue guidance for the current period. Arista’s results got a boost from strong demand from cloud and data center customers, and its stock gained 5.4% in premarket action.

> #**STOCK SYMBOL:** ANET

> * [CLICK HERE FOR CHART!](http://elite.finviz.com/chart.ashx?t=ANET&ty=c&ta=st_c,sch_200p,sma_50,sma_200,sma_20,sma_100,bb_20_2,rsi_b_14,macd_b_12_26_9,stofu_b_14_3_3&p=d&s=l)

> ######(**[CLICK HERE FOR LIVE STOCK QUOTE!](http://data.cnbc.com/quotes/ANET)**)

*****

> **Zoominfo Technologies (ZM)** – The business software company’s stock surged 11.3% in the premarket after it reported better-than-expected quarterly results and raised its full-year guidance.

> #**STOCK SYMBOL:** ZM

> * [CLICK HERE FOR CHART!](http://elite.finviz.com/chart.ashx?t=ZM&ty=c&ta=st_c,sch_200p,sma_50,sma_200,sma_20,sma_100,bb_20_2,rsi_b_14,macd_b_12_26_9,stofu_b_14_3_3&p=d&s=l)

> ######(**[CLICK HERE FOR LIVE STOCK QUOTE!](http://data.cnbc.com/quotes/ZM)**)

*****

#**FULL DISCLOSURE:**

> /u/bigbear0083 has no positions in any stocks mentioned. Reddit, moderators, and the author do not advise making investment decisions based on discussion in these posts. Analysis is not subject to validation and users take action at their own risk.

*****

#**DISCUSS!**

What's on everyone's radar for today's trading day ahead here at r/stocks?

*****

# **I hope you all have an excellent trading day ahead today on this Tuesday, August 2nd, 2022! :)**",newly_included
wnf5ow,2022-08-13,stocks,I think too many people are too confident in this current rally,Russian,available,False,False,True,False,True,True,True,False,False,True,False,False,True,excluded,geopolitical_crisis_financial,True,"I keep seeing people showing concern this is a bull trap and then everyone tells them that this mentality is going to get them in a state of regret. The thing is, a major recession is always accompanied by some of the largest bull rallies on the way down and accompanied by characteristics that people never think that it’s going to go down again.

What seems obvious to me is if you look at the market, over the pandemic it skyrocketed in the fastest and largest bull market in history, but meanwhile there were global lockdowns and businesses shutting down left and right, the government went into accelerated debt and all this growth was literally free money being pumped into the markets from the Fed. Where do people get the idea that a major correction isn’t due/over? Where is the abundance of production and profits that would justify the market still being this high? (Especially if prices and evaluations are quantified next to inflation, the real inflation is also much higher than the manipulated 8.5%)

While the job market is doing relatively well, there are still reports of large layoffs happening and showing no sign of slowing. We have had literally One single good report but anyone that read the report saw that food, shelter and energy were still up, and food shortage issues are expected to get worse toward the end of the year.

But the biggest hint of all is that the Fed still has made no signs of a pivot and I think a lot of people are confusing inflation being past it’s peak with the actual issue being resolved. Supply chains are barely recovered, inflation around the world is way worse than America and if their economies hit hyper inflation their contributions to supply chains will only get worse.

I’m just going to say it: there is no full resolutions to justify the markets at these prices. There are too many signs showing this is an emotional (greed) bull rally trap. None of the underlying problems have been solved, monetary policy will not change until at least 4-5% inflation, and instead of the Russian situation getting better- intel shows when winter comes it will only get worse and China/Taiwan is now a potential new threat. Maybe this rally will last another month or so, but new all time highs are probably not until after another downturn. Thoughts?",newly_included
wopaz5,2022-08-15,stocks,US Strategic petroleum reserve lowest since 1985 May,Russia,available,False,False,True,False,True,True,True,False,False,True,False,False,True,excluded,geopolitical_crisis_financial,True,"Wonder of anybody noticed but SPR inventory is the lowest since 1985 May.

This winter could be a disaster.  Russia will be playing with EU(oil dropped a lot but nat gas price going back to ATH).  China might reopen 100%. Biden tries refill SPR.  I honestly don't understand why he is still tapping the reserve.  As far as I know US export that 1M barrel to EU and china. SPR level is dropping so fast..  At this pace,  we might see the record low level by the mid term. 

US/china tension has elevated. It feels like the perfect storm is brewing.

I work for one of the biggest oil companies and have increased my company stock purchase. 

If oil goes up high again,  we will see May, June all over again.  Remember food,  shelter,  service inflation never slowed down.  They went up as much as any other months in 2022. Oil price drop saved July cpi big time.


https://www.eia.gov/dnav/pet/hist/LeafHandler.ashx?n=PET&s=WCSSTUS1&f=W",newly_included
wrp83q,2022-08-18,investing,Wall Street Bets the Fed Is Bluffing in High-Stakes Inflation Game,Russian,available,False,False,True,False,True,True,True,False,False,True,False,False,True,excluded,geopolitical_crisis_financial,True,"The market rebound reflects a belief that inflation has peaked and rates will go down sometime next year, an outlook Fed officials have tried to dismiss

https://www.wsj.com/articles/in-high-stakes-inflation-game-wall-street-bets-the-fed-is-bluffing-11660830685?mod=hp_lead_pos10

The Federal Reserve says it is going to keep raising interest rates.

Wall Street thinks it’s bluffing.

This could spell trouble for both of them.

Markets pummeled by the Fed’s rate increases in the first half of the year are racing upward. The S&P 500 is up 17% from its mid-June low. The yield on the 10-year U.S. Treasury note, which is used to help set rates on debt such as mortgages and student loans is down more than half a percentage point from its June peak. Even battered cryptocurrencies have jumped.

For many investors, the rebound reflects a belief that inflation has peaked, and expectation that the Fed will shift from raising rates to lowering them sometime next year.

A parade of Fed officials has tried to push back. “There’s a disconnect between me and the markets,” Minneapolis Fed President Neel Kashkari said last week.

An expectation the Fed will start cutting interest rates in the next six to nine months isn’t realistic, Mr. Kashkari said. ***It is more likely the Fed will “raise rates to some point, and then we will sit there until we get convinced that inflation is well on its way back down to 2%,”*** he said.

If the Fed follows that path, markets are likely to face a painful reckoning—one that could unwind much of the recent rally and extend what has been a tumultuous stretch for investors from retail traders to hedge funds to pension funds.

“We think the market is getting ahead of itself,” said Wei Li, global chief investment strategist at BlackRock Inc.

Rallying markets also make the Fed’s job tougher. Rising stock and bond prices have loosened financial conditions since the Fed’s June meeting. That works against the central bank’s aim to slow spending and reign in inflation by raising rates enough to tighten the flow of money in the economy.

***“You need to keep financial conditions tight. That’s the whole point of this,”*** said Marc Sumerlin, a senior economic adviser to President George W. Bush who is now managing partner at economic consulting firm EvenFlow Macro.

Any acknowledgment by the Fed that inflation is easing risks spurring further market gains. That could lead to even looser financial conditions, slowing the central bank’s efforts to tame inflation, said Jason Draho, head of asset allocation for the Americas at UBS Global Wealth Management.

“Now, you’re sort of undoing a lot of the hard work the Fed has been doing this year to slow the economy,” Mr. Draho said.

**Fed faith**

To understand how the two sides got so far apart, it helps to look back.

For decades, investors have put their faith in the “Fed put,” the belief that when markets fall substantially, the Fed will lower interest rates, purchase bonds or otherwise increase liquidity in the financial system.

The belief dates to the 1980s. Federal Reserve Chairman Alan Greenspan was quick to cut interest rates during such upheavals as the Black Monday crash in 1987, the Russian financial crisis and subsequent meltdown of hedge fund Long Term Capital Management in 1998, as well as the dot-com bust in the early 2000s. By the time Mr. Greenspan left the Fed in 2006, investors had come to expect it would always be there to provide cover.

For much of this year, the Fed put was in doubt. The central bank raised interest rates in March and signaled it would continue at a brisk pace to attack inflation, which had reached multidecade highs. U.S. stocks suffered their worst first half of a year since 1970. Investment-grade bonds posted their worst first half in history.

Then came the unexpected. Investors started to believe the Fed would again come to the rescue, despite much evidence to the contrary.

In June, the Fed voted to raise interest rates by 0.75 percentage point, marking its biggest rate increase since 1994—presumably bad news for the markets. But traders clung to Mr. Powell’s words at the postmeeting press conference. The Fed chairman acknowledged the rate increase was “an unusually large one” but not something he expected to be the norm.

Stocks jumped, with the S&P 500 rising 1.5%.

Then at a July 27 news conference, Mr. Powell tried to strike a balance between his earlier public remarks revealing concern about the strength of underlying inflation while also suggesting the Fed was eager for signs of improvement that the central bank won’t have to raise rates much above 4% or 5%. Wall Street interpreted him to mean the Fed was open to slowing down its pace of rate increases.

The S&P 500 ended the day 2.6% higher. The Nasdaq Composite surged 4.1% for its biggest one-day gain in more than two years.

Traders have pulled back from bets on inflation. The five-year break-even rate, a proxy for where traders believe inflation will be over the next five years, has fallen to around 2.6% from as high as 3.6% in April. Labor Department data this month showed inflation eased slightly in July but remained near its highest level since November 1981.

Some of Wall Street’s top analysts have cautioned about reading too much into recent stock gains.

Mike Wilson, chief U.S. equity strategist and chief investment officer at Morgan Stanley, is forecasting the S&P 500 will end the year around 3900, down 8.8% from where the broad index closed Wednesday. At Bank of America Corp., Savita Subramanian, head of U.S. equity and quantitative strategy, is expecting the S&P 500 to finish 2022 even lower—at 3600, a fall of 16% from Wednesday’s close.

Skeptics of the rebound say that even if inflation turns out to be peaking, it likely won’t fall fast enough for the Fed to pivot as quickly as the markets expect.

The Fed’s preferred measure of inflation—the personal-consumption expenditures price index—rose 6.8% in June from the same month a year earlier. That was far above the central bank’s target and the sharpest rise since January 1982. Investors will see the July reading later this month.

“The market is still pricing more aggressive cuts than we think are warranted,” said Ms. Li, of BlackRock. “We see the Fed eventually pivoting on policy, but not as much as the market is expecting.”

A challenge for both sides is that the Fed doesn’t appear to have confidence in its ability to accurately forecast inflation, which makes it difficult to predict when the central bank will stop raising rates.

***“We now understand better how little we understand about inflation,”*** Mr. Powell said at a forum hosted by the European Central Bank in June.

***Economists outside the Fed are divided over how aggressively the central bank should attack inflation. One camp says even if it falls over the next 12 months, it is likely to settle at 4% or higher, a level most Fed officials would consider unacceptably high. That would make it difficult for the central bank to lower rates to the levels that fueled markets in recent years.***

Some of these economists suspect the Fed isn’t being forthcoming about how high it believes interest rates will need to go for inflation to fall to 2%.

Another camp warns that the Fed, embarrassed about waiting too long to pull back its support of a booming economy last year, will compound the error by tightening too much. These economists believe the current surge in inflation is the result of global shocks rather than an overheated U.S. labor market, which would require a much deeper downturn to bring down inflation.

**‘Unpredictable beast’**

Investor faith in the Fed put has strengthened in recent years. Markets slumped in 2018 as the central bank raised interest rates four times and investors fretted over the seeming end of easy-money central bank policies. As the central bank paused its rate increases and then switched to cutting rates the following year, stocks went back up.

They tumbled again in March 2020 after the Covid-19 pandemic shut down economies around the world. They bottomed out within the month and surged after the Fed cut interest rates and relaunching its bond-buying program.

“The fact that the Fed is very hawkish today doesn’t mean they can’t go dovish in a few months. That’s happened over and over again,” said Jim Paulsen, chief investment strategist of The Leuthold Group in Minneapolis.

Yet in recent instances when the Fed eased rates, the central bank was having difficulty pushing inflation up to its 2% target. Investors and Fed officials were ultimately reacting to the same growth risk. With inflation running high, that is no longer the case.

If the Fed holds tight to its plans, markets could be in for a tough ride. Earlier this year, Goldman Sachs Group Inc. research found the stock market had fallen at least 15% on 17 occasions going back to 1950. In 11 of those instances, the market only hit its trough around the time the Fed started easing monetary policy.

Mr. Paulsen believes the case for further interest-rate increases has weakened. But he acknowledged that trying to predict how the Fed will respond to inflation in the months ahead is almost impossible.

***“The reality is that right now, the market is enjoying the Fed put,”*** he said. “We’re all dealing with a very unpredictable beast.”

---

Don't fight the Fed.  Caveat Emptor.",newly_included
ws66dk,2022-08-19,stocks,Australian ASX AGL Energy,Russia,available,False,False,True,False,True,True,True,False,False,True,False,False,True,excluded,geopolitical_crisis_financial,True,"Hi, from time to time, I share news of stocks that I'm watching or holding, it seems to be the original objectives of this sub. Here goes:

Position:

1. Started Feb2022 @ AVG $6.90
2. Currently @ AVG $7.11 (Yes my first average up)
3. I have limit orders (Good Till 26th Aug) for $7.95, $7.85, $7.75, $7.65, $7.55, $7.45, $7.35, $7.25, $7.15, $7.05 and a larger order @ $6.95. So far I have caught as low as $7.75.
4. Admittedly I lost a bit of patience after waiting 6 months for its price to drop below my AVG. This could be my downfall here, we'll see.

\--------------------------------------------------------------------------------------------------

AGL Energy is Australia's largest electricity generator and largest carbon emitter. As such, it becomes a target of take-over (possibly for privatisation) by Brookfield Asset Management (owned by Aussie billionaire Mike Cannon-Brookes of Atlassian tech company), so that Mike can accelerate the closure of AGL's coal plants (and save the earth).

Brookes (I use Brookes interchangeably for the asset company and Mike since they're operating with the same goal) offered $7.50 (traded $7.15) in Feb, got rejected, offered $8.25 two weeks later (traded $7.40), got rejected again. AGL had a plan to split into retail and wholesale, and the plan was already well on the way, then Brookes acquired about 15% of shares, threatening to vote against the split (which required 75% shareholder approval). So in May, the split was cancelled before the vote, causing AGL both chairman and CEO to resign. The stock has since been trading around $8.50 (until today....).

Today's annual report showed a profit of $225M vs $537M last year (\~60% drop, due to power plant outage and lower wholesale price), it also wrote off $125million due to the failed split. Dividend drops from 34cents a year ago to 10cents (\~70% drop).

\--------------------------------------------------------------------------------------------------

Why am I increasing my position?

\[1\] Morningstar's FairValue is $13.30, my target is always -40% of this FV, which is $7.98, so anything below is a green light for me. Why am I trusting Morningstar instead of doing my own technical analysis and DD?

1. I believe Morningstar has more smarter people and better data than me. Who am I to think I can do a better DD than a company with more brighter people and better access to data?
2. That said, I take Morningstar's FV with a grain of salt, and the grain is 40% discount off its FV.

\[2\] If the loss of profit is mostly due to outage and hedged wholesale prices, I believe these will pass. The extended outage is due to lack of specialised parts (maybe some screws or washers from China). The outage is estimated to cost $60M profit, I find it hard to believe they'll let this outage continue for too long now that the cost-and-benefit is out in the open. If these specialised parts cannot be produced @ $1M, how about giving some factories $10M to produce them by yesterday, no? How about $20M? I believe nothing cannot be solved at the right price. Additionally with reduced energy output from the outage (25% of its generation capacity), wholesale price will only go up, even though it's currently suppressed by government pressure.

\[3\] I'm sure Brookes has an axe to grind with his country's largest polluter and his action has caused and will continue to cause harm and loss of value to the company. As a billionaire, I think he's egoistic and but as an Aussie, I believe he will show some restraints (unlike Musk) and want to emerge as a hero. It's likely that he will eventually take control of the company (his networth is $15B vs AGL's $5B), and once it is under his control, he has no option but to turn it into a clean energy producer (to prove his intention and maintain his clean image). He has offered $8.25 before, so his valuation of the company is definitely higher than $8.25 (he didn't become a billionaire by overpaying things). So in long term he's going to turn the company into something that is suitable for future generations and it seems he has the will and means to do that.

\[4\] Lastly and sadly, I believe our reliance on dirty energy is something that is hard to shake off. If we look at Europe's energy crisis, once Russia turns off the tap, the priority and narrative immediately shift from ""turning green"" to ""producing enough to survive"". So in short term, our insatiable appetite for energy (due to heatwave, industrial growth etc) is going to keep producers like AGL afloat for a long while.

Appreciate any comments, and please do your own DD if you want to get in, I'm in the different position with lower AVG and have already received one round of dividend. I waited until the market is closed to post this, so that you won't FOMO and have the whole weekend to digest and decide. Thanks!",newly_included
wvtgyd,2022-08-23,investing,Why is it NOT different this time?,Russia,available,False,False,True,False,True,True,True,False,False,True,False,False,True,excluded,geopolitical_crisis_financial,True,"I think a lot of people can be helped by hearing believable ideas for why this downturn is not particularly worrying, and how exactly the main issues are going to be resolved, or why they are in fact not existential threats. So granted that we have:

Global high inflation, almost every significant country is in high single digits or low double digits. 

National debt is close to or much higher than GDP in most developed nations.

Increasing interest rates in every developed nation that may continue to rise, potentially to high single digits if inflation is not curbed.

Stagnating or even decreasing buying power for the working class in almost every developed nation, most people who don’t already have assets seem to be on an earning trajectory that can never buy a home, or certainly never a “good” home. 

Ideologically opposed and powerful nations (Russia, China, US/Europe). 

Yes, there are no sources - I’m just amalgamating what I think most fearful and “perma bears” seem to believe. Data that refutes these claims are also really helpful. 

So, why is this like any other predictable and not terrible downturn, that will soon be followed by another boom, and then healthy bust again and so on.",newly_included
wvun62,2022-08-23,stocks,S&P500 TA shows a potential 15-17.7% leg down.,Russian,available,False,False,True,False,True,True,True,False,False,True,False,False,True,excluded,geopolitical_crisis_financial,True,"*To be totally transparent, I was planning on posting this idea on the 5th of August when I sold all my positions out of the US market, but back then, everyone was so bullish I just didn't want to be downvoted into oblivion. (If you want to see the proof of my sales, I'll answer in the comments)*

[Daily S&P500 from covid lows](https://ibb.co/GWggtwK)

In this first graph, you can see the full bull run since the covid lows, with the latest pull-back forming two consecutive lower lows with their corresponding lower highs. The latest local high was just formed last week and looking at the RSI, it has formed the second consecutive hidden bearish divergence. 

Taking Fibonacci, we can also see that we haven't yet reached the 0.5 line. This is my minimum target for the bear market, which hopefully will be reached by Nov-Dec when Europe will be most miserable with the lack of Russian gas. By this time, temperatures will be close to 0ºC, and they will start realising how dependent they are, and pessimism will be at a peak. 

[Closer look and H&S](https://ibb.co/FDQz8JV)

Personally, I believe Fibonacci's suck, so I would never trust them as a sole indicator. What makes me like the 0.5 line this time is that it matches *perfectly* with the objective of the head and shoulders shown in the previous graph. 

As well, an extra 2.7% retracement would take us to the values pre-covid crash. Where it all started. The moment we were supposed to have a global recession and that we avoided thanks to printing cash and stimuli. If economics are cycles, what better than returning to where it all started? We will definitely find demand at those values, so my lowest point for the bear market would be here, at 3400 points.

Some people will come here to say *""Everyone is expecting this, that's why it won't go lower"", ""Everyone is fearful, it's time to buy""* or any Burren Waffett quote. I would ask them, have we really suffered any pain? How many friends have lost their jobs? How many people can't afford their mortgage and have lost their house? How many people do you see looking into the trash looking for food? How many people have you seen committing suicide? This is not even 10% of a crisis, not even 5% of 2008.

*These are my views, as everyone will have theirs. Let's keep it constructive. Thanks for reading.*",newly_included
x6r3eb,2022-09-05,stocks,Too late to buy XOM?,Russia,available,False,False,True,True,True,False,True,False,False,True,False,False,True,excluded,geopolitical_crisis_financial,True,"Kind of want to buy it and hold for a few years, atleast until Russia is heavily sanctioned. Or could this be a long term hold regardless of politics?


Cannot decide if i want to buy beaten down tech or diversify.",newly_included
x98z76,2022-09-08,stocks,"If the European energy crisis goes on for years, how far will stock prices there drop? Will capitalism even continue?",Russia,available,False,False,True,False,True,True,True,False,False,True,False,False,True,excluded,geopolitical_crisis_financial,True," Every  day there are new grim reports that energy shortages will result in the  closure of most European manufacturing plants with resulting job loses  in the millions.  Prices for home heating and transportation are rising  so fast that ordinary Europeans are struggling to financially sustain  themselves.  Where is all this leading?  Economic collapse followed by  food riots and political revolution?  What is the 2 to 5 year outlook for European stocks if the energy crisis continues?  What if the energy crisis becomes permanent and lasts indefinitely?

[https://www.theguardian.com/business/2022/jul/26/eu-agrees-plan-to-reduce-gas-use-over-russia-supply-fears](https://www.theguardian.com/business/2022/jul/26/eu-agrees-plan-to-reduce-gas-use-over-russia-supply-fears)

0 comments",newly_included
xg68se,2022-09-16,investing,Investing in Europe's upcoming winter energy crisis,Russia,available,False,False,True,False,True,True,True,False,False,True,False,False,True,excluded,geopolitical_crisis_financial,True,Russia is cutting the gas off to Western Europe as we all know.Germany is signing long term lng contracts with US companies. Europe buys 99.1% of wood pellets we export. Mainly for biomass energy production. Thoughts on what US companies are going to capitalize the most from this.,newly_included
xmbyvk,2022-09-23,stocks,Great Depression?,Putin,available,False,False,True,False,True,True,True,False,False,True,False,False,True,excluded,geopolitical_crisis_financial,True,"Firs off, i would like the begin by saying that i have been doing this almost 4 months so any constructive criticism is appreciated, i see it as an opportunity to learn. With that being said, enjoy my book 🤣.

Personally, a recession has seemed unavoidable based on the Feds decisions and the economic data supporting those decisions. Now we are beginning to understand the magnitude of repercussions that will follow while the Feds attempt to tame inflation. 

During the Fed meeting today we heard from representatives for some of the different business sectors, wholesale, transportation, etc. As of todays meeting, we no longer have to speculate if we will see a recession. Businesses expressed hardships revolving around wages, supply/demand (be that too much or too little supply/demand), overhead costs, “significant” decline in profits, environmental concerns that have negatively affected different crops, and one i didn’t expect to hear, mismanagement of PPP funds. 

There was little spoken by the Feds though they did have some key comments and questions. First off Powell began by reiterating that they have been very transparent with their stance on inflation. In addition to that, at one point when the reps had neared the end of their comments and concerns, a Fed member asked one of them if they had anything that they could help them with, implying none of these problems being presented are their priority. I believe this is key because it says that everything they’re saying is stuff they already understand to be a consequence of the fight on inflation. It’s not the Feds fault a business grew too fast, it’s not their fault that a business has failing practices, it’s not their fault businesses mismanaged their PPP loans. At another point Powell had asked one of the reps if these additional expenses are going to be passed onto the consumer. When companies choose profit margins over stability for consumers, that’s an issue. Companies need to eat some of these expenses, some companies will have prepared better than others however that’s just how this works. As Powell said before “jobs will be lost, households will suffer”. The train is full speed and not set to stop in the near future. Add in foreign tensions on-top of this and we could be in for a very bumpy ride down, especially considering Putin doesn’t seem to be changing his mind anytime soon.

If you made it this far then thanks for taking the time to read this long ass book 😂, look forward to any comments and questions.",newly_included
y650xz,2022-10-17,stocks,"Surovkin’s appointment, return of Russian troops to Belarus: what should Ukrainians brace for?",Russian,removed,True,False,True,True,True,False,True,False,False,True,False,False,True,excluded,geopolitical_crisis_financial,True,[removed],newly_included
ykus4r,2022-11-03,stocks,Unpopular opinion: oil prices will stay high until oil stocks go up,Russia|Russian,available,False,False,True,False,True,True,True,False,False,True,False,False,True,excluded,geopolitical_crisis_financial,True,"In a normal commodity cycle, the cure for high prices is high prices. However, that is no longer the case, and I will explain why I think that is the case. I will try to list sources where I can but a lot of this information has been synthesized over time and therefore you will just have to google some things. Even the sources I find will be articles I find on google to support my statements.

High prices do not necessarily create permanent demand destruction. Even in the worst parts of the 2008 recession, oil demand barely dropped. Not to mention that demand can recover and if the fed pivots, it can be quite inflationary at least for commodity prices where physical markets are tight.

Here is an article of which I only want to highlight a single sentence (but I figure I should include a source). 

https://www.weforum.org/agenda/2020/05/oil-demand-price-coronavirus-world-bank/

“In 2008, the Great Recession led to demand falling by 0.66%”

That is nothing! But supply had already grown too much from the shale boom, leading to a supply/demand balance that favored the buyer. Compared to today, however, as the bottom half of the world is lifted out of poverty, they will consume more oil. They will go from bikes to motorcycles and motorcycles to cars. Let’s be real: they aren’t getting EVs anytime soon.

Furthermore,  as europe heads into an energy crisis and Russian gas is no longer an option due to nordstream explosions (only one pipeline left but it’s way smaller capacity than before), they will need to burn more oil and coal. This could lead to a lot of gas to oil switching https://bisoninterests.com/content/f/gas-to-oil-switching-–-winter-is-coming

I DONT WANT to hear any poorly framed arguments about european storage being full or TTF going negative. It doesn’t matter. Here is why anyone that tells you that europe will be fine with their storage doesn’t know what they are talking about: If you are driving cross country and start with a full tank that can get you 20% of the way there (being generous here), does that mean you can automatically make it coast to coast? No. You have to gas up. Likewise, getting through winter is the same. Gas storage cannot account for the entire winter. They need constant inflows. Heating oil, diesel and coal are just LNG without the infrastructure and therefore Europe will go for those next.

That being said, demand is ultimately very difficult to pin down. What I would like to focus on is supply.

Biden often complains about oil companies doing buybacks and dividends. Why? Because at these prices, dividends and buybacks get shareholders better return than growth at these multiples. Why are multiples low? Because institutions have shunned fossil fuel companies too long and Yellen and Granholm have also told development banks to tighten lending conditions to oil companies. 

Divestment examples:

https://www.reuters.com/business/finance/exclusive-new-york-pension-fund-divest-half-its-shale-companies-2022-02-09/

https://www.reuters.com/article/us-norway-swf-oil/norway-sovereign-wealth-fund-to-divest-oil-explorers-keep-refiners-idUSKBN1WG4R9

https://www.npr.org/2021/09/10/1035901596/harvard-university-end-investment-fossil-fuel-industry-climate-change-activism

Yellen and fossil fuel lending:

https://www.bloomberg.com/news/articles/2021-07-11/yellen-targets-curbs-on-development-bank-support-for-fossil-fuel#xj4y7vzkg


Besides that, analysts will say “shareholders want buybacks and dividends over growth.” It’s becoming a tired phrase. Who are shareholders here? Greedy people like me who want gains and don’t want to have them produce more without me making any more money, and etf and fund managers like blackrock and vanguard who only are custodians of the shares but get all the voting power. Guess what? Not only are they greedy too, but they also want to choke oil. Consequently, the sector globally is in liquidation. According to Rick Rule (who I trust a lot), the oil industry is $1b/day underinvested in sustaining current output. Furthermore, if, for example, Brent is at $110 and oil stocks price in $60, am I going to want to risk oversupply? No! Because I would be terrified about what share price would do if it priced in $60 at $110 and then the price actually dropped down to $60. What would it price in then? $20 at $60? $10? Negative?

OPEC also cannot ramp up production anytime soon. And why would they? 

https://time.com/6219783/opec-large-production-cut/

They want $90+ oil

https://www.reuters.com/world/macron-tells-biden-that-uea-saudi-can-barely-raise-oil-output-2022-06-27/

They can’t. Only Russia could have, but they needed western OFS, which all left the country, so their production will actually fall. 

We must rely on western oil companies.

Unpopular take: oil prices will remain heightened and volatile and spikes will persist until oil stocks go up. The cure to high prices is no longer high prices. It’s high oil stock prices. They are stupid cheap, and until they trade at reasonable multiples, shareholders and etf managers like blackrock and vanguard will not let them do anything but dividends and buybacks.  And that is great for CEOs and boards. No need to make hard choices. No need to take risks. Just say those two magic words, so of course they will choose the easy way.

tl;dr
Shareholders will only allow significant new production when stocks go up. Till then, buybacks and dividends.
If they are not making gains somehow, what the hell are they holding high torque cyclical stocks for? So stop throwing money into the bottomless hole that is tech. XOM just hit ATH. you will never make as much money as the guy you heard about it from, but there is room to run. If you are afraid of being late, late cycle OFS hasn’t outperformed yet. It’s a bull market.


edit: Regarding XOM being at ATH: No cause of concern yet. there are small caps cash flowing their market cap out there. I would buy those. But as for XOM, XOM/SPX chart shows we have a long way to go till overvaluation https://www.tradingview.com/chart/?symbol=XOM%2FSPX

ATH tells you one thing. inflation adjusted high says another. reinclusion into SPX will tell you another (people will frontrun that). Ratio chart is the most useful imo. For XOM/SPX and also XOP/oil ratio. I learned to look at those from a guy on youtube who runs a neat channel called “finding value finance”. great follow for all things commodities",newly_included
10xcf5q,2023-02-08,stocks,"Thoughts on Cybersecurity stocks in 2023. With increased tension between the US, Russia, China etc.",Russia,removed,True,False,True,False,True,True,True,False,False,True,False,False,True,excluded,geopolitical_crisis_financial,True,[removed],newly_included
11xdhtd,2023-03-21,StockMarket,"Stock Market Today (as of Mar 21, 2023)",Russian,available,False,False,True,False,True,True,True,False,False,True,False,False,True,excluded,geopolitical_crisis_financial,True,"On Monday, the three major U.S. stock indexes fluctuated upwards. At the close, Dow Jones was up 1.2%, the Nasdaq 100 was up 0.39%, and the S&amp;P 50 was up 0.89%.

The U.S. 10-year Treasury yield rose 1.395% to close at 3.488%, -50 bps worse than the 2-year yield. The panic index VIX fell 5.33%, Brent crude oil closed up 1.76%, and spot gold closing down 0.39% yesterday at $1978.8 per ounce. The dollar index continued to fall from its high level, closing at 103.29.

Goldman Sachs said that due to pressure on the banking system, the Federal Reserve is not expected to raise interest rates this week. JP Morgan’s chief economist Bruce Kasman expects the Fed to raise interest rates by 25 basis points on Wednesday. It is reported that the Group of Seven countries are unlikely to revise the price cap on Russian oil this week, although there is preliminary evidence that crude oil sales are well below the current $60 threshold. Goldman Sachs lowered its forecast for Brent crude oil to $94/barrel for the next 12 months and to $97/barrel for the second half of 2024 (compared to previous forecasts of $100/barrel).

**Trending Stocks**

[**Credit Suisse (CS)**](https://www.ainvest.com/stocks/NYSE-CS/)

&amp;#x200B;

https://preview.redd.it/iy1uu9uvp2pa1.png?width=1183&amp;format=png&amp;auto=webp&amp;v=enabled&amp;s=0325bc879d5cfbcca4087f683a7202bbe7118231

Credit Suisse stock was down 52.99% after UBS agreed to acquire Credit Suisse for $3.2 billion and agreed to take losses of up to $5.4 billion, and the Swiss National Bank will provide 100 billion Swiss francs in liquidity assistance to the combined bank. Standard &amp; Poor's downgraded UBS 'outlook to ""negative"" from ""stable"" with an ""A-"" rating.

[**First Republic Bank (FRC)**](https://www.ainvest.com/stocks/NYSE-FRC/)

&amp;#x200B;

https://preview.redd.it/6h38l0hwp2pa1.png?width=1164&amp;format=png&amp;auto=webp&amp;v=enabled&amp;s=7fa550f67477a11f00c32a368aad8407a972426d

First Republic Bank was down 47.11% after it was downgraded again by the rating agency on Sunday, days after its rating was downgraded to junk by S&amp;P Global. Standard &amp; Poor's announced that it will downgrade the bank's long-term issuer credit rating to B + from BB +. In explaining its action on Sunday, S&amp;P said that First Republic's rating ""remains on the negative watch list, indicating that if the bank cannot make some progress in stabilizing deposits and restoring the franchise value that may have been damaged in our view, we may further downgrade the rating."" Elsewhere, JP Morgan advising First Republic Bank on strategic alternatives, including a capital raise. A sale of the bank is also a possibility.

[**Applied Materials (AMAT)**](https://www.ainvest.com/stocks/NASDAQ-AMAT/)

&amp;#x200B;

https://preview.redd.it/s9wncfrxp2pa1.png?width=1194&amp;format=png&amp;auto=webp&amp;v=enabled&amp;s=a1a0ea10e3a73dea3f79210a7dc0b2230be093b0

Applied Materials was up 5.84% last week while our magic portfolio has picked the stock last Monday and sell it this Monday. Applied Materials said on Mar 13 that it plans to boost its quarterly dividend to 32 cents a share from 26 cents, an increase of 23%. It also announces the new $10 Billion Share Repurchase program at the same time. Last week is an extremely volatile trading week; however, AMAT held up very well. It is in the Large Cap &amp; Blend Style portfolio under the Magic Portfolio. Click for much more opportunities in the Magic Portfolio like AMAT.

**Opportunities**

Last Friday, [**Silicon Valley Bank**](https://www.ainvest.com/stocks/NASDAQ-SIVB/)**,** which provides loans to major players in the technology industry, became the biggest bank to fail since the financial crisis of 2008. To avoid a crisis in the wider banking system, regulators abruptly closed Signature Bank on Sunday night. The rapid closure of both banks has caused shockwaves throughout the technology industry, Wall Street, and Washington. Here are the companies that could be affected by the shockwave from SVB's bankruptcy. [**SVB Bankruptcy Stocks**](https://www.ainvest.com/screener/svb-bankruptcy-stocks/)

.

ChatGPT has been so popular in recent days. In short, ChatGPT is “an AI-powered chatbot developed by OpenAI, based on the GPT (Generative Pretrained Transformer) language model.” Many big tech players (Google, Microsoft, Alibaba, Baidu) has participated in the field, along with small firms (C3.ai, Zhihu). For instance, C3.ai has an impressive return of 133% last month. Check out below for a complete list of ChatGPT concept stocks. [**ChatGPT Stocks**](https://www.ainvest.com/screener/screen?q=chatgpt)

Every day there are plenty of opportunities happen before market open. The preset screen, [**Pre-Market Change Stocks**](https://www.ainvest.com/screener/pre-market-change-stocks/), provides you the list of pre-market opportunities that are selected by our well-experienced analysts and AI analysts.",newly_included
11yzi2q,2023-03-22,stocks,Panic caused by Ackman,Russia,available,False,False,True,False,True,True,True,False,False,True,False,False,True,excluded,geopolitical_crisis_financial,True,"Does anybody else see how Ackman always loves making “world ending” headlines which are always almost extreme ends and causes panic all along?

He did this in Covid. Then did for Russia where he called for WW 3. Now he is going astray with his Banking crisis whining.

I mean I understand there are risks but is there any way to police his tweets which I won’t be surprised are manipulation of markets? Can their be an enquiry by officials on this? 

Curious on what others think.",newly_included
1453tou,2023-06-09,stocks,"Tech leaders are calling for an A.I. pause because they have no product ready, Palantir CEO says",Ukraine|Ukrainian|Russian,available,False,True,True,True,True,False,True,False,False,True,False,False,True,excluded,geopolitical_crisis_financial,True,"https://www.cnbc.com/2023/06/09/tech-leaders-ai-pause-no-product-ready-palantir.html

Palantir’s boss Alex Karp opposes the idea of a pause in artificial intelligence research, in contrast to an open letter from the Future of Life Institute signed by some of the biggest names in the tech industry. The letter, which has garnered over 31,000 signatures including names like Tesla CEO Elon Musk and Apple co-founder Steve Wozniak, called for a pause on AI research on models larger than GPT-4, which powers tools such as ChatGPT. The letter also said that if “such a pause cannot be enacted quickly, governments should step in and institute a moratorium.” Speaking to BBC Radio in an interview broadcast Thursday, Karp said he is of the view that “many of the people asking for a pause, are asking for a pause because they have no product.”

He added, without naming anyone, that this is because “people who have nothing to offer want to study AI,” but by taking a pause, this could lead to adversaries stealing a lead in not only commercial applications, but also military applications. To him, “studying this and allowing other people to win both on commercial areas and on the battlefield” is a really bad strategy. When asked if what he wanted was an “A.I. race” akin to the arms race of the Cold War, Karp simply stated that “there is already an A.I. arms race, it’s just we’re ahead, [and] it’s not like if we slow down, the AI race will stop.”

He pointed out that the “single most important event” in this race is not large language models like GPT-4, but instead how AI has been utilized in military applications. Karp points out that Ukrainian forces have used Palantir technologies to gain a technological edge over invading Russian forces. A report from The Times in December 2022 revealed that Palantir’s AI has allowed Ukraine to increase the accuracy, speed and deadliness of its artillery strikes despite having comparatively smaller artillery forces. Palantir sells software to governments and private sector organizations which help them analyze large quantities of data. The advent of this AI-powered software on the battlefield “just throws down a gauntlet to every single country in the world,” Karp said. He added, “especially [to] our adversaries, they cannot afford for us to have this advantage. And so, the race is on. There’s only a question of do we stay ahead or do we cede the lead.”",newly_included
14dv2wx,2023-06-20,StockMarket,The Telegraph: European Investment Bank hit by cyber attack after Russian hackers vow to bring down financial system,Russian,blank,True,False,True,False,True,True,True,False,False,True,False,False,True,excluded,geopolitical_crisis_financial,True,,newly_included
14jdsdo,2023-06-26,stocks,"Emerging Markets: Wagner insurrection in Russia, Jenin attack, US boots in Peru",Russia,removed,True,False,True,False,True,True,True,False,False,True,False,False,True,excluded,geopolitical_crisis_financial,True,[removed],newly_included
14jgjal,2023-06-26,stocks,"Emerging Markets: Wagner insurrection in Russia, Jenin attack, US boots in Peru",Russia,removed,True,False,True,False,True,True,True,False,False,True,False,False,True,excluded,geopolitical_crisis_financial,True,[removed],newly_included
14jgk7l,2023-06-26,stocks,"Emerging Markets: Wagner insurrection in Russia, Jenin attack, US boots in Peru",Russia,removed,True,False,True,False,True,True,True,False,False,True,False,False,True,excluded,geopolitical_crisis_financial,True,[removed],newly_included
15c9eip,2023-07-28,stocks,"Wall Street Week Ahead for the trading week beginning July 31st, 2023",Russia,available,False,False,True,False,True,True,True,False,False,True,False,False,True,excluded,geopolitical_crisis_financial,True,"Good Friday evening to all of you here on r/stocks! I hope everyone on this sub made out pretty nicely in the market this past week, and are ready for the new trading week ahead. :)

Here is everything you need to know to get you ready for the trading week beginning July 31st, 2023.

# **S&P 500 closes nearly 1% higher on softening inflation data, nabs 3rd week of gains: Live updates - [(Source)](https://www.cnbc.com/2023/07/27/stock-market-today-live-updates.html)**
*****
> Stocks rose Friday with the Dow Jones Industrial Average and S&P 500 closing out their third winning weeks in a row as a measure of inflation closely watched by the Federal Reserve came in at its lowest in nearly two years.
*****
> The Dow jumped 176.57 points, or 0.50%, to 35,459.29. The S&P 500 added 0.99% to 4,582.23. The Nasdaq Composite gained 1.90% to 14,316.66.
*****
> All three major averages notched weekly gains with the 30-stock average up by about 0.66%. On Thursday, the Dow ended a 13-day win streak, a length not seen since 1987. The S&P advanced 1.01%, and the tech-heavy index is up 2.02%.
*****
> This week, investors cheered data showing cooling inflation and stronger-than-expected earnings reports that supported the case the U.S. could avoid a recession.
*****
> On Friday, June data for the personal consumption expenditures price index continued to show easing inflation. The gauge showed core PCE gained 0.2% month-over-month, in line with the 0.2% increase expected by economists polled by Dow Jones. Core PCE rose 4.1% from the year-ago period, lower than the anticipated 4.2%.
*****
> The data is of particular interest after the central bank raised interest rates earlier this week in a widely expected move. The Fed targets inflation at 2% annually.
*****
> “In the wake of stronger than expected GDP, and a better-than-expected earnings season, this could be the catalyst to send the market to new highs,” wrote Gina Bolvin, president of Bolvin Wealth Management Group.
*****
> Earnings season continued with Dow member Procter & Gamble shares gaining nearly 3%. The consumer goods company behind Tide and other brands beat analysts’ earnings and revenue expectations in its most recent quarter.
*****
> Intel jumped 6.6% as investors applauded a return to profitability, while Roku climbed 31% a day after beating Wall Street expectations on both the top and bottom lines.
*****
> On the other hand, Ford Motor shares fell 3.4% even though the automaker beat estimates and raised guidance. The company said its electric vehicle adoption was taking longer than expected due to higher costs.

*****

# **This past week saw the following moves in the S&P:**
###### **([CLICK HERE FOR THE FULL S&P TREE MAP FOR THE PAST WEEK!](https://i.imgur.com/cWOvtAL.png))**

# **S&P Sectors for this past week:**
###### **([CLICK HERE FOR THE S&P SECTORS FOR THE PAST WEEK!](https://i.imgur.com/H3gHx0a.png))**

# **Major Indices for this past week:**
###### **([CLICK HERE FOR THE MAJOR INDICES FOR THE PAST WEEK!](https://i.imgur.com/GR6QKJt.png))**

# **Major Futures Markets as of Friday's close:**
###### **([CLICK HERE FOR THE MAJOR FUTURES INDICES AS OF FRIDAY!](https://i.imgur.com/XV5QDkm.png))**

# **Economic Calendar for the Week Ahead:**
###### **([CLICK HERE FOR THE FULL ECONOMIC CALENDAR FOR THE WEEK AHEAD!](https://i.imgur.com/E6UmSJC.png))**

# **Percentage Changes for the Major Indices, WTD, MTD, QTD, YTD as of Friday's close:**
###### **([CLICK HERE FOR THE CHART!](https://i.imgur.com/Cs0wdpE.png))**

# **S&P Sectors for the Past Week:**
###### **([CLICK HERE FOR THE CHART!](https://i.imgur.com/dUii4gl.png))**

# **Major Indices Pullback/Correction Levels as of Friday's close:**
###### **([CLICK HERE FOR THE CHART!](https://i.imgur.com/TKpN2x2.png)**

# **Major Indices Rally Levels as of Friday's close:**
###### **([CLICK HERE FOR THE CHART!](https://i.imgur.com/LykWVOa.png))**

# **Most Anticipated Earnings Releases for this week:**
###### **([CLICK HERE FOR THE CHART!](https://i.imgur.com/kR6JQLf.png))**

# **Here are the upcoming IPO's for this week:**
###### **([CLICK HERE FOR THE CHART!](https://i.imgur.com/14D43HD.png))**

# **Friday's Stock Analyst Upgrades & Downgrades:**
###### **([CLICK HERE FOR THE CHART LINK #1!](https://i.imgur.com/I33gQfn.png))**
###### **([CLICK HERE FOR THE CHART LINK #2!](https://i.imgur.com/iGltvEJ.png))**

*****

> # Sentiment Staying Bullish

> The S&P 500 has continued its rally but sentiment has not exactly reflected that. The latest reading on investor sentiment from the AAII survey showed bullish sentiment dropped back below 50% this week. 44.5% of respondents reported as bullish in the past week which is right in line with the average reading of the past two months.

> ###### **([CLICK HERE FOR THE CHART!](https://media.bespokepremium.com/uploads/2023/07/072723-AAII-1.png))**

> The 6.5-point decline in bulls was only partially picked up by bearish sentiment which rose from 21.5% (the lowest level in over two years) to 24.1%. Albeit higher sequentially, that remains a muted reading.

> ###### **([CLICK HERE FOR THE CHART!](https://media.bespokepremium.com/uploads/2023/07/072723-AAII-2.png))**

> Neutral sentiment took home a larger share of the drop to bulls with the reading rising to 31% from 27.1%. That is only the most elevated reading in two weeks as neutral sentiment is the closest of any response to its respective historical average.

> ###### **([CLICK HERE FOR THE CHART!](https://media.bespokepremium.com/uploads/2023/07/072723-AAII-4.png))** 

> While the AAII survey showed some moderation in optimism this week, that was not the case for other surveys. In last Thursday's Closer, we discussed how alongside the AAII survey, multiple other sentiment readings have tipped in favor of bulls recently. One such indicator that has continued to become more bullish is the NAAIM Exposure index which tracks the average equity exposure of active investment managers. Readings range from -200 to +200. -200/+200 would imply on average money managers are leveraged short/long, readings of -100/+100 would be fully short/long, and a reading of zero would be market neutral. This week the index tipped above 100 for the first time since late November 2021. In other words, active money managers are now fully long for the first time in over a year and a half. That streak of readings below 100 also ends as the fourth longest in the survey's history at 86 weeks in a row.

> ###### **([CLICK HERE FOR THE CHART!](https://media.bespokepremium.com/uploads/2023/07/072723-AAII-5b.png))**

*****

> # Jobless Claims Back to Improving

> It was a solid morning for economic data with a number of indicators coming in better than expected. Weekly jobless claims were one of those with seasonally adjusted initial claims unexpectedly falling to 221K from 228K last week and the lowest level since the second half of February.

> ###### **([CLICK HERE FOR THE CHART!](https://media.bespokepremium.com/uploads/2023/07/072723-Claims-1.png))**

> Before seasonal adjustment, claims fell significantly week over week as could be expected for this point of the year. The 44.5K drop this week was in line with the average historical drop for the current week of the year as claims have fallen 80% of the time. Going forward, there will continue to be seasonal tailwinds through the end of summer before the typical fourth quarter turn higher.

> ###### **([CLICK HERE FOR THE CHART!](https://media.bespokepremium.com/uploads/2023/07/072723-Claims-2.png))**

> As for continuing claims, the seasonally adjusted reading likewise hit a new short-term low coming in at just 1.69 million. That is the lowest reading and first sub-1.7 million since the end of January. Combined with the initial claims reading, this recent data points to a return to strength in the labor market data following deterioration late last year through the early spring.

> ###### **([CLICK HERE FOR THE CHART!](https://media.bespokepremium.com/uploads/2023/07/072723-Claims-3.png))**

*****

> # Where the Jobs Were

> In last night's Closer, we discussed the latest job postings data from job listings website Indeed. Compared to the official reading on labor market demand -- the Job Openings and Labor Turnover Survey (JOLTS) -- which is released monthly at a two-month lag, this Indeed data is a daily look with much lower latency. The latest release as of Tuesday covers postings through July 21st. As shown below, postings remain in a downtrend in spite of a modest rebound in the latest month. Having tracked well with the official data, modeling JOLTS on the Indeed data would predict JOLTS to continue to fall to around 9.57 million for the June data scheduled to be released next week.

> ###### **([CLICK HERE FOR THE CHART!](https://media.bespokepremium.com/uploads/2023/07/072723-Indeed-1.png))**

> The Indeed data also provides a good deal of demographic granularity based upon geographic areas. As shown below, the first two years of the pandemic had been a boon for smaller metro areas as they generally saw healthier readings on postings than the largest cities. While that dynamic moderated through the back half of 2021 through early 2022, the past year has seen the trend return. As shown in the charts below, postings have fallen regardless of MSA size, but larger metros have experienced a much more substantial drop. The smallest metros, on the other hand, have seen a much more modest decline, especially over the past several months. Check out the big drop in the second chart below showing the spread between the largest and smallest metros:

> ###### **([CLICK HERE FOR THE CHART!](https://media.bespokepremium.com/uploads/2023/07/072723-Indeed-2.png))**

> The data also provides a breakdown based on job industry. In the table below, we show the change in each industries' postings since the pre-pandemic baseline of early February 2020. Currently, there are six groups with a lower reading on postings versus pre-pandemic: IT Operations & Helpdesk, Media & Communications, Marketing, Information Documentation and Design, Software Development, and Mathematics. Meanwhile, several health care and engineering related roles continue to sit atop the list with the greatest post-pandemic growth in job postings. Finally, we would also note that some industries like Human Resources and logistics-related industries that saw postings boom on account of strong hiring and stressed supply chains have moderated. Today, those same indices now have postings that are middle of the pack at best.

> ###### **([CLICK HERE FOR THE CHART!](https://media.bespokepremium.com/uploads/2023/07/072723-Indeed-3a.png))**

*****

> # Emerging Markets (EEM) Attempts a Break Out

> Today we published our most recent Global Macro Dashboard which provides a high level summary of 22 major economies. Taking a look at those same countries' stock markets via US traded ETFs, 2023 has seen broad rebounds in equity prices across the globe. At the moment, the average country ETF is 4.55% away from a 52-week high after posting a double-digit YTD gain. Based on developed and emerging countries, there has been some divergence. Both last year and again this year, emerging market equities have seen modest outperformance relative to developed markets. That has also been the case in July with an average gain of 5.24% for EM countries versus a 2.85% rise for their developed market peers. South Africa (EZA) is up the most month-to-date with a 10.2% gain, while France (EWQ) is up the least with a gain of just 13 bps so far in July.

> ###### **([CLICK HERE FOR THE CHART!](https://media.bespokepremium.com/uploads/2023/07/072623-GMD.png))**

> From a technical perspective, the gains in emerging markets—proxied by the iShares MSCI Emerging Markets ETF (EEM)—have resulted in a move above resistance at some of the past year's highs. As shown below, earlier in the spring and again only a couple of weeks ago, EEM attempted to retest the levels from last summer unsuccessfully. Today, EEM is back above those levels with the next resistance to watch being the January high at $42.50.

> ###### **([CLICK HERE FOR THE CHART!](https://media.bespokepremium.com/uploads/2023/07/072623-EEM.png))**

*****

> # 1st 8 or 9 Days of August Weaker Pre-Election Years

> ###### **([CLICK HERE FOR THE CHART!](https://64.media.tumblr.com/345224256ecb8d1ce20e12a6d06270ee/4bcc06987525e2f0-66/s500x750/e03274d8a5663643a4905fb0347b567aae67aca4.png))**

> First eight or nine trading days of August have exhibited weakness while mid-month has been better. This pattern holds in pre-election years with greater magnitude (dashed lines). Note the bullish cluster from August 15 through 17. This strength is visible above on trading days 11, 12 and 13. The end of August tends to be softer when traders evacuate Wall Street for a summer finale. The last five days were generally bearish from 1996 to 2013 but have been positive in seven of the last nine years. In 2022, S&P 500 dropped 4.5% in the last five trading days of August. S&P 500 has also only been up nine times on the penultimate day of August in the past 27 years.

*****

> # Most Confident Consumers in Two Years

> In case you didn't see it already, today's report on Consumer Confidence from the Conference Board showed that consumers are more confident than they have been at any point in the last two years. While there are still no shortage of negative macro headlines, with employment remaining strong, inflation easing, and the stock market in a bull market, you can't fault consumers for being more confident than they have been in recent history.

> For some perspective on the current levels of consumer sentiment, the chart below shows historical readings of Consumer Confidence with red dots showing each time that the monthly reading made a new two-year high. As you can see, these types of readings aren't rare, especially during prolonged economic expansions, and as a corollary to the saying that it's often darkest before the dawn, sentiment tends to be brightest right up until sunset.

> ###### **([CLICK HERE FOR THE CHART!](https://media.bespokepremium.com/uploads/2023/07/072523-Consumer-Confidence.png))**

> In each of the prior periods where sentiment hit a two-year high just before the economy started to roll over, it was preceded by multiple occurrences of sentiment hitting new two-year highs. If we further filter out occurrences for periods when sentiment hit a two-year high for the first time in at least a year, the picture looks a lot different. In this case, there was never an occurrence just as the economy was on the verge of a recession, and most of them tended to occur early in the cycle rather than late. Interestingly enough, with all the debate over whether or not the economy is in a recession or not, the pattern of Consumer Confidence in the current period looks very much similar to the pattern during the double-dip recession of the early 1980s. Like the current period, back then there was a sharp drop and subsequent sharp rebound in confidence followed by another decline that failed to make a lower low. The only difference this time around is that following the initial COVID recession of 2020 there wasn't another recession in the next two years- at least not an officially declared recession.

> ###### **([CLICK HERE FOR THE CHART!](https://media.bespokepremium.com/uploads/2023/07/072523-Consumer-Confidence-two-years.png))**

*****

> # August Can Be Challenging in Pre-Election Years

> Money flows from harvesting made August a great stock market month in the first half of the Twentieth Century. It was the best > DJIA month from 1901 to 1951. Now it is the worst DJIA and second worst S&P 500, NASDAQ, Russell 1000, and Russell 2000 month over the last 35 years, 1988-2022 with average performance ranging from 0.1% by NASDAQ to a –0.9% loss by DJIA. Last year, DJIA, S&P 500, NASDAQ, and Russell 1000 all declined over 4% in August.

> Contributing to this poor performance since 1988; the second shortest bear market in history (45 days) caused by turmoil in Russia, the Asian currency crisis and the Long-Term Capital Management hedge fund debacle ending August 31, 1998, with the DJIA shedding 6.4% that day. DJIA dropped 1344.22 points for the month, off 15.1%—which is the second worst monthly percentage DJIA loss since 1950. Saddam Hussein triggered a 10.0% slide in August 1990. The best DJIA gains occurred in 1982 (11.5%) and 1984 (9.8%) as bear markets ended. Sizeable losses in 2010, 2011, 2013, 2015 and 2022 of over 4% by DJIA have widened its August average decline.

> In pre-election years since 1950, Augusts’ rankings improve modestly: #8 DJIA, #9 S&P 500, #10 NASDAQ (since 1971), #11 Russell 1000 and #10 Russell 2000 (since 1979). Average performance in pre-election years is positive except for Russell 2000. However, all five indexes have declined in August during the last three pre-election years, 2019, 2015 and 2011. It would appear, August’s pre-election year advantage is fading.

> ###### **([CLICK HERE FOR THE CHART!](https://64.media.tumblr.com/2199402b0bef35709cabec0525d0748c/d591c4e98222b4ad-a4/s500x750/0f6ab4899a43acad1653e04cbab0c593e2fe9372.jpg))**

*****

Here is the list of notable companies reporting earnings in this upcoming trading week ahead-

*****

> (**T.B.A. THIS WEEKEND.**)

*****

> ###### **([CLICK HERE FOR NEXT WEEK'S MOST NOTABLE EARNINGS RELEASES!](https://i.imgur.com/kR6JQLf.png))**
> ###### **([CLICK HERE FOR NEXT WEEK'S HIGHEST VOLATILITY EARNINGS RELEASES!]())**
(T.B.A. THIS WEEKEND.)
> ###### **([CLICK HERE FOR MONDAY'S PRE-MARKET NOTABLE EARNINGS RELEASES!](https://i.imgur.com/GjElSsO.png))**

*****

# DISCUSS!

What are you all watching for in this upcoming trading week?

*****

I hope you all have a wonderful weekend and an awesome trading week ahead r/stocks. :)",newly_included
163o0x6,2023-08-28,investing,Should I diversify my retirement savings more?,Russia,available,False,False,True,False,True,True,True,False,False,True,False,False,True,excluded,geopolitical_crisis_financial,True,"I am 30, Swedish, looking into long term savings (retirement probably) through broad index founds. 

I was thinking I would split my portfolio something like this: 
60% USA
20% North-Western Europe
10% Eastern Europe (not Russia)
10% India

My strategy is as following: 
I realise it’s a lot of western world, first-world countries, especially USA. But in my mind I should stick to politically and militarily stable nations with low levels of corruption and bureaucracy. This basically excludes all of Africa, Middle east (except Israel) and most of Asia. 

What I know of my own home EU, is that it’s a heavily taxed and bureaucratic mess and it’s share of total world-wealth has been shrinking while USA’s has stayed the same. On top of that it’s old money, old companies, old nations with workers who rather strikes than innovates. It’s hard doing business and starting new companies, e.g in Sweden it’s almost impossible firing people even if they are jot qualified for what you now need them to do. 

USA is an economical Juggernaut with low level of burocracy. They rule the world. They are not threatened militarily, politically or economically by anyone anymore. China is definitely on the decline so in the end it turned out no one could challenge Pax-Americana after all. The only real threat against USA today is internal polarisation. Their companies are frankly great and often the ones innovating today. 

I believe India has potential for the future, though their bureaucracy is on an absurd level where it is sometimes easier exporting and importing goods from other countries than between regions internally, but their TFR is looking good as well as many other factors such as democracy and english proficiency (ease of doing business with the west as well as taking up production from China). 

Should I diversify more and if so where?",newly_included
17a6v24,2023-10-17,StockMarket,Economic events for the week starting 10-16,Russian|Putin,available,False,False,True,False,True,True,True,False,False,True,False,False,True,excluded,geopolitical_crisis_financial,True,"US economic events,

- US retail sales, business inventories, industrial production, Tuesday
- New York Fed President John Williams moderates discussion, while Richmond Fed President Tom Barkin speaks at a separate event, Tuesday
- Reserve Bank of Australia Governor Michele Bullock speaks, Wednesday
- Federal Reserve issues Beige Book economic survey, Wednesday
- Philadelphia Fed President Patrick Harker and New York Fed President John Williams speak at separate events, Wednesday
- US initial jobless claims, existing home sales, leading index, Thursday
- Federal Reserve Chair Jerome Powell, Chicago Fed President Austan Goolsbee, Atlanta Fed President Raphael Bostic, Philadelphia Fed President Patrick Harker, Dallas Fed President Lorie Logan speak at different events, Thursday
- Philadelphia Fed President Patrick Harker speaks, Friday

International economic events,

- Chinese President Xi Jinping hosts world leaders at the Belt and Road Initiative forum from Tuesday to Wednesday, with Russian President Vladimir Putin expected to attend
- Joint European Central Bank/IMF policy and research conference, Tuesday
- UK jobless claims, unemployment, Tuesday
- China GDP, retail sales, industrial production, Wednesday
- UK CPI, Wednesday
- Japan CPI, Friday

Notable ERs,

- Goldman Sachs, Bank of America earnings, Tuesday
- Morgan Stanley, Netflix, Tesla earnings, Wednesday

**Refs**
- Bl Finance on [10-16](https://www.bloomberg.com/news/articles/2023-10-16/stock-market-today-dow-s-p-live-updates) and on [10-15](https://www.bloomberg.com/news/articles/2023-10-15/asia-set-for-early-losses-as-gaza-offensive-looms-markets-wrap)",newly_included
