reddit_id,original_post_date,index_name,mapped_trading_date,mapping_status,mapping_reason,days_forward,sentiment_score
kpjvhs,2021-01-03,EURO_STOXX_50,2021-01-04,forward_nontrading,Sunday,1,0.0267215295613784
kspxe3,2021-01-07,EURO_STOXX_50,2021-01-07,same_day,trading_day,0,0.336831514001824
kt6slu,2021-01-08,EURO_STOXX_50,2021-01-08,same_day,trading_day,0,0.0052259086320797
kzggfz,2021-01-17,EURO_STOXX_50,2021-01-18,forward_nontrading,Sunday,1,-0.0028282188706927
kzzabs,2021-01-18,EURO_STOXX_50,2021-01-18,same_day,trading_day,0,-0.0046202760870353
l1udjk,2021-01-21,EURO_STOXX_50,2021-01-21,same_day,trading_day,0,0.3381085558561608
l45p5x,2021-01-24,EURO_STOXX_50,2021-01-25,forward_nontrading,Sunday,1,-0.0964394633968671
la7g07,2021-02-01,EURO_STOXX_50,2021-02-01,same_day,trading_day,0,0.0621185224425668
lamya4,2021-02-02,EURO_STOXX_50,2021-02-02,same_day,trading_day,0,-0.2356191715225577
lcdbmq,2021-02-04,EURO_STOXX_50,2021-02-04,same_day,trading_day,0,0.0954588307067751
lcduke,2021-02-04,EURO_STOXX_50,2021-02-04,same_day,trading_day,0,0.1182091679625414
ld2r3o,2021-02-05,EURO_STOXX_50,2021-02-05,same_day,trading_day,0,0.1878617819165811
ld4dpg,2021-02-05,EURO_STOXX_50,2021-02-05,same_day,trading_day,0,0.0132020310740227
ldgc85,2021-02-05,EURO_STOXX_50,2021-02-05,same_day,trading_day,0,0.2229313809735079
lgyv2v,2021-02-10,EURO_STOXX_50,2021-02-10,same_day,trading_day,0,-0.0562053024768829
li0rpg,2021-02-12,EURO_STOXX_50,2021-02-12,same_day,trading_day,0,0.0720571026361236
li0sz1,2021-02-12,EURO_STOXX_50,2021-02-12,same_day,trading_day,0,0.0720571026361236
ljtc9i,2021-02-14,EURO_STOXX_50,2021-02-15,forward_nontrading,Sunday,1,-0.011074599106038
lk475o,2021-02-15,EURO_STOXX_50,2021-02-15,same_day,trading_day,0,0.0650974407947311
lkuu1v,2021-02-16,EURO_STOXX_50,2021-02-16,same_day,trading_day,0,0.1190315158067581
llb0bs,2021-02-16,EURO_STOXX_50,2021-02-16,same_day,trading_day,0,0.0219851228608084
lmb8jc,2021-02-18,EURO_STOXX_50,2021-02-18,same_day,trading_day,0,0.3765704035633117
ln5gd5,2021-02-19,EURO_STOXX_50,2021-02-19,same_day,trading_day,0,-0.135077327877904
lrclcc,2021-02-24,EURO_STOXX_50,2021-02-24,same_day,trading_day,0,-0.2145538447158677
lyjaja,2021-03-05,EURO_STOXX_50,2021-03-05,same_day,trading_day,0,0.0442173663953629
mfbyli,2021-03-28,EURO_STOXX_50,2021-03-29,forward_nontrading,Sunday,1,0.0891614629093695
mfxofg,2021-03-29,EURO_STOXX_50,2021-03-29,same_day,trading_day,0,-0.1131788973189607
mfxp8v,2021-03-29,EURO_STOXX_50,2021-03-29,same_day,trading_day,0,-0.1131788973189607
mi5ox3,2021-04-01,EURO_STOXX_50,2021-04-01,same_day,trading_day,0,-0.8755818214267492
mnurtq,2021-04-10,EURO_STOXX_50,2021-04-12,forward_nontrading,Saturday,2,-0.0680343858336775
mnxqjx,2021-04-10,EURO_STOXX_50,2021-04-12,forward_nontrading,Saturday,2,-0.0510738417506217
mpfnps,2021-04-12,EURO_STOXX_50,2021-04-12,same_day,trading_day,0,-0.4232758227735758
mpfpx5,2021-04-12,EURO_STOXX_50,2021-04-12,same_day,trading_day,0,-0.4232758227735758
mq36w5,2021-04-13,EURO_STOXX_50,2021-04-13,same_day,trading_day,0,-0.3606886565685272
muvjjo,2021-04-20,EURO_STOXX_50,2021-04-20,same_day,trading_day,0,-0.4864287902601063
n1cy2n,2021-04-29,EURO_STOXX_50,2021-04-29,same_day,trading_day,0,0.2265998545501913
n1z2fv,2021-04-30,EURO_STOXX_50,2021-04-30,same_day,trading_day,0,0.4511383918627184
n93q2k,2021-05-10,EURO_STOXX_50,2021-05-10,same_day,trading_day,0,-0.0704615110797541
ngsgcn,2021-05-20,EURO_STOXX_50,2021-05-20,same_day,trading_day,0,-0.0436379287253927
nizpwz,2021-05-23,EURO_STOXX_50,2021-05-25,forward_nontrading,Sunday,2,-0.0405759594092766
nnn1og,2021-05-29,EURO_STOXX_50,2021-05-31,forward_nontrading,Saturday,2,0.3219933239195277
nnoiu1,2021-05-29,EURO_STOXX_50,2021-05-31,forward_nontrading,Saturday,2,0.3213525738786248
npxkx3,2021-06-01,EURO_STOXX_50,2021-06-01,same_day,trading_day,0,-0.1130787700298242
nv2huz,2021-06-08,EURO_STOXX_50,2021-06-08,same_day,trading_day,0,-0.6186492309960372
nxsjq7,2021-06-11,EURO_STOXX_50,2021-06-11,same_day,trading_day,0,-0.0930302407398509
nxskls,2021-06-11,EURO_STOXX_50,2021-06-11,same_day,trading_day,0,-0.0929418488832501
o0mwiu,2021-06-15,EURO_STOXX_50,2021-06-15,same_day,trading_day,0,0.0119175954129208
o9sk5d,2021-06-28,EURO_STOXX_50,2021-06-28,same_day,trading_day,0,0.1778556299085418
obh4gv,2021-07-01,EURO_STOXX_50,2021-07-01,same_day,trading_day,0,-0.1482347610704216
od5uhw,2021-07-03,EURO_STOXX_50,2021-07-05,forward_nontrading,Saturday,2,-0.1353878768902548
oiyn90,2021-07-12,EURO_STOXX_50,2021-07-12,same_day,trading_day,0,-0.017736879975668
oiyobv,2021-07-12,EURO_STOXX_50,2021-07-12,same_day,trading_day,0,-0.0638810110588868
oqe9r3,2021-07-23,EURO_STOXX_50,2021-07-23,same_day,trading_day,0,-0.1634111651607478
oqeadg,2021-07-23,EURO_STOXX_50,2021-07-23,same_day,trading_day,0,-0.1635051328145588
ou2ht3,2021-07-29,EURO_STOXX_50,2021-07-29,same_day,trading_day,0,0.1576086122387399
ouyk6c,2021-07-31,EURO_STOXX_50,2021-08-02,forward_nontrading,Saturday,2,-0.1259907276796487
ouykv9,2021-07-31,EURO_STOXX_50,2021-08-02,forward_nontrading,Saturday,2,-0.1259010202057349
pc3h3m,2021-08-26,EURO_STOXX_50,2021-08-26,same_day,trading_day,0,-0.2197948857778456
pl5mt1,2021-09-09,EURO_STOXX_50,2021-09-09,same_day,trading_day,0,0.1649852681818396
pl5nmj,2021-09-09,EURO_STOXX_50,2021-09-09,same_day,trading_day,0,0.1649852681818396
pltxcf,2021-09-10,EURO_STOXX_50,2021-09-10,same_day,trading_day,0,0.0074879329636572
pltxl5,2021-09-10,EURO_STOXX_50,2021-09-10,same_day,trading_day,0,0.0070344487006669
prztls,2021-09-20,EURO_STOXX_50,2021-09-20,same_day,trading_day,0,-0.2479507087596825
pv6k8t,2021-09-25,EURO_STOXX_50,2021-09-27,forward_nontrading,Saturday,2,-0.1622834741310388
pzjk2y,2021-10-01,EURO_STOXX_50,2021-10-01,same_day,trading_day,0,-0.1251131043109732
pzjkyw,2021-10-01,EURO_STOXX_50,2021-10-01,same_day,trading_day,0,-0.1262649265467189
q0gvxi,2021-10-03,EURO_STOXX_50,2021-10-04,forward_nontrading,Sunday,1,0.9095829371362923
q1y452,2021-10-05,EURO_STOXX_50,2021-10-05,same_day,trading_day,0,0.1851781075820326
q6vnlh,2021-10-12,EURO_STOXX_50,2021-10-12,same_day,trading_day,0,-0.1208607148379087
quks48,2021-11-15,EURO_STOXX_50,2021-11-15,same_day,trading_day,0,-0.0438211852345954
qvi2d8,2021-11-16,EURO_STOXX_50,2021-11-16,same_day,trading_day,0,0.0010791712750991
r0dk0r,2021-11-23,EURO_STOXX_50,2021-11-23,same_day,trading_day,0,-0.2726633501505213
r1643r,2021-11-24,EURO_STOXX_50,2021-11-24,same_day,trading_day,0,-0.0973020749937357
r6o8i1,2021-12-01,EURO_STOXX_50,2021-12-01,same_day,trading_day,0,-0.2157598350729261
rbrrls,2021-12-08,EURO_STOXX_50,2021-12-08,same_day,trading_day,0,-0.2193974333653307
rdcr0o,2021-12-10,EURO_STOXX_50,2021-12-10,same_day,trading_day,0,0.0083904713392257
rf06a5,2021-12-12,EURO_STOXX_50,2021-12-13,forward_nontrading,Sunday,1,-0.0384176783263683
rffzwj,2021-12-13,EURO_STOXX_50,2021-12-13,same_day,trading_day,0,-0.1199829927867367
rh9r5u,2021-12-15,EURO_STOXX_50,2021-12-15,same_day,trading_day,0,0.2563302479943053
rm21sg,2021-12-22,EURO_STOXX_50,2021-12-22,same_day,trading_day,0,-0.0566721875220537
rmvjyr,2021-12-23,EURO_STOXX_50,2021-12-23,same_day,trading_day,0,-0.1804212760180235
rr8mmm,2021-12-29,EURO_STOXX_50,2021-12-29,same_day,trading_day,0,0.0725156337241915
rstzza,2021-12-31,EURO_STOXX_50,2022-01-03,forward_nontrading,weekday_nontrading,3,-0.1856924097886995
rv1t6f,2022-01-03,EURO_STOXX_50,2022-01-03,same_day,trading_day,0,-0.0338769379410553
s0jkuu,2022-01-10,EURO_STOXX_50,2022-01-10,same_day,trading_day,0,0.0026789637105095
s1cqnd,2022-01-11,EURO_STOXX_50,2022-01-11,same_day,trading_day,0,-0.0145441192601408
s2dle3,2022-01-12,EURO_STOXX_50,2022-01-12,same_day,trading_day,0,-0.2758415777236223
s3sdc9,2022-01-14,EURO_STOXX_50,2022-01-14,same_day,trading_day,0,-0.3340867477883067
s4mzeq,2022-01-15,EURO_STOXX_50,2022-01-17,forward_nontrading,Saturday,2,0.0499944407492876
s5jx2k,2022-01-16,EURO_STOXX_50,2022-01-17,forward_nontrading,Sunday,1,-0.3051459062844515
s6gs28,2022-01-17,EURO_STOXX_50,2022-01-17,same_day,trading_day,0,0.173132107264417
s6vcjw,2022-01-18,EURO_STOXX_50,2022-01-18,same_day,trading_day,0,0.0494123771786689
s7uvtg,2022-01-19,EURO_STOXX_50,2022-01-19,same_day,trading_day,0,-0.1601333580911159
s89ffn,2022-01-20,EURO_STOXX_50,2022-01-20,same_day,trading_day,0,0.1893704280082602
s8ixn4,2022-01-20,EURO_STOXX_50,2022-01-20,same_day,trading_day,0,0.0048856386228611
s8lqnd,2022-01-20,EURO_STOXX_50,2022-01-20,same_day,trading_day,0,-0.0540425274521112
s8q7k8,2022-01-20,EURO_STOXX_50,2022-01-20,same_day,trading_day,0,-0.2869238220155239
s8r22u,2022-01-20,EURO_STOXX_50,2022-01-20,same_day,trading_day,0,0.0120285751298069
s930ds,2022-01-21,EURO_STOXX_50,2022-01-21,same_day,trading_day,0,-0.0706563759595155
s94z2c,2022-01-21,EURO_STOXX_50,2022-01-21,same_day,trading_day,0,-0.9308290295302868
s9afyk,2022-01-21,EURO_STOXX_50,2022-01-21,same_day,trading_day,0,-0.1587099801639423
s9j6s8,2022-01-21,EURO_STOXX_50,2022-01-21,same_day,trading_day,0,-0.2534964032132517
s9nzs4,2022-01-21,EURO_STOXX_50,2022-01-21,same_day,trading_day,0,0.0243837367743253
sa2p02,2022-01-22,EURO_STOXX_50,2022-01-24,forward_nontrading,Saturday,2,-0.4461039192974567
sagrpp,2022-01-23,EURO_STOXX_50,2022-01-24,forward_nontrading,Sunday,1,0.2262151697650551
sawy4h,2022-01-23,EURO_STOXX_50,2022-01-24,forward_nontrading,Sunday,1,-0.7614059560000896
sbf7ev,2022-01-24,EURO_STOXX_50,2022-01-24,same_day,trading_day,0,-0.3136823642998934
sbh0ze,2022-01-24,EURO_STOXX_50,2022-01-24,same_day,trading_day,0,-0.2431393079459667
sbhj4a,2022-01-24,EURO_STOXX_50,2022-01-24,same_day,trading_day,0,-0.6528668981045485
sbi7h9,2022-01-24,EURO_STOXX_50,2022-01-24,same_day,trading_day,0,-0.2228374257683754
sbmcdj,2022-01-24,EURO_STOXX_50,2022-01-24,same_day,trading_day,0,-0.0637141040272333
sbnzyq,2022-01-24,EURO_STOXX_50,2022-01-24,same_day,trading_day,0,-0.2796882123996814
sbt6jm,2022-01-24,EURO_STOXX_50,2022-01-24,same_day,trading_day,0,-0.3814960659947246
sbudls,2022-01-24,EURO_STOXX_50,2022-01-24,same_day,trading_day,0,-0.1832056171260774
sc8xtm,2022-01-25,EURO_STOXX_50,2022-01-25,same_day,trading_day,0,-0.1158108780781427
scda8w,2022-01-25,EURO_STOXX_50,2022-01-25,same_day,trading_day,0,-0.0356907940336636
scdbou,2022-01-25,EURO_STOXX_50,2022-01-25,same_day,trading_day,0,-0.0367822680308158
scdw2q,2022-01-25,EURO_STOXX_50,2022-01-25,same_day,trading_day,0,-0.1257590333975496
sceou8,2022-01-25,EURO_STOXX_50,2022-01-25,same_day,trading_day,0,-0.4588110054610297
scevtz,2022-01-25,EURO_STOXX_50,2022-01-25,same_day,trading_day,0,-0.0163283441588282
scje9u,2022-01-25,EURO_STOXX_50,2022-01-25,same_day,trading_day,0,0.0045578740537166
sd1ldk,2022-01-26,EURO_STOXX_50,2022-01-26,same_day,trading_day,0,-0.2783094898375841
sd61tk,2022-01-26,EURO_STOXX_50,2022-01-26,same_day,trading_day,0,0.0135998406580515
sda0x4,2022-01-26,EURO_STOXX_50,2022-01-26,same_day,trading_day,0,-0.711345138028264
sdb5vw,2022-01-26,EURO_STOXX_50,2022-01-26,same_day,trading_day,0,0.1312641682103276
sdylza,2022-01-27,EURO_STOXX_50,2022-01-27,same_day,trading_day,0,0.122349751751042
sebgj6,2022-01-27,EURO_STOXX_50,2022-01-27,same_day,trading_day,0,0.0419695981379066
sef1mq,2022-01-28,EURO_STOXX_50,2022-01-28,same_day,trading_day,0,-0.0123814694583415
seiwji,2022-01-28,EURO_STOXX_50,2022-01-28,same_day,trading_day,0,-0.1939165593590587
sekpsr,2022-01-28,EURO_STOXX_50,2022-01-28,same_day,trading_day,0,-0.291669336768488
seq1w8,2022-01-28,EURO_STOXX_50,2022-01-28,same_day,trading_day,0,0.0201932098716497
sersoz,2022-01-28,EURO_STOXX_50,2022-01-28,same_day,trading_day,0,-0.2910906299948692
seuxct,2022-01-28,EURO_STOXX_50,2022-01-28,same_day,trading_day,0,0.0127657275518466
sg0anh,2022-01-30,EURO_STOXX_50,2022-01-31,forward_nontrading,Sunday,1,-0.0187256634235382
sgedvt,2022-01-30,EURO_STOXX_50,2022-01-31,forward_nontrading,Sunday,1,-0.1544276446636234
sgtvgm,2022-01-31,EURO_STOXX_50,2022-01-31,same_day,trading_day,0,-0.470810012659058
sgz278,2022-01-31,EURO_STOXX_50,2022-01-31,same_day,trading_day,0,-0.2309402574954384
si8dxu,2022-02-01,EURO_STOXX_50,2022-02-01,same_day,trading_day,0,-0.9403544971719384
si8f6r,2022-02-01,EURO_STOXX_50,2022-02-01,same_day,trading_day,0,-0.0099711455404758
sib3st,2022-02-02,EURO_STOXX_50,2022-02-02,same_day,trading_day,0,-0.294111312367022
sio0ge,2022-02-02,EURO_STOXX_50,2022-02-02,same_day,trading_day,0,0.095095761725679
sipwr9,2022-02-02,EURO_STOXX_50,2022-02-02,same_day,trading_day,0,0.1859890670564614
skuxyr,2022-02-05,EURO_STOXX_50,2022-02-07,forward_nontrading,Saturday,2,-0.1811416178409542
skyvmb,2022-02-05,EURO_STOXX_50,2022-02-07,forward_nontrading,Saturday,2,0.0091346171568147
slkgq6,2022-02-05,EURO_STOXX_50,2022-02-07,forward_nontrading,Saturday,2,-0.0309552941471338
sm6vya,2022-02-06,EURO_STOXX_50,2022-02-07,forward_nontrading,Sunday,1,0.0091530978679656
smsd96,2022-02-07,EURO_STOXX_50,2022-02-07,same_day,trading_day,0,0.018656984809786
snjpyg,2022-02-08,EURO_STOXX_50,2022-02-08,same_day,trading_day,0,-0.1824989144436337
soehvp,2022-02-09,EURO_STOXX_50,2022-02-09,same_day,trading_day,0,-0.9483943767845632
soejt5,2022-02-09,EURO_STOXX_50,2022-02-09,same_day,trading_day,0,-0.3167668469250202
spw58i,2022-02-11,EURO_STOXX_50,2022-02-11,same_day,trading_day,0,0.0411716718226671
sq62oa,2022-02-11,EURO_STOXX_50,2022-02-11,same_day,trading_day,0,-0.1416635926333115
sq74vn,2022-02-11,EURO_STOXX_50,2022-02-11,same_day,trading_day,0,-0.0416172938421368
sq7an3,2022-02-11,EURO_STOXX_50,2022-02-11,same_day,trading_day,0,-0.1193428575061261
sq8b4f,2022-02-11,EURO_STOXX_50,2022-02-11,same_day,trading_day,0,0.0146460309624671
sqcxgo,2022-02-11,EURO_STOXX_50,2022-02-11,same_day,trading_day,0,0.0163232054067205
sqd30g,2022-02-11,EURO_STOXX_50,2022-02-11,same_day,trading_day,0,-0.5788502618670464
sqgv0r,2022-02-12,EURO_STOXX_50,2022-02-14,forward_nontrading,Saturday,2,-0.0067104859543698
sqou5g,2022-02-12,EURO_STOXX_50,2022-02-14,forward_nontrading,Saturday,2,-0.0744330930756405
squhx1,2022-02-12,EURO_STOXX_50,2022-02-14,forward_nontrading,Saturday,2,-0.5570773409369091
squqrl,2022-02-12,EURO_STOXX_50,2022-02-14,forward_nontrading,Saturday,2,-0.0067473715753294
squt89,2022-02-12,EURO_STOXX_50,2022-02-14,forward_nontrading,Saturday,2,-0.0027075405659464
sqvm4k,2022-02-12,EURO_STOXX_50,2022-02-14,forward_nontrading,Saturday,2,-0.1295407484285533
sqwyoo,2022-02-12,EURO_STOXX_50,2022-02-14,forward_nontrading,Saturday,2,0.2861536578275263
sr44uv,2022-02-12,EURO_STOXX_50,2022-02-14,forward_nontrading,Saturday,2,-0.2590173021308146
sr4y85,2022-02-13,EURO_STOXX_50,2022-02-14,forward_nontrading,Sunday,1,-0.8884642794728279
sr5nn5,2022-02-13,EURO_STOXX_50,2022-02-14,forward_nontrading,Sunday,1,0.1635690226685255
srduf2,2022-02-13,EURO_STOXX_50,2022-02-14,forward_nontrading,Sunday,1,-0.0836807466422517
srn05e,2022-02-13,EURO_STOXX_50,2022-02-14,forward_nontrading,Sunday,1,-0.3697437436785549
srqdvf,2022-02-13,EURO_STOXX_50,2022-02-14,forward_nontrading,Sunday,1,-0.3135620690882206
srsfwj,2022-02-13,EURO_STOXX_50,2022-02-14,forward_nontrading,Sunday,1,0.0019738860428333
ss0az4,2022-02-14,EURO_STOXX_50,2022-02-14,same_day,trading_day,0,-0.0312462483416311
ss7dan,2022-02-14,EURO_STOXX_50,2022-02-14,same_day,trading_day,0,-0.0190330527722835
ss7tiv,2022-02-14,EURO_STOXX_50,2022-02-14,same_day,trading_day,0,-0.8911121133714914
ssabp6,2022-02-14,EURO_STOXX_50,2022-02-14,same_day,trading_day,0,0.1909388181838122
ssbn9j,2022-02-14,EURO_STOXX_50,2022-02-14,same_day,trading_day,0,-0.3767813721050819
ssg772,2022-02-14,EURO_STOXX_50,2022-02-14,same_day,trading_day,0,-0.0112442262470722
ssnap1,2022-02-14,EURO_STOXX_50,2022-02-14,same_day,trading_day,0,0.066206033402325
ssoy5t,2022-02-15,EURO_STOXX_50,2022-02-15,same_day,trading_day,0,0.0140957497060298
ssptn5,2022-02-15,EURO_STOXX_50,2022-02-15,same_day,trading_day,0,0.0098934285342693
ssr1fy,2022-02-15,EURO_STOXX_50,2022-02-15,same_day,trading_day,0,-0.098743200302124
ssr28z,2022-02-15,EURO_STOXX_50,2022-02-15,same_day,trading_day,0,-0.098743200302124
ssriy2,2022-02-15,EURO_STOXX_50,2022-02-15,same_day,trading_day,0,-0.0951453012724717
sss0wd,2022-02-15,EURO_STOXX_50,2022-02-15,same_day,trading_day,0,-0.3983824774622917
ssyn76,2022-02-15,EURO_STOXX_50,2022-02-15,same_day,trading_day,0,-0.2637516205819945
ssyoh3,2022-02-15,EURO_STOXX_50,2022-02-15,same_day,trading_day,0,-0.2918435633182525
ssyuh9,2022-02-15,EURO_STOXX_50,2022-02-15,same_day,trading_day,0,-0.5516344755887985
st2ii4,2022-02-15,EURO_STOXX_50,2022-02-15,same_day,trading_day,0,-0.2014740076071272
st2yi8,2022-02-15,EURO_STOXX_50,2022-02-15,same_day,trading_day,0,0.1310487664860687
st2zhx,2022-02-15,EURO_STOXX_50,2022-02-15,same_day,trading_day,0,0.1346318116341012
st8l1g,2022-02-15,EURO_STOXX_50,2022-02-15,same_day,trading_day,0,0.0195959992706775
stc5gu,2022-02-15,EURO_STOXX_50,2022-02-15,same_day,trading_day,0,-0.7457840666174889
sth0f5,2022-02-15,EURO_STOXX_50,2022-02-15,same_day,trading_day,0,0.0769118489292652
stutl4,2022-02-16,EURO_STOXX_50,2022-02-16,same_day,trading_day,0,0.0502519659401679
stw8a7,2022-02-16,EURO_STOXX_50,2022-02-16,same_day,trading_day,0,-0.0031168392941921
stw9kr,2022-02-16,EURO_STOXX_50,2022-02-16,same_day,trading_day,0,-0.0144257702602025
stwy68,2022-02-16,EURO_STOXX_50,2022-02-16,same_day,trading_day,0,-0.1391335567976865
su8mti,2022-02-16,EURO_STOXX_50,2022-02-16,same_day,trading_day,0,0.28965214238717
suonte,2022-02-17,EURO_STOXX_50,2022-02-17,same_day,trading_day,0,-0.0271468635958929
suop45,2022-02-17,EURO_STOXX_50,2022-02-17,same_day,trading_day,0,-0.0289410025669404
suoq1p,2022-02-17,EURO_STOXX_50,2022-02-17,same_day,trading_day,0,-0.0669261137752429
supsuu,2022-02-17,EURO_STOXX_50,2022-02-17,same_day,trading_day,0,-0.324368777464291
sushxc,2022-02-17,EURO_STOXX_50,2022-02-17,same_day,trading_day,0,-0.0224564734380692
sut5zy,2022-02-17,EURO_STOXX_50,2022-02-17,same_day,trading_day,0,-0.6415039265993983
suxh4e,2022-02-17,EURO_STOXX_50,2022-02-17,same_day,trading_day,0,-0.943143006414175
sv171w,2022-02-17,EURO_STOXX_50,2022-02-17,same_day,trading_day,0,0.0334145622017483
svj336,2022-02-18,EURO_STOXX_50,2022-02-18,same_day,trading_day,0,-0.423030679255886
svngsk,2022-02-18,EURO_STOXX_50,2022-02-18,same_day,trading_day,0,-0.3120378302410245
svrtfz,2022-02-18,EURO_STOXX_50,2022-02-18,same_day,trading_day,0,-0.3007615283131599
svthaf,2022-02-18,EURO_STOXX_50,2022-02-18,same_day,trading_day,0,-0.052988102659583
svuz8g,2022-02-18,EURO_STOXX_50,2022-02-18,same_day,trading_day,0,-0.0919943397332515
sw13cg,2022-02-19,EURO_STOXX_50,2022-02-21,forward_nontrading,Saturday,2,0.1441325778141617
sw1sk4,2022-02-19,EURO_STOXX_50,2022-02-21,forward_nontrading,Saturday,2,-0.1165035928638341
sw1uge,2022-02-19,EURO_STOXX_50,2022-02-21,forward_nontrading,Saturday,2,-0.1163681159300419
sw22s2,2022-02-19,EURO_STOXX_50,2022-02-21,forward_nontrading,Saturday,2,-0.949588043615222
sw23om,2022-02-19,EURO_STOXX_50,2022-02-21,forward_nontrading,Saturday,2,-0.9427290931344032
sw4b5n,2022-02-19,EURO_STOXX_50,2022-02-21,forward_nontrading,Saturday,2,-0.9075227864086628
sw5ora,2022-02-19,EURO_STOXX_50,2022-02-21,forward_nontrading,Saturday,2,-0.2725183817424945
sw76mr,2022-02-19,EURO_STOXX_50,2022-02-21,forward_nontrading,Saturday,2,-0.0187256634235382
sw8kax,2022-02-19,EURO_STOXX_50,2022-02-21,forward_nontrading,Saturday,2,-0.1166148697957396
swfnob,2022-02-19,EURO_STOXX_50,2022-02-21,forward_nontrading,Saturday,2,-0.0030449070036411
swgkw1,2022-02-19,EURO_STOXX_50,2022-02-21,forward_nontrading,Saturday,2,-0.2685168509682019
swh31m,2022-02-19,EURO_STOXX_50,2022-02-21,forward_nontrading,Saturday,2,-0.1463066272748013
swh995,2022-02-19,EURO_STOXX_50,2022-02-21,forward_nontrading,Saturday,2,-0.1702365949749946
sx443g,2022-02-20,EURO_STOXX_50,2022-02-21,forward_nontrading,Sunday,1,0.4166662730276584
sx618f,2022-02-20,EURO_STOXX_50,2022-02-21,forward_nontrading,Sunday,1,-0.1412347555160522
sxe73d,2022-02-20,EURO_STOXX_50,2022-02-21,forward_nontrading,Sunday,1,-0.3672744962810115
sxebr3,2022-02-20,EURO_STOXX_50,2022-02-21,forward_nontrading,Sunday,1,-0.2867313681377305
sxefab,2022-02-20,EURO_STOXX_50,2022-02-21,forward_nontrading,Sunday,1,0.0212640585377812
sxi55o,2022-02-21,EURO_STOXX_50,2022-02-21,same_day,trading_day,0,-0.0289829447865486
sxinf1,2022-02-21,EURO_STOXX_50,2022-02-21,same_day,trading_day,0,-0.0252121884582771
sxl9g8,2022-02-21,EURO_STOXX_50,2022-02-21,same_day,trading_day,0,-0.3112559560220688
sxw632,2022-02-21,EURO_STOXX_50,2022-02-21,same_day,trading_day,0,0.0073883980512619
sy6lex,2022-02-21,EURO_STOXX_50,2022-02-21,same_day,trading_day,0,-0.4224066906608641
sy6u2l,2022-02-21,EURO_STOXX_50,2022-02-21,same_day,trading_day,0,-0.1620592353865504
sy759u,2022-02-21,EURO_STOXX_50,2022-02-21,same_day,trading_day,0,-0.2924307786992618
sy7mvx,2022-02-21,EURO_STOXX_50,2022-02-21,same_day,trading_day,0,-0.5077306347795658
sy7n4e,2022-02-21,EURO_STOXX_50,2022-02-21,same_day,trading_day,0,-0.0369833645721276
sycjd5,2022-02-22,EURO_STOXX_50,2022-02-22,same_day,trading_day,0,-0.379687449096569
sygjdx,2022-02-22,EURO_STOXX_50,2022-02-22,same_day,trading_day,0,-0.1930276894321044
syjpok,2022-02-22,EURO_STOXX_50,2022-02-22,same_day,trading_day,0,-0.8922795224934816
synegr,2022-02-22,EURO_STOXX_50,2022-02-22,same_day,trading_day,0,-0.5623829025560273
synkl5,2022-02-22,EURO_STOXX_50,2022-02-22,same_day,trading_day,0,0.0082208062463168
synm3s,2022-02-22,EURO_STOXX_50,2022-02-22,same_day,trading_day,0,0.0200221612810706
syooq7,2022-02-22,EURO_STOXX_50,2022-02-22,same_day,trading_day,0,-0.2616912970446389
syopu2,2022-02-22,EURO_STOXX_50,2022-02-22,same_day,trading_day,0,0.2228439620812423
sypxqs,2022-02-22,EURO_STOXX_50,2022-02-22,same_day,trading_day,0,-0.313842361792922
sysniy,2022-02-22,EURO_STOXX_50,2022-02-22,same_day,trading_day,0,-0.0166265261492558
syss2v,2022-02-22,EURO_STOXX_50,2022-02-22,same_day,trading_day,0,-0.5350393135514525
syt3vw,2022-02-22,EURO_STOXX_50,2022-02-22,same_day,trading_day,0,0.0533136650919914
sywaso,2022-02-22,EURO_STOXX_50,2022-02-22,same_day,trading_day,0,-0.1541168689727783
syyfuw,2022-02-22,EURO_STOXX_50,2022-02-22,same_day,trading_day,0,-0.0471561709418892
syyxww,2022-02-22,EURO_STOXX_50,2022-02-22,same_day,trading_day,0,-0.114288102494689
syzoi2,2022-02-22,EURO_STOXX_50,2022-02-22,same_day,trading_day,0,-0.0689080622313278
sz0och,2022-02-22,EURO_STOXX_50,2022-02-22,same_day,trading_day,0,-0.0163246660958975
sz2ajo,2022-02-22,EURO_STOXX_50,2022-02-22,same_day,trading_day,0,-0.0506350672803819
sz5yix,2022-02-23,EURO_STOXX_50,2022-02-23,same_day,trading_day,0,-0.007788493608435
szan41,2022-02-23,EURO_STOXX_50,2022-02-23,same_day,trading_day,0,-0.130315251648426
szds0e,2022-02-23,EURO_STOXX_50,2022-02-23,same_day,trading_day,0,0.0291547344710964
sze4dh,2022-02-23,EURO_STOXX_50,2022-02-23,same_day,trading_day,0,-0.0304236393421888
szgrnt,2022-02-23,EURO_STOXX_50,2022-02-23,same_day,trading_day,0,-0.3402261588545072
szha09,2022-02-23,EURO_STOXX_50,2022-02-23,same_day,trading_day,0,0.0395132737234234
sziitw,2022-02-23,EURO_STOXX_50,2022-02-23,same_day,trading_day,0,-0.0591927673150268
szm3nv,2022-02-23,EURO_STOXX_50,2022-02-23,same_day,trading_day,0,-0.5539570567198098
szmbyf,2022-02-23,EURO_STOXX_50,2022-02-23,same_day,trading_day,0,-0.2007998939603567
szxlow,2022-02-24,EURO_STOXX_50,2022-02-24,same_day,trading_day,0,0.0056995600461959
t009dd,2022-02-24,EURO_STOXX_50,2022-02-24,same_day,trading_day,0,-0.2595640349512298
t00xkk,2022-02-24,EURO_STOXX_50,2022-02-24,same_day,trading_day,0,-0.8997681364417076
t00xyw,2022-02-24,EURO_STOXX_50,2022-02-24,same_day,trading_day,0,-0.9432375440374016
t015yf,2022-02-24,EURO_STOXX_50,2022-02-24,same_day,trading_day,0,-0.2060816523929436
t01dub,2022-02-24,EURO_STOXX_50,2022-02-24,same_day,trading_day,0,-0.9453228833153844
t024b9,2022-02-24,EURO_STOXX_50,2022-02-24,same_day,trading_day,0,-0.4261349625885486
t027z5,2022-02-24,EURO_STOXX_50,2022-02-24,same_day,trading_day,0,-0.2086928082216117
t033bu,2022-02-24,EURO_STOXX_50,2022-02-24,same_day,trading_day,0,0.8385575637221336
t0345l,2022-02-24,EURO_STOXX_50,2022-02-24,same_day,trading_day,0,-0.2515575606375932
t03o0u,2022-02-24,EURO_STOXX_50,2022-02-24,same_day,trading_day,0,-0.2857206296175718
t03zlo,2022-02-24,EURO_STOXX_50,2022-02-24,same_day,trading_day,0,-0.4545170015189796
t042xm,2022-02-24,EURO_STOXX_50,2022-02-24,same_day,trading_day,0,-0.1407315930351614
t04o58,2022-02-24,EURO_STOXX_50,2022-02-24,same_day,trading_day,0,0.3735724873840809
t04ypf,2022-02-24,EURO_STOXX_50,2022-02-24,same_day,trading_day,0,0.1103103959725962
t0769b,2022-02-24,EURO_STOXX_50,2022-02-24,same_day,trading_day,0,-0.0179403703659772
t076q3,2022-02-24,EURO_STOXX_50,2022-02-24,same_day,trading_day,0,-0.0179403703659772
t07s83,2022-02-24,EURO_STOXX_50,2022-02-24,same_day,trading_day,0,0.0068943816180707
t092wf,2022-02-24,EURO_STOXX_50,2022-02-24,same_day,trading_day,0,-0.591060096397996
t097ua,2022-02-24,EURO_STOXX_50,2022-02-24,same_day,trading_day,0,-0.1955526309708754
t098jn,2022-02-24,EURO_STOXX_50,2022-02-24,same_day,trading_day,0,0.1138275999110192
t0apg3,2022-02-24,EURO_STOXX_50,2022-02-24,same_day,trading_day,0,-0.047070674598217
t0at06,2022-02-24,EURO_STOXX_50,2022-02-24,same_day,trading_day,0,-0.3727565743916092
t0c1ug,2022-02-24,EURO_STOXX_50,2022-02-24,same_day,trading_day,0,-0.2806754709504868
t0d2pe,2022-02-24,EURO_STOXX_50,2022-02-24,same_day,trading_day,0,-0.6184743873309344
t0da9y,2022-02-24,EURO_STOXX_50,2022-02-24,same_day,trading_day,0,-0.2075601491907781
t0dnew,2022-02-24,EURO_STOXX_50,2022-02-24,same_day,trading_day,0,-0.3321660578250885
t0dprd,2022-02-24,EURO_STOXX_50,2022-02-24,same_day,trading_day,0,-0.6033344153935711
t0fug7,2022-02-24,EURO_STOXX_50,2022-02-24,same_day,trading_day,0,-0.4623013138771057
t0fv4z,2022-02-24,EURO_STOXX_50,2022-02-24,same_day,trading_day,0,-0.4623013138771057
t0fvfc,2022-02-24,EURO_STOXX_50,2022-02-24,same_day,trading_day,0,-0.4623013138771057
t0helg,2022-02-24,EURO_STOXX_50,2022-02-24,same_day,trading_day,0,0.099406911060214
t0hlsn,2022-02-24,EURO_STOXX_50,2022-02-24,same_day,trading_day,0,-0.3872219823300838
t0hxl7,2022-02-24,EURO_STOXX_50,2022-02-24,same_day,trading_day,0,0.0248477980494499
t0il8q,2022-02-24,EURO_STOXX_50,2022-02-24,same_day,trading_day,0,-0.3131805062294006
t0j3st,2022-02-24,EURO_STOXX_50,2022-02-24,same_day,trading_day,0,0.0664532426744699
t0jd24,2022-02-24,EURO_STOXX_50,2022-02-24,same_day,trading_day,0,-0.5777296670712531
t0jeom,2022-02-24,EURO_STOXX_50,2022-02-24,same_day,trading_day,0,0.0047517903149127
t0l6hj,2022-02-24,EURO_STOXX_50,2022-02-24,same_day,trading_day,0,0.3118770122528076
t0lm69,2022-02-24,EURO_STOXX_50,2022-02-24,same_day,trading_day,0,-0.121206201147288
t0m4vc,2022-02-24,EURO_STOXX_50,2022-02-24,same_day,trading_day,0,-0.0006040893495082
t0mvvd,2022-02-24,EURO_STOXX_50,2022-02-24,same_day,trading_day,0,-0.399122674737803
t0nvcv,2022-02-24,EURO_STOXX_50,2022-02-24,same_day,trading_day,0,-0.144943482838571
t0odtg,2022-02-24,EURO_STOXX_50,2022-02-24,same_day,trading_day,0,-0.0592684307239121
t0oibe,2022-02-24,EURO_STOXX_50,2022-02-24,same_day,trading_day,0,-0.0652885768441078
t0olww,2022-02-24,EURO_STOXX_50,2022-02-24,same_day,trading_day,0,-0.1082308152690529
t0scwv,2022-02-25,EURO_STOXX_50,2022-02-25,same_day,trading_day,0,-0.2692752820439636
t0tyeg,2022-02-25,EURO_STOXX_50,2022-02-25,same_day,trading_day,0,-0.9036902636289595
t0vmj2,2022-02-25,EURO_STOXX_50,2022-02-25,same_day,trading_day,0,-0.3157521430402994
t0wnq8,2022-02-25,EURO_STOXX_50,2022-02-25,same_day,trading_day,0,-0.9036902636289595
t0wukh,2022-02-25,EURO_STOXX_50,2022-02-25,same_day,trading_day,0,-0.9254784099757672
t0y385,2022-02-25,EURO_STOXX_50,2022-02-25,same_day,trading_day,0,0.0125861849082866
t0yv0y,2022-02-25,EURO_STOXX_50,2022-02-25,same_day,trading_day,0,0.1428310953080654
t10819,2022-02-25,EURO_STOXX_50,2022-02-25,same_day,trading_day,0,-0.2386019378900528
t118dv,2022-02-25,EURO_STOXX_50,2022-02-25,same_day,trading_day,0,0.0391950922078665
t11rb4,2022-02-25,EURO_STOXX_50,2022-02-25,same_day,trading_day,0,0.0541851725429296
t127e9,2022-02-25,EURO_STOXX_50,2022-02-25,same_day,trading_day,0,0.0160282999277114
t13z6i,2022-02-25,EURO_STOXX_50,2022-02-25,same_day,trading_day,0,0.0275370079325512
t17wnn,2022-02-25,EURO_STOXX_50,2022-02-25,same_day,trading_day,0,-0.2922753896564245
t1a5rc,2022-02-25,EURO_STOXX_50,2022-02-25,same_day,trading_day,0,0.0305660776793956
t1bf3i,2022-02-25,EURO_STOXX_50,2022-02-25,same_day,trading_day,0,-0.6512602388858795
t1cynj,2022-02-25,EURO_STOXX_50,2022-02-25,same_day,trading_day,0,-0.2018795739859342
t1dc3t,2022-02-25,EURO_STOXX_50,2022-02-25,same_day,trading_day,0,0.2482870034873485
t1dp79,2022-02-25,EURO_STOXX_50,2022-02-25,same_day,trading_day,0,-0.2549111228436231
t1ekw8,2022-02-25,EURO_STOXX_50,2022-02-25,same_day,trading_day,0,-0.0414115036837756
t1h2km,2022-02-25,EURO_STOXX_50,2022-02-25,same_day,trading_day,0,-0.0774229307259832
t1h8vi,2022-02-25,EURO_STOXX_50,2022-02-25,same_day,trading_day,0,-0.1133973076939582
t1ivo8,2022-02-26,EURO_STOXX_50,2022-02-28,forward_nontrading,Saturday,2,0.0087303115287795
t1lnqo,2022-02-26,EURO_STOXX_50,2022-02-28,forward_nontrading,Saturday,2,-0.2295220787636935
t1tkvv,2022-02-26,EURO_STOXX_50,2022-02-28,forward_nontrading,Saturday,2,-0.7037449367344379
t1tvyd,2022-02-26,EURO_STOXX_50,2022-02-28,forward_nontrading,Saturday,2,-0.266658786063393
t1wm9e,2022-02-26,EURO_STOXX_50,2022-02-28,forward_nontrading,Saturday,2,-0.0424959751117664
t1xhw8,2022-02-26,EURO_STOXX_50,2022-02-28,forward_nontrading,Saturday,2,-0.0423100373048024
t1yv0m,2022-02-26,EURO_STOXX_50,2022-02-28,forward_nontrading,Saturday,2,-0.0145889855921268
t1zeql,2022-02-26,EURO_STOXX_50,2022-02-28,forward_nontrading,Saturday,2,-0.3075475264340639
t22kr4,2022-02-26,EURO_STOXX_50,2022-02-28,forward_nontrading,Saturday,2,-0.1676974622532725
t23v24,2022-02-26,EURO_STOXX_50,2022-02-28,forward_nontrading,Saturday,2,-0.8836986869573593
t23vm5,2022-02-26,EURO_STOXX_50,2022-02-28,forward_nontrading,Saturday,2,-0.8836986869573593
t23w0f,2022-02-26,EURO_STOXX_50,2022-02-28,forward_nontrading,Saturday,2,0.2833445747806267
t275mi,2022-02-26,EURO_STOXX_50,2022-02-28,forward_nontrading,Saturday,2,-0.0641603996045887
t28rxm,2022-02-26,EURO_STOXX_50,2022-02-28,forward_nontrading,Saturday,2,-0.9023264572024344
t290wc,2022-02-26,EURO_STOXX_50,2022-02-28,forward_nontrading,Saturday,2,-0.5893933666869998
t2acfb,2022-02-26,EURO_STOXX_50,2022-02-28,forward_nontrading,Saturday,2,0.1814082106575369
t2aujf,2022-02-27,EURO_STOXX_50,2022-02-28,forward_nontrading,Sunday,1,-0.2784922508290037
t2ev5u,2022-02-27,EURO_STOXX_50,2022-02-28,forward_nontrading,Sunday,1,-0.2381154971818129
t2fdd7,2022-02-27,EURO_STOXX_50,2022-02-28,forward_nontrading,Sunday,1,-0.5585836259027323
t2fm5y,2022-02-27,EURO_STOXX_50,2022-02-28,forward_nontrading,Sunday,1,-0.6596063749864698
t2jlem,2022-02-27,EURO_STOXX_50,2022-02-28,forward_nontrading,Sunday,1,-0.2604536786675453
t2jyu9,2022-02-27,EURO_STOXX_50,2022-02-28,forward_nontrading,Sunday,1,0.2378148933251699
t2sn4h,2022-02-27,EURO_STOXX_50,2022-02-28,forward_nontrading,Sunday,1,-0.1551880963379517
t2t2oj,2022-02-27,EURO_STOXX_50,2022-02-28,forward_nontrading,Sunday,1,0.8580898307263851
t2uiat,2022-02-27,EURO_STOXX_50,2022-02-28,forward_nontrading,Sunday,1,-0.1172026098938658
t2x82i,2022-02-27,EURO_STOXX_50,2022-02-28,forward_nontrading,Sunday,1,-0.120176537707448
t2xwcj,2022-02-27,EURO_STOXX_50,2022-02-28,forward_nontrading,Sunday,1,-0.0866394818929786
t2xyfu,2022-02-27,EURO_STOXX_50,2022-02-28,forward_nontrading,Sunday,1,0.0514466733272586
t30quw,2022-02-27,EURO_STOXX_50,2022-02-28,forward_nontrading,Sunday,1,-0.4995469492860138
t32ahv,2022-02-28,EURO_STOXX_50,2022-02-28,same_day,trading_day,0,-0.1212035549272384
t34kzo,2022-02-28,EURO_STOXX_50,2022-02-28,same_day,trading_day,0,-0.0378282817546278
t3703y,2022-02-28,EURO_STOXX_50,2022-02-28,same_day,trading_day,0,-0.2757589616812765
t38ck8,2022-02-28,EURO_STOXX_50,2022-02-28,same_day,trading_day,0,-0.5608676811680198
t38lvc,2022-02-28,EURO_STOXX_50,2022-02-28,same_day,trading_day,0,-0.9433308336883784
t39b5j,2022-02-28,EURO_STOXX_50,2022-02-28,same_day,trading_day,0,-0.941044632345438
t39j4l,2022-02-28,EURO_STOXX_50,2022-02-28,same_day,trading_day,0,-0.1680157461336681
t3amaw,2022-02-28,EURO_STOXX_50,2022-02-28,same_day,trading_day,0,0.1516043159107749
t3b1sn,2022-02-28,EURO_STOXX_50,2022-02-28,same_day,trading_day,0,-0.4340813532471657
t3be0t,2022-02-28,EURO_STOXX_50,2022-02-28,same_day,trading_day,0,-0.0364081503202518
t3cm86,2022-02-28,EURO_STOXX_50,2022-02-28,same_day,trading_day,0,-0.9335338827222586
t3dnuc,2022-02-28,EURO_STOXX_50,2022-02-28,same_day,trading_day,0,0.2328292084857821
t3dt52,2022-02-28,EURO_STOXX_50,2022-02-28,same_day,trading_day,0,-0.4215577411232516
t3fcwy,2022-02-28,EURO_STOXX_50,2022-02-28,same_day,trading_day,0,0.057135272398591
t3fqgl,2022-02-28,EURO_STOXX_50,2022-02-28,same_day,trading_day,0,-0.0362274465886386
t3gk4x,2022-02-28,EURO_STOXX_50,2022-02-28,same_day,trading_day,0,-0.4536158857601029
t3hcjr,2022-02-28,EURO_STOXX_50,2022-02-28,same_day,trading_day,0,-0.3812795355916023
t3hxbv,2022-02-28,EURO_STOXX_50,2022-02-28,same_day,trading_day,0,-0.3258469495146225
t3hyxe,2022-02-28,EURO_STOXX_50,2022-02-28,same_day,trading_day,0,-0.4415576420724392
t3la21,2022-02-28,EURO_STOXX_50,2022-02-28,same_day,trading_day,0,0.2393302991986274
t3lsow,2022-02-28,EURO_STOXX_50,2022-02-28,same_day,trading_day,0,-0.1997541041512574
t3n6rf,2022-02-28,EURO_STOXX_50,2022-02-28,same_day,trading_day,0,-0.3357602593799432
t3oxm7,2022-02-28,EURO_STOXX_50,2022-02-28,same_day,trading_day,0,0.8392009977251291
t3p1bv,2022-02-28,EURO_STOXX_50,2022-02-28,same_day,trading_day,0,-0.180129911750555
t3pb83,2022-02-28,EURO_STOXX_50,2022-02-28,same_day,trading_day,0,-0.180129911750555
t3pzhh,2022-02-28,EURO_STOXX_50,2022-02-28,same_day,trading_day,0,0.2420555774799802
t3rh2h,2022-02-28,EURO_STOXX_50,2022-02-28,same_day,trading_day,0,-0.1231901080925659
t3rppq,2022-02-28,EURO_STOXX_50,2022-02-28,same_day,trading_day,0,-0.0380832689503828
t3tmgi,2022-02-28,EURO_STOXX_50,2022-02-28,same_day,trading_day,0,-0.2167774084179352
t3tv67,2022-03-01,EURO_STOXX_50,2022-03-01,same_day,trading_day,0,-0.243670846025149
t3ueml,2022-03-01,EURO_STOXX_50,2022-03-01,same_day,trading_day,0,-0.1759515475215656
t3zphz,2022-03-01,EURO_STOXX_50,2022-03-01,same_day,trading_day,0,0.1189454908017069
t42gg5,2022-03-01,EURO_STOXX_50,2022-03-01,same_day,trading_day,0,-0.8200978487730026
t42pyq,2022-03-01,EURO_STOXX_50,2022-03-01,same_day,trading_day,0,0.2384684750810265
t438zp,2022-03-01,EURO_STOXX_50,2022-03-01,same_day,trading_day,0,-0.0469445851114061
t44pro,2022-03-01,EURO_STOXX_50,2022-03-01,same_day,trading_day,0,-0.4990791426971554
t4716l,2022-03-01,EURO_STOXX_50,2022-03-01,same_day,trading_day,0,-0.4121190320234745
t48qga,2022-03-01,EURO_STOXX_50,2022-03-01,same_day,trading_day,0,-0.1514468633104115
t48xff,2022-03-01,EURO_STOXX_50,2022-03-01,same_day,trading_day,0,0.0197540242224931
t49gb6,2022-03-01,EURO_STOXX_50,2022-03-01,same_day,trading_day,0,0.0817893929779529
t49rsk,2022-03-01,EURO_STOXX_50,2022-03-01,same_day,trading_day,0,-0.024244792000563
t49w2s,2022-03-01,EURO_STOXX_50,2022-03-01,same_day,trading_day,0,0.8473948016762733
t4a6q3,2022-03-01,EURO_STOXX_50,2022-03-01,same_day,trading_day,0,0.8473948016762733
t4d5ul,2022-03-01,EURO_STOXX_50,2022-03-01,same_day,trading_day,0,-0.5476018348708749
t4drgt,2022-03-01,EURO_STOXX_50,2022-03-01,same_day,trading_day,0,-0.910919927060604
t4es8y,2022-03-01,EURO_STOXX_50,2022-03-01,same_day,trading_day,0,0.0860879289684817
t4f46t,2022-03-01,EURO_STOXX_50,2022-03-01,same_day,trading_day,0,-0.6036421755949656
t4gjmf,2022-03-01,EURO_STOXX_50,2022-03-01,same_day,trading_day,0,-0.59044258762151
t4iokb,2022-03-01,EURO_STOXX_50,2022-03-01,same_day,trading_day,0,-0.2246029096034665
t4ipvq,2022-03-01,EURO_STOXX_50,2022-03-01,same_day,trading_day,0,0.0377584286034107
t4jmx3,2022-03-01,EURO_STOXX_50,2022-03-01,same_day,trading_day,0,-0.1131669320166111
t4nhrz,2022-03-02,EURO_STOXX_50,2022-03-02,same_day,trading_day,0,-0.1940547749400138
t4o6tu,2022-03-02,EURO_STOXX_50,2022-03-02,same_day,trading_day,0,-0.4324938966892659
t4ors6,2022-03-02,EURO_STOXX_50,2022-03-02,same_day,trading_day,0,0.0233109053224325
t4uwal,2022-03-02,EURO_STOXX_50,2022-03-02,same_day,trading_day,0,0.2380642518401146
t4ve0t,2022-03-02,EURO_STOXX_50,2022-03-02,same_day,trading_day,0,0.0706748546217568
t4zkeg,2022-03-02,EURO_STOXX_50,2022-03-02,same_day,trading_day,0,0.8222204508880774
t4zstv,2022-03-02,EURO_STOXX_50,2022-03-02,same_day,trading_day,0,-0.1889074977021664
t50qdr,2022-03-02,EURO_STOXX_50,2022-03-02,same_day,trading_day,0,-0.0943367140367626
t527of,2022-03-02,EURO_STOXX_50,2022-03-02,same_day,trading_day,0,0.0022522968550522
t569fh,2022-03-02,EURO_STOXX_50,2022-03-02,same_day,trading_day,0,-0.2614969797432422
t56bte,2022-03-02,EURO_STOXX_50,2022-03-02,same_day,trading_day,0,0.0857775478966926
t57hkk,2022-03-02,EURO_STOXX_50,2022-03-02,same_day,trading_day,0,0.0492170370099219
t59wm4,2022-03-02,EURO_STOXX_50,2022-03-02,same_day,trading_day,0,-0.0397471613915903
t5a2b3,2022-03-02,EURO_STOXX_50,2022-03-02,same_day,trading_day,0,-0.2394772660918533
t5b7iy,2022-03-02,EURO_STOXX_50,2022-03-02,same_day,trading_day,0,-0.1181861262670473
t5b8xe,2022-03-02,EURO_STOXX_50,2022-03-02,same_day,trading_day,0,-0.6777774840593338
t5e2x9,2022-03-03,EURO_STOXX_50,2022-03-03,same_day,trading_day,0,-0.3136734573968819
t5g4c7,2022-03-03,EURO_STOXX_50,2022-03-03,same_day,trading_day,0,-0.1169184498488903
t5pwl8,2022-03-03,EURO_STOXX_50,2022-03-03,same_day,trading_day,0,-0.0450204957276582
t5rf7m,2022-03-03,EURO_STOXX_50,2022-03-03,same_day,trading_day,0,-0.2630288821179419
t5tibs,2022-03-03,EURO_STOXX_50,2022-03-03,same_day,trading_day,0,-0.0897266554646194
t5vfom,2022-03-03,EURO_STOXX_50,2022-03-03,same_day,trading_day,0,-0.5376135557889938
t5wlyc,2022-03-03,EURO_STOXX_50,2022-03-03,same_day,trading_day,0,-0.0001103077083826
t5wvxk,2022-03-03,EURO_STOXX_50,2022-03-03,same_day,trading_day,0,0.0617698685133031
t5wvxl,2022-03-03,EURO_STOXX_50,2022-03-03,same_day,trading_day,0,-0.073973534318308
t5yayn,2022-03-03,EURO_STOXX_50,2022-03-03,same_day,trading_day,0,0.4278316982090473
t5ynry,2022-03-03,EURO_STOXX_50,2022-03-03,same_day,trading_day,0,-0.0434140488505363
t5zphg,2022-03-03,EURO_STOXX_50,2022-03-03,same_day,trading_day,0,-0.126705295539328
t622h3,2022-03-03,EURO_STOXX_50,2022-03-03,same_day,trading_day,0,-0.9532753047533332
t66csv,2022-03-04,EURO_STOXX_50,2022-03-04,same_day,trading_day,0,-0.5985364471562207
t69s53,2022-03-04,EURO_STOXX_50,2022-03-04,same_day,trading_day,0,0.0440041795372962
t69u99,2022-03-04,EURO_STOXX_50,2022-03-04,same_day,trading_day,0,-0.1134751976157228
t6ge70,2022-03-04,EURO_STOXX_50,2022-03-04,same_day,trading_day,0,-0.0660638784524053
t6get0,2022-03-04,EURO_STOXX_50,2022-03-04,same_day,trading_day,0,-0.0558584645124418
t6ihcj,2022-03-04,EURO_STOXX_50,2022-03-04,same_day,trading_day,0,-0.405124506007673
t6j40l,2022-03-04,EURO_STOXX_50,2022-03-04,same_day,trading_day,0,-0.1745383604429662
t6jmtc,2022-03-04,EURO_STOXX_50,2022-03-04,same_day,trading_day,0,-0.1325795123619692
t6ko3m,2022-03-04,EURO_STOXX_50,2022-03-04,same_day,trading_day,0,0.0071977355207006
t6nybh,2022-03-04,EURO_STOXX_50,2022-03-04,same_day,trading_day,0,-0.2656953218910429
t6pxz5,2022-03-04,EURO_STOXX_50,2022-03-04,same_day,trading_day,0,-0.0122390312608331
t6q9nm,2022-03-04,EURO_STOXX_50,2022-03-04,same_day,trading_day,0,0.194688931107521
t6qay7,2022-03-04,EURO_STOXX_50,2022-03-04,same_day,trading_day,0,0.194688931107521
t6r07s,2022-03-04,EURO_STOXX_50,2022-03-04,same_day,trading_day,0,0.0123658599331974
t6u904,2022-03-04,EURO_STOXX_50,2022-03-04,same_day,trading_day,0,-0.3948302439843806
t6vh84,2022-03-04,EURO_STOXX_50,2022-03-04,same_day,trading_day,0,0.1811676729526935
t6vkud,2022-03-04,EURO_STOXX_50,2022-03-04,same_day,trading_day,0,-0.8970248410478234
t6vmwr,2022-03-04,EURO_STOXX_50,2022-03-04,same_day,trading_day,0,-0.9001212399452925
t6zr2i,2022-03-05,EURO_STOXX_50,2022-03-07,forward_nontrading,Saturday,2,-0.0791741540965934
t6zsjn,2022-03-05,EURO_STOXX_50,2022-03-07,forward_nontrading,Saturday,2,-0.0792240305493275
t74gd7,2022-03-05,EURO_STOXX_50,2022-03-07,forward_nontrading,Saturday,2,-0.052361440922444
t74wil,2022-03-05,EURO_STOXX_50,2022-03-07,forward_nontrading,Saturday,2,-0.3018797856445113
t753oq,2022-03-05,EURO_STOXX_50,2022-03-07,forward_nontrading,Saturday,2,-0.9533168841153384
t7aamc,2022-03-05,EURO_STOXX_50,2022-03-07,forward_nontrading,Saturday,2,-0.4437433329876512
t7b8au,2022-03-05,EURO_STOXX_50,2022-03-07,forward_nontrading,Saturday,2,0.0635430496186018
t7c6b2,2022-03-05,EURO_STOXX_50,2022-03-07,forward_nontrading,Saturday,2,0.0850207751306394
t7d4tj,2022-03-05,EURO_STOXX_50,2022-03-07,forward_nontrading,Saturday,2,-0.0712734372713244
t7ecsi,2022-03-05,EURO_STOXX_50,2022-03-07,forward_nontrading,Saturday,2,0.2634413895818094
t7hc25,2022-03-05,EURO_STOXX_50,2022-03-07,forward_nontrading,Saturday,2,0.0225544642657041
t7ko2g,2022-03-05,EURO_STOXX_50,2022-03-07,forward_nontrading,Saturday,2,-0.1824076008051633
t7kz6r,2022-03-05,EURO_STOXX_50,2022-03-07,forward_nontrading,Saturday,2,-0.5575110284611583
t7lyp1,2022-03-05,EURO_STOXX_50,2022-03-07,forward_nontrading,Saturday,2,-0.0745914792641997
t7pnno,2022-03-06,EURO_STOXX_50,2022-03-07,forward_nontrading,Sunday,1,-0.1232330701313912
t810e0,2022-03-06,EURO_STOXX_50,2022-03-07,forward_nontrading,Sunday,1,-0.1579459455097094
t83c00,2022-03-06,EURO_STOXX_50,2022-03-07,forward_nontrading,Sunday,1,-0.0475224791360752
t83rzh,2022-03-06,EURO_STOXX_50,2022-03-07,forward_nontrading,Sunday,1,0.1659820734833678
t83wk1,2022-03-06,EURO_STOXX_50,2022-03-07,forward_nontrading,Sunday,1,-0.680117866024375
t87wj7,2022-03-06,EURO_STOXX_50,2022-03-07,forward_nontrading,Sunday,1,0.0812491215765476
t88731,2022-03-06,EURO_STOXX_50,2022-03-07,forward_nontrading,Sunday,1,0.0812491215765476
t88m74,2022-03-06,EURO_STOXX_50,2022-03-07,forward_nontrading,Sunday,1,0.0812491215765476
t8atr4,2022-03-06,EURO_STOXX_50,2022-03-07,forward_nontrading,Sunday,1,-0.0323987510055303
t8b03s,2022-03-06,EURO_STOXX_50,2022-03-07,forward_nontrading,Sunday,1,-0.1765184579417109
t8dexi,2022-03-07,EURO_STOXX_50,2022-03-07,same_day,trading_day,0,0.0280492780730128
t8ioy8,2022-03-07,EURO_STOXX_50,2022-03-07,same_day,trading_day,0,0.0991603769361972
t8iq8u,2022-03-07,EURO_STOXX_50,2022-03-07,same_day,trading_day,0,0.3146878518164158
t8j9zf,2022-03-07,EURO_STOXX_50,2022-03-07,same_day,trading_day,0,0.1577026472928432
t8jujd,2022-03-07,EURO_STOXX_50,2022-03-07,same_day,trading_day,0,0.0041808738288554
t8kyec,2022-03-07,EURO_STOXX_50,2022-03-07,same_day,trading_day,0,-0.5852877185291921
t8mjtl,2022-03-07,EURO_STOXX_50,2022-03-07,same_day,trading_day,0,-0.1424728742567822
t8oz6c,2022-03-07,EURO_STOXX_50,2022-03-07,same_day,trading_day,0,-0.7311331480741501
t8p6ou,2022-03-07,EURO_STOXX_50,2022-03-07,same_day,trading_day,0,-0.2323159323561758
t8sgdj,2022-03-07,EURO_STOXX_50,2022-03-07,same_day,trading_day,0,-0.0921559920534491
t8t9a4,2022-03-07,EURO_STOXX_50,2022-03-07,same_day,trading_day,0,0.0375524285788598
t8t9ep,2022-03-07,EURO_STOXX_50,2022-03-07,same_day,trading_day,0,-0.0136305527218307
t8taem,2022-03-07,EURO_STOXX_50,2022-03-07,same_day,trading_day,0,-0.0136305527218307
t8texj,2022-03-07,EURO_STOXX_50,2022-03-07,same_day,trading_day,0,0.0986130777746439
t8trsq,2022-03-07,EURO_STOXX_50,2022-03-07,same_day,trading_day,0,0.7696337029337883
t8wpjf,2022-03-07,EURO_STOXX_50,2022-03-07,same_day,trading_day,0,-0.3544176305559549
t8xpqk,2022-03-07,EURO_STOXX_50,2022-03-07,same_day,trading_day,0,-0.2129447304510644
t90ams,2022-03-07,EURO_STOXX_50,2022-03-07,same_day,trading_day,0,0.0420266559434144
t90tn1,2022-03-07,EURO_STOXX_50,2022-03-07,same_day,trading_day,0,-0.1454118596655982
t90zrj,2022-03-07,EURO_STOXX_50,2022-03-07,same_day,trading_day,0,-0.1132906172424554
t917e8,2022-03-07,EURO_STOXX_50,2022-03-07,same_day,trading_day,0,-0.0280133459018543
t91hat,2022-03-07,EURO_STOXX_50,2022-03-07,same_day,trading_day,0,-0.2028876231051981
t93tf6,2022-03-08,EURO_STOXX_50,2022-03-08,same_day,trading_day,0,-0.4399095484210799
t9918e,2022-03-08,EURO_STOXX_50,2022-03-08,same_day,trading_day,0,-0.1546309698106987
t99dty,2022-03-08,EURO_STOXX_50,2022-03-08,same_day,trading_day,0,-0.354603834139804
t99k1m,2022-03-08,EURO_STOXX_50,2022-03-08,same_day,trading_day,0,-0.9568545119836926
t99o3v,2022-03-08,EURO_STOXX_50,2022-03-08,same_day,trading_day,0,-0.9568545119836926
t9a77f,2022-03-08,EURO_STOXX_50,2022-03-08,same_day,trading_day,0,-0.9570051124319434
t9fi2d,2022-03-08,EURO_STOXX_50,2022-03-08,same_day,trading_day,0,-0.5301636124495417
t9g8hf,2022-03-08,EURO_STOXX_50,2022-03-08,same_day,trading_day,0,0.3399044484831393
t9gal4,2022-03-08,EURO_STOXX_50,2022-03-08,same_day,trading_day,0,0.1420332731989522
t9gkdr,2022-03-08,EURO_STOXX_50,2022-03-08,same_day,trading_day,0,-0.003334070312912
t9h6wr,2022-03-08,EURO_STOXX_50,2022-03-08,same_day,trading_day,0,-0.315535347093828
t9ig7n,2022-03-08,EURO_STOXX_50,2022-03-08,same_day,trading_day,0,-0.2830010825260118
t9krc6,2022-03-08,EURO_STOXX_50,2022-03-08,same_day,trading_day,0,-0.6346322111785412
t9lbu9,2022-03-08,EURO_STOXX_50,2022-03-08,same_day,trading_day,0,-0.2122220643161034
t9m9ek,2022-03-08,EURO_STOXX_50,2022-03-08,same_day,trading_day,0,-0.0876038782298564
t9mggw,2022-03-08,EURO_STOXX_50,2022-03-08,same_day,trading_day,0,-0.3694233521819114
t9mwvf,2022-03-08,EURO_STOXX_50,2022-03-08,same_day,trading_day,0,0.5350850018273506
t9n8kk,2022-03-08,EURO_STOXX_50,2022-03-08,same_day,trading_day,0,-0.6502641692757607
t9reb4,2022-03-08,EURO_STOXX_50,2022-03-08,same_day,trading_day,0,-0.9498382341116668
t9sxj6,2022-03-08,EURO_STOXX_50,2022-03-08,same_day,trading_day,0,-0.2127492435069547
t9sxxz,2022-03-08,EURO_STOXX_50,2022-03-08,same_day,trading_day,0,-0.2127492435069547
t9tbut,2022-03-08,EURO_STOXX_50,2022-03-08,same_day,trading_day,0,0.1607049412094056
t9ufrs,2022-03-08,EURO_STOXX_50,2022-03-08,same_day,trading_day,0,0.2476073288573668
t9ugzd,2022-03-08,EURO_STOXX_50,2022-03-08,same_day,trading_day,0,0.243888069960204
t9ynuc,2022-03-09,EURO_STOXX_50,2022-03-09,same_day,trading_day,0,-0.2976140749847724
t9zleo,2022-03-09,EURO_STOXX_50,2022-03-09,same_day,trading_day,0,0.0275210064968892
ta1h49,2022-03-09,EURO_STOXX_50,2022-03-09,same_day,trading_day,0,-0.1087373169139027
ta2zcu,2022-03-09,EURO_STOXX_50,2022-03-09,same_day,trading_day,0,-0.6338768294746322
ta5vsc,2022-03-09,EURO_STOXX_50,2022-03-09,same_day,trading_day,0,-0.7736378442496061
ta5z6d,2022-03-09,EURO_STOXX_50,2022-03-09,same_day,trading_day,0,0.0411784388124942
ta6jlt,2022-03-09,EURO_STOXX_50,2022-03-09,same_day,trading_day,0,-0.22081727542631
ta6ym8,2022-03-09,EURO_STOXX_50,2022-03-09,same_day,trading_day,0,0.0702294469145791
ta7mw2,2022-03-09,EURO_STOXX_50,2022-03-09,same_day,trading_day,0,-0.2088931537429361
ta84k8,2022-03-09,EURO_STOXX_50,2022-03-09,same_day,trading_day,0,0.1398762152729821
ta86x0,2022-03-09,EURO_STOXX_50,2022-03-09,same_day,trading_day,0,0.12479299485373
ta9kde,2022-03-09,EURO_STOXX_50,2022-03-09,same_day,trading_day,0,0.0527581639587878
tabd45,2022-03-09,EURO_STOXX_50,2022-03-09,same_day,trading_day,0,-0.2663318228653886
tadrra,2022-03-09,EURO_STOXX_50,2022-03-09,same_day,trading_day,0,-0.3527467846870422
tae5wf,2022-03-09,EURO_STOXX_50,2022-03-09,same_day,trading_day,0,-0.1293440888014932
tagay0,2022-03-09,EURO_STOXX_50,2022-03-09,same_day,trading_day,0,-0.3320853932361517
taio8j,2022-03-09,EURO_STOXX_50,2022-03-09,same_day,trading_day,0,-0.184456814902232
tayen8,2022-03-10,EURO_STOXX_50,2022-03-10,same_day,trading_day,0,-0.1818143998419768
tb22fx,2022-03-10,EURO_STOXX_50,2022-03-10,same_day,trading_day,0,0.0982897638136314
tb59y2,2022-03-10,EURO_STOXX_50,2022-03-10,same_day,trading_day,0,-0.3248230301216245
tbcukf,2022-03-11,EURO_STOXX_50,2022-03-11,same_day,trading_day,0,-0.2693095929724605
tbdw7z,2022-03-11,EURO_STOXX_50,2022-03-11,same_day,trading_day,0,-0.394546465948224
tbfw38,2022-03-11,EURO_STOXX_50,2022-03-11,same_day,trading_day,0,-0.0909959200459222
tbiy5l,2022-03-11,EURO_STOXX_50,2022-03-11,same_day,trading_day,0,-0.0958001007592039
tbowqv,2022-03-11,EURO_STOXX_50,2022-03-11,same_day,trading_day,0,0.0383377000689506
tbpzg5,2022-03-11,EURO_STOXX_50,2022-03-11,same_day,trading_day,0,-0.1374213918638618
tbsdgg,2022-03-11,EURO_STOXX_50,2022-03-11,same_day,trading_day,0,-0.0707213599234819
tbtzs1,2022-03-11,EURO_STOXX_50,2022-03-11,same_day,trading_day,0,-0.4263411359587574
tbx1zy,2022-03-11,EURO_STOXX_50,2022-03-11,same_day,trading_day,0,-0.1954977480927482
tbxdxm,2022-03-11,EURO_STOXX_50,2022-03-11,same_day,trading_day,0,-0.1219089478254318
tbz4oq,2022-03-11,EURO_STOXX_50,2022-03-11,same_day,trading_day,0,-0.2449414656854215
tc31k1,2022-03-11,EURO_STOXX_50,2022-03-11,same_day,trading_day,0,-0.2363935267330026
tc3mv0,2022-03-11,EURO_STOXX_50,2022-03-11,same_day,trading_day,0,-0.3416846367315604
tc4b3n,2022-03-12,EURO_STOXX_50,2022-03-14,forward_nontrading,Saturday,2,-0.0961751408913793
tc4cuh,2022-03-12,EURO_STOXX_50,2022-03-14,forward_nontrading,Saturday,2,-0.0963392669839474
tc832l,2022-03-12,EURO_STOXX_50,2022-03-14,forward_nontrading,Saturday,2,-0.0660293051706893
tcatww,2022-03-12,EURO_STOXX_50,2022-03-14,forward_nontrading,Saturday,2,0.2835008133099311
tcgmib,2022-03-12,EURO_STOXX_50,2022-03-14,forward_nontrading,Saturday,2,-0.4820928368717432
tck8wy,2022-03-12,EURO_STOXX_50,2022-03-14,forward_nontrading,Saturday,2,0.0992943407967686
tckr8u,2022-03-12,EURO_STOXX_50,2022-03-14,forward_nontrading,Saturday,2,-0.252082300838083
tcl07x,2022-03-12,EURO_STOXX_50,2022-03-14,forward_nontrading,Saturday,2,-0.7032108597457409
tcl6dy,2022-03-12,EURO_STOXX_50,2022-03-14,forward_nontrading,Saturday,2,-0.1636413896237226
tcmsmv,2022-03-12,EURO_STOXX_50,2022-03-14,forward_nontrading,Saturday,2,-0.3612086609005928
tcmusl,2022-03-12,EURO_STOXX_50,2022-03-14,forward_nontrading,Saturday,2,0.2407154304285844
tcp8qh,2022-03-12,EURO_STOXX_50,2022-03-14,forward_nontrading,Saturday,2,-0.3663113989922053
tcph83,2022-03-12,EURO_STOXX_50,2022-03-14,forward_nontrading,Saturday,2,-0.6279579255109032
tcr6vc,2022-03-12,EURO_STOXX_50,2022-03-14,forward_nontrading,Saturday,2,-0.0968965180218219
tctt6e,2022-03-12,EURO_STOXX_50,2022-03-14,forward_nontrading,Saturday,2,-0.2296369367589553
tcwe9u,2022-03-13,EURO_STOXX_50,2022-03-14,forward_nontrading,Sunday,1,-0.0836249169161809
td1gwt,2022-03-13,EURO_STOXX_50,2022-03-14,forward_nontrading,Sunday,1,0.1430528952994129
td9hbx,2022-03-13,EURO_STOXX_50,2022-03-14,forward_nontrading,Sunday,1,0.1234132194891571
tdaakg,2022-03-13,EURO_STOXX_50,2022-03-14,forward_nontrading,Sunday,1,0.2248493375123611
tdaeqw,2022-03-13,EURO_STOXX_50,2022-03-14,forward_nontrading,Sunday,1,-0.2541750471067169
tdmfs2,2022-03-14,EURO_STOXX_50,2022-03-14,same_day,trading_day,0,-0.3857313469052315
tdq2bx,2022-03-14,EURO_STOXX_50,2022-03-14,same_day,trading_day,0,-0.4493099172250367
tdqu32,2022-03-14,EURO_STOXX_50,2022-03-14,same_day,trading_day,0,-0.4798642173409462
tdwcg2,2022-03-14,EURO_STOXX_50,2022-03-14,same_day,trading_day,0,0.1219149043317884
tdxa5e,2022-03-14,EURO_STOXX_50,2022-03-14,same_day,trading_day,0,-0.2002138269062225
tdzqmr,2022-03-14,EURO_STOXX_50,2022-03-14,same_day,trading_day,0,-0.1067445905258258
te401c,2022-03-14,EURO_STOXX_50,2022-03-14,same_day,trading_day,0,0.0535766817629337
te48ow,2022-03-14,EURO_STOXX_50,2022-03-14,same_day,trading_day,0,-0.3344274366972968
te7esn,2022-03-14,EURO_STOXX_50,2022-03-14,same_day,trading_day,0,-0.5934724509716034
tedojw,2022-03-15,EURO_STOXX_50,2022-03-15,same_day,trading_day,0,0.4320886507630348
teip65,2022-03-15,EURO_STOXX_50,2022-03-15,same_day,trading_day,0,-0.3250022199512882
tejkl6,2022-03-15,EURO_STOXX_50,2022-03-15,same_day,trading_day,0,-0.0771983116865158
tel2hg,2022-03-15,EURO_STOXX_50,2022-03-15,same_day,trading_day,0,-0.1071195754222572
ten51a,2022-03-15,EURO_STOXX_50,2022-03-15,same_day,trading_day,0,0.8394388817250729
tentdp,2022-03-15,EURO_STOXX_50,2022-03-15,same_day,trading_day,0,-0.086484947707504
tenue1,2022-03-15,EURO_STOXX_50,2022-03-15,same_day,trading_day,0,0.0867168187562908
teo28n,2022-03-15,EURO_STOXX_50,2022-03-15,same_day,trading_day,0,-0.1067574348862228
teo3ir,2022-03-15,EURO_STOXX_50,2022-03-15,same_day,trading_day,0,-0.1009173143529958
teoxt4,2022-03-15,EURO_STOXX_50,2022-03-15,same_day,trading_day,0,0.1525430010462349
teql13,2022-03-15,EURO_STOXX_50,2022-03-15,same_day,trading_day,0,0.0284190310835184
terrhf,2022-03-15,EURO_STOXX_50,2022-03-15,same_day,trading_day,0,0.0423094754841065
teuhlf,2022-03-15,EURO_STOXX_50,2022-03-15,same_day,trading_day,0,-0.3997331226573271
tf0x6d,2022-03-15,EURO_STOXX_50,2022-03-15,same_day,trading_day,0,-0.3899675644934177
tfas5k,2022-03-16,EURO_STOXX_50,2022-03-16,same_day,trading_day,0,-0.6460398808121681
tfb4i7,2022-03-16,EURO_STOXX_50,2022-03-16,same_day,trading_day,0,-0.007205184859534
tfcsn2,2022-03-16,EURO_STOXX_50,2022-03-16,same_day,trading_day,0,-0.3314302166302998
tfg9lm,2022-03-16,EURO_STOXX_50,2022-03-16,same_day,trading_day,0,0.190991998953183
tfgbmg,2022-03-16,EURO_STOXX_50,2022-03-16,same_day,trading_day,0,0.1932572035734812
tfo9j4,2022-03-16,EURO_STOXX_50,2022-03-16,same_day,trading_day,0,-0.1925411929842084
tfvaw4,2022-03-16,EURO_STOXX_50,2022-03-16,same_day,trading_day,0,0.0895643164403736
tfzgsh,2022-03-17,EURO_STOXX_50,2022-03-17,same_day,trading_day,0,0.0129555620253085
tg0bxf,2022-03-17,EURO_STOXX_50,2022-03-17,same_day,trading_day,0,-0.5292584402154067
tg0wzj,2022-03-17,EURO_STOXX_50,2022-03-17,same_day,trading_day,0,0.0236838869750499
tg1m6e,2022-03-17,EURO_STOXX_50,2022-03-17,same_day,trading_day,0,0.0871724795084446
tg1n9l,2022-03-17,EURO_STOXX_50,2022-03-17,same_day,trading_day,0,0.1032075670858224
tgfylv,2022-03-17,EURO_STOXX_50,2022-03-17,same_day,trading_day,0,-0.2607686727618177
tgkqx0,2022-03-17,EURO_STOXX_50,2022-03-17,same_day,trading_day,0,-0.1408299524337053
tgpmq2,2022-03-18,EURO_STOXX_50,2022-03-18,same_day,trading_day,0,0.2071684421255038
tgpo0n,2022-03-18,EURO_STOXX_50,2022-03-18,same_day,trading_day,0,0.2021081768549406
tgq0i3,2022-03-18,EURO_STOXX_50,2022-03-18,same_day,trading_day,0,0.1880142432637513
tgq935,2022-03-18,EURO_STOXX_50,2022-03-18,same_day,trading_day,0,0.1880142432637513
th06xv,2022-03-18,EURO_STOXX_50,2022-03-18,same_day,trading_day,0,-0.0655127121938456
th0858,2022-03-18,EURO_STOXX_50,2022-03-18,same_day,trading_day,0,-0.0765972366033677
th5wzp,2022-03-18,EURO_STOXX_50,2022-03-18,same_day,trading_day,0,0.2965245448673764
thbo63,2022-03-18,EURO_STOXX_50,2022-03-18,same_day,trading_day,0,0.0234490991570055
thcg9c,2022-03-18,EURO_STOXX_50,2022-03-18,same_day,trading_day,0,0.0853349911714239
thea35,2022-03-18,EURO_STOXX_50,2022-03-18,same_day,trading_day,0,0.1440888489596545
thnfwo,2022-03-19,EURO_STOXX_50,2022-03-21,forward_nontrading,Saturday,2,0.0481244248803705
tho8nf,2022-03-19,EURO_STOXX_50,2022-03-21,forward_nontrading,Saturday,2,0.1719019576751937
thotaf,2022-03-19,EURO_STOXX_50,2022-03-21,forward_nontrading,Saturday,2,0.1719019576751937
thzpi1,2022-03-19,EURO_STOXX_50,2022-03-21,forward_nontrading,Saturday,2,-0.1075178802013397
thzqwv,2022-03-19,EURO_STOXX_50,2022-03-21,forward_nontrading,Saturday,2,-0.1073580771995088
ti0052,2022-03-19,EURO_STOXX_50,2022-03-21,forward_nontrading,Saturday,2,-0.2481793817132711
tiixzv,2022-03-20,EURO_STOXX_50,2022-03-21,forward_nontrading,Sunday,1,0.479275032877922
tiovbn,2022-03-20,EURO_STOXX_50,2022-03-21,forward_nontrading,Sunday,1,-0.201812330899494
tiqqwj,2022-03-20,EURO_STOXX_50,2022-03-21,forward_nontrading,Sunday,1,0.2415010208884874
tj5kld,2022-03-21,EURO_STOXX_50,2022-03-21,same_day,trading_day,0,0.2609611414372921
tj949y,2022-03-21,EURO_STOXX_50,2022-03-21,same_day,trading_day,0,-0.4700415916740894
tjaenp,2022-03-21,EURO_STOXX_50,2022-03-21,same_day,trading_day,0,-0.0948828825106223
tjbah7,2022-03-21,EURO_STOXX_50,2022-03-21,same_day,trading_day,0,-0.0044528033247153
tjbb7x,2022-03-21,EURO_STOXX_50,2022-03-21,same_day,trading_day,0,0.0003325855931299
tjdlgd,2022-03-21,EURO_STOXX_50,2022-03-21,same_day,trading_day,0,0.1729065477848053
tjembs,2022-03-21,EURO_STOXX_50,2022-03-21,same_day,trading_day,0,0.0164801900585492
tjg116,2022-03-21,EURO_STOXX_50,2022-03-21,same_day,trading_day,0,0.0239165353302198
tjhyrf,2022-03-21,EURO_STOXX_50,2022-03-21,same_day,trading_day,0,-0.3897525711323727
tjiynm,2022-03-21,EURO_STOXX_50,2022-03-21,same_day,trading_day,0,0.0240988085667292
tjmrbt,2022-03-21,EURO_STOXX_50,2022-03-21,same_day,trading_day,0,-0.0194953313114604
tk155b,2022-03-22,EURO_STOXX_50,2022-03-22,same_day,trading_day,0,-0.1509060681398426
tk1y9d,2022-03-22,EURO_STOXX_50,2022-03-22,same_day,trading_day,0,0.1523756476777509
tk1zbb,2022-03-22,EURO_STOXX_50,2022-03-22,same_day,trading_day,0,0.1551569541180996
tk9hfj,2022-03-22,EURO_STOXX_50,2022-03-22,same_day,trading_day,0,-0.2533842697739601
tkcv1o,2022-03-22,EURO_STOXX_50,2022-03-22,same_day,trading_day,0,0.1304369827429222
tkd3p6,2022-03-22,EURO_STOXX_50,2022-03-22,same_day,trading_day,0,-0.1521847061812877
tkdq2o,2022-03-22,EURO_STOXX_50,2022-03-22,same_day,trading_day,0,-0.2678245410012702
tkeo19,2022-03-22,EURO_STOXX_50,2022-03-22,same_day,trading_day,0,-0.9563298411667348
tkh0hn,2022-03-23,EURO_STOXX_50,2022-03-23,same_day,trading_day,0,-0.1763862955517002
tkr47l,2022-03-23,EURO_STOXX_50,2022-03-23,same_day,trading_day,0,0.0346202685808141
tksakv,2022-03-23,EURO_STOXX_50,2022-03-23,same_day,trading_day,0,0.0041262060403823
tksv6g,2022-03-23,EURO_STOXX_50,2022-03-23,same_day,trading_day,0,0.010412296788259
tkt7d5,2022-03-23,EURO_STOXX_50,2022-03-23,same_day,trading_day,0,0.0210104526951909
tkt8yp,2022-03-23,EURO_STOXX_50,2022-03-23,same_day,trading_day,0,-0.0111410563066601
tkued5,2022-03-23,EURO_STOXX_50,2022-03-23,same_day,trading_day,0,-0.162733622181874
tkuyyv,2022-03-23,EURO_STOXX_50,2022-03-23,same_day,trading_day,0,0.087605126388371
tlfts1,2022-03-23,EURO_STOXX_50,2022-03-23,same_day,trading_day,0,-0.0500953783177667
tlyi4t,2022-03-24,EURO_STOXX_50,2022-03-24,same_day,trading_day,0,0.0597099500397841
tlyif6,2022-03-24,EURO_STOXX_50,2022-03-24,same_day,trading_day,0,0.0619822790225346
tlyzwh,2022-03-24,EURO_STOXX_50,2022-03-24,same_day,trading_day,0,-0.9580330532044172
tm29l2,2022-03-24,EURO_STOXX_50,2022-03-24,same_day,trading_day,0,-0.2252613418580343
tm2m17,2022-03-24,EURO_STOXX_50,2022-03-24,same_day,trading_day,0,0.2688959902152419
tm4eay,2022-03-24,EURO_STOXX_50,2022-03-24,same_day,trading_day,0,-0.0805544015485793
tm4eyq,2022-03-24,EURO_STOXX_50,2022-03-24,same_day,trading_day,0,-0.003956700708451
tm4flu,2022-03-24,EURO_STOXX_50,2022-03-24,same_day,trading_day,0,-0.0175034761767495
tmcf28,2022-03-24,EURO_STOXX_50,2022-03-24,same_day,trading_day,0,-0.5891292956657708
tn0rlf,2022-03-24,EURO_STOXX_50,2022-03-24,same_day,trading_day,0,-0.0342531030997634
tn62rf,2022-03-24,EURO_STOXX_50,2022-03-24,same_day,trading_day,0,-0.112151199037692
tna2uf,2022-03-25,EURO_STOXX_50,2022-03-25,same_day,trading_day,0,-0.5352849200367927
tnks94,2022-03-25,EURO_STOXX_50,2022-03-25,same_day,trading_day,0,0.3076645553644214
tnkvv5,2022-03-25,EURO_STOXX_50,2022-03-25,same_day,trading_day,0,0.0631267481232778
tnkwjv,2022-03-25,EURO_STOXX_50,2022-03-25,same_day,trading_day,0,0.0373790631704825
tnr5ib,2022-03-25,EURO_STOXX_50,2022-03-25,same_day,trading_day,0,0.1276985921431332
tnypxz,2022-03-25,EURO_STOXX_50,2022-03-25,same_day,trading_day,0,-0.1289597612551667
to55fm,2022-03-25,EURO_STOXX_50,2022-03-25,same_day,trading_day,0,0.0866366755838195
to5eu3,2022-03-25,EURO_STOXX_50,2022-03-25,same_day,trading_day,0,0.0907938557056089
toarrz,2022-03-26,EURO_STOXX_50,2022-03-28,forward_nontrading,Saturday,2,0.0505198469791229
tonf1v,2022-03-26,EURO_STOXX_50,2022-03-28,forward_nontrading,Saturday,2,0.2813294921070337
torgms,2022-03-26,EURO_STOXX_50,2022-03-28,forward_nontrading,Saturday,2,0.118059945354859
tozy3h,2022-03-26,EURO_STOXX_50,2022-03-28,forward_nontrading,Saturday,2,-0.2715897861868143
tp8sos,2022-03-27,EURO_STOXX_50,2022-03-28,forward_nontrading,Sunday,1,0.0593922686239238
tp97jy,2022-03-27,EURO_STOXX_50,2022-03-28,forward_nontrading,Sunday,1,0.1878510426458281
tpeoig,2022-03-27,EURO_STOXX_50,2022-03-28,forward_nontrading,Sunday,1,0.1008213549656303
tpn2uh,2022-03-27,EURO_STOXX_50,2022-03-28,forward_nontrading,Sunday,1,-0.2637586333347779
tq4skh,2022-03-28,EURO_STOXX_50,2022-03-28,same_day,trading_day,0,-0.2929087672382593
tq8nxq,2022-03-28,EURO_STOXX_50,2022-03-28,same_day,trading_day,0,-0.0278383204848438
tq8p5c,2022-03-28,EURO_STOXX_50,2022-03-28,same_day,trading_day,0,-0.048068420545986
tqaixr,2022-03-28,EURO_STOXX_50,2022-03-28,same_day,trading_day,0,-0.2679552855635328
tqj8n5,2022-03-28,EURO_STOXX_50,2022-03-28,same_day,trading_day,0,0.052255425028243
tqnibp,2022-03-29,EURO_STOXX_50,2022-03-29,same_day,trading_day,0,0.0068150444421917
tqy7bc,2022-03-29,EURO_STOXX_50,2022-03-29,same_day,trading_day,0,0.0542422761284416
tqy7xv,2022-03-29,EURO_STOXX_50,2022-03-29,same_day,trading_day,0,0.0518980136248054
tr0n7d,2022-03-29,EURO_STOXX_50,2022-03-29,same_day,trading_day,0,-0.1538146194560747
tr1cdv,2022-03-29,EURO_STOXX_50,2022-03-29,same_day,trading_day,0,0.0643653891359766
trjf5e,2022-03-29,EURO_STOXX_50,2022-03-29,same_day,trading_day,0,-0.0170424312774865
trs8yh,2022-03-29,EURO_STOXX_50,2022-03-29,same_day,trading_day,0,-0.1916476397488553
ts5ahw,2022-03-30,EURO_STOXX_50,2022-03-30,same_day,trading_day,0,-0.0912368926962
ts5b8o,2022-03-30,EURO_STOXX_50,2022-03-30,same_day,trading_day,0,-0.0900402416283374
ts8yld,2022-03-30,EURO_STOXX_50,2022-03-30,same_day,trading_day,0,-0.0949415018782019
tsatuk,2022-03-30,EURO_STOXX_50,2022-03-30,same_day,trading_day,0,0.7473738715052605
tsw5p3,2022-03-31,EURO_STOXX_50,2022-03-31,same_day,trading_day,0,0.7990362420678139
tsyjbk,2022-03-31,EURO_STOXX_50,2022-03-31,same_day,trading_day,0,-0.2517793495288311
tsyk07,2022-03-31,EURO_STOXX_50,2022-03-31,same_day,trading_day,0,-0.2606956913103267
tsz34i,2022-03-31,EURO_STOXX_50,2022-03-31,same_day,trading_day,0,-0.5057810004800558
tszbcz,2022-03-31,EURO_STOXX_50,2022-03-31,same_day,trading_day,0,0.0188526509640117
tt5cer,2022-03-31,EURO_STOXX_50,2022-03-31,same_day,trading_day,0,0.0633895769304431
tt7lzs,2022-03-31,EURO_STOXX_50,2022-03-31,same_day,trading_day,0,-0.1335388488051566
ttad7y,2022-03-31,EURO_STOXX_50,2022-03-31,same_day,trading_day,0,-0.1820725837976417
tth665,2022-04-01,EURO_STOXX_50,2022-04-01,same_day,trading_day,0,-0.0393644960981512
tto6j2,2022-04-01,EURO_STOXX_50,2022-04-01,same_day,trading_day,0,0.1128591241452981
ttt4l0,2022-04-01,EURO_STOXX_50,2022-04-01,same_day,trading_day,0,0.2935745030907648
tu1727,2022-04-01,EURO_STOXX_50,2022-04-01,same_day,trading_day,0,0.0104152829470959
tu2h16,2022-04-01,EURO_STOXX_50,2022-04-01,same_day,trading_day,0,-0.1966669635371641
tu6qhy,2022-04-02,EURO_STOXX_50,2022-04-04,forward_nontrading,Saturday,2,-0.0949545237817801
tu6rv4,2022-04-02,EURO_STOXX_50,2022-04-04,forward_nontrading,Saturday,2,-0.0867290686932392
tu8xlx,2022-04-02,EURO_STOXX_50,2022-04-04,forward_nontrading,Saturday,2,0.137580883813401
tumycz,2022-04-02,EURO_STOXX_50,2022-04-04,forward_nontrading,Saturday,2,-0.1657915769765774
tup35r,2022-04-02,EURO_STOXX_50,2022-04-04,forward_nontrading,Saturday,2,-0.0565445488609839
tvfmn8,2022-04-03,EURO_STOXX_50,2022-04-04,forward_nontrading,Sunday,1,0.0147358667933278
tvg8hk,2022-04-03,EURO_STOXX_50,2022-04-04,forward_nontrading,Sunday,1,-0.2948724091710413
tvwb01,2022-04-04,EURO_STOXX_50,2022-04-04,same_day,trading_day,0,0.1563548985868692
tvz423,2022-04-04,EURO_STOXX_50,2022-04-04,same_day,trading_day,0,-0.9590749442577362
tvztlh,2022-04-04,EURO_STOXX_50,2022-04-04,same_day,trading_day,0,-0.2022511959075927
tw003d,2022-04-04,EURO_STOXX_50,2022-04-04,same_day,trading_day,0,-0.24291056453843
tw1jb0,2022-04-04,EURO_STOXX_50,2022-04-04,same_day,trading_day,0,0.1023442523129394
tw1ju4,2022-04-04,EURO_STOXX_50,2022-04-04,same_day,trading_day,0,0.1070211926238861
tw1tc0,2022-04-04,EURO_STOXX_50,2022-04-04,same_day,trading_day,0,0.2780343800702173
tw2tgu,2022-04-04,EURO_STOXX_50,2022-04-04,same_day,trading_day,0,-0.737871564924717
tw6usg,2022-04-04,EURO_STOXX_50,2022-04-04,same_day,trading_day,0,-0.1565279066562652
twdp9g,2022-04-04,EURO_STOXX_50,2022-04-04,same_day,trading_day,0,0.0489836171292132
twl8fa,2022-04-05,EURO_STOXX_50,2022-04-05,same_day,trading_day,0,0.0560893389130277
twsuhk,2022-04-05,EURO_STOXX_50,2022-04-05,same_day,trading_day,0,-0.215136419981718
twtrd3,2022-04-05,EURO_STOXX_50,2022-04-05,same_day,trading_day,0,0.1016344520793264
twts1u,2022-04-05,EURO_STOXX_50,2022-04-05,same_day,trading_day,0,0.1041867605966042
twwvpg,2022-04-05,EURO_STOXX_50,2022-04-05,same_day,trading_day,0,-0.8895343979820609
twwz51,2022-04-05,EURO_STOXX_50,2022-04-05,same_day,trading_day,0,-0.8895343979820609
txbde4,2022-04-06,EURO_STOXX_50,2022-04-06,same_day,trading_day,0,-0.1103177494602277
txbrcd,2022-04-06,EURO_STOXX_50,2022-04-06,same_day,trading_day,0,-0.1360602958926133
txkrxv,2022-04-06,EURO_STOXX_50,2022-04-06,same_day,trading_day,0,0.3010975659514467
txljri,2022-04-06,EURO_STOXX_50,2022-04-06,same_day,trading_day,0,-0.0647319098483891
txlkgd,2022-04-06,EURO_STOXX_50,2022-04-06,same_day,trading_day,0,-0.0671049183326177
txqmw6,2022-04-06,EURO_STOXX_50,2022-04-06,same_day,trading_day,0,-0.2569241288118065
txt0ps,2022-04-06,EURO_STOXX_50,2022-04-06,same_day,trading_day,0,-0.270665232402583
txw3o7,2022-04-06,EURO_STOXX_50,2022-04-06,same_day,trading_day,0,-0.1541828297678444
txwlfs,2022-04-06,EURO_STOXX_50,2022-04-06,same_day,trading_day,0,0.2254411729797721
tyavf4,2022-04-07,EURO_STOXX_50,2022-04-07,same_day,trading_day,0,-0.2258651648648083
tybc9c,2022-04-07,EURO_STOXX_50,2022-04-07,same_day,trading_day,0,-0.3164123029758533
tybxje,2022-04-07,EURO_STOXX_50,2022-04-07,same_day,trading_day,0,-0.0086298109174279
tyby4k,2022-04-07,EURO_STOXX_50,2022-04-07,same_day,trading_day,0,-0.0121568204614065
tygt36,2022-04-07,EURO_STOXX_50,2022-04-07,same_day,trading_day,0,-0.3159653446278893
tyih0c,2022-04-07,EURO_STOXX_50,2022-04-07,same_day,trading_day,0,-0.8047830555588007
tymed7,2022-04-07,EURO_STOXX_50,2022-04-07,same_day,trading_day,0,-0.029850986094347
tz4vs6,2022-04-08,EURO_STOXX_50,2022-04-08,same_day,trading_day,0,-0.34815286745828
tzcsfh,2022-04-08,EURO_STOXX_50,2022-04-08,same_day,trading_day,0,0.0076468993951989
tzft11,2022-04-08,EURO_STOXX_50,2022-04-08,same_day,trading_day,0,-0.0457560002997827
tzfu64,2022-04-08,EURO_STOXX_50,2022-04-08,same_day,trading_day,0,-0.0456297696917318
tzua4n,2022-04-09,EURO_STOXX_50,2022-04-11,forward_nontrading,Saturday,2,-0.2420426990009016
u03jky,2022-04-09,EURO_STOXX_50,2022-04-11,forward_nontrading,Saturday,2,0.0438454709947109
u03oa1,2022-04-09,EURO_STOXX_50,2022-04-11,forward_nontrading,Saturday,2,0.0282504875212907
u0gm37,2022-04-10,EURO_STOXX_50,2022-04-11,forward_nontrading,Sunday,1,-0.0216268517076969
u0tzqi,2022-04-10,EURO_STOXX_50,2022-04-11,forward_nontrading,Sunday,1,-0.2072530909596632
u17j2u,2022-04-11,EURO_STOXX_50,2022-04-11,same_day,trading_day,0,-0.1201567378267645
u1hpp4,2022-04-11,EURO_STOXX_50,2022-04-11,same_day,trading_day,0,-0.0734696931119055
u24upf,2022-04-12,EURO_STOXX_50,2022-04-12,same_day,trading_day,0,0.2550457214404429
u254b1,2022-04-12,EURO_STOXX_50,2022-04-12,same_day,trading_day,0,0.2556902295244592
u2cde3,2022-04-12,EURO_STOXX_50,2022-04-12,same_day,trading_day,0,0.0879458612045989
u2ko0b,2022-04-13,EURO_STOXX_50,2022-04-13,same_day,trading_day,0,-0.4899839822148136
u2loh3,2022-04-13,EURO_STOXX_50,2022-04-13,same_day,trading_day,0,-0.0940276645123958
u2uqas,2022-04-13,EURO_STOXX_50,2022-04-13,same_day,trading_day,0,-0.6552661918103695
u3g9im,2022-04-14,EURO_STOXX_50,2022-04-14,same_day,trading_day,0,0.4265382469997608
u3kijh,2022-04-14,EURO_STOXX_50,2022-04-14,same_day,trading_day,0,-0.0773280937224626
u3mp96,2022-04-14,EURO_STOXX_50,2022-04-14,same_day,trading_day,0,-0.0317123904824256
u3nvg8,2022-04-14,EURO_STOXX_50,2022-04-14,same_day,trading_day,0,-0.2748560054118142
u3pbhh,2022-04-14,EURO_STOXX_50,2022-04-14,same_day,trading_day,0,-0.8780277222394943
u3pm89,2022-04-14,EURO_STOXX_50,2022-04-14,same_day,trading_day,0,-0.0210898851510137
u3rnof,2022-04-14,EURO_STOXX_50,2022-04-14,same_day,trading_day,0,-0.0936459597704621
u3rokl,2022-04-14,EURO_STOXX_50,2022-04-14,same_day,trading_day,0,-0.0880217225795301
u43azn,2022-04-15,EURO_STOXX_50,2022-04-19,forward_nontrading,weekday_nontrading,4,-0.0064048394560813
u46tzd,2022-04-15,EURO_STOXX_50,2022-04-19,forward_nontrading,weekday_nontrading,4,0.0478156104429878
u47n5z,2022-04-15,EURO_STOXX_50,2022-04-19,forward_nontrading,weekday_nontrading,4,0.3129461555508896
u4dsoz,2022-04-15,EURO_STOXX_50,2022-04-19,forward_nontrading,weekday_nontrading,4,-0.0413888019199172
u521ic,2022-04-16,EURO_STOXX_50,2022-04-19,forward_nontrading,Saturday,3,-0.1769533920282077
u58y90,2022-04-16,EURO_STOXX_50,2022-04-19,forward_nontrading,Saturday,3,-0.4950302267550595
u5ql81,2022-04-17,EURO_STOXX_50,2022-04-19,forward_nontrading,Sunday,2,-0.2394651827187492
u5t4km,2022-04-17,EURO_STOXX_50,2022-04-19,forward_nontrading,Sunday,2,-0.0877073403033945
u5tn5b,2022-04-17,EURO_STOXX_50,2022-04-19,forward_nontrading,Sunday,2,-0.3210801045643165
u5ub0s,2022-04-17,EURO_STOXX_50,2022-04-19,forward_nontrading,Sunday,2,-0.0529810674488544
u5zoz8,2022-04-17,EURO_STOXX_50,2022-04-19,forward_nontrading,Sunday,2,-0.1569281076746327
u617h8,2022-04-18,EURO_STOXX_50,2022-04-19,forward_nontrading,weekday_nontrading,1,0.0310727362520992
u6f648,2022-04-18,EURO_STOXX_50,2022-04-19,forward_nontrading,weekday_nontrading,1,-0.3200802723877132
u6ie40,2022-04-18,EURO_STOXX_50,2022-04-19,forward_nontrading,weekday_nontrading,1,-0.060211436713443
u6m6bj,2022-04-18,EURO_STOXX_50,2022-04-19,forward_nontrading,weekday_nontrading,1,0.0020857087361651
u6mxlm,2022-04-18,EURO_STOXX_50,2022-04-19,forward_nontrading,weekday_nontrading,1,0.0678933643608947
u7bc2t,2022-04-19,EURO_STOXX_50,2022-04-19,same_day,trading_day,0,0.1015195548534393
u7f3jz,2022-04-19,EURO_STOXX_50,2022-04-19,same_day,trading_day,0,-0.8183741382478426
u7fh11,2022-04-19,EURO_STOXX_50,2022-04-19,same_day,trading_day,0,-0.3286534866238845
u7gqiz,2022-04-19,EURO_STOXX_50,2022-04-19,same_day,trading_day,0,-0.2430124567888145
u7kw9i,2022-04-20,EURO_STOXX_50,2022-04-20,same_day,trading_day,0,-0.3271790350787341
u7ouu4,2022-04-20,EURO_STOXX_50,2022-04-20,same_day,trading_day,0,-0.6152689017665883
u80l26,2022-04-20,EURO_STOXX_50,2022-04-20,same_day,trading_day,0,0.0365737673038473
u80lu9,2022-04-20,EURO_STOXX_50,2022-04-20,same_day,trading_day,0,0.0365737673038473
u8fb6r,2022-04-21,EURO_STOXX_50,2022-04-21,same_day,trading_day,0,-0.0394999796883502
u8x268,2022-04-21,EURO_STOXX_50,2022-04-21,same_day,trading_day,0,-0.0719415029794301
u908l4,2022-04-21,EURO_STOXX_50,2022-04-21,same_day,trading_day,0,0.3148882989254262
u90p7k,2022-04-21,EURO_STOXX_50,2022-04-21,same_day,trading_day,0,0.3330827309853501
u9d17m,2022-04-22,EURO_STOXX_50,2022-04-22,same_day,trading_day,0,-0.0327764573240919
u9ovec,2022-04-22,EURO_STOXX_50,2022-04-22,same_day,trading_day,0,-0.0391614917925624
u9x6bn,2022-04-23,EURO_STOXX_50,2022-04-25,forward_nontrading,Saturday,2,-0.2788499656692147
u9x70i,2022-04-23,EURO_STOXX_50,2022-04-25,forward_nontrading,Saturday,2,-0.2788499656692147
u9y7en,2022-04-23,EURO_STOXX_50,2022-04-25,forward_nontrading,Saturday,2,0.0673371829212673
ua5hjm,2022-04-23,EURO_STOXX_50,2022-04-25,forward_nontrading,Saturday,2,-0.0818271422758698
uai4ex,2022-04-23,EURO_STOXX_50,2022-04-25,forward_nontrading,Saturday,2,0.302001607293884
uavfl8,2022-04-24,EURO_STOXX_50,2022-04-25,forward_nontrading,Sunday,1,-0.0396989827147788
uazmxa,2022-04-24,EURO_STOXX_50,2022-04-25,forward_nontrading,Sunday,1,-0.3787358571730909
ub3pzh,2022-04-24,EURO_STOXX_50,2022-04-25,forward_nontrading,Sunday,1,-0.3343945369124412
ub5kg2,2022-04-24,EURO_STOXX_50,2022-04-25,forward_nontrading,Sunday,1,-0.2003645247055424
ubacuj,2022-04-25,EURO_STOXX_50,2022-04-25,same_day,trading_day,0,-0.4362328043207526
ubj3g5,2022-04-25,EURO_STOXX_50,2022-04-25,same_day,trading_day,0,0.2733186045661569
ubmdqd,2022-04-25,EURO_STOXX_50,2022-04-25,same_day,trading_day,0,0.0555495444219559
ucivd5,2022-04-26,EURO_STOXX_50,2022-04-26,same_day,trading_day,0,-0.7380059026181698
ucn4wg,2022-04-26,EURO_STOXX_50,2022-04-26,same_day,trading_day,0,-0.1362299293279648
ucs69e,2022-04-27,EURO_STOXX_50,2022-04-27,same_day,trading_day,0,0.0307116956760485
ucsdap,2022-04-27,EURO_STOXX_50,2022-04-27,same_day,trading_day,0,-0.5434617560046414
ud28ci,2022-04-27,EURO_STOXX_50,2022-04-27,same_day,trading_day,0,-0.2476133271120488
ud2gvw,2022-04-27,EURO_STOXX_50,2022-04-27,same_day,trading_day,0,0.0193048565147014
ud4u9d,2022-04-27,EURO_STOXX_50,2022-04-27,same_day,trading_day,0,-0.3647430402298386
ud5hle,2022-04-27,EURO_STOXX_50,2022-04-27,same_day,trading_day,0,0.0953939774384101
udcu5q,2022-04-27,EURO_STOXX_50,2022-04-27,same_day,trading_day,0,0.0845243743620813
udec7z,2022-04-27,EURO_STOXX_50,2022-04-27,same_day,trading_day,0,-0.2310276421540904
udf245,2022-04-27,EURO_STOXX_50,2022-04-27,same_day,trading_day,0,-0.2051984499572071
udozbi,2022-04-28,EURO_STOXX_50,2022-04-28,same_day,trading_day,0,-0.1501838040368801
udu25j,2022-04-28,EURO_STOXX_50,2022-04-28,same_day,trading_day,0,-0.1083159236966267
uduivu,2022-04-28,EURO_STOXX_50,2022-04-28,same_day,trading_day,0,-0.5816336878575386
uduxu9,2022-04-28,EURO_STOXX_50,2022-04-28,same_day,trading_day,0,-0.3716607553263505
udx78k,2022-04-28,EURO_STOXX_50,2022-04-28,same_day,trading_day,0,-0.1321562719531357
udxxoz,2022-04-28,EURO_STOXX_50,2022-04-28,same_day,trading_day,0,-0.5949197832960635
udyvfn,2022-04-28,EURO_STOXX_50,2022-04-28,same_day,trading_day,0,-0.830663412809372
ue6rmm,2022-04-28,EURO_STOXX_50,2022-04-28,same_day,trading_day,0,-0.0755770723169137
ueoqvn,2022-04-29,EURO_STOXX_50,2022-04-29,same_day,trading_day,0,-0.1136547788445438
uepycb,2022-04-29,EURO_STOXX_50,2022-04-29,same_day,trading_day,0,-0.2794757541269064
ueud5h,2022-04-29,EURO_STOXX_50,2022-04-29,same_day,trading_day,0,-0.1518767961145689
ueue83,2022-04-29,EURO_STOXX_50,2022-04-29,same_day,trading_day,0,-0.1511560483680417
ueuiq0,2022-04-29,EURO_STOXX_50,2022-04-29,same_day,trading_day,0,0.2752559894738211
uew0n5,2022-04-29,EURO_STOXX_50,2022-04-29,same_day,trading_day,0,-0.028948787599802
uexv22,2022-04-29,EURO_STOXX_50,2022-04-29,same_day,trading_day,0,-0.239049531891942
uf7e4i,2022-04-30,EURO_STOXX_50,2022-05-02,forward_nontrading,Saturday,2,-0.0078437921724149
uf7l40,2022-04-30,EURO_STOXX_50,2022-05-02,forward_nontrading,Saturday,2,-0.2631156491115689
ufa182,2022-04-30,EURO_STOXX_50,2022-05-02,forward_nontrading,Saturday,2,-0.1247126744089958
ufa27p,2022-04-30,EURO_STOXX_50,2022-05-02,forward_nontrading,Saturday,2,-0.1245519033749588
ufb746,2022-04-30,EURO_STOXX_50,2022-05-02,forward_nontrading,Saturday,2,-0.3039156759835102
ufcywh,2022-04-30,EURO_STOXX_50,2022-05-02,forward_nontrading,Saturday,2,0.1647493990815498
ug17g9,2022-05-01,EURO_STOXX_50,2022-05-02,forward_nontrading,Sunday,1,-0.1588577930566056
ug7fhn,2022-05-01,EURO_STOXX_50,2022-05-02,forward_nontrading,Sunday,1,0.1434558251251777
ugjcxk,2022-05-02,EURO_STOXX_50,2022-05-02,same_day,trading_day,0,0.0418614199207652
ugu9pr,2022-05-02,EURO_STOXX_50,2022-05-02,same_day,trading_day,0,-0.2448656749394205
uh1zeh,2022-05-02,EURO_STOXX_50,2022-05-02,same_day,trading_day,0,0.1447537746225648
uh2c68,2022-05-02,EURO_STOXX_50,2022-05-02,same_day,trading_day,0,-0.0145566851521531
uh5b0g,2022-05-03,EURO_STOXX_50,2022-05-03,same_day,trading_day,0,0.1117886690836814
uhfjtf,2022-05-03,EURO_STOXX_50,2022-05-03,same_day,trading_day,0,-0.0406996874504168
uhfkx0,2022-05-03,EURO_STOXX_50,2022-05-03,same_day,trading_day,0,-0.0671736306759218
uhmzjr,2022-05-03,EURO_STOXX_50,2022-05-03,same_day,trading_day,0,-0.1383310894792278
ui5sw9,2022-05-04,EURO_STOXX_50,2022-05-04,same_day,trading_day,0,-0.0026036338064313
ui5tkc,2022-05-04,EURO_STOXX_50,2022-05-04,same_day,trading_day,0,0.0002384169318248
uibrxp,2022-05-04,EURO_STOXX_50,2022-05-04,same_day,trading_day,0,0.3706899303597984
uijsy9,2022-05-04,EURO_STOXX_50,2022-05-04,same_day,trading_day,0,-0.0486794554453808
uike8a,2022-05-05,EURO_STOXX_50,2022-05-05,same_day,trading_day,0,-0.3067422133559982
uj16c3,2022-05-05,EURO_STOXX_50,2022-05-05,same_day,trading_day,0,-0.2379235185682773
uj1oxt,2022-05-05,EURO_STOXX_50,2022-05-05,same_day,trading_day,0,-0.2917882405111894
uj2haj,2022-05-05,EURO_STOXX_50,2022-05-05,same_day,trading_day,0,-0.3365569116195311
uj3694,2022-05-05,EURO_STOXX_50,2022-05-05,same_day,trading_day,0,-0.0741929431947377
uja7np,2022-05-05,EURO_STOXX_50,2022-05-05,same_day,trading_day,0,-0.2698913481106738
ujclt0,2022-05-06,EURO_STOXX_50,2022-05-06,same_day,trading_day,0,-0.6244497210496949
ujjeww,2022-05-06,EURO_STOXX_50,2022-05-06,same_day,trading_day,0,-0.1010142388857073
uk22vv,2022-05-07,EURO_STOXX_50,2022-05-09,forward_nontrading,Saturday,2,-0.1934705973680441
uk24ds,2022-05-07,EURO_STOXX_50,2022-05-09,forward_nontrading,Saturday,2,-0.1916479743008191
uk5tbp,2022-05-07,EURO_STOXX_50,2022-05-09,forward_nontrading,Saturday,2,-0.132398969028145
uk8o5z,2022-05-07,EURO_STOXX_50,2022-05-09,forward_nontrading,Saturday,2,-0.2019477298017591
uketqw,2022-05-07,EURO_STOXX_50,2022-05-09,forward_nontrading,Saturday,2,-0.0136208030162379
ukf9is,2022-05-07,EURO_STOXX_50,2022-05-09,forward_nontrading,Saturday,2,-0.1682261734191949
ul3wo8,2022-05-08,EURO_STOXX_50,2022-05-09,forward_nontrading,Sunday,1,-0.1704202656168491
ul52k9,2022-05-08,EURO_STOXX_50,2022-05-09,forward_nontrading,Sunday,1,-0.241844166489318
ul8em1,2022-05-08,EURO_STOXX_50,2022-05-09,forward_nontrading,Sunday,1,0.0075987983494997
ul8snm,2022-05-08,EURO_STOXX_50,2022-05-09,forward_nontrading,Sunday,1,-0.0266261917228499
ula3jo,2022-05-08,EURO_STOXX_50,2022-05-09,forward_nontrading,Sunday,1,0.0799228940857574
ulhgmr,2022-05-09,EURO_STOXX_50,2022-05-09,same_day,trading_day,0,-0.0895519838806983
ulqoab,2022-05-09,EURO_STOXX_50,2022-05-09,same_day,trading_day,0,-0.1066993232816457
ulqpso,2022-05-09,EURO_STOXX_50,2022-05-09,same_day,trading_day,0,-0.1243275897073987
ulxya1,2022-05-09,EURO_STOXX_50,2022-05-09,same_day,trading_day,0,-0.4908727572765201
ulyw1x,2022-05-09,EURO_STOXX_50,2022-05-09,same_day,trading_day,0,-0.5620113143020056
ulzlrx,2022-05-09,EURO_STOXX_50,2022-05-09,same_day,trading_day,0,-0.3988812306676718
umlboo,2022-05-10,EURO_STOXX_50,2022-05-10,same_day,trading_day,0,-0.2828079566534143
umqnki,2022-05-10,EURO_STOXX_50,2022-05-10,same_day,trading_day,0,-0.0655722345691174
unkfqh,2022-05-11,EURO_STOXX_50,2022-05-11,same_day,trading_day,0,-0.1061048245367904
unly13,2022-05-11,EURO_STOXX_50,2022-05-11,same_day,trading_day,0,-0.6468756165769365
unmtwn,2022-05-11,EURO_STOXX_50,2022-05-11,same_day,trading_day,0,-0.3133508253044316
unmyby,2022-05-11,EURO_STOXX_50,2022-05-11,same_day,trading_day,0,-0.6529959113233619
untrr0,2022-05-12,EURO_STOXX_50,2022-05-12,same_day,trading_day,0,-0.2311403169296682
uo1yik,2022-05-12,EURO_STOXX_50,2022-05-12,same_day,trading_day,0,0.133624380454421
uoafni,2022-05-12,EURO_STOXX_50,2022-05-12,same_day,trading_day,0,-0.4022628798459966
uoqb4g,2022-05-13,EURO_STOXX_50,2022-05-13,same_day,trading_day,0,0.0100968642426388
uos9sx,2022-05-13,EURO_STOXX_50,2022-05-13,same_day,trading_day,0,0.100841524079442
uoz8os,2022-05-13,EURO_STOXX_50,2022-05-13,same_day,trading_day,0,-0.0443175170637135
uphtyk,2022-05-14,EURO_STOXX_50,2022-05-16,forward_nontrading,Saturday,2,-0.3769031931380076
uq6yak,2022-05-15,EURO_STOXX_50,2022-05-16,forward_nontrading,Sunday,1,-0.2628928816411644
uqdqab,2022-05-15,EURO_STOXX_50,2022-05-16,forward_nontrading,Sunday,1,-0.0931720752269029
uqmo1q,2022-05-16,EURO_STOXX_50,2022-05-16,same_day,trading_day,0,-0.2227664684931583
uqvmh4,2022-05-16,EURO_STOXX_50,2022-05-16,same_day,trading_day,0,0.1581342624975185
ur00pp,2022-05-16,EURO_STOXX_50,2022-05-16,same_day,trading_day,0,-0.5554121013730764
ur1j2p,2022-05-16,EURO_STOXX_50,2022-05-16,same_day,trading_day,0,-0.4062978699803352
urblk4,2022-05-17,EURO_STOXX_50,2022-05-17,same_day,trading_day,0,-0.0541885420680046
urmjfv,2022-05-17,EURO_STOXX_50,2022-05-17,same_day,trading_day,0,-0.3299541000160388
urpi1g,2022-05-17,EURO_STOXX_50,2022-05-17,same_day,trading_day,0,0.4023630398818675
usbrd8,2022-05-18,EURO_STOXX_50,2022-05-18,same_day,trading_day,0,-0.0803753376239911
uscsh9,2022-05-18,EURO_STOXX_50,2022-05-18,same_day,trading_day,0,0.1659851896467016
usebb7,2022-05-18,EURO_STOXX_50,2022-05-18,same_day,trading_day,0,0.0351495647200328
usexv9,2022-05-18,EURO_STOXX_50,2022-05-18,same_day,trading_day,0,-0.2297057251135508
ut64k9,2022-05-19,EURO_STOXX_50,2022-05-19,same_day,trading_day,0,-0.5427464274246068
ut6bak,2022-05-19,EURO_STOXX_50,2022-05-19,same_day,trading_day,0,-0.3075675183546639
utf65p,2022-05-19,EURO_STOXX_50,2022-05-19,same_day,trading_day,0,-0.081074169371277
utjark,2022-05-20,EURO_STOXX_50,2022-05-20,same_day,trading_day,0,-0.0361062299925833
utl1iu,2022-05-20,EURO_STOXX_50,2022-05-20,same_day,trading_day,0,-0.5612631169413882
utl3f7,2022-05-20,EURO_STOXX_50,2022-05-20,same_day,trading_day,0,-0.5589216055481562
utyv5f,2022-05-20,EURO_STOXX_50,2022-05-20,same_day,trading_day,0,-0.2062042549174899
uu573v,2022-05-20,EURO_STOXX_50,2022-05-20,same_day,trading_day,0,0.3084669860079884
uubbsw,2022-05-21,EURO_STOXX_50,2022-05-23,forward_nontrading,Saturday,2,-0.0192960860739861
uutln9,2022-05-21,EURO_STOXX_50,2022-05-23,forward_nontrading,Saturday,2,-0.1147637089545076
uuwpm2,2022-05-21,EURO_STOXX_50,2022-05-23,forward_nontrading,Saturday,2,-0.3280968109611422
uv0xjv,2022-05-22,EURO_STOXX_50,2022-05-23,forward_nontrading,Sunday,1,-0.5128362877294421
uvh7ly,2022-05-22,EURO_STOXX_50,2022-05-23,forward_nontrading,Sunday,1,-0.3544974931670973
uw0mqz,2022-05-23,EURO_STOXX_50,2022-05-23,same_day,trading_day,0,0.1697204642971469
uw6d1o,2022-05-23,EURO_STOXX_50,2022-05-23,same_day,trading_day,0,-0.2228614568996887
uw7ep7,2022-05-23,EURO_STOXX_50,2022-05-23,same_day,trading_day,0,-0.4149723637383431
uwb14p,2022-05-23,EURO_STOXX_50,2022-05-23,same_day,trading_day,0,-0.4149723637383431
uwi3vs,2022-05-24,EURO_STOXX_50,2022-05-24,same_day,trading_day,0,-0.407611959730275
uwwo7k,2022-05-24,EURO_STOXX_50,2022-05-24,same_day,trading_day,0,-0.6949832611717284
uwygft,2022-05-24,EURO_STOXX_50,2022-05-24,same_day,trading_day,0,-0.2665221565826373
uxbtkb,2022-05-25,EURO_STOXX_50,2022-05-25,same_day,trading_day,0,-0.5516735721612349
uxkxcm,2022-05-25,EURO_STOXX_50,2022-05-25,same_day,trading_day,0,-0.4379538258071989
uxo44z,2022-05-25,EURO_STOXX_50,2022-05-25,same_day,trading_day,0,0.0684374775379323
uxq7os,2022-05-25,EURO_STOXX_50,2022-05-25,same_day,trading_day,0,-0.0798602582265933
uxqiop,2022-05-25,EURO_STOXX_50,2022-05-25,same_day,trading_day,0,-0.4099434149296334
uxz2bq,2022-05-26,EURO_STOXX_50,2022-05-27,forward_nontrading,weekday_nontrading,1,-0.1744366240454837
uy4wnq,2022-05-26,EURO_STOXX_50,2022-05-27,forward_nontrading,weekday_nontrading,1,-0.2404866181313991
uyc780,2022-05-26,EURO_STOXX_50,2022-05-27,forward_nontrading,weekday_nontrading,1,0.2603510461437205
uyyf4x,2022-05-27,EURO_STOXX_50,2022-05-27,same_day,trading_day,0,0.2508184419129975
uyzkok,2022-05-27,EURO_STOXX_50,2022-05-27,same_day,trading_day,0,-0.0661895534289734
uzeoht,2022-05-28,EURO_STOXX_50,2022-05-30,forward_nontrading,Saturday,2,0.3373870538004363
uzurrf,2022-05-28,EURO_STOXX_50,2022-05-30,forward_nontrading,Saturday,2,-0.304137592613697
v15w14,2022-05-30,EURO_STOXX_50,2022-05-30,same_day,trading_day,0,-0.4108094358816743
v1bcxe,2022-05-30,EURO_STOXX_50,2022-05-30,same_day,trading_day,0,0.0343659073114395
v1enh6,2022-05-31,EURO_STOXX_50,2022-05-31,same_day,trading_day,0,-0.0763182364818122
v2iiua,2022-06-01,EURO_STOXX_50,2022-06-01,same_day,trading_day,0,-0.8264521174132824
v2ijze,2022-06-01,EURO_STOXX_50,2022-06-01,same_day,trading_day,0,-0.0563044637441635
v2jv1a,2022-06-01,EURO_STOXX_50,2022-06-01,same_day,trading_day,0,-0.784915916621685
v2lp5p,2022-06-01,EURO_STOXX_50,2022-06-01,same_day,trading_day,0,-0.8855223786085844
v2weer,2022-06-02,EURO_STOXX_50,2022-06-02,same_day,trading_day,0,-0.3303843581710349
v3wcpr,2022-06-03,EURO_STOXX_50,2022-06-03,same_day,trading_day,0,0.3191741276532411
v40vr5,2022-06-03,EURO_STOXX_50,2022-06-03,same_day,trading_day,0,0.2638722288732727
v42iw9,2022-06-03,EURO_STOXX_50,2022-06-03,same_day,trading_day,0,-0.7818710468709469
v42x8z,2022-06-03,EURO_STOXX_50,2022-06-03,same_day,trading_day,0,-0.0571527684883524
v5d0sc,2022-06-05,EURO_STOXX_50,2022-06-07,forward_nontrading,Sunday,2,-0.8315608376129108
v5kf1o,2022-06-05,EURO_STOXX_50,2022-06-07,forward_nontrading,Sunday,2,0.1744380744639784
v6rjkw,2022-06-07,EURO_STOXX_50,2022-06-07,same_day,trading_day,0,-0.4230902963044012
v74jg6,2022-06-07,EURO_STOXX_50,2022-06-07,same_day,trading_day,0,0.1408045938504593
v77f8n,2022-06-07,EURO_STOXX_50,2022-06-07,same_day,trading_day,0,0.3802069270362456
v7acpd,2022-06-07,EURO_STOXX_50,2022-06-07,same_day,trading_day,0,-0.5814325887754205
v7ews7,2022-06-08,EURO_STOXX_50,2022-06-08,same_day,trading_day,0,-0.2548384155767659
v7vmz2,2022-06-08,EURO_STOXX_50,2022-06-08,same_day,trading_day,0,0.0270892679691314
v7y4tv,2022-06-08,EURO_STOXX_50,2022-06-08,same_day,trading_day,0,0.2582646368869713
v8gdu1,2022-06-09,EURO_STOXX_50,2022-06-09,same_day,trading_day,0,0.2445376920422502
v8icyc,2022-06-09,EURO_STOXX_50,2022-06-09,same_day,trading_day,0,-0.3517557419836521
v96u59,2022-06-10,EURO_STOXX_50,2022-06-10,same_day,trading_day,0,0.1088539522832199
v9ecdg,2022-06-10,EURO_STOXX_50,2022-06-10,same_day,trading_day,0,-0.6442619695709171
v9wqou,2022-06-11,EURO_STOXX_50,2022-06-13,forward_nontrading,Saturday,2,-0.0168965873553564
vae7mh,2022-06-12,EURO_STOXX_50,2022-06-13,forward_nontrading,Sunday,1,-0.0984361343266021
vammlp,2022-06-12,EURO_STOXX_50,2022-06-13,forward_nontrading,Sunday,1,-0.3921412902418524
vatj04,2022-06-12,EURO_STOXX_50,2022-06-13,forward_nontrading,Sunday,1,-0.2131640566512942
vax59e,2022-06-12,EURO_STOXX_50,2022-06-13,forward_nontrading,Sunday,1,-0.0310886966701793
vbf53f,2022-06-13,EURO_STOXX_50,2022-06-13,same_day,trading_day,0,-0.466350685375241
vbormt,2022-06-13,EURO_STOXX_50,2022-06-13,same_day,trading_day,0,-0.2028260699783762
vbx0ql,2022-06-14,EURO_STOXX_50,2022-06-14,same_day,trading_day,0,0.1081416523761369
vc6iwz,2022-06-14,EURO_STOXX_50,2022-06-14,same_day,trading_day,0,-0.0597834838554263
vccb31,2022-06-14,EURO_STOXX_50,2022-06-14,same_day,trading_day,0,-0.58298635813925
vcvvgi,2022-06-15,EURO_STOXX_50,2022-06-15,same_day,trading_day,0,-0.4221319127827883
vcxv04,2022-06-15,EURO_STOXX_50,2022-06-15,same_day,trading_day,0,-0.1308396645985982
vczwhl,2022-06-15,EURO_STOXX_50,2022-06-15,same_day,trading_day,0,-0.0087119146871069
vd04vt,2022-06-15,EURO_STOXX_50,2022-06-15,same_day,trading_day,0,0.0283972801019748
vdbzgg,2022-06-16,EURO_STOXX_50,2022-06-16,same_day,trading_day,0,-0.2486980373505503
vdn10w,2022-06-16,EURO_STOXX_50,2022-06-16,same_day,trading_day,0,0.0208022732478685
vdsmur,2022-06-16,EURO_STOXX_50,2022-06-16,same_day,trading_day,0,-0.1509149478127558
vdvlvc,2022-06-16,EURO_STOXX_50,2022-06-16,same_day,trading_day,0,-0.1448033857935418
ve9t80,2022-06-17,EURO_STOXX_50,2022-06-17,same_day,trading_day,0,0.218813471780676
ve9tve,2022-06-17,EURO_STOXX_50,2022-06-17,same_day,trading_day,0,0.2598166864934481
veo9do,2022-06-17,EURO_STOXX_50,2022-06-17,same_day,trading_day,0,-0.1060405608791953
veqeja,2022-06-17,EURO_STOXX_50,2022-06-17,same_day,trading_day,0,-0.257881465049771
veqfsu,2022-06-17,EURO_STOXX_50,2022-06-17,same_day,trading_day,0,-0.2564956544199959
vf91nw,2022-06-18,EURO_STOXX_50,2022-06-20,forward_nontrading,Saturday,2,-0.0914602555119647
vfpauj,2022-06-19,EURO_STOXX_50,2022-06-20,forward_nontrading,Sunday,1,0.1973160945344716
vg4uj3,2022-06-19,EURO_STOXX_50,2022-06-20,forward_nontrading,Sunday,1,-0.1861443259328118
vi6aui,2022-06-22,EURO_STOXX_50,2022-06-22,same_day,trading_day,0,-0.739927276968956
vi81ua,2022-06-22,EURO_STOXX_50,2022-06-22,same_day,trading_day,0,0.117493412394266
vjtnig,2022-06-24,EURO_STOXX_50,2022-06-24,same_day,trading_day,0,-0.1606637862595644
vlhlmk,2022-06-26,EURO_STOXX_50,2022-06-27,forward_nontrading,Sunday,1,-0.284455337212421
vmmkk9,2022-06-28,EURO_STOXX_50,2022-06-28,same_day,trading_day,0,-0.2776018501368954
vn92up,2022-06-29,EURO_STOXX_50,2022-06-29,same_day,trading_day,0,0.013732378800901
vnh1ap,2022-06-29,EURO_STOXX_50,2022-06-29,same_day,trading_day,0,0.1957254639755074
vo6uop,2022-06-30,EURO_STOXX_50,2022-06-30,same_day,trading_day,0,-0.1866860056761652
vo6vcx,2022-06-30,EURO_STOXX_50,2022-06-30,same_day,trading_day,0,-0.2010009936802089
vob4ov,2022-06-30,EURO_STOXX_50,2022-06-30,same_day,trading_day,0,-0.0850464558849732
vog014,2022-06-30,EURO_STOXX_50,2022-06-30,same_day,trading_day,0,-0.0533488672226667
vogv3y,2022-06-30,EURO_STOXX_50,2022-06-30,same_day,trading_day,0,-0.4886981029994786
vp0zyy,2022-07-01,EURO_STOXX_50,2022-07-01,same_day,trading_day,0,0.0139084514230489
vpn2kl,2022-07-02,EURO_STOXX_50,2022-07-04,forward_nontrading,Saturday,2,-0.4172944351099431
vruhtw,2022-07-05,EURO_STOXX_50,2022-07-05,same_day,trading_day,0,-0.0825527024201371
vt0ds2,2022-07-06,EURO_STOXX_50,2022-07-06,same_day,trading_day,0,-0.1588129400659133
vtsdsr,2022-07-07,EURO_STOXX_50,2022-07-07,same_day,trading_day,0,-0.2327244233340025
vtwmod,2022-07-07,EURO_STOXX_50,2022-07-07,same_day,trading_day,0,0.2451405839528888
vu3xn9,2022-07-08,EURO_STOXX_50,2022-07-08,same_day,trading_day,0,-0.0688479566791405
vua07v,2022-07-08,EURO_STOXX_50,2022-07-08,same_day,trading_day,0,0.0323885306565751
vua1gj,2022-07-08,EURO_STOXX_50,2022-07-08,same_day,trading_day,0,0.0314209745647233
vwax7h,2022-07-11,EURO_STOXX_50,2022-07-11,same_day,trading_day,0,-0.2577740825712681
vxi1s3,2022-07-12,EURO_STOXX_50,2022-07-12,same_day,trading_day,0,-0.2937161537951657
vxs7yz,2022-07-13,EURO_STOXX_50,2022-07-13,same_day,trading_day,0,-0.1402003186471436
vy4fe0,2022-07-13,EURO_STOXX_50,2022-07-13,same_day,trading_day,0,0.0015040586927327
vyg78j,2022-07-13,EURO_STOXX_50,2022-07-13,same_day,trading_day,0,-0.0033333592993371
vz7mdd,2022-07-14,EURO_STOXX_50,2022-07-14,same_day,trading_day,0,-0.0270901803548137
w04kjl,2022-07-16,EURO_STOXX_50,2022-07-18,forward_nontrading,Saturday,2,-0.0477391630411148
w153qf,2022-07-17,EURO_STOXX_50,2022-07-18,forward_nontrading,Sunday,1,0.0300108364317566
w1rxuk,2022-07-18,EURO_STOXX_50,2022-07-18,same_day,trading_day,0,-0.0312794141814504
w3o5e4,2022-07-20,EURO_STOXX_50,2022-07-20,same_day,trading_day,0,-0.032726688564501
w3w6bx,2022-07-20,EURO_STOXX_50,2022-07-20,same_day,trading_day,0,-0.2404859096432725
w4b8q8,2022-07-21,EURO_STOXX_50,2022-07-21,same_day,trading_day,0,-0.3156788650279244
w4tgwf,2022-07-21,EURO_STOXX_50,2022-07-21,same_day,trading_day,0,-0.0861983996712499
w5o5ah,2022-07-22,EURO_STOXX_50,2022-07-22,same_day,trading_day,0,-0.2278963278513401
w5o6gj,2022-07-22,EURO_STOXX_50,2022-07-22,same_day,trading_day,0,-0.2335437919129617
w5wu6q,2022-07-23,EURO_STOXX_50,2022-07-25,forward_nontrading,Saturday,2,-0.562960885775586
w5xpbl,2022-07-23,EURO_STOXX_50,2022-07-25,forward_nontrading,Saturday,2,-0.2180483328109538
w8fnp8,2022-07-26,EURO_STOXX_50,2022-07-26,same_day,trading_day,0,-0.0603323028023753
w8irqr,2022-07-26,EURO_STOXX_50,2022-07-26,same_day,trading_day,0,-0.1862694297929945
w8isxz,2022-07-26,EURO_STOXX_50,2022-07-26,same_day,trading_day,0,-0.1855963851922928
w8kqgh,2022-07-26,EURO_STOXX_50,2022-07-26,same_day,trading_day,0,0.1159610939212143
w8tq81,2022-07-26,EURO_STOXX_50,2022-07-26,same_day,trading_day,0,-0.389844711481904
w997on,2022-07-27,EURO_STOXX_50,2022-07-27,same_day,trading_day,0,-0.9566123425029218
w99zw1,2022-07-27,EURO_STOXX_50,2022-07-27,same_day,trading_day,0,-0.4245334336250697
w9oltk,2022-07-27,EURO_STOXX_50,2022-07-27,same_day,trading_day,0,-0.1453342288732528
w9ryz4,2022-07-27,EURO_STOXX_50,2022-07-27,same_day,trading_day,0,-0.3817623751237988
w9vq0g,2022-07-28,EURO_STOXX_50,2022-07-28,same_day,trading_day,0,-0.2807883579516783
wa75uf,2022-07-28,EURO_STOXX_50,2022-07-28,same_day,trading_day,0,0.7330555526229243
wa91h5,2022-07-28,EURO_STOXX_50,2022-07-28,same_day,trading_day,0,-0.2544927185831162
wayero,2022-07-29,EURO_STOXX_50,2022-07-29,same_day,trading_day,0,0.0334592581105729
wbbo2d,2022-07-29,EURO_STOXX_50,2022-07-29,same_day,trading_day,0,-0.3657799132168293
wbx4ie,2022-07-30,EURO_STOXX_50,2022-08-02,forward_nontrading,Saturday,3,-0.2210696805268526
wcdmw9,2022-07-31,EURO_STOXX_50,2022-08-02,forward_nontrading,Sunday,2,0.007327210432028
wd6mxt,2022-08-01,EURO_STOXX_50,2022-08-02,forward_nontrading,weekday_nontrading,1,0.0356268671651681
weab4g,2022-08-02,EURO_STOXX_50,2022-08-02,same_day,trading_day,0,-0.0358651870628818
weac3c,2022-08-02,EURO_STOXX_50,2022-08-02,same_day,trading_day,0,-0.0265435646204943
wf87z3,2022-08-03,EURO_STOXX_50,2022-08-03,same_day,trading_day,0,-0.6706674203354244
wfeyo2,2022-08-03,EURO_STOXX_50,2022-08-03,same_day,trading_day,0,-0.6084188115783036
wg125l,2022-08-04,EURO_STOXX_50,2022-08-04,same_day,trading_day,0,-0.1073271279068043
wg6ntw,2022-08-04,EURO_STOXX_50,2022-08-04,same_day,trading_day,0,-0.2937284777872264
wjm4jm,2022-08-08,EURO_STOXX_50,2022-08-08,same_day,trading_day,0,0.0473736524581909
wjmfp6,2022-08-08,EURO_STOXX_50,2022-08-08,same_day,trading_day,0,0.3161286794181381
wjzwgm,2022-08-09,EURO_STOXX_50,2022-08-09,same_day,trading_day,0,-0.1856595467155178
wk52po,2022-08-09,EURO_STOXX_50,2022-08-09,same_day,trading_day,0,0.0571564999991096
wlfavc,2022-08-11,EURO_STOXX_50,2022-08-11,same_day,trading_day,0,-0.2033321705853773
wlqinv,2022-08-11,EURO_STOXX_50,2022-08-11,same_day,trading_day,0,0.0733773482001585
wlqjit,2022-08-11,EURO_STOXX_50,2022-08-11,same_day,trading_day,0,0.084884930377532
wlqr6h,2022-08-11,EURO_STOXX_50,2022-08-11,same_day,trading_day,0,-0.1268975980735073
wls7y7,2022-08-11,EURO_STOXX_50,2022-08-11,same_day,trading_day,0,0.0278889264911413
wmhsi1,2022-08-12,EURO_STOXX_50,2022-08-12,same_day,trading_day,0,-0.1038501858711242
wmsjwj,2022-08-12,EURO_STOXX_50,2022-08-12,same_day,trading_day,0,-0.2068428197276911
wmxd6v,2022-08-12,EURO_STOXX_50,2022-08-12,same_day,trading_day,0,-0.0386404809542
wnf5ow,2022-08-13,EURO_STOXX_50,2022-08-15,forward_nontrading,Saturday,2,-0.3264235453680157
wno4yk,2022-08-13,EURO_STOXX_50,2022-08-15,forward_nontrading,Saturday,2,-0.1852796468883752
wopaz5,2022-08-15,EURO_STOXX_50,2022-08-15,same_day,trading_day,0,-0.1913824646866747
wpbszs,2022-08-15,EURO_STOXX_50,2022-08-15,same_day,trading_day,0,-0.336375702505133
wpuwri,2022-08-16,EURO_STOXX_50,2022-08-16,same_day,trading_day,0,-0.3935299634256145
wpxs96,2022-08-16,EURO_STOXX_50,2022-08-16,same_day,trading_day,0,0.0131355639839289
wrp83q,2022-08-18,EURO_STOXX_50,2022-08-18,same_day,trading_day,0,-0.2888137817231787
ws66dk,2022-08-19,EURO_STOXX_50,2022-08-19,same_day,trading_day,0,-0.1252694276567452
wtc73w,2022-08-20,EURO_STOXX_50,2022-08-22,forward_nontrading,Saturday,2,-0.1772777273416005
wvtgyd,2022-08-23,EURO_STOXX_50,2022-08-23,same_day,trading_day,0,0.0211222424087199
wvun62,2022-08-23,EURO_STOXX_50,2022-08-23,same_day,trading_day,0,-0.205167816755803
ww2nxe,2022-08-23,EURO_STOXX_50,2022-08-23,same_day,trading_day,0,0.365455066319555
wwf7qh,2022-08-24,EURO_STOXX_50,2022-08-24,same_day,trading_day,0,0.000276403215069
wxyu69,2022-08-26,EURO_STOXX_50,2022-08-26,same_day,trading_day,0,0.1067083962261676
wy2ac9,2022-08-26,EURO_STOXX_50,2022-08-26,same_day,trading_day,0,-0.0684420776863893
wy9r81,2022-08-26,EURO_STOXX_50,2022-08-26,same_day,trading_day,0,0.1115381992887705
wylc08,2022-08-26,EURO_STOXX_50,2022-08-26,same_day,trading_day,0,-0.329118438065052
wz04jd,2022-08-27,EURO_STOXX_50,2022-08-29,forward_nontrading,Saturday,2,-0.105731330153237
x087yq,2022-08-28,EURO_STOXX_50,2022-08-29,forward_nontrading,Sunday,1,-0.4059174060821533
x0orlx,2022-08-29,EURO_STOXX_50,2022-08-29,same_day,trading_day,0,-0.3973324945882747
x0qiuz,2022-08-29,EURO_STOXX_50,2022-08-29,same_day,trading_day,0,-0.0033460451628674
x0qvkz,2022-08-29,EURO_STOXX_50,2022-08-29,same_day,trading_day,0,-0.0034698846495964
x10pau,2022-08-29,EURO_STOXX_50,2022-08-29,same_day,trading_day,0,-0.1442482651521762
x13ano,2022-08-29,EURO_STOXX_50,2022-08-29,same_day,trading_day,0,-0.1414375772078832
x1dkeh,2022-08-30,EURO_STOXX_50,2022-08-30,same_day,trading_day,0,0.2676089848003661
x1jhvp,2022-08-30,EURO_STOXX_50,2022-08-30,same_day,trading_day,0,0.6280128508806229
x1s1iy,2022-08-30,EURO_STOXX_50,2022-08-30,same_day,trading_day,0,-0.1112900384200307
x2dejz,2022-08-31,EURO_STOXX_50,2022-08-31,same_day,trading_day,0,0.2306614124216139
x2gp11,2022-08-31,EURO_STOXX_50,2022-08-31,same_day,trading_day,0,-0.8708331566303968
x2gu27,2022-08-31,EURO_STOXX_50,2022-08-31,same_day,trading_day,0,-0.8708331566303968
x5auq7,2022-09-04,EURO_STOXX_50,2022-09-05,forward_nontrading,Sunday,1,-0.5432042069733143
x5usce,2022-09-04,EURO_STOXX_50,2022-09-05,forward_nontrading,Sunday,1,-0.7976572345942259
x625pv,2022-09-05,EURO_STOXX_50,2022-09-05,same_day,trading_day,0,-0.3546391079823175
x6g278,2022-09-05,EURO_STOXX_50,2022-09-05,same_day,trading_day,0,-0.0293428488075733
x6hmaw,2022-09-05,EURO_STOXX_50,2022-09-05,same_day,trading_day,0,-0.5327889484819025
x6r3eb,2022-09-05,EURO_STOXX_50,2022-09-05,same_day,trading_day,0,0.0400420692749321
x7ofcl,2022-09-06,EURO_STOXX_50,2022-09-06,same_day,trading_day,0,0.2249514636406231
x7yo4z,2022-09-07,EURO_STOXX_50,2022-09-07,same_day,trading_day,0,-0.2812793149774813
x86kia,2022-09-07,EURO_STOXX_50,2022-09-07,same_day,trading_day,0,-0.3012486893091012
x98z76,2022-09-08,EURO_STOXX_50,2022-09-08,same_day,trading_day,0,-0.6249889369122684
xa7bd9,2022-09-09,EURO_STOXX_50,2022-09-09,same_day,trading_day,0,-0.1110727451741695
xaqijc,2022-09-10,EURO_STOXX_50,2022-09-12,forward_nontrading,Saturday,2,0.4961784780025482
xc0pws,2022-09-12,EURO_STOXX_50,2022-09-12,same_day,trading_day,0,-0.1691292561590671
xd5rvk,2022-09-13,EURO_STOXX_50,2022-09-13,same_day,trading_day,0,0.0429827397431623
xd5slr,2022-09-13,EURO_STOXX_50,2022-09-13,same_day,trading_day,0,0.0110759494205315
xe9q0z,2022-09-14,EURO_STOXX_50,2022-09-14,same_day,trading_day,0,-0.2729325934778899
xeev17,2022-09-14,EURO_STOXX_50,2022-09-14,same_day,trading_day,0,-0.0447166928788647
xf2hwt,2022-09-15,EURO_STOXX_50,2022-09-15,same_day,trading_day,0,-0.1939302880523933
xfaokc,2022-09-15,EURO_STOXX_50,2022-09-15,same_day,trading_day,0,-0.0615272416522906
xfqs80,2022-09-16,EURO_STOXX_50,2022-09-16,same_day,trading_day,0,-0.2168829582165927
xg50zx,2022-09-16,EURO_STOXX_50,2022-09-16,same_day,trading_day,0,-0.2616511038931397
xg52p1,2022-09-16,EURO_STOXX_50,2022-09-16,same_day,trading_day,0,-0.261527187047371
xg68se,2022-09-16,EURO_STOXX_50,2022-09-16,same_day,trading_day,0,0.3879655278287828
xgkk6w,2022-09-17,EURO_STOXX_50,2022-09-19,forward_nontrading,Saturday,2,0.1786453046370297
xhd7uj,2022-09-18,EURO_STOXX_50,2022-09-19,forward_nontrading,Sunday,1,-0.3024933995735465
xi8skd,2022-09-19,EURO_STOXX_50,2022-09-19,same_day,trading_day,0,-0.1906324056908488
xiaflq,2022-09-19,EURO_STOXX_50,2022-09-19,same_day,trading_day,0,-0.091667149325504
xj09aa,2022-09-20,EURO_STOXX_50,2022-09-20,same_day,trading_day,0,-0.00751344114542
xjq6ay,2022-09-21,EURO_STOXX_50,2022-09-21,same_day,trading_day,0,-0.2355677378881308
xjqycr,2022-09-21,EURO_STOXX_50,2022-09-21,same_day,trading_day,0,-0.1677002515643835
xk3384,2022-09-21,EURO_STOXX_50,2022-09-21,same_day,trading_day,0,-0.0064372687081161
xk343d,2022-09-21,EURO_STOXX_50,2022-09-21,same_day,trading_day,0,-0.0165792455989867
xkjz4q,2022-09-21,EURO_STOXX_50,2022-09-21,same_day,trading_day,0,-0.452130164951086
xkp8au,2022-09-22,EURO_STOXX_50,2022-09-22,same_day,trading_day,0,-0.5430782902675371
xktixn,2022-09-22,EURO_STOXX_50,2022-09-22,same_day,trading_day,0,0.0409865230321884
xl5sd1,2022-09-22,EURO_STOXX_50,2022-09-22,same_day,trading_day,0,-0.3181730799583925
xl8s55,2022-09-22,EURO_STOXX_50,2022-09-22,same_day,trading_day,0,-0.4289838713951982
xl9gfp,2022-09-22,EURO_STOXX_50,2022-09-22,same_day,trading_day,0,-0.3853300001325184
xlou4c,2022-09-23,EURO_STOXX_50,2022-09-23,same_day,trading_day,0,-0.1124886878850785
xm09bw,2022-09-23,EURO_STOXX_50,2022-09-23,same_day,trading_day,0,-0.5797702421744664
xm2kin,2022-09-23,EURO_STOXX_50,2022-09-23,same_day,trading_day,0,-0.2454658153777321
xm5vkm,2022-09-23,EURO_STOXX_50,2022-09-23,same_day,trading_day,0,-0.1061031355594213
xm6n3t,2022-09-23,EURO_STOXX_50,2022-09-23,same_day,trading_day,0,0.0422411764922894
xmbyvk,2022-09-23,EURO_STOXX_50,2022-09-23,same_day,trading_day,0,-0.2193849831819534
xmidci,2022-09-24,EURO_STOXX_50,2022-09-26,forward_nontrading,Saturday,2,-0.3683175059723789
xn07r0,2022-09-24,EURO_STOXX_50,2022-09-26,forward_nontrading,Saturday,2,-0.3107688650488853
xnepgq,2022-09-25,EURO_STOXX_50,2022-09-26,forward_nontrading,Sunday,1,-0.2297838850257297
xny923,2022-09-25,EURO_STOXX_50,2022-09-26,forward_nontrading,Sunday,1,-0.3186861097346991
xokvft,2022-09-26,EURO_STOXX_50,2022-09-26,same_day,trading_day,0,-0.3601893012722333
xonhg5,2022-09-26,EURO_STOXX_50,2022-09-26,same_day,trading_day,0,-0.0856250175274908
xpddx4,2022-09-27,EURO_STOXX_50,2022-09-27,same_day,trading_day,0,0.1800551894638273
xpfb3u,2022-09-27,EURO_STOXX_50,2022-09-27,same_day,trading_day,0,0.0503122662194073
xpt1fy,2022-09-27,EURO_STOXX_50,2022-09-27,same_day,trading_day,0,-0.5407494109951788
xptqx0,2022-09-27,EURO_STOXX_50,2022-09-27,same_day,trading_day,0,-0.1461345828383377
xpzms6,2022-09-28,EURO_STOXX_50,2022-09-28,same_day,trading_day,0,-0.3791307850624434
xqoufo,2022-09-28,EURO_STOXX_50,2022-09-28,same_day,trading_day,0,0.1557802142989304
xqtkd7,2022-09-29,EURO_STOXX_50,2022-09-29,same_day,trading_day,0,-0.1086040550639488
xrioql,2022-09-29,EURO_STOXX_50,2022-09-29,same_day,trading_day,0,0.026803508400917
xrjost,2022-09-29,EURO_STOXX_50,2022-09-29,same_day,trading_day,0,-0.1896382185320059
xtk7lx,2022-10-02,EURO_STOXX_50,2022-10-03,forward_nontrading,Sunday,1,-0.5443514166399837
xtppnc,2022-10-02,EURO_STOXX_50,2022-10-03,forward_nontrading,Sunday,1,-0.2609572286185409
xusbuy,2022-10-03,EURO_STOXX_50,2022-10-03,same_day,trading_day,0,-0.5009794629923999
xuxxme,2022-10-03,EURO_STOXX_50,2022-10-03,same_day,trading_day,0,-0.3918108036043122
xwbgwl,2022-10-05,EURO_STOXX_50,2022-10-05,same_day,trading_day,0,-0.2498275022953748
xx6a8l,2022-10-06,EURO_STOXX_50,2022-10-06,same_day,trading_day,0,-0.1787966356720202
xxqe37,2022-10-07,EURO_STOXX_50,2022-10-07,same_day,trading_day,0,-0.930477412417531
xxxeej,2022-10-07,EURO_STOXX_50,2022-10-07,same_day,trading_day,0,0.0393797245807945
xy1xwx,2022-10-07,EURO_STOXX_50,2022-10-07,same_day,trading_day,0,-0.6261327234832079
xy5ffc,2022-10-07,EURO_STOXX_50,2022-10-07,same_day,trading_day,0,-0.2805224722251296
xz1wt9,2022-10-08,EURO_STOXX_50,2022-10-10,forward_nontrading,Saturday,2,-0.2331925908065572
xz24rt,2022-10-08,EURO_STOXX_50,2022-10-10,forward_nontrading,Saturday,2,-0.2331925908065572
y0eb69,2022-10-10,EURO_STOXX_50,2022-10-10,same_day,trading_day,0,-0.2340292601936286
y0iwsy,2022-10-10,EURO_STOXX_50,2022-10-10,same_day,trading_day,0,-0.2177888039499521
y0j72b,2022-10-10,EURO_STOXX_50,2022-10-10,same_day,trading_day,0,-0.3433509858818176
y0jtcs,2022-10-10,EURO_STOXX_50,2022-10-10,same_day,trading_day,0,-0.0094938770703533
y0z5jz,2022-10-11,EURO_STOXX_50,2022-10-11,same_day,trading_day,0,0.0154464934021234
y16zlw,2022-10-11,EURO_STOXX_50,2022-10-11,same_day,trading_day,0,-0.3792449356470671
y1814k,2022-10-11,EURO_STOXX_50,2022-10-11,same_day,trading_day,0,-0.1507241115284462
y186jh,2022-10-11,EURO_STOXX_50,2022-10-11,same_day,trading_day,0,-0.3771475087269209
y1r3ny,2022-10-12,EURO_STOXX_50,2022-10-12,same_day,trading_day,0,-0.2227277502489204
y2hbzn,2022-10-12,EURO_STOXX_50,2022-10-12,same_day,trading_day,0,-0.2998516812920571
y37a4e,2022-10-13,EURO_STOXX_50,2022-10-13,same_day,trading_day,0,-0.2454046724985043
y3owiy,2022-10-14,EURO_STOXX_50,2022-10-14,same_day,trading_day,0,-0.0457723729778081
y47uyi,2022-10-14,EURO_STOXX_50,2022-10-14,same_day,trading_day,0,-0.2430738748478082
y47vyn,2022-10-14,EURO_STOXX_50,2022-10-14,same_day,trading_day,0,-0.2427175346878357
y4jpvq,2022-10-15,EURO_STOXX_50,2022-10-17,forward_nontrading,Saturday,2,0.2231205445049064
y57or6,2022-10-16,EURO_STOXX_50,2022-10-17,forward_nontrading,Sunday,1,-0.0931979084387421
y58nk9,2022-10-16,EURO_STOXX_50,2022-10-17,forward_nontrading,Sunday,1,-0.2426603243432261
y5yngt,2022-10-17,EURO_STOXX_50,2022-10-17,same_day,trading_day,0,-0.0647007880033925
y647sd,2022-10-17,EURO_STOXX_50,2022-10-17,same_day,trading_day,0,-0.3014567550271749
y650xz,2022-10-17,EURO_STOXX_50,2022-10-17,same_day,trading_day,0,-0.0783212333917617
y67b12,2022-10-17,EURO_STOXX_50,2022-10-17,same_day,trading_day,0,-0.3290602347220887
y846gq,2022-10-19,EURO_STOXX_50,2022-10-19,same_day,trading_day,0,-0.5315480428239838
y8n58s,2022-10-20,EURO_STOXX_50,2022-10-20,same_day,trading_day,0,-0.0502232973729925
y9l9a1,2022-10-21,EURO_STOXX_50,2022-10-21,same_day,trading_day,0,-0.3223701503593474
y9xi4o,2022-10-21,EURO_STOXX_50,2022-10-21,same_day,trading_day,0,0.1947287444534869
ybcvep,2022-10-23,EURO_STOXX_50,2022-10-24,forward_nontrading,Sunday,1,-0.382944062800595
ybigmf,2022-10-23,EURO_STOXX_50,2022-10-24,forward_nontrading,Sunday,1,-0.578891524645899
ycq8jy,2022-10-24,EURO_STOXX_50,2022-10-24,same_day,trading_day,0,-0.2474506464786827
yds9sb,2022-10-26,EURO_STOXX_50,2022-10-26,same_day,trading_day,0,0.0964599382132291
ydtdh5,2022-10-26,EURO_STOXX_50,2022-10-26,same_day,trading_day,0,-0.0093801790382713
yeigcu,2022-10-27,EURO_STOXX_50,2022-10-27,same_day,trading_day,0,-0.0219297360382833
yem1oy,2022-10-27,EURO_STOXX_50,2022-10-27,same_day,trading_day,0,0.2322876905514435
yer38o,2022-10-27,EURO_STOXX_50,2022-10-27,same_day,trading_day,0,-0.0468184258788823
yfi7zb,2022-10-28,EURO_STOXX_50,2022-10-28,same_day,trading_day,0,-0.5938259602213899
ygpyfx,2022-10-29,EURO_STOXX_50,2022-10-31,forward_nontrading,Saturday,2,-0.2952263811603188
ykus4r,2022-11-03,EURO_STOXX_50,2022-11-03,same_day,trading_day,0,-0.2506923370952294
yl3l8w,2022-11-03,EURO_STOXX_50,2022-11-03,same_day,trading_day,0,-0.1743296913336962
ylxn3d,2022-11-04,EURO_STOXX_50,2022-11-04,same_day,trading_day,0,-0.0145897194743156
ym5own,2022-11-04,EURO_STOXX_50,2022-11-04,same_day,trading_day,0,0.0317403164795703
ymtsc6,2022-11-05,EURO_STOXX_50,2022-11-07,forward_nontrading,Saturday,2,0.0215109809018347
yohrg8,2022-11-07,EURO_STOXX_50,2022-11-07,same_day,trading_day,0,-0.0540674291551113
yop9sf,2022-11-07,EURO_STOXX_50,2022-11-07,same_day,trading_day,0,-0.3092928587924689
yp8avk,2022-11-08,EURO_STOXX_50,2022-11-08,same_day,trading_day,0,-0.0965008812846016
yqiur5,2022-11-09,EURO_STOXX_50,2022-11-09,same_day,trading_day,0,-0.1579487805469678
yqivot,2022-11-09,EURO_STOXX_50,2022-11-09,same_day,trading_day,0,-0.1745549805101848
yqofdt,2022-11-09,EURO_STOXX_50,2022-11-09,same_day,trading_day,0,0.1105274618691149
ysbxva,2022-11-11,EURO_STOXX_50,2022-11-11,same_day,trading_day,0,-0.2888321775050524
ysljyd,2022-11-11,EURO_STOXX_50,2022-11-11,same_day,trading_day,0,-0.3533795710653067
ywd0u1,2022-11-15,EURO_STOXX_50,2022-11-15,same_day,trading_day,0,-0.5170064245661099
ywngyo,2022-11-16,EURO_STOXX_50,2022-11-16,same_day,trading_day,0,0.4585304657618204
yx34qt,2022-11-16,EURO_STOXX_50,2022-11-16,same_day,trading_day,0,-0.8064095005393028
yxdn8w,2022-11-17,EURO_STOXX_50,2022-11-17,same_day,trading_day,0,-0.5581098413306542
z0enfb,2022-11-20,EURO_STOXX_50,2022-11-21,forward_nontrading,Sunday,1,-0.4276075737240413
z148u0,2022-11-21,EURO_STOXX_50,2022-11-21,same_day,trading_day,0,-0.2735187419457361
z1ux0t,2022-11-22,EURO_STOXX_50,2022-11-22,same_day,trading_day,0,-0.2084647560198056
z2k7ai,2022-11-23,EURO_STOXX_50,2022-11-23,same_day,trading_day,0,-0.8240314722061157
z37kbz,2022-11-24,EURO_STOXX_50,2022-11-24,same_day,trading_day,0,-0.0133081151074484
z3q1oz,2022-11-24,EURO_STOXX_50,2022-11-24,same_day,trading_day,0,-0.1607603132724762
z430qu,2022-11-25,EURO_STOXX_50,2022-11-25,same_day,trading_day,0,0.028618223555386
z4n2fo,2022-11-25,EURO_STOXX_50,2022-11-25,same_day,trading_day,0,-0.029779485927429
z4n3mw,2022-11-25,EURO_STOXX_50,2022-11-25,same_day,trading_day,0,-0.0287160004683149
z6m5j0,2022-11-28,EURO_STOXX_50,2022-11-28,same_day,trading_day,0,-0.0149482434083308
z7ktae,2022-11-29,EURO_STOXX_50,2022-11-29,same_day,trading_day,0,-0.599914163351059
z8p73c,2022-11-30,EURO_STOXX_50,2022-11-30,same_day,trading_day,0,-0.1715677729652573
z9xm3d,2022-12-01,EURO_STOXX_50,2022-12-01,same_day,trading_day,0,-0.0247369822310773
za28pi,2022-12-01,EURO_STOXX_50,2022-12-01,same_day,trading_day,0,0.0343364215352469
zadd1m,2022-12-02,EURO_STOXX_50,2022-12-02,same_day,trading_day,0,-0.1260758762394911
zdirov,2022-12-05,EURO_STOXX_50,2022-12-05,same_day,trading_day,0,-0.2812862263992428
zf1eap,2022-12-07,EURO_STOXX_50,2022-12-07,same_day,trading_day,0,-0.531085185861836
zfhki1,2022-12-07,EURO_STOXX_50,2022-12-07,same_day,trading_day,0,0.1648317818012502
zfuthk,2022-12-08,EURO_STOXX_50,2022-12-08,same_day,trading_day,0,-0.0679690217366442
zgn49v,2022-12-09,EURO_STOXX_50,2022-12-09,same_day,trading_day,0,0.1341947870329022
zjyuda,2022-12-12,EURO_STOXX_50,2022-12-12,same_day,trading_day,0,-0.2932281353595582
zkuyf1,2022-12-13,EURO_STOXX_50,2022-12-13,same_day,trading_day,0,-0.1687534099384661
zlnqp1,2022-12-14,EURO_STOXX_50,2022-12-14,same_day,trading_day,0,-0.1376361844291829
zlzaim,2022-12-14,EURO_STOXX_50,2022-12-14,same_day,trading_day,0,0.1289960685784795
zpliom,2022-12-19,EURO_STOXX_50,2022-12-19,same_day,trading_day,0,-0.945960635319352
zpnu39,2022-12-19,EURO_STOXX_50,2022-12-19,same_day,trading_day,0,-0.36232716194354
zq9hln,2022-12-20,EURO_STOXX_50,2022-12-20,same_day,trading_day,0,-0.2618218375904921
zqa6mc,2022-12-20,EURO_STOXX_50,2022-12-20,same_day,trading_day,0,-0.3885926920403209
zqnbk9,2022-12-20,EURO_STOXX_50,2022-12-20,same_day,trading_day,0,-0.1363131009042263
zqrwlc,2022-12-20,EURO_STOXX_50,2022-12-20,same_day,trading_day,0,-0.0661081367358565
zr1fek,2022-12-20,EURO_STOXX_50,2022-12-20,same_day,trading_day,0,0.1169185403268784
zrdnvg,2022-12-21,EURO_STOXX_50,2022-12-21,same_day,trading_day,0,0.1860327862086706
ztu9tn,2022-12-23,EURO_STOXX_50,2022-12-23,same_day,trading_day,0,-0.3249551742027203
zu3w1e,2022-12-24,EURO_STOXX_50,2022-12-27,forward_nontrading,Saturday,3,0.197354825027287
zwmp18,2022-12-27,EURO_STOXX_50,2022-12-27,same_day,trading_day,0,-0.196852038021792
zwqajj,2022-12-27,EURO_STOXX_50,2022-12-27,same_day,trading_day,0,0.2054645338117383
zx2ver,2022-12-28,EURO_STOXX_50,2022-12-28,same_day,trading_day,0,-0.3075760407373309
zxg4es,2022-12-28,EURO_STOXX_50,2022-12-28,same_day,trading_day,0,-0.773109020665288
zxq9wh,2022-12-29,EURO_STOXX_50,2022-12-29,same_day,trading_day,0,-0.1719869509960214
zy3zku,2022-12-29,EURO_STOXX_50,2022-12-29,same_day,trading_day,0,0.1444327905774116
zy9zie,2022-12-29,EURO_STOXX_50,2022-12-29,same_day,trading_day,0,0.1902405353534656
zya1w2,2022-12-29,EURO_STOXX_50,2022-12-29,same_day,trading_day,0,-0.6784501681104302
zybmqt,2022-12-29,EURO_STOXX_50,2022-12-29,same_day,trading_day,0,-0.074966351303165
zybn7s,2022-12-29,EURO_STOXX_50,2022-12-29,same_day,trading_day,0,-0.0742483542865661
zzj3c6,2022-12-31,EURO_STOXX_50,2023-01-03,forward_nontrading,Saturday,3,-0.2011349457199685
zzj6nf,2022-12-31,EURO_STOXX_50,2023-01-03,forward_nontrading,Saturday,3,-0.200358225152983
100tiwu,2023-01-01,EURO_STOXX_50,2023-01-03,forward_nontrading,Sunday,2,0.121536070222242
100zdqx,2023-01-02,EURO_STOXX_50,2023-01-03,forward_nontrading,weekday_nontrading,1,-0.522557697375305
10115im,2023-01-02,EURO_STOXX_50,2023-01-03,forward_nontrading,weekday_nontrading,1,-0.677092032165577
102gzlu,2023-01-03,EURO_STOXX_50,2023-01-03,same_day,trading_day,0,0.2116428878815734
102q6jd,2023-01-04,EURO_STOXX_50,2023-01-04,same_day,trading_day,0,-0.1488019259399678
103e3m0,2023-01-04,EURO_STOXX_50,2023-01-04,same_day,trading_day,0,0.0684789433415668
103qw3j,2023-01-05,EURO_STOXX_50,2023-01-05,same_day,trading_day,0,0.1281330768018961
10495lu,2023-01-05,EURO_STOXX_50,2023-01-05,same_day,trading_day,0,-0.3611411893119414
104wj1a,2023-01-06,EURO_STOXX_50,2023-01-06,same_day,trading_day,0,-0.2282530181109905
1056n99,2023-01-06,EURO_STOXX_50,2023-01-06,same_day,trading_day,0,-0.4108667219989001
105pbof,2023-01-07,EURO_STOXX_50,2023-01-09,forward_nontrading,Saturday,2,-0.2125765774566848
105pgzo,2023-01-07,EURO_STOXX_50,2023-01-09,forward_nontrading,Saturday,2,-0.2125765774566848
1066j8f,2023-01-08,EURO_STOXX_50,2023-01-09,forward_nontrading,Sunday,1,0.0895879686005034
1086tao,2023-01-10,EURO_STOXX_50,2023-01-10,same_day,trading_day,0,0.1249183421605266
10aevdq,2023-01-12,EURO_STOXX_50,2023-01-12,same_day,trading_day,0,-0.0196424699194418
10b2jkg,2023-01-13,EURO_STOXX_50,2023-01-13,same_day,trading_day,0,0.0967911008745432
10bwl48,2023-01-14,EURO_STOXX_50,2023-01-16,forward_nontrading,Saturday,2,0.0160633455961942
10cm7zf,2023-01-15,EURO_STOXX_50,2023-01-16,forward_nontrading,Sunday,1,0.0087222948670387
10e7sl2,2023-01-17,EURO_STOXX_50,2023-01-17,same_day,trading_day,0,-0.0066626914937434
10g4inp,2023-01-19,EURO_STOXX_50,2023-01-19,same_day,trading_day,0,0.3440751214669544
10gx9x0,2023-01-20,EURO_STOXX_50,2023-01-20,same_day,trading_day,0,-0.0107642111834138
10hiba5,2023-01-21,EURO_STOXX_50,2023-01-23,forward_nontrading,Saturday,2,-0.2055280181730902
10hikti,2023-01-21,EURO_STOXX_50,2023-01-23,forward_nontrading,Saturday,2,-0.1214157566428184
10iymjh,2023-01-23,EURO_STOXX_50,2023-01-23,same_day,trading_day,0,-0.0930400966412641
10izb7y,2023-01-23,EURO_STOXX_50,2023-01-23,same_day,trading_day,0,-0.092491685395891
10jcd04,2023-01-23,EURO_STOXX_50,2023-01-23,same_day,trading_day,0,-0.7433889697051861
10jg8oi,2023-01-23,EURO_STOXX_50,2023-01-23,same_day,trading_day,0,-0.3990558488294482
10lfxv6,2023-01-26,EURO_STOXX_50,2023-01-26,same_day,trading_day,0,0.2345510194078088
10otuwf,2023-01-30,EURO_STOXX_50,2023-01-30,same_day,trading_day,0,-0.0965836088118307
10oxqey,2023-01-30,EURO_STOXX_50,2023-01-30,same_day,trading_day,0,-0.4065433211405487
10r2wnp,2023-02-01,EURO_STOXX_50,2023-02-01,same_day,trading_day,0,0.0115532615800967
10rk9jt,2023-02-02,EURO_STOXX_50,2023-02-02,same_day,trading_day,0,0.0235492441803216
10rq9r6,2023-02-02,EURO_STOXX_50,2023-02-02,same_day,trading_day,0,0.0499780097355445
10s0w5l,2023-02-02,EURO_STOXX_50,2023-02-02,same_day,trading_day,0,-0.2665156454736875
10snk3z,2023-02-03,EURO_STOXX_50,2023-02-03,same_day,trading_day,0,-0.2705546126124405
10tncxa,2023-02-04,EURO_STOXX_50,2023-02-06,forward_nontrading,Saturday,2,0.3403461343167644
10tpt11,2023-02-04,EURO_STOXX_50,2023-02-06,forward_nontrading,Saturday,2,0.1900194796987555
10tv0xs,2023-02-04,EURO_STOXX_50,2023-02-06,forward_nontrading,Saturday,2,-0.144116058533431
10ugags,2023-02-05,EURO_STOXX_50,2023-02-06,forward_nontrading,Sunday,1,0.0338655449450016
10vtdxy,2023-02-07,EURO_STOXX_50,2023-02-07,same_day,trading_day,0,0.1563564913714645
10xcf5q,2023-02-08,EURO_STOXX_50,2023-02-08,same_day,trading_day,0,0.0747879296541214
10ys3z8,2023-02-10,EURO_STOXX_50,2023-02-10,same_day,trading_day,0,-0.1814225594202677
10yu9cg,2023-02-10,EURO_STOXX_50,2023-02-10,same_day,trading_day,0,-0.1444314343056508
10yxaez,2023-02-10,EURO_STOXX_50,2023-02-10,same_day,trading_day,0,0.1992548725102096
111umz0,2023-02-14,EURO_STOXX_50,2023-02-14,same_day,trading_day,0,0.034500038891565
1127hqq,2023-02-14,EURO_STOXX_50,2023-02-14,same_day,trading_day,0,0.3003935670623412
1153zih,2023-02-18,EURO_STOXX_50,2023-02-20,forward_nontrading,Saturday,2,-0.0121973137798098
115430p,2023-02-18,EURO_STOXX_50,2023-02-20,forward_nontrading,Saturday,2,-0.0120676202660737
117u8q1,2023-02-21,EURO_STOXX_50,2023-02-21,same_day,trading_day,0,0.0321142918740709
119urwu,2023-02-23,EURO_STOXX_50,2023-02-23,same_day,trading_day,0,0.0330299981869757
11a26ep,2023-02-23,EURO_STOXX_50,2023-02-23,same_day,trading_day,0,0.0330299981869757
11a2dbz,2023-02-23,EURO_STOXX_50,2023-02-23,same_day,trading_day,0,0.0407892361815486
11aj6fo,2023-02-24,EURO_STOXX_50,2023-02-24,same_day,trading_day,0,0.3548270964529365
11b1tyi,2023-02-24,EURO_STOXX_50,2023-02-24,same_day,trading_day,0,0.1891051694595565
11bey8f,2023-02-25,EURO_STOXX_50,2023-02-27,forward_nontrading,Saturday,2,0.1713753748529901
11bnukt,2023-02-25,EURO_STOXX_50,2023-02-27,forward_nontrading,Saturday,2,-0.7548857498914003
11cf6bl,2023-02-26,EURO_STOXX_50,2023-02-27,forward_nontrading,Sunday,1,-0.2330133877694606
11cipii,2023-02-26,EURO_STOXX_50,2023-02-27,forward_nontrading,Sunday,1,-0.5700519410893321
11crin1,2023-02-26,EURO_STOXX_50,2023-02-27,forward_nontrading,Sunday,1,-0.152702784553791
11ei39o,2023-02-28,EURO_STOXX_50,2023-02-28,same_day,trading_day,0,0.2662163324033221
11eq5zq,2023-03-01,EURO_STOXX_50,2023-03-01,same_day,trading_day,0,-0.2116337614980611
11fbxaz,2023-03-01,EURO_STOXX_50,2023-03-01,same_day,trading_day,0,0.3826881597439447
11fysi4,2023-03-02,EURO_STOXX_50,2023-03-02,same_day,trading_day,0,-0.0690618510214755
11g4vz6,2023-03-02,EURO_STOXX_50,2023-03-02,same_day,trading_day,0,-0.0351851098239421
11gb9vz,2023-03-02,EURO_STOXX_50,2023-03-02,same_day,trading_day,0,-0.1264970347967366
11jxogv,2023-03-06,EURO_STOXX_50,2023-03-06,same_day,trading_day,0,0.1925216279178858
11lwouc,2023-03-08,EURO_STOXX_50,2023-03-08,same_day,trading_day,0,0.1359836865216493
11mj1ed,2023-03-09,EURO_STOXX_50,2023-03-09,same_day,trading_day,0,-0.056853485526517
11oz0xw,2023-03-11,EURO_STOXX_50,2023-03-13,forward_nontrading,Saturday,2,0.0559510972679537
11p1thp,2023-03-12,EURO_STOXX_50,2023-03-13,forward_nontrading,Sunday,1,0.0429703860438235
11p1txq,2023-03-12,EURO_STOXX_50,2023-03-13,forward_nontrading,Sunday,1,0.0432421496260981
11p1uce,2023-03-12,EURO_STOXX_50,2023-03-13,forward_nontrading,Sunday,1,0.0433281931481412
11prsna,2023-03-12,EURO_STOXX_50,2023-03-13,forward_nontrading,Sunday,1,0.3532022224940561
11qb56b,2023-03-13,EURO_STOXX_50,2023-03-13,same_day,trading_day,0,-0.1879612215794623
11ra618,2023-03-14,EURO_STOXX_50,2023-03-14,same_day,trading_day,0,0.097418331674167
11ruxxa,2023-03-15,EURO_STOXX_50,2023-03-15,same_day,trading_day,0,-0.0770474223271859
11u57ns,2023-03-17,EURO_STOXX_50,2023-03-17,same_day,trading_day,0,-0.0819208206802917
11u58uo,2023-03-17,EURO_STOXX_50,2023-03-17,same_day,trading_day,0,-0.0817853493654789
11wxg63,2023-03-20,EURO_STOXX_50,2023-03-20,same_day,trading_day,0,-0.3963108696043491
11xdhtd,2023-03-21,EURO_STOXX_50,2023-03-21,same_day,trading_day,0,-0.171493243864354
11yrbvs,2023-03-22,EURO_STOXX_50,2023-03-22,same_day,trading_day,0,-0.0457217717045095
11yzi2q,2023-03-22,EURO_STOXX_50,2023-03-22,same_day,trading_day,0,-0.128985627554357
11z6z43,2023-03-23,EURO_STOXX_50,2023-03-23,same_day,trading_day,0,-0.228033909574151
1202ore,2023-03-24,EURO_STOXX_50,2023-03-24,same_day,trading_day,0,-0.1795718491077423
123koae,2023-03-27,EURO_STOXX_50,2023-03-27,same_day,trading_day,0,-0.0771783721167594
123pl5u,2023-03-27,EURO_STOXX_50,2023-03-27,same_day,trading_day,0,0.1210408743442685
124bp04,2023-03-28,EURO_STOXX_50,2023-03-28,same_day,trading_day,0,0.079732039264248
124it5w,2023-03-28,EURO_STOXX_50,2023-03-28,same_day,trading_day,0,-0.0959122590720653
124u7iu,2023-03-28,EURO_STOXX_50,2023-03-28,same_day,trading_day,0,-0.0955738145858049
125y1ot,2023-03-29,EURO_STOXX_50,2023-03-29,same_day,trading_day,0,-0.2036611900304354
1264p3d,2023-03-29,EURO_STOXX_50,2023-03-29,same_day,trading_day,0,0.1857669507153332
126i75o,2023-03-30,EURO_STOXX_50,2023-03-30,same_day,trading_day,0,-0.278330366127193
127tvj5,2023-03-31,EURO_STOXX_50,2023-03-31,same_day,trading_day,0,0.3322614731195454
1280ssr,2023-03-31,EURO_STOXX_50,2023-03-31,same_day,trading_day,0,0.1205079513834789
1280uii,2023-03-31,EURO_STOXX_50,2023-03-31,same_day,trading_day,0,0.1206327855431785
129pcf4,2023-04-02,EURO_STOXX_50,2023-04-03,forward_nontrading,Sunday,1,-0.3953269227572223
12atjko,2023-04-03,EURO_STOXX_50,2023-04-03,same_day,trading_day,0,-0.104358083801344
12ckvvi,2023-04-05,EURO_STOXX_50,2023-04-05,same_day,trading_day,0,-0.4977037534117698
12cl264,2023-04-05,EURO_STOXX_50,2023-04-05,same_day,trading_day,0,-0.1129498409314288
12cmumr,2023-04-05,EURO_STOXX_50,2023-04-05,same_day,trading_day,0,-0.1060549431131221
12dmref,2023-04-06,EURO_STOXX_50,2023-04-06,same_day,trading_day,0,-0.0065286355939778
12dyyow,2023-04-06,EURO_STOXX_50,2023-04-06,same_day,trading_day,0,-0.1632551152530747
12dyzv4,2023-04-06,EURO_STOXX_50,2023-04-06,same_day,trading_day,0,-0.1631372242971944
12hzieb,2023-04-10,EURO_STOXX_50,2023-04-11,forward_nontrading,weekday_nontrading,1,-0.1191020049154758
12icmuo,2023-04-11,EURO_STOXX_50,2023-04-11,same_day,trading_day,0,0.0427040085196495
12impun,2023-04-11,EURO_STOXX_50,2023-04-11,same_day,trading_day,0,0.0557609296270779
12p7qxu,2023-04-17,EURO_STOXX_50,2023-04-17,same_day,trading_day,0,-0.2197170932353897
12qa5qi,2023-04-18,EURO_STOXX_50,2023-04-18,same_day,trading_day,0,0.493183320787336
12tka4i,2023-04-21,EURO_STOXX_50,2023-04-21,same_day,trading_day,0,0.0433419564609774
12uq8dv,2023-04-22,EURO_STOXX_50,2023-04-24,forward_nontrading,Saturday,2,-0.5175497743766755
12xk4l1,2023-04-24,EURO_STOXX_50,2023-04-24,same_day,trading_day,0,-0.369128381445383
12ydo0n,2023-04-25,EURO_STOXX_50,2023-04-25,same_day,trading_day,0,-0.2058168148378963
12yucwt,2023-04-25,EURO_STOXX_50,2023-04-25,same_day,trading_day,0,0.3036483480698532
137j2kz,2023-05-04,EURO_STOXX_50,2023-05-04,same_day,trading_day,0,0.1577139691573878
137zuhm,2023-05-04,EURO_STOXX_50,2023-05-04,same_day,trading_day,0,-0.2923136870376766
13c8296,2023-05-08,EURO_STOXX_50,2023-05-08,same_day,trading_day,0,-0.0312025044113397
13eaiea,2023-05-11,EURO_STOXX_50,2023-05-11,same_day,trading_day,0,0.0182612424039027
13eo757,2023-05-11,EURO_STOXX_50,2023-05-11,same_day,trading_day,0,-0.2309907138347625
13nahkt,2023-05-20,EURO_STOXX_50,2023-05-22,forward_nontrading,Saturday,2,0.0092573702678014
13nymsl,2023-05-21,EURO_STOXX_50,2023-05-22,forward_nontrading,Sunday,1,-0.0485098958015441
13suecd,2023-05-27,EURO_STOXX_50,2023-05-30,forward_nontrading,Saturday,3,0.0638628988177515
13vo4x8,2023-05-30,EURO_STOXX_50,2023-05-30,same_day,trading_day,0,0.2610121816038512
141k23n,2023-06-05,EURO_STOXX_50,2023-06-05,same_day,trading_day,0,0.0620360054142241
1453tou,2023-06-09,EURO_STOXX_50,2023-06-09,same_day,trading_day,0,-0.0022429072298109
145j8ns,2023-06-09,EURO_STOXX_50,2023-06-09,same_day,trading_day,0,0.5354521604254842
14aiafv,2023-06-16,EURO_STOXX_50,2023-06-16,same_day,trading_day,0,-0.1232856052617231
14dv2wx,2023-06-20,EURO_STOXX_50,2023-06-20,same_day,trading_day,0,-0.9383652526885272
14e7eyk,2023-06-20,EURO_STOXX_50,2023-06-20,same_day,trading_day,0,0.3036587439011782
14ewega,2023-06-21,EURO_STOXX_50,2023-06-21,same_day,trading_day,0,-0.0470925156426217
14fva3u,2023-06-22,EURO_STOXX_50,2023-06-22,same_day,trading_day,0,0.0099977701902389
14hkamk,2023-06-24,EURO_STOXX_50,2023-06-26,forward_nontrading,Saturday,2,0.0890963794663548
14jdsdo,2023-06-26,EURO_STOXX_50,2023-06-26,same_day,trading_day,0,-0.191293217241764
14jgjal,2023-06-26,EURO_STOXX_50,2023-06-26,same_day,trading_day,0,-0.191293217241764
14jgk7l,2023-06-26,EURO_STOXX_50,2023-06-26,same_day,trading_day,0,-0.191293217241764
14jjskr,2023-06-26,EURO_STOXX_50,2023-06-26,same_day,trading_day,0,-0.123435795137828
14n07ob,2023-06-30,EURO_STOXX_50,2023-06-30,same_day,trading_day,0,0.112241862147736
14qrdfg,2023-07-04,EURO_STOXX_50,2023-07-04,same_day,trading_day,0,0.1431198721441129
14rcggb,2023-07-05,EURO_STOXX_50,2023-07-05,same_day,trading_day,0,-0.0791420463550215
14rcgki,2023-07-05,EURO_STOXX_50,2023-07-05,same_day,trading_day,0,-0.0754044511122629
14t6uyb,2023-07-07,EURO_STOXX_50,2023-07-07,same_day,trading_day,0,-0.0156230740249156
14teoul,2023-07-07,EURO_STOXX_50,2023-07-07,same_day,trading_day,0,-0.1905231258521477
14th4q1,2023-07-07,EURO_STOXX_50,2023-07-07,same_day,trading_day,0,-0.191334567964077
14xjkol,2023-07-12,EURO_STOXX_50,2023-07-12,same_day,trading_day,0,-0.2290129951705845
14zskrk,2023-07-14,EURO_STOXX_50,2023-07-14,same_day,trading_day,0,-0.0625002164083222
15082sb,2023-07-15,EURO_STOXX_50,2023-07-17,forward_nontrading,Saturday,2,-0.0260168847162276
150ufum,2023-07-16,EURO_STOXX_50,2023-07-17,forward_nontrading,Sunday,1,-0.0710544135155422
1521i5v,2023-07-17,EURO_STOXX_50,2023-07-17,same_day,trading_day,0,-0.260754128471397
155izzq,2023-07-21,EURO_STOXX_50,2023-07-21,same_day,trading_day,0,0.3406053677744542
15bij5f,2023-07-28,EURO_STOXX_50,2023-07-28,same_day,trading_day,0,-0.1203486331924796
15bijxx,2023-07-28,EURO_STOXX_50,2023-07-28,same_day,trading_day,0,-0.1208150774613023
15c9eip,2023-07-28,EURO_STOXX_50,2023-07-28,same_day,trading_day,0,-0.0381228782081355
15d3255,2023-07-29,EURO_STOXX_50,2023-07-31,forward_nontrading,Saturday,2,-0.0437603215686976
15f5lcb,2023-08-01,EURO_STOXX_50,2023-08-02,forward_nontrading,weekday_nontrading,1,0.2367315962910652
15h5ay6,2023-08-03,EURO_STOXX_50,2023-08-03,same_day,trading_day,0,-0.2474000724879178
15m7ngy,2023-08-09,EURO_STOXX_50,2023-08-09,same_day,trading_day,0,-0.1408762919406096
15mezrv,2023-08-09,EURO_STOXX_50,2023-08-09,same_day,trading_day,0,-0.289583949993054
15nek5k,2023-08-10,EURO_STOXX_50,2023-08-10,same_day,trading_day,0,0.0018947390781249
15nv1g6,2023-08-11,EURO_STOXX_50,2023-08-11,same_day,trading_day,0,-0.052567837643437
15oc2b0,2023-08-11,EURO_STOXX_50,2023-08-11,same_day,trading_day,0,0.3252252105157822
15qj3rr,2023-08-14,EURO_STOXX_50,2023-08-14,same_day,trading_day,0,0.0930937398225069
15qqc0p,2023-08-14,EURO_STOXX_50,2023-08-14,same_day,trading_day,0,0.3163555370022853
15sqnly,2023-08-16,EURO_STOXX_50,2023-08-16,same_day,trading_day,0,0.0752178244292736
15t69d3,2023-08-16,EURO_STOXX_50,2023-08-16,same_day,trading_day,0,-0.0857571568340063
15t6at1,2023-08-16,EURO_STOXX_50,2023-08-16,same_day,trading_day,0,-0.0857571568340063
15tu6kq,2023-08-17,EURO_STOXX_50,2023-08-17,same_day,trading_day,0,-0.3099776373377867
15w6l0p,2023-08-20,EURO_STOXX_50,2023-08-21,forward_nontrading,Sunday,1,-0.1887021688744425
15zzmoe,2023-08-24,EURO_STOXX_50,2023-08-24,same_day,trading_day,0,0.0482773279978169
160ux70,2023-08-25,EURO_STOXX_50,2023-08-25,same_day,trading_day,0,-0.1870503999778757
162z3ak,2023-08-27,EURO_STOXX_50,2023-08-28,forward_nontrading,Sunday,1,0.4777652211487293
163o0x6,2023-08-28,EURO_STOXX_50,2023-08-28,same_day,trading_day,0,-0.0168210170813836
16477ar,2023-08-29,EURO_STOXX_50,2023-08-29,same_day,trading_day,0,-0.2473272336288713
1652pk2,2023-08-30,EURO_STOXX_50,2023-08-30,same_day,trading_day,0,-0.1408092655862371
165no25,2023-08-30,EURO_STOXX_50,2023-08-30,same_day,trading_day,0,-0.1703659216873347
168co3h,2023-09-02,EURO_STOXX_50,2023-09-04,forward_nontrading,Saturday,2,0.0667273174816121
168sy3g,2023-09-03,EURO_STOXX_50,2023-09-04,forward_nontrading,Sunday,1,0.1780764318204351
16bg0gg,2023-09-06,EURO_STOXX_50,2023-09-06,same_day,trading_day,0,0.1660856882420679
16dksyo,2023-09-08,EURO_STOXX_50,2023-09-08,same_day,trading_day,0,-0.7698657233268023
16gwy4v,2023-09-12,EURO_STOXX_50,2023-09-12,same_day,trading_day,0,0.1086121164705781
16l73yj,2023-09-17,EURO_STOXX_50,2023-09-18,forward_nontrading,Sunday,1,-0.3056006290018558
16me7z3,2023-09-19,EURO_STOXX_50,2023-09-19,same_day,trading_day,0,-0.1645086444914341
16r3aqd,2023-09-24,EURO_STOXX_50,2023-09-25,forward_nontrading,Sunday,1,-0.2287221658974886
16r5q7y,2023-09-24,EURO_STOXX_50,2023-09-25,forward_nontrading,Sunday,1,-0.0299478458861509
16ss6sv,2023-09-26,EURO_STOXX_50,2023-09-26,same_day,trading_day,0,-0.065241806829969
170i6pl,2023-10-05,EURO_STOXX_50,2023-10-05,same_day,trading_day,0,0.1489973021408831
1729yhj,2023-10-07,EURO_STOXX_50,2023-10-09,forward_nontrading,Saturday,2,-0.0639841681854291
1736kte,2023-10-08,EURO_STOXX_50,2023-10-09,forward_nontrading,Sunday,1,-0.1862765112891793
173kq3w,2023-10-09,EURO_STOXX_50,2023-10-09,same_day,trading_day,0,0.1108875953788427
173y8qf,2023-10-09,EURO_STOXX_50,2023-10-09,same_day,trading_day,0,0.0050473004579544
174g82u,2023-10-10,EURO_STOXX_50,2023-10-10,same_day,trading_day,0,0.1163206468336284
176vppb,2023-10-13,EURO_STOXX_50,2023-10-13,same_day,trading_day,0,-0.1592902539830122
176wu9f,2023-10-13,EURO_STOXX_50,2023-10-13,same_day,trading_day,0,-0.1256762226733068
17a6v24,2023-10-17,EURO_STOXX_50,2023-10-17,same_day,trading_day,0,-0.0355782012920826
17bwq5a,2023-10-19,EURO_STOXX_50,2023-10-19,same_day,trading_day,0,-0.4011939340271055
17duk0z,2023-10-22,EURO_STOXX_50,2023-10-23,forward_nontrading,Sunday,1,0.397772974525155
17e5io5,2023-10-22,EURO_STOXX_50,2023-10-23,forward_nontrading,Sunday,1,-0.2172879405530556
17em12b,2023-10-23,EURO_STOXX_50,2023-10-23,same_day,trading_day,0,-0.0324201607145369
17hrlq0,2023-10-27,EURO_STOXX_50,2023-10-27,same_day,trading_day,0,-0.2426666770285616
17izo63,2023-10-29,EURO_STOXX_50,2023-10-30,forward_nontrading,Sunday,1,0.0425187414512038
17jbivb,2023-10-29,EURO_STOXX_50,2023-10-30,forward_nontrading,Sunday,1,0.3277862883658837
17s3phw,2023-11-10,EURO_STOXX_50,2023-11-10,same_day,trading_day,0,-0.0837925286032259
17s3qo9,2023-11-10,EURO_STOXX_50,2023-11-10,same_day,trading_day,0,-0.0837925286032259
17t0uun,2023-11-11,EURO_STOXX_50,2023-11-13,forward_nontrading,Saturday,2,0.0330773213257392
186oiiz,2023-11-29,EURO_STOXX_50,2023-11-29,same_day,trading_day,0,0.2051608715182504
1896uwa,2023-12-02,EURO_STOXX_50,2023-12-04,forward_nontrading,Saturday,2,-0.3315662530561288
18a09bh,2023-12-03,EURO_STOXX_50,2023-12-04,forward_nontrading,Sunday,1,-0.3069328176194524
18aom4f,2023-12-04,EURO_STOXX_50,2023-12-04,same_day,trading_day,0,-0.2241238669957965
18aqnui,2023-12-04,EURO_STOXX_50,2023-12-04,same_day,trading_day,0,0.23913309792988
18i16l1,2023-12-14,EURO_STOXX_50,2023-12-14,same_day,trading_day,0,-0.2285176933122177
18iskvy,2023-12-15,EURO_STOXX_50,2023-12-15,same_day,trading_day,0,-0.1636869851499796
18ktdx6,2023-12-17,EURO_STOXX_50,2023-12-18,forward_nontrading,Sunday,1,0.0035785702792437
18l7r7t,2023-12-18,EURO_STOXX_50,2023-12-18,same_day,trading_day,0,-0.0782859109499505
18l7tw8,2023-12-18,EURO_STOXX_50,2023-12-18,same_day,trading_day,0,-0.076972127986559
18l7zzv,2023-12-18,EURO_STOXX_50,2023-12-18,same_day,trading_day,0,-0.076047361963361
18m4mpu,2023-12-19,EURO_STOXX_50,2023-12-19,same_day,trading_day,0,0.0615115707643844
18oyw5m,2023-12-23,EURO_STOXX_50,2023-12-27,forward_nontrading,Saturday,4,0.0300380232511088
18qjlzb,2023-12-25,EURO_STOXX_50,2023-12-27,forward_nontrading,weekday_nontrading,2,-0.0870081674307584
18qncu3,2023-12-25,EURO_STOXX_50,2023-12-27,forward_nontrading,weekday_nontrading,2,-0.0803233602782711
18qw6u1,2023-12-26,EURO_STOXX_50,2023-12-27,forward_nontrading,weekday_nontrading,1,0.2339442360892215
18r7oag,2023-12-26,EURO_STOXX_50,2023-12-27,forward_nontrading,weekday_nontrading,1,-0.0750342281535267
18r7sjd,2023-12-26,EURO_STOXX_50,2023-12-27,forward_nontrading,weekday_nontrading,1,-0.0976908226780917
18tnoks,2023-12-29,EURO_STOXX_50,2023-12-29,same_day,trading_day,0,0.0048189260664263
18tnu9o,2023-12-29,EURO_STOXX_50,2023-12-29,same_day,trading_day,0,0.005321566082005
18u0u37,2023-12-29,EURO_STOXX_50,2023-12-29,same_day,trading_day,0,0.1074848724529147
kpjvhs,2021-01-03,DAX,2021-01-04,forward_nontrading,Sunday,1,0.0267215295613784
kspxe3,2021-01-07,DAX,2021-01-07,same_day,trading_day,0,0.336831514001824
kt6slu,2021-01-08,DAX,2021-01-08,same_day,trading_day,0,0.0052259086320797
kzggfz,2021-01-17,DAX,2021-01-18,forward_nontrading,Sunday,1,-0.0028282188706927
kzzabs,2021-01-18,DAX,2021-01-18,same_day,trading_day,0,-0.0046202760870353
l1udjk,2021-01-21,DAX,2021-01-21,same_day,trading_day,0,0.3381085558561608
l45p5x,2021-01-24,DAX,2021-01-25,forward_nontrading,Sunday,1,-0.0964394633968671
la7g07,2021-02-01,DAX,2021-02-01,same_day,trading_day,0,0.0621185224425668
lamya4,2021-02-02,DAX,2021-02-02,same_day,trading_day,0,-0.2356191715225577
lcdbmq,2021-02-04,DAX,2021-02-04,same_day,trading_day,0,0.0954588307067751
lcduke,2021-02-04,DAX,2021-02-04,same_day,trading_day,0,0.1182091679625414
ld2r3o,2021-02-05,DAX,2021-02-05,same_day,trading_day,0,0.1878617819165811
ld4dpg,2021-02-05,DAX,2021-02-05,same_day,trading_day,0,0.0132020310740227
ldgc85,2021-02-05,DAX,2021-02-05,same_day,trading_day,0,0.2229313809735079
lgyv2v,2021-02-10,DAX,2021-02-10,same_day,trading_day,0,-0.0562053024768829
li0rpg,2021-02-12,DAX,2021-02-12,same_day,trading_day,0,0.0720571026361236
li0sz1,2021-02-12,DAX,2021-02-12,same_day,trading_day,0,0.0720571026361236
ljtc9i,2021-02-14,DAX,2021-02-15,forward_nontrading,Sunday,1,-0.011074599106038
lk475o,2021-02-15,DAX,2021-02-15,same_day,trading_day,0,0.0650974407947311
lkuu1v,2021-02-16,DAX,2021-02-16,same_day,trading_day,0,0.1190315158067581
llb0bs,2021-02-16,DAX,2021-02-16,same_day,trading_day,0,0.0219851228608084
lmb8jc,2021-02-18,DAX,2021-02-18,same_day,trading_day,0,0.3765704035633117
ln5gd5,2021-02-19,DAX,2021-02-19,same_day,trading_day,0,-0.135077327877904
lrclcc,2021-02-24,DAX,2021-02-24,same_day,trading_day,0,-0.2145538447158677
lyjaja,2021-03-05,DAX,2021-03-05,same_day,trading_day,0,0.0442173663953629
mfbyli,2021-03-28,DAX,2021-03-29,forward_nontrading,Sunday,1,0.0891614629093695
mfxofg,2021-03-29,DAX,2021-03-29,same_day,trading_day,0,-0.1131788973189607
mfxp8v,2021-03-29,DAX,2021-03-29,same_day,trading_day,0,-0.1131788973189607
mi5ox3,2021-04-01,DAX,2021-04-01,same_day,trading_day,0,-0.8755818214267492
mnurtq,2021-04-10,DAX,2021-04-12,forward_nontrading,Saturday,2,-0.0680343858336775
mnxqjx,2021-04-10,DAX,2021-04-12,forward_nontrading,Saturday,2,-0.0510738417506217
mpfnps,2021-04-12,DAX,2021-04-12,same_day,trading_day,0,-0.4232758227735758
mpfpx5,2021-04-12,DAX,2021-04-12,same_day,trading_day,0,-0.4232758227735758
mq36w5,2021-04-13,DAX,2021-04-13,same_day,trading_day,0,-0.3606886565685272
muvjjo,2021-04-20,DAX,2021-04-20,same_day,trading_day,0,-0.4864287902601063
n1cy2n,2021-04-29,DAX,2021-04-29,same_day,trading_day,0,0.2265998545501913
n1z2fv,2021-04-30,DAX,2021-04-30,same_day,trading_day,0,0.4511383918627184
n93q2k,2021-05-10,DAX,2021-05-10,same_day,trading_day,0,-0.0704615110797541
ngsgcn,2021-05-20,DAX,2021-05-20,same_day,trading_day,0,-0.0436379287253927
nizpwz,2021-05-23,DAX,2021-05-25,forward_nontrading,Sunday,2,-0.0405759594092766
nnn1og,2021-05-29,DAX,2021-05-31,forward_nontrading,Saturday,2,0.3219933239195277
nnoiu1,2021-05-29,DAX,2021-05-31,forward_nontrading,Saturday,2,0.3213525738786248
npxkx3,2021-06-01,DAX,2021-06-01,same_day,trading_day,0,-0.1130787700298242
nv2huz,2021-06-08,DAX,2021-06-08,same_day,trading_day,0,-0.6186492309960372
nxsjq7,2021-06-11,DAX,2021-06-11,same_day,trading_day,0,-0.0930302407398509
nxskls,2021-06-11,DAX,2021-06-11,same_day,trading_day,0,-0.0929418488832501
o0mwiu,2021-06-15,DAX,2021-06-15,same_day,trading_day,0,0.0119175954129208
o9sk5d,2021-06-28,DAX,2021-06-28,same_day,trading_day,0,0.1778556299085418
obh4gv,2021-07-01,DAX,2021-07-01,same_day,trading_day,0,-0.1482347610704216
od5uhw,2021-07-03,DAX,2021-07-05,forward_nontrading,Saturday,2,-0.1353878768902548
oiyn90,2021-07-12,DAX,2021-07-12,same_day,trading_day,0,-0.017736879975668
oiyobv,2021-07-12,DAX,2021-07-12,same_day,trading_day,0,-0.0638810110588868
oqe9r3,2021-07-23,DAX,2021-07-23,same_day,trading_day,0,-0.1634111651607478
oqeadg,2021-07-23,DAX,2021-07-23,same_day,trading_day,0,-0.1635051328145588
ou2ht3,2021-07-29,DAX,2021-07-29,same_day,trading_day,0,0.1576086122387399
ouyk6c,2021-07-31,DAX,2021-08-02,forward_nontrading,Saturday,2,-0.1259907276796487
ouykv9,2021-07-31,DAX,2021-08-02,forward_nontrading,Saturday,2,-0.1259010202057349
pc3h3m,2021-08-26,DAX,2021-08-26,same_day,trading_day,0,-0.2197948857778456
pl5mt1,2021-09-09,DAX,2021-09-09,same_day,trading_day,0,0.1649852681818396
pl5nmj,2021-09-09,DAX,2021-09-09,same_day,trading_day,0,0.1649852681818396
pltxcf,2021-09-10,DAX,2021-09-10,same_day,trading_day,0,0.0074879329636572
pltxl5,2021-09-10,DAX,2021-09-10,same_day,trading_day,0,0.0070344487006669
prztls,2021-09-20,DAX,2021-09-20,same_day,trading_day,0,-0.2479507087596825
pv6k8t,2021-09-25,DAX,2021-09-27,forward_nontrading,Saturday,2,-0.1622834741310388
pzjk2y,2021-10-01,DAX,2021-10-01,same_day,trading_day,0,-0.1251131043109732
pzjkyw,2021-10-01,DAX,2021-10-01,same_day,trading_day,0,-0.1262649265467189
q0gvxi,2021-10-03,DAX,2021-10-04,forward_nontrading,Sunday,1,0.9095829371362923
q1y452,2021-10-05,DAX,2021-10-05,same_day,trading_day,0,0.1851781075820326
q6vnlh,2021-10-12,DAX,2021-10-12,same_day,trading_day,0,-0.1208607148379087
quks48,2021-11-15,DAX,2021-11-15,same_day,trading_day,0,-0.0438211852345954
qvi2d8,2021-11-16,DAX,2021-11-16,same_day,trading_day,0,0.0010791712750991
r0dk0r,2021-11-23,DAX,2021-11-23,same_day,trading_day,0,-0.2726633501505213
r1643r,2021-11-24,DAX,2021-11-24,same_day,trading_day,0,-0.0973020749937357
r6o8i1,2021-12-01,DAX,2021-12-01,same_day,trading_day,0,-0.2157598350729261
rbrrls,2021-12-08,DAX,2021-12-08,same_day,trading_day,0,-0.2193974333653307
rdcr0o,2021-12-10,DAX,2021-12-10,same_day,trading_day,0,0.0083904713392257
rf06a5,2021-12-12,DAX,2021-12-13,forward_nontrading,Sunday,1,-0.0384176783263683
rffzwj,2021-12-13,DAX,2021-12-13,same_day,trading_day,0,-0.1199829927867367
rh9r5u,2021-12-15,DAX,2021-12-15,same_day,trading_day,0,0.2563302479943053
rm21sg,2021-12-22,DAX,2021-12-22,same_day,trading_day,0,-0.0566721875220537
rmvjyr,2021-12-23,DAX,2021-12-23,same_day,trading_day,0,-0.1804212760180235
rr8mmm,2021-12-29,DAX,2021-12-29,same_day,trading_day,0,0.0725156337241915
rstzza,2021-12-31,DAX,2022-01-03,forward_nontrading,weekday_nontrading,3,-0.1856924097886995
rv1t6f,2022-01-03,DAX,2022-01-03,same_day,trading_day,0,-0.0338769379410553
s0jkuu,2022-01-10,DAX,2022-01-10,same_day,trading_day,0,0.0026789637105095
s1cqnd,2022-01-11,DAX,2022-01-11,same_day,trading_day,0,-0.0145441192601408
s2dle3,2022-01-12,DAX,2022-01-12,same_day,trading_day,0,-0.2758415777236223
s3sdc9,2022-01-14,DAX,2022-01-14,same_day,trading_day,0,-0.3340867477883067
s4mzeq,2022-01-15,DAX,2022-01-17,forward_nontrading,Saturday,2,0.0499944407492876
s5jx2k,2022-01-16,DAX,2022-01-17,forward_nontrading,Sunday,1,-0.3051459062844515
s6gs28,2022-01-17,DAX,2022-01-17,same_day,trading_day,0,0.173132107264417
s6vcjw,2022-01-18,DAX,2022-01-18,same_day,trading_day,0,0.0494123771786689
s7uvtg,2022-01-19,DAX,2022-01-19,same_day,trading_day,0,-0.1601333580911159
s89ffn,2022-01-20,DAX,2022-01-20,same_day,trading_day,0,0.1893704280082602
s8ixn4,2022-01-20,DAX,2022-01-20,same_day,trading_day,0,0.0048856386228611
s8lqnd,2022-01-20,DAX,2022-01-20,same_day,trading_day,0,-0.0540425274521112
s8q7k8,2022-01-20,DAX,2022-01-20,same_day,trading_day,0,-0.2869238220155239
s8r22u,2022-01-20,DAX,2022-01-20,same_day,trading_day,0,0.0120285751298069
s930ds,2022-01-21,DAX,2022-01-21,same_day,trading_day,0,-0.0706563759595155
s94z2c,2022-01-21,DAX,2022-01-21,same_day,trading_day,0,-0.9308290295302868
s9afyk,2022-01-21,DAX,2022-01-21,same_day,trading_day,0,-0.1587099801639423
s9j6s8,2022-01-21,DAX,2022-01-21,same_day,trading_day,0,-0.2534964032132517
s9nzs4,2022-01-21,DAX,2022-01-21,same_day,trading_day,0,0.0243837367743253
sa2p02,2022-01-22,DAX,2022-01-24,forward_nontrading,Saturday,2,-0.4461039192974567
sagrpp,2022-01-23,DAX,2022-01-24,forward_nontrading,Sunday,1,0.2262151697650551
sawy4h,2022-01-23,DAX,2022-01-24,forward_nontrading,Sunday,1,-0.7614059560000896
sbf7ev,2022-01-24,DAX,2022-01-24,same_day,trading_day,0,-0.3136823642998934
sbh0ze,2022-01-24,DAX,2022-01-24,same_day,trading_day,0,-0.2431393079459667
sbhj4a,2022-01-24,DAX,2022-01-24,same_day,trading_day,0,-0.6528668981045485
sbi7h9,2022-01-24,DAX,2022-01-24,same_day,trading_day,0,-0.2228374257683754
sbmcdj,2022-01-24,DAX,2022-01-24,same_day,trading_day,0,-0.0637141040272333
sbnzyq,2022-01-24,DAX,2022-01-24,same_day,trading_day,0,-0.2796882123996814
sbt6jm,2022-01-24,DAX,2022-01-24,same_day,trading_day,0,-0.3814960659947246
sbudls,2022-01-24,DAX,2022-01-24,same_day,trading_day,0,-0.1832056171260774
sc8xtm,2022-01-25,DAX,2022-01-25,same_day,trading_day,0,-0.1158108780781427
scda8w,2022-01-25,DAX,2022-01-25,same_day,trading_day,0,-0.0356907940336636
scdbou,2022-01-25,DAX,2022-01-25,same_day,trading_day,0,-0.0367822680308158
scdw2q,2022-01-25,DAX,2022-01-25,same_day,trading_day,0,-0.1257590333975496
sceou8,2022-01-25,DAX,2022-01-25,same_day,trading_day,0,-0.4588110054610297
scevtz,2022-01-25,DAX,2022-01-25,same_day,trading_day,0,-0.0163283441588282
scje9u,2022-01-25,DAX,2022-01-25,same_day,trading_day,0,0.0045578740537166
sd1ldk,2022-01-26,DAX,2022-01-26,same_day,trading_day,0,-0.2783094898375841
sd61tk,2022-01-26,DAX,2022-01-26,same_day,trading_day,0,0.0135998406580515
sda0x4,2022-01-26,DAX,2022-01-26,same_day,trading_day,0,-0.711345138028264
sdb5vw,2022-01-26,DAX,2022-01-26,same_day,trading_day,0,0.1312641682103276
sdylza,2022-01-27,DAX,2022-01-27,same_day,trading_day,0,0.122349751751042
sebgj6,2022-01-27,DAX,2022-01-27,same_day,trading_day,0,0.0419695981379066
sef1mq,2022-01-28,DAX,2022-01-28,same_day,trading_day,0,-0.0123814694583415
seiwji,2022-01-28,DAX,2022-01-28,same_day,trading_day,0,-0.1939165593590587
sekpsr,2022-01-28,DAX,2022-01-28,same_day,trading_day,0,-0.291669336768488
seq1w8,2022-01-28,DAX,2022-01-28,same_day,trading_day,0,0.0201932098716497
sersoz,2022-01-28,DAX,2022-01-28,same_day,trading_day,0,-0.2910906299948692
seuxct,2022-01-28,DAX,2022-01-28,same_day,trading_day,0,0.0127657275518466
sg0anh,2022-01-30,DAX,2022-01-31,forward_nontrading,Sunday,1,-0.0187256634235382
sgedvt,2022-01-30,DAX,2022-01-31,forward_nontrading,Sunday,1,-0.1544276446636234
sgtvgm,2022-01-31,DAX,2022-01-31,same_day,trading_day,0,-0.470810012659058
sgz278,2022-01-31,DAX,2022-01-31,same_day,trading_day,0,-0.2309402574954384
si8dxu,2022-02-01,DAX,2022-02-01,same_day,trading_day,0,-0.9403544971719384
si8f6r,2022-02-01,DAX,2022-02-01,same_day,trading_day,0,-0.0099711455404758
sib3st,2022-02-02,DAX,2022-02-02,same_day,trading_day,0,-0.294111312367022
sio0ge,2022-02-02,DAX,2022-02-02,same_day,trading_day,0,0.095095761725679
sipwr9,2022-02-02,DAX,2022-02-02,same_day,trading_day,0,0.1859890670564614
skuxyr,2022-02-05,DAX,2022-02-07,forward_nontrading,Saturday,2,-0.1811416178409542
skyvmb,2022-02-05,DAX,2022-02-07,forward_nontrading,Saturday,2,0.0091346171568147
slkgq6,2022-02-05,DAX,2022-02-07,forward_nontrading,Saturday,2,-0.0309552941471338
sm6vya,2022-02-06,DAX,2022-02-07,forward_nontrading,Sunday,1,0.0091530978679656
smsd96,2022-02-07,DAX,2022-02-07,same_day,trading_day,0,0.018656984809786
snjpyg,2022-02-08,DAX,2022-02-08,same_day,trading_day,0,-0.1824989144436337
soehvp,2022-02-09,DAX,2022-02-09,same_day,trading_day,0,-0.9483943767845632
soejt5,2022-02-09,DAX,2022-02-09,same_day,trading_day,0,-0.3167668469250202
spw58i,2022-02-11,DAX,2022-02-11,same_day,trading_day,0,0.0411716718226671
sq62oa,2022-02-11,DAX,2022-02-11,same_day,trading_day,0,-0.1416635926333115
sq74vn,2022-02-11,DAX,2022-02-11,same_day,trading_day,0,-0.0416172938421368
sq7an3,2022-02-11,DAX,2022-02-11,same_day,trading_day,0,-0.1193428575061261
sq8b4f,2022-02-11,DAX,2022-02-11,same_day,trading_day,0,0.0146460309624671
sqcxgo,2022-02-11,DAX,2022-02-11,same_day,trading_day,0,0.0163232054067205
sqd30g,2022-02-11,DAX,2022-02-11,same_day,trading_day,0,-0.5788502618670464
sqgv0r,2022-02-12,DAX,2022-02-14,forward_nontrading,Saturday,2,-0.0067104859543698
sqou5g,2022-02-12,DAX,2022-02-14,forward_nontrading,Saturday,2,-0.0744330930756405
squhx1,2022-02-12,DAX,2022-02-14,forward_nontrading,Saturday,2,-0.5570773409369091
squqrl,2022-02-12,DAX,2022-02-14,forward_nontrading,Saturday,2,-0.0067473715753294
squt89,2022-02-12,DAX,2022-02-14,forward_nontrading,Saturday,2,-0.0027075405659464
sqvm4k,2022-02-12,DAX,2022-02-14,forward_nontrading,Saturday,2,-0.1295407484285533
sqwyoo,2022-02-12,DAX,2022-02-14,forward_nontrading,Saturday,2,0.2861536578275263
sr44uv,2022-02-12,DAX,2022-02-14,forward_nontrading,Saturday,2,-0.2590173021308146
sr4y85,2022-02-13,DAX,2022-02-14,forward_nontrading,Sunday,1,-0.8884642794728279
sr5nn5,2022-02-13,DAX,2022-02-14,forward_nontrading,Sunday,1,0.1635690226685255
srduf2,2022-02-13,DAX,2022-02-14,forward_nontrading,Sunday,1,-0.0836807466422517
srn05e,2022-02-13,DAX,2022-02-14,forward_nontrading,Sunday,1,-0.3697437436785549
srqdvf,2022-02-13,DAX,2022-02-14,forward_nontrading,Sunday,1,-0.3135620690882206
srsfwj,2022-02-13,DAX,2022-02-14,forward_nontrading,Sunday,1,0.0019738860428333
ss0az4,2022-02-14,DAX,2022-02-14,same_day,trading_day,0,-0.0312462483416311
ss7dan,2022-02-14,DAX,2022-02-14,same_day,trading_day,0,-0.0190330527722835
ss7tiv,2022-02-14,DAX,2022-02-14,same_day,trading_day,0,-0.8911121133714914
ssabp6,2022-02-14,DAX,2022-02-14,same_day,trading_day,0,0.1909388181838122
ssbn9j,2022-02-14,DAX,2022-02-14,same_day,trading_day,0,-0.3767813721050819
ssg772,2022-02-14,DAX,2022-02-14,same_day,trading_day,0,-0.0112442262470722
ssnap1,2022-02-14,DAX,2022-02-14,same_day,trading_day,0,0.066206033402325
ssoy5t,2022-02-15,DAX,2022-02-15,same_day,trading_day,0,0.0140957497060298
ssptn5,2022-02-15,DAX,2022-02-15,same_day,trading_day,0,0.0098934285342693
ssr1fy,2022-02-15,DAX,2022-02-15,same_day,trading_day,0,-0.098743200302124
ssr28z,2022-02-15,DAX,2022-02-15,same_day,trading_day,0,-0.098743200302124
ssriy2,2022-02-15,DAX,2022-02-15,same_day,trading_day,0,-0.0951453012724717
sss0wd,2022-02-15,DAX,2022-02-15,same_day,trading_day,0,-0.3983824774622917
ssyn76,2022-02-15,DAX,2022-02-15,same_day,trading_day,0,-0.2637516205819945
ssyoh3,2022-02-15,DAX,2022-02-15,same_day,trading_day,0,-0.2918435633182525
ssyuh9,2022-02-15,DAX,2022-02-15,same_day,trading_day,0,-0.5516344755887985
st2ii4,2022-02-15,DAX,2022-02-15,same_day,trading_day,0,-0.2014740076071272
st2yi8,2022-02-15,DAX,2022-02-15,same_day,trading_day,0,0.1310487664860687
st2zhx,2022-02-15,DAX,2022-02-15,same_day,trading_day,0,0.1346318116341012
st8l1g,2022-02-15,DAX,2022-02-15,same_day,trading_day,0,0.0195959992706775
stc5gu,2022-02-15,DAX,2022-02-15,same_day,trading_day,0,-0.7457840666174889
sth0f5,2022-02-15,DAX,2022-02-15,same_day,trading_day,0,0.0769118489292652
stutl4,2022-02-16,DAX,2022-02-16,same_day,trading_day,0,0.0502519659401679
stw8a7,2022-02-16,DAX,2022-02-16,same_day,trading_day,0,-0.0031168392941921
stw9kr,2022-02-16,DAX,2022-02-16,same_day,trading_day,0,-0.0144257702602025
stwy68,2022-02-16,DAX,2022-02-16,same_day,trading_day,0,-0.1391335567976865
su8mti,2022-02-16,DAX,2022-02-16,same_day,trading_day,0,0.28965214238717
suonte,2022-02-17,DAX,2022-02-17,same_day,trading_day,0,-0.0271468635958929
suop45,2022-02-17,DAX,2022-02-17,same_day,trading_day,0,-0.0289410025669404
suoq1p,2022-02-17,DAX,2022-02-17,same_day,trading_day,0,-0.0669261137752429
supsuu,2022-02-17,DAX,2022-02-17,same_day,trading_day,0,-0.324368777464291
sushxc,2022-02-17,DAX,2022-02-17,same_day,trading_day,0,-0.0224564734380692
sut5zy,2022-02-17,DAX,2022-02-17,same_day,trading_day,0,-0.6415039265993983
suxh4e,2022-02-17,DAX,2022-02-17,same_day,trading_day,0,-0.943143006414175
sv171w,2022-02-17,DAX,2022-02-17,same_day,trading_day,0,0.0334145622017483
svj336,2022-02-18,DAX,2022-02-18,same_day,trading_day,0,-0.423030679255886
svngsk,2022-02-18,DAX,2022-02-18,same_day,trading_day,0,-0.3120378302410245
svrtfz,2022-02-18,DAX,2022-02-18,same_day,trading_day,0,-0.3007615283131599
svthaf,2022-02-18,DAX,2022-02-18,same_day,trading_day,0,-0.052988102659583
svuz8g,2022-02-18,DAX,2022-02-18,same_day,trading_day,0,-0.0919943397332515
sw13cg,2022-02-19,DAX,2022-02-21,forward_nontrading,Saturday,2,0.1441325778141617
sw1sk4,2022-02-19,DAX,2022-02-21,forward_nontrading,Saturday,2,-0.1165035928638341
sw1uge,2022-02-19,DAX,2022-02-21,forward_nontrading,Saturday,2,-0.1163681159300419
sw22s2,2022-02-19,DAX,2022-02-21,forward_nontrading,Saturday,2,-0.949588043615222
sw23om,2022-02-19,DAX,2022-02-21,forward_nontrading,Saturday,2,-0.9427290931344032
sw4b5n,2022-02-19,DAX,2022-02-21,forward_nontrading,Saturday,2,-0.9075227864086628
sw5ora,2022-02-19,DAX,2022-02-21,forward_nontrading,Saturday,2,-0.2725183817424945
sw76mr,2022-02-19,DAX,2022-02-21,forward_nontrading,Saturday,2,-0.0187256634235382
sw8kax,2022-02-19,DAX,2022-02-21,forward_nontrading,Saturday,2,-0.1166148697957396
swfnob,2022-02-19,DAX,2022-02-21,forward_nontrading,Saturday,2,-0.0030449070036411
swgkw1,2022-02-19,DAX,2022-02-21,forward_nontrading,Saturday,2,-0.2685168509682019
swh31m,2022-02-19,DAX,2022-02-21,forward_nontrading,Saturday,2,-0.1463066272748013
swh995,2022-02-19,DAX,2022-02-21,forward_nontrading,Saturday,2,-0.1702365949749946
sx443g,2022-02-20,DAX,2022-02-21,forward_nontrading,Sunday,1,0.4166662730276584
sx618f,2022-02-20,DAX,2022-02-21,forward_nontrading,Sunday,1,-0.1412347555160522
sxe73d,2022-02-20,DAX,2022-02-21,forward_nontrading,Sunday,1,-0.3672744962810115
sxebr3,2022-02-20,DAX,2022-02-21,forward_nontrading,Sunday,1,-0.2867313681377305
sxefab,2022-02-20,DAX,2022-02-21,forward_nontrading,Sunday,1,0.0212640585377812
sxi55o,2022-02-21,DAX,2022-02-21,same_day,trading_day,0,-0.0289829447865486
sxinf1,2022-02-21,DAX,2022-02-21,same_day,trading_day,0,-0.0252121884582771
sxl9g8,2022-02-21,DAX,2022-02-21,same_day,trading_day,0,-0.3112559560220688
sxw632,2022-02-21,DAX,2022-02-21,same_day,trading_day,0,0.0073883980512619
sy6lex,2022-02-21,DAX,2022-02-21,same_day,trading_day,0,-0.4224066906608641
sy6u2l,2022-02-21,DAX,2022-02-21,same_day,trading_day,0,-0.1620592353865504
sy759u,2022-02-21,DAX,2022-02-21,same_day,trading_day,0,-0.2924307786992618
sy7mvx,2022-02-21,DAX,2022-02-21,same_day,trading_day,0,-0.5077306347795658
sy7n4e,2022-02-21,DAX,2022-02-21,same_day,trading_day,0,-0.0369833645721276
sycjd5,2022-02-22,DAX,2022-02-22,same_day,trading_day,0,-0.379687449096569
sygjdx,2022-02-22,DAX,2022-02-22,same_day,trading_day,0,-0.1930276894321044
syjpok,2022-02-22,DAX,2022-02-22,same_day,trading_day,0,-0.8922795224934816
synegr,2022-02-22,DAX,2022-02-22,same_day,trading_day,0,-0.5623829025560273
synkl5,2022-02-22,DAX,2022-02-22,same_day,trading_day,0,0.0082208062463168
synm3s,2022-02-22,DAX,2022-02-22,same_day,trading_day,0,0.0200221612810706
syooq7,2022-02-22,DAX,2022-02-22,same_day,trading_day,0,-0.2616912970446389
syopu2,2022-02-22,DAX,2022-02-22,same_day,trading_day,0,0.2228439620812423
sypxqs,2022-02-22,DAX,2022-02-22,same_day,trading_day,0,-0.313842361792922
sysniy,2022-02-22,DAX,2022-02-22,same_day,trading_day,0,-0.0166265261492558
syss2v,2022-02-22,DAX,2022-02-22,same_day,trading_day,0,-0.5350393135514525
syt3vw,2022-02-22,DAX,2022-02-22,same_day,trading_day,0,0.0533136650919914
sywaso,2022-02-22,DAX,2022-02-22,same_day,trading_day,0,-0.1541168689727783
syyfuw,2022-02-22,DAX,2022-02-22,same_day,trading_day,0,-0.0471561709418892
syyxww,2022-02-22,DAX,2022-02-22,same_day,trading_day,0,-0.114288102494689
syzoi2,2022-02-22,DAX,2022-02-22,same_day,trading_day,0,-0.0689080622313278
sz0och,2022-02-22,DAX,2022-02-22,same_day,trading_day,0,-0.0163246660958975
sz2ajo,2022-02-22,DAX,2022-02-22,same_day,trading_day,0,-0.0506350672803819
sz5yix,2022-02-23,DAX,2022-02-23,same_day,trading_day,0,-0.007788493608435
szan41,2022-02-23,DAX,2022-02-23,same_day,trading_day,0,-0.130315251648426
szds0e,2022-02-23,DAX,2022-02-23,same_day,trading_day,0,0.0291547344710964
sze4dh,2022-02-23,DAX,2022-02-23,same_day,trading_day,0,-0.0304236393421888
szgrnt,2022-02-23,DAX,2022-02-23,same_day,trading_day,0,-0.3402261588545072
szha09,2022-02-23,DAX,2022-02-23,same_day,trading_day,0,0.0395132737234234
sziitw,2022-02-23,DAX,2022-02-23,same_day,trading_day,0,-0.0591927673150268
szm3nv,2022-02-23,DAX,2022-02-23,same_day,trading_day,0,-0.5539570567198098
szmbyf,2022-02-23,DAX,2022-02-23,same_day,trading_day,0,-0.2007998939603567
szxlow,2022-02-24,DAX,2022-02-24,same_day,trading_day,0,0.0056995600461959
t009dd,2022-02-24,DAX,2022-02-24,same_day,trading_day,0,-0.2595640349512298
t00xkk,2022-02-24,DAX,2022-02-24,same_day,trading_day,0,-0.8997681364417076
t00xyw,2022-02-24,DAX,2022-02-24,same_day,trading_day,0,-0.9432375440374016
t015yf,2022-02-24,DAX,2022-02-24,same_day,trading_day,0,-0.2060816523929436
t01dub,2022-02-24,DAX,2022-02-24,same_day,trading_day,0,-0.9453228833153844
t024b9,2022-02-24,DAX,2022-02-24,same_day,trading_day,0,-0.4261349625885486
t027z5,2022-02-24,DAX,2022-02-24,same_day,trading_day,0,-0.2086928082216117
t033bu,2022-02-24,DAX,2022-02-24,same_day,trading_day,0,0.8385575637221336
t0345l,2022-02-24,DAX,2022-02-24,same_day,trading_day,0,-0.2515575606375932
t03o0u,2022-02-24,DAX,2022-02-24,same_day,trading_day,0,-0.2857206296175718
t03zlo,2022-02-24,DAX,2022-02-24,same_day,trading_day,0,-0.4545170015189796
t042xm,2022-02-24,DAX,2022-02-24,same_day,trading_day,0,-0.1407315930351614
t04o58,2022-02-24,DAX,2022-02-24,same_day,trading_day,0,0.3735724873840809
t04ypf,2022-02-24,DAX,2022-02-24,same_day,trading_day,0,0.1103103959725962
t0769b,2022-02-24,DAX,2022-02-24,same_day,trading_day,0,-0.0179403703659772
t076q3,2022-02-24,DAX,2022-02-24,same_day,trading_day,0,-0.0179403703659772
t07s83,2022-02-24,DAX,2022-02-24,same_day,trading_day,0,0.0068943816180707
t092wf,2022-02-24,DAX,2022-02-24,same_day,trading_day,0,-0.591060096397996
t097ua,2022-02-24,DAX,2022-02-24,same_day,trading_day,0,-0.1955526309708754
t098jn,2022-02-24,DAX,2022-02-24,same_day,trading_day,0,0.1138275999110192
t0apg3,2022-02-24,DAX,2022-02-24,same_day,trading_day,0,-0.047070674598217
t0at06,2022-02-24,DAX,2022-02-24,same_day,trading_day,0,-0.3727565743916092
t0c1ug,2022-02-24,DAX,2022-02-24,same_day,trading_day,0,-0.2806754709504868
t0d2pe,2022-02-24,DAX,2022-02-24,same_day,trading_day,0,-0.6184743873309344
t0da9y,2022-02-24,DAX,2022-02-24,same_day,trading_day,0,-0.2075601491907781
t0dnew,2022-02-24,DAX,2022-02-24,same_day,trading_day,0,-0.3321660578250885
t0dprd,2022-02-24,DAX,2022-02-24,same_day,trading_day,0,-0.6033344153935711
t0fug7,2022-02-24,DAX,2022-02-24,same_day,trading_day,0,-0.4623013138771057
t0fv4z,2022-02-24,DAX,2022-02-24,same_day,trading_day,0,-0.4623013138771057
t0fvfc,2022-02-24,DAX,2022-02-24,same_day,trading_day,0,-0.4623013138771057
t0helg,2022-02-24,DAX,2022-02-24,same_day,trading_day,0,0.099406911060214
t0hlsn,2022-02-24,DAX,2022-02-24,same_day,trading_day,0,-0.3872219823300838
t0hxl7,2022-02-24,DAX,2022-02-24,same_day,trading_day,0,0.0248477980494499
t0il8q,2022-02-24,DAX,2022-02-24,same_day,trading_day,0,-0.3131805062294006
t0j3st,2022-02-24,DAX,2022-02-24,same_day,trading_day,0,0.0664532426744699
t0jd24,2022-02-24,DAX,2022-02-24,same_day,trading_day,0,-0.5777296670712531
t0jeom,2022-02-24,DAX,2022-02-24,same_day,trading_day,0,0.0047517903149127
t0l6hj,2022-02-24,DAX,2022-02-24,same_day,trading_day,0,0.3118770122528076
t0lm69,2022-02-24,DAX,2022-02-24,same_day,trading_day,0,-0.121206201147288
t0m4vc,2022-02-24,DAX,2022-02-24,same_day,trading_day,0,-0.0006040893495082
t0mvvd,2022-02-24,DAX,2022-02-24,same_day,trading_day,0,-0.399122674737803
t0nvcv,2022-02-24,DAX,2022-02-24,same_day,trading_day,0,-0.144943482838571
t0odtg,2022-02-24,DAX,2022-02-24,same_day,trading_day,0,-0.0592684307239121
t0oibe,2022-02-24,DAX,2022-02-24,same_day,trading_day,0,-0.0652885768441078
t0olww,2022-02-24,DAX,2022-02-24,same_day,trading_day,0,-0.1082308152690529
t0scwv,2022-02-25,DAX,2022-02-25,same_day,trading_day,0,-0.2692752820439636
t0tyeg,2022-02-25,DAX,2022-02-25,same_day,trading_day,0,-0.9036902636289595
t0vmj2,2022-02-25,DAX,2022-02-25,same_day,trading_day,0,-0.3157521430402994
t0wnq8,2022-02-25,DAX,2022-02-25,same_day,trading_day,0,-0.9036902636289595
t0wukh,2022-02-25,DAX,2022-02-25,same_day,trading_day,0,-0.9254784099757672
t0y385,2022-02-25,DAX,2022-02-25,same_day,trading_day,0,0.0125861849082866
t0yv0y,2022-02-25,DAX,2022-02-25,same_day,trading_day,0,0.1428310953080654
t10819,2022-02-25,DAX,2022-02-25,same_day,trading_day,0,-0.2386019378900528
t118dv,2022-02-25,DAX,2022-02-25,same_day,trading_day,0,0.0391950922078665
t11rb4,2022-02-25,DAX,2022-02-25,same_day,trading_day,0,0.0541851725429296
t127e9,2022-02-25,DAX,2022-02-25,same_day,trading_day,0,0.0160282999277114
t13z6i,2022-02-25,DAX,2022-02-25,same_day,trading_day,0,0.0275370079325512
t17wnn,2022-02-25,DAX,2022-02-25,same_day,trading_day,0,-0.2922753896564245
t1a5rc,2022-02-25,DAX,2022-02-25,same_day,trading_day,0,0.0305660776793956
t1bf3i,2022-02-25,DAX,2022-02-25,same_day,trading_day,0,-0.6512602388858795
t1cynj,2022-02-25,DAX,2022-02-25,same_day,trading_day,0,-0.2018795739859342
t1dc3t,2022-02-25,DAX,2022-02-25,same_day,trading_day,0,0.2482870034873485
t1dp79,2022-02-25,DAX,2022-02-25,same_day,trading_day,0,-0.2549111228436231
t1ekw8,2022-02-25,DAX,2022-02-25,same_day,trading_day,0,-0.0414115036837756
t1h2km,2022-02-25,DAX,2022-02-25,same_day,trading_day,0,-0.0774229307259832
t1h8vi,2022-02-25,DAX,2022-02-25,same_day,trading_day,0,-0.1133973076939582
t1ivo8,2022-02-26,DAX,2022-02-28,forward_nontrading,Saturday,2,0.0087303115287795
t1lnqo,2022-02-26,DAX,2022-02-28,forward_nontrading,Saturday,2,-0.2295220787636935
t1tkvv,2022-02-26,DAX,2022-02-28,forward_nontrading,Saturday,2,-0.7037449367344379
t1tvyd,2022-02-26,DAX,2022-02-28,forward_nontrading,Saturday,2,-0.266658786063393
t1wm9e,2022-02-26,DAX,2022-02-28,forward_nontrading,Saturday,2,-0.0424959751117664
t1xhw8,2022-02-26,DAX,2022-02-28,forward_nontrading,Saturday,2,-0.0423100373048024
t1yv0m,2022-02-26,DAX,2022-02-28,forward_nontrading,Saturday,2,-0.0145889855921268
t1zeql,2022-02-26,DAX,2022-02-28,forward_nontrading,Saturday,2,-0.3075475264340639
t22kr4,2022-02-26,DAX,2022-02-28,forward_nontrading,Saturday,2,-0.1676974622532725
t23v24,2022-02-26,DAX,2022-02-28,forward_nontrading,Saturday,2,-0.8836986869573593
t23vm5,2022-02-26,DAX,2022-02-28,forward_nontrading,Saturday,2,-0.8836986869573593
t23w0f,2022-02-26,DAX,2022-02-28,forward_nontrading,Saturday,2,0.2833445747806267
t275mi,2022-02-26,DAX,2022-02-28,forward_nontrading,Saturday,2,-0.0641603996045887
t28rxm,2022-02-26,DAX,2022-02-28,forward_nontrading,Saturday,2,-0.9023264572024344
t290wc,2022-02-26,DAX,2022-02-28,forward_nontrading,Saturday,2,-0.5893933666869998
t2acfb,2022-02-26,DAX,2022-02-28,forward_nontrading,Saturday,2,0.1814082106575369
t2aujf,2022-02-27,DAX,2022-02-28,forward_nontrading,Sunday,1,-0.2784922508290037
t2ev5u,2022-02-27,DAX,2022-02-28,forward_nontrading,Sunday,1,-0.2381154971818129
t2fdd7,2022-02-27,DAX,2022-02-28,forward_nontrading,Sunday,1,-0.5585836259027323
t2fm5y,2022-02-27,DAX,2022-02-28,forward_nontrading,Sunday,1,-0.6596063749864698
t2jlem,2022-02-27,DAX,2022-02-28,forward_nontrading,Sunday,1,-0.2604536786675453
t2jyu9,2022-02-27,DAX,2022-02-28,forward_nontrading,Sunday,1,0.2378148933251699
t2sn4h,2022-02-27,DAX,2022-02-28,forward_nontrading,Sunday,1,-0.1551880963379517
t2t2oj,2022-02-27,DAX,2022-02-28,forward_nontrading,Sunday,1,0.8580898307263851
t2uiat,2022-02-27,DAX,2022-02-28,forward_nontrading,Sunday,1,-0.1172026098938658
t2x82i,2022-02-27,DAX,2022-02-28,forward_nontrading,Sunday,1,-0.120176537707448
t2xwcj,2022-02-27,DAX,2022-02-28,forward_nontrading,Sunday,1,-0.0866394818929786
t2xyfu,2022-02-27,DAX,2022-02-28,forward_nontrading,Sunday,1,0.0514466733272586
t30quw,2022-02-27,DAX,2022-02-28,forward_nontrading,Sunday,1,-0.4995469492860138
t32ahv,2022-02-28,DAX,2022-02-28,same_day,trading_day,0,-0.1212035549272384
t34kzo,2022-02-28,DAX,2022-02-28,same_day,trading_day,0,-0.0378282817546278
t3703y,2022-02-28,DAX,2022-02-28,same_day,trading_day,0,-0.2757589616812765
t38ck8,2022-02-28,DAX,2022-02-28,same_day,trading_day,0,-0.5608676811680198
t38lvc,2022-02-28,DAX,2022-02-28,same_day,trading_day,0,-0.9433308336883784
t39b5j,2022-02-28,DAX,2022-02-28,same_day,trading_day,0,-0.941044632345438
t39j4l,2022-02-28,DAX,2022-02-28,same_day,trading_day,0,-0.1680157461336681
t3amaw,2022-02-28,DAX,2022-02-28,same_day,trading_day,0,0.1516043159107749
t3b1sn,2022-02-28,DAX,2022-02-28,same_day,trading_day,0,-0.4340813532471657
t3be0t,2022-02-28,DAX,2022-02-28,same_day,trading_day,0,-0.0364081503202518
t3cm86,2022-02-28,DAX,2022-02-28,same_day,trading_day,0,-0.9335338827222586
t3dnuc,2022-02-28,DAX,2022-02-28,same_day,trading_day,0,0.2328292084857821
t3dt52,2022-02-28,DAX,2022-02-28,same_day,trading_day,0,-0.4215577411232516
t3fcwy,2022-02-28,DAX,2022-02-28,same_day,trading_day,0,0.057135272398591
t3fqgl,2022-02-28,DAX,2022-02-28,same_day,trading_day,0,-0.0362274465886386
t3gk4x,2022-02-28,DAX,2022-02-28,same_day,trading_day,0,-0.4536158857601029
t3hcjr,2022-02-28,DAX,2022-02-28,same_day,trading_day,0,-0.3812795355916023
t3hxbv,2022-02-28,DAX,2022-02-28,same_day,trading_day,0,-0.3258469495146225
t3hyxe,2022-02-28,DAX,2022-02-28,same_day,trading_day,0,-0.4415576420724392
t3la21,2022-02-28,DAX,2022-02-28,same_day,trading_day,0,0.2393302991986274
t3lsow,2022-02-28,DAX,2022-02-28,same_day,trading_day,0,-0.1997541041512574
t3n6rf,2022-02-28,DAX,2022-02-28,same_day,trading_day,0,-0.3357602593799432
t3oxm7,2022-02-28,DAX,2022-02-28,same_day,trading_day,0,0.8392009977251291
t3p1bv,2022-02-28,DAX,2022-02-28,same_day,trading_day,0,-0.180129911750555
t3pb83,2022-02-28,DAX,2022-02-28,same_day,trading_day,0,-0.180129911750555
t3pzhh,2022-02-28,DAX,2022-02-28,same_day,trading_day,0,0.2420555774799802
t3rh2h,2022-02-28,DAX,2022-02-28,same_day,trading_day,0,-0.1231901080925659
t3rppq,2022-02-28,DAX,2022-02-28,same_day,trading_day,0,-0.0380832689503828
t3tmgi,2022-02-28,DAX,2022-02-28,same_day,trading_day,0,-0.2167774084179352
t3tv67,2022-03-01,DAX,2022-03-01,same_day,trading_day,0,-0.243670846025149
t3ueml,2022-03-01,DAX,2022-03-01,same_day,trading_day,0,-0.1759515475215656
t3zphz,2022-03-01,DAX,2022-03-01,same_day,trading_day,0,0.1189454908017069
t42gg5,2022-03-01,DAX,2022-03-01,same_day,trading_day,0,-0.8200978487730026
t42pyq,2022-03-01,DAX,2022-03-01,same_day,trading_day,0,0.2384684750810265
t438zp,2022-03-01,DAX,2022-03-01,same_day,trading_day,0,-0.0469445851114061
t44pro,2022-03-01,DAX,2022-03-01,same_day,trading_day,0,-0.4990791426971554
t4716l,2022-03-01,DAX,2022-03-01,same_day,trading_day,0,-0.4121190320234745
t48qga,2022-03-01,DAX,2022-03-01,same_day,trading_day,0,-0.1514468633104115
t48xff,2022-03-01,DAX,2022-03-01,same_day,trading_day,0,0.0197540242224931
t49gb6,2022-03-01,DAX,2022-03-01,same_day,trading_day,0,0.0817893929779529
t49rsk,2022-03-01,DAX,2022-03-01,same_day,trading_day,0,-0.024244792000563
t49w2s,2022-03-01,DAX,2022-03-01,same_day,trading_day,0,0.8473948016762733
t4a6q3,2022-03-01,DAX,2022-03-01,same_day,trading_day,0,0.8473948016762733
t4d5ul,2022-03-01,DAX,2022-03-01,same_day,trading_day,0,-0.5476018348708749
t4drgt,2022-03-01,DAX,2022-03-01,same_day,trading_day,0,-0.910919927060604
t4es8y,2022-03-01,DAX,2022-03-01,same_day,trading_day,0,0.0860879289684817
t4f46t,2022-03-01,DAX,2022-03-01,same_day,trading_day,0,-0.6036421755949656
t4gjmf,2022-03-01,DAX,2022-03-01,same_day,trading_day,0,-0.59044258762151
t4iokb,2022-03-01,DAX,2022-03-01,same_day,trading_day,0,-0.2246029096034665
t4ipvq,2022-03-01,DAX,2022-03-01,same_day,trading_day,0,0.0377584286034107
t4jmx3,2022-03-01,DAX,2022-03-01,same_day,trading_day,0,-0.1131669320166111
t4nhrz,2022-03-02,DAX,2022-03-02,same_day,trading_day,0,-0.1940547749400138
t4o6tu,2022-03-02,DAX,2022-03-02,same_day,trading_day,0,-0.4324938966892659
t4ors6,2022-03-02,DAX,2022-03-02,same_day,trading_day,0,0.0233109053224325
t4uwal,2022-03-02,DAX,2022-03-02,same_day,trading_day,0,0.2380642518401146
t4ve0t,2022-03-02,DAX,2022-03-02,same_day,trading_day,0,0.0706748546217568
t4zkeg,2022-03-02,DAX,2022-03-02,same_day,trading_day,0,0.8222204508880774
t4zstv,2022-03-02,DAX,2022-03-02,same_day,trading_day,0,-0.1889074977021664
t50qdr,2022-03-02,DAX,2022-03-02,same_day,trading_day,0,-0.0943367140367626
t527of,2022-03-02,DAX,2022-03-02,same_day,trading_day,0,0.0022522968550522
t569fh,2022-03-02,DAX,2022-03-02,same_day,trading_day,0,-0.2614969797432422
t56bte,2022-03-02,DAX,2022-03-02,same_day,trading_day,0,0.0857775478966926
t57hkk,2022-03-02,DAX,2022-03-02,same_day,trading_day,0,0.0492170370099219
t59wm4,2022-03-02,DAX,2022-03-02,same_day,trading_day,0,-0.0397471613915903
t5a2b3,2022-03-02,DAX,2022-03-02,same_day,trading_day,0,-0.2394772660918533
t5b7iy,2022-03-02,DAX,2022-03-02,same_day,trading_day,0,-0.1181861262670473
t5b8xe,2022-03-02,DAX,2022-03-02,same_day,trading_day,0,-0.6777774840593338
t5e2x9,2022-03-03,DAX,2022-03-03,same_day,trading_day,0,-0.3136734573968819
t5g4c7,2022-03-03,DAX,2022-03-03,same_day,trading_day,0,-0.1169184498488903
t5pwl8,2022-03-03,DAX,2022-03-03,same_day,trading_day,0,-0.0450204957276582
t5rf7m,2022-03-03,DAX,2022-03-03,same_day,trading_day,0,-0.2630288821179419
t5tibs,2022-03-03,DAX,2022-03-03,same_day,trading_day,0,-0.0897266554646194
t5vfom,2022-03-03,DAX,2022-03-03,same_day,trading_day,0,-0.5376135557889938
t5wlyc,2022-03-03,DAX,2022-03-03,same_day,trading_day,0,-0.0001103077083826
t5wvxk,2022-03-03,DAX,2022-03-03,same_day,trading_day,0,0.0617698685133031
t5wvxl,2022-03-03,DAX,2022-03-03,same_day,trading_day,0,-0.073973534318308
t5yayn,2022-03-03,DAX,2022-03-03,same_day,trading_day,0,0.4278316982090473
t5ynry,2022-03-03,DAX,2022-03-03,same_day,trading_day,0,-0.0434140488505363
t5zphg,2022-03-03,DAX,2022-03-03,same_day,trading_day,0,-0.126705295539328
t622h3,2022-03-03,DAX,2022-03-03,same_day,trading_day,0,-0.9532753047533332
t66csv,2022-03-04,DAX,2022-03-04,same_day,trading_day,0,-0.5985364471562207
t69s53,2022-03-04,DAX,2022-03-04,same_day,trading_day,0,0.0440041795372962
t69u99,2022-03-04,DAX,2022-03-04,same_day,trading_day,0,-0.1134751976157228
t6ge70,2022-03-04,DAX,2022-03-04,same_day,trading_day,0,-0.0660638784524053
t6get0,2022-03-04,DAX,2022-03-04,same_day,trading_day,0,-0.0558584645124418
t6ihcj,2022-03-04,DAX,2022-03-04,same_day,trading_day,0,-0.405124506007673
t6j40l,2022-03-04,DAX,2022-03-04,same_day,trading_day,0,-0.1745383604429662
t6jmtc,2022-03-04,DAX,2022-03-04,same_day,trading_day,0,-0.1325795123619692
t6ko3m,2022-03-04,DAX,2022-03-04,same_day,trading_day,0,0.0071977355207006
t6nybh,2022-03-04,DAX,2022-03-04,same_day,trading_day,0,-0.2656953218910429
t6pxz5,2022-03-04,DAX,2022-03-04,same_day,trading_day,0,-0.0122390312608331
t6q9nm,2022-03-04,DAX,2022-03-04,same_day,trading_day,0,0.194688931107521
t6qay7,2022-03-04,DAX,2022-03-04,same_day,trading_day,0,0.194688931107521
t6r07s,2022-03-04,DAX,2022-03-04,same_day,trading_day,0,0.0123658599331974
t6u904,2022-03-04,DAX,2022-03-04,same_day,trading_day,0,-0.3948302439843806
t6vh84,2022-03-04,DAX,2022-03-04,same_day,trading_day,0,0.1811676729526935
t6vkud,2022-03-04,DAX,2022-03-04,same_day,trading_day,0,-0.8970248410478234
t6vmwr,2022-03-04,DAX,2022-03-04,same_day,trading_day,0,-0.9001212399452925
t6zr2i,2022-03-05,DAX,2022-03-07,forward_nontrading,Saturday,2,-0.0791741540965934
t6zsjn,2022-03-05,DAX,2022-03-07,forward_nontrading,Saturday,2,-0.0792240305493275
t74gd7,2022-03-05,DAX,2022-03-07,forward_nontrading,Saturday,2,-0.052361440922444
t74wil,2022-03-05,DAX,2022-03-07,forward_nontrading,Saturday,2,-0.3018797856445113
t753oq,2022-03-05,DAX,2022-03-07,forward_nontrading,Saturday,2,-0.9533168841153384
t7aamc,2022-03-05,DAX,2022-03-07,forward_nontrading,Saturday,2,-0.4437433329876512
t7b8au,2022-03-05,DAX,2022-03-07,forward_nontrading,Saturday,2,0.0635430496186018
t7c6b2,2022-03-05,DAX,2022-03-07,forward_nontrading,Saturday,2,0.0850207751306394
t7d4tj,2022-03-05,DAX,2022-03-07,forward_nontrading,Saturday,2,-0.0712734372713244
t7ecsi,2022-03-05,DAX,2022-03-07,forward_nontrading,Saturday,2,0.2634413895818094
t7hc25,2022-03-05,DAX,2022-03-07,forward_nontrading,Saturday,2,0.0225544642657041
t7ko2g,2022-03-05,DAX,2022-03-07,forward_nontrading,Saturday,2,-0.1824076008051633
t7kz6r,2022-03-05,DAX,2022-03-07,forward_nontrading,Saturday,2,-0.5575110284611583
t7lyp1,2022-03-05,DAX,2022-03-07,forward_nontrading,Saturday,2,-0.0745914792641997
t7pnno,2022-03-06,DAX,2022-03-07,forward_nontrading,Sunday,1,-0.1232330701313912
t810e0,2022-03-06,DAX,2022-03-07,forward_nontrading,Sunday,1,-0.1579459455097094
t83c00,2022-03-06,DAX,2022-03-07,forward_nontrading,Sunday,1,-0.0475224791360752
t83rzh,2022-03-06,DAX,2022-03-07,forward_nontrading,Sunday,1,0.1659820734833678
t83wk1,2022-03-06,DAX,2022-03-07,forward_nontrading,Sunday,1,-0.680117866024375
t87wj7,2022-03-06,DAX,2022-03-07,forward_nontrading,Sunday,1,0.0812491215765476
t88731,2022-03-06,DAX,2022-03-07,forward_nontrading,Sunday,1,0.0812491215765476
t88m74,2022-03-06,DAX,2022-03-07,forward_nontrading,Sunday,1,0.0812491215765476
t8atr4,2022-03-06,DAX,2022-03-07,forward_nontrading,Sunday,1,-0.0323987510055303
t8b03s,2022-03-06,DAX,2022-03-07,forward_nontrading,Sunday,1,-0.1765184579417109
t8dexi,2022-03-07,DAX,2022-03-07,same_day,trading_day,0,0.0280492780730128
t8ioy8,2022-03-07,DAX,2022-03-07,same_day,trading_day,0,0.0991603769361972
t8iq8u,2022-03-07,DAX,2022-03-07,same_day,trading_day,0,0.3146878518164158
t8j9zf,2022-03-07,DAX,2022-03-07,same_day,trading_day,0,0.1577026472928432
t8jujd,2022-03-07,DAX,2022-03-07,same_day,trading_day,0,0.0041808738288554
t8kyec,2022-03-07,DAX,2022-03-07,same_day,trading_day,0,-0.5852877185291921
t8mjtl,2022-03-07,DAX,2022-03-07,same_day,trading_day,0,-0.1424728742567822
t8oz6c,2022-03-07,DAX,2022-03-07,same_day,trading_day,0,-0.7311331480741501
t8p6ou,2022-03-07,DAX,2022-03-07,same_day,trading_day,0,-0.2323159323561758
t8sgdj,2022-03-07,DAX,2022-03-07,same_day,trading_day,0,-0.0921559920534491
t8t9a4,2022-03-07,DAX,2022-03-07,same_day,trading_day,0,0.0375524285788598
t8t9ep,2022-03-07,DAX,2022-03-07,same_day,trading_day,0,-0.0136305527218307
t8taem,2022-03-07,DAX,2022-03-07,same_day,trading_day,0,-0.0136305527218307
t8texj,2022-03-07,DAX,2022-03-07,same_day,trading_day,0,0.0986130777746439
t8trsq,2022-03-07,DAX,2022-03-07,same_day,trading_day,0,0.7696337029337883
t8wpjf,2022-03-07,DAX,2022-03-07,same_day,trading_day,0,-0.3544176305559549
t8xpqk,2022-03-07,DAX,2022-03-07,same_day,trading_day,0,-0.2129447304510644
t90ams,2022-03-07,DAX,2022-03-07,same_day,trading_day,0,0.0420266559434144
t90tn1,2022-03-07,DAX,2022-03-07,same_day,trading_day,0,-0.1454118596655982
t90zrj,2022-03-07,DAX,2022-03-07,same_day,trading_day,0,-0.1132906172424554
t917e8,2022-03-07,DAX,2022-03-07,same_day,trading_day,0,-0.0280133459018543
t91hat,2022-03-07,DAX,2022-03-07,same_day,trading_day,0,-0.2028876231051981
t93tf6,2022-03-08,DAX,2022-03-08,same_day,trading_day,0,-0.4399095484210799
t9918e,2022-03-08,DAX,2022-03-08,same_day,trading_day,0,-0.1546309698106987
t99dty,2022-03-08,DAX,2022-03-08,same_day,trading_day,0,-0.354603834139804
t99k1m,2022-03-08,DAX,2022-03-08,same_day,trading_day,0,-0.9568545119836926
t99o3v,2022-03-08,DAX,2022-03-08,same_day,trading_day,0,-0.9568545119836926
t9a77f,2022-03-08,DAX,2022-03-08,same_day,trading_day,0,-0.9570051124319434
t9fi2d,2022-03-08,DAX,2022-03-08,same_day,trading_day,0,-0.5301636124495417
t9g8hf,2022-03-08,DAX,2022-03-08,same_day,trading_day,0,0.3399044484831393
t9gal4,2022-03-08,DAX,2022-03-08,same_day,trading_day,0,0.1420332731989522
t9gkdr,2022-03-08,DAX,2022-03-08,same_day,trading_day,0,-0.003334070312912
t9h6wr,2022-03-08,DAX,2022-03-08,same_day,trading_day,0,-0.315535347093828
t9ig7n,2022-03-08,DAX,2022-03-08,same_day,trading_day,0,-0.2830010825260118
t9krc6,2022-03-08,DAX,2022-03-08,same_day,trading_day,0,-0.6346322111785412
t9lbu9,2022-03-08,DAX,2022-03-08,same_day,trading_day,0,-0.2122220643161034
t9m9ek,2022-03-08,DAX,2022-03-08,same_day,trading_day,0,-0.0876038782298564
t9mggw,2022-03-08,DAX,2022-03-08,same_day,trading_day,0,-0.3694233521819114
t9mwvf,2022-03-08,DAX,2022-03-08,same_day,trading_day,0,0.5350850018273506
t9n8kk,2022-03-08,DAX,2022-03-08,same_day,trading_day,0,-0.6502641692757607
t9reb4,2022-03-08,DAX,2022-03-08,same_day,trading_day,0,-0.9498382341116668
t9sxj6,2022-03-08,DAX,2022-03-08,same_day,trading_day,0,-0.2127492435069547
t9sxxz,2022-03-08,DAX,2022-03-08,same_day,trading_day,0,-0.2127492435069547
t9tbut,2022-03-08,DAX,2022-03-08,same_day,trading_day,0,0.1607049412094056
t9ufrs,2022-03-08,DAX,2022-03-08,same_day,trading_day,0,0.2476073288573668
t9ugzd,2022-03-08,DAX,2022-03-08,same_day,trading_day,0,0.243888069960204
t9ynuc,2022-03-09,DAX,2022-03-09,same_day,trading_day,0,-0.2976140749847724
t9zleo,2022-03-09,DAX,2022-03-09,same_day,trading_day,0,0.0275210064968892
ta1h49,2022-03-09,DAX,2022-03-09,same_day,trading_day,0,-0.1087373169139027
ta2zcu,2022-03-09,DAX,2022-03-09,same_day,trading_day,0,-0.6338768294746322
ta5vsc,2022-03-09,DAX,2022-03-09,same_day,trading_day,0,-0.7736378442496061
ta5z6d,2022-03-09,DAX,2022-03-09,same_day,trading_day,0,0.0411784388124942
ta6jlt,2022-03-09,DAX,2022-03-09,same_day,trading_day,0,-0.22081727542631
ta6ym8,2022-03-09,DAX,2022-03-09,same_day,trading_day,0,0.0702294469145791
ta7mw2,2022-03-09,DAX,2022-03-09,same_day,trading_day,0,-0.2088931537429361
ta84k8,2022-03-09,DAX,2022-03-09,same_day,trading_day,0,0.1398762152729821
ta86x0,2022-03-09,DAX,2022-03-09,same_day,trading_day,0,0.12479299485373
ta9kde,2022-03-09,DAX,2022-03-09,same_day,trading_day,0,0.0527581639587878
tabd45,2022-03-09,DAX,2022-03-09,same_day,trading_day,0,-0.2663318228653886
tadrra,2022-03-09,DAX,2022-03-09,same_day,trading_day,0,-0.3527467846870422
tae5wf,2022-03-09,DAX,2022-03-09,same_day,trading_day,0,-0.1293440888014932
tagay0,2022-03-09,DAX,2022-03-09,same_day,trading_day,0,-0.3320853932361517
taio8j,2022-03-09,DAX,2022-03-09,same_day,trading_day,0,-0.184456814902232
tayen8,2022-03-10,DAX,2022-03-10,same_day,trading_day,0,-0.1818143998419768
tb22fx,2022-03-10,DAX,2022-03-10,same_day,trading_day,0,0.0982897638136314
tb59y2,2022-03-10,DAX,2022-03-10,same_day,trading_day,0,-0.3248230301216245
tbcukf,2022-03-11,DAX,2022-03-11,same_day,trading_day,0,-0.2693095929724605
tbdw7z,2022-03-11,DAX,2022-03-11,same_day,trading_day,0,-0.394546465948224
tbfw38,2022-03-11,DAX,2022-03-11,same_day,trading_day,0,-0.0909959200459222
tbiy5l,2022-03-11,DAX,2022-03-11,same_day,trading_day,0,-0.0958001007592039
tbowqv,2022-03-11,DAX,2022-03-11,same_day,trading_day,0,0.0383377000689506
tbpzg5,2022-03-11,DAX,2022-03-11,same_day,trading_day,0,-0.1374213918638618
tbsdgg,2022-03-11,DAX,2022-03-11,same_day,trading_day,0,-0.0707213599234819
tbtzs1,2022-03-11,DAX,2022-03-11,same_day,trading_day,0,-0.4263411359587574
tbx1zy,2022-03-11,DAX,2022-03-11,same_day,trading_day,0,-0.1954977480927482
tbxdxm,2022-03-11,DAX,2022-03-11,same_day,trading_day,0,-0.1219089478254318
tbz4oq,2022-03-11,DAX,2022-03-11,same_day,trading_day,0,-0.2449414656854215
tc31k1,2022-03-11,DAX,2022-03-11,same_day,trading_day,0,-0.2363935267330026
tc3mv0,2022-03-11,DAX,2022-03-11,same_day,trading_day,0,-0.3416846367315604
tc4b3n,2022-03-12,DAX,2022-03-14,forward_nontrading,Saturday,2,-0.0961751408913793
tc4cuh,2022-03-12,DAX,2022-03-14,forward_nontrading,Saturday,2,-0.0963392669839474
tc832l,2022-03-12,DAX,2022-03-14,forward_nontrading,Saturday,2,-0.0660293051706893
tcatww,2022-03-12,DAX,2022-03-14,forward_nontrading,Saturday,2,0.2835008133099311
tcgmib,2022-03-12,DAX,2022-03-14,forward_nontrading,Saturday,2,-0.4820928368717432
tck8wy,2022-03-12,DAX,2022-03-14,forward_nontrading,Saturday,2,0.0992943407967686
tckr8u,2022-03-12,DAX,2022-03-14,forward_nontrading,Saturday,2,-0.252082300838083
tcl07x,2022-03-12,DAX,2022-03-14,forward_nontrading,Saturday,2,-0.7032108597457409
tcl6dy,2022-03-12,DAX,2022-03-14,forward_nontrading,Saturday,2,-0.1636413896237226
tcmsmv,2022-03-12,DAX,2022-03-14,forward_nontrading,Saturday,2,-0.3612086609005928
tcmusl,2022-03-12,DAX,2022-03-14,forward_nontrading,Saturday,2,0.2407154304285844
tcp8qh,2022-03-12,DAX,2022-03-14,forward_nontrading,Saturday,2,-0.3663113989922053
tcph83,2022-03-12,DAX,2022-03-14,forward_nontrading,Saturday,2,-0.6279579255109032
tcr6vc,2022-03-12,DAX,2022-03-14,forward_nontrading,Saturday,2,-0.0968965180218219
tctt6e,2022-03-12,DAX,2022-03-14,forward_nontrading,Saturday,2,-0.2296369367589553
tcwe9u,2022-03-13,DAX,2022-03-14,forward_nontrading,Sunday,1,-0.0836249169161809
td1gwt,2022-03-13,DAX,2022-03-14,forward_nontrading,Sunday,1,0.1430528952994129
td9hbx,2022-03-13,DAX,2022-03-14,forward_nontrading,Sunday,1,0.1234132194891571
tdaakg,2022-03-13,DAX,2022-03-14,forward_nontrading,Sunday,1,0.2248493375123611
tdaeqw,2022-03-13,DAX,2022-03-14,forward_nontrading,Sunday,1,-0.2541750471067169
tdmfs2,2022-03-14,DAX,2022-03-14,same_day,trading_day,0,-0.3857313469052315
tdq2bx,2022-03-14,DAX,2022-03-14,same_day,trading_day,0,-0.4493099172250367
tdqu32,2022-03-14,DAX,2022-03-14,same_day,trading_day,0,-0.4798642173409462
tdwcg2,2022-03-14,DAX,2022-03-14,same_day,trading_day,0,0.1219149043317884
tdxa5e,2022-03-14,DAX,2022-03-14,same_day,trading_day,0,-0.2002138269062225
tdzqmr,2022-03-14,DAX,2022-03-14,same_day,trading_day,0,-0.1067445905258258
te401c,2022-03-14,DAX,2022-03-14,same_day,trading_day,0,0.0535766817629337
te48ow,2022-03-14,DAX,2022-03-14,same_day,trading_day,0,-0.3344274366972968
te7esn,2022-03-14,DAX,2022-03-14,same_day,trading_day,0,-0.5934724509716034
tedojw,2022-03-15,DAX,2022-03-15,same_day,trading_day,0,0.4320886507630348
teip65,2022-03-15,DAX,2022-03-15,same_day,trading_day,0,-0.3250022199512882
tejkl6,2022-03-15,DAX,2022-03-15,same_day,trading_day,0,-0.0771983116865158
tel2hg,2022-03-15,DAX,2022-03-15,same_day,trading_day,0,-0.1071195754222572
ten51a,2022-03-15,DAX,2022-03-15,same_day,trading_day,0,0.8394388817250729
tentdp,2022-03-15,DAX,2022-03-15,same_day,trading_day,0,-0.086484947707504
tenue1,2022-03-15,DAX,2022-03-15,same_day,trading_day,0,0.0867168187562908
teo28n,2022-03-15,DAX,2022-03-15,same_day,trading_day,0,-0.1067574348862228
teo3ir,2022-03-15,DAX,2022-03-15,same_day,trading_day,0,-0.1009173143529958
teoxt4,2022-03-15,DAX,2022-03-15,same_day,trading_day,0,0.1525430010462349
teql13,2022-03-15,DAX,2022-03-15,same_day,trading_day,0,0.0284190310835184
terrhf,2022-03-15,DAX,2022-03-15,same_day,trading_day,0,0.0423094754841065
teuhlf,2022-03-15,DAX,2022-03-15,same_day,trading_day,0,-0.3997331226573271
tf0x6d,2022-03-15,DAX,2022-03-15,same_day,trading_day,0,-0.3899675644934177
tfas5k,2022-03-16,DAX,2022-03-16,same_day,trading_day,0,-0.6460398808121681
tfb4i7,2022-03-16,DAX,2022-03-16,same_day,trading_day,0,-0.007205184859534
tfcsn2,2022-03-16,DAX,2022-03-16,same_day,trading_day,0,-0.3314302166302998
tfg9lm,2022-03-16,DAX,2022-03-16,same_day,trading_day,0,0.190991998953183
tfgbmg,2022-03-16,DAX,2022-03-16,same_day,trading_day,0,0.1932572035734812
tfo9j4,2022-03-16,DAX,2022-03-16,same_day,trading_day,0,-0.1925411929842084
tfvaw4,2022-03-16,DAX,2022-03-16,same_day,trading_day,0,0.0895643164403736
tfzgsh,2022-03-17,DAX,2022-03-17,same_day,trading_day,0,0.0129555620253085
tg0bxf,2022-03-17,DAX,2022-03-17,same_day,trading_day,0,-0.5292584402154067
tg0wzj,2022-03-17,DAX,2022-03-17,same_day,trading_day,0,0.0236838869750499
tg1m6e,2022-03-17,DAX,2022-03-17,same_day,trading_day,0,0.0871724795084446
tg1n9l,2022-03-17,DAX,2022-03-17,same_day,trading_day,0,0.1032075670858224
tgfylv,2022-03-17,DAX,2022-03-17,same_day,trading_day,0,-0.2607686727618177
tgkqx0,2022-03-17,DAX,2022-03-17,same_day,trading_day,0,-0.1408299524337053
tgpmq2,2022-03-18,DAX,2022-03-18,same_day,trading_day,0,0.2071684421255038
tgpo0n,2022-03-18,DAX,2022-03-18,same_day,trading_day,0,0.2021081768549406
tgq0i3,2022-03-18,DAX,2022-03-18,same_day,trading_day,0,0.1880142432637513
tgq935,2022-03-18,DAX,2022-03-18,same_day,trading_day,0,0.1880142432637513
th06xv,2022-03-18,DAX,2022-03-18,same_day,trading_day,0,-0.0655127121938456
th0858,2022-03-18,DAX,2022-03-18,same_day,trading_day,0,-0.0765972366033677
th5wzp,2022-03-18,DAX,2022-03-18,same_day,trading_day,0,0.2965245448673764
thbo63,2022-03-18,DAX,2022-03-18,same_day,trading_day,0,0.0234490991570055
thcg9c,2022-03-18,DAX,2022-03-18,same_day,trading_day,0,0.0853349911714239
thea35,2022-03-18,DAX,2022-03-18,same_day,trading_day,0,0.1440888489596545
thnfwo,2022-03-19,DAX,2022-03-21,forward_nontrading,Saturday,2,0.0481244248803705
tho8nf,2022-03-19,DAX,2022-03-21,forward_nontrading,Saturday,2,0.1719019576751937
thotaf,2022-03-19,DAX,2022-03-21,forward_nontrading,Saturday,2,0.1719019576751937
thzpi1,2022-03-19,DAX,2022-03-21,forward_nontrading,Saturday,2,-0.1075178802013397
thzqwv,2022-03-19,DAX,2022-03-21,forward_nontrading,Saturday,2,-0.1073580771995088
ti0052,2022-03-19,DAX,2022-03-21,forward_nontrading,Saturday,2,-0.2481793817132711
tiixzv,2022-03-20,DAX,2022-03-21,forward_nontrading,Sunday,1,0.479275032877922
tiovbn,2022-03-20,DAX,2022-03-21,forward_nontrading,Sunday,1,-0.201812330899494
tiqqwj,2022-03-20,DAX,2022-03-21,forward_nontrading,Sunday,1,0.2415010208884874
tj5kld,2022-03-21,DAX,2022-03-21,same_day,trading_day,0,0.2609611414372921
tj949y,2022-03-21,DAX,2022-03-21,same_day,trading_day,0,-0.4700415916740894
tjaenp,2022-03-21,DAX,2022-03-21,same_day,trading_day,0,-0.0948828825106223
tjbah7,2022-03-21,DAX,2022-03-21,same_day,trading_day,0,-0.0044528033247153
tjbb7x,2022-03-21,DAX,2022-03-21,same_day,trading_day,0,0.0003325855931299
tjdlgd,2022-03-21,DAX,2022-03-21,same_day,trading_day,0,0.1729065477848053
tjembs,2022-03-21,DAX,2022-03-21,same_day,trading_day,0,0.0164801900585492
tjg116,2022-03-21,DAX,2022-03-21,same_day,trading_day,0,0.0239165353302198
tjhyrf,2022-03-21,DAX,2022-03-21,same_day,trading_day,0,-0.3897525711323727
tjiynm,2022-03-21,DAX,2022-03-21,same_day,trading_day,0,0.0240988085667292
tjmrbt,2022-03-21,DAX,2022-03-21,same_day,trading_day,0,-0.0194953313114604
tk155b,2022-03-22,DAX,2022-03-22,same_day,trading_day,0,-0.1509060681398426
tk1y9d,2022-03-22,DAX,2022-03-22,same_day,trading_day,0,0.1523756476777509
tk1zbb,2022-03-22,DAX,2022-03-22,same_day,trading_day,0,0.1551569541180996
tk9hfj,2022-03-22,DAX,2022-03-22,same_day,trading_day,0,-0.2533842697739601
tkcv1o,2022-03-22,DAX,2022-03-22,same_day,trading_day,0,0.1304369827429222
tkd3p6,2022-03-22,DAX,2022-03-22,same_day,trading_day,0,-0.1521847061812877
tkdq2o,2022-03-22,DAX,2022-03-22,same_day,trading_day,0,-0.2678245410012702
tkeo19,2022-03-22,DAX,2022-03-22,same_day,trading_day,0,-0.9563298411667348
tkh0hn,2022-03-23,DAX,2022-03-23,same_day,trading_day,0,-0.1763862955517002
tkr47l,2022-03-23,DAX,2022-03-23,same_day,trading_day,0,0.0346202685808141
tksakv,2022-03-23,DAX,2022-03-23,same_day,trading_day,0,0.0041262060403823
tksv6g,2022-03-23,DAX,2022-03-23,same_day,trading_day,0,0.010412296788259
tkt7d5,2022-03-23,DAX,2022-03-23,same_day,trading_day,0,0.0210104526951909
tkt8yp,2022-03-23,DAX,2022-03-23,same_day,trading_day,0,-0.0111410563066601
tkued5,2022-03-23,DAX,2022-03-23,same_day,trading_day,0,-0.162733622181874
tkuyyv,2022-03-23,DAX,2022-03-23,same_day,trading_day,0,0.087605126388371
tlfts1,2022-03-23,DAX,2022-03-23,same_day,trading_day,0,-0.0500953783177667
tlyi4t,2022-03-24,DAX,2022-03-24,same_day,trading_day,0,0.0597099500397841
tlyif6,2022-03-24,DAX,2022-03-24,same_day,trading_day,0,0.0619822790225346
tlyzwh,2022-03-24,DAX,2022-03-24,same_day,trading_day,0,-0.9580330532044172
tm29l2,2022-03-24,DAX,2022-03-24,same_day,trading_day,0,-0.2252613418580343
tm2m17,2022-03-24,DAX,2022-03-24,same_day,trading_day,0,0.2688959902152419
tm4eay,2022-03-24,DAX,2022-03-24,same_day,trading_day,0,-0.0805544015485793
tm4eyq,2022-03-24,DAX,2022-03-24,same_day,trading_day,0,-0.003956700708451
tm4flu,2022-03-24,DAX,2022-03-24,same_day,trading_day,0,-0.0175034761767495
tmcf28,2022-03-24,DAX,2022-03-24,same_day,trading_day,0,-0.5891292956657708
tn0rlf,2022-03-24,DAX,2022-03-24,same_day,trading_day,0,-0.0342531030997634
tn62rf,2022-03-24,DAX,2022-03-24,same_day,trading_day,0,-0.112151199037692
tna2uf,2022-03-25,DAX,2022-03-25,same_day,trading_day,0,-0.5352849200367927
tnks94,2022-03-25,DAX,2022-03-25,same_day,trading_day,0,0.3076645553644214
tnkvv5,2022-03-25,DAX,2022-03-25,same_day,trading_day,0,0.0631267481232778
tnkwjv,2022-03-25,DAX,2022-03-25,same_day,trading_day,0,0.0373790631704825
tnr5ib,2022-03-25,DAX,2022-03-25,same_day,trading_day,0,0.1276985921431332
tnypxz,2022-03-25,DAX,2022-03-25,same_day,trading_day,0,-0.1289597612551667
to55fm,2022-03-25,DAX,2022-03-25,same_day,trading_day,0,0.0866366755838195
to5eu3,2022-03-25,DAX,2022-03-25,same_day,trading_day,0,0.0907938557056089
toarrz,2022-03-26,DAX,2022-03-28,forward_nontrading,Saturday,2,0.0505198469791229
tonf1v,2022-03-26,DAX,2022-03-28,forward_nontrading,Saturday,2,0.2813294921070337
torgms,2022-03-26,DAX,2022-03-28,forward_nontrading,Saturday,2,0.118059945354859
tozy3h,2022-03-26,DAX,2022-03-28,forward_nontrading,Saturday,2,-0.2715897861868143
tp8sos,2022-03-27,DAX,2022-03-28,forward_nontrading,Sunday,1,0.0593922686239238
tp97jy,2022-03-27,DAX,2022-03-28,forward_nontrading,Sunday,1,0.1878510426458281
tpeoig,2022-03-27,DAX,2022-03-28,forward_nontrading,Sunday,1,0.1008213549656303
tpn2uh,2022-03-27,DAX,2022-03-28,forward_nontrading,Sunday,1,-0.2637586333347779
tq4skh,2022-03-28,DAX,2022-03-28,same_day,trading_day,0,-0.2929087672382593
tq8nxq,2022-03-28,DAX,2022-03-28,same_day,trading_day,0,-0.0278383204848438
tq8p5c,2022-03-28,DAX,2022-03-28,same_day,trading_day,0,-0.048068420545986
tqaixr,2022-03-28,DAX,2022-03-28,same_day,trading_day,0,-0.2679552855635328
tqj8n5,2022-03-28,DAX,2022-03-28,same_day,trading_day,0,0.052255425028243
tqnibp,2022-03-29,DAX,2022-03-29,same_day,trading_day,0,0.0068150444421917
tqy7bc,2022-03-29,DAX,2022-03-29,same_day,trading_day,0,0.0542422761284416
tqy7xv,2022-03-29,DAX,2022-03-29,same_day,trading_day,0,0.0518980136248054
tr0n7d,2022-03-29,DAX,2022-03-29,same_day,trading_day,0,-0.1538146194560747
tr1cdv,2022-03-29,DAX,2022-03-29,same_day,trading_day,0,0.0643653891359766
trjf5e,2022-03-29,DAX,2022-03-29,same_day,trading_day,0,-0.0170424312774865
trs8yh,2022-03-29,DAX,2022-03-29,same_day,trading_day,0,-0.1916476397488553
ts5ahw,2022-03-30,DAX,2022-03-30,same_day,trading_day,0,-0.0912368926962
ts5b8o,2022-03-30,DAX,2022-03-30,same_day,trading_day,0,-0.0900402416283374
ts8yld,2022-03-30,DAX,2022-03-30,same_day,trading_day,0,-0.0949415018782019
tsatuk,2022-03-30,DAX,2022-03-30,same_day,trading_day,0,0.7473738715052605
tsw5p3,2022-03-31,DAX,2022-03-31,same_day,trading_day,0,0.7990362420678139
tsyjbk,2022-03-31,DAX,2022-03-31,same_day,trading_day,0,-0.2517793495288311
tsyk07,2022-03-31,DAX,2022-03-31,same_day,trading_day,0,-0.2606956913103267
tsz34i,2022-03-31,DAX,2022-03-31,same_day,trading_day,0,-0.5057810004800558
tszbcz,2022-03-31,DAX,2022-03-31,same_day,trading_day,0,0.0188526509640117
tt5cer,2022-03-31,DAX,2022-03-31,same_day,trading_day,0,0.0633895769304431
tt7lzs,2022-03-31,DAX,2022-03-31,same_day,trading_day,0,-0.1335388488051566
ttad7y,2022-03-31,DAX,2022-03-31,same_day,trading_day,0,-0.1820725837976417
tth665,2022-04-01,DAX,2022-04-01,same_day,trading_day,0,-0.0393644960981512
tto6j2,2022-04-01,DAX,2022-04-01,same_day,trading_day,0,0.1128591241452981
ttt4l0,2022-04-01,DAX,2022-04-01,same_day,trading_day,0,0.2935745030907648
tu1727,2022-04-01,DAX,2022-04-01,same_day,trading_day,0,0.0104152829470959
tu2h16,2022-04-01,DAX,2022-04-01,same_day,trading_day,0,-0.1966669635371641
tu6qhy,2022-04-02,DAX,2022-04-04,forward_nontrading,Saturday,2,-0.0949545237817801
tu6rv4,2022-04-02,DAX,2022-04-04,forward_nontrading,Saturday,2,-0.0867290686932392
tu8xlx,2022-04-02,DAX,2022-04-04,forward_nontrading,Saturday,2,0.137580883813401
tumycz,2022-04-02,DAX,2022-04-04,forward_nontrading,Saturday,2,-0.1657915769765774
tup35r,2022-04-02,DAX,2022-04-04,forward_nontrading,Saturday,2,-0.0565445488609839
tvfmn8,2022-04-03,DAX,2022-04-04,forward_nontrading,Sunday,1,0.0147358667933278
tvg8hk,2022-04-03,DAX,2022-04-04,forward_nontrading,Sunday,1,-0.2948724091710413
tvwb01,2022-04-04,DAX,2022-04-04,same_day,trading_day,0,0.1563548985868692
tvz423,2022-04-04,DAX,2022-04-04,same_day,trading_day,0,-0.9590749442577362
tvztlh,2022-04-04,DAX,2022-04-04,same_day,trading_day,0,-0.2022511959075927
tw003d,2022-04-04,DAX,2022-04-04,same_day,trading_day,0,-0.24291056453843
tw1jb0,2022-04-04,DAX,2022-04-04,same_day,trading_day,0,0.1023442523129394
tw1ju4,2022-04-04,DAX,2022-04-04,same_day,trading_day,0,0.1070211926238861
tw1tc0,2022-04-04,DAX,2022-04-04,same_day,trading_day,0,0.2780343800702173
tw2tgu,2022-04-04,DAX,2022-04-04,same_day,trading_day,0,-0.737871564924717
tw6usg,2022-04-04,DAX,2022-04-04,same_day,trading_day,0,-0.1565279066562652
twdp9g,2022-04-04,DAX,2022-04-04,same_day,trading_day,0,0.0489836171292132
twl8fa,2022-04-05,DAX,2022-04-05,same_day,trading_day,0,0.0560893389130277
twsuhk,2022-04-05,DAX,2022-04-05,same_day,trading_day,0,-0.215136419981718
twtrd3,2022-04-05,DAX,2022-04-05,same_day,trading_day,0,0.1016344520793264
twts1u,2022-04-05,DAX,2022-04-05,same_day,trading_day,0,0.1041867605966042
twwvpg,2022-04-05,DAX,2022-04-05,same_day,trading_day,0,-0.8895343979820609
twwz51,2022-04-05,DAX,2022-04-05,same_day,trading_day,0,-0.8895343979820609
txbde4,2022-04-06,DAX,2022-04-06,same_day,trading_day,0,-0.1103177494602277
txbrcd,2022-04-06,DAX,2022-04-06,same_day,trading_day,0,-0.1360602958926133
txkrxv,2022-04-06,DAX,2022-04-06,same_day,trading_day,0,0.3010975659514467
txljri,2022-04-06,DAX,2022-04-06,same_day,trading_day,0,-0.0647319098483891
txlkgd,2022-04-06,DAX,2022-04-06,same_day,trading_day,0,-0.0671049183326177
txqmw6,2022-04-06,DAX,2022-04-06,same_day,trading_day,0,-0.2569241288118065
txt0ps,2022-04-06,DAX,2022-04-06,same_day,trading_day,0,-0.270665232402583
txw3o7,2022-04-06,DAX,2022-04-06,same_day,trading_day,0,-0.1541828297678444
txwlfs,2022-04-06,DAX,2022-04-06,same_day,trading_day,0,0.2254411729797721
tyavf4,2022-04-07,DAX,2022-04-07,same_day,trading_day,0,-0.2258651648648083
tybc9c,2022-04-07,DAX,2022-04-07,same_day,trading_day,0,-0.3164123029758533
tybxje,2022-04-07,DAX,2022-04-07,same_day,trading_day,0,-0.0086298109174279
tyby4k,2022-04-07,DAX,2022-04-07,same_day,trading_day,0,-0.0121568204614065
tygt36,2022-04-07,DAX,2022-04-07,same_day,trading_day,0,-0.3159653446278893
tyih0c,2022-04-07,DAX,2022-04-07,same_day,trading_day,0,-0.8047830555588007
tymed7,2022-04-07,DAX,2022-04-07,same_day,trading_day,0,-0.029850986094347
tz4vs6,2022-04-08,DAX,2022-04-08,same_day,trading_day,0,-0.34815286745828
tzcsfh,2022-04-08,DAX,2022-04-08,same_day,trading_day,0,0.0076468993951989
tzft11,2022-04-08,DAX,2022-04-08,same_day,trading_day,0,-0.0457560002997827
tzfu64,2022-04-08,DAX,2022-04-08,same_day,trading_day,0,-0.0456297696917318
tzua4n,2022-04-09,DAX,2022-04-11,forward_nontrading,Saturday,2,-0.2420426990009016
u03jky,2022-04-09,DAX,2022-04-11,forward_nontrading,Saturday,2,0.0438454709947109
u03oa1,2022-04-09,DAX,2022-04-11,forward_nontrading,Saturday,2,0.0282504875212907
u0gm37,2022-04-10,DAX,2022-04-11,forward_nontrading,Sunday,1,-0.0216268517076969
u0tzqi,2022-04-10,DAX,2022-04-11,forward_nontrading,Sunday,1,-0.2072530909596632
u17j2u,2022-04-11,DAX,2022-04-11,same_day,trading_day,0,-0.1201567378267645
u1hpp4,2022-04-11,DAX,2022-04-11,same_day,trading_day,0,-0.0734696931119055
u24upf,2022-04-12,DAX,2022-04-12,same_day,trading_day,0,0.2550457214404429
u254b1,2022-04-12,DAX,2022-04-12,same_day,trading_day,0,0.2556902295244592
u2cde3,2022-04-12,DAX,2022-04-12,same_day,trading_day,0,0.0879458612045989
u2ko0b,2022-04-13,DAX,2022-04-13,same_day,trading_day,0,-0.4899839822148136
u2loh3,2022-04-13,DAX,2022-04-13,same_day,trading_day,0,-0.0940276645123958
u2uqas,2022-04-13,DAX,2022-04-13,same_day,trading_day,0,-0.6552661918103695
u3g9im,2022-04-14,DAX,2022-04-14,same_day,trading_day,0,0.4265382469997608
u3kijh,2022-04-14,DAX,2022-04-14,same_day,trading_day,0,-0.0773280937224626
u3mp96,2022-04-14,DAX,2022-04-14,same_day,trading_day,0,-0.0317123904824256
u3nvg8,2022-04-14,DAX,2022-04-14,same_day,trading_day,0,-0.2748560054118142
u3pbhh,2022-04-14,DAX,2022-04-14,same_day,trading_day,0,-0.8780277222394943
u3pm89,2022-04-14,DAX,2022-04-14,same_day,trading_day,0,-0.0210898851510137
u3rnof,2022-04-14,DAX,2022-04-14,same_day,trading_day,0,-0.0936459597704621
u3rokl,2022-04-14,DAX,2022-04-14,same_day,trading_day,0,-0.0880217225795301
u43azn,2022-04-15,DAX,2022-04-19,forward_nontrading,weekday_nontrading,4,-0.0064048394560813
u46tzd,2022-04-15,DAX,2022-04-19,forward_nontrading,weekday_nontrading,4,0.0478156104429878
u47n5z,2022-04-15,DAX,2022-04-19,forward_nontrading,weekday_nontrading,4,0.3129461555508896
u4dsoz,2022-04-15,DAX,2022-04-19,forward_nontrading,weekday_nontrading,4,-0.0413888019199172
u521ic,2022-04-16,DAX,2022-04-19,forward_nontrading,Saturday,3,-0.1769533920282077
u58y90,2022-04-16,DAX,2022-04-19,forward_nontrading,Saturday,3,-0.4950302267550595
u5ql81,2022-04-17,DAX,2022-04-19,forward_nontrading,Sunday,2,-0.2394651827187492
u5t4km,2022-04-17,DAX,2022-04-19,forward_nontrading,Sunday,2,-0.0877073403033945
u5tn5b,2022-04-17,DAX,2022-04-19,forward_nontrading,Sunday,2,-0.3210801045643165
u5ub0s,2022-04-17,DAX,2022-04-19,forward_nontrading,Sunday,2,-0.0529810674488544
u5zoz8,2022-04-17,DAX,2022-04-19,forward_nontrading,Sunday,2,-0.1569281076746327
u617h8,2022-04-18,DAX,2022-04-19,forward_nontrading,weekday_nontrading,1,0.0310727362520992
u6f648,2022-04-18,DAX,2022-04-19,forward_nontrading,weekday_nontrading,1,-0.3200802723877132
u6ie40,2022-04-18,DAX,2022-04-19,forward_nontrading,weekday_nontrading,1,-0.060211436713443
u6m6bj,2022-04-18,DAX,2022-04-19,forward_nontrading,weekday_nontrading,1,0.0020857087361651
u6mxlm,2022-04-18,DAX,2022-04-19,forward_nontrading,weekday_nontrading,1,0.0678933643608947
u7bc2t,2022-04-19,DAX,2022-04-19,same_day,trading_day,0,0.1015195548534393
u7f3jz,2022-04-19,DAX,2022-04-19,same_day,trading_day,0,-0.8183741382478426
u7fh11,2022-04-19,DAX,2022-04-19,same_day,trading_day,0,-0.3286534866238845
u7gqiz,2022-04-19,DAX,2022-04-19,same_day,trading_day,0,-0.2430124567888145
u7kw9i,2022-04-20,DAX,2022-04-20,same_day,trading_day,0,-0.3271790350787341
u7ouu4,2022-04-20,DAX,2022-04-20,same_day,trading_day,0,-0.6152689017665883
u80l26,2022-04-20,DAX,2022-04-20,same_day,trading_day,0,0.0365737673038473
u80lu9,2022-04-20,DAX,2022-04-20,same_day,trading_day,0,0.0365737673038473
u8fb6r,2022-04-21,DAX,2022-04-21,same_day,trading_day,0,-0.0394999796883502
u8x268,2022-04-21,DAX,2022-04-21,same_day,trading_day,0,-0.0719415029794301
u908l4,2022-04-21,DAX,2022-04-21,same_day,trading_day,0,0.3148882989254262
u90p7k,2022-04-21,DAX,2022-04-21,same_day,trading_day,0,0.3330827309853501
u9d17m,2022-04-22,DAX,2022-04-22,same_day,trading_day,0,-0.0327764573240919
u9ovec,2022-04-22,DAX,2022-04-22,same_day,trading_day,0,-0.0391614917925624
u9x6bn,2022-04-23,DAX,2022-04-25,forward_nontrading,Saturday,2,-0.2788499656692147
u9x70i,2022-04-23,DAX,2022-04-25,forward_nontrading,Saturday,2,-0.2788499656692147
u9y7en,2022-04-23,DAX,2022-04-25,forward_nontrading,Saturday,2,0.0673371829212673
ua5hjm,2022-04-23,DAX,2022-04-25,forward_nontrading,Saturday,2,-0.0818271422758698
uai4ex,2022-04-23,DAX,2022-04-25,forward_nontrading,Saturday,2,0.302001607293884
uavfl8,2022-04-24,DAX,2022-04-25,forward_nontrading,Sunday,1,-0.0396989827147788
uazmxa,2022-04-24,DAX,2022-04-25,forward_nontrading,Sunday,1,-0.3787358571730909
ub3pzh,2022-04-24,DAX,2022-04-25,forward_nontrading,Sunday,1,-0.3343945369124412
ub5kg2,2022-04-24,DAX,2022-04-25,forward_nontrading,Sunday,1,-0.2003645247055424
ubacuj,2022-04-25,DAX,2022-04-25,same_day,trading_day,0,-0.4362328043207526
ubj3g5,2022-04-25,DAX,2022-04-25,same_day,trading_day,0,0.2733186045661569
ubmdqd,2022-04-25,DAX,2022-04-25,same_day,trading_day,0,0.0555495444219559
ucivd5,2022-04-26,DAX,2022-04-26,same_day,trading_day,0,-0.7380059026181698
ucn4wg,2022-04-26,DAX,2022-04-26,same_day,trading_day,0,-0.1362299293279648
ucs69e,2022-04-27,DAX,2022-04-27,same_day,trading_day,0,0.0307116956760485
ucsdap,2022-04-27,DAX,2022-04-27,same_day,trading_day,0,-0.5434617560046414
ud28ci,2022-04-27,DAX,2022-04-27,same_day,trading_day,0,-0.2476133271120488
ud2gvw,2022-04-27,DAX,2022-04-27,same_day,trading_day,0,0.0193048565147014
ud4u9d,2022-04-27,DAX,2022-04-27,same_day,trading_day,0,-0.3647430402298386
ud5hle,2022-04-27,DAX,2022-04-27,same_day,trading_day,0,0.0953939774384101
udcu5q,2022-04-27,DAX,2022-04-27,same_day,trading_day,0,0.0845243743620813
udec7z,2022-04-27,DAX,2022-04-27,same_day,trading_day,0,-0.2310276421540904
udf245,2022-04-27,DAX,2022-04-27,same_day,trading_day,0,-0.2051984499572071
udozbi,2022-04-28,DAX,2022-04-28,same_day,trading_day,0,-0.1501838040368801
udu25j,2022-04-28,DAX,2022-04-28,same_day,trading_day,0,-0.1083159236966267
uduivu,2022-04-28,DAX,2022-04-28,same_day,trading_day,0,-0.5816336878575386
uduxu9,2022-04-28,DAX,2022-04-28,same_day,trading_day,0,-0.3716607553263505
udx78k,2022-04-28,DAX,2022-04-28,same_day,trading_day,0,-0.1321562719531357
udxxoz,2022-04-28,DAX,2022-04-28,same_day,trading_day,0,-0.5949197832960635
udyvfn,2022-04-28,DAX,2022-04-28,same_day,trading_day,0,-0.830663412809372
ue6rmm,2022-04-28,DAX,2022-04-28,same_day,trading_day,0,-0.0755770723169137
ueoqvn,2022-04-29,DAX,2022-04-29,same_day,trading_day,0,-0.1136547788445438
uepycb,2022-04-29,DAX,2022-04-29,same_day,trading_day,0,-0.2794757541269064
ueud5h,2022-04-29,DAX,2022-04-29,same_day,trading_day,0,-0.1518767961145689
ueue83,2022-04-29,DAX,2022-04-29,same_day,trading_day,0,-0.1511560483680417
ueuiq0,2022-04-29,DAX,2022-04-29,same_day,trading_day,0,0.2752559894738211
uew0n5,2022-04-29,DAX,2022-04-29,same_day,trading_day,0,-0.028948787599802
uexv22,2022-04-29,DAX,2022-04-29,same_day,trading_day,0,-0.239049531891942
uf7e4i,2022-04-30,DAX,2022-05-02,forward_nontrading,Saturday,2,-0.0078437921724149
uf7l40,2022-04-30,DAX,2022-05-02,forward_nontrading,Saturday,2,-0.2631156491115689
ufa182,2022-04-30,DAX,2022-05-02,forward_nontrading,Saturday,2,-0.1247126744089958
ufa27p,2022-04-30,DAX,2022-05-02,forward_nontrading,Saturday,2,-0.1245519033749588
ufb746,2022-04-30,DAX,2022-05-02,forward_nontrading,Saturday,2,-0.3039156759835102
ufcywh,2022-04-30,DAX,2022-05-02,forward_nontrading,Saturday,2,0.1647493990815498
ug17g9,2022-05-01,DAX,2022-05-02,forward_nontrading,Sunday,1,-0.1588577930566056
ug7fhn,2022-05-01,DAX,2022-05-02,forward_nontrading,Sunday,1,0.1434558251251777
ugjcxk,2022-05-02,DAX,2022-05-02,same_day,trading_day,0,0.0418614199207652
ugu9pr,2022-05-02,DAX,2022-05-02,same_day,trading_day,0,-0.2448656749394205
uh1zeh,2022-05-02,DAX,2022-05-02,same_day,trading_day,0,0.1447537746225648
uh2c68,2022-05-02,DAX,2022-05-02,same_day,trading_day,0,-0.0145566851521531
uh5b0g,2022-05-03,DAX,2022-05-03,same_day,trading_day,0,0.1117886690836814
uhfjtf,2022-05-03,DAX,2022-05-03,same_day,trading_day,0,-0.0406996874504168
uhfkx0,2022-05-03,DAX,2022-05-03,same_day,trading_day,0,-0.0671736306759218
uhmzjr,2022-05-03,DAX,2022-05-03,same_day,trading_day,0,-0.1383310894792278
ui5sw9,2022-05-04,DAX,2022-05-04,same_day,trading_day,0,-0.0026036338064313
ui5tkc,2022-05-04,DAX,2022-05-04,same_day,trading_day,0,0.0002384169318248
uibrxp,2022-05-04,DAX,2022-05-04,same_day,trading_day,0,0.3706899303597984
uijsy9,2022-05-04,DAX,2022-05-04,same_day,trading_day,0,-0.0486794554453808
uike8a,2022-05-05,DAX,2022-05-05,same_day,trading_day,0,-0.3067422133559982
uj16c3,2022-05-05,DAX,2022-05-05,same_day,trading_day,0,-0.2379235185682773
uj1oxt,2022-05-05,DAX,2022-05-05,same_day,trading_day,0,-0.2917882405111894
uj2haj,2022-05-05,DAX,2022-05-05,same_day,trading_day,0,-0.3365569116195311
uj3694,2022-05-05,DAX,2022-05-05,same_day,trading_day,0,-0.0741929431947377
uja7np,2022-05-05,DAX,2022-05-05,same_day,trading_day,0,-0.2698913481106738
ujclt0,2022-05-06,DAX,2022-05-06,same_day,trading_day,0,-0.6244497210496949
ujjeww,2022-05-06,DAX,2022-05-06,same_day,trading_day,0,-0.1010142388857073
uk22vv,2022-05-07,DAX,2022-05-09,forward_nontrading,Saturday,2,-0.1934705973680441
uk24ds,2022-05-07,DAX,2022-05-09,forward_nontrading,Saturday,2,-0.1916479743008191
uk5tbp,2022-05-07,DAX,2022-05-09,forward_nontrading,Saturday,2,-0.132398969028145
uk8o5z,2022-05-07,DAX,2022-05-09,forward_nontrading,Saturday,2,-0.2019477298017591
uketqw,2022-05-07,DAX,2022-05-09,forward_nontrading,Saturday,2,-0.0136208030162379
ukf9is,2022-05-07,DAX,2022-05-09,forward_nontrading,Saturday,2,-0.1682261734191949
ul3wo8,2022-05-08,DAX,2022-05-09,forward_nontrading,Sunday,1,-0.1704202656168491
ul52k9,2022-05-08,DAX,2022-05-09,forward_nontrading,Sunday,1,-0.241844166489318
ul8em1,2022-05-08,DAX,2022-05-09,forward_nontrading,Sunday,1,0.0075987983494997
ul8snm,2022-05-08,DAX,2022-05-09,forward_nontrading,Sunday,1,-0.0266261917228499
ula3jo,2022-05-08,DAX,2022-05-09,forward_nontrading,Sunday,1,0.0799228940857574
ulhgmr,2022-05-09,DAX,2022-05-09,same_day,trading_day,0,-0.0895519838806983
ulqoab,2022-05-09,DAX,2022-05-09,same_day,trading_day,0,-0.1066993232816457
ulqpso,2022-05-09,DAX,2022-05-09,same_day,trading_day,0,-0.1243275897073987
ulxya1,2022-05-09,DAX,2022-05-09,same_day,trading_day,0,-0.4908727572765201
ulyw1x,2022-05-09,DAX,2022-05-09,same_day,trading_day,0,-0.5620113143020056
ulzlrx,2022-05-09,DAX,2022-05-09,same_day,trading_day,0,-0.3988812306676718
umlboo,2022-05-10,DAX,2022-05-10,same_day,trading_day,0,-0.2828079566534143
umqnki,2022-05-10,DAX,2022-05-10,same_day,trading_day,0,-0.0655722345691174
unkfqh,2022-05-11,DAX,2022-05-11,same_day,trading_day,0,-0.1061048245367904
unly13,2022-05-11,DAX,2022-05-11,same_day,trading_day,0,-0.6468756165769365
unmtwn,2022-05-11,DAX,2022-05-11,same_day,trading_day,0,-0.3133508253044316
unmyby,2022-05-11,DAX,2022-05-11,same_day,trading_day,0,-0.6529959113233619
untrr0,2022-05-12,DAX,2022-05-12,same_day,trading_day,0,-0.2311403169296682
uo1yik,2022-05-12,DAX,2022-05-12,same_day,trading_day,0,0.133624380454421
uoafni,2022-05-12,DAX,2022-05-12,same_day,trading_day,0,-0.4022628798459966
uoqb4g,2022-05-13,DAX,2022-05-13,same_day,trading_day,0,0.0100968642426388
uos9sx,2022-05-13,DAX,2022-05-13,same_day,trading_day,0,0.100841524079442
uoz8os,2022-05-13,DAX,2022-05-13,same_day,trading_day,0,-0.0443175170637135
uphtyk,2022-05-14,DAX,2022-05-16,forward_nontrading,Saturday,2,-0.3769031931380076
uq6yak,2022-05-15,DAX,2022-05-16,forward_nontrading,Sunday,1,-0.2628928816411644
uqdqab,2022-05-15,DAX,2022-05-16,forward_nontrading,Sunday,1,-0.0931720752269029
uqmo1q,2022-05-16,DAX,2022-05-16,same_day,trading_day,0,-0.2227664684931583
uqvmh4,2022-05-16,DAX,2022-05-16,same_day,trading_day,0,0.1581342624975185
ur00pp,2022-05-16,DAX,2022-05-16,same_day,trading_day,0,-0.5554121013730764
ur1j2p,2022-05-16,DAX,2022-05-16,same_day,trading_day,0,-0.4062978699803352
urblk4,2022-05-17,DAX,2022-05-17,same_day,trading_day,0,-0.0541885420680046
urmjfv,2022-05-17,DAX,2022-05-17,same_day,trading_day,0,-0.3299541000160388
urpi1g,2022-05-17,DAX,2022-05-17,same_day,trading_day,0,0.4023630398818675
usbrd8,2022-05-18,DAX,2022-05-18,same_day,trading_day,0,-0.0803753376239911
uscsh9,2022-05-18,DAX,2022-05-18,same_day,trading_day,0,0.1659851896467016
usebb7,2022-05-18,DAX,2022-05-18,same_day,trading_day,0,0.0351495647200328
usexv9,2022-05-18,DAX,2022-05-18,same_day,trading_day,0,-0.2297057251135508
ut64k9,2022-05-19,DAX,2022-05-19,same_day,trading_day,0,-0.5427464274246068
ut6bak,2022-05-19,DAX,2022-05-19,same_day,trading_day,0,-0.3075675183546639
utf65p,2022-05-19,DAX,2022-05-19,same_day,trading_day,0,-0.081074169371277
utjark,2022-05-20,DAX,2022-05-20,same_day,trading_day,0,-0.0361062299925833
utl1iu,2022-05-20,DAX,2022-05-20,same_day,trading_day,0,-0.5612631169413882
utl3f7,2022-05-20,DAX,2022-05-20,same_day,trading_day,0,-0.5589216055481562
utyv5f,2022-05-20,DAX,2022-05-20,same_day,trading_day,0,-0.2062042549174899
uu573v,2022-05-20,DAX,2022-05-20,same_day,trading_day,0,0.3084669860079884
uubbsw,2022-05-21,DAX,2022-05-23,forward_nontrading,Saturday,2,-0.0192960860739861
uutln9,2022-05-21,DAX,2022-05-23,forward_nontrading,Saturday,2,-0.1147637089545076
uuwpm2,2022-05-21,DAX,2022-05-23,forward_nontrading,Saturday,2,-0.3280968109611422
uv0xjv,2022-05-22,DAX,2022-05-23,forward_nontrading,Sunday,1,-0.5128362877294421
uvh7ly,2022-05-22,DAX,2022-05-23,forward_nontrading,Sunday,1,-0.3544974931670973
uw0mqz,2022-05-23,DAX,2022-05-23,same_day,trading_day,0,0.1697204642971469
uw6d1o,2022-05-23,DAX,2022-05-23,same_day,trading_day,0,-0.2228614568996887
uw7ep7,2022-05-23,DAX,2022-05-23,same_day,trading_day,0,-0.4149723637383431
uwb14p,2022-05-23,DAX,2022-05-23,same_day,trading_day,0,-0.4149723637383431
uwi3vs,2022-05-24,DAX,2022-05-24,same_day,trading_day,0,-0.407611959730275
uwwo7k,2022-05-24,DAX,2022-05-24,same_day,trading_day,0,-0.6949832611717284
uwygft,2022-05-24,DAX,2022-05-24,same_day,trading_day,0,-0.2665221565826373
uxbtkb,2022-05-25,DAX,2022-05-25,same_day,trading_day,0,-0.5516735721612349
uxkxcm,2022-05-25,DAX,2022-05-25,same_day,trading_day,0,-0.4379538258071989
uxo44z,2022-05-25,DAX,2022-05-25,same_day,trading_day,0,0.0684374775379323
uxq7os,2022-05-25,DAX,2022-05-25,same_day,trading_day,0,-0.0798602582265933
uxqiop,2022-05-25,DAX,2022-05-25,same_day,trading_day,0,-0.4099434149296334
uxz2bq,2022-05-26,DAX,2022-05-26,same_day,trading_day,0,-0.1744366240454837
uy4wnq,2022-05-26,DAX,2022-05-26,same_day,trading_day,0,-0.2404866181313991
uyc780,2022-05-26,DAX,2022-05-26,same_day,trading_day,0,0.2603510461437205
uyyf4x,2022-05-27,DAX,2022-05-27,same_day,trading_day,0,0.2508184419129975
uyzkok,2022-05-27,DAX,2022-05-27,same_day,trading_day,0,-0.0661895534289734
uzeoht,2022-05-28,DAX,2022-05-30,forward_nontrading,Saturday,2,0.3373870538004363
uzurrf,2022-05-28,DAX,2022-05-30,forward_nontrading,Saturday,2,-0.304137592613697
v15w14,2022-05-30,DAX,2022-05-30,same_day,trading_day,0,-0.4108094358816743
v1bcxe,2022-05-30,DAX,2022-05-30,same_day,trading_day,0,0.0343659073114395
v1enh6,2022-05-31,DAX,2022-05-31,same_day,trading_day,0,-0.0763182364818122
v2iiua,2022-06-01,DAX,2022-06-01,same_day,trading_day,0,-0.8264521174132824
v2ijze,2022-06-01,DAX,2022-06-01,same_day,trading_day,0,-0.0563044637441635
v2jv1a,2022-06-01,DAX,2022-06-01,same_day,trading_day,0,-0.784915916621685
v2lp5p,2022-06-01,DAX,2022-06-01,same_day,trading_day,0,-0.8855223786085844
v2weer,2022-06-02,DAX,2022-06-02,same_day,trading_day,0,-0.3303843581710349
v3wcpr,2022-06-03,DAX,2022-06-03,same_day,trading_day,0,0.3191741276532411
v40vr5,2022-06-03,DAX,2022-06-03,same_day,trading_day,0,0.2638722288732727
v42iw9,2022-06-03,DAX,2022-06-03,same_day,trading_day,0,-0.7818710468709469
v42x8z,2022-06-03,DAX,2022-06-03,same_day,trading_day,0,-0.0571527684883524
v5d0sc,2022-06-05,DAX,2022-06-06,forward_nontrading,Sunday,1,-0.8315608376129108
v5kf1o,2022-06-05,DAX,2022-06-06,forward_nontrading,Sunday,1,0.1744380744639784
v6rjkw,2022-06-07,DAX,2022-06-07,same_day,trading_day,0,-0.4230902963044012
v74jg6,2022-06-07,DAX,2022-06-07,same_day,trading_day,0,0.1408045938504593
v77f8n,2022-06-07,DAX,2022-06-07,same_day,trading_day,0,0.3802069270362456
v7acpd,2022-06-07,DAX,2022-06-07,same_day,trading_day,0,-0.5814325887754205
v7ews7,2022-06-08,DAX,2022-06-08,same_day,trading_day,0,-0.2548384155767659
v7vmz2,2022-06-08,DAX,2022-06-08,same_day,trading_day,0,0.0270892679691314
v7y4tv,2022-06-08,DAX,2022-06-08,same_day,trading_day,0,0.2582646368869713
v8gdu1,2022-06-09,DAX,2022-06-09,same_day,trading_day,0,0.2445376920422502
v8icyc,2022-06-09,DAX,2022-06-09,same_day,trading_day,0,-0.3517557419836521
v96u59,2022-06-10,DAX,2022-06-10,same_day,trading_day,0,0.1088539522832199
v9ecdg,2022-06-10,DAX,2022-06-10,same_day,trading_day,0,-0.6442619695709171
v9wqou,2022-06-11,DAX,2022-06-13,forward_nontrading,Saturday,2,-0.0168965873553564
vae7mh,2022-06-12,DAX,2022-06-13,forward_nontrading,Sunday,1,-0.0984361343266021
vammlp,2022-06-12,DAX,2022-06-13,forward_nontrading,Sunday,1,-0.3921412902418524
vatj04,2022-06-12,DAX,2022-06-13,forward_nontrading,Sunday,1,-0.2131640566512942
vax59e,2022-06-12,DAX,2022-06-13,forward_nontrading,Sunday,1,-0.0310886966701793
vbf53f,2022-06-13,DAX,2022-06-13,same_day,trading_day,0,-0.466350685375241
vbormt,2022-06-13,DAX,2022-06-13,same_day,trading_day,0,-0.2028260699783762
vbx0ql,2022-06-14,DAX,2022-06-14,same_day,trading_day,0,0.1081416523761369
vc6iwz,2022-06-14,DAX,2022-06-14,same_day,trading_day,0,-0.0597834838554263
vccb31,2022-06-14,DAX,2022-06-14,same_day,trading_day,0,-0.58298635813925
vcvvgi,2022-06-15,DAX,2022-06-15,same_day,trading_day,0,-0.4221319127827883
vcxv04,2022-06-15,DAX,2022-06-15,same_day,trading_day,0,-0.1308396645985982
vczwhl,2022-06-15,DAX,2022-06-15,same_day,trading_day,0,-0.0087119146871069
vd04vt,2022-06-15,DAX,2022-06-15,same_day,trading_day,0,0.0283972801019748
vdbzgg,2022-06-16,DAX,2022-06-16,same_day,trading_day,0,-0.2486980373505503
vdn10w,2022-06-16,DAX,2022-06-16,same_day,trading_day,0,0.0208022732478685
vdsmur,2022-06-16,DAX,2022-06-16,same_day,trading_day,0,-0.1509149478127558
vdvlvc,2022-06-16,DAX,2022-06-16,same_day,trading_day,0,-0.1448033857935418
ve9t80,2022-06-17,DAX,2022-06-17,same_day,trading_day,0,0.218813471780676
ve9tve,2022-06-17,DAX,2022-06-17,same_day,trading_day,0,0.2598166864934481
veo9do,2022-06-17,DAX,2022-06-17,same_day,trading_day,0,-0.1060405608791953
veqeja,2022-06-17,DAX,2022-06-17,same_day,trading_day,0,-0.257881465049771
veqfsu,2022-06-17,DAX,2022-06-17,same_day,trading_day,0,-0.2564956544199959
vf91nw,2022-06-18,DAX,2022-06-20,forward_nontrading,Saturday,2,-0.0914602555119647
vfpauj,2022-06-19,DAX,2022-06-20,forward_nontrading,Sunday,1,0.1973160945344716
vg4uj3,2022-06-19,DAX,2022-06-20,forward_nontrading,Sunday,1,-0.1861443259328118
vi6aui,2022-06-22,DAX,2022-06-22,same_day,trading_day,0,-0.739927276968956
vi81ua,2022-06-22,DAX,2022-06-22,same_day,trading_day,0,0.117493412394266
vjtnig,2022-06-24,DAX,2022-06-24,same_day,trading_day,0,-0.1606637862595644
vlhlmk,2022-06-26,DAX,2022-06-27,forward_nontrading,Sunday,1,-0.284455337212421
vmmkk9,2022-06-28,DAX,2022-06-28,same_day,trading_day,0,-0.2776018501368954
vn92up,2022-06-29,DAX,2022-06-29,same_day,trading_day,0,0.013732378800901
vnh1ap,2022-06-29,DAX,2022-06-29,same_day,trading_day,0,0.1957254639755074
vo6uop,2022-06-30,DAX,2022-06-30,same_day,trading_day,0,-0.1866860056761652
vo6vcx,2022-06-30,DAX,2022-06-30,same_day,trading_day,0,-0.2010009936802089
vob4ov,2022-06-30,DAX,2022-06-30,same_day,trading_day,0,-0.0850464558849732
vog014,2022-06-30,DAX,2022-06-30,same_day,trading_day,0,-0.0533488672226667
vogv3y,2022-06-30,DAX,2022-06-30,same_day,trading_day,0,-0.4886981029994786
vp0zyy,2022-07-01,DAX,2022-07-01,same_day,trading_day,0,0.0139084514230489
vpn2kl,2022-07-02,DAX,2022-07-04,forward_nontrading,Saturday,2,-0.4172944351099431
vruhtw,2022-07-05,DAX,2022-07-05,same_day,trading_day,0,-0.0825527024201371
vt0ds2,2022-07-06,DAX,2022-07-06,same_day,trading_day,0,-0.1588129400659133
vtsdsr,2022-07-07,DAX,2022-07-07,same_day,trading_day,0,-0.2327244233340025
vtwmod,2022-07-07,DAX,2022-07-07,same_day,trading_day,0,0.2451405839528888
vu3xn9,2022-07-08,DAX,2022-07-08,same_day,trading_day,0,-0.0688479566791405
vua07v,2022-07-08,DAX,2022-07-08,same_day,trading_day,0,0.0323885306565751
vua1gj,2022-07-08,DAX,2022-07-08,same_day,trading_day,0,0.0314209745647233
vwax7h,2022-07-11,DAX,2022-07-11,same_day,trading_day,0,-0.2577740825712681
vxi1s3,2022-07-12,DAX,2022-07-12,same_day,trading_day,0,-0.2937161537951657
vxs7yz,2022-07-13,DAX,2022-07-13,same_day,trading_day,0,-0.1402003186471436
vy4fe0,2022-07-13,DAX,2022-07-13,same_day,trading_day,0,0.0015040586927327
vyg78j,2022-07-13,DAX,2022-07-13,same_day,trading_day,0,-0.0033333592993371
vz7mdd,2022-07-14,DAX,2022-07-14,same_day,trading_day,0,-0.0270901803548137
w04kjl,2022-07-16,DAX,2022-07-18,forward_nontrading,Saturday,2,-0.0477391630411148
w153qf,2022-07-17,DAX,2022-07-18,forward_nontrading,Sunday,1,0.0300108364317566
w1rxuk,2022-07-18,DAX,2022-07-18,same_day,trading_day,0,-0.0312794141814504
w3o5e4,2022-07-20,DAX,2022-07-20,same_day,trading_day,0,-0.032726688564501
w3w6bx,2022-07-20,DAX,2022-07-20,same_day,trading_day,0,-0.2404859096432725
w4b8q8,2022-07-21,DAX,2022-07-21,same_day,trading_day,0,-0.3156788650279244
w4tgwf,2022-07-21,DAX,2022-07-21,same_day,trading_day,0,-0.0861983996712499
w5o5ah,2022-07-22,DAX,2022-07-22,same_day,trading_day,0,-0.2278963278513401
w5o6gj,2022-07-22,DAX,2022-07-22,same_day,trading_day,0,-0.2335437919129617
w5wu6q,2022-07-23,DAX,2022-07-25,forward_nontrading,Saturday,2,-0.562960885775586
w5xpbl,2022-07-23,DAX,2022-07-25,forward_nontrading,Saturday,2,-0.2180483328109538
w8fnp8,2022-07-26,DAX,2022-07-26,same_day,trading_day,0,-0.0603323028023753
w8irqr,2022-07-26,DAX,2022-07-26,same_day,trading_day,0,-0.1862694297929945
w8isxz,2022-07-26,DAX,2022-07-26,same_day,trading_day,0,-0.1855963851922928
w8kqgh,2022-07-26,DAX,2022-07-26,same_day,trading_day,0,0.1159610939212143
w8tq81,2022-07-26,DAX,2022-07-26,same_day,trading_day,0,-0.389844711481904
w997on,2022-07-27,DAX,2022-07-27,same_day,trading_day,0,-0.9566123425029218
w99zw1,2022-07-27,DAX,2022-07-27,same_day,trading_day,0,-0.4245334336250697
w9oltk,2022-07-27,DAX,2022-07-27,same_day,trading_day,0,-0.1453342288732528
w9ryz4,2022-07-27,DAX,2022-07-27,same_day,trading_day,0,-0.3817623751237988
w9vq0g,2022-07-28,DAX,2022-07-28,same_day,trading_day,0,-0.2807883579516783
wa75uf,2022-07-28,DAX,2022-07-28,same_day,trading_day,0,0.7330555526229243
wa91h5,2022-07-28,DAX,2022-07-28,same_day,trading_day,0,-0.2544927185831162
wayero,2022-07-29,DAX,2022-07-29,same_day,trading_day,0,0.0334592581105729
wbbo2d,2022-07-29,DAX,2022-07-29,same_day,trading_day,0,-0.3657799132168293
wbx4ie,2022-07-30,DAX,2022-08-01,forward_nontrading,Saturday,2,-0.2210696805268526
wcdmw9,2022-07-31,DAX,2022-08-01,forward_nontrading,Sunday,1,0.007327210432028
wd6mxt,2022-08-01,DAX,2022-08-01,same_day,trading_day,0,0.0356268671651681
weab4g,2022-08-02,DAX,2022-08-02,same_day,trading_day,0,-0.0358651870628818
weac3c,2022-08-02,DAX,2022-08-02,same_day,trading_day,0,-0.0265435646204943
wf87z3,2022-08-03,DAX,2022-08-03,same_day,trading_day,0,-0.6706674203354244
wfeyo2,2022-08-03,DAX,2022-08-03,same_day,trading_day,0,-0.6084188115783036
wg125l,2022-08-04,DAX,2022-08-04,same_day,trading_day,0,-0.1073271279068043
wg6ntw,2022-08-04,DAX,2022-08-04,same_day,trading_day,0,-0.2937284777872264
wjm4jm,2022-08-08,DAX,2022-08-08,same_day,trading_day,0,0.0473736524581909
wjmfp6,2022-08-08,DAX,2022-08-08,same_day,trading_day,0,0.3161286794181381
wjzwgm,2022-08-09,DAX,2022-08-09,same_day,trading_day,0,-0.1856595467155178
wk52po,2022-08-09,DAX,2022-08-09,same_day,trading_day,0,0.0571564999991096
wlfavc,2022-08-11,DAX,2022-08-11,same_day,trading_day,0,-0.2033321705853773
wlqinv,2022-08-11,DAX,2022-08-11,same_day,trading_day,0,0.0733773482001585
wlqjit,2022-08-11,DAX,2022-08-11,same_day,trading_day,0,0.084884930377532
wlqr6h,2022-08-11,DAX,2022-08-11,same_day,trading_day,0,-0.1268975980735073
wls7y7,2022-08-11,DAX,2022-08-11,same_day,trading_day,0,0.0278889264911413
wmhsi1,2022-08-12,DAX,2022-08-12,same_day,trading_day,0,-0.1038501858711242
wmsjwj,2022-08-12,DAX,2022-08-12,same_day,trading_day,0,-0.2068428197276911
wmxd6v,2022-08-12,DAX,2022-08-12,same_day,trading_day,0,-0.0386404809542
wnf5ow,2022-08-13,DAX,2022-08-15,forward_nontrading,Saturday,2,-0.3264235453680157
wno4yk,2022-08-13,DAX,2022-08-15,forward_nontrading,Saturday,2,-0.1852796468883752
wopaz5,2022-08-15,DAX,2022-08-15,same_day,trading_day,0,-0.1913824646866747
wpbszs,2022-08-15,DAX,2022-08-15,same_day,trading_day,0,-0.336375702505133
wpuwri,2022-08-16,DAX,2022-08-16,same_day,trading_day,0,-0.3935299634256145
wpxs96,2022-08-16,DAX,2022-08-16,same_day,trading_day,0,0.0131355639839289
wrp83q,2022-08-18,DAX,2022-08-18,same_day,trading_day,0,-0.2888137817231787
ws66dk,2022-08-19,DAX,2022-08-19,same_day,trading_day,0,-0.1252694276567452
wtc73w,2022-08-20,DAX,2022-08-22,forward_nontrading,Saturday,2,-0.1772777273416005
wvtgyd,2022-08-23,DAX,2022-08-23,same_day,trading_day,0,0.0211222424087199
wvun62,2022-08-23,DAX,2022-08-23,same_day,trading_day,0,-0.205167816755803
ww2nxe,2022-08-23,DAX,2022-08-23,same_day,trading_day,0,0.365455066319555
wwf7qh,2022-08-24,DAX,2022-08-24,same_day,trading_day,0,0.000276403215069
wxyu69,2022-08-26,DAX,2022-08-26,same_day,trading_day,0,0.1067083962261676
wy2ac9,2022-08-26,DAX,2022-08-26,same_day,trading_day,0,-0.0684420776863893
wy9r81,2022-08-26,DAX,2022-08-26,same_day,trading_day,0,0.1115381992887705
wylc08,2022-08-26,DAX,2022-08-26,same_day,trading_day,0,-0.329118438065052
wz04jd,2022-08-27,DAX,2022-08-29,forward_nontrading,Saturday,2,-0.105731330153237
x087yq,2022-08-28,DAX,2022-08-29,forward_nontrading,Sunday,1,-0.4059174060821533
x0orlx,2022-08-29,DAX,2022-08-29,same_day,trading_day,0,-0.3973324945882747
x0qiuz,2022-08-29,DAX,2022-08-29,same_day,trading_day,0,-0.0033460451628674
x0qvkz,2022-08-29,DAX,2022-08-29,same_day,trading_day,0,-0.0034698846495964
x10pau,2022-08-29,DAX,2022-08-29,same_day,trading_day,0,-0.1442482651521762
x13ano,2022-08-29,DAX,2022-08-29,same_day,trading_day,0,-0.1414375772078832
x1dkeh,2022-08-30,DAX,2022-08-30,same_day,trading_day,0,0.2676089848003661
x1jhvp,2022-08-30,DAX,2022-08-30,same_day,trading_day,0,0.6280128508806229
x1s1iy,2022-08-30,DAX,2022-08-30,same_day,trading_day,0,-0.1112900384200307
x2dejz,2022-08-31,DAX,2022-08-31,same_day,trading_day,0,0.2306614124216139
x2gp11,2022-08-31,DAX,2022-08-31,same_day,trading_day,0,-0.8708331566303968
x2gu27,2022-08-31,DAX,2022-08-31,same_day,trading_day,0,-0.8708331566303968
x5auq7,2022-09-04,DAX,2022-09-05,forward_nontrading,Sunday,1,-0.5432042069733143
x5usce,2022-09-04,DAX,2022-09-05,forward_nontrading,Sunday,1,-0.7976572345942259
x625pv,2022-09-05,DAX,2022-09-05,same_day,trading_day,0,-0.3546391079823175
x6g278,2022-09-05,DAX,2022-09-05,same_day,trading_day,0,-0.0293428488075733
x6hmaw,2022-09-05,DAX,2022-09-05,same_day,trading_day,0,-0.5327889484819025
x6r3eb,2022-09-05,DAX,2022-09-05,same_day,trading_day,0,0.0400420692749321
x7ofcl,2022-09-06,DAX,2022-09-06,same_day,trading_day,0,0.2249514636406231
x7yo4z,2022-09-07,DAX,2022-09-07,same_day,trading_day,0,-0.2812793149774813
x86kia,2022-09-07,DAX,2022-09-07,same_day,trading_day,0,-0.3012486893091012
x98z76,2022-09-08,DAX,2022-09-08,same_day,trading_day,0,-0.6249889369122684
xa7bd9,2022-09-09,DAX,2022-09-09,same_day,trading_day,0,-0.1110727451741695
xaqijc,2022-09-10,DAX,2022-09-12,forward_nontrading,Saturday,2,0.4961784780025482
xc0pws,2022-09-12,DAX,2022-09-12,same_day,trading_day,0,-0.1691292561590671
xd5rvk,2022-09-13,DAX,2022-09-13,same_day,trading_day,0,0.0429827397431623
xd5slr,2022-09-13,DAX,2022-09-13,same_day,trading_day,0,0.0110759494205315
xe9q0z,2022-09-14,DAX,2022-09-14,same_day,trading_day,0,-0.2729325934778899
xeev17,2022-09-14,DAX,2022-09-14,same_day,trading_day,0,-0.0447166928788647
xf2hwt,2022-09-15,DAX,2022-09-15,same_day,trading_day,0,-0.1939302880523933
xfaokc,2022-09-15,DAX,2022-09-15,same_day,trading_day,0,-0.0615272416522906
xfqs80,2022-09-16,DAX,2022-09-16,same_day,trading_day,0,-0.2168829582165927
xg50zx,2022-09-16,DAX,2022-09-16,same_day,trading_day,0,-0.2616511038931397
xg52p1,2022-09-16,DAX,2022-09-16,same_day,trading_day,0,-0.261527187047371
xg68se,2022-09-16,DAX,2022-09-16,same_day,trading_day,0,0.3879655278287828
xgkk6w,2022-09-17,DAX,2022-09-19,forward_nontrading,Saturday,2,0.1786453046370297
xhd7uj,2022-09-18,DAX,2022-09-19,forward_nontrading,Sunday,1,-0.3024933995735465
xi8skd,2022-09-19,DAX,2022-09-19,same_day,trading_day,0,-0.1906324056908488
xiaflq,2022-09-19,DAX,2022-09-19,same_day,trading_day,0,-0.091667149325504
xj09aa,2022-09-20,DAX,2022-09-20,same_day,trading_day,0,-0.00751344114542
xjq6ay,2022-09-21,DAX,2022-09-21,same_day,trading_day,0,-0.2355677378881308
xjqycr,2022-09-21,DAX,2022-09-21,same_day,trading_day,0,-0.1677002515643835
xk3384,2022-09-21,DAX,2022-09-21,same_day,trading_day,0,-0.0064372687081161
xk343d,2022-09-21,DAX,2022-09-21,same_day,trading_day,0,-0.0165792455989867
xkjz4q,2022-09-21,DAX,2022-09-21,same_day,trading_day,0,-0.452130164951086
xkp8au,2022-09-22,DAX,2022-09-22,same_day,trading_day,0,-0.5430782902675371
xktixn,2022-09-22,DAX,2022-09-22,same_day,trading_day,0,0.0409865230321884
xl5sd1,2022-09-22,DAX,2022-09-22,same_day,trading_day,0,-0.3181730799583925
xl8s55,2022-09-22,DAX,2022-09-22,same_day,trading_day,0,-0.4289838713951982
xl9gfp,2022-09-22,DAX,2022-09-22,same_day,trading_day,0,-0.3853300001325184
xlou4c,2022-09-23,DAX,2022-09-23,same_day,trading_day,0,-0.1124886878850785
xm09bw,2022-09-23,DAX,2022-09-23,same_day,trading_day,0,-0.5797702421744664
xm2kin,2022-09-23,DAX,2022-09-23,same_day,trading_day,0,-0.2454658153777321
xm5vkm,2022-09-23,DAX,2022-09-23,same_day,trading_day,0,-0.1061031355594213
xm6n3t,2022-09-23,DAX,2022-09-23,same_day,trading_day,0,0.0422411764922894
xmbyvk,2022-09-23,DAX,2022-09-23,same_day,trading_day,0,-0.2193849831819534
xmidci,2022-09-24,DAX,2022-09-26,forward_nontrading,Saturday,2,-0.3683175059723789
xn07r0,2022-09-24,DAX,2022-09-26,forward_nontrading,Saturday,2,-0.3107688650488853
xnepgq,2022-09-25,DAX,2022-09-26,forward_nontrading,Sunday,1,-0.2297838850257297
xny923,2022-09-25,DAX,2022-09-26,forward_nontrading,Sunday,1,-0.3186861097346991
xokvft,2022-09-26,DAX,2022-09-26,same_day,trading_day,0,-0.3601893012722333
xonhg5,2022-09-26,DAX,2022-09-26,same_day,trading_day,0,-0.0856250175274908
xpddx4,2022-09-27,DAX,2022-09-27,same_day,trading_day,0,0.1800551894638273
xpfb3u,2022-09-27,DAX,2022-09-27,same_day,trading_day,0,0.0503122662194073
xpt1fy,2022-09-27,DAX,2022-09-27,same_day,trading_day,0,-0.5407494109951788
xptqx0,2022-09-27,DAX,2022-09-27,same_day,trading_day,0,-0.1461345828383377
xpzms6,2022-09-28,DAX,2022-09-28,same_day,trading_day,0,-0.3791307850624434
xqoufo,2022-09-28,DAX,2022-09-28,same_day,trading_day,0,0.1557802142989304
xqtkd7,2022-09-29,DAX,2022-09-29,same_day,trading_day,0,-0.1086040550639488
xrioql,2022-09-29,DAX,2022-09-29,same_day,trading_day,0,0.026803508400917
xrjost,2022-09-29,DAX,2022-09-29,same_day,trading_day,0,-0.1896382185320059
xtk7lx,2022-10-02,DAX,2022-10-03,forward_nontrading,Sunday,1,-0.5443514166399837
xtppnc,2022-10-02,DAX,2022-10-03,forward_nontrading,Sunday,1,-0.2609572286185409
xusbuy,2022-10-03,DAX,2022-10-03,same_day,trading_day,0,-0.5009794629923999
xuxxme,2022-10-03,DAX,2022-10-03,same_day,trading_day,0,-0.3918108036043122
xwbgwl,2022-10-05,DAX,2022-10-05,same_day,trading_day,0,-0.2498275022953748
xx6a8l,2022-10-06,DAX,2022-10-06,same_day,trading_day,0,-0.1787966356720202
xxqe37,2022-10-07,DAX,2022-10-07,same_day,trading_day,0,-0.930477412417531
xxxeej,2022-10-07,DAX,2022-10-07,same_day,trading_day,0,0.0393797245807945
xy1xwx,2022-10-07,DAX,2022-10-07,same_day,trading_day,0,-0.6261327234832079
xy5ffc,2022-10-07,DAX,2022-10-07,same_day,trading_day,0,-0.2805224722251296
xz1wt9,2022-10-08,DAX,2022-10-10,forward_nontrading,Saturday,2,-0.2331925908065572
xz24rt,2022-10-08,DAX,2022-10-10,forward_nontrading,Saturday,2,-0.2331925908065572
y0eb69,2022-10-10,DAX,2022-10-10,same_day,trading_day,0,-0.2340292601936286
y0iwsy,2022-10-10,DAX,2022-10-10,same_day,trading_day,0,-0.2177888039499521
y0j72b,2022-10-10,DAX,2022-10-10,same_day,trading_day,0,-0.3433509858818176
y0jtcs,2022-10-10,DAX,2022-10-10,same_day,trading_day,0,-0.0094938770703533
y0z5jz,2022-10-11,DAX,2022-10-11,same_day,trading_day,0,0.0154464934021234
y16zlw,2022-10-11,DAX,2022-10-11,same_day,trading_day,0,-0.3792449356470671
y1814k,2022-10-11,DAX,2022-10-11,same_day,trading_day,0,-0.1507241115284462
y186jh,2022-10-11,DAX,2022-10-11,same_day,trading_day,0,-0.3771475087269209
y1r3ny,2022-10-12,DAX,2022-10-12,same_day,trading_day,0,-0.2227277502489204
y2hbzn,2022-10-12,DAX,2022-10-12,same_day,trading_day,0,-0.2998516812920571
y37a4e,2022-10-13,DAX,2022-10-13,same_day,trading_day,0,-0.2454046724985043
y3owiy,2022-10-14,DAX,2022-10-14,same_day,trading_day,0,-0.0457723729778081
y47uyi,2022-10-14,DAX,2022-10-14,same_day,trading_day,0,-0.2430738748478082
y47vyn,2022-10-14,DAX,2022-10-14,same_day,trading_day,0,-0.2427175346878357
y4jpvq,2022-10-15,DAX,2022-10-17,forward_nontrading,Saturday,2,0.2231205445049064
y57or6,2022-10-16,DAX,2022-10-17,forward_nontrading,Sunday,1,-0.0931979084387421
y58nk9,2022-10-16,DAX,2022-10-17,forward_nontrading,Sunday,1,-0.2426603243432261
y5yngt,2022-10-17,DAX,2022-10-17,same_day,trading_day,0,-0.0647007880033925
y647sd,2022-10-17,DAX,2022-10-17,same_day,trading_day,0,-0.3014567550271749
y650xz,2022-10-17,DAX,2022-10-17,same_day,trading_day,0,-0.0783212333917617
y67b12,2022-10-17,DAX,2022-10-17,same_day,trading_day,0,-0.3290602347220887
y846gq,2022-10-19,DAX,2022-10-19,same_day,trading_day,0,-0.5315480428239838
y8n58s,2022-10-20,DAX,2022-10-20,same_day,trading_day,0,-0.0502232973729925
y9l9a1,2022-10-21,DAX,2022-10-21,same_day,trading_day,0,-0.3223701503593474
y9xi4o,2022-10-21,DAX,2022-10-21,same_day,trading_day,0,0.1947287444534869
ybcvep,2022-10-23,DAX,2022-10-24,forward_nontrading,Sunday,1,-0.382944062800595
ybigmf,2022-10-23,DAX,2022-10-24,forward_nontrading,Sunday,1,-0.578891524645899
ycq8jy,2022-10-24,DAX,2022-10-24,same_day,trading_day,0,-0.2474506464786827
yds9sb,2022-10-26,DAX,2022-10-26,same_day,trading_day,0,0.0964599382132291
ydtdh5,2022-10-26,DAX,2022-10-26,same_day,trading_day,0,-0.0093801790382713
yeigcu,2022-10-27,DAX,2022-10-27,same_day,trading_day,0,-0.0219297360382833
yem1oy,2022-10-27,DAX,2022-10-27,same_day,trading_day,0,0.2322876905514435
yer38o,2022-10-27,DAX,2022-10-27,same_day,trading_day,0,-0.0468184258788823
yfi7zb,2022-10-28,DAX,2022-10-28,same_day,trading_day,0,-0.5938259602213899
ygpyfx,2022-10-29,DAX,2022-10-31,forward_nontrading,Saturday,2,-0.2952263811603188
ykus4r,2022-11-03,DAX,2022-11-03,same_day,trading_day,0,-0.2506923370952294
yl3l8w,2022-11-03,DAX,2022-11-03,same_day,trading_day,0,-0.1743296913336962
ylxn3d,2022-11-04,DAX,2022-11-04,same_day,trading_day,0,-0.0145897194743156
ym5own,2022-11-04,DAX,2022-11-04,same_day,trading_day,0,0.0317403164795703
ymtsc6,2022-11-05,DAX,2022-11-07,forward_nontrading,Saturday,2,0.0215109809018347
yohrg8,2022-11-07,DAX,2022-11-07,same_day,trading_day,0,-0.0540674291551113
yop9sf,2022-11-07,DAX,2022-11-07,same_day,trading_day,0,-0.3092928587924689
yp8avk,2022-11-08,DAX,2022-11-08,same_day,trading_day,0,-0.0965008812846016
yqiur5,2022-11-09,DAX,2022-11-09,same_day,trading_day,0,-0.1579487805469678
yqivot,2022-11-09,DAX,2022-11-09,same_day,trading_day,0,-0.1745549805101848
yqofdt,2022-11-09,DAX,2022-11-09,same_day,trading_day,0,0.1105274618691149
ysbxva,2022-11-11,DAX,2022-11-11,same_day,trading_day,0,-0.2888321775050524
ysljyd,2022-11-11,DAX,2022-11-11,same_day,trading_day,0,-0.3533795710653067
ywd0u1,2022-11-15,DAX,2022-11-15,same_day,trading_day,0,-0.5170064245661099
ywngyo,2022-11-16,DAX,2022-11-16,same_day,trading_day,0,0.4585304657618204
yx34qt,2022-11-16,DAX,2022-11-16,same_day,trading_day,0,-0.8064095005393028
yxdn8w,2022-11-17,DAX,2022-11-17,same_day,trading_day,0,-0.5581098413306542
z0enfb,2022-11-20,DAX,2022-11-21,forward_nontrading,Sunday,1,-0.4276075737240413
z148u0,2022-11-21,DAX,2022-11-21,same_day,trading_day,0,-0.2735187419457361
z1ux0t,2022-11-22,DAX,2022-11-22,same_day,trading_day,0,-0.2084647560198056
z2k7ai,2022-11-23,DAX,2022-11-23,same_day,trading_day,0,-0.8240314722061157
z37kbz,2022-11-24,DAX,2022-11-24,same_day,trading_day,0,-0.0133081151074484
z3q1oz,2022-11-24,DAX,2022-11-24,same_day,trading_day,0,-0.1607603132724762
z430qu,2022-11-25,DAX,2022-11-25,same_day,trading_day,0,0.028618223555386
z4n2fo,2022-11-25,DAX,2022-11-25,same_day,trading_day,0,-0.029779485927429
z4n3mw,2022-11-25,DAX,2022-11-25,same_day,trading_day,0,-0.0287160004683149
z6m5j0,2022-11-28,DAX,2022-11-28,same_day,trading_day,0,-0.0149482434083308
z7ktae,2022-11-29,DAX,2022-11-29,same_day,trading_day,0,-0.599914163351059
z8p73c,2022-11-30,DAX,2022-11-30,same_day,trading_day,0,-0.1715677729652573
z9xm3d,2022-12-01,DAX,2022-12-01,same_day,trading_day,0,-0.0247369822310773
za28pi,2022-12-01,DAX,2022-12-01,same_day,trading_day,0,0.0343364215352469
zadd1m,2022-12-02,DAX,2022-12-02,same_day,trading_day,0,-0.1260758762394911
zdirov,2022-12-05,DAX,2022-12-05,same_day,trading_day,0,-0.2812862263992428
zf1eap,2022-12-07,DAX,2022-12-07,same_day,trading_day,0,-0.531085185861836
zfhki1,2022-12-07,DAX,2022-12-07,same_day,trading_day,0,0.1648317818012502
zfuthk,2022-12-08,DAX,2022-12-08,same_day,trading_day,0,-0.0679690217366442
zgn49v,2022-12-09,DAX,2022-12-09,same_day,trading_day,0,0.1341947870329022
zjyuda,2022-12-12,DAX,2022-12-12,same_day,trading_day,0,-0.2932281353595582
zkuyf1,2022-12-13,DAX,2022-12-13,same_day,trading_day,0,-0.1687534099384661
zlnqp1,2022-12-14,DAX,2022-12-14,same_day,trading_day,0,-0.1376361844291829
zlzaim,2022-12-14,DAX,2022-12-14,same_day,trading_day,0,0.1289960685784795
zpliom,2022-12-19,DAX,2022-12-19,same_day,trading_day,0,-0.945960635319352
zpnu39,2022-12-19,DAX,2022-12-19,same_day,trading_day,0,-0.36232716194354
zq9hln,2022-12-20,DAX,2022-12-20,same_day,trading_day,0,-0.2618218375904921
zqa6mc,2022-12-20,DAX,2022-12-20,same_day,trading_day,0,-0.3885926920403209
zqnbk9,2022-12-20,DAX,2022-12-20,same_day,trading_day,0,-0.1363131009042263
zqrwlc,2022-12-20,DAX,2022-12-20,same_day,trading_day,0,-0.0661081367358565
zr1fek,2022-12-20,DAX,2022-12-20,same_day,trading_day,0,0.1169185403268784
zrdnvg,2022-12-21,DAX,2022-12-21,same_day,trading_day,0,0.1860327862086706
ztu9tn,2022-12-23,DAX,2022-12-23,same_day,trading_day,0,-0.3249551742027203
zu3w1e,2022-12-24,DAX,2022-12-27,forward_nontrading,Saturday,3,0.197354825027287
zwmp18,2022-12-27,DAX,2022-12-27,same_day,trading_day,0,-0.196852038021792
zwqajj,2022-12-27,DAX,2022-12-27,same_day,trading_day,0,0.2054645338117383
zx2ver,2022-12-28,DAX,2022-12-28,same_day,trading_day,0,-0.3075760407373309
zxg4es,2022-12-28,DAX,2022-12-28,same_day,trading_day,0,-0.773109020665288
zxq9wh,2022-12-29,DAX,2022-12-29,same_day,trading_day,0,-0.1719869509960214
zy3zku,2022-12-29,DAX,2022-12-29,same_day,trading_day,0,0.1444327905774116
zy9zie,2022-12-29,DAX,2022-12-29,same_day,trading_day,0,0.1902405353534656
zya1w2,2022-12-29,DAX,2022-12-29,same_day,trading_day,0,-0.6784501681104302
zybmqt,2022-12-29,DAX,2022-12-29,same_day,trading_day,0,-0.074966351303165
zybn7s,2022-12-29,DAX,2022-12-29,same_day,trading_day,0,-0.0742483542865661
zzj3c6,2022-12-31,DAX,2023-01-02,forward_nontrading,Saturday,2,-0.2011349457199685
zzj6nf,2022-12-31,DAX,2023-01-02,forward_nontrading,Saturday,2,-0.200358225152983
100tiwu,2023-01-01,DAX,2023-01-02,forward_nontrading,Sunday,1,0.121536070222242
100zdqx,2023-01-02,DAX,2023-01-02,same_day,trading_day,0,-0.522557697375305
10115im,2023-01-02,DAX,2023-01-02,same_day,trading_day,0,-0.677092032165577
102gzlu,2023-01-03,DAX,2023-01-03,same_day,trading_day,0,0.2116428878815734
102q6jd,2023-01-04,DAX,2023-01-04,same_day,trading_day,0,-0.1488019259399678
103e3m0,2023-01-04,DAX,2023-01-04,same_day,trading_day,0,0.0684789433415668
103qw3j,2023-01-05,DAX,2023-01-05,same_day,trading_day,0,0.1281330768018961
10495lu,2023-01-05,DAX,2023-01-05,same_day,trading_day,0,-0.3611411893119414
104wj1a,2023-01-06,DAX,2023-01-06,same_day,trading_day,0,-0.2282530181109905
1056n99,2023-01-06,DAX,2023-01-06,same_day,trading_day,0,-0.4108667219989001
105pbof,2023-01-07,DAX,2023-01-09,forward_nontrading,Saturday,2,-0.2125765774566848
105pgzo,2023-01-07,DAX,2023-01-09,forward_nontrading,Saturday,2,-0.2125765774566848
1066j8f,2023-01-08,DAX,2023-01-09,forward_nontrading,Sunday,1,0.0895879686005034
1086tao,2023-01-10,DAX,2023-01-10,same_day,trading_day,0,0.1249183421605266
10aevdq,2023-01-12,DAX,2023-01-12,same_day,trading_day,0,-0.0196424699194418
10b2jkg,2023-01-13,DAX,2023-01-13,same_day,trading_day,0,0.0967911008745432
10bwl48,2023-01-14,DAX,2023-01-16,forward_nontrading,Saturday,2,0.0160633455961942
10cm7zf,2023-01-15,DAX,2023-01-16,forward_nontrading,Sunday,1,0.0087222948670387
10e7sl2,2023-01-17,DAX,2023-01-17,same_day,trading_day,0,-0.0066626914937434
10g4inp,2023-01-19,DAX,2023-01-19,same_day,trading_day,0,0.3440751214669544
10gx9x0,2023-01-20,DAX,2023-01-20,same_day,trading_day,0,-0.0107642111834138
10hiba5,2023-01-21,DAX,2023-01-23,forward_nontrading,Saturday,2,-0.2055280181730902
10hikti,2023-01-21,DAX,2023-01-23,forward_nontrading,Saturday,2,-0.1214157566428184
10iymjh,2023-01-23,DAX,2023-01-23,same_day,trading_day,0,-0.0930400966412641
10izb7y,2023-01-23,DAX,2023-01-23,same_day,trading_day,0,-0.092491685395891
10jcd04,2023-01-23,DAX,2023-01-23,same_day,trading_day,0,-0.7433889697051861
10jg8oi,2023-01-23,DAX,2023-01-23,same_day,trading_day,0,-0.3990558488294482
10lfxv6,2023-01-26,DAX,2023-01-26,same_day,trading_day,0,0.2345510194078088
10otuwf,2023-01-30,DAX,2023-01-30,same_day,trading_day,0,-0.0965836088118307
10oxqey,2023-01-30,DAX,2023-01-30,same_day,trading_day,0,-0.4065433211405487
10r2wnp,2023-02-01,DAX,2023-02-01,same_day,trading_day,0,0.0115532615800967
10rk9jt,2023-02-02,DAX,2023-02-02,same_day,trading_day,0,0.0235492441803216
10rq9r6,2023-02-02,DAX,2023-02-02,same_day,trading_day,0,0.0499780097355445
10s0w5l,2023-02-02,DAX,2023-02-02,same_day,trading_day,0,-0.2665156454736875
10snk3z,2023-02-03,DAX,2023-02-03,same_day,trading_day,0,-0.2705546126124405
10tncxa,2023-02-04,DAX,2023-02-06,forward_nontrading,Saturday,2,0.3403461343167644
10tpt11,2023-02-04,DAX,2023-02-06,forward_nontrading,Saturday,2,0.1900194796987555
10tv0xs,2023-02-04,DAX,2023-02-06,forward_nontrading,Saturday,2,-0.144116058533431
10ugags,2023-02-05,DAX,2023-02-06,forward_nontrading,Sunday,1,0.0338655449450016
10vtdxy,2023-02-07,DAX,2023-02-07,same_day,trading_day,0,0.1563564913714645
10xcf5q,2023-02-08,DAX,2023-02-08,same_day,trading_day,0,0.0747879296541214
10ys3z8,2023-02-10,DAX,2023-02-10,same_day,trading_day,0,-0.1814225594202677
10yu9cg,2023-02-10,DAX,2023-02-10,same_day,trading_day,0,-0.1444314343056508
10yxaez,2023-02-10,DAX,2023-02-10,same_day,trading_day,0,0.1992548725102096
111umz0,2023-02-14,DAX,2023-02-14,same_day,trading_day,0,0.034500038891565
1127hqq,2023-02-14,DAX,2023-02-14,same_day,trading_day,0,0.3003935670623412
1153zih,2023-02-18,DAX,2023-02-20,forward_nontrading,Saturday,2,-0.0121973137798098
115430p,2023-02-18,DAX,2023-02-20,forward_nontrading,Saturday,2,-0.0120676202660737
117u8q1,2023-02-21,DAX,2023-02-21,same_day,trading_day,0,0.0321142918740709
119urwu,2023-02-23,DAX,2023-02-23,same_day,trading_day,0,0.0330299981869757
11a26ep,2023-02-23,DAX,2023-02-23,same_day,trading_day,0,0.0330299981869757
11a2dbz,2023-02-23,DAX,2023-02-23,same_day,trading_day,0,0.0407892361815486
11aj6fo,2023-02-24,DAX,2023-02-24,same_day,trading_day,0,0.3548270964529365
11b1tyi,2023-02-24,DAX,2023-02-24,same_day,trading_day,0,0.1891051694595565
11bey8f,2023-02-25,DAX,2023-02-27,forward_nontrading,Saturday,2,0.1713753748529901
11bnukt,2023-02-25,DAX,2023-02-27,forward_nontrading,Saturday,2,-0.7548857498914003
11cf6bl,2023-02-26,DAX,2023-02-27,forward_nontrading,Sunday,1,-0.2330133877694606
11cipii,2023-02-26,DAX,2023-02-27,forward_nontrading,Sunday,1,-0.5700519410893321
11crin1,2023-02-26,DAX,2023-02-27,forward_nontrading,Sunday,1,-0.152702784553791
11ei39o,2023-02-28,DAX,2023-02-28,same_day,trading_day,0,0.2662163324033221
11eq5zq,2023-03-01,DAX,2023-03-01,same_day,trading_day,0,-0.2116337614980611
11fbxaz,2023-03-01,DAX,2023-03-01,same_day,trading_day,0,0.3826881597439447
11fysi4,2023-03-02,DAX,2023-03-02,same_day,trading_day,0,-0.0690618510214755
11g4vz6,2023-03-02,DAX,2023-03-02,same_day,trading_day,0,-0.0351851098239421
11gb9vz,2023-03-02,DAX,2023-03-02,same_day,trading_day,0,-0.1264970347967366
11jxogv,2023-03-06,DAX,2023-03-06,same_day,trading_day,0,0.1925216279178858
11lwouc,2023-03-08,DAX,2023-03-08,same_day,trading_day,0,0.1359836865216493
11mj1ed,2023-03-09,DAX,2023-03-09,same_day,trading_day,0,-0.056853485526517
11oz0xw,2023-03-11,DAX,2023-03-13,forward_nontrading,Saturday,2,0.0559510972679537
11p1thp,2023-03-12,DAX,2023-03-13,forward_nontrading,Sunday,1,0.0429703860438235
11p1txq,2023-03-12,DAX,2023-03-13,forward_nontrading,Sunday,1,0.0432421496260981
11p1uce,2023-03-12,DAX,2023-03-13,forward_nontrading,Sunday,1,0.0433281931481412
11prsna,2023-03-12,DAX,2023-03-13,forward_nontrading,Sunday,1,0.3532022224940561
11qb56b,2023-03-13,DAX,2023-03-13,same_day,trading_day,0,-0.1879612215794623
11ra618,2023-03-14,DAX,2023-03-14,same_day,trading_day,0,0.097418331674167
11ruxxa,2023-03-15,DAX,2023-03-15,same_day,trading_day,0,-0.0770474223271859
11u57ns,2023-03-17,DAX,2023-03-17,same_day,trading_day,0,-0.0819208206802917
11u58uo,2023-03-17,DAX,2023-03-17,same_day,trading_day,0,-0.0817853493654789
11wxg63,2023-03-20,DAX,2023-03-20,same_day,trading_day,0,-0.3963108696043491
11xdhtd,2023-03-21,DAX,2023-03-21,same_day,trading_day,0,-0.171493243864354
11yrbvs,2023-03-22,DAX,2023-03-22,same_day,trading_day,0,-0.0457217717045095
11yzi2q,2023-03-22,DAX,2023-03-22,same_day,trading_day,0,-0.128985627554357
11z6z43,2023-03-23,DAX,2023-03-23,same_day,trading_day,0,-0.228033909574151
1202ore,2023-03-24,DAX,2023-03-24,same_day,trading_day,0,-0.1795718491077423
123koae,2023-03-27,DAX,2023-03-27,same_day,trading_day,0,-0.0771783721167594
123pl5u,2023-03-27,DAX,2023-03-27,same_day,trading_day,0,0.1210408743442685
124bp04,2023-03-28,DAX,2023-03-28,same_day,trading_day,0,0.079732039264248
124it5w,2023-03-28,DAX,2023-03-28,same_day,trading_day,0,-0.0959122590720653
124u7iu,2023-03-28,DAX,2023-03-28,same_day,trading_day,0,-0.0955738145858049
125y1ot,2023-03-29,DAX,2023-03-29,same_day,trading_day,0,-0.2036611900304354
1264p3d,2023-03-29,DAX,2023-03-29,same_day,trading_day,0,0.1857669507153332
126i75o,2023-03-30,DAX,2023-03-30,same_day,trading_day,0,-0.278330366127193
127tvj5,2023-03-31,DAX,2023-03-31,same_day,trading_day,0,0.3322614731195454
1280ssr,2023-03-31,DAX,2023-03-31,same_day,trading_day,0,0.1205079513834789
1280uii,2023-03-31,DAX,2023-03-31,same_day,trading_day,0,0.1206327855431785
129pcf4,2023-04-02,DAX,2023-04-03,forward_nontrading,Sunday,1,-0.3953269227572223
12atjko,2023-04-03,DAX,2023-04-03,same_day,trading_day,0,-0.104358083801344
12ckvvi,2023-04-05,DAX,2023-04-05,same_day,trading_day,0,-0.4977037534117698
12cl264,2023-04-05,DAX,2023-04-05,same_day,trading_day,0,-0.1129498409314288
12cmumr,2023-04-05,DAX,2023-04-05,same_day,trading_day,0,-0.1060549431131221
12dmref,2023-04-06,DAX,2023-04-06,same_day,trading_day,0,-0.0065286355939778
12dyyow,2023-04-06,DAX,2023-04-06,same_day,trading_day,0,-0.1632551152530747
12dyzv4,2023-04-06,DAX,2023-04-06,same_day,trading_day,0,-0.1631372242971944
12hzieb,2023-04-10,DAX,2023-04-11,forward_nontrading,weekday_nontrading,1,-0.1191020049154758
12icmuo,2023-04-11,DAX,2023-04-11,same_day,trading_day,0,0.0427040085196495
12impun,2023-04-11,DAX,2023-04-11,same_day,trading_day,0,0.0557609296270779
12p7qxu,2023-04-17,DAX,2023-04-17,same_day,trading_day,0,-0.2197170932353897
12qa5qi,2023-04-18,DAX,2023-04-18,same_day,trading_day,0,0.493183320787336
12tka4i,2023-04-21,DAX,2023-04-21,same_day,trading_day,0,0.0433419564609774
12uq8dv,2023-04-22,DAX,2023-04-24,forward_nontrading,Saturday,2,-0.5175497743766755
12xk4l1,2023-04-24,DAX,2023-04-24,same_day,trading_day,0,-0.369128381445383
12ydo0n,2023-04-25,DAX,2023-04-25,same_day,trading_day,0,-0.2058168148378963
12yucwt,2023-04-25,DAX,2023-04-25,same_day,trading_day,0,0.3036483480698532
137j2kz,2023-05-04,DAX,2023-05-04,same_day,trading_day,0,0.1577139691573878
137zuhm,2023-05-04,DAX,2023-05-04,same_day,trading_day,0,-0.2923136870376766
13c8296,2023-05-08,DAX,2023-05-08,same_day,trading_day,0,-0.0312025044113397
13eaiea,2023-05-11,DAX,2023-05-11,same_day,trading_day,0,0.0182612424039027
13eo757,2023-05-11,DAX,2023-05-11,same_day,trading_day,0,-0.2309907138347625
13nahkt,2023-05-20,DAX,2023-05-22,forward_nontrading,Saturday,2,0.0092573702678014
13nymsl,2023-05-21,DAX,2023-05-22,forward_nontrading,Sunday,1,-0.0485098958015441
13suecd,2023-05-27,DAX,2023-05-29,forward_nontrading,Saturday,2,0.0638628988177515
13vo4x8,2023-05-30,DAX,2023-05-30,same_day,trading_day,0,0.2610121816038512
141k23n,2023-06-05,DAX,2023-06-05,same_day,trading_day,0,0.0620360054142241
1453tou,2023-06-09,DAX,2023-06-09,same_day,trading_day,0,-0.0022429072298109
145j8ns,2023-06-09,DAX,2023-06-09,same_day,trading_day,0,0.5354521604254842
14aiafv,2023-06-16,DAX,2023-06-16,same_day,trading_day,0,-0.1232856052617231
14dv2wx,2023-06-20,DAX,2023-06-20,same_day,trading_day,0,-0.9383652526885272
14e7eyk,2023-06-20,DAX,2023-06-20,same_day,trading_day,0,0.3036587439011782
14ewega,2023-06-21,DAX,2023-06-21,same_day,trading_day,0,-0.0470925156426217
14fva3u,2023-06-22,DAX,2023-06-22,same_day,trading_day,0,0.0099977701902389
14hkamk,2023-06-24,DAX,2023-06-26,forward_nontrading,Saturday,2,0.0890963794663548
14jdsdo,2023-06-26,DAX,2023-06-26,same_day,trading_day,0,-0.191293217241764
14jgjal,2023-06-26,DAX,2023-06-26,same_day,trading_day,0,-0.191293217241764
14jgk7l,2023-06-26,DAX,2023-06-26,same_day,trading_day,0,-0.191293217241764
14jjskr,2023-06-26,DAX,2023-06-26,same_day,trading_day,0,-0.123435795137828
14n07ob,2023-06-30,DAX,2023-06-30,same_day,trading_day,0,0.112241862147736
14qrdfg,2023-07-04,DAX,2023-07-04,same_day,trading_day,0,0.1431198721441129
14rcggb,2023-07-05,DAX,2023-07-05,same_day,trading_day,0,-0.0791420463550215
14rcgki,2023-07-05,DAX,2023-07-05,same_day,trading_day,0,-0.0754044511122629
14t6uyb,2023-07-07,DAX,2023-07-07,same_day,trading_day,0,-0.0156230740249156
14teoul,2023-07-07,DAX,2023-07-07,same_day,trading_day,0,-0.1905231258521477
14th4q1,2023-07-07,DAX,2023-07-07,same_day,trading_day,0,-0.191334567964077
14xjkol,2023-07-12,DAX,2023-07-12,same_day,trading_day,0,-0.2290129951705845
14zskrk,2023-07-14,DAX,2023-07-14,same_day,trading_day,0,-0.0625002164083222
15082sb,2023-07-15,DAX,2023-07-17,forward_nontrading,Saturday,2,-0.0260168847162276
150ufum,2023-07-16,DAX,2023-07-17,forward_nontrading,Sunday,1,-0.0710544135155422
1521i5v,2023-07-17,DAX,2023-07-17,same_day,trading_day,0,-0.260754128471397
155izzq,2023-07-21,DAX,2023-07-21,same_day,trading_day,0,0.3406053677744542
15bij5f,2023-07-28,DAX,2023-07-28,same_day,trading_day,0,-0.1203486331924796
15bijxx,2023-07-28,DAX,2023-07-28,same_day,trading_day,0,-0.1208150774613023
15c9eip,2023-07-28,DAX,2023-07-28,same_day,trading_day,0,-0.0381228782081355
15d3255,2023-07-29,DAX,2023-07-31,forward_nontrading,Saturday,2,-0.0437603215686976
15f5lcb,2023-08-01,DAX,2023-08-01,same_day,trading_day,0,0.2367315962910652
15h5ay6,2023-08-03,DAX,2023-08-03,same_day,trading_day,0,-0.2474000724879178
15m7ngy,2023-08-09,DAX,2023-08-09,same_day,trading_day,0,-0.1408762919406096
15mezrv,2023-08-09,DAX,2023-08-09,same_day,trading_day,0,-0.289583949993054
15nek5k,2023-08-10,DAX,2023-08-10,same_day,trading_day,0,0.0018947390781249
15nv1g6,2023-08-11,DAX,2023-08-11,same_day,trading_day,0,-0.052567837643437
15oc2b0,2023-08-11,DAX,2023-08-11,same_day,trading_day,0,0.3252252105157822
15qj3rr,2023-08-14,DAX,2023-08-14,same_day,trading_day,0,0.0930937398225069
15qqc0p,2023-08-14,DAX,2023-08-14,same_day,trading_day,0,0.3163555370022853
15sqnly,2023-08-16,DAX,2023-08-16,same_day,trading_day,0,0.0752178244292736
15t69d3,2023-08-16,DAX,2023-08-16,same_day,trading_day,0,-0.0857571568340063
15t6at1,2023-08-16,DAX,2023-08-16,same_day,trading_day,0,-0.0857571568340063
15tu6kq,2023-08-17,DAX,2023-08-17,same_day,trading_day,0,-0.3099776373377867
15w6l0p,2023-08-20,DAX,2023-08-21,forward_nontrading,Sunday,1,-0.1887021688744425
15zzmoe,2023-08-24,DAX,2023-08-24,same_day,trading_day,0,0.0482773279978169
160ux70,2023-08-25,DAX,2023-08-25,same_day,trading_day,0,-0.1870503999778757
162z3ak,2023-08-27,DAX,2023-08-28,forward_nontrading,Sunday,1,0.4777652211487293
163o0x6,2023-08-28,DAX,2023-08-28,same_day,trading_day,0,-0.0168210170813836
16477ar,2023-08-29,DAX,2023-08-29,same_day,trading_day,0,-0.2473272336288713
1652pk2,2023-08-30,DAX,2023-08-30,same_day,trading_day,0,-0.1408092655862371
165no25,2023-08-30,DAX,2023-08-30,same_day,trading_day,0,-0.1703659216873347
168co3h,2023-09-02,DAX,2023-09-04,forward_nontrading,Saturday,2,0.0667273174816121
168sy3g,2023-09-03,DAX,2023-09-04,forward_nontrading,Sunday,1,0.1780764318204351
16bg0gg,2023-09-06,DAX,2023-09-06,same_day,trading_day,0,0.1660856882420679
16dksyo,2023-09-08,DAX,2023-09-08,same_day,trading_day,0,-0.7698657233268023
16gwy4v,2023-09-12,DAX,2023-09-12,same_day,trading_day,0,0.1086121164705781
16l73yj,2023-09-17,DAX,2023-09-18,forward_nontrading,Sunday,1,-0.3056006290018558
16me7z3,2023-09-19,DAX,2023-09-19,same_day,trading_day,0,-0.1645086444914341
16r3aqd,2023-09-24,DAX,2023-09-25,forward_nontrading,Sunday,1,-0.2287221658974886
16r5q7y,2023-09-24,DAX,2023-09-25,forward_nontrading,Sunday,1,-0.0299478458861509
16ss6sv,2023-09-26,DAX,2023-09-26,same_day,trading_day,0,-0.065241806829969
170i6pl,2023-10-05,DAX,2023-10-05,same_day,trading_day,0,0.1489973021408831
1729yhj,2023-10-07,DAX,2023-10-09,forward_nontrading,Saturday,2,-0.0639841681854291
1736kte,2023-10-08,DAX,2023-10-09,forward_nontrading,Sunday,1,-0.1862765112891793
173kq3w,2023-10-09,DAX,2023-10-09,same_day,trading_day,0,0.1108875953788427
173y8qf,2023-10-09,DAX,2023-10-09,same_day,trading_day,0,0.0050473004579544
174g82u,2023-10-10,DAX,2023-10-10,same_day,trading_day,0,0.1163206468336284
176vppb,2023-10-13,DAX,2023-10-13,same_day,trading_day,0,-0.1592902539830122
176wu9f,2023-10-13,DAX,2023-10-13,same_day,trading_day,0,-0.1256762226733068
17a6v24,2023-10-17,DAX,2023-10-17,same_day,trading_day,0,-0.0355782012920826
17bwq5a,2023-10-19,DAX,2023-10-19,same_day,trading_day,0,-0.4011939340271055
17duk0z,2023-10-22,DAX,2023-10-23,forward_nontrading,Sunday,1,0.397772974525155
17e5io5,2023-10-22,DAX,2023-10-23,forward_nontrading,Sunday,1,-0.2172879405530556
17em12b,2023-10-23,DAX,2023-10-23,same_day,trading_day,0,-0.0324201607145369
17hrlq0,2023-10-27,DAX,2023-10-27,same_day,trading_day,0,-0.2426666770285616
17izo63,2023-10-29,DAX,2023-10-30,forward_nontrading,Sunday,1,0.0425187414512038
17jbivb,2023-10-29,DAX,2023-10-30,forward_nontrading,Sunday,1,0.3277862883658837
17s3phw,2023-11-10,DAX,2023-11-10,same_day,trading_day,0,-0.0837925286032259
17s3qo9,2023-11-10,DAX,2023-11-10,same_day,trading_day,0,-0.0837925286032259
17t0uun,2023-11-11,DAX,2023-11-13,forward_nontrading,Saturday,2,0.0330773213257392
186oiiz,2023-11-29,DAX,2023-11-29,same_day,trading_day,0,0.2051608715182504
1896uwa,2023-12-02,DAX,2023-12-04,forward_nontrading,Saturday,2,-0.3315662530561288
18a09bh,2023-12-03,DAX,2023-12-04,forward_nontrading,Sunday,1,-0.3069328176194524
18aom4f,2023-12-04,DAX,2023-12-04,same_day,trading_day,0,-0.2241238669957965
18aqnui,2023-12-04,DAX,2023-12-04,same_day,trading_day,0,0.23913309792988
18i16l1,2023-12-14,DAX,2023-12-14,same_day,trading_day,0,-0.2285176933122177
18iskvy,2023-12-15,DAX,2023-12-15,same_day,trading_day,0,-0.1636869851499796
18ktdx6,2023-12-17,DAX,2023-12-18,forward_nontrading,Sunday,1,0.0035785702792437
18l7r7t,2023-12-18,DAX,2023-12-18,same_day,trading_day,0,-0.0782859109499505
18l7tw8,2023-12-18,DAX,2023-12-18,same_day,trading_day,0,-0.076972127986559
18l7zzv,2023-12-18,DAX,2023-12-18,same_day,trading_day,0,-0.076047361963361
18m4mpu,2023-12-19,DAX,2023-12-19,same_day,trading_day,0,0.0615115707643844
18oyw5m,2023-12-23,DAX,2023-12-27,forward_nontrading,Saturday,4,0.0300380232511088
18qjlzb,2023-12-25,DAX,2023-12-27,forward_nontrading,weekday_nontrading,2,-0.0870081674307584
18qncu3,2023-12-25,DAX,2023-12-27,forward_nontrading,weekday_nontrading,2,-0.0803233602782711
18qw6u1,2023-12-26,DAX,2023-12-27,forward_nontrading,weekday_nontrading,1,0.2339442360892215
18r7oag,2023-12-26,DAX,2023-12-27,forward_nontrading,weekday_nontrading,1,-0.0750342281535267
18r7sjd,2023-12-26,DAX,2023-12-27,forward_nontrading,weekday_nontrading,1,-0.0976908226780917
18tnoks,2023-12-29,DAX,2023-12-29,same_day,trading_day,0,0.0048189260664263
18tnu9o,2023-12-29,DAX,2023-12-29,same_day,trading_day,0,0.005321566082005
18u0u37,2023-12-29,DAX,2023-12-29,same_day,trading_day,0,0.1074848724529147
kpjvhs,2021-01-03,CAC_40,2021-01-04,forward_nontrading,Sunday,1,0.0267215295613784
kspxe3,2021-01-07,CAC_40,2021-01-07,same_day,trading_day,0,0.336831514001824
kt6slu,2021-01-08,CAC_40,2021-01-08,same_day,trading_day,0,0.0052259086320797
kzggfz,2021-01-17,CAC_40,2021-01-18,forward_nontrading,Sunday,1,-0.0028282188706927
kzzabs,2021-01-18,CAC_40,2021-01-18,same_day,trading_day,0,-0.0046202760870353
l1udjk,2021-01-21,CAC_40,2021-01-21,same_day,trading_day,0,0.3381085558561608
l45p5x,2021-01-24,CAC_40,2021-01-25,forward_nontrading,Sunday,1,-0.0964394633968671
la7g07,2021-02-01,CAC_40,2021-02-01,same_day,trading_day,0,0.0621185224425668
lamya4,2021-02-02,CAC_40,2021-02-02,same_day,trading_day,0,-0.2356191715225577
lcdbmq,2021-02-04,CAC_40,2021-02-04,same_day,trading_day,0,0.0954588307067751
lcduke,2021-02-04,CAC_40,2021-02-04,same_day,trading_day,0,0.1182091679625414
ld2r3o,2021-02-05,CAC_40,2021-02-05,same_day,trading_day,0,0.1878617819165811
ld4dpg,2021-02-05,CAC_40,2021-02-05,same_day,trading_day,0,0.0132020310740227
ldgc85,2021-02-05,CAC_40,2021-02-05,same_day,trading_day,0,0.2229313809735079
lgyv2v,2021-02-10,CAC_40,2021-02-10,same_day,trading_day,0,-0.0562053024768829
li0rpg,2021-02-12,CAC_40,2021-02-12,same_day,trading_day,0,0.0720571026361236
li0sz1,2021-02-12,CAC_40,2021-02-12,same_day,trading_day,0,0.0720571026361236
ljtc9i,2021-02-14,CAC_40,2021-02-15,forward_nontrading,Sunday,1,-0.011074599106038
lk475o,2021-02-15,CAC_40,2021-02-15,same_day,trading_day,0,0.0650974407947311
lkuu1v,2021-02-16,CAC_40,2021-02-16,same_day,trading_day,0,0.1190315158067581
llb0bs,2021-02-16,CAC_40,2021-02-16,same_day,trading_day,0,0.0219851228608084
lmb8jc,2021-02-18,CAC_40,2021-02-18,same_day,trading_day,0,0.3765704035633117
ln5gd5,2021-02-19,CAC_40,2021-02-19,same_day,trading_day,0,-0.135077327877904
lrclcc,2021-02-24,CAC_40,2021-02-24,same_day,trading_day,0,-0.2145538447158677
lyjaja,2021-03-05,CAC_40,2021-03-05,same_day,trading_day,0,0.0442173663953629
mfbyli,2021-03-28,CAC_40,2021-03-29,forward_nontrading,Sunday,1,0.0891614629093695
mfxofg,2021-03-29,CAC_40,2021-03-29,same_day,trading_day,0,-0.1131788973189607
mfxp8v,2021-03-29,CAC_40,2021-03-29,same_day,trading_day,0,-0.1131788973189607
mi5ox3,2021-04-01,CAC_40,2021-04-01,same_day,trading_day,0,-0.8755818214267492
mnurtq,2021-04-10,CAC_40,2021-04-12,forward_nontrading,Saturday,2,-0.0680343858336775
mnxqjx,2021-04-10,CAC_40,2021-04-12,forward_nontrading,Saturday,2,-0.0510738417506217
mpfnps,2021-04-12,CAC_40,2021-04-12,same_day,trading_day,0,-0.4232758227735758
mpfpx5,2021-04-12,CAC_40,2021-04-12,same_day,trading_day,0,-0.4232758227735758
mq36w5,2021-04-13,CAC_40,2021-04-13,same_day,trading_day,0,-0.3606886565685272
muvjjo,2021-04-20,CAC_40,2021-04-20,same_day,trading_day,0,-0.4864287902601063
n1cy2n,2021-04-29,CAC_40,2021-04-29,same_day,trading_day,0,0.2265998545501913
n1z2fv,2021-04-30,CAC_40,2021-04-30,same_day,trading_day,0,0.4511383918627184
n93q2k,2021-05-10,CAC_40,2021-05-10,same_day,trading_day,0,-0.0704615110797541
ngsgcn,2021-05-20,CAC_40,2021-05-20,same_day,trading_day,0,-0.0436379287253927
nizpwz,2021-05-23,CAC_40,2021-05-24,forward_nontrading,Sunday,1,-0.0405759594092766
nnn1og,2021-05-29,CAC_40,2021-05-31,forward_nontrading,Saturday,2,0.3219933239195277
nnoiu1,2021-05-29,CAC_40,2021-05-31,forward_nontrading,Saturday,2,0.3213525738786248
npxkx3,2021-06-01,CAC_40,2021-06-01,same_day,trading_day,0,-0.1130787700298242
nv2huz,2021-06-08,CAC_40,2021-06-08,same_day,trading_day,0,-0.6186492309960372
nxsjq7,2021-06-11,CAC_40,2021-06-11,same_day,trading_day,0,-0.0930302407398509
nxskls,2021-06-11,CAC_40,2021-06-11,same_day,trading_day,0,-0.0929418488832501
o0mwiu,2021-06-15,CAC_40,2021-06-15,same_day,trading_day,0,0.0119175954129208
o9sk5d,2021-06-28,CAC_40,2021-06-28,same_day,trading_day,0,0.1778556299085418
obh4gv,2021-07-01,CAC_40,2021-07-01,same_day,trading_day,0,-0.1482347610704216
od5uhw,2021-07-03,CAC_40,2021-07-05,forward_nontrading,Saturday,2,-0.1353878768902548
oiyn90,2021-07-12,CAC_40,2021-07-12,same_day,trading_day,0,-0.017736879975668
oiyobv,2021-07-12,CAC_40,2021-07-12,same_day,trading_day,0,-0.0638810110588868
oqe9r3,2021-07-23,CAC_40,2021-07-23,same_day,trading_day,0,-0.1634111651607478
oqeadg,2021-07-23,CAC_40,2021-07-23,same_day,trading_day,0,-0.1635051328145588
ou2ht3,2021-07-29,CAC_40,2021-07-29,same_day,trading_day,0,0.1576086122387399
ouyk6c,2021-07-31,CAC_40,2021-08-02,forward_nontrading,Saturday,2,-0.1259907276796487
ouykv9,2021-07-31,CAC_40,2021-08-02,forward_nontrading,Saturday,2,-0.1259010202057349
pc3h3m,2021-08-26,CAC_40,2021-08-26,same_day,trading_day,0,-0.2197948857778456
pl5mt1,2021-09-09,CAC_40,2021-09-09,same_day,trading_day,0,0.1649852681818396
pl5nmj,2021-09-09,CAC_40,2021-09-09,same_day,trading_day,0,0.1649852681818396
pltxcf,2021-09-10,CAC_40,2021-09-10,same_day,trading_day,0,0.0074879329636572
pltxl5,2021-09-10,CAC_40,2021-09-10,same_day,trading_day,0,0.0070344487006669
prztls,2021-09-20,CAC_40,2021-09-20,same_day,trading_day,0,-0.2479507087596825
pv6k8t,2021-09-25,CAC_40,2021-09-27,forward_nontrading,Saturday,2,-0.1622834741310388
pzjk2y,2021-10-01,CAC_40,2021-10-01,same_day,trading_day,0,-0.1251131043109732
pzjkyw,2021-10-01,CAC_40,2021-10-01,same_day,trading_day,0,-0.1262649265467189
q0gvxi,2021-10-03,CAC_40,2021-10-04,forward_nontrading,Sunday,1,0.9095829371362923
q1y452,2021-10-05,CAC_40,2021-10-05,same_day,trading_day,0,0.1851781075820326
q6vnlh,2021-10-12,CAC_40,2021-10-12,same_day,trading_day,0,-0.1208607148379087
quks48,2021-11-15,CAC_40,2021-11-15,same_day,trading_day,0,-0.0438211852345954
qvi2d8,2021-11-16,CAC_40,2021-11-16,same_day,trading_day,0,0.0010791712750991
r0dk0r,2021-11-23,CAC_40,2021-11-23,same_day,trading_day,0,-0.2726633501505213
r1643r,2021-11-24,CAC_40,2021-11-24,same_day,trading_day,0,-0.0973020749937357
r6o8i1,2021-12-01,CAC_40,2021-12-01,same_day,trading_day,0,-0.2157598350729261
rbrrls,2021-12-08,CAC_40,2021-12-08,same_day,trading_day,0,-0.2193974333653307
rdcr0o,2021-12-10,CAC_40,2021-12-10,same_day,trading_day,0,0.0083904713392257
rf06a5,2021-12-12,CAC_40,2021-12-13,forward_nontrading,Sunday,1,-0.0384176783263683
rffzwj,2021-12-13,CAC_40,2021-12-13,same_day,trading_day,0,-0.1199829927867367
rh9r5u,2021-12-15,CAC_40,2021-12-15,same_day,trading_day,0,0.2563302479943053
rm21sg,2021-12-22,CAC_40,2021-12-22,same_day,trading_day,0,-0.0566721875220537
rmvjyr,2021-12-23,CAC_40,2021-12-23,same_day,trading_day,0,-0.1804212760180235
rr8mmm,2021-12-29,CAC_40,2021-12-29,same_day,trading_day,0,0.0725156337241915
rstzza,2021-12-31,CAC_40,2021-12-31,same_day,trading_day,0,-0.1856924097886995
rv1t6f,2022-01-03,CAC_40,2022-01-03,same_day,trading_day,0,-0.0338769379410553
s0jkuu,2022-01-10,CAC_40,2022-01-10,same_day,trading_day,0,0.0026789637105095
s1cqnd,2022-01-11,CAC_40,2022-01-11,same_day,trading_day,0,-0.0145441192601408
s2dle3,2022-01-12,CAC_40,2022-01-12,same_day,trading_day,0,-0.2758415777236223
s3sdc9,2022-01-14,CAC_40,2022-01-14,same_day,trading_day,0,-0.3340867477883067
s4mzeq,2022-01-15,CAC_40,2022-01-17,forward_nontrading,Saturday,2,0.0499944407492876
s5jx2k,2022-01-16,CAC_40,2022-01-17,forward_nontrading,Sunday,1,-0.3051459062844515
s6gs28,2022-01-17,CAC_40,2022-01-17,same_day,trading_day,0,0.173132107264417
s6vcjw,2022-01-18,CAC_40,2022-01-18,same_day,trading_day,0,0.0494123771786689
s7uvtg,2022-01-19,CAC_40,2022-01-19,same_day,trading_day,0,-0.1601333580911159
s89ffn,2022-01-20,CAC_40,2022-01-20,same_day,trading_day,0,0.1893704280082602
s8ixn4,2022-01-20,CAC_40,2022-01-20,same_day,trading_day,0,0.0048856386228611
s8lqnd,2022-01-20,CAC_40,2022-01-20,same_day,trading_day,0,-0.0540425274521112
s8q7k8,2022-01-20,CAC_40,2022-01-20,same_day,trading_day,0,-0.2869238220155239
s8r22u,2022-01-20,CAC_40,2022-01-20,same_day,trading_day,0,0.0120285751298069
s930ds,2022-01-21,CAC_40,2022-01-21,same_day,trading_day,0,-0.0706563759595155
s94z2c,2022-01-21,CAC_40,2022-01-21,same_day,trading_day,0,-0.9308290295302868
s9afyk,2022-01-21,CAC_40,2022-01-21,same_day,trading_day,0,-0.1587099801639423
s9j6s8,2022-01-21,CAC_40,2022-01-21,same_day,trading_day,0,-0.2534964032132517
s9nzs4,2022-01-21,CAC_40,2022-01-21,same_day,trading_day,0,0.0243837367743253
sa2p02,2022-01-22,CAC_40,2022-01-24,forward_nontrading,Saturday,2,-0.4461039192974567
sagrpp,2022-01-23,CAC_40,2022-01-24,forward_nontrading,Sunday,1,0.2262151697650551
sawy4h,2022-01-23,CAC_40,2022-01-24,forward_nontrading,Sunday,1,-0.7614059560000896
sbf7ev,2022-01-24,CAC_40,2022-01-24,same_day,trading_day,0,-0.3136823642998934
sbh0ze,2022-01-24,CAC_40,2022-01-24,same_day,trading_day,0,-0.2431393079459667
sbhj4a,2022-01-24,CAC_40,2022-01-24,same_day,trading_day,0,-0.6528668981045485
sbi7h9,2022-01-24,CAC_40,2022-01-24,same_day,trading_day,0,-0.2228374257683754
sbmcdj,2022-01-24,CAC_40,2022-01-24,same_day,trading_day,0,-0.0637141040272333
sbnzyq,2022-01-24,CAC_40,2022-01-24,same_day,trading_day,0,-0.2796882123996814
sbt6jm,2022-01-24,CAC_40,2022-01-24,same_day,trading_day,0,-0.3814960659947246
sbudls,2022-01-24,CAC_40,2022-01-24,same_day,trading_day,0,-0.1832056171260774
sc8xtm,2022-01-25,CAC_40,2022-01-25,same_day,trading_day,0,-0.1158108780781427
scda8w,2022-01-25,CAC_40,2022-01-25,same_day,trading_day,0,-0.0356907940336636
scdbou,2022-01-25,CAC_40,2022-01-25,same_day,trading_day,0,-0.0367822680308158
scdw2q,2022-01-25,CAC_40,2022-01-25,same_day,trading_day,0,-0.1257590333975496
sceou8,2022-01-25,CAC_40,2022-01-25,same_day,trading_day,0,-0.4588110054610297
scevtz,2022-01-25,CAC_40,2022-01-25,same_day,trading_day,0,-0.0163283441588282
scje9u,2022-01-25,CAC_40,2022-01-25,same_day,trading_day,0,0.0045578740537166
sd1ldk,2022-01-26,CAC_40,2022-01-26,same_day,trading_day,0,-0.2783094898375841
sd61tk,2022-01-26,CAC_40,2022-01-26,same_day,trading_day,0,0.0135998406580515
sda0x4,2022-01-26,CAC_40,2022-01-26,same_day,trading_day,0,-0.711345138028264
sdb5vw,2022-01-26,CAC_40,2022-01-26,same_day,trading_day,0,0.1312641682103276
sdylza,2022-01-27,CAC_40,2022-01-27,same_day,trading_day,0,0.122349751751042
sebgj6,2022-01-27,CAC_40,2022-01-27,same_day,trading_day,0,0.0419695981379066
sef1mq,2022-01-28,CAC_40,2022-01-28,same_day,trading_day,0,-0.0123814694583415
seiwji,2022-01-28,CAC_40,2022-01-28,same_day,trading_day,0,-0.1939165593590587
sekpsr,2022-01-28,CAC_40,2022-01-28,same_day,trading_day,0,-0.291669336768488
seq1w8,2022-01-28,CAC_40,2022-01-28,same_day,trading_day,0,0.0201932098716497
sersoz,2022-01-28,CAC_40,2022-01-28,same_day,trading_day,0,-0.2910906299948692
seuxct,2022-01-28,CAC_40,2022-01-28,same_day,trading_day,0,0.0127657275518466
sg0anh,2022-01-30,CAC_40,2022-01-31,forward_nontrading,Sunday,1,-0.0187256634235382
sgedvt,2022-01-30,CAC_40,2022-01-31,forward_nontrading,Sunday,1,-0.1544276446636234
sgtvgm,2022-01-31,CAC_40,2022-01-31,same_day,trading_day,0,-0.470810012659058
sgz278,2022-01-31,CAC_40,2022-01-31,same_day,trading_day,0,-0.2309402574954384
si8dxu,2022-02-01,CAC_40,2022-02-01,same_day,trading_day,0,-0.9403544971719384
si8f6r,2022-02-01,CAC_40,2022-02-01,same_day,trading_day,0,-0.0099711455404758
sib3st,2022-02-02,CAC_40,2022-02-02,same_day,trading_day,0,-0.294111312367022
sio0ge,2022-02-02,CAC_40,2022-02-02,same_day,trading_day,0,0.095095761725679
sipwr9,2022-02-02,CAC_40,2022-02-02,same_day,trading_day,0,0.1859890670564614
skuxyr,2022-02-05,CAC_40,2022-02-07,forward_nontrading,Saturday,2,-0.1811416178409542
skyvmb,2022-02-05,CAC_40,2022-02-07,forward_nontrading,Saturday,2,0.0091346171568147
slkgq6,2022-02-05,CAC_40,2022-02-07,forward_nontrading,Saturday,2,-0.0309552941471338
sm6vya,2022-02-06,CAC_40,2022-02-07,forward_nontrading,Sunday,1,0.0091530978679656
smsd96,2022-02-07,CAC_40,2022-02-07,same_day,trading_day,0,0.018656984809786
snjpyg,2022-02-08,CAC_40,2022-02-08,same_day,trading_day,0,-0.1824989144436337
soehvp,2022-02-09,CAC_40,2022-02-09,same_day,trading_day,0,-0.9483943767845632
soejt5,2022-02-09,CAC_40,2022-02-09,same_day,trading_day,0,-0.3167668469250202
spw58i,2022-02-11,CAC_40,2022-02-11,same_day,trading_day,0,0.0411716718226671
sq62oa,2022-02-11,CAC_40,2022-02-11,same_day,trading_day,0,-0.1416635926333115
sq74vn,2022-02-11,CAC_40,2022-02-11,same_day,trading_day,0,-0.0416172938421368
sq7an3,2022-02-11,CAC_40,2022-02-11,same_day,trading_day,0,-0.1193428575061261
sq8b4f,2022-02-11,CAC_40,2022-02-11,same_day,trading_day,0,0.0146460309624671
sqcxgo,2022-02-11,CAC_40,2022-02-11,same_day,trading_day,0,0.0163232054067205
sqd30g,2022-02-11,CAC_40,2022-02-11,same_day,trading_day,0,-0.5788502618670464
sqgv0r,2022-02-12,CAC_40,2022-02-14,forward_nontrading,Saturday,2,-0.0067104859543698
sqou5g,2022-02-12,CAC_40,2022-02-14,forward_nontrading,Saturday,2,-0.0744330930756405
squhx1,2022-02-12,CAC_40,2022-02-14,forward_nontrading,Saturday,2,-0.5570773409369091
squqrl,2022-02-12,CAC_40,2022-02-14,forward_nontrading,Saturday,2,-0.0067473715753294
squt89,2022-02-12,CAC_40,2022-02-14,forward_nontrading,Saturday,2,-0.0027075405659464
sqvm4k,2022-02-12,CAC_40,2022-02-14,forward_nontrading,Saturday,2,-0.1295407484285533
sqwyoo,2022-02-12,CAC_40,2022-02-14,forward_nontrading,Saturday,2,0.2861536578275263
sr44uv,2022-02-12,CAC_40,2022-02-14,forward_nontrading,Saturday,2,-0.2590173021308146
sr4y85,2022-02-13,CAC_40,2022-02-14,forward_nontrading,Sunday,1,-0.8884642794728279
sr5nn5,2022-02-13,CAC_40,2022-02-14,forward_nontrading,Sunday,1,0.1635690226685255
srduf2,2022-02-13,CAC_40,2022-02-14,forward_nontrading,Sunday,1,-0.0836807466422517
srn05e,2022-02-13,CAC_40,2022-02-14,forward_nontrading,Sunday,1,-0.3697437436785549
srqdvf,2022-02-13,CAC_40,2022-02-14,forward_nontrading,Sunday,1,-0.3135620690882206
srsfwj,2022-02-13,CAC_40,2022-02-14,forward_nontrading,Sunday,1,0.0019738860428333
ss0az4,2022-02-14,CAC_40,2022-02-14,same_day,trading_day,0,-0.0312462483416311
ss7dan,2022-02-14,CAC_40,2022-02-14,same_day,trading_day,0,-0.0190330527722835
ss7tiv,2022-02-14,CAC_40,2022-02-14,same_day,trading_day,0,-0.8911121133714914
ssabp6,2022-02-14,CAC_40,2022-02-14,same_day,trading_day,0,0.1909388181838122
ssbn9j,2022-02-14,CAC_40,2022-02-14,same_day,trading_day,0,-0.3767813721050819
ssg772,2022-02-14,CAC_40,2022-02-14,same_day,trading_day,0,-0.0112442262470722
ssnap1,2022-02-14,CAC_40,2022-02-14,same_day,trading_day,0,0.066206033402325
ssoy5t,2022-02-15,CAC_40,2022-02-15,same_day,trading_day,0,0.0140957497060298
ssptn5,2022-02-15,CAC_40,2022-02-15,same_day,trading_day,0,0.0098934285342693
ssr1fy,2022-02-15,CAC_40,2022-02-15,same_day,trading_day,0,-0.098743200302124
ssr28z,2022-02-15,CAC_40,2022-02-15,same_day,trading_day,0,-0.098743200302124
ssriy2,2022-02-15,CAC_40,2022-02-15,same_day,trading_day,0,-0.0951453012724717
sss0wd,2022-02-15,CAC_40,2022-02-15,same_day,trading_day,0,-0.3983824774622917
ssyn76,2022-02-15,CAC_40,2022-02-15,same_day,trading_day,0,-0.2637516205819945
ssyoh3,2022-02-15,CAC_40,2022-02-15,same_day,trading_day,0,-0.2918435633182525
ssyuh9,2022-02-15,CAC_40,2022-02-15,same_day,trading_day,0,-0.5516344755887985
st2ii4,2022-02-15,CAC_40,2022-02-15,same_day,trading_day,0,-0.2014740076071272
st2yi8,2022-02-15,CAC_40,2022-02-15,same_day,trading_day,0,0.1310487664860687
st2zhx,2022-02-15,CAC_40,2022-02-15,same_day,trading_day,0,0.1346318116341012
st8l1g,2022-02-15,CAC_40,2022-02-15,same_day,trading_day,0,0.0195959992706775
stc5gu,2022-02-15,CAC_40,2022-02-15,same_day,trading_day,0,-0.7457840666174889
sth0f5,2022-02-15,CAC_40,2022-02-15,same_day,trading_day,0,0.0769118489292652
stutl4,2022-02-16,CAC_40,2022-02-16,same_day,trading_day,0,0.0502519659401679
stw8a7,2022-02-16,CAC_40,2022-02-16,same_day,trading_day,0,-0.0031168392941921
stw9kr,2022-02-16,CAC_40,2022-02-16,same_day,trading_day,0,-0.0144257702602025
stwy68,2022-02-16,CAC_40,2022-02-16,same_day,trading_day,0,-0.1391335567976865
su8mti,2022-02-16,CAC_40,2022-02-16,same_day,trading_day,0,0.28965214238717
suonte,2022-02-17,CAC_40,2022-02-17,same_day,trading_day,0,-0.0271468635958929
suop45,2022-02-17,CAC_40,2022-02-17,same_day,trading_day,0,-0.0289410025669404
suoq1p,2022-02-17,CAC_40,2022-02-17,same_day,trading_day,0,-0.0669261137752429
supsuu,2022-02-17,CAC_40,2022-02-17,same_day,trading_day,0,-0.324368777464291
sushxc,2022-02-17,CAC_40,2022-02-17,same_day,trading_day,0,-0.0224564734380692
sut5zy,2022-02-17,CAC_40,2022-02-17,same_day,trading_day,0,-0.6415039265993983
suxh4e,2022-02-17,CAC_40,2022-02-17,same_day,trading_day,0,-0.943143006414175
sv171w,2022-02-17,CAC_40,2022-02-17,same_day,trading_day,0,0.0334145622017483
svj336,2022-02-18,CAC_40,2022-02-18,same_day,trading_day,0,-0.423030679255886
svngsk,2022-02-18,CAC_40,2022-02-18,same_day,trading_day,0,-0.3120378302410245
svrtfz,2022-02-18,CAC_40,2022-02-18,same_day,trading_day,0,-0.3007615283131599
svthaf,2022-02-18,CAC_40,2022-02-18,same_day,trading_day,0,-0.052988102659583
svuz8g,2022-02-18,CAC_40,2022-02-18,same_day,trading_day,0,-0.0919943397332515
sw13cg,2022-02-19,CAC_40,2022-02-21,forward_nontrading,Saturday,2,0.1441325778141617
sw1sk4,2022-02-19,CAC_40,2022-02-21,forward_nontrading,Saturday,2,-0.1165035928638341
sw1uge,2022-02-19,CAC_40,2022-02-21,forward_nontrading,Saturday,2,-0.1163681159300419
sw22s2,2022-02-19,CAC_40,2022-02-21,forward_nontrading,Saturday,2,-0.949588043615222
sw23om,2022-02-19,CAC_40,2022-02-21,forward_nontrading,Saturday,2,-0.9427290931344032
sw4b5n,2022-02-19,CAC_40,2022-02-21,forward_nontrading,Saturday,2,-0.9075227864086628
sw5ora,2022-02-19,CAC_40,2022-02-21,forward_nontrading,Saturday,2,-0.2725183817424945
sw76mr,2022-02-19,CAC_40,2022-02-21,forward_nontrading,Saturday,2,-0.0187256634235382
sw8kax,2022-02-19,CAC_40,2022-02-21,forward_nontrading,Saturday,2,-0.1166148697957396
swfnob,2022-02-19,CAC_40,2022-02-21,forward_nontrading,Saturday,2,-0.0030449070036411
swgkw1,2022-02-19,CAC_40,2022-02-21,forward_nontrading,Saturday,2,-0.2685168509682019
swh31m,2022-02-19,CAC_40,2022-02-21,forward_nontrading,Saturday,2,-0.1463066272748013
swh995,2022-02-19,CAC_40,2022-02-21,forward_nontrading,Saturday,2,-0.1702365949749946
sx443g,2022-02-20,CAC_40,2022-02-21,forward_nontrading,Sunday,1,0.4166662730276584
sx618f,2022-02-20,CAC_40,2022-02-21,forward_nontrading,Sunday,1,-0.1412347555160522
sxe73d,2022-02-20,CAC_40,2022-02-21,forward_nontrading,Sunday,1,-0.3672744962810115
sxebr3,2022-02-20,CAC_40,2022-02-21,forward_nontrading,Sunday,1,-0.2867313681377305
sxefab,2022-02-20,CAC_40,2022-02-21,forward_nontrading,Sunday,1,0.0212640585377812
sxi55o,2022-02-21,CAC_40,2022-02-21,same_day,trading_day,0,-0.0289829447865486
sxinf1,2022-02-21,CAC_40,2022-02-21,same_day,trading_day,0,-0.0252121884582771
sxl9g8,2022-02-21,CAC_40,2022-02-21,same_day,trading_day,0,-0.3112559560220688
sxw632,2022-02-21,CAC_40,2022-02-21,same_day,trading_day,0,0.0073883980512619
sy6lex,2022-02-21,CAC_40,2022-02-21,same_day,trading_day,0,-0.4224066906608641
sy6u2l,2022-02-21,CAC_40,2022-02-21,same_day,trading_day,0,-0.1620592353865504
sy759u,2022-02-21,CAC_40,2022-02-21,same_day,trading_day,0,-0.2924307786992618
sy7mvx,2022-02-21,CAC_40,2022-02-21,same_day,trading_day,0,-0.5077306347795658
sy7n4e,2022-02-21,CAC_40,2022-02-21,same_day,trading_day,0,-0.0369833645721276
sycjd5,2022-02-22,CAC_40,2022-02-22,same_day,trading_day,0,-0.379687449096569
sygjdx,2022-02-22,CAC_40,2022-02-22,same_day,trading_day,0,-0.1930276894321044
syjpok,2022-02-22,CAC_40,2022-02-22,same_day,trading_day,0,-0.8922795224934816
synegr,2022-02-22,CAC_40,2022-02-22,same_day,trading_day,0,-0.5623829025560273
synkl5,2022-02-22,CAC_40,2022-02-22,same_day,trading_day,0,0.0082208062463168
synm3s,2022-02-22,CAC_40,2022-02-22,same_day,trading_day,0,0.0200221612810706
syooq7,2022-02-22,CAC_40,2022-02-22,same_day,trading_day,0,-0.2616912970446389
syopu2,2022-02-22,CAC_40,2022-02-22,same_day,trading_day,0,0.2228439620812423
sypxqs,2022-02-22,CAC_40,2022-02-22,same_day,trading_day,0,-0.313842361792922
sysniy,2022-02-22,CAC_40,2022-02-22,same_day,trading_day,0,-0.0166265261492558
syss2v,2022-02-22,CAC_40,2022-02-22,same_day,trading_day,0,-0.5350393135514525
syt3vw,2022-02-22,CAC_40,2022-02-22,same_day,trading_day,0,0.0533136650919914
sywaso,2022-02-22,CAC_40,2022-02-22,same_day,trading_day,0,-0.1541168689727783
syyfuw,2022-02-22,CAC_40,2022-02-22,same_day,trading_day,0,-0.0471561709418892
syyxww,2022-02-22,CAC_40,2022-02-22,same_day,trading_day,0,-0.114288102494689
syzoi2,2022-02-22,CAC_40,2022-02-22,same_day,trading_day,0,-0.0689080622313278
sz0och,2022-02-22,CAC_40,2022-02-22,same_day,trading_day,0,-0.0163246660958975
sz2ajo,2022-02-22,CAC_40,2022-02-22,same_day,trading_day,0,-0.0506350672803819
sz5yix,2022-02-23,CAC_40,2022-02-23,same_day,trading_day,0,-0.007788493608435
szan41,2022-02-23,CAC_40,2022-02-23,same_day,trading_day,0,-0.130315251648426
szds0e,2022-02-23,CAC_40,2022-02-23,same_day,trading_day,0,0.0291547344710964
sze4dh,2022-02-23,CAC_40,2022-02-23,same_day,trading_day,0,-0.0304236393421888
szgrnt,2022-02-23,CAC_40,2022-02-23,same_day,trading_day,0,-0.3402261588545072
szha09,2022-02-23,CAC_40,2022-02-23,same_day,trading_day,0,0.0395132737234234
sziitw,2022-02-23,CAC_40,2022-02-23,same_day,trading_day,0,-0.0591927673150268
szm3nv,2022-02-23,CAC_40,2022-02-23,same_day,trading_day,0,-0.5539570567198098
szmbyf,2022-02-23,CAC_40,2022-02-23,same_day,trading_day,0,-0.2007998939603567
szxlow,2022-02-24,CAC_40,2022-02-24,same_day,trading_day,0,0.0056995600461959
t009dd,2022-02-24,CAC_40,2022-02-24,same_day,trading_day,0,-0.2595640349512298
t00xkk,2022-02-24,CAC_40,2022-02-24,same_day,trading_day,0,-0.8997681364417076
t00xyw,2022-02-24,CAC_40,2022-02-24,same_day,trading_day,0,-0.9432375440374016
t015yf,2022-02-24,CAC_40,2022-02-24,same_day,trading_day,0,-0.2060816523929436
t01dub,2022-02-24,CAC_40,2022-02-24,same_day,trading_day,0,-0.9453228833153844
t024b9,2022-02-24,CAC_40,2022-02-24,same_day,trading_day,0,-0.4261349625885486
t027z5,2022-02-24,CAC_40,2022-02-24,same_day,trading_day,0,-0.2086928082216117
t033bu,2022-02-24,CAC_40,2022-02-24,same_day,trading_day,0,0.8385575637221336
t0345l,2022-02-24,CAC_40,2022-02-24,same_day,trading_day,0,-0.2515575606375932
t03o0u,2022-02-24,CAC_40,2022-02-24,same_day,trading_day,0,-0.2857206296175718
t03zlo,2022-02-24,CAC_40,2022-02-24,same_day,trading_day,0,-0.4545170015189796
t042xm,2022-02-24,CAC_40,2022-02-24,same_day,trading_day,0,-0.1407315930351614
t04o58,2022-02-24,CAC_40,2022-02-24,same_day,trading_day,0,0.3735724873840809
t04ypf,2022-02-24,CAC_40,2022-02-24,same_day,trading_day,0,0.1103103959725962
t0769b,2022-02-24,CAC_40,2022-02-24,same_day,trading_day,0,-0.0179403703659772
t076q3,2022-02-24,CAC_40,2022-02-24,same_day,trading_day,0,-0.0179403703659772
t07s83,2022-02-24,CAC_40,2022-02-24,same_day,trading_day,0,0.0068943816180707
t092wf,2022-02-24,CAC_40,2022-02-24,same_day,trading_day,0,-0.591060096397996
t097ua,2022-02-24,CAC_40,2022-02-24,same_day,trading_day,0,-0.1955526309708754
t098jn,2022-02-24,CAC_40,2022-02-24,same_day,trading_day,0,0.1138275999110192
t0apg3,2022-02-24,CAC_40,2022-02-24,same_day,trading_day,0,-0.047070674598217
t0at06,2022-02-24,CAC_40,2022-02-24,same_day,trading_day,0,-0.3727565743916092
t0c1ug,2022-02-24,CAC_40,2022-02-24,same_day,trading_day,0,-0.2806754709504868
t0d2pe,2022-02-24,CAC_40,2022-02-24,same_day,trading_day,0,-0.6184743873309344
t0da9y,2022-02-24,CAC_40,2022-02-24,same_day,trading_day,0,-0.2075601491907781
t0dnew,2022-02-24,CAC_40,2022-02-24,same_day,trading_day,0,-0.3321660578250885
t0dprd,2022-02-24,CAC_40,2022-02-24,same_day,trading_day,0,-0.6033344153935711
t0fug7,2022-02-24,CAC_40,2022-02-24,same_day,trading_day,0,-0.4623013138771057
t0fv4z,2022-02-24,CAC_40,2022-02-24,same_day,trading_day,0,-0.4623013138771057
t0fvfc,2022-02-24,CAC_40,2022-02-24,same_day,trading_day,0,-0.4623013138771057
t0helg,2022-02-24,CAC_40,2022-02-24,same_day,trading_day,0,0.099406911060214
t0hlsn,2022-02-24,CAC_40,2022-02-24,same_day,trading_day,0,-0.3872219823300838
t0hxl7,2022-02-24,CAC_40,2022-02-24,same_day,trading_day,0,0.0248477980494499
t0il8q,2022-02-24,CAC_40,2022-02-24,same_day,trading_day,0,-0.3131805062294006
t0j3st,2022-02-24,CAC_40,2022-02-24,same_day,trading_day,0,0.0664532426744699
t0jd24,2022-02-24,CAC_40,2022-02-24,same_day,trading_day,0,-0.5777296670712531
t0jeom,2022-02-24,CAC_40,2022-02-24,same_day,trading_day,0,0.0047517903149127
t0l6hj,2022-02-24,CAC_40,2022-02-24,same_day,trading_day,0,0.3118770122528076
t0lm69,2022-02-24,CAC_40,2022-02-24,same_day,trading_day,0,-0.121206201147288
t0m4vc,2022-02-24,CAC_40,2022-02-24,same_day,trading_day,0,-0.0006040893495082
t0mvvd,2022-02-24,CAC_40,2022-02-24,same_day,trading_day,0,-0.399122674737803
t0nvcv,2022-02-24,CAC_40,2022-02-24,same_day,trading_day,0,-0.144943482838571
t0odtg,2022-02-24,CAC_40,2022-02-24,same_day,trading_day,0,-0.0592684307239121
t0oibe,2022-02-24,CAC_40,2022-02-24,same_day,trading_day,0,-0.0652885768441078
t0olww,2022-02-24,CAC_40,2022-02-24,same_day,trading_day,0,-0.1082308152690529
t0scwv,2022-02-25,CAC_40,2022-02-25,same_day,trading_day,0,-0.2692752820439636
t0tyeg,2022-02-25,CAC_40,2022-02-25,same_day,trading_day,0,-0.9036902636289595
t0vmj2,2022-02-25,CAC_40,2022-02-25,same_day,trading_day,0,-0.3157521430402994
t0wnq8,2022-02-25,CAC_40,2022-02-25,same_day,trading_day,0,-0.9036902636289595
t0wukh,2022-02-25,CAC_40,2022-02-25,same_day,trading_day,0,-0.9254784099757672
t0y385,2022-02-25,CAC_40,2022-02-25,same_day,trading_day,0,0.0125861849082866
t0yv0y,2022-02-25,CAC_40,2022-02-25,same_day,trading_day,0,0.1428310953080654
t10819,2022-02-25,CAC_40,2022-02-25,same_day,trading_day,0,-0.2386019378900528
t118dv,2022-02-25,CAC_40,2022-02-25,same_day,trading_day,0,0.0391950922078665
t11rb4,2022-02-25,CAC_40,2022-02-25,same_day,trading_day,0,0.0541851725429296
t127e9,2022-02-25,CAC_40,2022-02-25,same_day,trading_day,0,0.0160282999277114
t13z6i,2022-02-25,CAC_40,2022-02-25,same_day,trading_day,0,0.0275370079325512
t17wnn,2022-02-25,CAC_40,2022-02-25,same_day,trading_day,0,-0.2922753896564245
t1a5rc,2022-02-25,CAC_40,2022-02-25,same_day,trading_day,0,0.0305660776793956
t1bf3i,2022-02-25,CAC_40,2022-02-25,same_day,trading_day,0,-0.6512602388858795
t1cynj,2022-02-25,CAC_40,2022-02-25,same_day,trading_day,0,-0.2018795739859342
t1dc3t,2022-02-25,CAC_40,2022-02-25,same_day,trading_day,0,0.2482870034873485
t1dp79,2022-02-25,CAC_40,2022-02-25,same_day,trading_day,0,-0.2549111228436231
t1ekw8,2022-02-25,CAC_40,2022-02-25,same_day,trading_day,0,-0.0414115036837756
t1h2km,2022-02-25,CAC_40,2022-02-25,same_day,trading_day,0,-0.0774229307259832
t1h8vi,2022-02-25,CAC_40,2022-02-25,same_day,trading_day,0,-0.1133973076939582
t1ivo8,2022-02-26,CAC_40,2022-02-28,forward_nontrading,Saturday,2,0.0087303115287795
t1lnqo,2022-02-26,CAC_40,2022-02-28,forward_nontrading,Saturday,2,-0.2295220787636935
t1tkvv,2022-02-26,CAC_40,2022-02-28,forward_nontrading,Saturday,2,-0.7037449367344379
t1tvyd,2022-02-26,CAC_40,2022-02-28,forward_nontrading,Saturday,2,-0.266658786063393
t1wm9e,2022-02-26,CAC_40,2022-02-28,forward_nontrading,Saturday,2,-0.0424959751117664
t1xhw8,2022-02-26,CAC_40,2022-02-28,forward_nontrading,Saturday,2,-0.0423100373048024
t1yv0m,2022-02-26,CAC_40,2022-02-28,forward_nontrading,Saturday,2,-0.0145889855921268
t1zeql,2022-02-26,CAC_40,2022-02-28,forward_nontrading,Saturday,2,-0.3075475264340639
t22kr4,2022-02-26,CAC_40,2022-02-28,forward_nontrading,Saturday,2,-0.1676974622532725
t23v24,2022-02-26,CAC_40,2022-02-28,forward_nontrading,Saturday,2,-0.8836986869573593
t23vm5,2022-02-26,CAC_40,2022-02-28,forward_nontrading,Saturday,2,-0.8836986869573593
t23w0f,2022-02-26,CAC_40,2022-02-28,forward_nontrading,Saturday,2,0.2833445747806267
t275mi,2022-02-26,CAC_40,2022-02-28,forward_nontrading,Saturday,2,-0.0641603996045887
t28rxm,2022-02-26,CAC_40,2022-02-28,forward_nontrading,Saturday,2,-0.9023264572024344
t290wc,2022-02-26,CAC_40,2022-02-28,forward_nontrading,Saturday,2,-0.5893933666869998
t2acfb,2022-02-26,CAC_40,2022-02-28,forward_nontrading,Saturday,2,0.1814082106575369
t2aujf,2022-02-27,CAC_40,2022-02-28,forward_nontrading,Sunday,1,-0.2784922508290037
t2ev5u,2022-02-27,CAC_40,2022-02-28,forward_nontrading,Sunday,1,-0.2381154971818129
t2fdd7,2022-02-27,CAC_40,2022-02-28,forward_nontrading,Sunday,1,-0.5585836259027323
t2fm5y,2022-02-27,CAC_40,2022-02-28,forward_nontrading,Sunday,1,-0.6596063749864698
t2jlem,2022-02-27,CAC_40,2022-02-28,forward_nontrading,Sunday,1,-0.2604536786675453
t2jyu9,2022-02-27,CAC_40,2022-02-28,forward_nontrading,Sunday,1,0.2378148933251699
t2sn4h,2022-02-27,CAC_40,2022-02-28,forward_nontrading,Sunday,1,-0.1551880963379517
t2t2oj,2022-02-27,CAC_40,2022-02-28,forward_nontrading,Sunday,1,0.8580898307263851
t2uiat,2022-02-27,CAC_40,2022-02-28,forward_nontrading,Sunday,1,-0.1172026098938658
t2x82i,2022-02-27,CAC_40,2022-02-28,forward_nontrading,Sunday,1,-0.120176537707448
t2xwcj,2022-02-27,CAC_40,2022-02-28,forward_nontrading,Sunday,1,-0.0866394818929786
t2xyfu,2022-02-27,CAC_40,2022-02-28,forward_nontrading,Sunday,1,0.0514466733272586
t30quw,2022-02-27,CAC_40,2022-02-28,forward_nontrading,Sunday,1,-0.4995469492860138
t32ahv,2022-02-28,CAC_40,2022-02-28,same_day,trading_day,0,-0.1212035549272384
t34kzo,2022-02-28,CAC_40,2022-02-28,same_day,trading_day,0,-0.0378282817546278
t3703y,2022-02-28,CAC_40,2022-02-28,same_day,trading_day,0,-0.2757589616812765
t38ck8,2022-02-28,CAC_40,2022-02-28,same_day,trading_day,0,-0.5608676811680198
t38lvc,2022-02-28,CAC_40,2022-02-28,same_day,trading_day,0,-0.9433308336883784
t39b5j,2022-02-28,CAC_40,2022-02-28,same_day,trading_day,0,-0.941044632345438
t39j4l,2022-02-28,CAC_40,2022-02-28,same_day,trading_day,0,-0.1680157461336681
t3amaw,2022-02-28,CAC_40,2022-02-28,same_day,trading_day,0,0.1516043159107749
t3b1sn,2022-02-28,CAC_40,2022-02-28,same_day,trading_day,0,-0.4340813532471657
t3be0t,2022-02-28,CAC_40,2022-02-28,same_day,trading_day,0,-0.0364081503202518
t3cm86,2022-02-28,CAC_40,2022-02-28,same_day,trading_day,0,-0.9335338827222586
t3dnuc,2022-02-28,CAC_40,2022-02-28,same_day,trading_day,0,0.2328292084857821
t3dt52,2022-02-28,CAC_40,2022-02-28,same_day,trading_day,0,-0.4215577411232516
t3fcwy,2022-02-28,CAC_40,2022-02-28,same_day,trading_day,0,0.057135272398591
t3fqgl,2022-02-28,CAC_40,2022-02-28,same_day,trading_day,0,-0.0362274465886386
t3gk4x,2022-02-28,CAC_40,2022-02-28,same_day,trading_day,0,-0.4536158857601029
t3hcjr,2022-02-28,CAC_40,2022-02-28,same_day,trading_day,0,-0.3812795355916023
t3hxbv,2022-02-28,CAC_40,2022-02-28,same_day,trading_day,0,-0.3258469495146225
t3hyxe,2022-02-28,CAC_40,2022-02-28,same_day,trading_day,0,-0.4415576420724392
t3la21,2022-02-28,CAC_40,2022-02-28,same_day,trading_day,0,0.2393302991986274
t3lsow,2022-02-28,CAC_40,2022-02-28,same_day,trading_day,0,-0.1997541041512574
t3n6rf,2022-02-28,CAC_40,2022-02-28,same_day,trading_day,0,-0.3357602593799432
t3oxm7,2022-02-28,CAC_40,2022-02-28,same_day,trading_day,0,0.8392009977251291
t3p1bv,2022-02-28,CAC_40,2022-02-28,same_day,trading_day,0,-0.180129911750555
t3pb83,2022-02-28,CAC_40,2022-02-28,same_day,trading_day,0,-0.180129911750555
t3pzhh,2022-02-28,CAC_40,2022-02-28,same_day,trading_day,0,0.2420555774799802
t3rh2h,2022-02-28,CAC_40,2022-02-28,same_day,trading_day,0,-0.1231901080925659
t3rppq,2022-02-28,CAC_40,2022-02-28,same_day,trading_day,0,-0.0380832689503828
t3tmgi,2022-02-28,CAC_40,2022-02-28,same_day,trading_day,0,-0.2167774084179352
t3tv67,2022-03-01,CAC_40,2022-03-01,same_day,trading_day,0,-0.243670846025149
t3ueml,2022-03-01,CAC_40,2022-03-01,same_day,trading_day,0,-0.1759515475215656
t3zphz,2022-03-01,CAC_40,2022-03-01,same_day,trading_day,0,0.1189454908017069
t42gg5,2022-03-01,CAC_40,2022-03-01,same_day,trading_day,0,-0.8200978487730026
t42pyq,2022-03-01,CAC_40,2022-03-01,same_day,trading_day,0,0.2384684750810265
t438zp,2022-03-01,CAC_40,2022-03-01,same_day,trading_day,0,-0.0469445851114061
t44pro,2022-03-01,CAC_40,2022-03-01,same_day,trading_day,0,-0.4990791426971554
t4716l,2022-03-01,CAC_40,2022-03-01,same_day,trading_day,0,-0.4121190320234745
t48qga,2022-03-01,CAC_40,2022-03-01,same_day,trading_day,0,-0.1514468633104115
t48xff,2022-03-01,CAC_40,2022-03-01,same_day,trading_day,0,0.0197540242224931
t49gb6,2022-03-01,CAC_40,2022-03-01,same_day,trading_day,0,0.0817893929779529
t49rsk,2022-03-01,CAC_40,2022-03-01,same_day,trading_day,0,-0.024244792000563
t49w2s,2022-03-01,CAC_40,2022-03-01,same_day,trading_day,0,0.8473948016762733
t4a6q3,2022-03-01,CAC_40,2022-03-01,same_day,trading_day,0,0.8473948016762733
t4d5ul,2022-03-01,CAC_40,2022-03-01,same_day,trading_day,0,-0.5476018348708749
t4drgt,2022-03-01,CAC_40,2022-03-01,same_day,trading_day,0,-0.910919927060604
t4es8y,2022-03-01,CAC_40,2022-03-01,same_day,trading_day,0,0.0860879289684817
t4f46t,2022-03-01,CAC_40,2022-03-01,same_day,trading_day,0,-0.6036421755949656
t4gjmf,2022-03-01,CAC_40,2022-03-01,same_day,trading_day,0,-0.59044258762151
t4iokb,2022-03-01,CAC_40,2022-03-01,same_day,trading_day,0,-0.2246029096034665
t4ipvq,2022-03-01,CAC_40,2022-03-01,same_day,trading_day,0,0.0377584286034107
t4jmx3,2022-03-01,CAC_40,2022-03-01,same_day,trading_day,0,-0.1131669320166111
t4nhrz,2022-03-02,CAC_40,2022-03-02,same_day,trading_day,0,-0.1940547749400138
t4o6tu,2022-03-02,CAC_40,2022-03-02,same_day,trading_day,0,-0.4324938966892659
t4ors6,2022-03-02,CAC_40,2022-03-02,same_day,trading_day,0,0.0233109053224325
t4uwal,2022-03-02,CAC_40,2022-03-02,same_day,trading_day,0,0.2380642518401146
t4ve0t,2022-03-02,CAC_40,2022-03-02,same_day,trading_day,0,0.0706748546217568
t4zkeg,2022-03-02,CAC_40,2022-03-02,same_day,trading_day,0,0.8222204508880774
t4zstv,2022-03-02,CAC_40,2022-03-02,same_day,trading_day,0,-0.1889074977021664
t50qdr,2022-03-02,CAC_40,2022-03-02,same_day,trading_day,0,-0.0943367140367626
t527of,2022-03-02,CAC_40,2022-03-02,same_day,trading_day,0,0.0022522968550522
t569fh,2022-03-02,CAC_40,2022-03-02,same_day,trading_day,0,-0.2614969797432422
t56bte,2022-03-02,CAC_40,2022-03-02,same_day,trading_day,0,0.0857775478966926
t57hkk,2022-03-02,CAC_40,2022-03-02,same_day,trading_day,0,0.0492170370099219
t59wm4,2022-03-02,CAC_40,2022-03-02,same_day,trading_day,0,-0.0397471613915903
t5a2b3,2022-03-02,CAC_40,2022-03-02,same_day,trading_day,0,-0.2394772660918533
t5b7iy,2022-03-02,CAC_40,2022-03-02,same_day,trading_day,0,-0.1181861262670473
t5b8xe,2022-03-02,CAC_40,2022-03-02,same_day,trading_day,0,-0.6777774840593338
t5e2x9,2022-03-03,CAC_40,2022-03-03,same_day,trading_day,0,-0.3136734573968819
t5g4c7,2022-03-03,CAC_40,2022-03-03,same_day,trading_day,0,-0.1169184498488903
t5pwl8,2022-03-03,CAC_40,2022-03-03,same_day,trading_day,0,-0.0450204957276582
t5rf7m,2022-03-03,CAC_40,2022-03-03,same_day,trading_day,0,-0.2630288821179419
t5tibs,2022-03-03,CAC_40,2022-03-03,same_day,trading_day,0,-0.0897266554646194
t5vfom,2022-03-03,CAC_40,2022-03-03,same_day,trading_day,0,-0.5376135557889938
t5wlyc,2022-03-03,CAC_40,2022-03-03,same_day,trading_day,0,-0.0001103077083826
t5wvxk,2022-03-03,CAC_40,2022-03-03,same_day,trading_day,0,0.0617698685133031
t5wvxl,2022-03-03,CAC_40,2022-03-03,same_day,trading_day,0,-0.073973534318308
t5yayn,2022-03-03,CAC_40,2022-03-03,same_day,trading_day,0,0.4278316982090473
t5ynry,2022-03-03,CAC_40,2022-03-03,same_day,trading_day,0,-0.0434140488505363
t5zphg,2022-03-03,CAC_40,2022-03-03,same_day,trading_day,0,-0.126705295539328
t622h3,2022-03-03,CAC_40,2022-03-03,same_day,trading_day,0,-0.9532753047533332
t66csv,2022-03-04,CAC_40,2022-03-04,same_day,trading_day,0,-0.5985364471562207
t69s53,2022-03-04,CAC_40,2022-03-04,same_day,trading_day,0,0.0440041795372962
t69u99,2022-03-04,CAC_40,2022-03-04,same_day,trading_day,0,-0.1134751976157228
t6ge70,2022-03-04,CAC_40,2022-03-04,same_day,trading_day,0,-0.0660638784524053
t6get0,2022-03-04,CAC_40,2022-03-04,same_day,trading_day,0,-0.0558584645124418
t6ihcj,2022-03-04,CAC_40,2022-03-04,same_day,trading_day,0,-0.405124506007673
t6j40l,2022-03-04,CAC_40,2022-03-04,same_day,trading_day,0,-0.1745383604429662
t6jmtc,2022-03-04,CAC_40,2022-03-04,same_day,trading_day,0,-0.1325795123619692
t6ko3m,2022-03-04,CAC_40,2022-03-04,same_day,trading_day,0,0.0071977355207006
t6nybh,2022-03-04,CAC_40,2022-03-04,same_day,trading_day,0,-0.2656953218910429
t6pxz5,2022-03-04,CAC_40,2022-03-04,same_day,trading_day,0,-0.0122390312608331
t6q9nm,2022-03-04,CAC_40,2022-03-04,same_day,trading_day,0,0.194688931107521
t6qay7,2022-03-04,CAC_40,2022-03-04,same_day,trading_day,0,0.194688931107521
t6r07s,2022-03-04,CAC_40,2022-03-04,same_day,trading_day,0,0.0123658599331974
t6u904,2022-03-04,CAC_40,2022-03-04,same_day,trading_day,0,-0.3948302439843806
t6vh84,2022-03-04,CAC_40,2022-03-04,same_day,trading_day,0,0.1811676729526935
t6vkud,2022-03-04,CAC_40,2022-03-04,same_day,trading_day,0,-0.8970248410478234
t6vmwr,2022-03-04,CAC_40,2022-03-04,same_day,trading_day,0,-0.9001212399452925
t6zr2i,2022-03-05,CAC_40,2022-03-07,forward_nontrading,Saturday,2,-0.0791741540965934
t6zsjn,2022-03-05,CAC_40,2022-03-07,forward_nontrading,Saturday,2,-0.0792240305493275
t74gd7,2022-03-05,CAC_40,2022-03-07,forward_nontrading,Saturday,2,-0.052361440922444
t74wil,2022-03-05,CAC_40,2022-03-07,forward_nontrading,Saturday,2,-0.3018797856445113
t753oq,2022-03-05,CAC_40,2022-03-07,forward_nontrading,Saturday,2,-0.9533168841153384
t7aamc,2022-03-05,CAC_40,2022-03-07,forward_nontrading,Saturday,2,-0.4437433329876512
t7b8au,2022-03-05,CAC_40,2022-03-07,forward_nontrading,Saturday,2,0.0635430496186018
t7c6b2,2022-03-05,CAC_40,2022-03-07,forward_nontrading,Saturday,2,0.0850207751306394
t7d4tj,2022-03-05,CAC_40,2022-03-07,forward_nontrading,Saturday,2,-0.0712734372713244
t7ecsi,2022-03-05,CAC_40,2022-03-07,forward_nontrading,Saturday,2,0.2634413895818094
t7hc25,2022-03-05,CAC_40,2022-03-07,forward_nontrading,Saturday,2,0.0225544642657041
t7ko2g,2022-03-05,CAC_40,2022-03-07,forward_nontrading,Saturday,2,-0.1824076008051633
t7kz6r,2022-03-05,CAC_40,2022-03-07,forward_nontrading,Saturday,2,-0.5575110284611583
t7lyp1,2022-03-05,CAC_40,2022-03-07,forward_nontrading,Saturday,2,-0.0745914792641997
t7pnno,2022-03-06,CAC_40,2022-03-07,forward_nontrading,Sunday,1,-0.1232330701313912
t810e0,2022-03-06,CAC_40,2022-03-07,forward_nontrading,Sunday,1,-0.1579459455097094
t83c00,2022-03-06,CAC_40,2022-03-07,forward_nontrading,Sunday,1,-0.0475224791360752
t83rzh,2022-03-06,CAC_40,2022-03-07,forward_nontrading,Sunday,1,0.1659820734833678
t83wk1,2022-03-06,CAC_40,2022-03-07,forward_nontrading,Sunday,1,-0.680117866024375
t87wj7,2022-03-06,CAC_40,2022-03-07,forward_nontrading,Sunday,1,0.0812491215765476
t88731,2022-03-06,CAC_40,2022-03-07,forward_nontrading,Sunday,1,0.0812491215765476
t88m74,2022-03-06,CAC_40,2022-03-07,forward_nontrading,Sunday,1,0.0812491215765476
t8atr4,2022-03-06,CAC_40,2022-03-07,forward_nontrading,Sunday,1,-0.0323987510055303
t8b03s,2022-03-06,CAC_40,2022-03-07,forward_nontrading,Sunday,1,-0.1765184579417109
t8dexi,2022-03-07,CAC_40,2022-03-07,same_day,trading_day,0,0.0280492780730128
t8ioy8,2022-03-07,CAC_40,2022-03-07,same_day,trading_day,0,0.0991603769361972
t8iq8u,2022-03-07,CAC_40,2022-03-07,same_day,trading_day,0,0.3146878518164158
t8j9zf,2022-03-07,CAC_40,2022-03-07,same_day,trading_day,0,0.1577026472928432
t8jujd,2022-03-07,CAC_40,2022-03-07,same_day,trading_day,0,0.0041808738288554
t8kyec,2022-03-07,CAC_40,2022-03-07,same_day,trading_day,0,-0.5852877185291921
t8mjtl,2022-03-07,CAC_40,2022-03-07,same_day,trading_day,0,-0.1424728742567822
t8oz6c,2022-03-07,CAC_40,2022-03-07,same_day,trading_day,0,-0.7311331480741501
t8p6ou,2022-03-07,CAC_40,2022-03-07,same_day,trading_day,0,-0.2323159323561758
t8sgdj,2022-03-07,CAC_40,2022-03-07,same_day,trading_day,0,-0.0921559920534491
t8t9a4,2022-03-07,CAC_40,2022-03-07,same_day,trading_day,0,0.0375524285788598
t8t9ep,2022-03-07,CAC_40,2022-03-07,same_day,trading_day,0,-0.0136305527218307
t8taem,2022-03-07,CAC_40,2022-03-07,same_day,trading_day,0,-0.0136305527218307
t8texj,2022-03-07,CAC_40,2022-03-07,same_day,trading_day,0,0.0986130777746439
t8trsq,2022-03-07,CAC_40,2022-03-07,same_day,trading_day,0,0.7696337029337883
t8wpjf,2022-03-07,CAC_40,2022-03-07,same_day,trading_day,0,-0.3544176305559549
t8xpqk,2022-03-07,CAC_40,2022-03-07,same_day,trading_day,0,-0.2129447304510644
t90ams,2022-03-07,CAC_40,2022-03-07,same_day,trading_day,0,0.0420266559434144
t90tn1,2022-03-07,CAC_40,2022-03-07,same_day,trading_day,0,-0.1454118596655982
t90zrj,2022-03-07,CAC_40,2022-03-07,same_day,trading_day,0,-0.1132906172424554
t917e8,2022-03-07,CAC_40,2022-03-07,same_day,trading_day,0,-0.0280133459018543
t91hat,2022-03-07,CAC_40,2022-03-07,same_day,trading_day,0,-0.2028876231051981
t93tf6,2022-03-08,CAC_40,2022-03-08,same_day,trading_day,0,-0.4399095484210799
t9918e,2022-03-08,CAC_40,2022-03-08,same_day,trading_day,0,-0.1546309698106987
t99dty,2022-03-08,CAC_40,2022-03-08,same_day,trading_day,0,-0.354603834139804
t99k1m,2022-03-08,CAC_40,2022-03-08,same_day,trading_day,0,-0.9568545119836926
t99o3v,2022-03-08,CAC_40,2022-03-08,same_day,trading_day,0,-0.9568545119836926
t9a77f,2022-03-08,CAC_40,2022-03-08,same_day,trading_day,0,-0.9570051124319434
t9fi2d,2022-03-08,CAC_40,2022-03-08,same_day,trading_day,0,-0.5301636124495417
t9g8hf,2022-03-08,CAC_40,2022-03-08,same_day,trading_day,0,0.3399044484831393
t9gal4,2022-03-08,CAC_40,2022-03-08,same_day,trading_day,0,0.1420332731989522
t9gkdr,2022-03-08,CAC_40,2022-03-08,same_day,trading_day,0,-0.003334070312912
t9h6wr,2022-03-08,CAC_40,2022-03-08,same_day,trading_day,0,-0.315535347093828
t9ig7n,2022-03-08,CAC_40,2022-03-08,same_day,trading_day,0,-0.2830010825260118
t9krc6,2022-03-08,CAC_40,2022-03-08,same_day,trading_day,0,-0.6346322111785412
t9lbu9,2022-03-08,CAC_40,2022-03-08,same_day,trading_day,0,-0.2122220643161034
t9m9ek,2022-03-08,CAC_40,2022-03-08,same_day,trading_day,0,-0.0876038782298564
t9mggw,2022-03-08,CAC_40,2022-03-08,same_day,trading_day,0,-0.3694233521819114
t9mwvf,2022-03-08,CAC_40,2022-03-08,same_day,trading_day,0,0.5350850018273506
t9n8kk,2022-03-08,CAC_40,2022-03-08,same_day,trading_day,0,-0.6502641692757607
t9reb4,2022-03-08,CAC_40,2022-03-08,same_day,trading_day,0,-0.9498382341116668
t9sxj6,2022-03-08,CAC_40,2022-03-08,same_day,trading_day,0,-0.2127492435069547
t9sxxz,2022-03-08,CAC_40,2022-03-08,same_day,trading_day,0,-0.2127492435069547
t9tbut,2022-03-08,CAC_40,2022-03-08,same_day,trading_day,0,0.1607049412094056
t9ufrs,2022-03-08,CAC_40,2022-03-08,same_day,trading_day,0,0.2476073288573668
t9ugzd,2022-03-08,CAC_40,2022-03-08,same_day,trading_day,0,0.243888069960204
t9ynuc,2022-03-09,CAC_40,2022-03-09,same_day,trading_day,0,-0.2976140749847724
t9zleo,2022-03-09,CAC_40,2022-03-09,same_day,trading_day,0,0.0275210064968892
ta1h49,2022-03-09,CAC_40,2022-03-09,same_day,trading_day,0,-0.1087373169139027
ta2zcu,2022-03-09,CAC_40,2022-03-09,same_day,trading_day,0,-0.6338768294746322
ta5vsc,2022-03-09,CAC_40,2022-03-09,same_day,trading_day,0,-0.7736378442496061
ta5z6d,2022-03-09,CAC_40,2022-03-09,same_day,trading_day,0,0.0411784388124942
ta6jlt,2022-03-09,CAC_40,2022-03-09,same_day,trading_day,0,-0.22081727542631
ta6ym8,2022-03-09,CAC_40,2022-03-09,same_day,trading_day,0,0.0702294469145791
ta7mw2,2022-03-09,CAC_40,2022-03-09,same_day,trading_day,0,-0.2088931537429361
ta84k8,2022-03-09,CAC_40,2022-03-09,same_day,trading_day,0,0.1398762152729821
ta86x0,2022-03-09,CAC_40,2022-03-09,same_day,trading_day,0,0.12479299485373
ta9kde,2022-03-09,CAC_40,2022-03-09,same_day,trading_day,0,0.0527581639587878
tabd45,2022-03-09,CAC_40,2022-03-09,same_day,trading_day,0,-0.2663318228653886
tadrra,2022-03-09,CAC_40,2022-03-09,same_day,trading_day,0,-0.3527467846870422
tae5wf,2022-03-09,CAC_40,2022-03-09,same_day,trading_day,0,-0.1293440888014932
tagay0,2022-03-09,CAC_40,2022-03-09,same_day,trading_day,0,-0.3320853932361517
taio8j,2022-03-09,CAC_40,2022-03-09,same_day,trading_day,0,-0.184456814902232
tayen8,2022-03-10,CAC_40,2022-03-10,same_day,trading_day,0,-0.1818143998419768
tb22fx,2022-03-10,CAC_40,2022-03-10,same_day,trading_day,0,0.0982897638136314
tb59y2,2022-03-10,CAC_40,2022-03-10,same_day,trading_day,0,-0.3248230301216245
tbcukf,2022-03-11,CAC_40,2022-03-11,same_day,trading_day,0,-0.2693095929724605
tbdw7z,2022-03-11,CAC_40,2022-03-11,same_day,trading_day,0,-0.394546465948224
tbfw38,2022-03-11,CAC_40,2022-03-11,same_day,trading_day,0,-0.0909959200459222
tbiy5l,2022-03-11,CAC_40,2022-03-11,same_day,trading_day,0,-0.0958001007592039
tbowqv,2022-03-11,CAC_40,2022-03-11,same_day,trading_day,0,0.0383377000689506
tbpzg5,2022-03-11,CAC_40,2022-03-11,same_day,trading_day,0,-0.1374213918638618
tbsdgg,2022-03-11,CAC_40,2022-03-11,same_day,trading_day,0,-0.0707213599234819
tbtzs1,2022-03-11,CAC_40,2022-03-11,same_day,trading_day,0,-0.4263411359587574
tbx1zy,2022-03-11,CAC_40,2022-03-11,same_day,trading_day,0,-0.1954977480927482
tbxdxm,2022-03-11,CAC_40,2022-03-11,same_day,trading_day,0,-0.1219089478254318
tbz4oq,2022-03-11,CAC_40,2022-03-11,same_day,trading_day,0,-0.2449414656854215
tc31k1,2022-03-11,CAC_40,2022-03-11,same_day,trading_day,0,-0.2363935267330026
tc3mv0,2022-03-11,CAC_40,2022-03-11,same_day,trading_day,0,-0.3416846367315604
tc4b3n,2022-03-12,CAC_40,2022-03-14,forward_nontrading,Saturday,2,-0.0961751408913793
tc4cuh,2022-03-12,CAC_40,2022-03-14,forward_nontrading,Saturday,2,-0.0963392669839474
tc832l,2022-03-12,CAC_40,2022-03-14,forward_nontrading,Saturday,2,-0.0660293051706893
tcatww,2022-03-12,CAC_40,2022-03-14,forward_nontrading,Saturday,2,0.2835008133099311
tcgmib,2022-03-12,CAC_40,2022-03-14,forward_nontrading,Saturday,2,-0.4820928368717432
tck8wy,2022-03-12,CAC_40,2022-03-14,forward_nontrading,Saturday,2,0.0992943407967686
tckr8u,2022-03-12,CAC_40,2022-03-14,forward_nontrading,Saturday,2,-0.252082300838083
tcl07x,2022-03-12,CAC_40,2022-03-14,forward_nontrading,Saturday,2,-0.7032108597457409
tcl6dy,2022-03-12,CAC_40,2022-03-14,forward_nontrading,Saturday,2,-0.1636413896237226
tcmsmv,2022-03-12,CAC_40,2022-03-14,forward_nontrading,Saturday,2,-0.3612086609005928
tcmusl,2022-03-12,CAC_40,2022-03-14,forward_nontrading,Saturday,2,0.2407154304285844
tcp8qh,2022-03-12,CAC_40,2022-03-14,forward_nontrading,Saturday,2,-0.3663113989922053
tcph83,2022-03-12,CAC_40,2022-03-14,forward_nontrading,Saturday,2,-0.6279579255109032
tcr6vc,2022-03-12,CAC_40,2022-03-14,forward_nontrading,Saturday,2,-0.0968965180218219
tctt6e,2022-03-12,CAC_40,2022-03-14,forward_nontrading,Saturday,2,-0.2296369367589553
tcwe9u,2022-03-13,CAC_40,2022-03-14,forward_nontrading,Sunday,1,-0.0836249169161809
td1gwt,2022-03-13,CAC_40,2022-03-14,forward_nontrading,Sunday,1,0.1430528952994129
td9hbx,2022-03-13,CAC_40,2022-03-14,forward_nontrading,Sunday,1,0.1234132194891571
tdaakg,2022-03-13,CAC_40,2022-03-14,forward_nontrading,Sunday,1,0.2248493375123611
tdaeqw,2022-03-13,CAC_40,2022-03-14,forward_nontrading,Sunday,1,-0.2541750471067169
tdmfs2,2022-03-14,CAC_40,2022-03-14,same_day,trading_day,0,-0.3857313469052315
tdq2bx,2022-03-14,CAC_40,2022-03-14,same_day,trading_day,0,-0.4493099172250367
tdqu32,2022-03-14,CAC_40,2022-03-14,same_day,trading_day,0,-0.4798642173409462
tdwcg2,2022-03-14,CAC_40,2022-03-14,same_day,trading_day,0,0.1219149043317884
tdxa5e,2022-03-14,CAC_40,2022-03-14,same_day,trading_day,0,-0.2002138269062225
tdzqmr,2022-03-14,CAC_40,2022-03-14,same_day,trading_day,0,-0.1067445905258258
te401c,2022-03-14,CAC_40,2022-03-14,same_day,trading_day,0,0.0535766817629337
te48ow,2022-03-14,CAC_40,2022-03-14,same_day,trading_day,0,-0.3344274366972968
te7esn,2022-03-14,CAC_40,2022-03-14,same_day,trading_day,0,-0.5934724509716034
tedojw,2022-03-15,CAC_40,2022-03-15,same_day,trading_day,0,0.4320886507630348
teip65,2022-03-15,CAC_40,2022-03-15,same_day,trading_day,0,-0.3250022199512882
tejkl6,2022-03-15,CAC_40,2022-03-15,same_day,trading_day,0,-0.0771983116865158
tel2hg,2022-03-15,CAC_40,2022-03-15,same_day,trading_day,0,-0.1071195754222572
ten51a,2022-03-15,CAC_40,2022-03-15,same_day,trading_day,0,0.8394388817250729
tentdp,2022-03-15,CAC_40,2022-03-15,same_day,trading_day,0,-0.086484947707504
tenue1,2022-03-15,CAC_40,2022-03-15,same_day,trading_day,0,0.0867168187562908
teo28n,2022-03-15,CAC_40,2022-03-15,same_day,trading_day,0,-0.1067574348862228
teo3ir,2022-03-15,CAC_40,2022-03-15,same_day,trading_day,0,-0.1009173143529958
teoxt4,2022-03-15,CAC_40,2022-03-15,same_day,trading_day,0,0.1525430010462349
teql13,2022-03-15,CAC_40,2022-03-15,same_day,trading_day,0,0.0284190310835184
terrhf,2022-03-15,CAC_40,2022-03-15,same_day,trading_day,0,0.0423094754841065
teuhlf,2022-03-15,CAC_40,2022-03-15,same_day,trading_day,0,-0.3997331226573271
tf0x6d,2022-03-15,CAC_40,2022-03-15,same_day,trading_day,0,-0.3899675644934177
tfas5k,2022-03-16,CAC_40,2022-03-16,same_day,trading_day,0,-0.6460398808121681
tfb4i7,2022-03-16,CAC_40,2022-03-16,same_day,trading_day,0,-0.007205184859534
tfcsn2,2022-03-16,CAC_40,2022-03-16,same_day,trading_day,0,-0.3314302166302998
tfg9lm,2022-03-16,CAC_40,2022-03-16,same_day,trading_day,0,0.190991998953183
tfgbmg,2022-03-16,CAC_40,2022-03-16,same_day,trading_day,0,0.1932572035734812
tfo9j4,2022-03-16,CAC_40,2022-03-16,same_day,trading_day,0,-0.1925411929842084
tfvaw4,2022-03-16,CAC_40,2022-03-16,same_day,trading_day,0,0.0895643164403736
tfzgsh,2022-03-17,CAC_40,2022-03-17,same_day,trading_day,0,0.0129555620253085
tg0bxf,2022-03-17,CAC_40,2022-03-17,same_day,trading_day,0,-0.5292584402154067
tg0wzj,2022-03-17,CAC_40,2022-03-17,same_day,trading_day,0,0.0236838869750499
tg1m6e,2022-03-17,CAC_40,2022-03-17,same_day,trading_day,0,0.0871724795084446
tg1n9l,2022-03-17,CAC_40,2022-03-17,same_day,trading_day,0,0.1032075670858224
tgfylv,2022-03-17,CAC_40,2022-03-17,same_day,trading_day,0,-0.2607686727618177
tgkqx0,2022-03-17,CAC_40,2022-03-17,same_day,trading_day,0,-0.1408299524337053
tgpmq2,2022-03-18,CAC_40,2022-03-18,same_day,trading_day,0,0.2071684421255038
tgpo0n,2022-03-18,CAC_40,2022-03-18,same_day,trading_day,0,0.2021081768549406
tgq0i3,2022-03-18,CAC_40,2022-03-18,same_day,trading_day,0,0.1880142432637513
tgq935,2022-03-18,CAC_40,2022-03-18,same_day,trading_day,0,0.1880142432637513
th06xv,2022-03-18,CAC_40,2022-03-18,same_day,trading_day,0,-0.0655127121938456
th0858,2022-03-18,CAC_40,2022-03-18,same_day,trading_day,0,-0.0765972366033677
th5wzp,2022-03-18,CAC_40,2022-03-18,same_day,trading_day,0,0.2965245448673764
thbo63,2022-03-18,CAC_40,2022-03-18,same_day,trading_day,0,0.0234490991570055
thcg9c,2022-03-18,CAC_40,2022-03-18,same_day,trading_day,0,0.0853349911714239
thea35,2022-03-18,CAC_40,2022-03-18,same_day,trading_day,0,0.1440888489596545
thnfwo,2022-03-19,CAC_40,2022-03-21,forward_nontrading,Saturday,2,0.0481244248803705
tho8nf,2022-03-19,CAC_40,2022-03-21,forward_nontrading,Saturday,2,0.1719019576751937
thotaf,2022-03-19,CAC_40,2022-03-21,forward_nontrading,Saturday,2,0.1719019576751937
thzpi1,2022-03-19,CAC_40,2022-03-21,forward_nontrading,Saturday,2,-0.1075178802013397
thzqwv,2022-03-19,CAC_40,2022-03-21,forward_nontrading,Saturday,2,-0.1073580771995088
ti0052,2022-03-19,CAC_40,2022-03-21,forward_nontrading,Saturday,2,-0.2481793817132711
tiixzv,2022-03-20,CAC_40,2022-03-21,forward_nontrading,Sunday,1,0.479275032877922
tiovbn,2022-03-20,CAC_40,2022-03-21,forward_nontrading,Sunday,1,-0.201812330899494
tiqqwj,2022-03-20,CAC_40,2022-03-21,forward_nontrading,Sunday,1,0.2415010208884874
tj5kld,2022-03-21,CAC_40,2022-03-21,same_day,trading_day,0,0.2609611414372921
tj949y,2022-03-21,CAC_40,2022-03-21,same_day,trading_day,0,-0.4700415916740894
tjaenp,2022-03-21,CAC_40,2022-03-21,same_day,trading_day,0,-0.0948828825106223
tjbah7,2022-03-21,CAC_40,2022-03-21,same_day,trading_day,0,-0.0044528033247153
tjbb7x,2022-03-21,CAC_40,2022-03-21,same_day,trading_day,0,0.0003325855931299
tjdlgd,2022-03-21,CAC_40,2022-03-21,same_day,trading_day,0,0.1729065477848053
tjembs,2022-03-21,CAC_40,2022-03-21,same_day,trading_day,0,0.0164801900585492
tjg116,2022-03-21,CAC_40,2022-03-21,same_day,trading_day,0,0.0239165353302198
tjhyrf,2022-03-21,CAC_40,2022-03-21,same_day,trading_day,0,-0.3897525711323727
tjiynm,2022-03-21,CAC_40,2022-03-21,same_day,trading_day,0,0.0240988085667292
tjmrbt,2022-03-21,CAC_40,2022-03-21,same_day,trading_day,0,-0.0194953313114604
tk155b,2022-03-22,CAC_40,2022-03-22,same_day,trading_day,0,-0.1509060681398426
tk1y9d,2022-03-22,CAC_40,2022-03-22,same_day,trading_day,0,0.1523756476777509
tk1zbb,2022-03-22,CAC_40,2022-03-22,same_day,trading_day,0,0.1551569541180996
tk9hfj,2022-03-22,CAC_40,2022-03-22,same_day,trading_day,0,-0.2533842697739601
tkcv1o,2022-03-22,CAC_40,2022-03-22,same_day,trading_day,0,0.1304369827429222
tkd3p6,2022-03-22,CAC_40,2022-03-22,same_day,trading_day,0,-0.1521847061812877
tkdq2o,2022-03-22,CAC_40,2022-03-22,same_day,trading_day,0,-0.2678245410012702
tkeo19,2022-03-22,CAC_40,2022-03-22,same_day,trading_day,0,-0.9563298411667348
tkh0hn,2022-03-23,CAC_40,2022-03-23,same_day,trading_day,0,-0.1763862955517002
tkr47l,2022-03-23,CAC_40,2022-03-23,same_day,trading_day,0,0.0346202685808141
tksakv,2022-03-23,CAC_40,2022-03-23,same_day,trading_day,0,0.0041262060403823
tksv6g,2022-03-23,CAC_40,2022-03-23,same_day,trading_day,0,0.010412296788259
tkt7d5,2022-03-23,CAC_40,2022-03-23,same_day,trading_day,0,0.0210104526951909
tkt8yp,2022-03-23,CAC_40,2022-03-23,same_day,trading_day,0,-0.0111410563066601
tkued5,2022-03-23,CAC_40,2022-03-23,same_day,trading_day,0,-0.162733622181874
tkuyyv,2022-03-23,CAC_40,2022-03-23,same_day,trading_day,0,0.087605126388371
tlfts1,2022-03-23,CAC_40,2022-03-23,same_day,trading_day,0,-0.0500953783177667
tlyi4t,2022-03-24,CAC_40,2022-03-24,same_day,trading_day,0,0.0597099500397841
tlyif6,2022-03-24,CAC_40,2022-03-24,same_day,trading_day,0,0.0619822790225346
tlyzwh,2022-03-24,CAC_40,2022-03-24,same_day,trading_day,0,-0.9580330532044172
tm29l2,2022-03-24,CAC_40,2022-03-24,same_day,trading_day,0,-0.2252613418580343
tm2m17,2022-03-24,CAC_40,2022-03-24,same_day,trading_day,0,0.2688959902152419
tm4eay,2022-03-24,CAC_40,2022-03-24,same_day,trading_day,0,-0.0805544015485793
tm4eyq,2022-03-24,CAC_40,2022-03-24,same_day,trading_day,0,-0.003956700708451
tm4flu,2022-03-24,CAC_40,2022-03-24,same_day,trading_day,0,-0.0175034761767495
tmcf28,2022-03-24,CAC_40,2022-03-24,same_day,trading_day,0,-0.5891292956657708
tn0rlf,2022-03-24,CAC_40,2022-03-24,same_day,trading_day,0,-0.0342531030997634
tn62rf,2022-03-24,CAC_40,2022-03-24,same_day,trading_day,0,-0.112151199037692
tna2uf,2022-03-25,CAC_40,2022-03-25,same_day,trading_day,0,-0.5352849200367927
tnks94,2022-03-25,CAC_40,2022-03-25,same_day,trading_day,0,0.3076645553644214
tnkvv5,2022-03-25,CAC_40,2022-03-25,same_day,trading_day,0,0.0631267481232778
tnkwjv,2022-03-25,CAC_40,2022-03-25,same_day,trading_day,0,0.0373790631704825
tnr5ib,2022-03-25,CAC_40,2022-03-25,same_day,trading_day,0,0.1276985921431332
tnypxz,2022-03-25,CAC_40,2022-03-25,same_day,trading_day,0,-0.1289597612551667
to55fm,2022-03-25,CAC_40,2022-03-25,same_day,trading_day,0,0.0866366755838195
to5eu3,2022-03-25,CAC_40,2022-03-25,same_day,trading_day,0,0.0907938557056089
toarrz,2022-03-26,CAC_40,2022-03-28,forward_nontrading,Saturday,2,0.0505198469791229
tonf1v,2022-03-26,CAC_40,2022-03-28,forward_nontrading,Saturday,2,0.2813294921070337
torgms,2022-03-26,CAC_40,2022-03-28,forward_nontrading,Saturday,2,0.118059945354859
tozy3h,2022-03-26,CAC_40,2022-03-28,forward_nontrading,Saturday,2,-0.2715897861868143
tp8sos,2022-03-27,CAC_40,2022-03-28,forward_nontrading,Sunday,1,0.0593922686239238
tp97jy,2022-03-27,CAC_40,2022-03-28,forward_nontrading,Sunday,1,0.1878510426458281
tpeoig,2022-03-27,CAC_40,2022-03-28,forward_nontrading,Sunday,1,0.1008213549656303
tpn2uh,2022-03-27,CAC_40,2022-03-28,forward_nontrading,Sunday,1,-0.2637586333347779
tq4skh,2022-03-28,CAC_40,2022-03-28,same_day,trading_day,0,-0.2929087672382593
tq8nxq,2022-03-28,CAC_40,2022-03-28,same_day,trading_day,0,-0.0278383204848438
tq8p5c,2022-03-28,CAC_40,2022-03-28,same_day,trading_day,0,-0.048068420545986
tqaixr,2022-03-28,CAC_40,2022-03-28,same_day,trading_day,0,-0.2679552855635328
tqj8n5,2022-03-28,CAC_40,2022-03-28,same_day,trading_day,0,0.052255425028243
tqnibp,2022-03-29,CAC_40,2022-03-29,same_day,trading_day,0,0.0068150444421917
tqy7bc,2022-03-29,CAC_40,2022-03-29,same_day,trading_day,0,0.0542422761284416
tqy7xv,2022-03-29,CAC_40,2022-03-29,same_day,trading_day,0,0.0518980136248054
tr0n7d,2022-03-29,CAC_40,2022-03-29,same_day,trading_day,0,-0.1538146194560747
tr1cdv,2022-03-29,CAC_40,2022-03-29,same_day,trading_day,0,0.0643653891359766
trjf5e,2022-03-29,CAC_40,2022-03-29,same_day,trading_day,0,-0.0170424312774865
trs8yh,2022-03-29,CAC_40,2022-03-29,same_day,trading_day,0,-0.1916476397488553
ts5ahw,2022-03-30,CAC_40,2022-03-30,same_day,trading_day,0,-0.0912368926962
ts5b8o,2022-03-30,CAC_40,2022-03-30,same_day,trading_day,0,-0.0900402416283374
ts8yld,2022-03-30,CAC_40,2022-03-30,same_day,trading_day,0,-0.0949415018782019
tsatuk,2022-03-30,CAC_40,2022-03-30,same_day,trading_day,0,0.7473738715052605
tsw5p3,2022-03-31,CAC_40,2022-03-31,same_day,trading_day,0,0.7990362420678139
tsyjbk,2022-03-31,CAC_40,2022-03-31,same_day,trading_day,0,-0.2517793495288311
tsyk07,2022-03-31,CAC_40,2022-03-31,same_day,trading_day,0,-0.2606956913103267
tsz34i,2022-03-31,CAC_40,2022-03-31,same_day,trading_day,0,-0.5057810004800558
tszbcz,2022-03-31,CAC_40,2022-03-31,same_day,trading_day,0,0.0188526509640117
tt5cer,2022-03-31,CAC_40,2022-03-31,same_day,trading_day,0,0.0633895769304431
tt7lzs,2022-03-31,CAC_40,2022-03-31,same_day,trading_day,0,-0.1335388488051566
ttad7y,2022-03-31,CAC_40,2022-03-31,same_day,trading_day,0,-0.1820725837976417
tth665,2022-04-01,CAC_40,2022-04-01,same_day,trading_day,0,-0.0393644960981512
tto6j2,2022-04-01,CAC_40,2022-04-01,same_day,trading_day,0,0.1128591241452981
ttt4l0,2022-04-01,CAC_40,2022-04-01,same_day,trading_day,0,0.2935745030907648
tu1727,2022-04-01,CAC_40,2022-04-01,same_day,trading_day,0,0.0104152829470959
tu2h16,2022-04-01,CAC_40,2022-04-01,same_day,trading_day,0,-0.1966669635371641
tu6qhy,2022-04-02,CAC_40,2022-04-04,forward_nontrading,Saturday,2,-0.0949545237817801
tu6rv4,2022-04-02,CAC_40,2022-04-04,forward_nontrading,Saturday,2,-0.0867290686932392
tu8xlx,2022-04-02,CAC_40,2022-04-04,forward_nontrading,Saturday,2,0.137580883813401
tumycz,2022-04-02,CAC_40,2022-04-04,forward_nontrading,Saturday,2,-0.1657915769765774
tup35r,2022-04-02,CAC_40,2022-04-04,forward_nontrading,Saturday,2,-0.0565445488609839
tvfmn8,2022-04-03,CAC_40,2022-04-04,forward_nontrading,Sunday,1,0.0147358667933278
tvg8hk,2022-04-03,CAC_40,2022-04-04,forward_nontrading,Sunday,1,-0.2948724091710413
tvwb01,2022-04-04,CAC_40,2022-04-04,same_day,trading_day,0,0.1563548985868692
tvz423,2022-04-04,CAC_40,2022-04-04,same_day,trading_day,0,-0.9590749442577362
tvztlh,2022-04-04,CAC_40,2022-04-04,same_day,trading_day,0,-0.2022511959075927
tw003d,2022-04-04,CAC_40,2022-04-04,same_day,trading_day,0,-0.24291056453843
tw1jb0,2022-04-04,CAC_40,2022-04-04,same_day,trading_day,0,0.1023442523129394
tw1ju4,2022-04-04,CAC_40,2022-04-04,same_day,trading_day,0,0.1070211926238861
tw1tc0,2022-04-04,CAC_40,2022-04-04,same_day,trading_day,0,0.2780343800702173
tw2tgu,2022-04-04,CAC_40,2022-04-04,same_day,trading_day,0,-0.737871564924717
tw6usg,2022-04-04,CAC_40,2022-04-04,same_day,trading_day,0,-0.1565279066562652
twdp9g,2022-04-04,CAC_40,2022-04-04,same_day,trading_day,0,0.0489836171292132
twl8fa,2022-04-05,CAC_40,2022-04-05,same_day,trading_day,0,0.0560893389130277
twsuhk,2022-04-05,CAC_40,2022-04-05,same_day,trading_day,0,-0.215136419981718
twtrd3,2022-04-05,CAC_40,2022-04-05,same_day,trading_day,0,0.1016344520793264
twts1u,2022-04-05,CAC_40,2022-04-05,same_day,trading_day,0,0.1041867605966042
twwvpg,2022-04-05,CAC_40,2022-04-05,same_day,trading_day,0,-0.8895343979820609
twwz51,2022-04-05,CAC_40,2022-04-05,same_day,trading_day,0,-0.8895343979820609
txbde4,2022-04-06,CAC_40,2022-04-06,same_day,trading_day,0,-0.1103177494602277
txbrcd,2022-04-06,CAC_40,2022-04-06,same_day,trading_day,0,-0.1360602958926133
txkrxv,2022-04-06,CAC_40,2022-04-06,same_day,trading_day,0,0.3010975659514467
txljri,2022-04-06,CAC_40,2022-04-06,same_day,trading_day,0,-0.0647319098483891
txlkgd,2022-04-06,CAC_40,2022-04-06,same_day,trading_day,0,-0.0671049183326177
txqmw6,2022-04-06,CAC_40,2022-04-06,same_day,trading_day,0,-0.2569241288118065
txt0ps,2022-04-06,CAC_40,2022-04-06,same_day,trading_day,0,-0.270665232402583
txw3o7,2022-04-06,CAC_40,2022-04-06,same_day,trading_day,0,-0.1541828297678444
txwlfs,2022-04-06,CAC_40,2022-04-06,same_day,trading_day,0,0.2254411729797721
tyavf4,2022-04-07,CAC_40,2022-04-07,same_day,trading_day,0,-0.2258651648648083
tybc9c,2022-04-07,CAC_40,2022-04-07,same_day,trading_day,0,-0.3164123029758533
tybxje,2022-04-07,CAC_40,2022-04-07,same_day,trading_day,0,-0.0086298109174279
tyby4k,2022-04-07,CAC_40,2022-04-07,same_day,trading_day,0,-0.0121568204614065
tygt36,2022-04-07,CAC_40,2022-04-07,same_day,trading_day,0,-0.3159653446278893
tyih0c,2022-04-07,CAC_40,2022-04-07,same_day,trading_day,0,-0.8047830555588007
tymed7,2022-04-07,CAC_40,2022-04-07,same_day,trading_day,0,-0.029850986094347
tz4vs6,2022-04-08,CAC_40,2022-04-08,same_day,trading_day,0,-0.34815286745828
tzcsfh,2022-04-08,CAC_40,2022-04-08,same_day,trading_day,0,0.0076468993951989
tzft11,2022-04-08,CAC_40,2022-04-08,same_day,trading_day,0,-0.0457560002997827
tzfu64,2022-04-08,CAC_40,2022-04-08,same_day,trading_day,0,-0.0456297696917318
tzua4n,2022-04-09,CAC_40,2022-04-11,forward_nontrading,Saturday,2,-0.2420426990009016
u03jky,2022-04-09,CAC_40,2022-04-11,forward_nontrading,Saturday,2,0.0438454709947109
u03oa1,2022-04-09,CAC_40,2022-04-11,forward_nontrading,Saturday,2,0.0282504875212907
u0gm37,2022-04-10,CAC_40,2022-04-11,forward_nontrading,Sunday,1,-0.0216268517076969
u0tzqi,2022-04-10,CAC_40,2022-04-11,forward_nontrading,Sunday,1,-0.2072530909596632
u17j2u,2022-04-11,CAC_40,2022-04-11,same_day,trading_day,0,-0.1201567378267645
u1hpp4,2022-04-11,CAC_40,2022-04-11,same_day,trading_day,0,-0.0734696931119055
u24upf,2022-04-12,CAC_40,2022-04-12,same_day,trading_day,0,0.2550457214404429
u254b1,2022-04-12,CAC_40,2022-04-12,same_day,trading_day,0,0.2556902295244592
u2cde3,2022-04-12,CAC_40,2022-04-12,same_day,trading_day,0,0.0879458612045989
u2ko0b,2022-04-13,CAC_40,2022-04-13,same_day,trading_day,0,-0.4899839822148136
u2loh3,2022-04-13,CAC_40,2022-04-13,same_day,trading_day,0,-0.0940276645123958
u2uqas,2022-04-13,CAC_40,2022-04-13,same_day,trading_day,0,-0.6552661918103695
u3g9im,2022-04-14,CAC_40,2022-04-14,same_day,trading_day,0,0.4265382469997608
u3kijh,2022-04-14,CAC_40,2022-04-14,same_day,trading_day,0,-0.0773280937224626
u3mp96,2022-04-14,CAC_40,2022-04-14,same_day,trading_day,0,-0.0317123904824256
u3nvg8,2022-04-14,CAC_40,2022-04-14,same_day,trading_day,0,-0.2748560054118142
u3pbhh,2022-04-14,CAC_40,2022-04-14,same_day,trading_day,0,-0.8780277222394943
u3pm89,2022-04-14,CAC_40,2022-04-14,same_day,trading_day,0,-0.0210898851510137
u3rnof,2022-04-14,CAC_40,2022-04-14,same_day,trading_day,0,-0.0936459597704621
u3rokl,2022-04-14,CAC_40,2022-04-14,same_day,trading_day,0,-0.0880217225795301
u43azn,2022-04-15,CAC_40,2022-04-19,forward_nontrading,weekday_nontrading,4,-0.0064048394560813
u46tzd,2022-04-15,CAC_40,2022-04-19,forward_nontrading,weekday_nontrading,4,0.0478156104429878
u47n5z,2022-04-15,CAC_40,2022-04-19,forward_nontrading,weekday_nontrading,4,0.3129461555508896
u4dsoz,2022-04-15,CAC_40,2022-04-19,forward_nontrading,weekday_nontrading,4,-0.0413888019199172
u521ic,2022-04-16,CAC_40,2022-04-19,forward_nontrading,Saturday,3,-0.1769533920282077
u58y90,2022-04-16,CAC_40,2022-04-19,forward_nontrading,Saturday,3,-0.4950302267550595
u5ql81,2022-04-17,CAC_40,2022-04-19,forward_nontrading,Sunday,2,-0.2394651827187492
u5t4km,2022-04-17,CAC_40,2022-04-19,forward_nontrading,Sunday,2,-0.0877073403033945
u5tn5b,2022-04-17,CAC_40,2022-04-19,forward_nontrading,Sunday,2,-0.3210801045643165
u5ub0s,2022-04-17,CAC_40,2022-04-19,forward_nontrading,Sunday,2,-0.0529810674488544
u5zoz8,2022-04-17,CAC_40,2022-04-19,forward_nontrading,Sunday,2,-0.1569281076746327
u617h8,2022-04-18,CAC_40,2022-04-19,forward_nontrading,weekday_nontrading,1,0.0310727362520992
u6f648,2022-04-18,CAC_40,2022-04-19,forward_nontrading,weekday_nontrading,1,-0.3200802723877132
u6ie40,2022-04-18,CAC_40,2022-04-19,forward_nontrading,weekday_nontrading,1,-0.060211436713443
u6m6bj,2022-04-18,CAC_40,2022-04-19,forward_nontrading,weekday_nontrading,1,0.0020857087361651
u6mxlm,2022-04-18,CAC_40,2022-04-19,forward_nontrading,weekday_nontrading,1,0.0678933643608947
u7bc2t,2022-04-19,CAC_40,2022-04-19,same_day,trading_day,0,0.1015195548534393
u7f3jz,2022-04-19,CAC_40,2022-04-19,same_day,trading_day,0,-0.8183741382478426
u7fh11,2022-04-19,CAC_40,2022-04-19,same_day,trading_day,0,-0.3286534866238845
u7gqiz,2022-04-19,CAC_40,2022-04-19,same_day,trading_day,0,-0.2430124567888145
u7kw9i,2022-04-20,CAC_40,2022-04-20,same_day,trading_day,0,-0.3271790350787341
u7ouu4,2022-04-20,CAC_40,2022-04-20,same_day,trading_day,0,-0.6152689017665883
u80l26,2022-04-20,CAC_40,2022-04-20,same_day,trading_day,0,0.0365737673038473
u80lu9,2022-04-20,CAC_40,2022-04-20,same_day,trading_day,0,0.0365737673038473
u8fb6r,2022-04-21,CAC_40,2022-04-21,same_day,trading_day,0,-0.0394999796883502
u8x268,2022-04-21,CAC_40,2022-04-21,same_day,trading_day,0,-0.0719415029794301
u908l4,2022-04-21,CAC_40,2022-04-21,same_day,trading_day,0,0.3148882989254262
u90p7k,2022-04-21,CAC_40,2022-04-21,same_day,trading_day,0,0.3330827309853501
u9d17m,2022-04-22,CAC_40,2022-04-22,same_day,trading_day,0,-0.0327764573240919
u9ovec,2022-04-22,CAC_40,2022-04-22,same_day,trading_day,0,-0.0391614917925624
u9x6bn,2022-04-23,CAC_40,2022-04-25,forward_nontrading,Saturday,2,-0.2788499656692147
u9x70i,2022-04-23,CAC_40,2022-04-25,forward_nontrading,Saturday,2,-0.2788499656692147
u9y7en,2022-04-23,CAC_40,2022-04-25,forward_nontrading,Saturday,2,0.0673371829212673
ua5hjm,2022-04-23,CAC_40,2022-04-25,forward_nontrading,Saturday,2,-0.0818271422758698
uai4ex,2022-04-23,CAC_40,2022-04-25,forward_nontrading,Saturday,2,0.302001607293884
uavfl8,2022-04-24,CAC_40,2022-04-25,forward_nontrading,Sunday,1,-0.0396989827147788
uazmxa,2022-04-24,CAC_40,2022-04-25,forward_nontrading,Sunday,1,-0.3787358571730909
ub3pzh,2022-04-24,CAC_40,2022-04-25,forward_nontrading,Sunday,1,-0.3343945369124412
ub5kg2,2022-04-24,CAC_40,2022-04-25,forward_nontrading,Sunday,1,-0.2003645247055424
ubacuj,2022-04-25,CAC_40,2022-04-25,same_day,trading_day,0,-0.4362328043207526
ubj3g5,2022-04-25,CAC_40,2022-04-25,same_day,trading_day,0,0.2733186045661569
ubmdqd,2022-04-25,CAC_40,2022-04-25,same_day,trading_day,0,0.0555495444219559
ucivd5,2022-04-26,CAC_40,2022-04-26,same_day,trading_day,0,-0.7380059026181698
ucn4wg,2022-04-26,CAC_40,2022-04-26,same_day,trading_day,0,-0.1362299293279648
ucs69e,2022-04-27,CAC_40,2022-04-27,same_day,trading_day,0,0.0307116956760485
ucsdap,2022-04-27,CAC_40,2022-04-27,same_day,trading_day,0,-0.5434617560046414
ud28ci,2022-04-27,CAC_40,2022-04-27,same_day,trading_day,0,-0.2476133271120488
ud2gvw,2022-04-27,CAC_40,2022-04-27,same_day,trading_day,0,0.0193048565147014
ud4u9d,2022-04-27,CAC_40,2022-04-27,same_day,trading_day,0,-0.3647430402298386
ud5hle,2022-04-27,CAC_40,2022-04-27,same_day,trading_day,0,0.0953939774384101
udcu5q,2022-04-27,CAC_40,2022-04-27,same_day,trading_day,0,0.0845243743620813
udec7z,2022-04-27,CAC_40,2022-04-27,same_day,trading_day,0,-0.2310276421540904
udf245,2022-04-27,CAC_40,2022-04-27,same_day,trading_day,0,-0.2051984499572071
udozbi,2022-04-28,CAC_40,2022-04-28,same_day,trading_day,0,-0.1501838040368801
udu25j,2022-04-28,CAC_40,2022-04-28,same_day,trading_day,0,-0.1083159236966267
uduivu,2022-04-28,CAC_40,2022-04-28,same_day,trading_day,0,-0.5816336878575386
uduxu9,2022-04-28,CAC_40,2022-04-28,same_day,trading_day,0,-0.3716607553263505
udx78k,2022-04-28,CAC_40,2022-04-28,same_day,trading_day,0,-0.1321562719531357
udxxoz,2022-04-28,CAC_40,2022-04-28,same_day,trading_day,0,-0.5949197832960635
udyvfn,2022-04-28,CAC_40,2022-04-28,same_day,trading_day,0,-0.830663412809372
ue6rmm,2022-04-28,CAC_40,2022-04-28,same_day,trading_day,0,-0.0755770723169137
ueoqvn,2022-04-29,CAC_40,2022-04-29,same_day,trading_day,0,-0.1136547788445438
uepycb,2022-04-29,CAC_40,2022-04-29,same_day,trading_day,0,-0.2794757541269064
ueud5h,2022-04-29,CAC_40,2022-04-29,same_day,trading_day,0,-0.1518767961145689
ueue83,2022-04-29,CAC_40,2022-04-29,same_day,trading_day,0,-0.1511560483680417
ueuiq0,2022-04-29,CAC_40,2022-04-29,same_day,trading_day,0,0.2752559894738211
uew0n5,2022-04-29,CAC_40,2022-04-29,same_day,trading_day,0,-0.028948787599802
uexv22,2022-04-29,CAC_40,2022-04-29,same_day,trading_day,0,-0.239049531891942
uf7e4i,2022-04-30,CAC_40,2022-05-02,forward_nontrading,Saturday,2,-0.0078437921724149
uf7l40,2022-04-30,CAC_40,2022-05-02,forward_nontrading,Saturday,2,-0.2631156491115689
ufa182,2022-04-30,CAC_40,2022-05-02,forward_nontrading,Saturday,2,-0.1247126744089958
ufa27p,2022-04-30,CAC_40,2022-05-02,forward_nontrading,Saturday,2,-0.1245519033749588
ufb746,2022-04-30,CAC_40,2022-05-02,forward_nontrading,Saturday,2,-0.3039156759835102
ufcywh,2022-04-30,CAC_40,2022-05-02,forward_nontrading,Saturday,2,0.1647493990815498
ug17g9,2022-05-01,CAC_40,2022-05-02,forward_nontrading,Sunday,1,-0.1588577930566056
ug7fhn,2022-05-01,CAC_40,2022-05-02,forward_nontrading,Sunday,1,0.1434558251251777
ugjcxk,2022-05-02,CAC_40,2022-05-02,same_day,trading_day,0,0.0418614199207652
ugu9pr,2022-05-02,CAC_40,2022-05-02,same_day,trading_day,0,-0.2448656749394205
uh1zeh,2022-05-02,CAC_40,2022-05-02,same_day,trading_day,0,0.1447537746225648
uh2c68,2022-05-02,CAC_40,2022-05-02,same_day,trading_day,0,-0.0145566851521531
uh5b0g,2022-05-03,CAC_40,2022-05-03,same_day,trading_day,0,0.1117886690836814
uhfjtf,2022-05-03,CAC_40,2022-05-03,same_day,trading_day,0,-0.0406996874504168
uhfkx0,2022-05-03,CAC_40,2022-05-03,same_day,trading_day,0,-0.0671736306759218
uhmzjr,2022-05-03,CAC_40,2022-05-03,same_day,trading_day,0,-0.1383310894792278
ui5sw9,2022-05-04,CAC_40,2022-05-04,same_day,trading_day,0,-0.0026036338064313
ui5tkc,2022-05-04,CAC_40,2022-05-04,same_day,trading_day,0,0.0002384169318248
uibrxp,2022-05-04,CAC_40,2022-05-04,same_day,trading_day,0,0.3706899303597984
uijsy9,2022-05-04,CAC_40,2022-05-04,same_day,trading_day,0,-0.0486794554453808
uike8a,2022-05-05,CAC_40,2022-05-05,same_day,trading_day,0,-0.3067422133559982
uj16c3,2022-05-05,CAC_40,2022-05-05,same_day,trading_day,0,-0.2379235185682773
uj1oxt,2022-05-05,CAC_40,2022-05-05,same_day,trading_day,0,-0.2917882405111894
uj2haj,2022-05-05,CAC_40,2022-05-05,same_day,trading_day,0,-0.3365569116195311
uj3694,2022-05-05,CAC_40,2022-05-05,same_day,trading_day,0,-0.0741929431947377
uja7np,2022-05-05,CAC_40,2022-05-05,same_day,trading_day,0,-0.2698913481106738
ujclt0,2022-05-06,CAC_40,2022-05-06,same_day,trading_day,0,-0.6244497210496949
ujjeww,2022-05-06,CAC_40,2022-05-06,same_day,trading_day,0,-0.1010142388857073
uk22vv,2022-05-07,CAC_40,2022-05-09,forward_nontrading,Saturday,2,-0.1934705973680441
uk24ds,2022-05-07,CAC_40,2022-05-09,forward_nontrading,Saturday,2,-0.1916479743008191
uk5tbp,2022-05-07,CAC_40,2022-05-09,forward_nontrading,Saturday,2,-0.132398969028145
uk8o5z,2022-05-07,CAC_40,2022-05-09,forward_nontrading,Saturday,2,-0.2019477298017591
uketqw,2022-05-07,CAC_40,2022-05-09,forward_nontrading,Saturday,2,-0.0136208030162379
ukf9is,2022-05-07,CAC_40,2022-05-09,forward_nontrading,Saturday,2,-0.1682261734191949
ul3wo8,2022-05-08,CAC_40,2022-05-09,forward_nontrading,Sunday,1,-0.1704202656168491
ul52k9,2022-05-08,CAC_40,2022-05-09,forward_nontrading,Sunday,1,-0.241844166489318
ul8em1,2022-05-08,CAC_40,2022-05-09,forward_nontrading,Sunday,1,0.0075987983494997
ul8snm,2022-05-08,CAC_40,2022-05-09,forward_nontrading,Sunday,1,-0.0266261917228499
ula3jo,2022-05-08,CAC_40,2022-05-09,forward_nontrading,Sunday,1,0.0799228940857574
ulhgmr,2022-05-09,CAC_40,2022-05-09,same_day,trading_day,0,-0.0895519838806983
ulqoab,2022-05-09,CAC_40,2022-05-09,same_day,trading_day,0,-0.1066993232816457
ulqpso,2022-05-09,CAC_40,2022-05-09,same_day,trading_day,0,-0.1243275897073987
ulxya1,2022-05-09,CAC_40,2022-05-09,same_day,trading_day,0,-0.4908727572765201
ulyw1x,2022-05-09,CAC_40,2022-05-09,same_day,trading_day,0,-0.5620113143020056
ulzlrx,2022-05-09,CAC_40,2022-05-09,same_day,trading_day,0,-0.3988812306676718
umlboo,2022-05-10,CAC_40,2022-05-10,same_day,trading_day,0,-0.2828079566534143
umqnki,2022-05-10,CAC_40,2022-05-10,same_day,trading_day,0,-0.0655722345691174
unkfqh,2022-05-11,CAC_40,2022-05-11,same_day,trading_day,0,-0.1061048245367904
unly13,2022-05-11,CAC_40,2022-05-11,same_day,trading_day,0,-0.6468756165769365
unmtwn,2022-05-11,CAC_40,2022-05-11,same_day,trading_day,0,-0.3133508253044316
unmyby,2022-05-11,CAC_40,2022-05-11,same_day,trading_day,0,-0.6529959113233619
untrr0,2022-05-12,CAC_40,2022-05-12,same_day,trading_day,0,-0.2311403169296682
uo1yik,2022-05-12,CAC_40,2022-05-12,same_day,trading_day,0,0.133624380454421
uoafni,2022-05-12,CAC_40,2022-05-12,same_day,trading_day,0,-0.4022628798459966
uoqb4g,2022-05-13,CAC_40,2022-05-13,same_day,trading_day,0,0.0100968642426388
uos9sx,2022-05-13,CAC_40,2022-05-13,same_day,trading_day,0,0.100841524079442
uoz8os,2022-05-13,CAC_40,2022-05-13,same_day,trading_day,0,-0.0443175170637135
uphtyk,2022-05-14,CAC_40,2022-05-16,forward_nontrading,Saturday,2,-0.3769031931380076
uq6yak,2022-05-15,CAC_40,2022-05-16,forward_nontrading,Sunday,1,-0.2628928816411644
uqdqab,2022-05-15,CAC_40,2022-05-16,forward_nontrading,Sunday,1,-0.0931720752269029
uqmo1q,2022-05-16,CAC_40,2022-05-16,same_day,trading_day,0,-0.2227664684931583
uqvmh4,2022-05-16,CAC_40,2022-05-16,same_day,trading_day,0,0.1581342624975185
ur00pp,2022-05-16,CAC_40,2022-05-16,same_day,trading_day,0,-0.5554121013730764
ur1j2p,2022-05-16,CAC_40,2022-05-16,same_day,trading_day,0,-0.4062978699803352
urblk4,2022-05-17,CAC_40,2022-05-17,same_day,trading_day,0,-0.0541885420680046
urmjfv,2022-05-17,CAC_40,2022-05-17,same_day,trading_day,0,-0.3299541000160388
urpi1g,2022-05-17,CAC_40,2022-05-17,same_day,trading_day,0,0.4023630398818675
usbrd8,2022-05-18,CAC_40,2022-05-18,same_day,trading_day,0,-0.0803753376239911
uscsh9,2022-05-18,CAC_40,2022-05-18,same_day,trading_day,0,0.1659851896467016
usebb7,2022-05-18,CAC_40,2022-05-18,same_day,trading_day,0,0.0351495647200328
usexv9,2022-05-18,CAC_40,2022-05-18,same_day,trading_day,0,-0.2297057251135508
ut64k9,2022-05-19,CAC_40,2022-05-19,same_day,trading_day,0,-0.5427464274246068
ut6bak,2022-05-19,CAC_40,2022-05-19,same_day,trading_day,0,-0.3075675183546639
utf65p,2022-05-19,CAC_40,2022-05-19,same_day,trading_day,0,-0.081074169371277
utjark,2022-05-20,CAC_40,2022-05-20,same_day,trading_day,0,-0.0361062299925833
utl1iu,2022-05-20,CAC_40,2022-05-20,same_day,trading_day,0,-0.5612631169413882
utl3f7,2022-05-20,CAC_40,2022-05-20,same_day,trading_day,0,-0.5589216055481562
utyv5f,2022-05-20,CAC_40,2022-05-20,same_day,trading_day,0,-0.2062042549174899
uu573v,2022-05-20,CAC_40,2022-05-20,same_day,trading_day,0,0.3084669860079884
uubbsw,2022-05-21,CAC_40,2022-05-23,forward_nontrading,Saturday,2,-0.0192960860739861
uutln9,2022-05-21,CAC_40,2022-05-23,forward_nontrading,Saturday,2,-0.1147637089545076
uuwpm2,2022-05-21,CAC_40,2022-05-23,forward_nontrading,Saturday,2,-0.3280968109611422
uv0xjv,2022-05-22,CAC_40,2022-05-23,forward_nontrading,Sunday,1,-0.5128362877294421
uvh7ly,2022-05-22,CAC_40,2022-05-23,forward_nontrading,Sunday,1,-0.3544974931670973
uw0mqz,2022-05-23,CAC_40,2022-05-23,same_day,trading_day,0,0.1697204642971469
uw6d1o,2022-05-23,CAC_40,2022-05-23,same_day,trading_day,0,-0.2228614568996887
uw7ep7,2022-05-23,CAC_40,2022-05-23,same_day,trading_day,0,-0.4149723637383431
uwb14p,2022-05-23,CAC_40,2022-05-23,same_day,trading_day,0,-0.4149723637383431
uwi3vs,2022-05-24,CAC_40,2022-05-24,same_day,trading_day,0,-0.407611959730275
uwwo7k,2022-05-24,CAC_40,2022-05-24,same_day,trading_day,0,-0.6949832611717284
uwygft,2022-05-24,CAC_40,2022-05-24,same_day,trading_day,0,-0.2665221565826373
uxbtkb,2022-05-25,CAC_40,2022-05-25,same_day,trading_day,0,-0.5516735721612349
uxkxcm,2022-05-25,CAC_40,2022-05-25,same_day,trading_day,0,-0.4379538258071989
uxo44z,2022-05-25,CAC_40,2022-05-25,same_day,trading_day,0,0.0684374775379323
uxq7os,2022-05-25,CAC_40,2022-05-25,same_day,trading_day,0,-0.0798602582265933
uxqiop,2022-05-25,CAC_40,2022-05-25,same_day,trading_day,0,-0.4099434149296334
uxz2bq,2022-05-26,CAC_40,2022-05-26,same_day,trading_day,0,-0.1744366240454837
uy4wnq,2022-05-26,CAC_40,2022-05-26,same_day,trading_day,0,-0.2404866181313991
uyc780,2022-05-26,CAC_40,2022-05-26,same_day,trading_day,0,0.2603510461437205
uyyf4x,2022-05-27,CAC_40,2022-05-27,same_day,trading_day,0,0.2508184419129975
uyzkok,2022-05-27,CAC_40,2022-05-27,same_day,trading_day,0,-0.0661895534289734
uzeoht,2022-05-28,CAC_40,2022-05-30,forward_nontrading,Saturday,2,0.3373870538004363
uzurrf,2022-05-28,CAC_40,2022-05-30,forward_nontrading,Saturday,2,-0.304137592613697
v15w14,2022-05-30,CAC_40,2022-05-30,same_day,trading_day,0,-0.4108094358816743
v1bcxe,2022-05-30,CAC_40,2022-05-30,same_day,trading_day,0,0.0343659073114395
v1enh6,2022-05-31,CAC_40,2022-05-31,same_day,trading_day,0,-0.0763182364818122
v2iiua,2022-06-01,CAC_40,2022-06-01,same_day,trading_day,0,-0.8264521174132824
v2ijze,2022-06-01,CAC_40,2022-06-01,same_day,trading_day,0,-0.0563044637441635
v2jv1a,2022-06-01,CAC_40,2022-06-01,same_day,trading_day,0,-0.784915916621685
v2lp5p,2022-06-01,CAC_40,2022-06-01,same_day,trading_day,0,-0.8855223786085844
v2weer,2022-06-02,CAC_40,2022-06-02,same_day,trading_day,0,-0.3303843581710349
v3wcpr,2022-06-03,CAC_40,2022-06-03,same_day,trading_day,0,0.3191741276532411
v40vr5,2022-06-03,CAC_40,2022-06-03,same_day,trading_day,0,0.2638722288732727
v42iw9,2022-06-03,CAC_40,2022-06-03,same_day,trading_day,0,-0.7818710468709469
v42x8z,2022-06-03,CAC_40,2022-06-03,same_day,trading_day,0,-0.0571527684883524
v5d0sc,2022-06-05,CAC_40,2022-06-06,forward_nontrading,Sunday,1,-0.8315608376129108
v5kf1o,2022-06-05,CAC_40,2022-06-06,forward_nontrading,Sunday,1,0.1744380744639784
v6rjkw,2022-06-07,CAC_40,2022-06-07,same_day,trading_day,0,-0.4230902963044012
v74jg6,2022-06-07,CAC_40,2022-06-07,same_day,trading_day,0,0.1408045938504593
v77f8n,2022-06-07,CAC_40,2022-06-07,same_day,trading_day,0,0.3802069270362456
v7acpd,2022-06-07,CAC_40,2022-06-07,same_day,trading_day,0,-0.5814325887754205
v7ews7,2022-06-08,CAC_40,2022-06-08,same_day,trading_day,0,-0.2548384155767659
v7vmz2,2022-06-08,CAC_40,2022-06-08,same_day,trading_day,0,0.0270892679691314
v7y4tv,2022-06-08,CAC_40,2022-06-08,same_day,trading_day,0,0.2582646368869713
v8gdu1,2022-06-09,CAC_40,2022-06-09,same_day,trading_day,0,0.2445376920422502
v8icyc,2022-06-09,CAC_40,2022-06-09,same_day,trading_day,0,-0.3517557419836521
v96u59,2022-06-10,CAC_40,2022-06-10,same_day,trading_day,0,0.1088539522832199
v9ecdg,2022-06-10,CAC_40,2022-06-10,same_day,trading_day,0,-0.6442619695709171
v9wqou,2022-06-11,CAC_40,2022-06-13,forward_nontrading,Saturday,2,-0.0168965873553564
vae7mh,2022-06-12,CAC_40,2022-06-13,forward_nontrading,Sunday,1,-0.0984361343266021
vammlp,2022-06-12,CAC_40,2022-06-13,forward_nontrading,Sunday,1,-0.3921412902418524
vatj04,2022-06-12,CAC_40,2022-06-13,forward_nontrading,Sunday,1,-0.2131640566512942
vax59e,2022-06-12,CAC_40,2022-06-13,forward_nontrading,Sunday,1,-0.0310886966701793
vbf53f,2022-06-13,CAC_40,2022-06-13,same_day,trading_day,0,-0.466350685375241
vbormt,2022-06-13,CAC_40,2022-06-13,same_day,trading_day,0,-0.2028260699783762
vbx0ql,2022-06-14,CAC_40,2022-06-14,same_day,trading_day,0,0.1081416523761369
vc6iwz,2022-06-14,CAC_40,2022-06-14,same_day,trading_day,0,-0.0597834838554263
vccb31,2022-06-14,CAC_40,2022-06-14,same_day,trading_day,0,-0.58298635813925
vcvvgi,2022-06-15,CAC_40,2022-06-15,same_day,trading_day,0,-0.4221319127827883
vcxv04,2022-06-15,CAC_40,2022-06-15,same_day,trading_day,0,-0.1308396645985982
vczwhl,2022-06-15,CAC_40,2022-06-15,same_day,trading_day,0,-0.0087119146871069
vd04vt,2022-06-15,CAC_40,2022-06-15,same_day,trading_day,0,0.0283972801019748
vdbzgg,2022-06-16,CAC_40,2022-06-16,same_day,trading_day,0,-0.2486980373505503
vdn10w,2022-06-16,CAC_40,2022-06-16,same_day,trading_day,0,0.0208022732478685
vdsmur,2022-06-16,CAC_40,2022-06-16,same_day,trading_day,0,-0.1509149478127558
vdvlvc,2022-06-16,CAC_40,2022-06-16,same_day,trading_day,0,-0.1448033857935418
ve9t80,2022-06-17,CAC_40,2022-06-17,same_day,trading_day,0,0.218813471780676
ve9tve,2022-06-17,CAC_40,2022-06-17,same_day,trading_day,0,0.2598166864934481
veo9do,2022-06-17,CAC_40,2022-06-17,same_day,trading_day,0,-0.1060405608791953
veqeja,2022-06-17,CAC_40,2022-06-17,same_day,trading_day,0,-0.257881465049771
veqfsu,2022-06-17,CAC_40,2022-06-17,same_day,trading_day,0,-0.2564956544199959
vf91nw,2022-06-18,CAC_40,2022-06-20,forward_nontrading,Saturday,2,-0.0914602555119647
vfpauj,2022-06-19,CAC_40,2022-06-20,forward_nontrading,Sunday,1,0.1973160945344716
vg4uj3,2022-06-19,CAC_40,2022-06-20,forward_nontrading,Sunday,1,-0.1861443259328118
vi6aui,2022-06-22,CAC_40,2022-06-22,same_day,trading_day,0,-0.739927276968956
vi81ua,2022-06-22,CAC_40,2022-06-22,same_day,trading_day,0,0.117493412394266
vjtnig,2022-06-24,CAC_40,2022-06-24,same_day,trading_day,0,-0.1606637862595644
vlhlmk,2022-06-26,CAC_40,2022-06-27,forward_nontrading,Sunday,1,-0.284455337212421
vmmkk9,2022-06-28,CAC_40,2022-06-28,same_day,trading_day,0,-0.2776018501368954
vn92up,2022-06-29,CAC_40,2022-06-29,same_day,trading_day,0,0.013732378800901
vnh1ap,2022-06-29,CAC_40,2022-06-29,same_day,trading_day,0,0.1957254639755074
vo6uop,2022-06-30,CAC_40,2022-06-30,same_day,trading_day,0,-0.1866860056761652
vo6vcx,2022-06-30,CAC_40,2022-06-30,same_day,trading_day,0,-0.2010009936802089
vob4ov,2022-06-30,CAC_40,2022-06-30,same_day,trading_day,0,-0.0850464558849732
vog014,2022-06-30,CAC_40,2022-06-30,same_day,trading_day,0,-0.0533488672226667
vogv3y,2022-06-30,CAC_40,2022-06-30,same_day,trading_day,0,-0.4886981029994786
vp0zyy,2022-07-01,CAC_40,2022-07-01,same_day,trading_day,0,0.0139084514230489
vpn2kl,2022-07-02,CAC_40,2022-07-04,forward_nontrading,Saturday,2,-0.4172944351099431
vruhtw,2022-07-05,CAC_40,2022-07-05,same_day,trading_day,0,-0.0825527024201371
vt0ds2,2022-07-06,CAC_40,2022-07-06,same_day,trading_day,0,-0.1588129400659133
vtsdsr,2022-07-07,CAC_40,2022-07-07,same_day,trading_day,0,-0.2327244233340025
vtwmod,2022-07-07,CAC_40,2022-07-07,same_day,trading_day,0,0.2451405839528888
vu3xn9,2022-07-08,CAC_40,2022-07-08,same_day,trading_day,0,-0.0688479566791405
vua07v,2022-07-08,CAC_40,2022-07-08,same_day,trading_day,0,0.0323885306565751
vua1gj,2022-07-08,CAC_40,2022-07-08,same_day,trading_day,0,0.0314209745647233
vwax7h,2022-07-11,CAC_40,2022-07-11,same_day,trading_day,0,-0.2577740825712681
vxi1s3,2022-07-12,CAC_40,2022-07-12,same_day,trading_day,0,-0.2937161537951657
vxs7yz,2022-07-13,CAC_40,2022-07-13,same_day,trading_day,0,-0.1402003186471436
vy4fe0,2022-07-13,CAC_40,2022-07-13,same_day,trading_day,0,0.0015040586927327
vyg78j,2022-07-13,CAC_40,2022-07-13,same_day,trading_day,0,-0.0033333592993371
vz7mdd,2022-07-14,CAC_40,2022-07-14,same_day,trading_day,0,-0.0270901803548137
w04kjl,2022-07-16,CAC_40,2022-07-18,forward_nontrading,Saturday,2,-0.0477391630411148
w153qf,2022-07-17,CAC_40,2022-07-18,forward_nontrading,Sunday,1,0.0300108364317566
w1rxuk,2022-07-18,CAC_40,2022-07-18,same_day,trading_day,0,-0.0312794141814504
w3o5e4,2022-07-20,CAC_40,2022-07-20,same_day,trading_day,0,-0.032726688564501
w3w6bx,2022-07-20,CAC_40,2022-07-20,same_day,trading_day,0,-0.2404859096432725
w4b8q8,2022-07-21,CAC_40,2022-07-21,same_day,trading_day,0,-0.3156788650279244
w4tgwf,2022-07-21,CAC_40,2022-07-21,same_day,trading_day,0,-0.0861983996712499
w5o5ah,2022-07-22,CAC_40,2022-07-22,same_day,trading_day,0,-0.2278963278513401
w5o6gj,2022-07-22,CAC_40,2022-07-22,same_day,trading_day,0,-0.2335437919129617
w5wu6q,2022-07-23,CAC_40,2022-07-25,forward_nontrading,Saturday,2,-0.562960885775586
w5xpbl,2022-07-23,CAC_40,2022-07-25,forward_nontrading,Saturday,2,-0.2180483328109538
w8fnp8,2022-07-26,CAC_40,2022-07-26,same_day,trading_day,0,-0.0603323028023753
w8irqr,2022-07-26,CAC_40,2022-07-26,same_day,trading_day,0,-0.1862694297929945
w8isxz,2022-07-26,CAC_40,2022-07-26,same_day,trading_day,0,-0.1855963851922928
w8kqgh,2022-07-26,CAC_40,2022-07-26,same_day,trading_day,0,0.1159610939212143
w8tq81,2022-07-26,CAC_40,2022-07-26,same_day,trading_day,0,-0.389844711481904
w997on,2022-07-27,CAC_40,2022-07-27,same_day,trading_day,0,-0.9566123425029218
w99zw1,2022-07-27,CAC_40,2022-07-27,same_day,trading_day,0,-0.4245334336250697
w9oltk,2022-07-27,CAC_40,2022-07-27,same_day,trading_day,0,-0.1453342288732528
w9ryz4,2022-07-27,CAC_40,2022-07-27,same_day,trading_day,0,-0.3817623751237988
w9vq0g,2022-07-28,CAC_40,2022-07-28,same_day,trading_day,0,-0.2807883579516783
wa75uf,2022-07-28,CAC_40,2022-07-28,same_day,trading_day,0,0.7330555526229243
wa91h5,2022-07-28,CAC_40,2022-07-28,same_day,trading_day,0,-0.2544927185831162
wayero,2022-07-29,CAC_40,2022-07-29,same_day,trading_day,0,0.0334592581105729
wbbo2d,2022-07-29,CAC_40,2022-07-29,same_day,trading_day,0,-0.3657799132168293
wbx4ie,2022-07-30,CAC_40,2022-08-01,forward_nontrading,Saturday,2,-0.2210696805268526
wcdmw9,2022-07-31,CAC_40,2022-08-01,forward_nontrading,Sunday,1,0.007327210432028
wd6mxt,2022-08-01,CAC_40,2022-08-01,same_day,trading_day,0,0.0356268671651681
weab4g,2022-08-02,CAC_40,2022-08-02,same_day,trading_day,0,-0.0358651870628818
weac3c,2022-08-02,CAC_40,2022-08-02,same_day,trading_day,0,-0.0265435646204943
wf87z3,2022-08-03,CAC_40,2022-08-03,same_day,trading_day,0,-0.6706674203354244
wfeyo2,2022-08-03,CAC_40,2022-08-03,same_day,trading_day,0,-0.6084188115783036
wg125l,2022-08-04,CAC_40,2022-08-04,same_day,trading_day,0,-0.1073271279068043
wg6ntw,2022-08-04,CAC_40,2022-08-04,same_day,trading_day,0,-0.2937284777872264
wjm4jm,2022-08-08,CAC_40,2022-08-08,same_day,trading_day,0,0.0473736524581909
wjmfp6,2022-08-08,CAC_40,2022-08-08,same_day,trading_day,0,0.3161286794181381
wjzwgm,2022-08-09,CAC_40,2022-08-09,same_day,trading_day,0,-0.1856595467155178
wk52po,2022-08-09,CAC_40,2022-08-09,same_day,trading_day,0,0.0571564999991096
wlfavc,2022-08-11,CAC_40,2022-08-11,same_day,trading_day,0,-0.2033321705853773
wlqinv,2022-08-11,CAC_40,2022-08-11,same_day,trading_day,0,0.0733773482001585
wlqjit,2022-08-11,CAC_40,2022-08-11,same_day,trading_day,0,0.084884930377532
wlqr6h,2022-08-11,CAC_40,2022-08-11,same_day,trading_day,0,-0.1268975980735073
wls7y7,2022-08-11,CAC_40,2022-08-11,same_day,trading_day,0,0.0278889264911413
wmhsi1,2022-08-12,CAC_40,2022-08-12,same_day,trading_day,0,-0.1038501858711242
wmsjwj,2022-08-12,CAC_40,2022-08-12,same_day,trading_day,0,-0.2068428197276911
wmxd6v,2022-08-12,CAC_40,2022-08-12,same_day,trading_day,0,-0.0386404809542
wnf5ow,2022-08-13,CAC_40,2022-08-15,forward_nontrading,Saturday,2,-0.3264235453680157
wno4yk,2022-08-13,CAC_40,2022-08-15,forward_nontrading,Saturday,2,-0.1852796468883752
wopaz5,2022-08-15,CAC_40,2022-08-15,same_day,trading_day,0,-0.1913824646866747
wpbszs,2022-08-15,CAC_40,2022-08-15,same_day,trading_day,0,-0.336375702505133
wpuwri,2022-08-16,CAC_40,2022-08-16,same_day,trading_day,0,-0.3935299634256145
wpxs96,2022-08-16,CAC_40,2022-08-16,same_day,trading_day,0,0.0131355639839289
wrp83q,2022-08-18,CAC_40,2022-08-18,same_day,trading_day,0,-0.2888137817231787
ws66dk,2022-08-19,CAC_40,2022-08-19,same_day,trading_day,0,-0.1252694276567452
wtc73w,2022-08-20,CAC_40,2022-08-22,forward_nontrading,Saturday,2,-0.1772777273416005
wvtgyd,2022-08-23,CAC_40,2022-08-23,same_day,trading_day,0,0.0211222424087199
wvun62,2022-08-23,CAC_40,2022-08-23,same_day,trading_day,0,-0.205167816755803
ww2nxe,2022-08-23,CAC_40,2022-08-23,same_day,trading_day,0,0.365455066319555
wwf7qh,2022-08-24,CAC_40,2022-08-24,same_day,trading_day,0,0.000276403215069
wxyu69,2022-08-26,CAC_40,2022-08-26,same_day,trading_day,0,0.1067083962261676
wy2ac9,2022-08-26,CAC_40,2022-08-26,same_day,trading_day,0,-0.0684420776863893
wy9r81,2022-08-26,CAC_40,2022-08-26,same_day,trading_day,0,0.1115381992887705
wylc08,2022-08-26,CAC_40,2022-08-26,same_day,trading_day,0,-0.329118438065052
wz04jd,2022-08-27,CAC_40,2022-08-29,forward_nontrading,Saturday,2,-0.105731330153237
x087yq,2022-08-28,CAC_40,2022-08-29,forward_nontrading,Sunday,1,-0.4059174060821533
x0orlx,2022-08-29,CAC_40,2022-08-29,same_day,trading_day,0,-0.3973324945882747
x0qiuz,2022-08-29,CAC_40,2022-08-29,same_day,trading_day,0,-0.0033460451628674
x0qvkz,2022-08-29,CAC_40,2022-08-29,same_day,trading_day,0,-0.0034698846495964
x10pau,2022-08-29,CAC_40,2022-08-29,same_day,trading_day,0,-0.1442482651521762
x13ano,2022-08-29,CAC_40,2022-08-29,same_day,trading_day,0,-0.1414375772078832
x1dkeh,2022-08-30,CAC_40,2022-08-30,same_day,trading_day,0,0.2676089848003661
x1jhvp,2022-08-30,CAC_40,2022-08-30,same_day,trading_day,0,0.6280128508806229
x1s1iy,2022-08-30,CAC_40,2022-08-30,same_day,trading_day,0,-0.1112900384200307
x2dejz,2022-08-31,CAC_40,2022-08-31,same_day,trading_day,0,0.2306614124216139
x2gp11,2022-08-31,CAC_40,2022-08-31,same_day,trading_day,0,-0.8708331566303968
x2gu27,2022-08-31,CAC_40,2022-08-31,same_day,trading_day,0,-0.8708331566303968
x5auq7,2022-09-04,CAC_40,2022-09-05,forward_nontrading,Sunday,1,-0.5432042069733143
x5usce,2022-09-04,CAC_40,2022-09-05,forward_nontrading,Sunday,1,-0.7976572345942259
x625pv,2022-09-05,CAC_40,2022-09-05,same_day,trading_day,0,-0.3546391079823175
x6g278,2022-09-05,CAC_40,2022-09-05,same_day,trading_day,0,-0.0293428488075733
x6hmaw,2022-09-05,CAC_40,2022-09-05,same_day,trading_day,0,-0.5327889484819025
x6r3eb,2022-09-05,CAC_40,2022-09-05,same_day,trading_day,0,0.0400420692749321
x7ofcl,2022-09-06,CAC_40,2022-09-06,same_day,trading_day,0,0.2249514636406231
x7yo4z,2022-09-07,CAC_40,2022-09-07,same_day,trading_day,0,-0.2812793149774813
x86kia,2022-09-07,CAC_40,2022-09-07,same_day,trading_day,0,-0.3012486893091012
x98z76,2022-09-08,CAC_40,2022-09-08,same_day,trading_day,0,-0.6249889369122684
xa7bd9,2022-09-09,CAC_40,2022-09-09,same_day,trading_day,0,-0.1110727451741695
xaqijc,2022-09-10,CAC_40,2022-09-12,forward_nontrading,Saturday,2,0.4961784780025482
xc0pws,2022-09-12,CAC_40,2022-09-12,same_day,trading_day,0,-0.1691292561590671
xd5rvk,2022-09-13,CAC_40,2022-09-13,same_day,trading_day,0,0.0429827397431623
xd5slr,2022-09-13,CAC_40,2022-09-13,same_day,trading_day,0,0.0110759494205315
xe9q0z,2022-09-14,CAC_40,2022-09-14,same_day,trading_day,0,-0.2729325934778899
xeev17,2022-09-14,CAC_40,2022-09-14,same_day,trading_day,0,-0.0447166928788647
xf2hwt,2022-09-15,CAC_40,2022-09-15,same_day,trading_day,0,-0.1939302880523933
xfaokc,2022-09-15,CAC_40,2022-09-15,same_day,trading_day,0,-0.0615272416522906
xfqs80,2022-09-16,CAC_40,2022-09-16,same_day,trading_day,0,-0.2168829582165927
xg50zx,2022-09-16,CAC_40,2022-09-16,same_day,trading_day,0,-0.2616511038931397
xg52p1,2022-09-16,CAC_40,2022-09-16,same_day,trading_day,0,-0.261527187047371
xg68se,2022-09-16,CAC_40,2022-09-16,same_day,trading_day,0,0.3879655278287828
xgkk6w,2022-09-17,CAC_40,2022-09-19,forward_nontrading,Saturday,2,0.1786453046370297
xhd7uj,2022-09-18,CAC_40,2022-09-19,forward_nontrading,Sunday,1,-0.3024933995735465
xi8skd,2022-09-19,CAC_40,2022-09-19,same_day,trading_day,0,-0.1906324056908488
xiaflq,2022-09-19,CAC_40,2022-09-19,same_day,trading_day,0,-0.091667149325504
xj09aa,2022-09-20,CAC_40,2022-09-20,same_day,trading_day,0,-0.00751344114542
xjq6ay,2022-09-21,CAC_40,2022-09-21,same_day,trading_day,0,-0.2355677378881308
xjqycr,2022-09-21,CAC_40,2022-09-21,same_day,trading_day,0,-0.1677002515643835
xk3384,2022-09-21,CAC_40,2022-09-21,same_day,trading_day,0,-0.0064372687081161
xk343d,2022-09-21,CAC_40,2022-09-21,same_day,trading_day,0,-0.0165792455989867
xkjz4q,2022-09-21,CAC_40,2022-09-21,same_day,trading_day,0,-0.452130164951086
xkp8au,2022-09-22,CAC_40,2022-09-22,same_day,trading_day,0,-0.5430782902675371
xktixn,2022-09-22,CAC_40,2022-09-22,same_day,trading_day,0,0.0409865230321884
xl5sd1,2022-09-22,CAC_40,2022-09-22,same_day,trading_day,0,-0.3181730799583925
xl8s55,2022-09-22,CAC_40,2022-09-22,same_day,trading_day,0,-0.4289838713951982
xl9gfp,2022-09-22,CAC_40,2022-09-22,same_day,trading_day,0,-0.3853300001325184
xlou4c,2022-09-23,CAC_40,2022-09-23,same_day,trading_day,0,-0.1124886878850785
xm09bw,2022-09-23,CAC_40,2022-09-23,same_day,trading_day,0,-0.5797702421744664
xm2kin,2022-09-23,CAC_40,2022-09-23,same_day,trading_day,0,-0.2454658153777321
xm5vkm,2022-09-23,CAC_40,2022-09-23,same_day,trading_day,0,-0.1061031355594213
xm6n3t,2022-09-23,CAC_40,2022-09-23,same_day,trading_day,0,0.0422411764922894
xmbyvk,2022-09-23,CAC_40,2022-09-23,same_day,trading_day,0,-0.2193849831819534
xmidci,2022-09-24,CAC_40,2022-09-26,forward_nontrading,Saturday,2,-0.3683175059723789
xn07r0,2022-09-24,CAC_40,2022-09-26,forward_nontrading,Saturday,2,-0.3107688650488853
xnepgq,2022-09-25,CAC_40,2022-09-26,forward_nontrading,Sunday,1,-0.2297838850257297
xny923,2022-09-25,CAC_40,2022-09-26,forward_nontrading,Sunday,1,-0.3186861097346991
xokvft,2022-09-26,CAC_40,2022-09-26,same_day,trading_day,0,-0.3601893012722333
xonhg5,2022-09-26,CAC_40,2022-09-26,same_day,trading_day,0,-0.0856250175274908
xpddx4,2022-09-27,CAC_40,2022-09-27,same_day,trading_day,0,0.1800551894638273
xpfb3u,2022-09-27,CAC_40,2022-09-27,same_day,trading_day,0,0.0503122662194073
xpt1fy,2022-09-27,CAC_40,2022-09-27,same_day,trading_day,0,-0.5407494109951788
xptqx0,2022-09-27,CAC_40,2022-09-27,same_day,trading_day,0,-0.1461345828383377
xpzms6,2022-09-28,CAC_40,2022-09-28,same_day,trading_day,0,-0.3791307850624434
xqoufo,2022-09-28,CAC_40,2022-09-28,same_day,trading_day,0,0.1557802142989304
xqtkd7,2022-09-29,CAC_40,2022-09-29,same_day,trading_day,0,-0.1086040550639488
xrioql,2022-09-29,CAC_40,2022-09-29,same_day,trading_day,0,0.026803508400917
xrjost,2022-09-29,CAC_40,2022-09-29,same_day,trading_day,0,-0.1896382185320059
xtk7lx,2022-10-02,CAC_40,2022-10-03,forward_nontrading,Sunday,1,-0.5443514166399837
xtppnc,2022-10-02,CAC_40,2022-10-03,forward_nontrading,Sunday,1,-0.2609572286185409
xusbuy,2022-10-03,CAC_40,2022-10-03,same_day,trading_day,0,-0.5009794629923999
xuxxme,2022-10-03,CAC_40,2022-10-03,same_day,trading_day,0,-0.3918108036043122
xwbgwl,2022-10-05,CAC_40,2022-10-05,same_day,trading_day,0,-0.2498275022953748
xx6a8l,2022-10-06,CAC_40,2022-10-06,same_day,trading_day,0,-0.1787966356720202
xxqe37,2022-10-07,CAC_40,2022-10-07,same_day,trading_day,0,-0.930477412417531
xxxeej,2022-10-07,CAC_40,2022-10-07,same_day,trading_day,0,0.0393797245807945
xy1xwx,2022-10-07,CAC_40,2022-10-07,same_day,trading_day,0,-0.6261327234832079
xy5ffc,2022-10-07,CAC_40,2022-10-07,same_day,trading_day,0,-0.2805224722251296
xz1wt9,2022-10-08,CAC_40,2022-10-10,forward_nontrading,Saturday,2,-0.2331925908065572
xz24rt,2022-10-08,CAC_40,2022-10-10,forward_nontrading,Saturday,2,-0.2331925908065572
y0eb69,2022-10-10,CAC_40,2022-10-10,same_day,trading_day,0,-0.2340292601936286
y0iwsy,2022-10-10,CAC_40,2022-10-10,same_day,trading_day,0,-0.2177888039499521
y0j72b,2022-10-10,CAC_40,2022-10-10,same_day,trading_day,0,-0.3433509858818176
y0jtcs,2022-10-10,CAC_40,2022-10-10,same_day,trading_day,0,-0.0094938770703533
y0z5jz,2022-10-11,CAC_40,2022-10-11,same_day,trading_day,0,0.0154464934021234
y16zlw,2022-10-11,CAC_40,2022-10-11,same_day,trading_day,0,-0.3792449356470671
y1814k,2022-10-11,CAC_40,2022-10-11,same_day,trading_day,0,-0.1507241115284462
y186jh,2022-10-11,CAC_40,2022-10-11,same_day,trading_day,0,-0.3771475087269209
y1r3ny,2022-10-12,CAC_40,2022-10-12,same_day,trading_day,0,-0.2227277502489204
y2hbzn,2022-10-12,CAC_40,2022-10-12,same_day,trading_day,0,-0.2998516812920571
y37a4e,2022-10-13,CAC_40,2022-10-13,same_day,trading_day,0,-0.2454046724985043
y3owiy,2022-10-14,CAC_40,2022-10-14,same_day,trading_day,0,-0.0457723729778081
y47uyi,2022-10-14,CAC_40,2022-10-14,same_day,trading_day,0,-0.2430738748478082
y47vyn,2022-10-14,CAC_40,2022-10-14,same_day,trading_day,0,-0.2427175346878357
y4jpvq,2022-10-15,CAC_40,2022-10-17,forward_nontrading,Saturday,2,0.2231205445049064
y57or6,2022-10-16,CAC_40,2022-10-17,forward_nontrading,Sunday,1,-0.0931979084387421
y58nk9,2022-10-16,CAC_40,2022-10-17,forward_nontrading,Sunday,1,-0.2426603243432261
y5yngt,2022-10-17,CAC_40,2022-10-17,same_day,trading_day,0,-0.0647007880033925
y647sd,2022-10-17,CAC_40,2022-10-17,same_day,trading_day,0,-0.3014567550271749
y650xz,2022-10-17,CAC_40,2022-10-17,same_day,trading_day,0,-0.0783212333917617
y67b12,2022-10-17,CAC_40,2022-10-17,same_day,trading_day,0,-0.3290602347220887
y846gq,2022-10-19,CAC_40,2022-10-19,same_day,trading_day,0,-0.5315480428239838
y8n58s,2022-10-20,CAC_40,2022-10-20,same_day,trading_day,0,-0.0502232973729925
y9l9a1,2022-10-21,CAC_40,2022-10-21,same_day,trading_day,0,-0.3223701503593474
y9xi4o,2022-10-21,CAC_40,2022-10-21,same_day,trading_day,0,0.1947287444534869
ybcvep,2022-10-23,CAC_40,2022-10-24,forward_nontrading,Sunday,1,-0.382944062800595
ybigmf,2022-10-23,CAC_40,2022-10-24,forward_nontrading,Sunday,1,-0.578891524645899
ycq8jy,2022-10-24,CAC_40,2022-10-24,same_day,trading_day,0,-0.2474506464786827
yds9sb,2022-10-26,CAC_40,2022-10-26,same_day,trading_day,0,0.0964599382132291
ydtdh5,2022-10-26,CAC_40,2022-10-26,same_day,trading_day,0,-0.0093801790382713
yeigcu,2022-10-27,CAC_40,2022-10-27,same_day,trading_day,0,-0.0219297360382833
yem1oy,2022-10-27,CAC_40,2022-10-27,same_day,trading_day,0,0.2322876905514435
yer38o,2022-10-27,CAC_40,2022-10-27,same_day,trading_day,0,-0.0468184258788823
yfi7zb,2022-10-28,CAC_40,2022-10-28,same_day,trading_day,0,-0.5938259602213899
ygpyfx,2022-10-29,CAC_40,2022-10-31,forward_nontrading,Saturday,2,-0.2952263811603188
ykus4r,2022-11-03,CAC_40,2022-11-03,same_day,trading_day,0,-0.2506923370952294
yl3l8w,2022-11-03,CAC_40,2022-11-03,same_day,trading_day,0,-0.1743296913336962
ylxn3d,2022-11-04,CAC_40,2022-11-04,same_day,trading_day,0,-0.0145897194743156
ym5own,2022-11-04,CAC_40,2022-11-04,same_day,trading_day,0,0.0317403164795703
ymtsc6,2022-11-05,CAC_40,2022-11-07,forward_nontrading,Saturday,2,0.0215109809018347
yohrg8,2022-11-07,CAC_40,2022-11-07,same_day,trading_day,0,-0.0540674291551113
yop9sf,2022-11-07,CAC_40,2022-11-07,same_day,trading_day,0,-0.3092928587924689
yp8avk,2022-11-08,CAC_40,2022-11-08,same_day,trading_day,0,-0.0965008812846016
yqiur5,2022-11-09,CAC_40,2022-11-09,same_day,trading_day,0,-0.1579487805469678
yqivot,2022-11-09,CAC_40,2022-11-09,same_day,trading_day,0,-0.1745549805101848
yqofdt,2022-11-09,CAC_40,2022-11-09,same_day,trading_day,0,0.1105274618691149
ysbxva,2022-11-11,CAC_40,2022-11-11,same_day,trading_day,0,-0.2888321775050524
ysljyd,2022-11-11,CAC_40,2022-11-11,same_day,trading_day,0,-0.3533795710653067
ywd0u1,2022-11-15,CAC_40,2022-11-15,same_day,trading_day,0,-0.5170064245661099
ywngyo,2022-11-16,CAC_40,2022-11-16,same_day,trading_day,0,0.4585304657618204
yx34qt,2022-11-16,CAC_40,2022-11-16,same_day,trading_day,0,-0.8064095005393028
yxdn8w,2022-11-17,CAC_40,2022-11-17,same_day,trading_day,0,-0.5581098413306542
z0enfb,2022-11-20,CAC_40,2022-11-21,forward_nontrading,Sunday,1,-0.4276075737240413
z148u0,2022-11-21,CAC_40,2022-11-21,same_day,trading_day,0,-0.2735187419457361
z1ux0t,2022-11-22,CAC_40,2022-11-22,same_day,trading_day,0,-0.2084647560198056
z2k7ai,2022-11-23,CAC_40,2022-11-23,same_day,trading_day,0,-0.8240314722061157
z37kbz,2022-11-24,CAC_40,2022-11-24,same_day,trading_day,0,-0.0133081151074484
z3q1oz,2022-11-24,CAC_40,2022-11-24,same_day,trading_day,0,-0.1607603132724762
z430qu,2022-11-25,CAC_40,2022-11-25,same_day,trading_day,0,0.028618223555386
z4n2fo,2022-11-25,CAC_40,2022-11-25,same_day,trading_day,0,-0.029779485927429
z4n3mw,2022-11-25,CAC_40,2022-11-25,same_day,trading_day,0,-0.0287160004683149
z6m5j0,2022-11-28,CAC_40,2022-11-28,same_day,trading_day,0,-0.0149482434083308
z7ktae,2022-11-29,CAC_40,2022-11-29,same_day,trading_day,0,-0.599914163351059
z8p73c,2022-11-30,CAC_40,2022-11-30,same_day,trading_day,0,-0.1715677729652573
z9xm3d,2022-12-01,CAC_40,2022-12-01,same_day,trading_day,0,-0.0247369822310773
za28pi,2022-12-01,CAC_40,2022-12-01,same_day,trading_day,0,0.0343364215352469
zadd1m,2022-12-02,CAC_40,2022-12-02,same_day,trading_day,0,-0.1260758762394911
zdirov,2022-12-05,CAC_40,2022-12-05,same_day,trading_day,0,-0.2812862263992428
zf1eap,2022-12-07,CAC_40,2022-12-07,same_day,trading_day,0,-0.531085185861836
zfhki1,2022-12-07,CAC_40,2022-12-07,same_day,trading_day,0,0.1648317818012502
zfuthk,2022-12-08,CAC_40,2022-12-08,same_day,trading_day,0,-0.0679690217366442
zgn49v,2022-12-09,CAC_40,2022-12-09,same_day,trading_day,0,0.1341947870329022
zjyuda,2022-12-12,CAC_40,2022-12-12,same_day,trading_day,0,-0.2932281353595582
zkuyf1,2022-12-13,CAC_40,2022-12-13,same_day,trading_day,0,-0.1687534099384661
zlnqp1,2022-12-14,CAC_40,2022-12-14,same_day,trading_day,0,-0.1376361844291829
zlzaim,2022-12-14,CAC_40,2022-12-14,same_day,trading_day,0,0.1289960685784795
zpliom,2022-12-19,CAC_40,2022-12-19,same_day,trading_day,0,-0.945960635319352
zpnu39,2022-12-19,CAC_40,2022-12-19,same_day,trading_day,0,-0.36232716194354
zq9hln,2022-12-20,CAC_40,2022-12-20,same_day,trading_day,0,-0.2618218375904921
zqa6mc,2022-12-20,CAC_40,2022-12-20,same_day,trading_day,0,-0.3885926920403209
zqnbk9,2022-12-20,CAC_40,2022-12-20,same_day,trading_day,0,-0.1363131009042263
zqrwlc,2022-12-20,CAC_40,2022-12-20,same_day,trading_day,0,-0.0661081367358565
zr1fek,2022-12-20,CAC_40,2022-12-20,same_day,trading_day,0,0.1169185403268784
zrdnvg,2022-12-21,CAC_40,2022-12-21,same_day,trading_day,0,0.1860327862086706
ztu9tn,2022-12-23,CAC_40,2022-12-23,same_day,trading_day,0,-0.3249551742027203
zu3w1e,2022-12-24,CAC_40,2022-12-27,forward_nontrading,Saturday,3,0.197354825027287
zwmp18,2022-12-27,CAC_40,2022-12-27,same_day,trading_day,0,-0.196852038021792
zwqajj,2022-12-27,CAC_40,2022-12-27,same_day,trading_day,0,0.2054645338117383
zx2ver,2022-12-28,CAC_40,2022-12-28,same_day,trading_day,0,-0.3075760407373309
zxg4es,2022-12-28,CAC_40,2022-12-28,same_day,trading_day,0,-0.773109020665288
zxq9wh,2022-12-29,CAC_40,2022-12-29,same_day,trading_day,0,-0.1719869509960214
zy3zku,2022-12-29,CAC_40,2022-12-29,same_day,trading_day,0,0.1444327905774116
zy9zie,2022-12-29,CAC_40,2022-12-29,same_day,trading_day,0,0.1902405353534656
zya1w2,2022-12-29,CAC_40,2022-12-29,same_day,trading_day,0,-0.6784501681104302
zybmqt,2022-12-29,CAC_40,2022-12-29,same_day,trading_day,0,-0.074966351303165
zybn7s,2022-12-29,CAC_40,2022-12-29,same_day,trading_day,0,-0.0742483542865661
zzj3c6,2022-12-31,CAC_40,2023-01-02,forward_nontrading,Saturday,2,-0.2011349457199685
zzj6nf,2022-12-31,CAC_40,2023-01-02,forward_nontrading,Saturday,2,-0.200358225152983
100tiwu,2023-01-01,CAC_40,2023-01-02,forward_nontrading,Sunday,1,0.121536070222242
100zdqx,2023-01-02,CAC_40,2023-01-02,same_day,trading_day,0,-0.522557697375305
10115im,2023-01-02,CAC_40,2023-01-02,same_day,trading_day,0,-0.677092032165577
102gzlu,2023-01-03,CAC_40,2023-01-03,same_day,trading_day,0,0.2116428878815734
102q6jd,2023-01-04,CAC_40,2023-01-04,same_day,trading_day,0,-0.1488019259399678
103e3m0,2023-01-04,CAC_40,2023-01-04,same_day,trading_day,0,0.0684789433415668
103qw3j,2023-01-05,CAC_40,2023-01-05,same_day,trading_day,0,0.1281330768018961
10495lu,2023-01-05,CAC_40,2023-01-05,same_day,trading_day,0,-0.3611411893119414
104wj1a,2023-01-06,CAC_40,2023-01-06,same_day,trading_day,0,-0.2282530181109905
1056n99,2023-01-06,CAC_40,2023-01-06,same_day,trading_day,0,-0.4108667219989001
105pbof,2023-01-07,CAC_40,2023-01-09,forward_nontrading,Saturday,2,-0.2125765774566848
105pgzo,2023-01-07,CAC_40,2023-01-09,forward_nontrading,Saturday,2,-0.2125765774566848
1066j8f,2023-01-08,CAC_40,2023-01-09,forward_nontrading,Sunday,1,0.0895879686005034
1086tao,2023-01-10,CAC_40,2023-01-10,same_day,trading_day,0,0.1249183421605266
10aevdq,2023-01-12,CAC_40,2023-01-12,same_day,trading_day,0,-0.0196424699194418
10b2jkg,2023-01-13,CAC_40,2023-01-13,same_day,trading_day,0,0.0967911008745432
10bwl48,2023-01-14,CAC_40,2023-01-16,forward_nontrading,Saturday,2,0.0160633455961942
10cm7zf,2023-01-15,CAC_40,2023-01-16,forward_nontrading,Sunday,1,0.0087222948670387
10e7sl2,2023-01-17,CAC_40,2023-01-17,same_day,trading_day,0,-0.0066626914937434
10g4inp,2023-01-19,CAC_40,2023-01-19,same_day,trading_day,0,0.3440751214669544
10gx9x0,2023-01-20,CAC_40,2023-01-20,same_day,trading_day,0,-0.0107642111834138
10hiba5,2023-01-21,CAC_40,2023-01-23,forward_nontrading,Saturday,2,-0.2055280181730902
10hikti,2023-01-21,CAC_40,2023-01-23,forward_nontrading,Saturday,2,-0.1214157566428184
10iymjh,2023-01-23,CAC_40,2023-01-23,same_day,trading_day,0,-0.0930400966412641
10izb7y,2023-01-23,CAC_40,2023-01-23,same_day,trading_day,0,-0.092491685395891
10jcd04,2023-01-23,CAC_40,2023-01-23,same_day,trading_day,0,-0.7433889697051861
10jg8oi,2023-01-23,CAC_40,2023-01-23,same_day,trading_day,0,-0.3990558488294482
10lfxv6,2023-01-26,CAC_40,2023-01-26,same_day,trading_day,0,0.2345510194078088
10otuwf,2023-01-30,CAC_40,2023-01-30,same_day,trading_day,0,-0.0965836088118307
10oxqey,2023-01-30,CAC_40,2023-01-30,same_day,trading_day,0,-0.4065433211405487
10r2wnp,2023-02-01,CAC_40,2023-02-01,same_day,trading_day,0,0.0115532615800967
10rk9jt,2023-02-02,CAC_40,2023-02-02,same_day,trading_day,0,0.0235492441803216
10rq9r6,2023-02-02,CAC_40,2023-02-02,same_day,trading_day,0,0.0499780097355445
10s0w5l,2023-02-02,CAC_40,2023-02-02,same_day,trading_day,0,-0.2665156454736875
10snk3z,2023-02-03,CAC_40,2023-02-03,same_day,trading_day,0,-0.2705546126124405
10tncxa,2023-02-04,CAC_40,2023-02-06,forward_nontrading,Saturday,2,0.3403461343167644
10tpt11,2023-02-04,CAC_40,2023-02-06,forward_nontrading,Saturday,2,0.1900194796987555
10tv0xs,2023-02-04,CAC_40,2023-02-06,forward_nontrading,Saturday,2,-0.144116058533431
10ugags,2023-02-05,CAC_40,2023-02-06,forward_nontrading,Sunday,1,0.0338655449450016
10vtdxy,2023-02-07,CAC_40,2023-02-07,same_day,trading_day,0,0.1563564913714645
10xcf5q,2023-02-08,CAC_40,2023-02-08,same_day,trading_day,0,0.0747879296541214
10ys3z8,2023-02-10,CAC_40,2023-02-10,same_day,trading_day,0,-0.1814225594202677
10yu9cg,2023-02-10,CAC_40,2023-02-10,same_day,trading_day,0,-0.1444314343056508
10yxaez,2023-02-10,CAC_40,2023-02-10,same_day,trading_day,0,0.1992548725102096
111umz0,2023-02-14,CAC_40,2023-02-14,same_day,trading_day,0,0.034500038891565
1127hqq,2023-02-14,CAC_40,2023-02-14,same_day,trading_day,0,0.3003935670623412
1153zih,2023-02-18,CAC_40,2023-02-20,forward_nontrading,Saturday,2,-0.0121973137798098
115430p,2023-02-18,CAC_40,2023-02-20,forward_nontrading,Saturday,2,-0.0120676202660737
117u8q1,2023-02-21,CAC_40,2023-02-21,same_day,trading_day,0,0.0321142918740709
119urwu,2023-02-23,CAC_40,2023-02-23,same_day,trading_day,0,0.0330299981869757
11a26ep,2023-02-23,CAC_40,2023-02-23,same_day,trading_day,0,0.0330299981869757
11a2dbz,2023-02-23,CAC_40,2023-02-23,same_day,trading_day,0,0.0407892361815486
11aj6fo,2023-02-24,CAC_40,2023-02-24,same_day,trading_day,0,0.3548270964529365
11b1tyi,2023-02-24,CAC_40,2023-02-24,same_day,trading_day,0,0.1891051694595565
11bey8f,2023-02-25,CAC_40,2023-02-27,forward_nontrading,Saturday,2,0.1713753748529901
11bnukt,2023-02-25,CAC_40,2023-02-27,forward_nontrading,Saturday,2,-0.7548857498914003
11cf6bl,2023-02-26,CAC_40,2023-02-27,forward_nontrading,Sunday,1,-0.2330133877694606
11cipii,2023-02-26,CAC_40,2023-02-27,forward_nontrading,Sunday,1,-0.5700519410893321
11crin1,2023-02-26,CAC_40,2023-02-27,forward_nontrading,Sunday,1,-0.152702784553791
11ei39o,2023-02-28,CAC_40,2023-02-28,same_day,trading_day,0,0.2662163324033221
11eq5zq,2023-03-01,CAC_40,2023-03-01,same_day,trading_day,0,-0.2116337614980611
11fbxaz,2023-03-01,CAC_40,2023-03-01,same_day,trading_day,0,0.3826881597439447
11fysi4,2023-03-02,CAC_40,2023-03-02,same_day,trading_day,0,-0.0690618510214755
11g4vz6,2023-03-02,CAC_40,2023-03-02,same_day,trading_day,0,-0.0351851098239421
11gb9vz,2023-03-02,CAC_40,2023-03-02,same_day,trading_day,0,-0.1264970347967366
11jxogv,2023-03-06,CAC_40,2023-03-06,same_day,trading_day,0,0.1925216279178858
11lwouc,2023-03-08,CAC_40,2023-03-08,same_day,trading_day,0,0.1359836865216493
11mj1ed,2023-03-09,CAC_40,2023-03-09,same_day,trading_day,0,-0.056853485526517
11oz0xw,2023-03-11,CAC_40,2023-03-13,forward_nontrading,Saturday,2,0.0559510972679537
11p1thp,2023-03-12,CAC_40,2023-03-13,forward_nontrading,Sunday,1,0.0429703860438235
11p1txq,2023-03-12,CAC_40,2023-03-13,forward_nontrading,Sunday,1,0.0432421496260981
11p1uce,2023-03-12,CAC_40,2023-03-13,forward_nontrading,Sunday,1,0.0433281931481412
11prsna,2023-03-12,CAC_40,2023-03-13,forward_nontrading,Sunday,1,0.3532022224940561
11qb56b,2023-03-13,CAC_40,2023-03-13,same_day,trading_day,0,-0.1879612215794623
11ra618,2023-03-14,CAC_40,2023-03-14,same_day,trading_day,0,0.097418331674167
11ruxxa,2023-03-15,CAC_40,2023-03-15,same_day,trading_day,0,-0.0770474223271859
11u57ns,2023-03-17,CAC_40,2023-03-17,same_day,trading_day,0,-0.0819208206802917
11u58uo,2023-03-17,CAC_40,2023-03-17,same_day,trading_day,0,-0.0817853493654789
11wxg63,2023-03-20,CAC_40,2023-03-20,same_day,trading_day,0,-0.3963108696043491
11xdhtd,2023-03-21,CAC_40,2023-03-21,same_day,trading_day,0,-0.171493243864354
11yrbvs,2023-03-22,CAC_40,2023-03-22,same_day,trading_day,0,-0.0457217717045095
11yzi2q,2023-03-22,CAC_40,2023-03-22,same_day,trading_day,0,-0.128985627554357
11z6z43,2023-03-23,CAC_40,2023-03-23,same_day,trading_day,0,-0.228033909574151
1202ore,2023-03-24,CAC_40,2023-03-24,same_day,trading_day,0,-0.1795718491077423
123koae,2023-03-27,CAC_40,2023-03-27,same_day,trading_day,0,-0.0771783721167594
123pl5u,2023-03-27,CAC_40,2023-03-27,same_day,trading_day,0,0.1210408743442685
124bp04,2023-03-28,CAC_40,2023-03-28,same_day,trading_day,0,0.079732039264248
124it5w,2023-03-28,CAC_40,2023-03-28,same_day,trading_day,0,-0.0959122590720653
124u7iu,2023-03-28,CAC_40,2023-03-28,same_day,trading_day,0,-0.0955738145858049
125y1ot,2023-03-29,CAC_40,2023-03-29,same_day,trading_day,0,-0.2036611900304354
1264p3d,2023-03-29,CAC_40,2023-03-29,same_day,trading_day,0,0.1857669507153332
126i75o,2023-03-30,CAC_40,2023-03-30,same_day,trading_day,0,-0.278330366127193
127tvj5,2023-03-31,CAC_40,2023-03-31,same_day,trading_day,0,0.3322614731195454
1280ssr,2023-03-31,CAC_40,2023-03-31,same_day,trading_day,0,0.1205079513834789
1280uii,2023-03-31,CAC_40,2023-03-31,same_day,trading_day,0,0.1206327855431785
129pcf4,2023-04-02,CAC_40,2023-04-03,forward_nontrading,Sunday,1,-0.3953269227572223
12atjko,2023-04-03,CAC_40,2023-04-03,same_day,trading_day,0,-0.104358083801344
12ckvvi,2023-04-05,CAC_40,2023-04-05,same_day,trading_day,0,-0.4977037534117698
12cl264,2023-04-05,CAC_40,2023-04-05,same_day,trading_day,0,-0.1129498409314288
12cmumr,2023-04-05,CAC_40,2023-04-05,same_day,trading_day,0,-0.1060549431131221
12dmref,2023-04-06,CAC_40,2023-04-06,same_day,trading_day,0,-0.0065286355939778
12dyyow,2023-04-06,CAC_40,2023-04-06,same_day,trading_day,0,-0.1632551152530747
12dyzv4,2023-04-06,CAC_40,2023-04-06,same_day,trading_day,0,-0.1631372242971944
12hzieb,2023-04-10,CAC_40,2023-04-11,forward_nontrading,weekday_nontrading,1,-0.1191020049154758
12icmuo,2023-04-11,CAC_40,2023-04-11,same_day,trading_day,0,0.0427040085196495
12impun,2023-04-11,CAC_40,2023-04-11,same_day,trading_day,0,0.0557609296270779
12p7qxu,2023-04-17,CAC_40,2023-04-17,same_day,trading_day,0,-0.2197170932353897
12qa5qi,2023-04-18,CAC_40,2023-04-18,same_day,trading_day,0,0.493183320787336
12tka4i,2023-04-21,CAC_40,2023-04-21,same_day,trading_day,0,0.0433419564609774
12uq8dv,2023-04-22,CAC_40,2023-04-24,forward_nontrading,Saturday,2,-0.5175497743766755
12xk4l1,2023-04-24,CAC_40,2023-04-24,same_day,trading_day,0,-0.369128381445383
12ydo0n,2023-04-25,CAC_40,2023-04-25,same_day,trading_day,0,-0.2058168148378963
12yucwt,2023-04-25,CAC_40,2023-04-25,same_day,trading_day,0,0.3036483480698532
137j2kz,2023-05-04,CAC_40,2023-05-04,same_day,trading_day,0,0.1577139691573878
137zuhm,2023-05-04,CAC_40,2023-05-04,same_day,trading_day,0,-0.2923136870376766
13c8296,2023-05-08,CAC_40,2023-05-08,same_day,trading_day,0,-0.0312025044113397
13eaiea,2023-05-11,CAC_40,2023-05-11,same_day,trading_day,0,0.0182612424039027
13eo757,2023-05-11,CAC_40,2023-05-11,same_day,trading_day,0,-0.2309907138347625
13nahkt,2023-05-20,CAC_40,2023-05-22,forward_nontrading,Saturday,2,0.0092573702678014
13nymsl,2023-05-21,CAC_40,2023-05-22,forward_nontrading,Sunday,1,-0.0485098958015441
13suecd,2023-05-27,CAC_40,2023-05-29,forward_nontrading,Saturday,2,0.0638628988177515
13vo4x8,2023-05-30,CAC_40,2023-05-30,same_day,trading_day,0,0.2610121816038512
141k23n,2023-06-05,CAC_40,2023-06-05,same_day,trading_day,0,0.0620360054142241
1453tou,2023-06-09,CAC_40,2023-06-09,same_day,trading_day,0,-0.0022429072298109
145j8ns,2023-06-09,CAC_40,2023-06-09,same_day,trading_day,0,0.5354521604254842
14aiafv,2023-06-16,CAC_40,2023-06-16,same_day,trading_day,0,-0.1232856052617231
14dv2wx,2023-06-20,CAC_40,2023-06-20,same_day,trading_day,0,-0.9383652526885272
14e7eyk,2023-06-20,CAC_40,2023-06-20,same_day,trading_day,0,0.3036587439011782
14ewega,2023-06-21,CAC_40,2023-06-21,same_day,trading_day,0,-0.0470925156426217
14fva3u,2023-06-22,CAC_40,2023-06-22,same_day,trading_day,0,0.0099977701902389
14hkamk,2023-06-24,CAC_40,2023-06-26,forward_nontrading,Saturday,2,0.0890963794663548
14jdsdo,2023-06-26,CAC_40,2023-06-26,same_day,trading_day,0,-0.191293217241764
14jgjal,2023-06-26,CAC_40,2023-06-26,same_day,trading_day,0,-0.191293217241764
14jgk7l,2023-06-26,CAC_40,2023-06-26,same_day,trading_day,0,-0.191293217241764
14jjskr,2023-06-26,CAC_40,2023-06-26,same_day,trading_day,0,-0.123435795137828
14n07ob,2023-06-30,CAC_40,2023-06-30,same_day,trading_day,0,0.112241862147736
14qrdfg,2023-07-04,CAC_40,2023-07-04,same_day,trading_day,0,0.1431198721441129
14rcggb,2023-07-05,CAC_40,2023-07-05,same_day,trading_day,0,-0.0791420463550215
14rcgki,2023-07-05,CAC_40,2023-07-05,same_day,trading_day,0,-0.0754044511122629
14t6uyb,2023-07-07,CAC_40,2023-07-07,same_day,trading_day,0,-0.0156230740249156
14teoul,2023-07-07,CAC_40,2023-07-07,same_day,trading_day,0,-0.1905231258521477
14th4q1,2023-07-07,CAC_40,2023-07-07,same_day,trading_day,0,-0.191334567964077
14xjkol,2023-07-12,CAC_40,2023-07-12,same_day,trading_day,0,-0.2290129951705845
14zskrk,2023-07-14,CAC_40,2023-07-14,same_day,trading_day,0,-0.0625002164083222
15082sb,2023-07-15,CAC_40,2023-07-17,forward_nontrading,Saturday,2,-0.0260168847162276
150ufum,2023-07-16,CAC_40,2023-07-17,forward_nontrading,Sunday,1,-0.0710544135155422
1521i5v,2023-07-17,CAC_40,2023-07-17,same_day,trading_day,0,-0.260754128471397
155izzq,2023-07-21,CAC_40,2023-07-21,same_day,trading_day,0,0.3406053677744542
15bij5f,2023-07-28,CAC_40,2023-07-28,same_day,trading_day,0,-0.1203486331924796
15bijxx,2023-07-28,CAC_40,2023-07-28,same_day,trading_day,0,-0.1208150774613023
15c9eip,2023-07-28,CAC_40,2023-07-28,same_day,trading_day,0,-0.0381228782081355
15d3255,2023-07-29,CAC_40,2023-07-31,forward_nontrading,Saturday,2,-0.0437603215686976
15f5lcb,2023-08-01,CAC_40,2023-08-01,same_day,trading_day,0,0.2367315962910652
15h5ay6,2023-08-03,CAC_40,2023-08-03,same_day,trading_day,0,-0.2474000724879178
15m7ngy,2023-08-09,CAC_40,2023-08-09,same_day,trading_day,0,-0.1408762919406096
15mezrv,2023-08-09,CAC_40,2023-08-09,same_day,trading_day,0,-0.289583949993054
15nek5k,2023-08-10,CAC_40,2023-08-10,same_day,trading_day,0,0.0018947390781249
15nv1g6,2023-08-11,CAC_40,2023-08-11,same_day,trading_day,0,-0.052567837643437
15oc2b0,2023-08-11,CAC_40,2023-08-11,same_day,trading_day,0,0.3252252105157822
15qj3rr,2023-08-14,CAC_40,2023-08-14,same_day,trading_day,0,0.0930937398225069
15qqc0p,2023-08-14,CAC_40,2023-08-14,same_day,trading_day,0,0.3163555370022853
15sqnly,2023-08-16,CAC_40,2023-08-16,same_day,trading_day,0,0.0752178244292736
15t69d3,2023-08-16,CAC_40,2023-08-16,same_day,trading_day,0,-0.0857571568340063
15t6at1,2023-08-16,CAC_40,2023-08-16,same_day,trading_day,0,-0.0857571568340063
15tu6kq,2023-08-17,CAC_40,2023-08-17,same_day,trading_day,0,-0.3099776373377867
15w6l0p,2023-08-20,CAC_40,2023-08-21,forward_nontrading,Sunday,1,-0.1887021688744425
15zzmoe,2023-08-24,CAC_40,2023-08-24,same_day,trading_day,0,0.0482773279978169
160ux70,2023-08-25,CAC_40,2023-08-25,same_day,trading_day,0,-0.1870503999778757
162z3ak,2023-08-27,CAC_40,2023-08-28,forward_nontrading,Sunday,1,0.4777652211487293
163o0x6,2023-08-28,CAC_40,2023-08-28,same_day,trading_day,0,-0.0168210170813836
16477ar,2023-08-29,CAC_40,2023-08-29,same_day,trading_day,0,-0.2473272336288713
1652pk2,2023-08-30,CAC_40,2023-08-30,same_day,trading_day,0,-0.1408092655862371
165no25,2023-08-30,CAC_40,2023-08-30,same_day,trading_day,0,-0.1703659216873347
168co3h,2023-09-02,CAC_40,2023-09-04,forward_nontrading,Saturday,2,0.0667273174816121
168sy3g,2023-09-03,CAC_40,2023-09-04,forward_nontrading,Sunday,1,0.1780764318204351
16bg0gg,2023-09-06,CAC_40,2023-09-06,same_day,trading_day,0,0.1660856882420679
16dksyo,2023-09-08,CAC_40,2023-09-08,same_day,trading_day,0,-0.7698657233268023
16gwy4v,2023-09-12,CAC_40,2023-09-12,same_day,trading_day,0,0.1086121164705781
16l73yj,2023-09-17,CAC_40,2023-09-18,forward_nontrading,Sunday,1,-0.3056006290018558
16me7z3,2023-09-19,CAC_40,2023-09-19,same_day,trading_day,0,-0.1645086444914341
16r3aqd,2023-09-24,CAC_40,2023-09-25,forward_nontrading,Sunday,1,-0.2287221658974886
16r5q7y,2023-09-24,CAC_40,2023-09-25,forward_nontrading,Sunday,1,-0.0299478458861509
16ss6sv,2023-09-26,CAC_40,2023-09-26,same_day,trading_day,0,-0.065241806829969
170i6pl,2023-10-05,CAC_40,2023-10-05,same_day,trading_day,0,0.1489973021408831
1729yhj,2023-10-07,CAC_40,2023-10-09,forward_nontrading,Saturday,2,-0.0639841681854291
1736kte,2023-10-08,CAC_40,2023-10-09,forward_nontrading,Sunday,1,-0.1862765112891793
173kq3w,2023-10-09,CAC_40,2023-10-09,same_day,trading_day,0,0.1108875953788427
173y8qf,2023-10-09,CAC_40,2023-10-09,same_day,trading_day,0,0.0050473004579544
174g82u,2023-10-10,CAC_40,2023-10-10,same_day,trading_day,0,0.1163206468336284
176vppb,2023-10-13,CAC_40,2023-10-13,same_day,trading_day,0,-0.1592902539830122
176wu9f,2023-10-13,CAC_40,2023-10-13,same_day,trading_day,0,-0.1256762226733068
17a6v24,2023-10-17,CAC_40,2023-10-17,same_day,trading_day,0,-0.0355782012920826
17bwq5a,2023-10-19,CAC_40,2023-10-19,same_day,trading_day,0,-0.4011939340271055
17duk0z,2023-10-22,CAC_40,2023-10-23,forward_nontrading,Sunday,1,0.397772974525155
17e5io5,2023-10-22,CAC_40,2023-10-23,forward_nontrading,Sunday,1,-0.2172879405530556
17em12b,2023-10-23,CAC_40,2023-10-23,same_day,trading_day,0,-0.0324201607145369
17hrlq0,2023-10-27,CAC_40,2023-10-27,same_day,trading_day,0,-0.2426666770285616
17izo63,2023-10-29,CAC_40,2023-10-30,forward_nontrading,Sunday,1,0.0425187414512038
17jbivb,2023-10-29,CAC_40,2023-10-30,forward_nontrading,Sunday,1,0.3277862883658837
17s3phw,2023-11-10,CAC_40,2023-11-10,same_day,trading_day,0,-0.0837925286032259
17s3qo9,2023-11-10,CAC_40,2023-11-10,same_day,trading_day,0,-0.0837925286032259
17t0uun,2023-11-11,CAC_40,2023-11-13,forward_nontrading,Saturday,2,0.0330773213257392
186oiiz,2023-11-29,CAC_40,2023-11-29,same_day,trading_day,0,0.2051608715182504
1896uwa,2023-12-02,CAC_40,2023-12-04,forward_nontrading,Saturday,2,-0.3315662530561288
18a09bh,2023-12-03,CAC_40,2023-12-04,forward_nontrading,Sunday,1,-0.3069328176194524
18aom4f,2023-12-04,CAC_40,2023-12-04,same_day,trading_day,0,-0.2241238669957965
18aqnui,2023-12-04,CAC_40,2023-12-04,same_day,trading_day,0,0.23913309792988
18i16l1,2023-12-14,CAC_40,2023-12-14,same_day,trading_day,0,-0.2285176933122177
18iskvy,2023-12-15,CAC_40,2023-12-15,same_day,trading_day,0,-0.1636869851499796
18ktdx6,2023-12-17,CAC_40,2023-12-18,forward_nontrading,Sunday,1,0.0035785702792437
18l7r7t,2023-12-18,CAC_40,2023-12-18,same_day,trading_day,0,-0.0782859109499505
18l7tw8,2023-12-18,CAC_40,2023-12-18,same_day,trading_day,0,-0.076972127986559
18l7zzv,2023-12-18,CAC_40,2023-12-18,same_day,trading_day,0,-0.076047361963361
18m4mpu,2023-12-19,CAC_40,2023-12-19,same_day,trading_day,0,0.0615115707643844
18oyw5m,2023-12-23,CAC_40,2023-12-27,forward_nontrading,Saturday,4,0.0300380232511088
18qjlzb,2023-12-25,CAC_40,2023-12-27,forward_nontrading,weekday_nontrading,2,-0.0870081674307584
18qncu3,2023-12-25,CAC_40,2023-12-27,forward_nontrading,weekday_nontrading,2,-0.0803233602782711
18qw6u1,2023-12-26,CAC_40,2023-12-27,forward_nontrading,weekday_nontrading,1,0.2339442360892215
18r7oag,2023-12-26,CAC_40,2023-12-27,forward_nontrading,weekday_nontrading,1,-0.0750342281535267
18r7sjd,2023-12-26,CAC_40,2023-12-27,forward_nontrading,weekday_nontrading,1,-0.0976908226780917
18tnoks,2023-12-29,CAC_40,2023-12-29,same_day,trading_day,0,0.0048189260664263
18tnu9o,2023-12-29,CAC_40,2023-12-29,same_day,trading_day,0,0.005321566082005
18u0u37,2023-12-29,CAC_40,2023-12-29,same_day,trading_day,0,0.1074848724529147
kpjvhs,2021-01-03,FTSE_100,2021-01-04,forward_nontrading,Sunday,1,0.0267215295613784
kspxe3,2021-01-07,FTSE_100,2021-01-07,same_day,trading_day,0,0.336831514001824
kt6slu,2021-01-08,FTSE_100,2021-01-08,same_day,trading_day,0,0.0052259086320797
kzggfz,2021-01-17,FTSE_100,2021-01-18,forward_nontrading,Sunday,1,-0.0028282188706927
kzzabs,2021-01-18,FTSE_100,2021-01-18,same_day,trading_day,0,-0.0046202760870353
l1udjk,2021-01-21,FTSE_100,2021-01-21,same_day,trading_day,0,0.3381085558561608
l45p5x,2021-01-24,FTSE_100,2021-01-25,forward_nontrading,Sunday,1,-0.0964394633968671
la7g07,2021-02-01,FTSE_100,2021-02-01,same_day,trading_day,0,0.0621185224425668
lamya4,2021-02-02,FTSE_100,2021-02-02,same_day,trading_day,0,-0.2356191715225577
lcdbmq,2021-02-04,FTSE_100,2021-02-04,same_day,trading_day,0,0.0954588307067751
lcduke,2021-02-04,FTSE_100,2021-02-04,same_day,trading_day,0,0.1182091679625414
ld2r3o,2021-02-05,FTSE_100,2021-02-05,same_day,trading_day,0,0.1878617819165811
ld4dpg,2021-02-05,FTSE_100,2021-02-05,same_day,trading_day,0,0.0132020310740227
ldgc85,2021-02-05,FTSE_100,2021-02-05,same_day,trading_day,0,0.2229313809735079
lgyv2v,2021-02-10,FTSE_100,2021-02-10,same_day,trading_day,0,-0.0562053024768829
li0rpg,2021-02-12,FTSE_100,2021-02-12,same_day,trading_day,0,0.0720571026361236
li0sz1,2021-02-12,FTSE_100,2021-02-12,same_day,trading_day,0,0.0720571026361236
ljtc9i,2021-02-14,FTSE_100,2021-02-15,forward_nontrading,Sunday,1,-0.011074599106038
lk475o,2021-02-15,FTSE_100,2021-02-15,same_day,trading_day,0,0.0650974407947311
lkuu1v,2021-02-16,FTSE_100,2021-02-16,same_day,trading_day,0,0.1190315158067581
llb0bs,2021-02-16,FTSE_100,2021-02-16,same_day,trading_day,0,0.0219851228608084
lmb8jc,2021-02-18,FTSE_100,2021-02-18,same_day,trading_day,0,0.3765704035633117
ln5gd5,2021-02-19,FTSE_100,2021-02-19,same_day,trading_day,0,-0.135077327877904
lrclcc,2021-02-24,FTSE_100,2021-02-24,same_day,trading_day,0,-0.2145538447158677
lyjaja,2021-03-05,FTSE_100,2021-03-05,same_day,trading_day,0,0.0442173663953629
mfbyli,2021-03-28,FTSE_100,2021-03-29,forward_nontrading,Sunday,1,0.0891614629093695
mfxofg,2021-03-29,FTSE_100,2021-03-29,same_day,trading_day,0,-0.1131788973189607
mfxp8v,2021-03-29,FTSE_100,2021-03-29,same_day,trading_day,0,-0.1131788973189607
mi5ox3,2021-04-01,FTSE_100,2021-04-01,same_day,trading_day,0,-0.8755818214267492
mnurtq,2021-04-10,FTSE_100,2021-04-12,forward_nontrading,Saturday,2,-0.0680343858336775
mnxqjx,2021-04-10,FTSE_100,2021-04-12,forward_nontrading,Saturday,2,-0.0510738417506217
mpfnps,2021-04-12,FTSE_100,2021-04-12,same_day,trading_day,0,-0.4232758227735758
mpfpx5,2021-04-12,FTSE_100,2021-04-12,same_day,trading_day,0,-0.4232758227735758
mq36w5,2021-04-13,FTSE_100,2021-04-13,same_day,trading_day,0,-0.3606886565685272
muvjjo,2021-04-20,FTSE_100,2021-04-20,same_day,trading_day,0,-0.4864287902601063
n1cy2n,2021-04-29,FTSE_100,2021-04-29,same_day,trading_day,0,0.2265998545501913
n1z2fv,2021-04-30,FTSE_100,2021-04-30,same_day,trading_day,0,0.4511383918627184
n93q2k,2021-05-10,FTSE_100,2021-05-10,same_day,trading_day,0,-0.0704615110797541
ngsgcn,2021-05-20,FTSE_100,2021-05-20,same_day,trading_day,0,-0.0436379287253927
nizpwz,2021-05-23,FTSE_100,2021-05-24,forward_nontrading,Sunday,1,-0.0405759594092766
nnn1og,2021-05-29,FTSE_100,2021-06-01,forward_nontrading,Saturday,3,0.3219933239195277
nnoiu1,2021-05-29,FTSE_100,2021-06-01,forward_nontrading,Saturday,3,0.3213525738786248
npxkx3,2021-06-01,FTSE_100,2021-06-01,same_day,trading_day,0,-0.1130787700298242
nv2huz,2021-06-08,FTSE_100,2021-06-08,same_day,trading_day,0,-0.6186492309960372
nxsjq7,2021-06-11,FTSE_100,2021-06-11,same_day,trading_day,0,-0.0930302407398509
nxskls,2021-06-11,FTSE_100,2021-06-11,same_day,trading_day,0,-0.0929418488832501
o0mwiu,2021-06-15,FTSE_100,2021-06-15,same_day,trading_day,0,0.0119175954129208
o9sk5d,2021-06-28,FTSE_100,2021-06-28,same_day,trading_day,0,0.1778556299085418
obh4gv,2021-07-01,FTSE_100,2021-07-01,same_day,trading_day,0,-0.1482347610704216
od5uhw,2021-07-03,FTSE_100,2021-07-05,forward_nontrading,Saturday,2,-0.1353878768902548
oiyn90,2021-07-12,FTSE_100,2021-07-12,same_day,trading_day,0,-0.017736879975668
oiyobv,2021-07-12,FTSE_100,2021-07-12,same_day,trading_day,0,-0.0638810110588868
oqe9r3,2021-07-23,FTSE_100,2021-07-23,same_day,trading_day,0,-0.1634111651607478
oqeadg,2021-07-23,FTSE_100,2021-07-23,same_day,trading_day,0,-0.1635051328145588
ou2ht3,2021-07-29,FTSE_100,2021-07-29,same_day,trading_day,0,0.1576086122387399
ouyk6c,2021-07-31,FTSE_100,2021-08-02,forward_nontrading,Saturday,2,-0.1259907276796487
ouykv9,2021-07-31,FTSE_100,2021-08-02,forward_nontrading,Saturday,2,-0.1259010202057349
pc3h3m,2021-08-26,FTSE_100,2021-08-26,same_day,trading_day,0,-0.2197948857778456
pl5mt1,2021-09-09,FTSE_100,2021-09-09,same_day,trading_day,0,0.1649852681818396
pl5nmj,2021-09-09,FTSE_100,2021-09-09,same_day,trading_day,0,0.1649852681818396
pltxcf,2021-09-10,FTSE_100,2021-09-10,same_day,trading_day,0,0.0074879329636572
pltxl5,2021-09-10,FTSE_100,2021-09-10,same_day,trading_day,0,0.0070344487006669
prztls,2021-09-20,FTSE_100,2021-09-20,same_day,trading_day,0,-0.2479507087596825
pv6k8t,2021-09-25,FTSE_100,2021-09-27,forward_nontrading,Saturday,2,-0.1622834741310388
pzjk2y,2021-10-01,FTSE_100,2021-10-01,same_day,trading_day,0,-0.1251131043109732
pzjkyw,2021-10-01,FTSE_100,2021-10-01,same_day,trading_day,0,-0.1262649265467189
q0gvxi,2021-10-03,FTSE_100,2021-10-04,forward_nontrading,Sunday,1,0.9095829371362923
q1y452,2021-10-05,FTSE_100,2021-10-05,same_day,trading_day,0,0.1851781075820326
q6vnlh,2021-10-12,FTSE_100,2021-10-12,same_day,trading_day,0,-0.1208607148379087
quks48,2021-11-15,FTSE_100,2021-11-15,same_day,trading_day,0,-0.0438211852345954
qvi2d8,2021-11-16,FTSE_100,2021-11-16,same_day,trading_day,0,0.0010791712750991
r0dk0r,2021-11-23,FTSE_100,2021-11-23,same_day,trading_day,0,-0.2726633501505213
r1643r,2021-11-24,FTSE_100,2021-11-24,same_day,trading_day,0,-0.0973020749937357
r6o8i1,2021-12-01,FTSE_100,2021-12-01,same_day,trading_day,0,-0.2157598350729261
rbrrls,2021-12-08,FTSE_100,2021-12-08,same_day,trading_day,0,-0.2193974333653307
rdcr0o,2021-12-10,FTSE_100,2021-12-10,same_day,trading_day,0,0.0083904713392257
rf06a5,2021-12-12,FTSE_100,2021-12-13,forward_nontrading,Sunday,1,-0.0384176783263683
rffzwj,2021-12-13,FTSE_100,2021-12-13,same_day,trading_day,0,-0.1199829927867367
rh9r5u,2021-12-15,FTSE_100,2021-12-15,same_day,trading_day,0,0.2563302479943053
rm21sg,2021-12-22,FTSE_100,2021-12-22,same_day,trading_day,0,-0.0566721875220537
rmvjyr,2021-12-23,FTSE_100,2021-12-23,same_day,trading_day,0,-0.1804212760180235
rr8mmm,2021-12-29,FTSE_100,2021-12-29,same_day,trading_day,0,0.0725156337241915
rstzza,2021-12-31,FTSE_100,2021-12-31,same_day,trading_day,0,-0.1856924097886995
rv1t6f,2022-01-03,FTSE_100,2022-01-04,forward_nontrading,weekday_nontrading,1,-0.0338769379410553
s0jkuu,2022-01-10,FTSE_100,2022-01-10,same_day,trading_day,0,0.0026789637105095
s1cqnd,2022-01-11,FTSE_100,2022-01-11,same_day,trading_day,0,-0.0145441192601408
s2dle3,2022-01-12,FTSE_100,2022-01-12,same_day,trading_day,0,-0.2758415777236223
s3sdc9,2022-01-14,FTSE_100,2022-01-14,same_day,trading_day,0,-0.3340867477883067
s4mzeq,2022-01-15,FTSE_100,2022-01-17,forward_nontrading,Saturday,2,0.0499944407492876
s5jx2k,2022-01-16,FTSE_100,2022-01-17,forward_nontrading,Sunday,1,-0.3051459062844515
s6gs28,2022-01-17,FTSE_100,2022-01-17,same_day,trading_day,0,0.173132107264417
s6vcjw,2022-01-18,FTSE_100,2022-01-18,same_day,trading_day,0,0.0494123771786689
s7uvtg,2022-01-19,FTSE_100,2022-01-19,same_day,trading_day,0,-0.1601333580911159
s89ffn,2022-01-20,FTSE_100,2022-01-20,same_day,trading_day,0,0.1893704280082602
s8ixn4,2022-01-20,FTSE_100,2022-01-20,same_day,trading_day,0,0.0048856386228611
s8lqnd,2022-01-20,FTSE_100,2022-01-20,same_day,trading_day,0,-0.0540425274521112
s8q7k8,2022-01-20,FTSE_100,2022-01-20,same_day,trading_day,0,-0.2869238220155239
s8r22u,2022-01-20,FTSE_100,2022-01-20,same_day,trading_day,0,0.0120285751298069
s930ds,2022-01-21,FTSE_100,2022-01-21,same_day,trading_day,0,-0.0706563759595155
s94z2c,2022-01-21,FTSE_100,2022-01-21,same_day,trading_day,0,-0.9308290295302868
s9afyk,2022-01-21,FTSE_100,2022-01-21,same_day,trading_day,0,-0.1587099801639423
s9j6s8,2022-01-21,FTSE_100,2022-01-21,same_day,trading_day,0,-0.2534964032132517
s9nzs4,2022-01-21,FTSE_100,2022-01-21,same_day,trading_day,0,0.0243837367743253
sa2p02,2022-01-22,FTSE_100,2022-01-24,forward_nontrading,Saturday,2,-0.4461039192974567
sagrpp,2022-01-23,FTSE_100,2022-01-24,forward_nontrading,Sunday,1,0.2262151697650551
sawy4h,2022-01-23,FTSE_100,2022-01-24,forward_nontrading,Sunday,1,-0.7614059560000896
sbf7ev,2022-01-24,FTSE_100,2022-01-24,same_day,trading_day,0,-0.3136823642998934
sbh0ze,2022-01-24,FTSE_100,2022-01-24,same_day,trading_day,0,-0.2431393079459667
sbhj4a,2022-01-24,FTSE_100,2022-01-24,same_day,trading_day,0,-0.6528668981045485
sbi7h9,2022-01-24,FTSE_100,2022-01-24,same_day,trading_day,0,-0.2228374257683754
sbmcdj,2022-01-24,FTSE_100,2022-01-24,same_day,trading_day,0,-0.0637141040272333
sbnzyq,2022-01-24,FTSE_100,2022-01-24,same_day,trading_day,0,-0.2796882123996814
sbt6jm,2022-01-24,FTSE_100,2022-01-24,same_day,trading_day,0,-0.3814960659947246
sbudls,2022-01-24,FTSE_100,2022-01-24,same_day,trading_day,0,-0.1832056171260774
sc8xtm,2022-01-25,FTSE_100,2022-01-25,same_day,trading_day,0,-0.1158108780781427
scda8w,2022-01-25,FTSE_100,2022-01-25,same_day,trading_day,0,-0.0356907940336636
scdbou,2022-01-25,FTSE_100,2022-01-25,same_day,trading_day,0,-0.0367822680308158
scdw2q,2022-01-25,FTSE_100,2022-01-25,same_day,trading_day,0,-0.1257590333975496
sceou8,2022-01-25,FTSE_100,2022-01-25,same_day,trading_day,0,-0.4588110054610297
scevtz,2022-01-25,FTSE_100,2022-01-25,same_day,trading_day,0,-0.0163283441588282
scje9u,2022-01-25,FTSE_100,2022-01-25,same_day,trading_day,0,0.0045578740537166
sd1ldk,2022-01-26,FTSE_100,2022-01-26,same_day,trading_day,0,-0.2783094898375841
sd61tk,2022-01-26,FTSE_100,2022-01-26,same_day,trading_day,0,0.0135998406580515
sda0x4,2022-01-26,FTSE_100,2022-01-26,same_day,trading_day,0,-0.711345138028264
sdb5vw,2022-01-26,FTSE_100,2022-01-26,same_day,trading_day,0,0.1312641682103276
sdylza,2022-01-27,FTSE_100,2022-01-27,same_day,trading_day,0,0.122349751751042
sebgj6,2022-01-27,FTSE_100,2022-01-27,same_day,trading_day,0,0.0419695981379066
sef1mq,2022-01-28,FTSE_100,2022-01-28,same_day,trading_day,0,-0.0123814694583415
seiwji,2022-01-28,FTSE_100,2022-01-28,same_day,trading_day,0,-0.1939165593590587
sekpsr,2022-01-28,FTSE_100,2022-01-28,same_day,trading_day,0,-0.291669336768488
seq1w8,2022-01-28,FTSE_100,2022-01-28,same_day,trading_day,0,0.0201932098716497
sersoz,2022-01-28,FTSE_100,2022-01-28,same_day,trading_day,0,-0.2910906299948692
seuxct,2022-01-28,FTSE_100,2022-01-28,same_day,trading_day,0,0.0127657275518466
sg0anh,2022-01-30,FTSE_100,2022-01-31,forward_nontrading,Sunday,1,-0.0187256634235382
sgedvt,2022-01-30,FTSE_100,2022-01-31,forward_nontrading,Sunday,1,-0.1544276446636234
sgtvgm,2022-01-31,FTSE_100,2022-01-31,same_day,trading_day,0,-0.470810012659058
sgz278,2022-01-31,FTSE_100,2022-01-31,same_day,trading_day,0,-0.2309402574954384
si8dxu,2022-02-01,FTSE_100,2022-02-01,same_day,trading_day,0,-0.9403544971719384
si8f6r,2022-02-01,FTSE_100,2022-02-01,same_day,trading_day,0,-0.0099711455404758
sib3st,2022-02-02,FTSE_100,2022-02-02,same_day,trading_day,0,-0.294111312367022
sio0ge,2022-02-02,FTSE_100,2022-02-02,same_day,trading_day,0,0.095095761725679
sipwr9,2022-02-02,FTSE_100,2022-02-02,same_day,trading_day,0,0.1859890670564614
skuxyr,2022-02-05,FTSE_100,2022-02-07,forward_nontrading,Saturday,2,-0.1811416178409542
skyvmb,2022-02-05,FTSE_100,2022-02-07,forward_nontrading,Saturday,2,0.0091346171568147
slkgq6,2022-02-05,FTSE_100,2022-02-07,forward_nontrading,Saturday,2,-0.0309552941471338
sm6vya,2022-02-06,FTSE_100,2022-02-07,forward_nontrading,Sunday,1,0.0091530978679656
smsd96,2022-02-07,FTSE_100,2022-02-07,same_day,trading_day,0,0.018656984809786
snjpyg,2022-02-08,FTSE_100,2022-02-08,same_day,trading_day,0,-0.1824989144436337
soehvp,2022-02-09,FTSE_100,2022-02-09,same_day,trading_day,0,-0.9483943767845632
soejt5,2022-02-09,FTSE_100,2022-02-09,same_day,trading_day,0,-0.3167668469250202
spw58i,2022-02-11,FTSE_100,2022-02-11,same_day,trading_day,0,0.0411716718226671
sq62oa,2022-02-11,FTSE_100,2022-02-11,same_day,trading_day,0,-0.1416635926333115
sq74vn,2022-02-11,FTSE_100,2022-02-11,same_day,trading_day,0,-0.0416172938421368
sq7an3,2022-02-11,FTSE_100,2022-02-11,same_day,trading_day,0,-0.1193428575061261
sq8b4f,2022-02-11,FTSE_100,2022-02-11,same_day,trading_day,0,0.0146460309624671
sqcxgo,2022-02-11,FTSE_100,2022-02-11,same_day,trading_day,0,0.0163232054067205
sqd30g,2022-02-11,FTSE_100,2022-02-11,same_day,trading_day,0,-0.5788502618670464
sqgv0r,2022-02-12,FTSE_100,2022-02-14,forward_nontrading,Saturday,2,-0.0067104859543698
sqou5g,2022-02-12,FTSE_100,2022-02-14,forward_nontrading,Saturday,2,-0.0744330930756405
squhx1,2022-02-12,FTSE_100,2022-02-14,forward_nontrading,Saturday,2,-0.5570773409369091
squqrl,2022-02-12,FTSE_100,2022-02-14,forward_nontrading,Saturday,2,-0.0067473715753294
squt89,2022-02-12,FTSE_100,2022-02-14,forward_nontrading,Saturday,2,-0.0027075405659464
sqvm4k,2022-02-12,FTSE_100,2022-02-14,forward_nontrading,Saturday,2,-0.1295407484285533
sqwyoo,2022-02-12,FTSE_100,2022-02-14,forward_nontrading,Saturday,2,0.2861536578275263
sr44uv,2022-02-12,FTSE_100,2022-02-14,forward_nontrading,Saturday,2,-0.2590173021308146
sr4y85,2022-02-13,FTSE_100,2022-02-14,forward_nontrading,Sunday,1,-0.8884642794728279
sr5nn5,2022-02-13,FTSE_100,2022-02-14,forward_nontrading,Sunday,1,0.1635690226685255
srduf2,2022-02-13,FTSE_100,2022-02-14,forward_nontrading,Sunday,1,-0.0836807466422517
srn05e,2022-02-13,FTSE_100,2022-02-14,forward_nontrading,Sunday,1,-0.3697437436785549
srqdvf,2022-02-13,FTSE_100,2022-02-14,forward_nontrading,Sunday,1,-0.3135620690882206
srsfwj,2022-02-13,FTSE_100,2022-02-14,forward_nontrading,Sunday,1,0.0019738860428333
ss0az4,2022-02-14,FTSE_100,2022-02-14,same_day,trading_day,0,-0.0312462483416311
ss7dan,2022-02-14,FTSE_100,2022-02-14,same_day,trading_day,0,-0.0190330527722835
ss7tiv,2022-02-14,FTSE_100,2022-02-14,same_day,trading_day,0,-0.8911121133714914
ssabp6,2022-02-14,FTSE_100,2022-02-14,same_day,trading_day,0,0.1909388181838122
ssbn9j,2022-02-14,FTSE_100,2022-02-14,same_day,trading_day,0,-0.3767813721050819
ssg772,2022-02-14,FTSE_100,2022-02-14,same_day,trading_day,0,-0.0112442262470722
ssnap1,2022-02-14,FTSE_100,2022-02-14,same_day,trading_day,0,0.066206033402325
ssoy5t,2022-02-15,FTSE_100,2022-02-15,same_day,trading_day,0,0.0140957497060298
ssptn5,2022-02-15,FTSE_100,2022-02-15,same_day,trading_day,0,0.0098934285342693
ssr1fy,2022-02-15,FTSE_100,2022-02-15,same_day,trading_day,0,-0.098743200302124
ssr28z,2022-02-15,FTSE_100,2022-02-15,same_day,trading_day,0,-0.098743200302124
ssriy2,2022-02-15,FTSE_100,2022-02-15,same_day,trading_day,0,-0.0951453012724717
sss0wd,2022-02-15,FTSE_100,2022-02-15,same_day,trading_day,0,-0.3983824774622917
ssyn76,2022-02-15,FTSE_100,2022-02-15,same_day,trading_day,0,-0.2637516205819945
ssyoh3,2022-02-15,FTSE_100,2022-02-15,same_day,trading_day,0,-0.2918435633182525
ssyuh9,2022-02-15,FTSE_100,2022-02-15,same_day,trading_day,0,-0.5516344755887985
st2ii4,2022-02-15,FTSE_100,2022-02-15,same_day,trading_day,0,-0.2014740076071272
st2yi8,2022-02-15,FTSE_100,2022-02-15,same_day,trading_day,0,0.1310487664860687
st2zhx,2022-02-15,FTSE_100,2022-02-15,same_day,trading_day,0,0.1346318116341012
st8l1g,2022-02-15,FTSE_100,2022-02-15,same_day,trading_day,0,0.0195959992706775
stc5gu,2022-02-15,FTSE_100,2022-02-15,same_day,trading_day,0,-0.7457840666174889
sth0f5,2022-02-15,FTSE_100,2022-02-15,same_day,trading_day,0,0.0769118489292652
stutl4,2022-02-16,FTSE_100,2022-02-16,same_day,trading_day,0,0.0502519659401679
stw8a7,2022-02-16,FTSE_100,2022-02-16,same_day,trading_day,0,-0.0031168392941921
stw9kr,2022-02-16,FTSE_100,2022-02-16,same_day,trading_day,0,-0.0144257702602025
stwy68,2022-02-16,FTSE_100,2022-02-16,same_day,trading_day,0,-0.1391335567976865
su8mti,2022-02-16,FTSE_100,2022-02-16,same_day,trading_day,0,0.28965214238717
suonte,2022-02-17,FTSE_100,2022-02-17,same_day,trading_day,0,-0.0271468635958929
suop45,2022-02-17,FTSE_100,2022-02-17,same_day,trading_day,0,-0.0289410025669404
suoq1p,2022-02-17,FTSE_100,2022-02-17,same_day,trading_day,0,-0.0669261137752429
supsuu,2022-02-17,FTSE_100,2022-02-17,same_day,trading_day,0,-0.324368777464291
sushxc,2022-02-17,FTSE_100,2022-02-17,same_day,trading_day,0,-0.0224564734380692
sut5zy,2022-02-17,FTSE_100,2022-02-17,same_day,trading_day,0,-0.6415039265993983
suxh4e,2022-02-17,FTSE_100,2022-02-17,same_day,trading_day,0,-0.943143006414175
sv171w,2022-02-17,FTSE_100,2022-02-17,same_day,trading_day,0,0.0334145622017483
svj336,2022-02-18,FTSE_100,2022-02-18,same_day,trading_day,0,-0.423030679255886
svngsk,2022-02-18,FTSE_100,2022-02-18,same_day,trading_day,0,-0.3120378302410245
svrtfz,2022-02-18,FTSE_100,2022-02-18,same_day,trading_day,0,-0.3007615283131599
svthaf,2022-02-18,FTSE_100,2022-02-18,same_day,trading_day,0,-0.052988102659583
svuz8g,2022-02-18,FTSE_100,2022-02-18,same_day,trading_day,0,-0.0919943397332515
sw13cg,2022-02-19,FTSE_100,2022-02-21,forward_nontrading,Saturday,2,0.1441325778141617
sw1sk4,2022-02-19,FTSE_100,2022-02-21,forward_nontrading,Saturday,2,-0.1165035928638341
sw1uge,2022-02-19,FTSE_100,2022-02-21,forward_nontrading,Saturday,2,-0.1163681159300419
sw22s2,2022-02-19,FTSE_100,2022-02-21,forward_nontrading,Saturday,2,-0.949588043615222
sw23om,2022-02-19,FTSE_100,2022-02-21,forward_nontrading,Saturday,2,-0.9427290931344032
sw4b5n,2022-02-19,FTSE_100,2022-02-21,forward_nontrading,Saturday,2,-0.9075227864086628
sw5ora,2022-02-19,FTSE_100,2022-02-21,forward_nontrading,Saturday,2,-0.2725183817424945
sw76mr,2022-02-19,FTSE_100,2022-02-21,forward_nontrading,Saturday,2,-0.0187256634235382
sw8kax,2022-02-19,FTSE_100,2022-02-21,forward_nontrading,Saturday,2,-0.1166148697957396
swfnob,2022-02-19,FTSE_100,2022-02-21,forward_nontrading,Saturday,2,-0.0030449070036411
swgkw1,2022-02-19,FTSE_100,2022-02-21,forward_nontrading,Saturday,2,-0.2685168509682019
swh31m,2022-02-19,FTSE_100,2022-02-21,forward_nontrading,Saturday,2,-0.1463066272748013
swh995,2022-02-19,FTSE_100,2022-02-21,forward_nontrading,Saturday,2,-0.1702365949749946
sx443g,2022-02-20,FTSE_100,2022-02-21,forward_nontrading,Sunday,1,0.4166662730276584
sx618f,2022-02-20,FTSE_100,2022-02-21,forward_nontrading,Sunday,1,-0.1412347555160522
sxe73d,2022-02-20,FTSE_100,2022-02-21,forward_nontrading,Sunday,1,-0.3672744962810115
sxebr3,2022-02-20,FTSE_100,2022-02-21,forward_nontrading,Sunday,1,-0.2867313681377305
sxefab,2022-02-20,FTSE_100,2022-02-21,forward_nontrading,Sunday,1,0.0212640585377812
sxi55o,2022-02-21,FTSE_100,2022-02-21,same_day,trading_day,0,-0.0289829447865486
sxinf1,2022-02-21,FTSE_100,2022-02-21,same_day,trading_day,0,-0.0252121884582771
sxl9g8,2022-02-21,FTSE_100,2022-02-21,same_day,trading_day,0,-0.3112559560220688
sxw632,2022-02-21,FTSE_100,2022-02-21,same_day,trading_day,0,0.0073883980512619
sy6lex,2022-02-21,FTSE_100,2022-02-21,same_day,trading_day,0,-0.4224066906608641
sy6u2l,2022-02-21,FTSE_100,2022-02-21,same_day,trading_day,0,-0.1620592353865504
sy759u,2022-02-21,FTSE_100,2022-02-21,same_day,trading_day,0,-0.2924307786992618
sy7mvx,2022-02-21,FTSE_100,2022-02-21,same_day,trading_day,0,-0.5077306347795658
sy7n4e,2022-02-21,FTSE_100,2022-02-21,same_day,trading_day,0,-0.0369833645721276
sycjd5,2022-02-22,FTSE_100,2022-02-22,same_day,trading_day,0,-0.379687449096569
sygjdx,2022-02-22,FTSE_100,2022-02-22,same_day,trading_day,0,-0.1930276894321044
syjpok,2022-02-22,FTSE_100,2022-02-22,same_day,trading_day,0,-0.8922795224934816
synegr,2022-02-22,FTSE_100,2022-02-22,same_day,trading_day,0,-0.5623829025560273
synkl5,2022-02-22,FTSE_100,2022-02-22,same_day,trading_day,0,0.0082208062463168
synm3s,2022-02-22,FTSE_100,2022-02-22,same_day,trading_day,0,0.0200221612810706
syooq7,2022-02-22,FTSE_100,2022-02-22,same_day,trading_day,0,-0.2616912970446389
syopu2,2022-02-22,FTSE_100,2022-02-22,same_day,trading_day,0,0.2228439620812423
sypxqs,2022-02-22,FTSE_100,2022-02-22,same_day,trading_day,0,-0.313842361792922
sysniy,2022-02-22,FTSE_100,2022-02-22,same_day,trading_day,0,-0.0166265261492558
syss2v,2022-02-22,FTSE_100,2022-02-22,same_day,trading_day,0,-0.5350393135514525
syt3vw,2022-02-22,FTSE_100,2022-02-22,same_day,trading_day,0,0.0533136650919914
sywaso,2022-02-22,FTSE_100,2022-02-22,same_day,trading_day,0,-0.1541168689727783
syyfuw,2022-02-22,FTSE_100,2022-02-22,same_day,trading_day,0,-0.0471561709418892
syyxww,2022-02-22,FTSE_100,2022-02-22,same_day,trading_day,0,-0.114288102494689
syzoi2,2022-02-22,FTSE_100,2022-02-22,same_day,trading_day,0,-0.0689080622313278
sz0och,2022-02-22,FTSE_100,2022-02-22,same_day,trading_day,0,-0.0163246660958975
sz2ajo,2022-02-22,FTSE_100,2022-02-22,same_day,trading_day,0,-0.0506350672803819
sz5yix,2022-02-23,FTSE_100,2022-02-23,same_day,trading_day,0,-0.007788493608435
szan41,2022-02-23,FTSE_100,2022-02-23,same_day,trading_day,0,-0.130315251648426
szds0e,2022-02-23,FTSE_100,2022-02-23,same_day,trading_day,0,0.0291547344710964
sze4dh,2022-02-23,FTSE_100,2022-02-23,same_day,trading_day,0,-0.0304236393421888
szgrnt,2022-02-23,FTSE_100,2022-02-23,same_day,trading_day,0,-0.3402261588545072
szha09,2022-02-23,FTSE_100,2022-02-23,same_day,trading_day,0,0.0395132737234234
sziitw,2022-02-23,FTSE_100,2022-02-23,same_day,trading_day,0,-0.0591927673150268
szm3nv,2022-02-23,FTSE_100,2022-02-23,same_day,trading_day,0,-0.5539570567198098
szmbyf,2022-02-23,FTSE_100,2022-02-23,same_day,trading_day,0,-0.2007998939603567
szxlow,2022-02-24,FTSE_100,2022-02-24,same_day,trading_day,0,0.0056995600461959
t009dd,2022-02-24,FTSE_100,2022-02-24,same_day,trading_day,0,-0.2595640349512298
t00xkk,2022-02-24,FTSE_100,2022-02-24,same_day,trading_day,0,-0.8997681364417076
t00xyw,2022-02-24,FTSE_100,2022-02-24,same_day,trading_day,0,-0.9432375440374016
t015yf,2022-02-24,FTSE_100,2022-02-24,same_day,trading_day,0,-0.2060816523929436
t01dub,2022-02-24,FTSE_100,2022-02-24,same_day,trading_day,0,-0.9453228833153844
t024b9,2022-02-24,FTSE_100,2022-02-24,same_day,trading_day,0,-0.4261349625885486
t027z5,2022-02-24,FTSE_100,2022-02-24,same_day,trading_day,0,-0.2086928082216117
t033bu,2022-02-24,FTSE_100,2022-02-24,same_day,trading_day,0,0.8385575637221336
t0345l,2022-02-24,FTSE_100,2022-02-24,same_day,trading_day,0,-0.2515575606375932
t03o0u,2022-02-24,FTSE_100,2022-02-24,same_day,trading_day,0,-0.2857206296175718
t03zlo,2022-02-24,FTSE_100,2022-02-24,same_day,trading_day,0,-0.4545170015189796
t042xm,2022-02-24,FTSE_100,2022-02-24,same_day,trading_day,0,-0.1407315930351614
t04o58,2022-02-24,FTSE_100,2022-02-24,same_day,trading_day,0,0.3735724873840809
t04ypf,2022-02-24,FTSE_100,2022-02-24,same_day,trading_day,0,0.1103103959725962
t0769b,2022-02-24,FTSE_100,2022-02-24,same_day,trading_day,0,-0.0179403703659772
t076q3,2022-02-24,FTSE_100,2022-02-24,same_day,trading_day,0,-0.0179403703659772
t07s83,2022-02-24,FTSE_100,2022-02-24,same_day,trading_day,0,0.0068943816180707
t092wf,2022-02-24,FTSE_100,2022-02-24,same_day,trading_day,0,-0.591060096397996
t097ua,2022-02-24,FTSE_100,2022-02-24,same_day,trading_day,0,-0.1955526309708754
t098jn,2022-02-24,FTSE_100,2022-02-24,same_day,trading_day,0,0.1138275999110192
t0apg3,2022-02-24,FTSE_100,2022-02-24,same_day,trading_day,0,-0.047070674598217
t0at06,2022-02-24,FTSE_100,2022-02-24,same_day,trading_day,0,-0.3727565743916092
t0c1ug,2022-02-24,FTSE_100,2022-02-24,same_day,trading_day,0,-0.2806754709504868
t0d2pe,2022-02-24,FTSE_100,2022-02-24,same_day,trading_day,0,-0.6184743873309344
t0da9y,2022-02-24,FTSE_100,2022-02-24,same_day,trading_day,0,-0.2075601491907781
t0dnew,2022-02-24,FTSE_100,2022-02-24,same_day,trading_day,0,-0.3321660578250885
t0dprd,2022-02-24,FTSE_100,2022-02-24,same_day,trading_day,0,-0.6033344153935711
t0fug7,2022-02-24,FTSE_100,2022-02-24,same_day,trading_day,0,-0.4623013138771057
t0fv4z,2022-02-24,FTSE_100,2022-02-24,same_day,trading_day,0,-0.4623013138771057
t0fvfc,2022-02-24,FTSE_100,2022-02-24,same_day,trading_day,0,-0.4623013138771057
t0helg,2022-02-24,FTSE_100,2022-02-24,same_day,trading_day,0,0.099406911060214
t0hlsn,2022-02-24,FTSE_100,2022-02-24,same_day,trading_day,0,-0.3872219823300838
t0hxl7,2022-02-24,FTSE_100,2022-02-24,same_day,trading_day,0,0.0248477980494499
t0il8q,2022-02-24,FTSE_100,2022-02-24,same_day,trading_day,0,-0.3131805062294006
t0j3st,2022-02-24,FTSE_100,2022-02-24,same_day,trading_day,0,0.0664532426744699
t0jd24,2022-02-24,FTSE_100,2022-02-24,same_day,trading_day,0,-0.5777296670712531
t0jeom,2022-02-24,FTSE_100,2022-02-24,same_day,trading_day,0,0.0047517903149127
t0l6hj,2022-02-24,FTSE_100,2022-02-24,same_day,trading_day,0,0.3118770122528076
t0lm69,2022-02-24,FTSE_100,2022-02-24,same_day,trading_day,0,-0.121206201147288
t0m4vc,2022-02-24,FTSE_100,2022-02-24,same_day,trading_day,0,-0.0006040893495082
t0mvvd,2022-02-24,FTSE_100,2022-02-24,same_day,trading_day,0,-0.399122674737803
t0nvcv,2022-02-24,FTSE_100,2022-02-24,same_day,trading_day,0,-0.144943482838571
t0odtg,2022-02-24,FTSE_100,2022-02-24,same_day,trading_day,0,-0.0592684307239121
t0oibe,2022-02-24,FTSE_100,2022-02-24,same_day,trading_day,0,-0.0652885768441078
t0olww,2022-02-24,FTSE_100,2022-02-24,same_day,trading_day,0,-0.1082308152690529
t0scwv,2022-02-25,FTSE_100,2022-02-25,same_day,trading_day,0,-0.2692752820439636
t0tyeg,2022-02-25,FTSE_100,2022-02-25,same_day,trading_day,0,-0.9036902636289595
t0vmj2,2022-02-25,FTSE_100,2022-02-25,same_day,trading_day,0,-0.3157521430402994
t0wnq8,2022-02-25,FTSE_100,2022-02-25,same_day,trading_day,0,-0.9036902636289595
t0wukh,2022-02-25,FTSE_100,2022-02-25,same_day,trading_day,0,-0.9254784099757672
t0y385,2022-02-25,FTSE_100,2022-02-25,same_day,trading_day,0,0.0125861849082866
t0yv0y,2022-02-25,FTSE_100,2022-02-25,same_day,trading_day,0,0.1428310953080654
t10819,2022-02-25,FTSE_100,2022-02-25,same_day,trading_day,0,-0.2386019378900528
t118dv,2022-02-25,FTSE_100,2022-02-25,same_day,trading_day,0,0.0391950922078665
t11rb4,2022-02-25,FTSE_100,2022-02-25,same_day,trading_day,0,0.0541851725429296
t127e9,2022-02-25,FTSE_100,2022-02-25,same_day,trading_day,0,0.0160282999277114
t13z6i,2022-02-25,FTSE_100,2022-02-25,same_day,trading_day,0,0.0275370079325512
t17wnn,2022-02-25,FTSE_100,2022-02-25,same_day,trading_day,0,-0.2922753896564245
t1a5rc,2022-02-25,FTSE_100,2022-02-25,same_day,trading_day,0,0.0305660776793956
t1bf3i,2022-02-25,FTSE_100,2022-02-25,same_day,trading_day,0,-0.6512602388858795
t1cynj,2022-02-25,FTSE_100,2022-02-25,same_day,trading_day,0,-0.2018795739859342
t1dc3t,2022-02-25,FTSE_100,2022-02-25,same_day,trading_day,0,0.2482870034873485
t1dp79,2022-02-25,FTSE_100,2022-02-25,same_day,trading_day,0,-0.2549111228436231
t1ekw8,2022-02-25,FTSE_100,2022-02-25,same_day,trading_day,0,-0.0414115036837756
t1h2km,2022-02-25,FTSE_100,2022-02-25,same_day,trading_day,0,-0.0774229307259832
t1h8vi,2022-02-25,FTSE_100,2022-02-25,same_day,trading_day,0,-0.1133973076939582
t1ivo8,2022-02-26,FTSE_100,2022-02-28,forward_nontrading,Saturday,2,0.0087303115287795
t1lnqo,2022-02-26,FTSE_100,2022-02-28,forward_nontrading,Saturday,2,-0.2295220787636935
t1tkvv,2022-02-26,FTSE_100,2022-02-28,forward_nontrading,Saturday,2,-0.7037449367344379
t1tvyd,2022-02-26,FTSE_100,2022-02-28,forward_nontrading,Saturday,2,-0.266658786063393
t1wm9e,2022-02-26,FTSE_100,2022-02-28,forward_nontrading,Saturday,2,-0.0424959751117664
t1xhw8,2022-02-26,FTSE_100,2022-02-28,forward_nontrading,Saturday,2,-0.0423100373048024
t1yv0m,2022-02-26,FTSE_100,2022-02-28,forward_nontrading,Saturday,2,-0.0145889855921268
t1zeql,2022-02-26,FTSE_100,2022-02-28,forward_nontrading,Saturday,2,-0.3075475264340639
t22kr4,2022-02-26,FTSE_100,2022-02-28,forward_nontrading,Saturday,2,-0.1676974622532725
t23v24,2022-02-26,FTSE_100,2022-02-28,forward_nontrading,Saturday,2,-0.8836986869573593
t23vm5,2022-02-26,FTSE_100,2022-02-28,forward_nontrading,Saturday,2,-0.8836986869573593
t23w0f,2022-02-26,FTSE_100,2022-02-28,forward_nontrading,Saturday,2,0.2833445747806267
t275mi,2022-02-26,FTSE_100,2022-02-28,forward_nontrading,Saturday,2,-0.0641603996045887
t28rxm,2022-02-26,FTSE_100,2022-02-28,forward_nontrading,Saturday,2,-0.9023264572024344
t290wc,2022-02-26,FTSE_100,2022-02-28,forward_nontrading,Saturday,2,-0.5893933666869998
t2acfb,2022-02-26,FTSE_100,2022-02-28,forward_nontrading,Saturday,2,0.1814082106575369
t2aujf,2022-02-27,FTSE_100,2022-02-28,forward_nontrading,Sunday,1,-0.2784922508290037
t2ev5u,2022-02-27,FTSE_100,2022-02-28,forward_nontrading,Sunday,1,-0.2381154971818129
t2fdd7,2022-02-27,FTSE_100,2022-02-28,forward_nontrading,Sunday,1,-0.5585836259027323
t2fm5y,2022-02-27,FTSE_100,2022-02-28,forward_nontrading,Sunday,1,-0.6596063749864698
t2jlem,2022-02-27,FTSE_100,2022-02-28,forward_nontrading,Sunday,1,-0.2604536786675453
t2jyu9,2022-02-27,FTSE_100,2022-02-28,forward_nontrading,Sunday,1,0.2378148933251699
t2sn4h,2022-02-27,FTSE_100,2022-02-28,forward_nontrading,Sunday,1,-0.1551880963379517
t2t2oj,2022-02-27,FTSE_100,2022-02-28,forward_nontrading,Sunday,1,0.8580898307263851
t2uiat,2022-02-27,FTSE_100,2022-02-28,forward_nontrading,Sunday,1,-0.1172026098938658
t2x82i,2022-02-27,FTSE_100,2022-02-28,forward_nontrading,Sunday,1,-0.120176537707448
t2xwcj,2022-02-27,FTSE_100,2022-02-28,forward_nontrading,Sunday,1,-0.0866394818929786
t2xyfu,2022-02-27,FTSE_100,2022-02-28,forward_nontrading,Sunday,1,0.0514466733272586
t30quw,2022-02-27,FTSE_100,2022-02-28,forward_nontrading,Sunday,1,-0.4995469492860138
t32ahv,2022-02-28,FTSE_100,2022-02-28,same_day,trading_day,0,-0.1212035549272384
t34kzo,2022-02-28,FTSE_100,2022-02-28,same_day,trading_day,0,-0.0378282817546278
t3703y,2022-02-28,FTSE_100,2022-02-28,same_day,trading_day,0,-0.2757589616812765
t38ck8,2022-02-28,FTSE_100,2022-02-28,same_day,trading_day,0,-0.5608676811680198
t38lvc,2022-02-28,FTSE_100,2022-02-28,same_day,trading_day,0,-0.9433308336883784
t39b5j,2022-02-28,FTSE_100,2022-02-28,same_day,trading_day,0,-0.941044632345438
t39j4l,2022-02-28,FTSE_100,2022-02-28,same_day,trading_day,0,-0.1680157461336681
t3amaw,2022-02-28,FTSE_100,2022-02-28,same_day,trading_day,0,0.1516043159107749
t3b1sn,2022-02-28,FTSE_100,2022-02-28,same_day,trading_day,0,-0.4340813532471657
t3be0t,2022-02-28,FTSE_100,2022-02-28,same_day,trading_day,0,-0.0364081503202518
t3cm86,2022-02-28,FTSE_100,2022-02-28,same_day,trading_day,0,-0.9335338827222586
t3dnuc,2022-02-28,FTSE_100,2022-02-28,same_day,trading_day,0,0.2328292084857821
t3dt52,2022-02-28,FTSE_100,2022-02-28,same_day,trading_day,0,-0.4215577411232516
t3fcwy,2022-02-28,FTSE_100,2022-02-28,same_day,trading_day,0,0.057135272398591
t3fqgl,2022-02-28,FTSE_100,2022-02-28,same_day,trading_day,0,-0.0362274465886386
t3gk4x,2022-02-28,FTSE_100,2022-02-28,same_day,trading_day,0,-0.4536158857601029
t3hcjr,2022-02-28,FTSE_100,2022-02-28,same_day,trading_day,0,-0.3812795355916023
t3hxbv,2022-02-28,FTSE_100,2022-02-28,same_day,trading_day,0,-0.3258469495146225
t3hyxe,2022-02-28,FTSE_100,2022-02-28,same_day,trading_day,0,-0.4415576420724392
t3la21,2022-02-28,FTSE_100,2022-02-28,same_day,trading_day,0,0.2393302991986274
t3lsow,2022-02-28,FTSE_100,2022-02-28,same_day,trading_day,0,-0.1997541041512574
t3n6rf,2022-02-28,FTSE_100,2022-02-28,same_day,trading_day,0,-0.3357602593799432
t3oxm7,2022-02-28,FTSE_100,2022-02-28,same_day,trading_day,0,0.8392009977251291
t3p1bv,2022-02-28,FTSE_100,2022-02-28,same_day,trading_day,0,-0.180129911750555
t3pb83,2022-02-28,FTSE_100,2022-02-28,same_day,trading_day,0,-0.180129911750555
t3pzhh,2022-02-28,FTSE_100,2022-02-28,same_day,trading_day,0,0.2420555774799802
t3rh2h,2022-02-28,FTSE_100,2022-02-28,same_day,trading_day,0,-0.1231901080925659
t3rppq,2022-02-28,FTSE_100,2022-02-28,same_day,trading_day,0,-0.0380832689503828
t3tmgi,2022-02-28,FTSE_100,2022-02-28,same_day,trading_day,0,-0.2167774084179352
t3tv67,2022-03-01,FTSE_100,2022-03-01,same_day,trading_day,0,-0.243670846025149
t3ueml,2022-03-01,FTSE_100,2022-03-01,same_day,trading_day,0,-0.1759515475215656
t3zphz,2022-03-01,FTSE_100,2022-03-01,same_day,trading_day,0,0.1189454908017069
t42gg5,2022-03-01,FTSE_100,2022-03-01,same_day,trading_day,0,-0.8200978487730026
t42pyq,2022-03-01,FTSE_100,2022-03-01,same_day,trading_day,0,0.2384684750810265
t438zp,2022-03-01,FTSE_100,2022-03-01,same_day,trading_day,0,-0.0469445851114061
t44pro,2022-03-01,FTSE_100,2022-03-01,same_day,trading_day,0,-0.4990791426971554
t4716l,2022-03-01,FTSE_100,2022-03-01,same_day,trading_day,0,-0.4121190320234745
t48qga,2022-03-01,FTSE_100,2022-03-01,same_day,trading_day,0,-0.1514468633104115
t48xff,2022-03-01,FTSE_100,2022-03-01,same_day,trading_day,0,0.0197540242224931
t49gb6,2022-03-01,FTSE_100,2022-03-01,same_day,trading_day,0,0.0817893929779529
t49rsk,2022-03-01,FTSE_100,2022-03-01,same_day,trading_day,0,-0.024244792000563
t49w2s,2022-03-01,FTSE_100,2022-03-01,same_day,trading_day,0,0.8473948016762733
t4a6q3,2022-03-01,FTSE_100,2022-03-01,same_day,trading_day,0,0.8473948016762733
t4d5ul,2022-03-01,FTSE_100,2022-03-01,same_day,trading_day,0,-0.5476018348708749
t4drgt,2022-03-01,FTSE_100,2022-03-01,same_day,trading_day,0,-0.910919927060604
t4es8y,2022-03-01,FTSE_100,2022-03-01,same_day,trading_day,0,0.0860879289684817
t4f46t,2022-03-01,FTSE_100,2022-03-01,same_day,trading_day,0,-0.6036421755949656
t4gjmf,2022-03-01,FTSE_100,2022-03-01,same_day,trading_day,0,-0.59044258762151
t4iokb,2022-03-01,FTSE_100,2022-03-01,same_day,trading_day,0,-0.2246029096034665
t4ipvq,2022-03-01,FTSE_100,2022-03-01,same_day,trading_day,0,0.0377584286034107
t4jmx3,2022-03-01,FTSE_100,2022-03-01,same_day,trading_day,0,-0.1131669320166111
t4nhrz,2022-03-02,FTSE_100,2022-03-02,same_day,trading_day,0,-0.1940547749400138
t4o6tu,2022-03-02,FTSE_100,2022-03-02,same_day,trading_day,0,-0.4324938966892659
t4ors6,2022-03-02,FTSE_100,2022-03-02,same_day,trading_day,0,0.0233109053224325
t4uwal,2022-03-02,FTSE_100,2022-03-02,same_day,trading_day,0,0.2380642518401146
t4ve0t,2022-03-02,FTSE_100,2022-03-02,same_day,trading_day,0,0.0706748546217568
t4zkeg,2022-03-02,FTSE_100,2022-03-02,same_day,trading_day,0,0.8222204508880774
t4zstv,2022-03-02,FTSE_100,2022-03-02,same_day,trading_day,0,-0.1889074977021664
t50qdr,2022-03-02,FTSE_100,2022-03-02,same_day,trading_day,0,-0.0943367140367626
t527of,2022-03-02,FTSE_100,2022-03-02,same_day,trading_day,0,0.0022522968550522
t569fh,2022-03-02,FTSE_100,2022-03-02,same_day,trading_day,0,-0.2614969797432422
t56bte,2022-03-02,FTSE_100,2022-03-02,same_day,trading_day,0,0.0857775478966926
t57hkk,2022-03-02,FTSE_100,2022-03-02,same_day,trading_day,0,0.0492170370099219
t59wm4,2022-03-02,FTSE_100,2022-03-02,same_day,trading_day,0,-0.0397471613915903
t5a2b3,2022-03-02,FTSE_100,2022-03-02,same_day,trading_day,0,-0.2394772660918533
t5b7iy,2022-03-02,FTSE_100,2022-03-02,same_day,trading_day,0,-0.1181861262670473
t5b8xe,2022-03-02,FTSE_100,2022-03-02,same_day,trading_day,0,-0.6777774840593338
t5e2x9,2022-03-03,FTSE_100,2022-03-03,same_day,trading_day,0,-0.3136734573968819
t5g4c7,2022-03-03,FTSE_100,2022-03-03,same_day,trading_day,0,-0.1169184498488903
t5pwl8,2022-03-03,FTSE_100,2022-03-03,same_day,trading_day,0,-0.0450204957276582
t5rf7m,2022-03-03,FTSE_100,2022-03-03,same_day,trading_day,0,-0.2630288821179419
t5tibs,2022-03-03,FTSE_100,2022-03-03,same_day,trading_day,0,-0.0897266554646194
t5vfom,2022-03-03,FTSE_100,2022-03-03,same_day,trading_day,0,-0.5376135557889938
t5wlyc,2022-03-03,FTSE_100,2022-03-03,same_day,trading_day,0,-0.0001103077083826
t5wvxk,2022-03-03,FTSE_100,2022-03-03,same_day,trading_day,0,0.0617698685133031
t5wvxl,2022-03-03,FTSE_100,2022-03-03,same_day,trading_day,0,-0.073973534318308
t5yayn,2022-03-03,FTSE_100,2022-03-03,same_day,trading_day,0,0.4278316982090473
t5ynry,2022-03-03,FTSE_100,2022-03-03,same_day,trading_day,0,-0.0434140488505363
t5zphg,2022-03-03,FTSE_100,2022-03-03,same_day,trading_day,0,-0.126705295539328
t622h3,2022-03-03,FTSE_100,2022-03-03,same_day,trading_day,0,-0.9532753047533332
t66csv,2022-03-04,FTSE_100,2022-03-04,same_day,trading_day,0,-0.5985364471562207
t69s53,2022-03-04,FTSE_100,2022-03-04,same_day,trading_day,0,0.0440041795372962
t69u99,2022-03-04,FTSE_100,2022-03-04,same_day,trading_day,0,-0.1134751976157228
t6ge70,2022-03-04,FTSE_100,2022-03-04,same_day,trading_day,0,-0.0660638784524053
t6get0,2022-03-04,FTSE_100,2022-03-04,same_day,trading_day,0,-0.0558584645124418
t6ihcj,2022-03-04,FTSE_100,2022-03-04,same_day,trading_day,0,-0.405124506007673
t6j40l,2022-03-04,FTSE_100,2022-03-04,same_day,trading_day,0,-0.1745383604429662
t6jmtc,2022-03-04,FTSE_100,2022-03-04,same_day,trading_day,0,-0.1325795123619692
t6ko3m,2022-03-04,FTSE_100,2022-03-04,same_day,trading_day,0,0.0071977355207006
t6nybh,2022-03-04,FTSE_100,2022-03-04,same_day,trading_day,0,-0.2656953218910429
t6pxz5,2022-03-04,FTSE_100,2022-03-04,same_day,trading_day,0,-0.0122390312608331
t6q9nm,2022-03-04,FTSE_100,2022-03-04,same_day,trading_day,0,0.194688931107521
t6qay7,2022-03-04,FTSE_100,2022-03-04,same_day,trading_day,0,0.194688931107521
t6r07s,2022-03-04,FTSE_100,2022-03-04,same_day,trading_day,0,0.0123658599331974
t6u904,2022-03-04,FTSE_100,2022-03-04,same_day,trading_day,0,-0.3948302439843806
t6vh84,2022-03-04,FTSE_100,2022-03-04,same_day,trading_day,0,0.1811676729526935
t6vkud,2022-03-04,FTSE_100,2022-03-04,same_day,trading_day,0,-0.8970248410478234
t6vmwr,2022-03-04,FTSE_100,2022-03-04,same_day,trading_day,0,-0.9001212399452925
t6zr2i,2022-03-05,FTSE_100,2022-03-07,forward_nontrading,Saturday,2,-0.0791741540965934
t6zsjn,2022-03-05,FTSE_100,2022-03-07,forward_nontrading,Saturday,2,-0.0792240305493275
t74gd7,2022-03-05,FTSE_100,2022-03-07,forward_nontrading,Saturday,2,-0.052361440922444
t74wil,2022-03-05,FTSE_100,2022-03-07,forward_nontrading,Saturday,2,-0.3018797856445113
t753oq,2022-03-05,FTSE_100,2022-03-07,forward_nontrading,Saturday,2,-0.9533168841153384
t7aamc,2022-03-05,FTSE_100,2022-03-07,forward_nontrading,Saturday,2,-0.4437433329876512
t7b8au,2022-03-05,FTSE_100,2022-03-07,forward_nontrading,Saturday,2,0.0635430496186018
t7c6b2,2022-03-05,FTSE_100,2022-03-07,forward_nontrading,Saturday,2,0.0850207751306394
t7d4tj,2022-03-05,FTSE_100,2022-03-07,forward_nontrading,Saturday,2,-0.0712734372713244
t7ecsi,2022-03-05,FTSE_100,2022-03-07,forward_nontrading,Saturday,2,0.2634413895818094
t7hc25,2022-03-05,FTSE_100,2022-03-07,forward_nontrading,Saturday,2,0.0225544642657041
t7ko2g,2022-03-05,FTSE_100,2022-03-07,forward_nontrading,Saturday,2,-0.1824076008051633
t7kz6r,2022-03-05,FTSE_100,2022-03-07,forward_nontrading,Saturday,2,-0.5575110284611583
t7lyp1,2022-03-05,FTSE_100,2022-03-07,forward_nontrading,Saturday,2,-0.0745914792641997
t7pnno,2022-03-06,FTSE_100,2022-03-07,forward_nontrading,Sunday,1,-0.1232330701313912
t810e0,2022-03-06,FTSE_100,2022-03-07,forward_nontrading,Sunday,1,-0.1579459455097094
t83c00,2022-03-06,FTSE_100,2022-03-07,forward_nontrading,Sunday,1,-0.0475224791360752
t83rzh,2022-03-06,FTSE_100,2022-03-07,forward_nontrading,Sunday,1,0.1659820734833678
t83wk1,2022-03-06,FTSE_100,2022-03-07,forward_nontrading,Sunday,1,-0.680117866024375
t87wj7,2022-03-06,FTSE_100,2022-03-07,forward_nontrading,Sunday,1,0.0812491215765476
t88731,2022-03-06,FTSE_100,2022-03-07,forward_nontrading,Sunday,1,0.0812491215765476
t88m74,2022-03-06,FTSE_100,2022-03-07,forward_nontrading,Sunday,1,0.0812491215765476
t8atr4,2022-03-06,FTSE_100,2022-03-07,forward_nontrading,Sunday,1,-0.0323987510055303
t8b03s,2022-03-06,FTSE_100,2022-03-07,forward_nontrading,Sunday,1,-0.1765184579417109
t8dexi,2022-03-07,FTSE_100,2022-03-07,same_day,trading_day,0,0.0280492780730128
t8ioy8,2022-03-07,FTSE_100,2022-03-07,same_day,trading_day,0,0.0991603769361972
t8iq8u,2022-03-07,FTSE_100,2022-03-07,same_day,trading_day,0,0.3146878518164158
t8j9zf,2022-03-07,FTSE_100,2022-03-07,same_day,trading_day,0,0.1577026472928432
t8jujd,2022-03-07,FTSE_100,2022-03-07,same_day,trading_day,0,0.0041808738288554
t8kyec,2022-03-07,FTSE_100,2022-03-07,same_day,trading_day,0,-0.5852877185291921
t8mjtl,2022-03-07,FTSE_100,2022-03-07,same_day,trading_day,0,-0.1424728742567822
t8oz6c,2022-03-07,FTSE_100,2022-03-07,same_day,trading_day,0,-0.7311331480741501
t8p6ou,2022-03-07,FTSE_100,2022-03-07,same_day,trading_day,0,-0.2323159323561758
t8sgdj,2022-03-07,FTSE_100,2022-03-07,same_day,trading_day,0,-0.0921559920534491
t8t9a4,2022-03-07,FTSE_100,2022-03-07,same_day,trading_day,0,0.0375524285788598
t8t9ep,2022-03-07,FTSE_100,2022-03-07,same_day,trading_day,0,-0.0136305527218307
t8taem,2022-03-07,FTSE_100,2022-03-07,same_day,trading_day,0,-0.0136305527218307
t8texj,2022-03-07,FTSE_100,2022-03-07,same_day,trading_day,0,0.0986130777746439
t8trsq,2022-03-07,FTSE_100,2022-03-07,same_day,trading_day,0,0.7696337029337883
t8wpjf,2022-03-07,FTSE_100,2022-03-07,same_day,trading_day,0,-0.3544176305559549
t8xpqk,2022-03-07,FTSE_100,2022-03-07,same_day,trading_day,0,-0.2129447304510644
t90ams,2022-03-07,FTSE_100,2022-03-07,same_day,trading_day,0,0.0420266559434144
t90tn1,2022-03-07,FTSE_100,2022-03-07,same_day,trading_day,0,-0.1454118596655982
t90zrj,2022-03-07,FTSE_100,2022-03-07,same_day,trading_day,0,-0.1132906172424554
t917e8,2022-03-07,FTSE_100,2022-03-07,same_day,trading_day,0,-0.0280133459018543
t91hat,2022-03-07,FTSE_100,2022-03-07,same_day,trading_day,0,-0.2028876231051981
t93tf6,2022-03-08,FTSE_100,2022-03-08,same_day,trading_day,0,-0.4399095484210799
t9918e,2022-03-08,FTSE_100,2022-03-08,same_day,trading_day,0,-0.1546309698106987
t99dty,2022-03-08,FTSE_100,2022-03-08,same_day,trading_day,0,-0.354603834139804
t99k1m,2022-03-08,FTSE_100,2022-03-08,same_day,trading_day,0,-0.9568545119836926
t99o3v,2022-03-08,FTSE_100,2022-03-08,same_day,trading_day,0,-0.9568545119836926
t9a77f,2022-03-08,FTSE_100,2022-03-08,same_day,trading_day,0,-0.9570051124319434
t9fi2d,2022-03-08,FTSE_100,2022-03-08,same_day,trading_day,0,-0.5301636124495417
t9g8hf,2022-03-08,FTSE_100,2022-03-08,same_day,trading_day,0,0.3399044484831393
t9gal4,2022-03-08,FTSE_100,2022-03-08,same_day,trading_day,0,0.1420332731989522
t9gkdr,2022-03-08,FTSE_100,2022-03-08,same_day,trading_day,0,-0.003334070312912
t9h6wr,2022-03-08,FTSE_100,2022-03-08,same_day,trading_day,0,-0.315535347093828
t9ig7n,2022-03-08,FTSE_100,2022-03-08,same_day,trading_day,0,-0.2830010825260118
t9krc6,2022-03-08,FTSE_100,2022-03-08,same_day,trading_day,0,-0.6346322111785412
t9lbu9,2022-03-08,FTSE_100,2022-03-08,same_day,trading_day,0,-0.2122220643161034
t9m9ek,2022-03-08,FTSE_100,2022-03-08,same_day,trading_day,0,-0.0876038782298564
t9mggw,2022-03-08,FTSE_100,2022-03-08,same_day,trading_day,0,-0.3694233521819114
t9mwvf,2022-03-08,FTSE_100,2022-03-08,same_day,trading_day,0,0.5350850018273506
t9n8kk,2022-03-08,FTSE_100,2022-03-08,same_day,trading_day,0,-0.6502641692757607
t9reb4,2022-03-08,FTSE_100,2022-03-08,same_day,trading_day,0,-0.9498382341116668
t9sxj6,2022-03-08,FTSE_100,2022-03-08,same_day,trading_day,0,-0.2127492435069547
t9sxxz,2022-03-08,FTSE_100,2022-03-08,same_day,trading_day,0,-0.2127492435069547
t9tbut,2022-03-08,FTSE_100,2022-03-08,same_day,trading_day,0,0.1607049412094056
t9ufrs,2022-03-08,FTSE_100,2022-03-08,same_day,trading_day,0,0.2476073288573668
t9ugzd,2022-03-08,FTSE_100,2022-03-08,same_day,trading_day,0,0.243888069960204
t9ynuc,2022-03-09,FTSE_100,2022-03-09,same_day,trading_day,0,-0.2976140749847724
t9zleo,2022-03-09,FTSE_100,2022-03-09,same_day,trading_day,0,0.0275210064968892
ta1h49,2022-03-09,FTSE_100,2022-03-09,same_day,trading_day,0,-0.1087373169139027
ta2zcu,2022-03-09,FTSE_100,2022-03-09,same_day,trading_day,0,-0.6338768294746322
ta5vsc,2022-03-09,FTSE_100,2022-03-09,same_day,trading_day,0,-0.7736378442496061
ta5z6d,2022-03-09,FTSE_100,2022-03-09,same_day,trading_day,0,0.0411784388124942
ta6jlt,2022-03-09,FTSE_100,2022-03-09,same_day,trading_day,0,-0.22081727542631
ta6ym8,2022-03-09,FTSE_100,2022-03-09,same_day,trading_day,0,0.0702294469145791
ta7mw2,2022-03-09,FTSE_100,2022-03-09,same_day,trading_day,0,-0.2088931537429361
ta84k8,2022-03-09,FTSE_100,2022-03-09,same_day,trading_day,0,0.1398762152729821
ta86x0,2022-03-09,FTSE_100,2022-03-09,same_day,trading_day,0,0.12479299485373
ta9kde,2022-03-09,FTSE_100,2022-03-09,same_day,trading_day,0,0.0527581639587878
tabd45,2022-03-09,FTSE_100,2022-03-09,same_day,trading_day,0,-0.2663318228653886
tadrra,2022-03-09,FTSE_100,2022-03-09,same_day,trading_day,0,-0.3527467846870422
tae5wf,2022-03-09,FTSE_100,2022-03-09,same_day,trading_day,0,-0.1293440888014932
tagay0,2022-03-09,FTSE_100,2022-03-09,same_day,trading_day,0,-0.3320853932361517
taio8j,2022-03-09,FTSE_100,2022-03-09,same_day,trading_day,0,-0.184456814902232
tayen8,2022-03-10,FTSE_100,2022-03-10,same_day,trading_day,0,-0.1818143998419768
tb22fx,2022-03-10,FTSE_100,2022-03-10,same_day,trading_day,0,0.0982897638136314
tb59y2,2022-03-10,FTSE_100,2022-03-10,same_day,trading_day,0,-0.3248230301216245
tbcukf,2022-03-11,FTSE_100,2022-03-11,same_day,trading_day,0,-0.2693095929724605
tbdw7z,2022-03-11,FTSE_100,2022-03-11,same_day,trading_day,0,-0.394546465948224
tbfw38,2022-03-11,FTSE_100,2022-03-11,same_day,trading_day,0,-0.0909959200459222
tbiy5l,2022-03-11,FTSE_100,2022-03-11,same_day,trading_day,0,-0.0958001007592039
tbowqv,2022-03-11,FTSE_100,2022-03-11,same_day,trading_day,0,0.0383377000689506
tbpzg5,2022-03-11,FTSE_100,2022-03-11,same_day,trading_day,0,-0.1374213918638618
tbsdgg,2022-03-11,FTSE_100,2022-03-11,same_day,trading_day,0,-0.0707213599234819
tbtzs1,2022-03-11,FTSE_100,2022-03-11,same_day,trading_day,0,-0.4263411359587574
tbx1zy,2022-03-11,FTSE_100,2022-03-11,same_day,trading_day,0,-0.1954977480927482
tbxdxm,2022-03-11,FTSE_100,2022-03-11,same_day,trading_day,0,-0.1219089478254318
tbz4oq,2022-03-11,FTSE_100,2022-03-11,same_day,trading_day,0,-0.2449414656854215
tc31k1,2022-03-11,FTSE_100,2022-03-11,same_day,trading_day,0,-0.2363935267330026
tc3mv0,2022-03-11,FTSE_100,2022-03-11,same_day,trading_day,0,-0.3416846367315604
tc4b3n,2022-03-12,FTSE_100,2022-03-14,forward_nontrading,Saturday,2,-0.0961751408913793
tc4cuh,2022-03-12,FTSE_100,2022-03-14,forward_nontrading,Saturday,2,-0.0963392669839474
tc832l,2022-03-12,FTSE_100,2022-03-14,forward_nontrading,Saturday,2,-0.0660293051706893
tcatww,2022-03-12,FTSE_100,2022-03-14,forward_nontrading,Saturday,2,0.2835008133099311
tcgmib,2022-03-12,FTSE_100,2022-03-14,forward_nontrading,Saturday,2,-0.4820928368717432
tck8wy,2022-03-12,FTSE_100,2022-03-14,forward_nontrading,Saturday,2,0.0992943407967686
tckr8u,2022-03-12,FTSE_100,2022-03-14,forward_nontrading,Saturday,2,-0.252082300838083
tcl07x,2022-03-12,FTSE_100,2022-03-14,forward_nontrading,Saturday,2,-0.7032108597457409
tcl6dy,2022-03-12,FTSE_100,2022-03-14,forward_nontrading,Saturday,2,-0.1636413896237226
tcmsmv,2022-03-12,FTSE_100,2022-03-14,forward_nontrading,Saturday,2,-0.3612086609005928
tcmusl,2022-03-12,FTSE_100,2022-03-14,forward_nontrading,Saturday,2,0.2407154304285844
tcp8qh,2022-03-12,FTSE_100,2022-03-14,forward_nontrading,Saturday,2,-0.3663113989922053
tcph83,2022-03-12,FTSE_100,2022-03-14,forward_nontrading,Saturday,2,-0.6279579255109032
tcr6vc,2022-03-12,FTSE_100,2022-03-14,forward_nontrading,Saturday,2,-0.0968965180218219
tctt6e,2022-03-12,FTSE_100,2022-03-14,forward_nontrading,Saturday,2,-0.2296369367589553
tcwe9u,2022-03-13,FTSE_100,2022-03-14,forward_nontrading,Sunday,1,-0.0836249169161809
td1gwt,2022-03-13,FTSE_100,2022-03-14,forward_nontrading,Sunday,1,0.1430528952994129
td9hbx,2022-03-13,FTSE_100,2022-03-14,forward_nontrading,Sunday,1,0.1234132194891571
tdaakg,2022-03-13,FTSE_100,2022-03-14,forward_nontrading,Sunday,1,0.2248493375123611
tdaeqw,2022-03-13,FTSE_100,2022-03-14,forward_nontrading,Sunday,1,-0.2541750471067169
tdmfs2,2022-03-14,FTSE_100,2022-03-14,same_day,trading_day,0,-0.3857313469052315
tdq2bx,2022-03-14,FTSE_100,2022-03-14,same_day,trading_day,0,-0.4493099172250367
tdqu32,2022-03-14,FTSE_100,2022-03-14,same_day,trading_day,0,-0.4798642173409462
tdwcg2,2022-03-14,FTSE_100,2022-03-14,same_day,trading_day,0,0.1219149043317884
tdxa5e,2022-03-14,FTSE_100,2022-03-14,same_day,trading_day,0,-0.2002138269062225
tdzqmr,2022-03-14,FTSE_100,2022-03-14,same_day,trading_day,0,-0.1067445905258258
te401c,2022-03-14,FTSE_100,2022-03-14,same_day,trading_day,0,0.0535766817629337
te48ow,2022-03-14,FTSE_100,2022-03-14,same_day,trading_day,0,-0.3344274366972968
te7esn,2022-03-14,FTSE_100,2022-03-14,same_day,trading_day,0,-0.5934724509716034
tedojw,2022-03-15,FTSE_100,2022-03-15,same_day,trading_day,0,0.4320886507630348
teip65,2022-03-15,FTSE_100,2022-03-15,same_day,trading_day,0,-0.3250022199512882
tejkl6,2022-03-15,FTSE_100,2022-03-15,same_day,trading_day,0,-0.0771983116865158
tel2hg,2022-03-15,FTSE_100,2022-03-15,same_day,trading_day,0,-0.1071195754222572
ten51a,2022-03-15,FTSE_100,2022-03-15,same_day,trading_day,0,0.8394388817250729
tentdp,2022-03-15,FTSE_100,2022-03-15,same_day,trading_day,0,-0.086484947707504
tenue1,2022-03-15,FTSE_100,2022-03-15,same_day,trading_day,0,0.0867168187562908
teo28n,2022-03-15,FTSE_100,2022-03-15,same_day,trading_day,0,-0.1067574348862228
teo3ir,2022-03-15,FTSE_100,2022-03-15,same_day,trading_day,0,-0.1009173143529958
teoxt4,2022-03-15,FTSE_100,2022-03-15,same_day,trading_day,0,0.1525430010462349
teql13,2022-03-15,FTSE_100,2022-03-15,same_day,trading_day,0,0.0284190310835184
terrhf,2022-03-15,FTSE_100,2022-03-15,same_day,trading_day,0,0.0423094754841065
teuhlf,2022-03-15,FTSE_100,2022-03-15,same_day,trading_day,0,-0.3997331226573271
tf0x6d,2022-03-15,FTSE_100,2022-03-15,same_day,trading_day,0,-0.3899675644934177
tfas5k,2022-03-16,FTSE_100,2022-03-16,same_day,trading_day,0,-0.6460398808121681
tfb4i7,2022-03-16,FTSE_100,2022-03-16,same_day,trading_day,0,-0.007205184859534
tfcsn2,2022-03-16,FTSE_100,2022-03-16,same_day,trading_day,0,-0.3314302166302998
tfg9lm,2022-03-16,FTSE_100,2022-03-16,same_day,trading_day,0,0.190991998953183
tfgbmg,2022-03-16,FTSE_100,2022-03-16,same_day,trading_day,0,0.1932572035734812
tfo9j4,2022-03-16,FTSE_100,2022-03-16,same_day,trading_day,0,-0.1925411929842084
tfvaw4,2022-03-16,FTSE_100,2022-03-16,same_day,trading_day,0,0.0895643164403736
tfzgsh,2022-03-17,FTSE_100,2022-03-17,same_day,trading_day,0,0.0129555620253085
tg0bxf,2022-03-17,FTSE_100,2022-03-17,same_day,trading_day,0,-0.5292584402154067
tg0wzj,2022-03-17,FTSE_100,2022-03-17,same_day,trading_day,0,0.0236838869750499
tg1m6e,2022-03-17,FTSE_100,2022-03-17,same_day,trading_day,0,0.0871724795084446
tg1n9l,2022-03-17,FTSE_100,2022-03-17,same_day,trading_day,0,0.1032075670858224
tgfylv,2022-03-17,FTSE_100,2022-03-17,same_day,trading_day,0,-0.2607686727618177
tgkqx0,2022-03-17,FTSE_100,2022-03-17,same_day,trading_day,0,-0.1408299524337053
tgpmq2,2022-03-18,FTSE_100,2022-03-18,same_day,trading_day,0,0.2071684421255038
tgpo0n,2022-03-18,FTSE_100,2022-03-18,same_day,trading_day,0,0.2021081768549406
tgq0i3,2022-03-18,FTSE_100,2022-03-18,same_day,trading_day,0,0.1880142432637513
tgq935,2022-03-18,FTSE_100,2022-03-18,same_day,trading_day,0,0.1880142432637513
th06xv,2022-03-18,FTSE_100,2022-03-18,same_day,trading_day,0,-0.0655127121938456
th0858,2022-03-18,FTSE_100,2022-03-18,same_day,trading_day,0,-0.0765972366033677
th5wzp,2022-03-18,FTSE_100,2022-03-18,same_day,trading_day,0,0.2965245448673764
thbo63,2022-03-18,FTSE_100,2022-03-18,same_day,trading_day,0,0.0234490991570055
thcg9c,2022-03-18,FTSE_100,2022-03-18,same_day,trading_day,0,0.0853349911714239
thea35,2022-03-18,FTSE_100,2022-03-18,same_day,trading_day,0,0.1440888489596545
thnfwo,2022-03-19,FTSE_100,2022-03-21,forward_nontrading,Saturday,2,0.0481244248803705
tho8nf,2022-03-19,FTSE_100,2022-03-21,forward_nontrading,Saturday,2,0.1719019576751937
thotaf,2022-03-19,FTSE_100,2022-03-21,forward_nontrading,Saturday,2,0.1719019576751937
thzpi1,2022-03-19,FTSE_100,2022-03-21,forward_nontrading,Saturday,2,-0.1075178802013397
thzqwv,2022-03-19,FTSE_100,2022-03-21,forward_nontrading,Saturday,2,-0.1073580771995088
ti0052,2022-03-19,FTSE_100,2022-03-21,forward_nontrading,Saturday,2,-0.2481793817132711
tiixzv,2022-03-20,FTSE_100,2022-03-21,forward_nontrading,Sunday,1,0.479275032877922
tiovbn,2022-03-20,FTSE_100,2022-03-21,forward_nontrading,Sunday,1,-0.201812330899494
tiqqwj,2022-03-20,FTSE_100,2022-03-21,forward_nontrading,Sunday,1,0.2415010208884874
tj5kld,2022-03-21,FTSE_100,2022-03-21,same_day,trading_day,0,0.2609611414372921
tj949y,2022-03-21,FTSE_100,2022-03-21,same_day,trading_day,0,-0.4700415916740894
tjaenp,2022-03-21,FTSE_100,2022-03-21,same_day,trading_day,0,-0.0948828825106223
tjbah7,2022-03-21,FTSE_100,2022-03-21,same_day,trading_day,0,-0.0044528033247153
tjbb7x,2022-03-21,FTSE_100,2022-03-21,same_day,trading_day,0,0.0003325855931299
tjdlgd,2022-03-21,FTSE_100,2022-03-21,same_day,trading_day,0,0.1729065477848053
tjembs,2022-03-21,FTSE_100,2022-03-21,same_day,trading_day,0,0.0164801900585492
tjg116,2022-03-21,FTSE_100,2022-03-21,same_day,trading_day,0,0.0239165353302198
tjhyrf,2022-03-21,FTSE_100,2022-03-21,same_day,trading_day,0,-0.3897525711323727
tjiynm,2022-03-21,FTSE_100,2022-03-21,same_day,trading_day,0,0.0240988085667292
tjmrbt,2022-03-21,FTSE_100,2022-03-21,same_day,trading_day,0,-0.0194953313114604
tk155b,2022-03-22,FTSE_100,2022-03-22,same_day,trading_day,0,-0.1509060681398426
tk1y9d,2022-03-22,FTSE_100,2022-03-22,same_day,trading_day,0,0.1523756476777509
tk1zbb,2022-03-22,FTSE_100,2022-03-22,same_day,trading_day,0,0.1551569541180996
tk9hfj,2022-03-22,FTSE_100,2022-03-22,same_day,trading_day,0,-0.2533842697739601
tkcv1o,2022-03-22,FTSE_100,2022-03-22,same_day,trading_day,0,0.1304369827429222
tkd3p6,2022-03-22,FTSE_100,2022-03-22,same_day,trading_day,0,-0.1521847061812877
tkdq2o,2022-03-22,FTSE_100,2022-03-22,same_day,trading_day,0,-0.2678245410012702
tkeo19,2022-03-22,FTSE_100,2022-03-22,same_day,trading_day,0,-0.9563298411667348
tkh0hn,2022-03-23,FTSE_100,2022-03-23,same_day,trading_day,0,-0.1763862955517002
tkr47l,2022-03-23,FTSE_100,2022-03-23,same_day,trading_day,0,0.0346202685808141
tksakv,2022-03-23,FTSE_100,2022-03-23,same_day,trading_day,0,0.0041262060403823
tksv6g,2022-03-23,FTSE_100,2022-03-23,same_day,trading_day,0,0.010412296788259
tkt7d5,2022-03-23,FTSE_100,2022-03-23,same_day,trading_day,0,0.0210104526951909
tkt8yp,2022-03-23,FTSE_100,2022-03-23,same_day,trading_day,0,-0.0111410563066601
tkued5,2022-03-23,FTSE_100,2022-03-23,same_day,trading_day,0,-0.162733622181874
tkuyyv,2022-03-23,FTSE_100,2022-03-23,same_day,trading_day,0,0.087605126388371
tlfts1,2022-03-23,FTSE_100,2022-03-23,same_day,trading_day,0,-0.0500953783177667
tlyi4t,2022-03-24,FTSE_100,2022-03-24,same_day,trading_day,0,0.0597099500397841
tlyif6,2022-03-24,FTSE_100,2022-03-24,same_day,trading_day,0,0.0619822790225346
tlyzwh,2022-03-24,FTSE_100,2022-03-24,same_day,trading_day,0,-0.9580330532044172
tm29l2,2022-03-24,FTSE_100,2022-03-24,same_day,trading_day,0,-0.2252613418580343
tm2m17,2022-03-24,FTSE_100,2022-03-24,same_day,trading_day,0,0.2688959902152419
tm4eay,2022-03-24,FTSE_100,2022-03-24,same_day,trading_day,0,-0.0805544015485793
tm4eyq,2022-03-24,FTSE_100,2022-03-24,same_day,trading_day,0,-0.003956700708451
tm4flu,2022-03-24,FTSE_100,2022-03-24,same_day,trading_day,0,-0.0175034761767495
tmcf28,2022-03-24,FTSE_100,2022-03-24,same_day,trading_day,0,-0.5891292956657708
tn0rlf,2022-03-24,FTSE_100,2022-03-24,same_day,trading_day,0,-0.0342531030997634
tn62rf,2022-03-24,FTSE_100,2022-03-24,same_day,trading_day,0,-0.112151199037692
tna2uf,2022-03-25,FTSE_100,2022-03-25,same_day,trading_day,0,-0.5352849200367927
tnks94,2022-03-25,FTSE_100,2022-03-25,same_day,trading_day,0,0.3076645553644214
tnkvv5,2022-03-25,FTSE_100,2022-03-25,same_day,trading_day,0,0.0631267481232778
tnkwjv,2022-03-25,FTSE_100,2022-03-25,same_day,trading_day,0,0.0373790631704825
tnr5ib,2022-03-25,FTSE_100,2022-03-25,same_day,trading_day,0,0.1276985921431332
tnypxz,2022-03-25,FTSE_100,2022-03-25,same_day,trading_day,0,-0.1289597612551667
to55fm,2022-03-25,FTSE_100,2022-03-25,same_day,trading_day,0,0.0866366755838195
to5eu3,2022-03-25,FTSE_100,2022-03-25,same_day,trading_day,0,0.0907938557056089
toarrz,2022-03-26,FTSE_100,2022-03-28,forward_nontrading,Saturday,2,0.0505198469791229
tonf1v,2022-03-26,FTSE_100,2022-03-28,forward_nontrading,Saturday,2,0.2813294921070337
torgms,2022-03-26,FTSE_100,2022-03-28,forward_nontrading,Saturday,2,0.118059945354859
tozy3h,2022-03-26,FTSE_100,2022-03-28,forward_nontrading,Saturday,2,-0.2715897861868143
tp8sos,2022-03-27,FTSE_100,2022-03-28,forward_nontrading,Sunday,1,0.0593922686239238
tp97jy,2022-03-27,FTSE_100,2022-03-28,forward_nontrading,Sunday,1,0.1878510426458281
tpeoig,2022-03-27,FTSE_100,2022-03-28,forward_nontrading,Sunday,1,0.1008213549656303
tpn2uh,2022-03-27,FTSE_100,2022-03-28,forward_nontrading,Sunday,1,-0.2637586333347779
tq4skh,2022-03-28,FTSE_100,2022-03-28,same_day,trading_day,0,-0.2929087672382593
tq8nxq,2022-03-28,FTSE_100,2022-03-28,same_day,trading_day,0,-0.0278383204848438
tq8p5c,2022-03-28,FTSE_100,2022-03-28,same_day,trading_day,0,-0.048068420545986
tqaixr,2022-03-28,FTSE_100,2022-03-28,same_day,trading_day,0,-0.2679552855635328
tqj8n5,2022-03-28,FTSE_100,2022-03-28,same_day,trading_day,0,0.052255425028243
tqnibp,2022-03-29,FTSE_100,2022-03-29,same_day,trading_day,0,0.0068150444421917
tqy7bc,2022-03-29,FTSE_100,2022-03-29,same_day,trading_day,0,0.0542422761284416
tqy7xv,2022-03-29,FTSE_100,2022-03-29,same_day,trading_day,0,0.0518980136248054
tr0n7d,2022-03-29,FTSE_100,2022-03-29,same_day,trading_day,0,-0.1538146194560747
tr1cdv,2022-03-29,FTSE_100,2022-03-29,same_day,trading_day,0,0.0643653891359766
trjf5e,2022-03-29,FTSE_100,2022-03-29,same_day,trading_day,0,-0.0170424312774865
trs8yh,2022-03-29,FTSE_100,2022-03-29,same_day,trading_day,0,-0.1916476397488553
ts5ahw,2022-03-30,FTSE_100,2022-03-30,same_day,trading_day,0,-0.0912368926962
ts5b8o,2022-03-30,FTSE_100,2022-03-30,same_day,trading_day,0,-0.0900402416283374
ts8yld,2022-03-30,FTSE_100,2022-03-30,same_day,trading_day,0,-0.0949415018782019
tsatuk,2022-03-30,FTSE_100,2022-03-30,same_day,trading_day,0,0.7473738715052605
tsw5p3,2022-03-31,FTSE_100,2022-03-31,same_day,trading_day,0,0.7990362420678139
tsyjbk,2022-03-31,FTSE_100,2022-03-31,same_day,trading_day,0,-0.2517793495288311
tsyk07,2022-03-31,FTSE_100,2022-03-31,same_day,trading_day,0,-0.2606956913103267
tsz34i,2022-03-31,FTSE_100,2022-03-31,same_day,trading_day,0,-0.5057810004800558
tszbcz,2022-03-31,FTSE_100,2022-03-31,same_day,trading_day,0,0.0188526509640117
tt5cer,2022-03-31,FTSE_100,2022-03-31,same_day,trading_day,0,0.0633895769304431
tt7lzs,2022-03-31,FTSE_100,2022-03-31,same_day,trading_day,0,-0.1335388488051566
ttad7y,2022-03-31,FTSE_100,2022-03-31,same_day,trading_day,0,-0.1820725837976417
tth665,2022-04-01,FTSE_100,2022-04-01,same_day,trading_day,0,-0.0393644960981512
tto6j2,2022-04-01,FTSE_100,2022-04-01,same_day,trading_day,0,0.1128591241452981
ttt4l0,2022-04-01,FTSE_100,2022-04-01,same_day,trading_day,0,0.2935745030907648
tu1727,2022-04-01,FTSE_100,2022-04-01,same_day,trading_day,0,0.0104152829470959
tu2h16,2022-04-01,FTSE_100,2022-04-01,same_day,trading_day,0,-0.1966669635371641
tu6qhy,2022-04-02,FTSE_100,2022-04-04,forward_nontrading,Saturday,2,-0.0949545237817801
tu6rv4,2022-04-02,FTSE_100,2022-04-04,forward_nontrading,Saturday,2,-0.0867290686932392
tu8xlx,2022-04-02,FTSE_100,2022-04-04,forward_nontrading,Saturday,2,0.137580883813401
tumycz,2022-04-02,FTSE_100,2022-04-04,forward_nontrading,Saturday,2,-0.1657915769765774
tup35r,2022-04-02,FTSE_100,2022-04-04,forward_nontrading,Saturday,2,-0.0565445488609839
tvfmn8,2022-04-03,FTSE_100,2022-04-04,forward_nontrading,Sunday,1,0.0147358667933278
tvg8hk,2022-04-03,FTSE_100,2022-04-04,forward_nontrading,Sunday,1,-0.2948724091710413
tvwb01,2022-04-04,FTSE_100,2022-04-04,same_day,trading_day,0,0.1563548985868692
tvz423,2022-04-04,FTSE_100,2022-04-04,same_day,trading_day,0,-0.9590749442577362
tvztlh,2022-04-04,FTSE_100,2022-04-04,same_day,trading_day,0,-0.2022511959075927
tw003d,2022-04-04,FTSE_100,2022-04-04,same_day,trading_day,0,-0.24291056453843
tw1jb0,2022-04-04,FTSE_100,2022-04-04,same_day,trading_day,0,0.1023442523129394
tw1ju4,2022-04-04,FTSE_100,2022-04-04,same_day,trading_day,0,0.1070211926238861
tw1tc0,2022-04-04,FTSE_100,2022-04-04,same_day,trading_day,0,0.2780343800702173
tw2tgu,2022-04-04,FTSE_100,2022-04-04,same_day,trading_day,0,-0.737871564924717
tw6usg,2022-04-04,FTSE_100,2022-04-04,same_day,trading_day,0,-0.1565279066562652
twdp9g,2022-04-04,FTSE_100,2022-04-04,same_day,trading_day,0,0.0489836171292132
twl8fa,2022-04-05,FTSE_100,2022-04-05,same_day,trading_day,0,0.0560893389130277
twsuhk,2022-04-05,FTSE_100,2022-04-05,same_day,trading_day,0,-0.215136419981718
twtrd3,2022-04-05,FTSE_100,2022-04-05,same_day,trading_day,0,0.1016344520793264
twts1u,2022-04-05,FTSE_100,2022-04-05,same_day,trading_day,0,0.1041867605966042
twwvpg,2022-04-05,FTSE_100,2022-04-05,same_day,trading_day,0,-0.8895343979820609
twwz51,2022-04-05,FTSE_100,2022-04-05,same_day,trading_day,0,-0.8895343979820609
txbde4,2022-04-06,FTSE_100,2022-04-06,same_day,trading_day,0,-0.1103177494602277
txbrcd,2022-04-06,FTSE_100,2022-04-06,same_day,trading_day,0,-0.1360602958926133
txkrxv,2022-04-06,FTSE_100,2022-04-06,same_day,trading_day,0,0.3010975659514467
txljri,2022-04-06,FTSE_100,2022-04-06,same_day,trading_day,0,-0.0647319098483891
txlkgd,2022-04-06,FTSE_100,2022-04-06,same_day,trading_day,0,-0.0671049183326177
txqmw6,2022-04-06,FTSE_100,2022-04-06,same_day,trading_day,0,-0.2569241288118065
txt0ps,2022-04-06,FTSE_100,2022-04-06,same_day,trading_day,0,-0.270665232402583
txw3o7,2022-04-06,FTSE_100,2022-04-06,same_day,trading_day,0,-0.1541828297678444
txwlfs,2022-04-06,FTSE_100,2022-04-06,same_day,trading_day,0,0.2254411729797721
tyavf4,2022-04-07,FTSE_100,2022-04-07,same_day,trading_day,0,-0.2258651648648083
tybc9c,2022-04-07,FTSE_100,2022-04-07,same_day,trading_day,0,-0.3164123029758533
tybxje,2022-04-07,FTSE_100,2022-04-07,same_day,trading_day,0,-0.0086298109174279
tyby4k,2022-04-07,FTSE_100,2022-04-07,same_day,trading_day,0,-0.0121568204614065
tygt36,2022-04-07,FTSE_100,2022-04-07,same_day,trading_day,0,-0.3159653446278893
tyih0c,2022-04-07,FTSE_100,2022-04-07,same_day,trading_day,0,-0.8047830555588007
tymed7,2022-04-07,FTSE_100,2022-04-07,same_day,trading_day,0,-0.029850986094347
tz4vs6,2022-04-08,FTSE_100,2022-04-08,same_day,trading_day,0,-0.34815286745828
tzcsfh,2022-04-08,FTSE_100,2022-04-08,same_day,trading_day,0,0.0076468993951989
tzft11,2022-04-08,FTSE_100,2022-04-08,same_day,trading_day,0,-0.0457560002997827
tzfu64,2022-04-08,FTSE_100,2022-04-08,same_day,trading_day,0,-0.0456297696917318
tzua4n,2022-04-09,FTSE_100,2022-04-11,forward_nontrading,Saturday,2,-0.2420426990009016
u03jky,2022-04-09,FTSE_100,2022-04-11,forward_nontrading,Saturday,2,0.0438454709947109
u03oa1,2022-04-09,FTSE_100,2022-04-11,forward_nontrading,Saturday,2,0.0282504875212907
u0gm37,2022-04-10,FTSE_100,2022-04-11,forward_nontrading,Sunday,1,-0.0216268517076969
u0tzqi,2022-04-10,FTSE_100,2022-04-11,forward_nontrading,Sunday,1,-0.2072530909596632
u17j2u,2022-04-11,FTSE_100,2022-04-11,same_day,trading_day,0,-0.1201567378267645
u1hpp4,2022-04-11,FTSE_100,2022-04-11,same_day,trading_day,0,-0.0734696931119055
u24upf,2022-04-12,FTSE_100,2022-04-12,same_day,trading_day,0,0.2550457214404429
u254b1,2022-04-12,FTSE_100,2022-04-12,same_day,trading_day,0,0.2556902295244592
u2cde3,2022-04-12,FTSE_100,2022-04-12,same_day,trading_day,0,0.0879458612045989
u2ko0b,2022-04-13,FTSE_100,2022-04-13,same_day,trading_day,0,-0.4899839822148136
u2loh3,2022-04-13,FTSE_100,2022-04-13,same_day,trading_day,0,-0.0940276645123958
u2uqas,2022-04-13,FTSE_100,2022-04-13,same_day,trading_day,0,-0.6552661918103695
u3g9im,2022-04-14,FTSE_100,2022-04-14,same_day,trading_day,0,0.4265382469997608
u3kijh,2022-04-14,FTSE_100,2022-04-14,same_day,trading_day,0,-0.0773280937224626
u3mp96,2022-04-14,FTSE_100,2022-04-14,same_day,trading_day,0,-0.0317123904824256
u3nvg8,2022-04-14,FTSE_100,2022-04-14,same_day,trading_day,0,-0.2748560054118142
u3pbhh,2022-04-14,FTSE_100,2022-04-14,same_day,trading_day,0,-0.8780277222394943
u3pm89,2022-04-14,FTSE_100,2022-04-14,same_day,trading_day,0,-0.0210898851510137
u3rnof,2022-04-14,FTSE_100,2022-04-14,same_day,trading_day,0,-0.0936459597704621
u3rokl,2022-04-14,FTSE_100,2022-04-14,same_day,trading_day,0,-0.0880217225795301
u43azn,2022-04-15,FTSE_100,2022-04-19,forward_nontrading,weekday_nontrading,4,-0.0064048394560813
u46tzd,2022-04-15,FTSE_100,2022-04-19,forward_nontrading,weekday_nontrading,4,0.0478156104429878
u47n5z,2022-04-15,FTSE_100,2022-04-19,forward_nontrading,weekday_nontrading,4,0.3129461555508896
u4dsoz,2022-04-15,FTSE_100,2022-04-19,forward_nontrading,weekday_nontrading,4,-0.0413888019199172
u521ic,2022-04-16,FTSE_100,2022-04-19,forward_nontrading,Saturday,3,-0.1769533920282077
u58y90,2022-04-16,FTSE_100,2022-04-19,forward_nontrading,Saturday,3,-0.4950302267550595
u5ql81,2022-04-17,FTSE_100,2022-04-19,forward_nontrading,Sunday,2,-0.2394651827187492
u5t4km,2022-04-17,FTSE_100,2022-04-19,forward_nontrading,Sunday,2,-0.0877073403033945
u5tn5b,2022-04-17,FTSE_100,2022-04-19,forward_nontrading,Sunday,2,-0.3210801045643165
u5ub0s,2022-04-17,FTSE_100,2022-04-19,forward_nontrading,Sunday,2,-0.0529810674488544
u5zoz8,2022-04-17,FTSE_100,2022-04-19,forward_nontrading,Sunday,2,-0.1569281076746327
u617h8,2022-04-18,FTSE_100,2022-04-19,forward_nontrading,weekday_nontrading,1,0.0310727362520992
u6f648,2022-04-18,FTSE_100,2022-04-19,forward_nontrading,weekday_nontrading,1,-0.3200802723877132
u6ie40,2022-04-18,FTSE_100,2022-04-19,forward_nontrading,weekday_nontrading,1,-0.060211436713443
u6m6bj,2022-04-18,FTSE_100,2022-04-19,forward_nontrading,weekday_nontrading,1,0.0020857087361651
u6mxlm,2022-04-18,FTSE_100,2022-04-19,forward_nontrading,weekday_nontrading,1,0.0678933643608947
u7bc2t,2022-04-19,FTSE_100,2022-04-19,same_day,trading_day,0,0.1015195548534393
u7f3jz,2022-04-19,FTSE_100,2022-04-19,same_day,trading_day,0,-0.8183741382478426
u7fh11,2022-04-19,FTSE_100,2022-04-19,same_day,trading_day,0,-0.3286534866238845
u7gqiz,2022-04-19,FTSE_100,2022-04-19,same_day,trading_day,0,-0.2430124567888145
u7kw9i,2022-04-20,FTSE_100,2022-04-20,same_day,trading_day,0,-0.3271790350787341
u7ouu4,2022-04-20,FTSE_100,2022-04-20,same_day,trading_day,0,-0.6152689017665883
u80l26,2022-04-20,FTSE_100,2022-04-20,same_day,trading_day,0,0.0365737673038473
u80lu9,2022-04-20,FTSE_100,2022-04-20,same_day,trading_day,0,0.0365737673038473
u8fb6r,2022-04-21,FTSE_100,2022-04-21,same_day,trading_day,0,-0.0394999796883502
u8x268,2022-04-21,FTSE_100,2022-04-21,same_day,trading_day,0,-0.0719415029794301
u908l4,2022-04-21,FTSE_100,2022-04-21,same_day,trading_day,0,0.3148882989254262
u90p7k,2022-04-21,FTSE_100,2022-04-21,same_day,trading_day,0,0.3330827309853501
u9d17m,2022-04-22,FTSE_100,2022-04-22,same_day,trading_day,0,-0.0327764573240919
u9ovec,2022-04-22,FTSE_100,2022-04-22,same_day,trading_day,0,-0.0391614917925624
u9x6bn,2022-04-23,FTSE_100,2022-04-25,forward_nontrading,Saturday,2,-0.2788499656692147
u9x70i,2022-04-23,FTSE_100,2022-04-25,forward_nontrading,Saturday,2,-0.2788499656692147
u9y7en,2022-04-23,FTSE_100,2022-04-25,forward_nontrading,Saturday,2,0.0673371829212673
ua5hjm,2022-04-23,FTSE_100,2022-04-25,forward_nontrading,Saturday,2,-0.0818271422758698
uai4ex,2022-04-23,FTSE_100,2022-04-25,forward_nontrading,Saturday,2,0.302001607293884
uavfl8,2022-04-24,FTSE_100,2022-04-25,forward_nontrading,Sunday,1,-0.0396989827147788
uazmxa,2022-04-24,FTSE_100,2022-04-25,forward_nontrading,Sunday,1,-0.3787358571730909
ub3pzh,2022-04-24,FTSE_100,2022-04-25,forward_nontrading,Sunday,1,-0.3343945369124412
ub5kg2,2022-04-24,FTSE_100,2022-04-25,forward_nontrading,Sunday,1,-0.2003645247055424
ubacuj,2022-04-25,FTSE_100,2022-04-25,same_day,trading_day,0,-0.4362328043207526
ubj3g5,2022-04-25,FTSE_100,2022-04-25,same_day,trading_day,0,0.2733186045661569
ubmdqd,2022-04-25,FTSE_100,2022-04-25,same_day,trading_day,0,0.0555495444219559
ucivd5,2022-04-26,FTSE_100,2022-04-26,same_day,trading_day,0,-0.7380059026181698
ucn4wg,2022-04-26,FTSE_100,2022-04-26,same_day,trading_day,0,-0.1362299293279648
ucs69e,2022-04-27,FTSE_100,2022-04-27,same_day,trading_day,0,0.0307116956760485
ucsdap,2022-04-27,FTSE_100,2022-04-27,same_day,trading_day,0,-0.5434617560046414
ud28ci,2022-04-27,FTSE_100,2022-04-27,same_day,trading_day,0,-0.2476133271120488
ud2gvw,2022-04-27,FTSE_100,2022-04-27,same_day,trading_day,0,0.0193048565147014
ud4u9d,2022-04-27,FTSE_100,2022-04-27,same_day,trading_day,0,-0.3647430402298386
ud5hle,2022-04-27,FTSE_100,2022-04-27,same_day,trading_day,0,0.0953939774384101
udcu5q,2022-04-27,FTSE_100,2022-04-27,same_day,trading_day,0,0.0845243743620813
udec7z,2022-04-27,FTSE_100,2022-04-27,same_day,trading_day,0,-0.2310276421540904
udf245,2022-04-27,FTSE_100,2022-04-27,same_day,trading_day,0,-0.2051984499572071
udozbi,2022-04-28,FTSE_100,2022-04-28,same_day,trading_day,0,-0.1501838040368801
udu25j,2022-04-28,FTSE_100,2022-04-28,same_day,trading_day,0,-0.1083159236966267
uduivu,2022-04-28,FTSE_100,2022-04-28,same_day,trading_day,0,-0.5816336878575386
uduxu9,2022-04-28,FTSE_100,2022-04-28,same_day,trading_day,0,-0.3716607553263505
udx78k,2022-04-28,FTSE_100,2022-04-28,same_day,trading_day,0,-0.1321562719531357
udxxoz,2022-04-28,FTSE_100,2022-04-28,same_day,trading_day,0,-0.5949197832960635
udyvfn,2022-04-28,FTSE_100,2022-04-28,same_day,trading_day,0,-0.830663412809372
ue6rmm,2022-04-28,FTSE_100,2022-04-28,same_day,trading_day,0,-0.0755770723169137
ueoqvn,2022-04-29,FTSE_100,2022-04-29,same_day,trading_day,0,-0.1136547788445438
uepycb,2022-04-29,FTSE_100,2022-04-29,same_day,trading_day,0,-0.2794757541269064
ueud5h,2022-04-29,FTSE_100,2022-04-29,same_day,trading_day,0,-0.1518767961145689
ueue83,2022-04-29,FTSE_100,2022-04-29,same_day,trading_day,0,-0.1511560483680417
ueuiq0,2022-04-29,FTSE_100,2022-04-29,same_day,trading_day,0,0.2752559894738211
uew0n5,2022-04-29,FTSE_100,2022-04-29,same_day,trading_day,0,-0.028948787599802
uexv22,2022-04-29,FTSE_100,2022-04-29,same_day,trading_day,0,-0.239049531891942
uf7e4i,2022-04-30,FTSE_100,2022-05-03,forward_nontrading,Saturday,3,-0.0078437921724149
uf7l40,2022-04-30,FTSE_100,2022-05-03,forward_nontrading,Saturday,3,-0.2631156491115689
ufa182,2022-04-30,FTSE_100,2022-05-03,forward_nontrading,Saturday,3,-0.1247126744089958
ufa27p,2022-04-30,FTSE_100,2022-05-03,forward_nontrading,Saturday,3,-0.1245519033749588
ufb746,2022-04-30,FTSE_100,2022-05-03,forward_nontrading,Saturday,3,-0.3039156759835102
ufcywh,2022-04-30,FTSE_100,2022-05-03,forward_nontrading,Saturday,3,0.1647493990815498
ug17g9,2022-05-01,FTSE_100,2022-05-03,forward_nontrading,Sunday,2,-0.1588577930566056
ug7fhn,2022-05-01,FTSE_100,2022-05-03,forward_nontrading,Sunday,2,0.1434558251251777
ugjcxk,2022-05-02,FTSE_100,2022-05-03,forward_nontrading,weekday_nontrading,1,0.0418614199207652
ugu9pr,2022-05-02,FTSE_100,2022-05-03,forward_nontrading,weekday_nontrading,1,-0.2448656749394205
uh1zeh,2022-05-02,FTSE_100,2022-05-03,forward_nontrading,weekday_nontrading,1,0.1447537746225648
uh2c68,2022-05-02,FTSE_100,2022-05-03,forward_nontrading,weekday_nontrading,1,-0.0145566851521531
uh5b0g,2022-05-03,FTSE_100,2022-05-03,same_day,trading_day,0,0.1117886690836814
uhfjtf,2022-05-03,FTSE_100,2022-05-03,same_day,trading_day,0,-0.0406996874504168
uhfkx0,2022-05-03,FTSE_100,2022-05-03,same_day,trading_day,0,-0.0671736306759218
uhmzjr,2022-05-03,FTSE_100,2022-05-03,same_day,trading_day,0,-0.1383310894792278
ui5sw9,2022-05-04,FTSE_100,2022-05-04,same_day,trading_day,0,-0.0026036338064313
ui5tkc,2022-05-04,FTSE_100,2022-05-04,same_day,trading_day,0,0.0002384169318248
uibrxp,2022-05-04,FTSE_100,2022-05-04,same_day,trading_day,0,0.3706899303597984
uijsy9,2022-05-04,FTSE_100,2022-05-04,same_day,trading_day,0,-0.0486794554453808
uike8a,2022-05-05,FTSE_100,2022-05-05,same_day,trading_day,0,-0.3067422133559982
uj16c3,2022-05-05,FTSE_100,2022-05-05,same_day,trading_day,0,-0.2379235185682773
uj1oxt,2022-05-05,FTSE_100,2022-05-05,same_day,trading_day,0,-0.2917882405111894
uj2haj,2022-05-05,FTSE_100,2022-05-05,same_day,trading_day,0,-0.3365569116195311
uj3694,2022-05-05,FTSE_100,2022-05-05,same_day,trading_day,0,-0.0741929431947377
uja7np,2022-05-05,FTSE_100,2022-05-05,same_day,trading_day,0,-0.2698913481106738
ujclt0,2022-05-06,FTSE_100,2022-05-06,same_day,trading_day,0,-0.6244497210496949
ujjeww,2022-05-06,FTSE_100,2022-05-06,same_day,trading_day,0,-0.1010142388857073
uk22vv,2022-05-07,FTSE_100,2022-05-09,forward_nontrading,Saturday,2,-0.1934705973680441
uk24ds,2022-05-07,FTSE_100,2022-05-09,forward_nontrading,Saturday,2,-0.1916479743008191
uk5tbp,2022-05-07,FTSE_100,2022-05-09,forward_nontrading,Saturday,2,-0.132398969028145
uk8o5z,2022-05-07,FTSE_100,2022-05-09,forward_nontrading,Saturday,2,-0.2019477298017591
uketqw,2022-05-07,FTSE_100,2022-05-09,forward_nontrading,Saturday,2,-0.0136208030162379
ukf9is,2022-05-07,FTSE_100,2022-05-09,forward_nontrading,Saturday,2,-0.1682261734191949
ul3wo8,2022-05-08,FTSE_100,2022-05-09,forward_nontrading,Sunday,1,-0.1704202656168491
ul52k9,2022-05-08,FTSE_100,2022-05-09,forward_nontrading,Sunday,1,-0.241844166489318
ul8em1,2022-05-08,FTSE_100,2022-05-09,forward_nontrading,Sunday,1,0.0075987983494997
ul8snm,2022-05-08,FTSE_100,2022-05-09,forward_nontrading,Sunday,1,-0.0266261917228499
ula3jo,2022-05-08,FTSE_100,2022-05-09,forward_nontrading,Sunday,1,0.0799228940857574
ulhgmr,2022-05-09,FTSE_100,2022-05-09,same_day,trading_day,0,-0.0895519838806983
ulqoab,2022-05-09,FTSE_100,2022-05-09,same_day,trading_day,0,-0.1066993232816457
ulqpso,2022-05-09,FTSE_100,2022-05-09,same_day,trading_day,0,-0.1243275897073987
ulxya1,2022-05-09,FTSE_100,2022-05-09,same_day,trading_day,0,-0.4908727572765201
ulyw1x,2022-05-09,FTSE_100,2022-05-09,same_day,trading_day,0,-0.5620113143020056
ulzlrx,2022-05-09,FTSE_100,2022-05-09,same_day,trading_day,0,-0.3988812306676718
umlboo,2022-05-10,FTSE_100,2022-05-10,same_day,trading_day,0,-0.2828079566534143
umqnki,2022-05-10,FTSE_100,2022-05-10,same_day,trading_day,0,-0.0655722345691174
unkfqh,2022-05-11,FTSE_100,2022-05-11,same_day,trading_day,0,-0.1061048245367904
unly13,2022-05-11,FTSE_100,2022-05-11,same_day,trading_day,0,-0.6468756165769365
unmtwn,2022-05-11,FTSE_100,2022-05-11,same_day,trading_day,0,-0.3133508253044316
unmyby,2022-05-11,FTSE_100,2022-05-11,same_day,trading_day,0,-0.6529959113233619
untrr0,2022-05-12,FTSE_100,2022-05-12,same_day,trading_day,0,-0.2311403169296682
uo1yik,2022-05-12,FTSE_100,2022-05-12,same_day,trading_day,0,0.133624380454421
uoafni,2022-05-12,FTSE_100,2022-05-12,same_day,trading_day,0,-0.4022628798459966
uoqb4g,2022-05-13,FTSE_100,2022-05-13,same_day,trading_day,0,0.0100968642426388
uos9sx,2022-05-13,FTSE_100,2022-05-13,same_day,trading_day,0,0.100841524079442
uoz8os,2022-05-13,FTSE_100,2022-05-13,same_day,trading_day,0,-0.0443175170637135
uphtyk,2022-05-14,FTSE_100,2022-05-16,forward_nontrading,Saturday,2,-0.3769031931380076
uq6yak,2022-05-15,FTSE_100,2022-05-16,forward_nontrading,Sunday,1,-0.2628928816411644
uqdqab,2022-05-15,FTSE_100,2022-05-16,forward_nontrading,Sunday,1,-0.0931720752269029
uqmo1q,2022-05-16,FTSE_100,2022-05-16,same_day,trading_day,0,-0.2227664684931583
uqvmh4,2022-05-16,FTSE_100,2022-05-16,same_day,trading_day,0,0.1581342624975185
ur00pp,2022-05-16,FTSE_100,2022-05-16,same_day,trading_day,0,-0.5554121013730764
ur1j2p,2022-05-16,FTSE_100,2022-05-16,same_day,trading_day,0,-0.4062978699803352
urblk4,2022-05-17,FTSE_100,2022-05-17,same_day,trading_day,0,-0.0541885420680046
urmjfv,2022-05-17,FTSE_100,2022-05-17,same_day,trading_day,0,-0.3299541000160388
urpi1g,2022-05-17,FTSE_100,2022-05-17,same_day,trading_day,0,0.4023630398818675
usbrd8,2022-05-18,FTSE_100,2022-05-18,same_day,trading_day,0,-0.0803753376239911
uscsh9,2022-05-18,FTSE_100,2022-05-18,same_day,trading_day,0,0.1659851896467016
usebb7,2022-05-18,FTSE_100,2022-05-18,same_day,trading_day,0,0.0351495647200328
usexv9,2022-05-18,FTSE_100,2022-05-18,same_day,trading_day,0,-0.2297057251135508
ut64k9,2022-05-19,FTSE_100,2022-05-19,same_day,trading_day,0,-0.5427464274246068
ut6bak,2022-05-19,FTSE_100,2022-05-19,same_day,trading_day,0,-0.3075675183546639
utf65p,2022-05-19,FTSE_100,2022-05-19,same_day,trading_day,0,-0.081074169371277
utjark,2022-05-20,FTSE_100,2022-05-20,same_day,trading_day,0,-0.0361062299925833
utl1iu,2022-05-20,FTSE_100,2022-05-20,same_day,trading_day,0,-0.5612631169413882
utl3f7,2022-05-20,FTSE_100,2022-05-20,same_day,trading_day,0,-0.5589216055481562
utyv5f,2022-05-20,FTSE_100,2022-05-20,same_day,trading_day,0,-0.2062042549174899
uu573v,2022-05-20,FTSE_100,2022-05-20,same_day,trading_day,0,0.3084669860079884
uubbsw,2022-05-21,FTSE_100,2022-05-23,forward_nontrading,Saturday,2,-0.0192960860739861
uutln9,2022-05-21,FTSE_100,2022-05-23,forward_nontrading,Saturday,2,-0.1147637089545076
uuwpm2,2022-05-21,FTSE_100,2022-05-23,forward_nontrading,Saturday,2,-0.3280968109611422
uv0xjv,2022-05-22,FTSE_100,2022-05-23,forward_nontrading,Sunday,1,-0.5128362877294421
uvh7ly,2022-05-22,FTSE_100,2022-05-23,forward_nontrading,Sunday,1,-0.3544974931670973
uw0mqz,2022-05-23,FTSE_100,2022-05-23,same_day,trading_day,0,0.1697204642971469
uw6d1o,2022-05-23,FTSE_100,2022-05-23,same_day,trading_day,0,-0.2228614568996887
uw7ep7,2022-05-23,FTSE_100,2022-05-23,same_day,trading_day,0,-0.4149723637383431
uwb14p,2022-05-23,FTSE_100,2022-05-23,same_day,trading_day,0,-0.4149723637383431
uwi3vs,2022-05-24,FTSE_100,2022-05-24,same_day,trading_day,0,-0.407611959730275
uwwo7k,2022-05-24,FTSE_100,2022-05-24,same_day,trading_day,0,-0.6949832611717284
uwygft,2022-05-24,FTSE_100,2022-05-24,same_day,trading_day,0,-0.2665221565826373
uxbtkb,2022-05-25,FTSE_100,2022-05-25,same_day,trading_day,0,-0.5516735721612349
uxkxcm,2022-05-25,FTSE_100,2022-05-25,same_day,trading_day,0,-0.4379538258071989
uxo44z,2022-05-25,FTSE_100,2022-05-25,same_day,trading_day,0,0.0684374775379323
uxq7os,2022-05-25,FTSE_100,2022-05-25,same_day,trading_day,0,-0.0798602582265933
uxqiop,2022-05-25,FTSE_100,2022-05-25,same_day,trading_day,0,-0.4099434149296334
uxz2bq,2022-05-26,FTSE_100,2022-05-26,same_day,trading_day,0,-0.1744366240454837
uy4wnq,2022-05-26,FTSE_100,2022-05-26,same_day,trading_day,0,-0.2404866181313991
uyc780,2022-05-26,FTSE_100,2022-05-26,same_day,trading_day,0,0.2603510461437205
uyyf4x,2022-05-27,FTSE_100,2022-05-27,same_day,trading_day,0,0.2508184419129975
uyzkok,2022-05-27,FTSE_100,2022-05-27,same_day,trading_day,0,-0.0661895534289734
uzeoht,2022-05-28,FTSE_100,2022-05-30,forward_nontrading,Saturday,2,0.3373870538004363
uzurrf,2022-05-28,FTSE_100,2022-05-30,forward_nontrading,Saturday,2,-0.304137592613697
v15w14,2022-05-30,FTSE_100,2022-05-30,same_day,trading_day,0,-0.4108094358816743
v1bcxe,2022-05-30,FTSE_100,2022-05-30,same_day,trading_day,0,0.0343659073114395
v1enh6,2022-05-31,FTSE_100,2022-05-31,same_day,trading_day,0,-0.0763182364818122
v2iiua,2022-06-01,FTSE_100,2022-06-01,same_day,trading_day,0,-0.8264521174132824
v2ijze,2022-06-01,FTSE_100,2022-06-01,same_day,trading_day,0,-0.0563044637441635
v2jv1a,2022-06-01,FTSE_100,2022-06-01,same_day,trading_day,0,-0.784915916621685
v2lp5p,2022-06-01,FTSE_100,2022-06-01,same_day,trading_day,0,-0.8855223786085844
v2weer,2022-06-02,FTSE_100,2022-06-06,forward_nontrading,weekday_nontrading,4,-0.3303843581710349
v3wcpr,2022-06-03,FTSE_100,2022-06-06,forward_nontrading,weekday_nontrading,3,0.3191741276532411
v40vr5,2022-06-03,FTSE_100,2022-06-06,forward_nontrading,weekday_nontrading,3,0.2638722288732727
v42iw9,2022-06-03,FTSE_100,2022-06-06,forward_nontrading,weekday_nontrading,3,-0.7818710468709469
v42x8z,2022-06-03,FTSE_100,2022-06-06,forward_nontrading,weekday_nontrading,3,-0.0571527684883524
v5d0sc,2022-06-05,FTSE_100,2022-06-06,forward_nontrading,Sunday,1,-0.8315608376129108
v5kf1o,2022-06-05,FTSE_100,2022-06-06,forward_nontrading,Sunday,1,0.1744380744639784
v6rjkw,2022-06-07,FTSE_100,2022-06-07,same_day,trading_day,0,-0.4230902963044012
v74jg6,2022-06-07,FTSE_100,2022-06-07,same_day,trading_day,0,0.1408045938504593
v77f8n,2022-06-07,FTSE_100,2022-06-07,same_day,trading_day,0,0.3802069270362456
v7acpd,2022-06-07,FTSE_100,2022-06-07,same_day,trading_day,0,-0.5814325887754205
v7ews7,2022-06-08,FTSE_100,2022-06-08,same_day,trading_day,0,-0.2548384155767659
v7vmz2,2022-06-08,FTSE_100,2022-06-08,same_day,trading_day,0,0.0270892679691314
v7y4tv,2022-06-08,FTSE_100,2022-06-08,same_day,trading_day,0,0.2582646368869713
v8gdu1,2022-06-09,FTSE_100,2022-06-09,same_day,trading_day,0,0.2445376920422502
v8icyc,2022-06-09,FTSE_100,2022-06-09,same_day,trading_day,0,-0.3517557419836521
v96u59,2022-06-10,FTSE_100,2022-06-10,same_day,trading_day,0,0.1088539522832199
v9ecdg,2022-06-10,FTSE_100,2022-06-10,same_day,trading_day,0,-0.6442619695709171
v9wqou,2022-06-11,FTSE_100,2022-06-13,forward_nontrading,Saturday,2,-0.0168965873553564
vae7mh,2022-06-12,FTSE_100,2022-06-13,forward_nontrading,Sunday,1,-0.0984361343266021
vammlp,2022-06-12,FTSE_100,2022-06-13,forward_nontrading,Sunday,1,-0.3921412902418524
vatj04,2022-06-12,FTSE_100,2022-06-13,forward_nontrading,Sunday,1,-0.2131640566512942
vax59e,2022-06-12,FTSE_100,2022-06-13,forward_nontrading,Sunday,1,-0.0310886966701793
vbf53f,2022-06-13,FTSE_100,2022-06-13,same_day,trading_day,0,-0.466350685375241
vbormt,2022-06-13,FTSE_100,2022-06-13,same_day,trading_day,0,-0.2028260699783762
vbx0ql,2022-06-14,FTSE_100,2022-06-14,same_day,trading_day,0,0.1081416523761369
vc6iwz,2022-06-14,FTSE_100,2022-06-14,same_day,trading_day,0,-0.0597834838554263
vccb31,2022-06-14,FTSE_100,2022-06-14,same_day,trading_day,0,-0.58298635813925
vcvvgi,2022-06-15,FTSE_100,2022-06-15,same_day,trading_day,0,-0.4221319127827883
vcxv04,2022-06-15,FTSE_100,2022-06-15,same_day,trading_day,0,-0.1308396645985982
vczwhl,2022-06-15,FTSE_100,2022-06-15,same_day,trading_day,0,-0.0087119146871069
vd04vt,2022-06-15,FTSE_100,2022-06-15,same_day,trading_day,0,0.0283972801019748
vdbzgg,2022-06-16,FTSE_100,2022-06-16,same_day,trading_day,0,-0.2486980373505503
vdn10w,2022-06-16,FTSE_100,2022-06-16,same_day,trading_day,0,0.0208022732478685
vdsmur,2022-06-16,FTSE_100,2022-06-16,same_day,trading_day,0,-0.1509149478127558
vdvlvc,2022-06-16,FTSE_100,2022-06-16,same_day,trading_day,0,-0.1448033857935418
ve9t80,2022-06-17,FTSE_100,2022-06-17,same_day,trading_day,0,0.218813471780676
ve9tve,2022-06-17,FTSE_100,2022-06-17,same_day,trading_day,0,0.2598166864934481
veo9do,2022-06-17,FTSE_100,2022-06-17,same_day,trading_day,0,-0.1060405608791953
veqeja,2022-06-17,FTSE_100,2022-06-17,same_day,trading_day,0,-0.257881465049771
veqfsu,2022-06-17,FTSE_100,2022-06-17,same_day,trading_day,0,-0.2564956544199959
vf91nw,2022-06-18,FTSE_100,2022-06-20,forward_nontrading,Saturday,2,-0.0914602555119647
vfpauj,2022-06-19,FTSE_100,2022-06-20,forward_nontrading,Sunday,1,0.1973160945344716
vg4uj3,2022-06-19,FTSE_100,2022-06-20,forward_nontrading,Sunday,1,-0.1861443259328118
vi6aui,2022-06-22,FTSE_100,2022-06-22,same_day,trading_day,0,-0.739927276968956
vi81ua,2022-06-22,FTSE_100,2022-06-22,same_day,trading_day,0,0.117493412394266
vjtnig,2022-06-24,FTSE_100,2022-06-24,same_day,trading_day,0,-0.1606637862595644
vlhlmk,2022-06-26,FTSE_100,2022-06-27,forward_nontrading,Sunday,1,-0.284455337212421
vmmkk9,2022-06-28,FTSE_100,2022-06-28,same_day,trading_day,0,-0.2776018501368954
vn92up,2022-06-29,FTSE_100,2022-06-29,same_day,trading_day,0,0.013732378800901
vnh1ap,2022-06-29,FTSE_100,2022-06-29,same_day,trading_day,0,0.1957254639755074
vo6uop,2022-06-30,FTSE_100,2022-06-30,same_day,trading_day,0,-0.1866860056761652
vo6vcx,2022-06-30,FTSE_100,2022-06-30,same_day,trading_day,0,-0.2010009936802089
vob4ov,2022-06-30,FTSE_100,2022-06-30,same_day,trading_day,0,-0.0850464558849732
vog014,2022-06-30,FTSE_100,2022-06-30,same_day,trading_day,0,-0.0533488672226667
vogv3y,2022-06-30,FTSE_100,2022-06-30,same_day,trading_day,0,-0.4886981029994786
vp0zyy,2022-07-01,FTSE_100,2022-07-01,same_day,trading_day,0,0.0139084514230489
vpn2kl,2022-07-02,FTSE_100,2022-07-04,forward_nontrading,Saturday,2,-0.4172944351099431
vruhtw,2022-07-05,FTSE_100,2022-07-05,same_day,trading_day,0,-0.0825527024201371
vt0ds2,2022-07-06,FTSE_100,2022-07-06,same_day,trading_day,0,-0.1588129400659133
vtsdsr,2022-07-07,FTSE_100,2022-07-07,same_day,trading_day,0,-0.2327244233340025
vtwmod,2022-07-07,FTSE_100,2022-07-07,same_day,trading_day,0,0.2451405839528888
vu3xn9,2022-07-08,FTSE_100,2022-07-08,same_day,trading_day,0,-0.0688479566791405
vua07v,2022-07-08,FTSE_100,2022-07-08,same_day,trading_day,0,0.0323885306565751
vua1gj,2022-07-08,FTSE_100,2022-07-08,same_day,trading_day,0,0.0314209745647233
vwax7h,2022-07-11,FTSE_100,2022-07-11,same_day,trading_day,0,-0.2577740825712681
vxi1s3,2022-07-12,FTSE_100,2022-07-12,same_day,trading_day,0,-0.2937161537951657
vxs7yz,2022-07-13,FTSE_100,2022-07-13,same_day,trading_day,0,-0.1402003186471436
vy4fe0,2022-07-13,FTSE_100,2022-07-13,same_day,trading_day,0,0.0015040586927327
vyg78j,2022-07-13,FTSE_100,2022-07-13,same_day,trading_day,0,-0.0033333592993371
vz7mdd,2022-07-14,FTSE_100,2022-07-14,same_day,trading_day,0,-0.0270901803548137
w04kjl,2022-07-16,FTSE_100,2022-07-18,forward_nontrading,Saturday,2,-0.0477391630411148
w153qf,2022-07-17,FTSE_100,2022-07-18,forward_nontrading,Sunday,1,0.0300108364317566
w1rxuk,2022-07-18,FTSE_100,2022-07-18,same_day,trading_day,0,-0.0312794141814504
w3o5e4,2022-07-20,FTSE_100,2022-07-20,same_day,trading_day,0,-0.032726688564501
w3w6bx,2022-07-20,FTSE_100,2022-07-20,same_day,trading_day,0,-0.2404859096432725
w4b8q8,2022-07-21,FTSE_100,2022-07-21,same_day,trading_day,0,-0.3156788650279244
w4tgwf,2022-07-21,FTSE_100,2022-07-21,same_day,trading_day,0,-0.0861983996712499
w5o5ah,2022-07-22,FTSE_100,2022-07-22,same_day,trading_day,0,-0.2278963278513401
w5o6gj,2022-07-22,FTSE_100,2022-07-22,same_day,trading_day,0,-0.2335437919129617
w5wu6q,2022-07-23,FTSE_100,2022-07-25,forward_nontrading,Saturday,2,-0.562960885775586
w5xpbl,2022-07-23,FTSE_100,2022-07-25,forward_nontrading,Saturday,2,-0.2180483328109538
w8fnp8,2022-07-26,FTSE_100,2022-07-26,same_day,trading_day,0,-0.0603323028023753
w8irqr,2022-07-26,FTSE_100,2022-07-26,same_day,trading_day,0,-0.1862694297929945
w8isxz,2022-07-26,FTSE_100,2022-07-26,same_day,trading_day,0,-0.1855963851922928
w8kqgh,2022-07-26,FTSE_100,2022-07-26,same_day,trading_day,0,0.1159610939212143
w8tq81,2022-07-26,FTSE_100,2022-07-26,same_day,trading_day,0,-0.389844711481904
w997on,2022-07-27,FTSE_100,2022-07-27,same_day,trading_day,0,-0.9566123425029218
w99zw1,2022-07-27,FTSE_100,2022-07-27,same_day,trading_day,0,-0.4245334336250697
w9oltk,2022-07-27,FTSE_100,2022-07-27,same_day,trading_day,0,-0.1453342288732528
w9ryz4,2022-07-27,FTSE_100,2022-07-27,same_day,trading_day,0,-0.3817623751237988
w9vq0g,2022-07-28,FTSE_100,2022-07-28,same_day,trading_day,0,-0.2807883579516783
wa75uf,2022-07-28,FTSE_100,2022-07-28,same_day,trading_day,0,0.7330555526229243
wa91h5,2022-07-28,FTSE_100,2022-07-28,same_day,trading_day,0,-0.2544927185831162
wayero,2022-07-29,FTSE_100,2022-07-29,same_day,trading_day,0,0.0334592581105729
wbbo2d,2022-07-29,FTSE_100,2022-07-29,same_day,trading_day,0,-0.3657799132168293
wbx4ie,2022-07-30,FTSE_100,2022-08-01,forward_nontrading,Saturday,2,-0.2210696805268526
wcdmw9,2022-07-31,FTSE_100,2022-08-01,forward_nontrading,Sunday,1,0.007327210432028
wd6mxt,2022-08-01,FTSE_100,2022-08-01,same_day,trading_day,0,0.0356268671651681
weab4g,2022-08-02,FTSE_100,2022-08-02,same_day,trading_day,0,-0.0358651870628818
weac3c,2022-08-02,FTSE_100,2022-08-02,same_day,trading_day,0,-0.0265435646204943
wf87z3,2022-08-03,FTSE_100,2022-08-03,same_day,trading_day,0,-0.6706674203354244
wfeyo2,2022-08-03,FTSE_100,2022-08-03,same_day,trading_day,0,-0.6084188115783036
wg125l,2022-08-04,FTSE_100,2022-08-04,same_day,trading_day,0,-0.1073271279068043
wg6ntw,2022-08-04,FTSE_100,2022-08-04,same_day,trading_day,0,-0.2937284777872264
wjm4jm,2022-08-08,FTSE_100,2022-08-08,same_day,trading_day,0,0.0473736524581909
wjmfp6,2022-08-08,FTSE_100,2022-08-08,same_day,trading_day,0,0.3161286794181381
wjzwgm,2022-08-09,FTSE_100,2022-08-09,same_day,trading_day,0,-0.1856595467155178
wk52po,2022-08-09,FTSE_100,2022-08-09,same_day,trading_day,0,0.0571564999991096
wlfavc,2022-08-11,FTSE_100,2022-08-11,same_day,trading_day,0,-0.2033321705853773
wlqinv,2022-08-11,FTSE_100,2022-08-11,same_day,trading_day,0,0.0733773482001585
wlqjit,2022-08-11,FTSE_100,2022-08-11,same_day,trading_day,0,0.084884930377532
wlqr6h,2022-08-11,FTSE_100,2022-08-11,same_day,trading_day,0,-0.1268975980735073
wls7y7,2022-08-11,FTSE_100,2022-08-11,same_day,trading_day,0,0.0278889264911413
wmhsi1,2022-08-12,FTSE_100,2022-08-12,same_day,trading_day,0,-0.1038501858711242
wmsjwj,2022-08-12,FTSE_100,2022-08-12,same_day,trading_day,0,-0.2068428197276911
wmxd6v,2022-08-12,FTSE_100,2022-08-12,same_day,trading_day,0,-0.0386404809542
wnf5ow,2022-08-13,FTSE_100,2022-08-15,forward_nontrading,Saturday,2,-0.3264235453680157
wno4yk,2022-08-13,FTSE_100,2022-08-15,forward_nontrading,Saturday,2,-0.1852796468883752
wopaz5,2022-08-15,FTSE_100,2022-08-15,same_day,trading_day,0,-0.1913824646866747
wpbszs,2022-08-15,FTSE_100,2022-08-15,same_day,trading_day,0,-0.336375702505133
wpuwri,2022-08-16,FTSE_100,2022-08-16,same_day,trading_day,0,-0.3935299634256145
wpxs96,2022-08-16,FTSE_100,2022-08-16,same_day,trading_day,0,0.0131355639839289
wrp83q,2022-08-18,FTSE_100,2022-08-18,same_day,trading_day,0,-0.2888137817231787
ws66dk,2022-08-19,FTSE_100,2022-08-19,same_day,trading_day,0,-0.1252694276567452
wtc73w,2022-08-20,FTSE_100,2022-08-22,forward_nontrading,Saturday,2,-0.1772777273416005
wvtgyd,2022-08-23,FTSE_100,2022-08-23,same_day,trading_day,0,0.0211222424087199
wvun62,2022-08-23,FTSE_100,2022-08-23,same_day,trading_day,0,-0.205167816755803
ww2nxe,2022-08-23,FTSE_100,2022-08-23,same_day,trading_day,0,0.365455066319555
wwf7qh,2022-08-24,FTSE_100,2022-08-24,same_day,trading_day,0,0.000276403215069
wxyu69,2022-08-26,FTSE_100,2022-08-26,same_day,trading_day,0,0.1067083962261676
wy2ac9,2022-08-26,FTSE_100,2022-08-26,same_day,trading_day,0,-0.0684420776863893
wy9r81,2022-08-26,FTSE_100,2022-08-26,same_day,trading_day,0,0.1115381992887705
wylc08,2022-08-26,FTSE_100,2022-08-26,same_day,trading_day,0,-0.329118438065052
wz04jd,2022-08-27,FTSE_100,2022-08-30,forward_nontrading,Saturday,3,-0.105731330153237
x087yq,2022-08-28,FTSE_100,2022-08-30,forward_nontrading,Sunday,2,-0.4059174060821533
x0orlx,2022-08-29,FTSE_100,2022-08-30,forward_nontrading,weekday_nontrading,1,-0.3973324945882747
x0qiuz,2022-08-29,FTSE_100,2022-08-30,forward_nontrading,weekday_nontrading,1,-0.0033460451628674
x0qvkz,2022-08-29,FTSE_100,2022-08-30,forward_nontrading,weekday_nontrading,1,-0.0034698846495964
x10pau,2022-08-29,FTSE_100,2022-08-30,forward_nontrading,weekday_nontrading,1,-0.1442482651521762
x13ano,2022-08-29,FTSE_100,2022-08-30,forward_nontrading,weekday_nontrading,1,-0.1414375772078832
x1dkeh,2022-08-30,FTSE_100,2022-08-30,same_day,trading_day,0,0.2676089848003661
x1jhvp,2022-08-30,FTSE_100,2022-08-30,same_day,trading_day,0,0.6280128508806229
x1s1iy,2022-08-30,FTSE_100,2022-08-30,same_day,trading_day,0,-0.1112900384200307
x2dejz,2022-08-31,FTSE_100,2022-08-31,same_day,trading_day,0,0.2306614124216139
x2gp11,2022-08-31,FTSE_100,2022-08-31,same_day,trading_day,0,-0.8708331566303968
x2gu27,2022-08-31,FTSE_100,2022-08-31,same_day,trading_day,0,-0.8708331566303968
x5auq7,2022-09-04,FTSE_100,2022-09-05,forward_nontrading,Sunday,1,-0.5432042069733143
x5usce,2022-09-04,FTSE_100,2022-09-05,forward_nontrading,Sunday,1,-0.7976572345942259
x625pv,2022-09-05,FTSE_100,2022-09-05,same_day,trading_day,0,-0.3546391079823175
x6g278,2022-09-05,FTSE_100,2022-09-05,same_day,trading_day,0,-0.0293428488075733
x6hmaw,2022-09-05,FTSE_100,2022-09-05,same_day,trading_day,0,-0.5327889484819025
x6r3eb,2022-09-05,FTSE_100,2022-09-05,same_day,trading_day,0,0.0400420692749321
x7ofcl,2022-09-06,FTSE_100,2022-09-06,same_day,trading_day,0,0.2249514636406231
x7yo4z,2022-09-07,FTSE_100,2022-09-07,same_day,trading_day,0,-0.2812793149774813
x86kia,2022-09-07,FTSE_100,2022-09-07,same_day,trading_day,0,-0.3012486893091012
x98z76,2022-09-08,FTSE_100,2022-09-08,same_day,trading_day,0,-0.6249889369122684
xa7bd9,2022-09-09,FTSE_100,2022-09-09,same_day,trading_day,0,-0.1110727451741695
xaqijc,2022-09-10,FTSE_100,2022-09-12,forward_nontrading,Saturday,2,0.4961784780025482
xc0pws,2022-09-12,FTSE_100,2022-09-12,same_day,trading_day,0,-0.1691292561590671
xd5rvk,2022-09-13,FTSE_100,2022-09-13,same_day,trading_day,0,0.0429827397431623
xd5slr,2022-09-13,FTSE_100,2022-09-13,same_day,trading_day,0,0.0110759494205315
xe9q0z,2022-09-14,FTSE_100,2022-09-14,same_day,trading_day,0,-0.2729325934778899
xeev17,2022-09-14,FTSE_100,2022-09-14,same_day,trading_day,0,-0.0447166928788647
xf2hwt,2022-09-15,FTSE_100,2022-09-15,same_day,trading_day,0,-0.1939302880523933
xfaokc,2022-09-15,FTSE_100,2022-09-15,same_day,trading_day,0,-0.0615272416522906
xfqs80,2022-09-16,FTSE_100,2022-09-16,same_day,trading_day,0,-0.2168829582165927
xg50zx,2022-09-16,FTSE_100,2022-09-16,same_day,trading_day,0,-0.2616511038931397
xg52p1,2022-09-16,FTSE_100,2022-09-16,same_day,trading_day,0,-0.261527187047371
xg68se,2022-09-16,FTSE_100,2022-09-16,same_day,trading_day,0,0.3879655278287828
xgkk6w,2022-09-17,FTSE_100,2022-09-20,forward_nontrading,Saturday,3,0.1786453046370297
xhd7uj,2022-09-18,FTSE_100,2022-09-20,forward_nontrading,Sunday,2,-0.3024933995735465
xi8skd,2022-09-19,FTSE_100,2022-09-20,forward_nontrading,weekday_nontrading,1,-0.1906324056908488
xiaflq,2022-09-19,FTSE_100,2022-09-20,forward_nontrading,weekday_nontrading,1,-0.091667149325504
xj09aa,2022-09-20,FTSE_100,2022-09-20,same_day,trading_day,0,-0.00751344114542
xjq6ay,2022-09-21,FTSE_100,2022-09-21,same_day,trading_day,0,-0.2355677378881308
xjqycr,2022-09-21,FTSE_100,2022-09-21,same_day,trading_day,0,-0.1677002515643835
xk3384,2022-09-21,FTSE_100,2022-09-21,same_day,trading_day,0,-0.0064372687081161
xk343d,2022-09-21,FTSE_100,2022-09-21,same_day,trading_day,0,-0.0165792455989867
xkjz4q,2022-09-21,FTSE_100,2022-09-21,same_day,trading_day,0,-0.452130164951086
xkp8au,2022-09-22,FTSE_100,2022-09-22,same_day,trading_day,0,-0.5430782902675371
xktixn,2022-09-22,FTSE_100,2022-09-22,same_day,trading_day,0,0.0409865230321884
xl5sd1,2022-09-22,FTSE_100,2022-09-22,same_day,trading_day,0,-0.3181730799583925
xl8s55,2022-09-22,FTSE_100,2022-09-22,same_day,trading_day,0,-0.4289838713951982
xl9gfp,2022-09-22,FTSE_100,2022-09-22,same_day,trading_day,0,-0.3853300001325184
xlou4c,2022-09-23,FTSE_100,2022-09-23,same_day,trading_day,0,-0.1124886878850785
xm09bw,2022-09-23,FTSE_100,2022-09-23,same_day,trading_day,0,-0.5797702421744664
xm2kin,2022-09-23,FTSE_100,2022-09-23,same_day,trading_day,0,-0.2454658153777321
xm5vkm,2022-09-23,FTSE_100,2022-09-23,same_day,trading_day,0,-0.1061031355594213
xm6n3t,2022-09-23,FTSE_100,2022-09-23,same_day,trading_day,0,0.0422411764922894
xmbyvk,2022-09-23,FTSE_100,2022-09-23,same_day,trading_day,0,-0.2193849831819534
xmidci,2022-09-24,FTSE_100,2022-09-26,forward_nontrading,Saturday,2,-0.3683175059723789
xn07r0,2022-09-24,FTSE_100,2022-09-26,forward_nontrading,Saturday,2,-0.3107688650488853
xnepgq,2022-09-25,FTSE_100,2022-09-26,forward_nontrading,Sunday,1,-0.2297838850257297
xny923,2022-09-25,FTSE_100,2022-09-26,forward_nontrading,Sunday,1,-0.3186861097346991
xokvft,2022-09-26,FTSE_100,2022-09-26,same_day,trading_day,0,-0.3601893012722333
xonhg5,2022-09-26,FTSE_100,2022-09-26,same_day,trading_day,0,-0.0856250175274908
xpddx4,2022-09-27,FTSE_100,2022-09-27,same_day,trading_day,0,0.1800551894638273
xpfb3u,2022-09-27,FTSE_100,2022-09-27,same_day,trading_day,0,0.0503122662194073
xpt1fy,2022-09-27,FTSE_100,2022-09-27,same_day,trading_day,0,-0.5407494109951788
xptqx0,2022-09-27,FTSE_100,2022-09-27,same_day,trading_day,0,-0.1461345828383377
xpzms6,2022-09-28,FTSE_100,2022-09-28,same_day,trading_day,0,-0.3791307850624434
xqoufo,2022-09-28,FTSE_100,2022-09-28,same_day,trading_day,0,0.1557802142989304
xqtkd7,2022-09-29,FTSE_100,2022-09-29,same_day,trading_day,0,-0.1086040550639488
xrioql,2022-09-29,FTSE_100,2022-09-29,same_day,trading_day,0,0.026803508400917
xrjost,2022-09-29,FTSE_100,2022-09-29,same_day,trading_day,0,-0.1896382185320059
xtk7lx,2022-10-02,FTSE_100,2022-10-03,forward_nontrading,Sunday,1,-0.5443514166399837
xtppnc,2022-10-02,FTSE_100,2022-10-03,forward_nontrading,Sunday,1,-0.2609572286185409
xusbuy,2022-10-03,FTSE_100,2022-10-03,same_day,trading_day,0,-0.5009794629923999
xuxxme,2022-10-03,FTSE_100,2022-10-03,same_day,trading_day,0,-0.3918108036043122
xwbgwl,2022-10-05,FTSE_100,2022-10-05,same_day,trading_day,0,-0.2498275022953748
xx6a8l,2022-10-06,FTSE_100,2022-10-06,same_day,trading_day,0,-0.1787966356720202
xxqe37,2022-10-07,FTSE_100,2022-10-07,same_day,trading_day,0,-0.930477412417531
xxxeej,2022-10-07,FTSE_100,2022-10-07,same_day,trading_day,0,0.0393797245807945
xy1xwx,2022-10-07,FTSE_100,2022-10-07,same_day,trading_day,0,-0.6261327234832079
xy5ffc,2022-10-07,FTSE_100,2022-10-07,same_day,trading_day,0,-0.2805224722251296
xz1wt9,2022-10-08,FTSE_100,2022-10-10,forward_nontrading,Saturday,2,-0.2331925908065572
xz24rt,2022-10-08,FTSE_100,2022-10-10,forward_nontrading,Saturday,2,-0.2331925908065572
y0eb69,2022-10-10,FTSE_100,2022-10-10,same_day,trading_day,0,-0.2340292601936286
y0iwsy,2022-10-10,FTSE_100,2022-10-10,same_day,trading_day,0,-0.2177888039499521
y0j72b,2022-10-10,FTSE_100,2022-10-10,same_day,trading_day,0,-0.3433509858818176
y0jtcs,2022-10-10,FTSE_100,2022-10-10,same_day,trading_day,0,-0.0094938770703533
y0z5jz,2022-10-11,FTSE_100,2022-10-11,same_day,trading_day,0,0.0154464934021234
y16zlw,2022-10-11,FTSE_100,2022-10-11,same_day,trading_day,0,-0.3792449356470671
y1814k,2022-10-11,FTSE_100,2022-10-11,same_day,trading_day,0,-0.1507241115284462
y186jh,2022-10-11,FTSE_100,2022-10-11,same_day,trading_day,0,-0.3771475087269209
y1r3ny,2022-10-12,FTSE_100,2022-10-12,same_day,trading_day,0,-0.2227277502489204
y2hbzn,2022-10-12,FTSE_100,2022-10-12,same_day,trading_day,0,-0.2998516812920571
y37a4e,2022-10-13,FTSE_100,2022-10-13,same_day,trading_day,0,-0.2454046724985043
y3owiy,2022-10-14,FTSE_100,2022-10-14,same_day,trading_day,0,-0.0457723729778081
y47uyi,2022-10-14,FTSE_100,2022-10-14,same_day,trading_day,0,-0.2430738748478082
y47vyn,2022-10-14,FTSE_100,2022-10-14,same_day,trading_day,0,-0.2427175346878357
y4jpvq,2022-10-15,FTSE_100,2022-10-17,forward_nontrading,Saturday,2,0.2231205445049064
y57or6,2022-10-16,FTSE_100,2022-10-17,forward_nontrading,Sunday,1,-0.0931979084387421
y58nk9,2022-10-16,FTSE_100,2022-10-17,forward_nontrading,Sunday,1,-0.2426603243432261
y5yngt,2022-10-17,FTSE_100,2022-10-17,same_day,trading_day,0,-0.0647007880033925
y647sd,2022-10-17,FTSE_100,2022-10-17,same_day,trading_day,0,-0.3014567550271749
y650xz,2022-10-17,FTSE_100,2022-10-17,same_day,trading_day,0,-0.0783212333917617
y67b12,2022-10-17,FTSE_100,2022-10-17,same_day,trading_day,0,-0.3290602347220887
y846gq,2022-10-19,FTSE_100,2022-10-19,same_day,trading_day,0,-0.5315480428239838
y8n58s,2022-10-20,FTSE_100,2022-10-20,same_day,trading_day,0,-0.0502232973729925
y9l9a1,2022-10-21,FTSE_100,2022-10-21,same_day,trading_day,0,-0.3223701503593474
y9xi4o,2022-10-21,FTSE_100,2022-10-21,same_day,trading_day,0,0.1947287444534869
ybcvep,2022-10-23,FTSE_100,2022-10-24,forward_nontrading,Sunday,1,-0.382944062800595
ybigmf,2022-10-23,FTSE_100,2022-10-24,forward_nontrading,Sunday,1,-0.578891524645899
ycq8jy,2022-10-24,FTSE_100,2022-10-24,same_day,trading_day,0,-0.2474506464786827
yds9sb,2022-10-26,FTSE_100,2022-10-26,same_day,trading_day,0,0.0964599382132291
ydtdh5,2022-10-26,FTSE_100,2022-10-26,same_day,trading_day,0,-0.0093801790382713
yeigcu,2022-10-27,FTSE_100,2022-10-27,same_day,trading_day,0,-0.0219297360382833
yem1oy,2022-10-27,FTSE_100,2022-10-27,same_day,trading_day,0,0.2322876905514435
yer38o,2022-10-27,FTSE_100,2022-10-27,same_day,trading_day,0,-0.0468184258788823
yfi7zb,2022-10-28,FTSE_100,2022-10-28,same_day,trading_day,0,-0.5938259602213899
ygpyfx,2022-10-29,FTSE_100,2022-10-31,forward_nontrading,Saturday,2,-0.2952263811603188
ykus4r,2022-11-03,FTSE_100,2022-11-03,same_day,trading_day,0,-0.2506923370952294
yl3l8w,2022-11-03,FTSE_100,2022-11-03,same_day,trading_day,0,-0.1743296913336962
ylxn3d,2022-11-04,FTSE_100,2022-11-04,same_day,trading_day,0,-0.0145897194743156
ym5own,2022-11-04,FTSE_100,2022-11-04,same_day,trading_day,0,0.0317403164795703
ymtsc6,2022-11-05,FTSE_100,2022-11-07,forward_nontrading,Saturday,2,0.0215109809018347
yohrg8,2022-11-07,FTSE_100,2022-11-07,same_day,trading_day,0,-0.0540674291551113
yop9sf,2022-11-07,FTSE_100,2022-11-07,same_day,trading_day,0,-0.3092928587924689
yp8avk,2022-11-08,FTSE_100,2022-11-08,same_day,trading_day,0,-0.0965008812846016
yqiur5,2022-11-09,FTSE_100,2022-11-09,same_day,trading_day,0,-0.1579487805469678
yqivot,2022-11-09,FTSE_100,2022-11-09,same_day,trading_day,0,-0.1745549805101848
yqofdt,2022-11-09,FTSE_100,2022-11-09,same_day,trading_day,0,0.1105274618691149
ysbxva,2022-11-11,FTSE_100,2022-11-11,same_day,trading_day,0,-0.2888321775050524
ysljyd,2022-11-11,FTSE_100,2022-11-11,same_day,trading_day,0,-0.3533795710653067
ywd0u1,2022-11-15,FTSE_100,2022-11-15,same_day,trading_day,0,-0.5170064245661099
ywngyo,2022-11-16,FTSE_100,2022-11-16,same_day,trading_day,0,0.4585304657618204
yx34qt,2022-11-16,FTSE_100,2022-11-16,same_day,trading_day,0,-0.8064095005393028
yxdn8w,2022-11-17,FTSE_100,2022-11-17,same_day,trading_day,0,-0.5581098413306542
z0enfb,2022-11-20,FTSE_100,2022-11-21,forward_nontrading,Sunday,1,-0.4276075737240413
z148u0,2022-11-21,FTSE_100,2022-11-21,same_day,trading_day,0,-0.2735187419457361
z1ux0t,2022-11-22,FTSE_100,2022-11-22,same_day,trading_day,0,-0.2084647560198056
z2k7ai,2022-11-23,FTSE_100,2022-11-23,same_day,trading_day,0,-0.8240314722061157
z37kbz,2022-11-24,FTSE_100,2022-11-24,same_day,trading_day,0,-0.0133081151074484
z3q1oz,2022-11-24,FTSE_100,2022-11-24,same_day,trading_day,0,-0.1607603132724762
z430qu,2022-11-25,FTSE_100,2022-11-25,same_day,trading_day,0,0.028618223555386
z4n2fo,2022-11-25,FTSE_100,2022-11-25,same_day,trading_day,0,-0.029779485927429
z4n3mw,2022-11-25,FTSE_100,2022-11-25,same_day,trading_day,0,-0.0287160004683149
z6m5j0,2022-11-28,FTSE_100,2022-11-28,same_day,trading_day,0,-0.0149482434083308
z7ktae,2022-11-29,FTSE_100,2022-11-29,same_day,trading_day,0,-0.599914163351059
z8p73c,2022-11-30,FTSE_100,2022-11-30,same_day,trading_day,0,-0.1715677729652573
z9xm3d,2022-12-01,FTSE_100,2022-12-01,same_day,trading_day,0,-0.0247369822310773
za28pi,2022-12-01,FTSE_100,2022-12-01,same_day,trading_day,0,0.0343364215352469
zadd1m,2022-12-02,FTSE_100,2022-12-02,same_day,trading_day,0,-0.1260758762394911
zdirov,2022-12-05,FTSE_100,2022-12-05,same_day,trading_day,0,-0.2812862263992428
zf1eap,2022-12-07,FTSE_100,2022-12-07,same_day,trading_day,0,-0.531085185861836
zfhki1,2022-12-07,FTSE_100,2022-12-07,same_day,trading_day,0,0.1648317818012502
zfuthk,2022-12-08,FTSE_100,2022-12-08,same_day,trading_day,0,-0.0679690217366442
zgn49v,2022-12-09,FTSE_100,2022-12-09,same_day,trading_day,0,0.1341947870329022
zjyuda,2022-12-12,FTSE_100,2022-12-12,same_day,trading_day,0,-0.2932281353595582
zkuyf1,2022-12-13,FTSE_100,2022-12-13,same_day,trading_day,0,-0.1687534099384661
zlnqp1,2022-12-14,FTSE_100,2022-12-14,same_day,trading_day,0,-0.1376361844291829
zlzaim,2022-12-14,FTSE_100,2022-12-14,same_day,trading_day,0,0.1289960685784795
zpliom,2022-12-19,FTSE_100,2022-12-19,same_day,trading_day,0,-0.945960635319352
zpnu39,2022-12-19,FTSE_100,2022-12-19,same_day,trading_day,0,-0.36232716194354
zq9hln,2022-12-20,FTSE_100,2022-12-20,same_day,trading_day,0,-0.2618218375904921
zqa6mc,2022-12-20,FTSE_100,2022-12-20,same_day,trading_day,0,-0.3885926920403209
zqnbk9,2022-12-20,FTSE_100,2022-12-20,same_day,trading_day,0,-0.1363131009042263
zqrwlc,2022-12-20,FTSE_100,2022-12-20,same_day,trading_day,0,-0.0661081367358565
zr1fek,2022-12-20,FTSE_100,2022-12-20,same_day,trading_day,0,0.1169185403268784
zrdnvg,2022-12-21,FTSE_100,2022-12-21,same_day,trading_day,0,0.1860327862086706
ztu9tn,2022-12-23,FTSE_100,2022-12-23,same_day,trading_day,0,-0.3249551742027203
zu3w1e,2022-12-24,FTSE_100,2022-12-28,forward_nontrading,Saturday,4,0.197354825027287
zwmp18,2022-12-27,FTSE_100,2022-12-28,forward_nontrading,weekday_nontrading,1,-0.196852038021792
zwqajj,2022-12-27,FTSE_100,2022-12-28,forward_nontrading,weekday_nontrading,1,0.2054645338117383
zx2ver,2022-12-28,FTSE_100,2022-12-28,same_day,trading_day,0,-0.3075760407373309
zxg4es,2022-12-28,FTSE_100,2022-12-28,same_day,trading_day,0,-0.773109020665288
zxq9wh,2022-12-29,FTSE_100,2022-12-29,same_day,trading_day,0,-0.1719869509960214
zy3zku,2022-12-29,FTSE_100,2022-12-29,same_day,trading_day,0,0.1444327905774116
zy9zie,2022-12-29,FTSE_100,2022-12-29,same_day,trading_day,0,0.1902405353534656
zya1w2,2022-12-29,FTSE_100,2022-12-29,same_day,trading_day,0,-0.6784501681104302
zybmqt,2022-12-29,FTSE_100,2022-12-29,same_day,trading_day,0,-0.074966351303165
zybn7s,2022-12-29,FTSE_100,2022-12-29,same_day,trading_day,0,-0.0742483542865661
zzj3c6,2022-12-31,FTSE_100,2023-01-03,forward_nontrading,Saturday,3,-0.2011349457199685
zzj6nf,2022-12-31,FTSE_100,2023-01-03,forward_nontrading,Saturday,3,-0.200358225152983
100tiwu,2023-01-01,FTSE_100,2023-01-03,forward_nontrading,Sunday,2,0.121536070222242
100zdqx,2023-01-02,FTSE_100,2023-01-03,forward_nontrading,weekday_nontrading,1,-0.522557697375305
10115im,2023-01-02,FTSE_100,2023-01-03,forward_nontrading,weekday_nontrading,1,-0.677092032165577
102gzlu,2023-01-03,FTSE_100,2023-01-03,same_day,trading_day,0,0.2116428878815734
102q6jd,2023-01-04,FTSE_100,2023-01-04,same_day,trading_day,0,-0.1488019259399678
103e3m0,2023-01-04,FTSE_100,2023-01-04,same_day,trading_day,0,0.0684789433415668
103qw3j,2023-01-05,FTSE_100,2023-01-05,same_day,trading_day,0,0.1281330768018961
10495lu,2023-01-05,FTSE_100,2023-01-05,same_day,trading_day,0,-0.3611411893119414
104wj1a,2023-01-06,FTSE_100,2023-01-06,same_day,trading_day,0,-0.2282530181109905
1056n99,2023-01-06,FTSE_100,2023-01-06,same_day,trading_day,0,-0.4108667219989001
105pbof,2023-01-07,FTSE_100,2023-01-09,forward_nontrading,Saturday,2,-0.2125765774566848
105pgzo,2023-01-07,FTSE_100,2023-01-09,forward_nontrading,Saturday,2,-0.2125765774566848
1066j8f,2023-01-08,FTSE_100,2023-01-09,forward_nontrading,Sunday,1,0.0895879686005034
1086tao,2023-01-10,FTSE_100,2023-01-10,same_day,trading_day,0,0.1249183421605266
10aevdq,2023-01-12,FTSE_100,2023-01-12,same_day,trading_day,0,-0.0196424699194418
10b2jkg,2023-01-13,FTSE_100,2023-01-13,same_day,trading_day,0,0.0967911008745432
10bwl48,2023-01-14,FTSE_100,2023-01-16,forward_nontrading,Saturday,2,0.0160633455961942
10cm7zf,2023-01-15,FTSE_100,2023-01-16,forward_nontrading,Sunday,1,0.0087222948670387
10e7sl2,2023-01-17,FTSE_100,2023-01-17,same_day,trading_day,0,-0.0066626914937434
10g4inp,2023-01-19,FTSE_100,2023-01-19,same_day,trading_day,0,0.3440751214669544
10gx9x0,2023-01-20,FTSE_100,2023-01-20,same_day,trading_day,0,-0.0107642111834138
10hiba5,2023-01-21,FTSE_100,2023-01-23,forward_nontrading,Saturday,2,-0.2055280181730902
10hikti,2023-01-21,FTSE_100,2023-01-23,forward_nontrading,Saturday,2,-0.1214157566428184
10iymjh,2023-01-23,FTSE_100,2023-01-23,same_day,trading_day,0,-0.0930400966412641
10izb7y,2023-01-23,FTSE_100,2023-01-23,same_day,trading_day,0,-0.092491685395891
10jcd04,2023-01-23,FTSE_100,2023-01-23,same_day,trading_day,0,-0.7433889697051861
10jg8oi,2023-01-23,FTSE_100,2023-01-23,same_day,trading_day,0,-0.3990558488294482
10lfxv6,2023-01-26,FTSE_100,2023-01-26,same_day,trading_day,0,0.2345510194078088
10otuwf,2023-01-30,FTSE_100,2023-01-30,same_day,trading_day,0,-0.0965836088118307
10oxqey,2023-01-30,FTSE_100,2023-01-30,same_day,trading_day,0,-0.4065433211405487
10r2wnp,2023-02-01,FTSE_100,2023-02-01,same_day,trading_day,0,0.0115532615800967
10rk9jt,2023-02-02,FTSE_100,2023-02-02,same_day,trading_day,0,0.0235492441803216
10rq9r6,2023-02-02,FTSE_100,2023-02-02,same_day,trading_day,0,0.0499780097355445
10s0w5l,2023-02-02,FTSE_100,2023-02-02,same_day,trading_day,0,-0.2665156454736875
10snk3z,2023-02-03,FTSE_100,2023-02-03,same_day,trading_day,0,-0.2705546126124405
10tncxa,2023-02-04,FTSE_100,2023-02-06,forward_nontrading,Saturday,2,0.3403461343167644
10tpt11,2023-02-04,FTSE_100,2023-02-06,forward_nontrading,Saturday,2,0.1900194796987555
10tv0xs,2023-02-04,FTSE_100,2023-02-06,forward_nontrading,Saturday,2,-0.144116058533431
10ugags,2023-02-05,FTSE_100,2023-02-06,forward_nontrading,Sunday,1,0.0338655449450016
10vtdxy,2023-02-07,FTSE_100,2023-02-07,same_day,trading_day,0,0.1563564913714645
10xcf5q,2023-02-08,FTSE_100,2023-02-08,same_day,trading_day,0,0.0747879296541214
10ys3z8,2023-02-10,FTSE_100,2023-02-10,same_day,trading_day,0,-0.1814225594202677
10yu9cg,2023-02-10,FTSE_100,2023-02-10,same_day,trading_day,0,-0.1444314343056508
10yxaez,2023-02-10,FTSE_100,2023-02-10,same_day,trading_day,0,0.1992548725102096
111umz0,2023-02-14,FTSE_100,2023-02-14,same_day,trading_day,0,0.034500038891565
1127hqq,2023-02-14,FTSE_100,2023-02-14,same_day,trading_day,0,0.3003935670623412
1153zih,2023-02-18,FTSE_100,2023-02-20,forward_nontrading,Saturday,2,-0.0121973137798098
115430p,2023-02-18,FTSE_100,2023-02-20,forward_nontrading,Saturday,2,-0.0120676202660737
117u8q1,2023-02-21,FTSE_100,2023-02-21,same_day,trading_day,0,0.0321142918740709
119urwu,2023-02-23,FTSE_100,2023-02-23,same_day,trading_day,0,0.0330299981869757
11a26ep,2023-02-23,FTSE_100,2023-02-23,same_day,trading_day,0,0.0330299981869757
11a2dbz,2023-02-23,FTSE_100,2023-02-23,same_day,trading_day,0,0.0407892361815486
11aj6fo,2023-02-24,FTSE_100,2023-02-24,same_day,trading_day,0,0.3548270964529365
11b1tyi,2023-02-24,FTSE_100,2023-02-24,same_day,trading_day,0,0.1891051694595565
11bey8f,2023-02-25,FTSE_100,2023-02-27,forward_nontrading,Saturday,2,0.1713753748529901
11bnukt,2023-02-25,FTSE_100,2023-02-27,forward_nontrading,Saturday,2,-0.7548857498914003
11cf6bl,2023-02-26,FTSE_100,2023-02-27,forward_nontrading,Sunday,1,-0.2330133877694606
11cipii,2023-02-26,FTSE_100,2023-02-27,forward_nontrading,Sunday,1,-0.5700519410893321
11crin1,2023-02-26,FTSE_100,2023-02-27,forward_nontrading,Sunday,1,-0.152702784553791
11ei39o,2023-02-28,FTSE_100,2023-02-28,same_day,trading_day,0,0.2662163324033221
11eq5zq,2023-03-01,FTSE_100,2023-03-01,same_day,trading_day,0,-0.2116337614980611
11fbxaz,2023-03-01,FTSE_100,2023-03-01,same_day,trading_day,0,0.3826881597439447
11fysi4,2023-03-02,FTSE_100,2023-03-02,same_day,trading_day,0,-0.0690618510214755
11g4vz6,2023-03-02,FTSE_100,2023-03-02,same_day,trading_day,0,-0.0351851098239421
11gb9vz,2023-03-02,FTSE_100,2023-03-02,same_day,trading_day,0,-0.1264970347967366
11jxogv,2023-03-06,FTSE_100,2023-03-06,same_day,trading_day,0,0.1925216279178858
11lwouc,2023-03-08,FTSE_100,2023-03-08,same_day,trading_day,0,0.1359836865216493
11mj1ed,2023-03-09,FTSE_100,2023-03-09,same_day,trading_day,0,-0.056853485526517
11oz0xw,2023-03-11,FTSE_100,2023-03-13,forward_nontrading,Saturday,2,0.0559510972679537
11p1thp,2023-03-12,FTSE_100,2023-03-13,forward_nontrading,Sunday,1,0.0429703860438235
11p1txq,2023-03-12,FTSE_100,2023-03-13,forward_nontrading,Sunday,1,0.0432421496260981
11p1uce,2023-03-12,FTSE_100,2023-03-13,forward_nontrading,Sunday,1,0.0433281931481412
11prsna,2023-03-12,FTSE_100,2023-03-13,forward_nontrading,Sunday,1,0.3532022224940561
11qb56b,2023-03-13,FTSE_100,2023-03-13,same_day,trading_day,0,-0.1879612215794623
11ra618,2023-03-14,FTSE_100,2023-03-14,same_day,trading_day,0,0.097418331674167
11ruxxa,2023-03-15,FTSE_100,2023-03-15,same_day,trading_day,0,-0.0770474223271859
11u57ns,2023-03-17,FTSE_100,2023-03-17,same_day,trading_day,0,-0.0819208206802917
11u58uo,2023-03-17,FTSE_100,2023-03-17,same_day,trading_day,0,-0.0817853493654789
11wxg63,2023-03-20,FTSE_100,2023-03-20,same_day,trading_day,0,-0.3963108696043491
11xdhtd,2023-03-21,FTSE_100,2023-03-21,same_day,trading_day,0,-0.171493243864354
11yrbvs,2023-03-22,FTSE_100,2023-03-22,same_day,trading_day,0,-0.0457217717045095
11yzi2q,2023-03-22,FTSE_100,2023-03-22,same_day,trading_day,0,-0.128985627554357
11z6z43,2023-03-23,FTSE_100,2023-03-23,same_day,trading_day,0,-0.228033909574151
1202ore,2023-03-24,FTSE_100,2023-03-24,same_day,trading_day,0,-0.1795718491077423
123koae,2023-03-27,FTSE_100,2023-03-27,same_day,trading_day,0,-0.0771783721167594
123pl5u,2023-03-27,FTSE_100,2023-03-27,same_day,trading_day,0,0.1210408743442685
124bp04,2023-03-28,FTSE_100,2023-03-28,same_day,trading_day,0,0.079732039264248
124it5w,2023-03-28,FTSE_100,2023-03-28,same_day,trading_day,0,-0.0959122590720653
124u7iu,2023-03-28,FTSE_100,2023-03-28,same_day,trading_day,0,-0.0955738145858049
125y1ot,2023-03-29,FTSE_100,2023-03-29,same_day,trading_day,0,-0.2036611900304354
1264p3d,2023-03-29,FTSE_100,2023-03-29,same_day,trading_day,0,0.1857669507153332
126i75o,2023-03-30,FTSE_100,2023-03-30,same_day,trading_day,0,-0.278330366127193
127tvj5,2023-03-31,FTSE_100,2023-03-31,same_day,trading_day,0,0.3322614731195454
1280ssr,2023-03-31,FTSE_100,2023-03-31,same_day,trading_day,0,0.1205079513834789
1280uii,2023-03-31,FTSE_100,2023-03-31,same_day,trading_day,0,0.1206327855431785
129pcf4,2023-04-02,FTSE_100,2023-04-03,forward_nontrading,Sunday,1,-0.3953269227572223
12atjko,2023-04-03,FTSE_100,2023-04-03,same_day,trading_day,0,-0.104358083801344
12ckvvi,2023-04-05,FTSE_100,2023-04-05,same_day,trading_day,0,-0.4977037534117698
12cl264,2023-04-05,FTSE_100,2023-04-05,same_day,trading_day,0,-0.1129498409314288
12cmumr,2023-04-05,FTSE_100,2023-04-05,same_day,trading_day,0,-0.1060549431131221
12dmref,2023-04-06,FTSE_100,2023-04-06,same_day,trading_day,0,-0.0065286355939778
12dyyow,2023-04-06,FTSE_100,2023-04-06,same_day,trading_day,0,-0.1632551152530747
12dyzv4,2023-04-06,FTSE_100,2023-04-06,same_day,trading_day,0,-0.1631372242971944
12hzieb,2023-04-10,FTSE_100,2023-04-11,forward_nontrading,weekday_nontrading,1,-0.1191020049154758
12icmuo,2023-04-11,FTSE_100,2023-04-11,same_day,trading_day,0,0.0427040085196495
12impun,2023-04-11,FTSE_100,2023-04-11,same_day,trading_day,0,0.0557609296270779
12p7qxu,2023-04-17,FTSE_100,2023-04-17,same_day,trading_day,0,-0.2197170932353897
12qa5qi,2023-04-18,FTSE_100,2023-04-18,same_day,trading_day,0,0.493183320787336
12tka4i,2023-04-21,FTSE_100,2023-04-21,same_day,trading_day,0,0.0433419564609774
12uq8dv,2023-04-22,FTSE_100,2023-04-24,forward_nontrading,Saturday,2,-0.5175497743766755
12xk4l1,2023-04-24,FTSE_100,2023-04-24,same_day,trading_day,0,-0.369128381445383
12ydo0n,2023-04-25,FTSE_100,2023-04-25,same_day,trading_day,0,-0.2058168148378963
12yucwt,2023-04-25,FTSE_100,2023-04-25,same_day,trading_day,0,0.3036483480698532
137j2kz,2023-05-04,FTSE_100,2023-05-04,same_day,trading_day,0,0.1577139691573878
137zuhm,2023-05-04,FTSE_100,2023-05-04,same_day,trading_day,0,-0.2923136870376766
13c8296,2023-05-08,FTSE_100,2023-05-09,forward_nontrading,weekday_nontrading,1,-0.0312025044113397
13eaiea,2023-05-11,FTSE_100,2023-05-11,same_day,trading_day,0,0.0182612424039027
13eo757,2023-05-11,FTSE_100,2023-05-11,same_day,trading_day,0,-0.2309907138347625
13nahkt,2023-05-20,FTSE_100,2023-05-22,forward_nontrading,Saturday,2,0.0092573702678014
13nymsl,2023-05-21,FTSE_100,2023-05-22,forward_nontrading,Sunday,1,-0.0485098958015441
13suecd,2023-05-27,FTSE_100,2023-05-30,forward_nontrading,Saturday,3,0.0638628988177515
13vo4x8,2023-05-30,FTSE_100,2023-05-30,same_day,trading_day,0,0.2610121816038512
141k23n,2023-06-05,FTSE_100,2023-06-05,same_day,trading_day,0,0.0620360054142241
1453tou,2023-06-09,FTSE_100,2023-06-09,same_day,trading_day,0,-0.0022429072298109
145j8ns,2023-06-09,FTSE_100,2023-06-09,same_day,trading_day,0,0.5354521604254842
14aiafv,2023-06-16,FTSE_100,2023-06-16,same_day,trading_day,0,-0.1232856052617231
14dv2wx,2023-06-20,FTSE_100,2023-06-20,same_day,trading_day,0,-0.9383652526885272
14e7eyk,2023-06-20,FTSE_100,2023-06-20,same_day,trading_day,0,0.3036587439011782
14ewega,2023-06-21,FTSE_100,2023-06-21,same_day,trading_day,0,-0.0470925156426217
14fva3u,2023-06-22,FTSE_100,2023-06-22,same_day,trading_day,0,0.0099977701902389
14hkamk,2023-06-24,FTSE_100,2023-06-26,forward_nontrading,Saturday,2,0.0890963794663548
14jdsdo,2023-06-26,FTSE_100,2023-06-26,same_day,trading_day,0,-0.191293217241764
14jgjal,2023-06-26,FTSE_100,2023-06-26,same_day,trading_day,0,-0.191293217241764
14jgk7l,2023-06-26,FTSE_100,2023-06-26,same_day,trading_day,0,-0.191293217241764
14jjskr,2023-06-26,FTSE_100,2023-06-26,same_day,trading_day,0,-0.123435795137828
14n07ob,2023-06-30,FTSE_100,2023-06-30,same_day,trading_day,0,0.112241862147736
14qrdfg,2023-07-04,FTSE_100,2023-07-04,same_day,trading_day,0,0.1431198721441129
14rcggb,2023-07-05,FTSE_100,2023-07-05,same_day,trading_day,0,-0.0791420463550215
14rcgki,2023-07-05,FTSE_100,2023-07-05,same_day,trading_day,0,-0.0754044511122629
14t6uyb,2023-07-07,FTSE_100,2023-07-07,same_day,trading_day,0,-0.0156230740249156
14teoul,2023-07-07,FTSE_100,2023-07-07,same_day,trading_day,0,-0.1905231258521477
14th4q1,2023-07-07,FTSE_100,2023-07-07,same_day,trading_day,0,-0.191334567964077
14xjkol,2023-07-12,FTSE_100,2023-07-12,same_day,trading_day,0,-0.2290129951705845
14zskrk,2023-07-14,FTSE_100,2023-07-14,same_day,trading_day,0,-0.0625002164083222
15082sb,2023-07-15,FTSE_100,2023-07-17,forward_nontrading,Saturday,2,-0.0260168847162276
150ufum,2023-07-16,FTSE_100,2023-07-17,forward_nontrading,Sunday,1,-0.0710544135155422
1521i5v,2023-07-17,FTSE_100,2023-07-17,same_day,trading_day,0,-0.260754128471397
155izzq,2023-07-21,FTSE_100,2023-07-21,same_day,trading_day,0,0.3406053677744542
15bij5f,2023-07-28,FTSE_100,2023-07-28,same_day,trading_day,0,-0.1203486331924796
15bijxx,2023-07-28,FTSE_100,2023-07-28,same_day,trading_day,0,-0.1208150774613023
15c9eip,2023-07-28,FTSE_100,2023-07-28,same_day,trading_day,0,-0.0381228782081355
15d3255,2023-07-29,FTSE_100,2023-07-31,forward_nontrading,Saturday,2,-0.0437603215686976
15f5lcb,2023-08-01,FTSE_100,2023-08-01,same_day,trading_day,0,0.2367315962910652
15h5ay6,2023-08-03,FTSE_100,2023-08-03,same_day,trading_day,0,-0.2474000724879178
15m7ngy,2023-08-09,FTSE_100,2023-08-09,same_day,trading_day,0,-0.1408762919406096
15mezrv,2023-08-09,FTSE_100,2023-08-09,same_day,trading_day,0,-0.289583949993054
15nek5k,2023-08-10,FTSE_100,2023-08-10,same_day,trading_day,0,0.0018947390781249
15nv1g6,2023-08-11,FTSE_100,2023-08-11,same_day,trading_day,0,-0.052567837643437
15oc2b0,2023-08-11,FTSE_100,2023-08-11,same_day,trading_day,0,0.3252252105157822
15qj3rr,2023-08-14,FTSE_100,2023-08-14,same_day,trading_day,0,0.0930937398225069
15qqc0p,2023-08-14,FTSE_100,2023-08-14,same_day,trading_day,0,0.3163555370022853
15sqnly,2023-08-16,FTSE_100,2023-08-16,same_day,trading_day,0,0.0752178244292736
15t69d3,2023-08-16,FTSE_100,2023-08-16,same_day,trading_day,0,-0.0857571568340063
15t6at1,2023-08-16,FTSE_100,2023-08-16,same_day,trading_day,0,-0.0857571568340063
15tu6kq,2023-08-17,FTSE_100,2023-08-17,same_day,trading_day,0,-0.3099776373377867
15w6l0p,2023-08-20,FTSE_100,2023-08-21,forward_nontrading,Sunday,1,-0.1887021688744425
15zzmoe,2023-08-24,FTSE_100,2023-08-24,same_day,trading_day,0,0.0482773279978169
160ux70,2023-08-25,FTSE_100,2023-08-25,same_day,trading_day,0,-0.1870503999778757
162z3ak,2023-08-27,FTSE_100,2023-08-29,forward_nontrading,Sunday,2,0.4777652211487293
163o0x6,2023-08-28,FTSE_100,2023-08-29,forward_nontrading,weekday_nontrading,1,-0.0168210170813836
16477ar,2023-08-29,FTSE_100,2023-08-29,same_day,trading_day,0,-0.2473272336288713
1652pk2,2023-08-30,FTSE_100,2023-08-30,same_day,trading_day,0,-0.1408092655862371
165no25,2023-08-30,FTSE_100,2023-08-30,same_day,trading_day,0,-0.1703659216873347
168co3h,2023-09-02,FTSE_100,2023-09-04,forward_nontrading,Saturday,2,0.0667273174816121
168sy3g,2023-09-03,FTSE_100,2023-09-04,forward_nontrading,Sunday,1,0.1780764318204351
16bg0gg,2023-09-06,FTSE_100,2023-09-06,same_day,trading_day,0,0.1660856882420679
16dksyo,2023-09-08,FTSE_100,2023-09-08,same_day,trading_day,0,-0.7698657233268023
16gwy4v,2023-09-12,FTSE_100,2023-09-12,same_day,trading_day,0,0.1086121164705781
16l73yj,2023-09-17,FTSE_100,2023-09-18,forward_nontrading,Sunday,1,-0.3056006290018558
16me7z3,2023-09-19,FTSE_100,2023-09-19,same_day,trading_day,0,-0.1645086444914341
16r3aqd,2023-09-24,FTSE_100,2023-09-25,forward_nontrading,Sunday,1,-0.2287221658974886
16r5q7y,2023-09-24,FTSE_100,2023-09-25,forward_nontrading,Sunday,1,-0.0299478458861509
16ss6sv,2023-09-26,FTSE_100,2023-09-26,same_day,trading_day,0,-0.065241806829969
170i6pl,2023-10-05,FTSE_100,2023-10-05,same_day,trading_day,0,0.1489973021408831
1729yhj,2023-10-07,FTSE_100,2023-10-09,forward_nontrading,Saturday,2,-0.0639841681854291
1736kte,2023-10-08,FTSE_100,2023-10-09,forward_nontrading,Sunday,1,-0.1862765112891793
173kq3w,2023-10-09,FTSE_100,2023-10-09,same_day,trading_day,0,0.1108875953788427
173y8qf,2023-10-09,FTSE_100,2023-10-09,same_day,trading_day,0,0.0050473004579544
174g82u,2023-10-10,FTSE_100,2023-10-10,same_day,trading_day,0,0.1163206468336284
176vppb,2023-10-13,FTSE_100,2023-10-13,same_day,trading_day,0,-0.1592902539830122
176wu9f,2023-10-13,FTSE_100,2023-10-13,same_day,trading_day,0,-0.1256762226733068
17a6v24,2023-10-17,FTSE_100,2023-10-17,same_day,trading_day,0,-0.0355782012920826
17bwq5a,2023-10-19,FTSE_100,2023-10-19,same_day,trading_day,0,-0.4011939340271055
17duk0z,2023-10-22,FTSE_100,2023-10-23,forward_nontrading,Sunday,1,0.397772974525155
17e5io5,2023-10-22,FTSE_100,2023-10-23,forward_nontrading,Sunday,1,-0.2172879405530556
17em12b,2023-10-23,FTSE_100,2023-10-23,same_day,trading_day,0,-0.0324201607145369
17hrlq0,2023-10-27,FTSE_100,2023-10-27,same_day,trading_day,0,-0.2426666770285616
17izo63,2023-10-29,FTSE_100,2023-10-30,forward_nontrading,Sunday,1,0.0425187414512038
17jbivb,2023-10-29,FTSE_100,2023-10-30,forward_nontrading,Sunday,1,0.3277862883658837
17s3phw,2023-11-10,FTSE_100,2023-11-10,same_day,trading_day,0,-0.0837925286032259
17s3qo9,2023-11-10,FTSE_100,2023-11-10,same_day,trading_day,0,-0.0837925286032259
17t0uun,2023-11-11,FTSE_100,2023-11-13,forward_nontrading,Saturday,2,0.0330773213257392
186oiiz,2023-11-29,FTSE_100,2023-11-29,same_day,trading_day,0,0.2051608715182504
1896uwa,2023-12-02,FTSE_100,2023-12-04,forward_nontrading,Saturday,2,-0.3315662530561288
18a09bh,2023-12-03,FTSE_100,2023-12-04,forward_nontrading,Sunday,1,-0.3069328176194524
18aom4f,2023-12-04,FTSE_100,2023-12-04,same_day,trading_day,0,-0.2241238669957965
18aqnui,2023-12-04,FTSE_100,2023-12-04,same_day,trading_day,0,0.23913309792988
18i16l1,2023-12-14,FTSE_100,2023-12-14,same_day,trading_day,0,-0.2285176933122177
18iskvy,2023-12-15,FTSE_100,2023-12-15,same_day,trading_day,0,-0.1636869851499796
18ktdx6,2023-12-17,FTSE_100,2023-12-18,forward_nontrading,Sunday,1,0.0035785702792437
18l7r7t,2023-12-18,FTSE_100,2023-12-18,same_day,trading_day,0,-0.0782859109499505
18l7tw8,2023-12-18,FTSE_100,2023-12-18,same_day,trading_day,0,-0.076972127986559
18l7zzv,2023-12-18,FTSE_100,2023-12-18,same_day,trading_day,0,-0.076047361963361
18m4mpu,2023-12-19,FTSE_100,2023-12-19,same_day,trading_day,0,0.0615115707643844
18oyw5m,2023-12-23,FTSE_100,2023-12-27,forward_nontrading,Saturday,4,0.0300380232511088
18qjlzb,2023-12-25,FTSE_100,2023-12-27,forward_nontrading,weekday_nontrading,2,-0.0870081674307584
18qncu3,2023-12-25,FTSE_100,2023-12-27,forward_nontrading,weekday_nontrading,2,-0.0803233602782711
18qw6u1,2023-12-26,FTSE_100,2023-12-27,forward_nontrading,weekday_nontrading,1,0.2339442360892215
18r7oag,2023-12-26,FTSE_100,2023-12-27,forward_nontrading,weekday_nontrading,1,-0.0750342281535267
18r7sjd,2023-12-26,FTSE_100,2023-12-27,forward_nontrading,weekday_nontrading,1,-0.0976908226780917
18tnoks,2023-12-29,FTSE_100,2023-12-29,same_day,trading_day,0,0.0048189260664263
18tnu9o,2023-12-29,FTSE_100,2023-12-29,same_day,trading_day,0,0.005321566082005
18u0u37,2023-12-29,FTSE_100,2023-12-29,same_day,trading_day,0,0.1074848724529147
kpjvhs,2021-01-03,WIG20,2021-01-04,forward_nontrading,Sunday,1,0.0267215295613784
kspxe3,2021-01-07,WIG20,2021-01-07,same_day,trading_day,0,0.336831514001824
kt6slu,2021-01-08,WIG20,2021-01-08,same_day,trading_day,0,0.0052259086320797
kzggfz,2021-01-17,WIG20,2021-01-18,forward_nontrading,Sunday,1,-0.0028282188706927
kzzabs,2021-01-18,WIG20,2021-01-18,same_day,trading_day,0,-0.0046202760870353
l1udjk,2021-01-21,WIG20,2021-01-21,same_day,trading_day,0,0.3381085558561608
l45p5x,2021-01-24,WIG20,2021-01-25,forward_nontrading,Sunday,1,-0.0964394633968671
la7g07,2021-02-01,WIG20,2021-02-01,same_day,trading_day,0,0.0621185224425668
lamya4,2021-02-02,WIG20,2021-02-02,same_day,trading_day,0,-0.2356191715225577
lcdbmq,2021-02-04,WIG20,2021-02-04,same_day,trading_day,0,0.0954588307067751
lcduke,2021-02-04,WIG20,2021-02-04,same_day,trading_day,0,0.1182091679625414
ld2r3o,2021-02-05,WIG20,2021-02-05,same_day,trading_day,0,0.1878617819165811
ld4dpg,2021-02-05,WIG20,2021-02-05,same_day,trading_day,0,0.0132020310740227
ldgc85,2021-02-05,WIG20,2021-02-05,same_day,trading_day,0,0.2229313809735079
lgyv2v,2021-02-10,WIG20,2021-02-10,same_day,trading_day,0,-0.0562053024768829
li0rpg,2021-02-12,WIG20,2021-02-12,same_day,trading_day,0,0.0720571026361236
li0sz1,2021-02-12,WIG20,2021-02-12,same_day,trading_day,0,0.0720571026361236
ljtc9i,2021-02-14,WIG20,2021-02-15,forward_nontrading,Sunday,1,-0.011074599106038
lk475o,2021-02-15,WIG20,2021-02-15,same_day,trading_day,0,0.0650974407947311
lkuu1v,2021-02-16,WIG20,2021-02-16,same_day,trading_day,0,0.1190315158067581
llb0bs,2021-02-16,WIG20,2021-02-16,same_day,trading_day,0,0.0219851228608084
lmb8jc,2021-02-18,WIG20,2021-02-18,same_day,trading_day,0,0.3765704035633117
ln5gd5,2021-02-19,WIG20,2021-02-19,same_day,trading_day,0,-0.135077327877904
lrclcc,2021-02-24,WIG20,2021-02-24,same_day,trading_day,0,-0.2145538447158677
lyjaja,2021-03-05,WIG20,2021-03-05,same_day,trading_day,0,0.0442173663953629
mfbyli,2021-03-28,WIG20,2021-03-29,forward_nontrading,Sunday,1,0.0891614629093695
mfxofg,2021-03-29,WIG20,2021-03-29,same_day,trading_day,0,-0.1131788973189607
mfxp8v,2021-03-29,WIG20,2021-03-29,same_day,trading_day,0,-0.1131788973189607
mi5ox3,2021-04-01,WIG20,2021-04-01,same_day,trading_day,0,-0.8755818214267492
mnurtq,2021-04-10,WIG20,2021-04-12,forward_nontrading,Saturday,2,-0.0680343858336775
mnxqjx,2021-04-10,WIG20,2021-04-12,forward_nontrading,Saturday,2,-0.0510738417506217
mpfnps,2021-04-12,WIG20,2021-04-12,same_day,trading_day,0,-0.4232758227735758
mpfpx5,2021-04-12,WIG20,2021-04-12,same_day,trading_day,0,-0.4232758227735758
mq36w5,2021-04-13,WIG20,2021-04-13,same_day,trading_day,0,-0.3606886565685272
muvjjo,2021-04-20,WIG20,2021-04-20,same_day,trading_day,0,-0.4864287902601063
n1cy2n,2021-04-29,WIG20,2021-04-29,same_day,trading_day,0,0.2265998545501913
n1z2fv,2021-04-30,WIG20,2021-04-30,same_day,trading_day,0,0.4511383918627184
n93q2k,2021-05-10,WIG20,2021-05-10,same_day,trading_day,0,-0.0704615110797541
ngsgcn,2021-05-20,WIG20,2021-05-20,same_day,trading_day,0,-0.0436379287253927
nizpwz,2021-05-23,WIG20,2021-05-24,forward_nontrading,Sunday,1,-0.0405759594092766
nnn1og,2021-05-29,WIG20,2021-05-31,forward_nontrading,Saturday,2,0.3219933239195277
nnoiu1,2021-05-29,WIG20,2021-05-31,forward_nontrading,Saturday,2,0.3213525738786248
npxkx3,2021-06-01,WIG20,2021-06-01,same_day,trading_day,0,-0.1130787700298242
nv2huz,2021-06-08,WIG20,2021-06-08,same_day,trading_day,0,-0.6186492309960372
nxsjq7,2021-06-11,WIG20,2021-06-11,same_day,trading_day,0,-0.0930302407398509
nxskls,2021-06-11,WIG20,2021-06-11,same_day,trading_day,0,-0.0929418488832501
o0mwiu,2021-06-15,WIG20,2021-06-15,same_day,trading_day,0,0.0119175954129208
o9sk5d,2021-06-28,WIG20,2021-06-28,same_day,trading_day,0,0.1778556299085418
obh4gv,2021-07-01,WIG20,2021-07-01,same_day,trading_day,0,-0.1482347610704216
od5uhw,2021-07-03,WIG20,2021-07-05,forward_nontrading,Saturday,2,-0.1353878768902548
oiyn90,2021-07-12,WIG20,2021-07-12,same_day,trading_day,0,-0.017736879975668
oiyobv,2021-07-12,WIG20,2021-07-12,same_day,trading_day,0,-0.0638810110588868
oqe9r3,2021-07-23,WIG20,2021-07-23,same_day,trading_day,0,-0.1634111651607478
oqeadg,2021-07-23,WIG20,2021-07-23,same_day,trading_day,0,-0.1635051328145588
ou2ht3,2021-07-29,WIG20,2021-07-29,same_day,trading_day,0,0.1576086122387399
ouyk6c,2021-07-31,WIG20,2021-08-02,forward_nontrading,Saturday,2,-0.1259907276796487
ouykv9,2021-07-31,WIG20,2021-08-02,forward_nontrading,Saturday,2,-0.1259010202057349
pc3h3m,2021-08-26,WIG20,2021-08-26,same_day,trading_day,0,-0.2197948857778456
pl5mt1,2021-09-09,WIG20,2021-09-09,same_day,trading_day,0,0.1649852681818396
pl5nmj,2021-09-09,WIG20,2021-09-09,same_day,trading_day,0,0.1649852681818396
pltxcf,2021-09-10,WIG20,2021-09-10,same_day,trading_day,0,0.0074879329636572
pltxl5,2021-09-10,WIG20,2021-09-10,same_day,trading_day,0,0.0070344487006669
prztls,2021-09-20,WIG20,2021-09-20,same_day,trading_day,0,-0.2479507087596825
pv6k8t,2021-09-25,WIG20,2021-09-27,forward_nontrading,Saturday,2,-0.1622834741310388
pzjk2y,2021-10-01,WIG20,2021-10-01,same_day,trading_day,0,-0.1251131043109732
pzjkyw,2021-10-01,WIG20,2021-10-01,same_day,trading_day,0,-0.1262649265467189
q0gvxi,2021-10-03,WIG20,2021-10-04,forward_nontrading,Sunday,1,0.9095829371362923
q1y452,2021-10-05,WIG20,2021-10-05,same_day,trading_day,0,0.1851781075820326
q6vnlh,2021-10-12,WIG20,2021-10-12,same_day,trading_day,0,-0.1208607148379087
quks48,2021-11-15,WIG20,2021-11-15,same_day,trading_day,0,-0.0438211852345954
qvi2d8,2021-11-16,WIG20,2021-11-16,same_day,trading_day,0,0.0010791712750991
r0dk0r,2021-11-23,WIG20,2021-11-23,same_day,trading_day,0,-0.2726633501505213
r1643r,2021-11-24,WIG20,2021-11-24,same_day,trading_day,0,-0.0973020749937357
r6o8i1,2021-12-01,WIG20,2021-12-01,same_day,trading_day,0,-0.2157598350729261
rbrrls,2021-12-08,WIG20,2021-12-08,same_day,trading_day,0,-0.2193974333653307
rdcr0o,2021-12-10,WIG20,2021-12-10,same_day,trading_day,0,0.0083904713392257
rf06a5,2021-12-12,WIG20,2021-12-13,forward_nontrading,Sunday,1,-0.0384176783263683
rffzwj,2021-12-13,WIG20,2021-12-13,same_day,trading_day,0,-0.1199829927867367
rh9r5u,2021-12-15,WIG20,2021-12-15,same_day,trading_day,0,0.2563302479943053
rm21sg,2021-12-22,WIG20,2021-12-22,same_day,trading_day,0,-0.0566721875220537
rmvjyr,2021-12-23,WIG20,2021-12-23,same_day,trading_day,0,-0.1804212760180235
rr8mmm,2021-12-29,WIG20,2021-12-29,same_day,trading_day,0,0.0725156337241915
rstzza,2021-12-31,WIG20,2022-01-03,forward_nontrading,weekday_nontrading,3,-0.1856924097886995
rv1t6f,2022-01-03,WIG20,2022-01-03,same_day,trading_day,0,-0.0338769379410553
s0jkuu,2022-01-10,WIG20,2022-01-10,same_day,trading_day,0,0.0026789637105095
s1cqnd,2022-01-11,WIG20,2022-01-11,same_day,trading_day,0,-0.0145441192601408
s2dle3,2022-01-12,WIG20,2022-01-12,same_day,trading_day,0,-0.2758415777236223
s3sdc9,2022-01-14,WIG20,2022-01-14,same_day,trading_day,0,-0.3340867477883067
s4mzeq,2022-01-15,WIG20,2022-01-17,forward_nontrading,Saturday,2,0.0499944407492876
s5jx2k,2022-01-16,WIG20,2022-01-17,forward_nontrading,Sunday,1,-0.3051459062844515
s6gs28,2022-01-17,WIG20,2022-01-17,same_day,trading_day,0,0.173132107264417
s6vcjw,2022-01-18,WIG20,2022-01-18,same_day,trading_day,0,0.0494123771786689
s7uvtg,2022-01-19,WIG20,2022-01-19,same_day,trading_day,0,-0.1601333580911159
s89ffn,2022-01-20,WIG20,2022-01-20,same_day,trading_day,0,0.1893704280082602
s8ixn4,2022-01-20,WIG20,2022-01-20,same_day,trading_day,0,0.0048856386228611
s8lqnd,2022-01-20,WIG20,2022-01-20,same_day,trading_day,0,-0.0540425274521112
s8q7k8,2022-01-20,WIG20,2022-01-20,same_day,trading_day,0,-0.2869238220155239
s8r22u,2022-01-20,WIG20,2022-01-20,same_day,trading_day,0,0.0120285751298069
s930ds,2022-01-21,WIG20,2022-01-21,same_day,trading_day,0,-0.0706563759595155
s94z2c,2022-01-21,WIG20,2022-01-21,same_day,trading_day,0,-0.9308290295302868
s9afyk,2022-01-21,WIG20,2022-01-21,same_day,trading_day,0,-0.1587099801639423
s9j6s8,2022-01-21,WIG20,2022-01-21,same_day,trading_day,0,-0.2534964032132517
s9nzs4,2022-01-21,WIG20,2022-01-21,same_day,trading_day,0,0.0243837367743253
sa2p02,2022-01-22,WIG20,2022-01-24,forward_nontrading,Saturday,2,-0.4461039192974567
sagrpp,2022-01-23,WIG20,2022-01-24,forward_nontrading,Sunday,1,0.2262151697650551
sawy4h,2022-01-23,WIG20,2022-01-24,forward_nontrading,Sunday,1,-0.7614059560000896
sbf7ev,2022-01-24,WIG20,2022-01-24,same_day,trading_day,0,-0.3136823642998934
sbh0ze,2022-01-24,WIG20,2022-01-24,same_day,trading_day,0,-0.2431393079459667
sbhj4a,2022-01-24,WIG20,2022-01-24,same_day,trading_day,0,-0.6528668981045485
sbi7h9,2022-01-24,WIG20,2022-01-24,same_day,trading_day,0,-0.2228374257683754
sbmcdj,2022-01-24,WIG20,2022-01-24,same_day,trading_day,0,-0.0637141040272333
sbnzyq,2022-01-24,WIG20,2022-01-24,same_day,trading_day,0,-0.2796882123996814
sbt6jm,2022-01-24,WIG20,2022-01-24,same_day,trading_day,0,-0.3814960659947246
sbudls,2022-01-24,WIG20,2022-01-24,same_day,trading_day,0,-0.1832056171260774
sc8xtm,2022-01-25,WIG20,2022-01-25,same_day,trading_day,0,-0.1158108780781427
scda8w,2022-01-25,WIG20,2022-01-25,same_day,trading_day,0,-0.0356907940336636
scdbou,2022-01-25,WIG20,2022-01-25,same_day,trading_day,0,-0.0367822680308158
scdw2q,2022-01-25,WIG20,2022-01-25,same_day,trading_day,0,-0.1257590333975496
sceou8,2022-01-25,WIG20,2022-01-25,same_day,trading_day,0,-0.4588110054610297
scevtz,2022-01-25,WIG20,2022-01-25,same_day,trading_day,0,-0.0163283441588282
scje9u,2022-01-25,WIG20,2022-01-25,same_day,trading_day,0,0.0045578740537166
sd1ldk,2022-01-26,WIG20,2022-01-26,same_day,trading_day,0,-0.2783094898375841
sd61tk,2022-01-26,WIG20,2022-01-26,same_day,trading_day,0,0.0135998406580515
sda0x4,2022-01-26,WIG20,2022-01-26,same_day,trading_day,0,-0.711345138028264
sdb5vw,2022-01-26,WIG20,2022-01-26,same_day,trading_day,0,0.1312641682103276
sdylza,2022-01-27,WIG20,2022-01-27,same_day,trading_day,0,0.122349751751042
sebgj6,2022-01-27,WIG20,2022-01-27,same_day,trading_day,0,0.0419695981379066
sef1mq,2022-01-28,WIG20,2022-01-28,same_day,trading_day,0,-0.0123814694583415
seiwji,2022-01-28,WIG20,2022-01-28,same_day,trading_day,0,-0.1939165593590587
sekpsr,2022-01-28,WIG20,2022-01-28,same_day,trading_day,0,-0.291669336768488
seq1w8,2022-01-28,WIG20,2022-01-28,same_day,trading_day,0,0.0201932098716497
sersoz,2022-01-28,WIG20,2022-01-28,same_day,trading_day,0,-0.2910906299948692
seuxct,2022-01-28,WIG20,2022-01-28,same_day,trading_day,0,0.0127657275518466
sg0anh,2022-01-30,WIG20,2022-01-31,forward_nontrading,Sunday,1,-0.0187256634235382
sgedvt,2022-01-30,WIG20,2022-01-31,forward_nontrading,Sunday,1,-0.1544276446636234
sgtvgm,2022-01-31,WIG20,2022-01-31,same_day,trading_day,0,-0.470810012659058
sgz278,2022-01-31,WIG20,2022-01-31,same_day,trading_day,0,-0.2309402574954384
si8dxu,2022-02-01,WIG20,2022-02-01,same_day,trading_day,0,-0.9403544971719384
si8f6r,2022-02-01,WIG20,2022-02-01,same_day,trading_day,0,-0.0099711455404758
sib3st,2022-02-02,WIG20,2022-02-02,same_day,trading_day,0,-0.294111312367022
sio0ge,2022-02-02,WIG20,2022-02-02,same_day,trading_day,0,0.095095761725679
sipwr9,2022-02-02,WIG20,2022-02-02,same_day,trading_day,0,0.1859890670564614
skuxyr,2022-02-05,WIG20,2022-02-07,forward_nontrading,Saturday,2,-0.1811416178409542
skyvmb,2022-02-05,WIG20,2022-02-07,forward_nontrading,Saturday,2,0.0091346171568147
slkgq6,2022-02-05,WIG20,2022-02-07,forward_nontrading,Saturday,2,-0.0309552941471338
sm6vya,2022-02-06,WIG20,2022-02-07,forward_nontrading,Sunday,1,0.0091530978679656
smsd96,2022-02-07,WIG20,2022-02-07,same_day,trading_day,0,0.018656984809786
snjpyg,2022-02-08,WIG20,2022-02-08,same_day,trading_day,0,-0.1824989144436337
soehvp,2022-02-09,WIG20,2022-02-09,same_day,trading_day,0,-0.9483943767845632
soejt5,2022-02-09,WIG20,2022-02-09,same_day,trading_day,0,-0.3167668469250202
spw58i,2022-02-11,WIG20,2022-02-11,same_day,trading_day,0,0.0411716718226671
sq62oa,2022-02-11,WIG20,2022-02-11,same_day,trading_day,0,-0.1416635926333115
sq74vn,2022-02-11,WIG20,2022-02-11,same_day,trading_day,0,-0.0416172938421368
sq7an3,2022-02-11,WIG20,2022-02-11,same_day,trading_day,0,-0.1193428575061261
sq8b4f,2022-02-11,WIG20,2022-02-11,same_day,trading_day,0,0.0146460309624671
sqcxgo,2022-02-11,WIG20,2022-02-11,same_day,trading_day,0,0.0163232054067205
sqd30g,2022-02-11,WIG20,2022-02-11,same_day,trading_day,0,-0.5788502618670464
sqgv0r,2022-02-12,WIG20,2022-02-14,forward_nontrading,Saturday,2,-0.0067104859543698
sqou5g,2022-02-12,WIG20,2022-02-14,forward_nontrading,Saturday,2,-0.0744330930756405
squhx1,2022-02-12,WIG20,2022-02-14,forward_nontrading,Saturday,2,-0.5570773409369091
squqrl,2022-02-12,WIG20,2022-02-14,forward_nontrading,Saturday,2,-0.0067473715753294
squt89,2022-02-12,WIG20,2022-02-14,forward_nontrading,Saturday,2,-0.0027075405659464
sqvm4k,2022-02-12,WIG20,2022-02-14,forward_nontrading,Saturday,2,-0.1295407484285533
sqwyoo,2022-02-12,WIG20,2022-02-14,forward_nontrading,Saturday,2,0.2861536578275263
sr44uv,2022-02-12,WIG20,2022-02-14,forward_nontrading,Saturday,2,-0.2590173021308146
sr4y85,2022-02-13,WIG20,2022-02-14,forward_nontrading,Sunday,1,-0.8884642794728279
sr5nn5,2022-02-13,WIG20,2022-02-14,forward_nontrading,Sunday,1,0.1635690226685255
srduf2,2022-02-13,WIG20,2022-02-14,forward_nontrading,Sunday,1,-0.0836807466422517
srn05e,2022-02-13,WIG20,2022-02-14,forward_nontrading,Sunday,1,-0.3697437436785549
srqdvf,2022-02-13,WIG20,2022-02-14,forward_nontrading,Sunday,1,-0.3135620690882206
srsfwj,2022-02-13,WIG20,2022-02-14,forward_nontrading,Sunday,1,0.0019738860428333
ss0az4,2022-02-14,WIG20,2022-02-14,same_day,trading_day,0,-0.0312462483416311
ss7dan,2022-02-14,WIG20,2022-02-14,same_day,trading_day,0,-0.0190330527722835
ss7tiv,2022-02-14,WIG20,2022-02-14,same_day,trading_day,0,-0.8911121133714914
ssabp6,2022-02-14,WIG20,2022-02-14,same_day,trading_day,0,0.1909388181838122
ssbn9j,2022-02-14,WIG20,2022-02-14,same_day,trading_day,0,-0.3767813721050819
ssg772,2022-02-14,WIG20,2022-02-14,same_day,trading_day,0,-0.0112442262470722
ssnap1,2022-02-14,WIG20,2022-02-14,same_day,trading_day,0,0.066206033402325
ssoy5t,2022-02-15,WIG20,2022-02-15,same_day,trading_day,0,0.0140957497060298
ssptn5,2022-02-15,WIG20,2022-02-15,same_day,trading_day,0,0.0098934285342693
ssr1fy,2022-02-15,WIG20,2022-02-15,same_day,trading_day,0,-0.098743200302124
ssr28z,2022-02-15,WIG20,2022-02-15,same_day,trading_day,0,-0.098743200302124
ssriy2,2022-02-15,WIG20,2022-02-15,same_day,trading_day,0,-0.0951453012724717
sss0wd,2022-02-15,WIG20,2022-02-15,same_day,trading_day,0,-0.3983824774622917
ssyn76,2022-02-15,WIG20,2022-02-15,same_day,trading_day,0,-0.2637516205819945
ssyoh3,2022-02-15,WIG20,2022-02-15,same_day,trading_day,0,-0.2918435633182525
ssyuh9,2022-02-15,WIG20,2022-02-15,same_day,trading_day,0,-0.5516344755887985
st2ii4,2022-02-15,WIG20,2022-02-15,same_day,trading_day,0,-0.2014740076071272
st2yi8,2022-02-15,WIG20,2022-02-15,same_day,trading_day,0,0.1310487664860687
st2zhx,2022-02-15,WIG20,2022-02-15,same_day,trading_day,0,0.1346318116341012
st8l1g,2022-02-15,WIG20,2022-02-15,same_day,trading_day,0,0.0195959992706775
stc5gu,2022-02-15,WIG20,2022-02-15,same_day,trading_day,0,-0.7457840666174889
sth0f5,2022-02-15,WIG20,2022-02-15,same_day,trading_day,0,0.0769118489292652
stutl4,2022-02-16,WIG20,2022-02-16,same_day,trading_day,0,0.0502519659401679
stw8a7,2022-02-16,WIG20,2022-02-16,same_day,trading_day,0,-0.0031168392941921
stw9kr,2022-02-16,WIG20,2022-02-16,same_day,trading_day,0,-0.0144257702602025
stwy68,2022-02-16,WIG20,2022-02-16,same_day,trading_day,0,-0.1391335567976865
su8mti,2022-02-16,WIG20,2022-02-16,same_day,trading_day,0,0.28965214238717
suonte,2022-02-17,WIG20,2022-02-17,same_day,trading_day,0,-0.0271468635958929
suop45,2022-02-17,WIG20,2022-02-17,same_day,trading_day,0,-0.0289410025669404
suoq1p,2022-02-17,WIG20,2022-02-17,same_day,trading_day,0,-0.0669261137752429
supsuu,2022-02-17,WIG20,2022-02-17,same_day,trading_day,0,-0.324368777464291
sushxc,2022-02-17,WIG20,2022-02-17,same_day,trading_day,0,-0.0224564734380692
sut5zy,2022-02-17,WIG20,2022-02-17,same_day,trading_day,0,-0.6415039265993983
suxh4e,2022-02-17,WIG20,2022-02-17,same_day,trading_day,0,-0.943143006414175
sv171w,2022-02-17,WIG20,2022-02-17,same_day,trading_day,0,0.0334145622017483
svj336,2022-02-18,WIG20,2022-02-18,same_day,trading_day,0,-0.423030679255886
svngsk,2022-02-18,WIG20,2022-02-18,same_day,trading_day,0,-0.3120378302410245
svrtfz,2022-02-18,WIG20,2022-02-18,same_day,trading_day,0,-0.3007615283131599
svthaf,2022-02-18,WIG20,2022-02-18,same_day,trading_day,0,-0.052988102659583
svuz8g,2022-02-18,WIG20,2022-02-18,same_day,trading_day,0,-0.0919943397332515
sw13cg,2022-02-19,WIG20,2022-02-21,forward_nontrading,Saturday,2,0.1441325778141617
sw1sk4,2022-02-19,WIG20,2022-02-21,forward_nontrading,Saturday,2,-0.1165035928638341
sw1uge,2022-02-19,WIG20,2022-02-21,forward_nontrading,Saturday,2,-0.1163681159300419
sw22s2,2022-02-19,WIG20,2022-02-21,forward_nontrading,Saturday,2,-0.949588043615222
sw23om,2022-02-19,WIG20,2022-02-21,forward_nontrading,Saturday,2,-0.9427290931344032
sw4b5n,2022-02-19,WIG20,2022-02-21,forward_nontrading,Saturday,2,-0.9075227864086628
sw5ora,2022-02-19,WIG20,2022-02-21,forward_nontrading,Saturday,2,-0.2725183817424945
sw76mr,2022-02-19,WIG20,2022-02-21,forward_nontrading,Saturday,2,-0.0187256634235382
sw8kax,2022-02-19,WIG20,2022-02-21,forward_nontrading,Saturday,2,-0.1166148697957396
swfnob,2022-02-19,WIG20,2022-02-21,forward_nontrading,Saturday,2,-0.0030449070036411
swgkw1,2022-02-19,WIG20,2022-02-21,forward_nontrading,Saturday,2,-0.2685168509682019
swh31m,2022-02-19,WIG20,2022-02-21,forward_nontrading,Saturday,2,-0.1463066272748013
swh995,2022-02-19,WIG20,2022-02-21,forward_nontrading,Saturday,2,-0.1702365949749946
sx443g,2022-02-20,WIG20,2022-02-21,forward_nontrading,Sunday,1,0.4166662730276584
sx618f,2022-02-20,WIG20,2022-02-21,forward_nontrading,Sunday,1,-0.1412347555160522
sxe73d,2022-02-20,WIG20,2022-02-21,forward_nontrading,Sunday,1,-0.3672744962810115
sxebr3,2022-02-20,WIG20,2022-02-21,forward_nontrading,Sunday,1,-0.2867313681377305
sxefab,2022-02-20,WIG20,2022-02-21,forward_nontrading,Sunday,1,0.0212640585377812
sxi55o,2022-02-21,WIG20,2022-02-21,same_day,trading_day,0,-0.0289829447865486
sxinf1,2022-02-21,WIG20,2022-02-21,same_day,trading_day,0,-0.0252121884582771
sxl9g8,2022-02-21,WIG20,2022-02-21,same_day,trading_day,0,-0.3112559560220688
sxw632,2022-02-21,WIG20,2022-02-21,same_day,trading_day,0,0.0073883980512619
sy6lex,2022-02-21,WIG20,2022-02-21,same_day,trading_day,0,-0.4224066906608641
sy6u2l,2022-02-21,WIG20,2022-02-21,same_day,trading_day,0,-0.1620592353865504
sy759u,2022-02-21,WIG20,2022-02-21,same_day,trading_day,0,-0.2924307786992618
sy7mvx,2022-02-21,WIG20,2022-02-21,same_day,trading_day,0,-0.5077306347795658
sy7n4e,2022-02-21,WIG20,2022-02-21,same_day,trading_day,0,-0.0369833645721276
sycjd5,2022-02-22,WIG20,2022-02-22,same_day,trading_day,0,-0.379687449096569
sygjdx,2022-02-22,WIG20,2022-02-22,same_day,trading_day,0,-0.1930276894321044
syjpok,2022-02-22,WIG20,2022-02-22,same_day,trading_day,0,-0.8922795224934816
synegr,2022-02-22,WIG20,2022-02-22,same_day,trading_day,0,-0.5623829025560273
synkl5,2022-02-22,WIG20,2022-02-22,same_day,trading_day,0,0.0082208062463168
synm3s,2022-02-22,WIG20,2022-02-22,same_day,trading_day,0,0.0200221612810706
syooq7,2022-02-22,WIG20,2022-02-22,same_day,trading_day,0,-0.2616912970446389
syopu2,2022-02-22,WIG20,2022-02-22,same_day,trading_day,0,0.2228439620812423
sypxqs,2022-02-22,WIG20,2022-02-22,same_day,trading_day,0,-0.313842361792922
sysniy,2022-02-22,WIG20,2022-02-22,same_day,trading_day,0,-0.0166265261492558
syss2v,2022-02-22,WIG20,2022-02-22,same_day,trading_day,0,-0.5350393135514525
syt3vw,2022-02-22,WIG20,2022-02-22,same_day,trading_day,0,0.0533136650919914
sywaso,2022-02-22,WIG20,2022-02-22,same_day,trading_day,0,-0.1541168689727783
syyfuw,2022-02-22,WIG20,2022-02-22,same_day,trading_day,0,-0.0471561709418892
syyxww,2022-02-22,WIG20,2022-02-22,same_day,trading_day,0,-0.114288102494689
syzoi2,2022-02-22,WIG20,2022-02-22,same_day,trading_day,0,-0.0689080622313278
sz0och,2022-02-22,WIG20,2022-02-22,same_day,trading_day,0,-0.0163246660958975
sz2ajo,2022-02-22,WIG20,2022-02-22,same_day,trading_day,0,-0.0506350672803819
sz5yix,2022-02-23,WIG20,2022-02-23,same_day,trading_day,0,-0.007788493608435
szan41,2022-02-23,WIG20,2022-02-23,same_day,trading_day,0,-0.130315251648426
szds0e,2022-02-23,WIG20,2022-02-23,same_day,trading_day,0,0.0291547344710964
sze4dh,2022-02-23,WIG20,2022-02-23,same_day,trading_day,0,-0.0304236393421888
szgrnt,2022-02-23,WIG20,2022-02-23,same_day,trading_day,0,-0.3402261588545072
szha09,2022-02-23,WIG20,2022-02-23,same_day,trading_day,0,0.0395132737234234
sziitw,2022-02-23,WIG20,2022-02-23,same_day,trading_day,0,-0.0591927673150268
szm3nv,2022-02-23,WIG20,2022-02-23,same_day,trading_day,0,-0.5539570567198098
szmbyf,2022-02-23,WIG20,2022-02-23,same_day,trading_day,0,-0.2007998939603567
szxlow,2022-02-24,WIG20,2022-02-24,same_day,trading_day,0,0.0056995600461959
t009dd,2022-02-24,WIG20,2022-02-24,same_day,trading_day,0,-0.2595640349512298
t00xkk,2022-02-24,WIG20,2022-02-24,same_day,trading_day,0,-0.8997681364417076
t00xyw,2022-02-24,WIG20,2022-02-24,same_day,trading_day,0,-0.9432375440374016
t015yf,2022-02-24,WIG20,2022-02-24,same_day,trading_day,0,-0.2060816523929436
t01dub,2022-02-24,WIG20,2022-02-24,same_day,trading_day,0,-0.9453228833153844
t024b9,2022-02-24,WIG20,2022-02-24,same_day,trading_day,0,-0.4261349625885486
t027z5,2022-02-24,WIG20,2022-02-24,same_day,trading_day,0,-0.2086928082216117
t033bu,2022-02-24,WIG20,2022-02-24,same_day,trading_day,0,0.8385575637221336
t0345l,2022-02-24,WIG20,2022-02-24,same_day,trading_day,0,-0.2515575606375932
t03o0u,2022-02-24,WIG20,2022-02-24,same_day,trading_day,0,-0.2857206296175718
t03zlo,2022-02-24,WIG20,2022-02-24,same_day,trading_day,0,-0.4545170015189796
t042xm,2022-02-24,WIG20,2022-02-24,same_day,trading_day,0,-0.1407315930351614
t04o58,2022-02-24,WIG20,2022-02-24,same_day,trading_day,0,0.3735724873840809
t04ypf,2022-02-24,WIG20,2022-02-24,same_day,trading_day,0,0.1103103959725962
t0769b,2022-02-24,WIG20,2022-02-24,same_day,trading_day,0,-0.0179403703659772
t076q3,2022-02-24,WIG20,2022-02-24,same_day,trading_day,0,-0.0179403703659772
t07s83,2022-02-24,WIG20,2022-02-24,same_day,trading_day,0,0.0068943816180707
t092wf,2022-02-24,WIG20,2022-02-24,same_day,trading_day,0,-0.591060096397996
t097ua,2022-02-24,WIG20,2022-02-24,same_day,trading_day,0,-0.1955526309708754
t098jn,2022-02-24,WIG20,2022-02-24,same_day,trading_day,0,0.1138275999110192
t0apg3,2022-02-24,WIG20,2022-02-24,same_day,trading_day,0,-0.047070674598217
t0at06,2022-02-24,WIG20,2022-02-24,same_day,trading_day,0,-0.3727565743916092
t0c1ug,2022-02-24,WIG20,2022-02-24,same_day,trading_day,0,-0.2806754709504868
t0d2pe,2022-02-24,WIG20,2022-02-24,same_day,trading_day,0,-0.6184743873309344
t0da9y,2022-02-24,WIG20,2022-02-24,same_day,trading_day,0,-0.2075601491907781
t0dnew,2022-02-24,WIG20,2022-02-24,same_day,trading_day,0,-0.3321660578250885
t0dprd,2022-02-24,WIG20,2022-02-24,same_day,trading_day,0,-0.6033344153935711
t0fug7,2022-02-24,WIG20,2022-02-24,same_day,trading_day,0,-0.4623013138771057
t0fv4z,2022-02-24,WIG20,2022-02-24,same_day,trading_day,0,-0.4623013138771057
t0fvfc,2022-02-24,WIG20,2022-02-24,same_day,trading_day,0,-0.4623013138771057
t0helg,2022-02-24,WIG20,2022-02-24,same_day,trading_day,0,0.099406911060214
t0hlsn,2022-02-24,WIG20,2022-02-24,same_day,trading_day,0,-0.3872219823300838
t0hxl7,2022-02-24,WIG20,2022-02-24,same_day,trading_day,0,0.0248477980494499
t0il8q,2022-02-24,WIG20,2022-02-24,same_day,trading_day,0,-0.3131805062294006
t0j3st,2022-02-24,WIG20,2022-02-24,same_day,trading_day,0,0.0664532426744699
t0jd24,2022-02-24,WIG20,2022-02-24,same_day,trading_day,0,-0.5777296670712531
t0jeom,2022-02-24,WIG20,2022-02-24,same_day,trading_day,0,0.0047517903149127
t0l6hj,2022-02-24,WIG20,2022-02-24,same_day,trading_day,0,0.3118770122528076
t0lm69,2022-02-24,WIG20,2022-02-24,same_day,trading_day,0,-0.121206201147288
t0m4vc,2022-02-24,WIG20,2022-02-24,same_day,trading_day,0,-0.0006040893495082
t0mvvd,2022-02-24,WIG20,2022-02-24,same_day,trading_day,0,-0.399122674737803
t0nvcv,2022-02-24,WIG20,2022-02-24,same_day,trading_day,0,-0.144943482838571
t0odtg,2022-02-24,WIG20,2022-02-24,same_day,trading_day,0,-0.0592684307239121
t0oibe,2022-02-24,WIG20,2022-02-24,same_day,trading_day,0,-0.0652885768441078
t0olww,2022-02-24,WIG20,2022-02-24,same_day,trading_day,0,-0.1082308152690529
t0scwv,2022-02-25,WIG20,2022-02-25,same_day,trading_day,0,-0.2692752820439636
t0tyeg,2022-02-25,WIG20,2022-02-25,same_day,trading_day,0,-0.9036902636289595
t0vmj2,2022-02-25,WIG20,2022-02-25,same_day,trading_day,0,-0.3157521430402994
t0wnq8,2022-02-25,WIG20,2022-02-25,same_day,trading_day,0,-0.9036902636289595
t0wukh,2022-02-25,WIG20,2022-02-25,same_day,trading_day,0,-0.9254784099757672
t0y385,2022-02-25,WIG20,2022-02-25,same_day,trading_day,0,0.0125861849082866
t0yv0y,2022-02-25,WIG20,2022-02-25,same_day,trading_day,0,0.1428310953080654
t10819,2022-02-25,WIG20,2022-02-25,same_day,trading_day,0,-0.2386019378900528
t118dv,2022-02-25,WIG20,2022-02-25,same_day,trading_day,0,0.0391950922078665
t11rb4,2022-02-25,WIG20,2022-02-25,same_day,trading_day,0,0.0541851725429296
t127e9,2022-02-25,WIG20,2022-02-25,same_day,trading_day,0,0.0160282999277114
t13z6i,2022-02-25,WIG20,2022-02-25,same_day,trading_day,0,0.0275370079325512
t17wnn,2022-02-25,WIG20,2022-02-25,same_day,trading_day,0,-0.2922753896564245
t1a5rc,2022-02-25,WIG20,2022-02-25,same_day,trading_day,0,0.0305660776793956
t1bf3i,2022-02-25,WIG20,2022-02-25,same_day,trading_day,0,-0.6512602388858795
t1cynj,2022-02-25,WIG20,2022-02-25,same_day,trading_day,0,-0.2018795739859342
t1dc3t,2022-02-25,WIG20,2022-02-25,same_day,trading_day,0,0.2482870034873485
t1dp79,2022-02-25,WIG20,2022-02-25,same_day,trading_day,0,-0.2549111228436231
t1ekw8,2022-02-25,WIG20,2022-02-25,same_day,trading_day,0,-0.0414115036837756
t1h2km,2022-02-25,WIG20,2022-02-25,same_day,trading_day,0,-0.0774229307259832
t1h8vi,2022-02-25,WIG20,2022-02-25,same_day,trading_day,0,-0.1133973076939582
t1ivo8,2022-02-26,WIG20,2022-02-28,forward_nontrading,Saturday,2,0.0087303115287795
t1lnqo,2022-02-26,WIG20,2022-02-28,forward_nontrading,Saturday,2,-0.2295220787636935
t1tkvv,2022-02-26,WIG20,2022-02-28,forward_nontrading,Saturday,2,-0.7037449367344379
t1tvyd,2022-02-26,WIG20,2022-02-28,forward_nontrading,Saturday,2,-0.266658786063393
t1wm9e,2022-02-26,WIG20,2022-02-28,forward_nontrading,Saturday,2,-0.0424959751117664
t1xhw8,2022-02-26,WIG20,2022-02-28,forward_nontrading,Saturday,2,-0.0423100373048024
t1yv0m,2022-02-26,WIG20,2022-02-28,forward_nontrading,Saturday,2,-0.0145889855921268
t1zeql,2022-02-26,WIG20,2022-02-28,forward_nontrading,Saturday,2,-0.3075475264340639
t22kr4,2022-02-26,WIG20,2022-02-28,forward_nontrading,Saturday,2,-0.1676974622532725
t23v24,2022-02-26,WIG20,2022-02-28,forward_nontrading,Saturday,2,-0.8836986869573593
t23vm5,2022-02-26,WIG20,2022-02-28,forward_nontrading,Saturday,2,-0.8836986869573593
t23w0f,2022-02-26,WIG20,2022-02-28,forward_nontrading,Saturday,2,0.2833445747806267
t275mi,2022-02-26,WIG20,2022-02-28,forward_nontrading,Saturday,2,-0.0641603996045887
t28rxm,2022-02-26,WIG20,2022-02-28,forward_nontrading,Saturday,2,-0.9023264572024344
t290wc,2022-02-26,WIG20,2022-02-28,forward_nontrading,Saturday,2,-0.5893933666869998
t2acfb,2022-02-26,WIG20,2022-02-28,forward_nontrading,Saturday,2,0.1814082106575369
t2aujf,2022-02-27,WIG20,2022-02-28,forward_nontrading,Sunday,1,-0.2784922508290037
t2ev5u,2022-02-27,WIG20,2022-02-28,forward_nontrading,Sunday,1,-0.2381154971818129
t2fdd7,2022-02-27,WIG20,2022-02-28,forward_nontrading,Sunday,1,-0.5585836259027323
t2fm5y,2022-02-27,WIG20,2022-02-28,forward_nontrading,Sunday,1,-0.6596063749864698
t2jlem,2022-02-27,WIG20,2022-02-28,forward_nontrading,Sunday,1,-0.2604536786675453
t2jyu9,2022-02-27,WIG20,2022-02-28,forward_nontrading,Sunday,1,0.2378148933251699
t2sn4h,2022-02-27,WIG20,2022-02-28,forward_nontrading,Sunday,1,-0.1551880963379517
t2t2oj,2022-02-27,WIG20,2022-02-28,forward_nontrading,Sunday,1,0.8580898307263851
t2uiat,2022-02-27,WIG20,2022-02-28,forward_nontrading,Sunday,1,-0.1172026098938658
t2x82i,2022-02-27,WIG20,2022-02-28,forward_nontrading,Sunday,1,-0.120176537707448
t2xwcj,2022-02-27,WIG20,2022-02-28,forward_nontrading,Sunday,1,-0.0866394818929786
t2xyfu,2022-02-27,WIG20,2022-02-28,forward_nontrading,Sunday,1,0.0514466733272586
t30quw,2022-02-27,WIG20,2022-02-28,forward_nontrading,Sunday,1,-0.4995469492860138
t32ahv,2022-02-28,WIG20,2022-02-28,same_day,trading_day,0,-0.1212035549272384
t34kzo,2022-02-28,WIG20,2022-02-28,same_day,trading_day,0,-0.0378282817546278
t3703y,2022-02-28,WIG20,2022-02-28,same_day,trading_day,0,-0.2757589616812765
t38ck8,2022-02-28,WIG20,2022-02-28,same_day,trading_day,0,-0.5608676811680198
t38lvc,2022-02-28,WIG20,2022-02-28,same_day,trading_day,0,-0.9433308336883784
t39b5j,2022-02-28,WIG20,2022-02-28,same_day,trading_day,0,-0.941044632345438
t39j4l,2022-02-28,WIG20,2022-02-28,same_day,trading_day,0,-0.1680157461336681
t3amaw,2022-02-28,WIG20,2022-02-28,same_day,trading_day,0,0.1516043159107749
t3b1sn,2022-02-28,WIG20,2022-02-28,same_day,trading_day,0,-0.4340813532471657
t3be0t,2022-02-28,WIG20,2022-02-28,same_day,trading_day,0,-0.0364081503202518
t3cm86,2022-02-28,WIG20,2022-02-28,same_day,trading_day,0,-0.9335338827222586
t3dnuc,2022-02-28,WIG20,2022-02-28,same_day,trading_day,0,0.2328292084857821
t3dt52,2022-02-28,WIG20,2022-02-28,same_day,trading_day,0,-0.4215577411232516
t3fcwy,2022-02-28,WIG20,2022-02-28,same_day,trading_day,0,0.057135272398591
t3fqgl,2022-02-28,WIG20,2022-02-28,same_day,trading_day,0,-0.0362274465886386
t3gk4x,2022-02-28,WIG20,2022-02-28,same_day,trading_day,0,-0.4536158857601029
t3hcjr,2022-02-28,WIG20,2022-02-28,same_day,trading_day,0,-0.3812795355916023
t3hxbv,2022-02-28,WIG20,2022-02-28,same_day,trading_day,0,-0.3258469495146225
t3hyxe,2022-02-28,WIG20,2022-02-28,same_day,trading_day,0,-0.4415576420724392
t3la21,2022-02-28,WIG20,2022-02-28,same_day,trading_day,0,0.2393302991986274
t3lsow,2022-02-28,WIG20,2022-02-28,same_day,trading_day,0,-0.1997541041512574
t3n6rf,2022-02-28,WIG20,2022-02-28,same_day,trading_day,0,-0.3357602593799432
t3oxm7,2022-02-28,WIG20,2022-02-28,same_day,trading_day,0,0.8392009977251291
t3p1bv,2022-02-28,WIG20,2022-02-28,same_day,trading_day,0,-0.180129911750555
t3pb83,2022-02-28,WIG20,2022-02-28,same_day,trading_day,0,-0.180129911750555
t3pzhh,2022-02-28,WIG20,2022-02-28,same_day,trading_day,0,0.2420555774799802
t3rh2h,2022-02-28,WIG20,2022-02-28,same_day,trading_day,0,-0.1231901080925659
t3rppq,2022-02-28,WIG20,2022-02-28,same_day,trading_day,0,-0.0380832689503828
t3tmgi,2022-02-28,WIG20,2022-02-28,same_day,trading_day,0,-0.2167774084179352
t3tv67,2022-03-01,WIG20,2022-03-01,same_day,trading_day,0,-0.243670846025149
t3ueml,2022-03-01,WIG20,2022-03-01,same_day,trading_day,0,-0.1759515475215656
t3zphz,2022-03-01,WIG20,2022-03-01,same_day,trading_day,0,0.1189454908017069
t42gg5,2022-03-01,WIG20,2022-03-01,same_day,trading_day,0,-0.8200978487730026
t42pyq,2022-03-01,WIG20,2022-03-01,same_day,trading_day,0,0.2384684750810265
t438zp,2022-03-01,WIG20,2022-03-01,same_day,trading_day,0,-0.0469445851114061
t44pro,2022-03-01,WIG20,2022-03-01,same_day,trading_day,0,-0.4990791426971554
t4716l,2022-03-01,WIG20,2022-03-01,same_day,trading_day,0,-0.4121190320234745
t48qga,2022-03-01,WIG20,2022-03-01,same_day,trading_day,0,-0.1514468633104115
t48xff,2022-03-01,WIG20,2022-03-01,same_day,trading_day,0,0.0197540242224931
t49gb6,2022-03-01,WIG20,2022-03-01,same_day,trading_day,0,0.0817893929779529
t49rsk,2022-03-01,WIG20,2022-03-01,same_day,trading_day,0,-0.024244792000563
t49w2s,2022-03-01,WIG20,2022-03-01,same_day,trading_day,0,0.8473948016762733
t4a6q3,2022-03-01,WIG20,2022-03-01,same_day,trading_day,0,0.8473948016762733
t4d5ul,2022-03-01,WIG20,2022-03-01,same_day,trading_day,0,-0.5476018348708749
t4drgt,2022-03-01,WIG20,2022-03-01,same_day,trading_day,0,-0.910919927060604
t4es8y,2022-03-01,WIG20,2022-03-01,same_day,trading_day,0,0.0860879289684817
t4f46t,2022-03-01,WIG20,2022-03-01,same_day,trading_day,0,-0.6036421755949656
t4gjmf,2022-03-01,WIG20,2022-03-01,same_day,trading_day,0,-0.59044258762151
t4iokb,2022-03-01,WIG20,2022-03-01,same_day,trading_day,0,-0.2246029096034665
t4ipvq,2022-03-01,WIG20,2022-03-01,same_day,trading_day,0,0.0377584286034107
t4jmx3,2022-03-01,WIG20,2022-03-01,same_day,trading_day,0,-0.1131669320166111
t4nhrz,2022-03-02,WIG20,2022-03-02,same_day,trading_day,0,-0.1940547749400138
t4o6tu,2022-03-02,WIG20,2022-03-02,same_day,trading_day,0,-0.4324938966892659
t4ors6,2022-03-02,WIG20,2022-03-02,same_day,trading_day,0,0.0233109053224325
t4uwal,2022-03-02,WIG20,2022-03-02,same_day,trading_day,0,0.2380642518401146
t4ve0t,2022-03-02,WIG20,2022-03-02,same_day,trading_day,0,0.0706748546217568
t4zkeg,2022-03-02,WIG20,2022-03-02,same_day,trading_day,0,0.8222204508880774
t4zstv,2022-03-02,WIG20,2022-03-02,same_day,trading_day,0,-0.1889074977021664
t50qdr,2022-03-02,WIG20,2022-03-02,same_day,trading_day,0,-0.0943367140367626
t527of,2022-03-02,WIG20,2022-03-02,same_day,trading_day,0,0.0022522968550522
t569fh,2022-03-02,WIG20,2022-03-02,same_day,trading_day,0,-0.2614969797432422
t56bte,2022-03-02,WIG20,2022-03-02,same_day,trading_day,0,0.0857775478966926
t57hkk,2022-03-02,WIG20,2022-03-02,same_day,trading_day,0,0.0492170370099219
t59wm4,2022-03-02,WIG20,2022-03-02,same_day,trading_day,0,-0.0397471613915903
t5a2b3,2022-03-02,WIG20,2022-03-02,same_day,trading_day,0,-0.2394772660918533
t5b7iy,2022-03-02,WIG20,2022-03-02,same_day,trading_day,0,-0.1181861262670473
t5b8xe,2022-03-02,WIG20,2022-03-02,same_day,trading_day,0,-0.6777774840593338
t5e2x9,2022-03-03,WIG20,2022-03-03,same_day,trading_day,0,-0.3136734573968819
t5g4c7,2022-03-03,WIG20,2022-03-03,same_day,trading_day,0,-0.1169184498488903
t5pwl8,2022-03-03,WIG20,2022-03-03,same_day,trading_day,0,-0.0450204957276582
t5rf7m,2022-03-03,WIG20,2022-03-03,same_day,trading_day,0,-0.2630288821179419
t5tibs,2022-03-03,WIG20,2022-03-03,same_day,trading_day,0,-0.0897266554646194
t5vfom,2022-03-03,WIG20,2022-03-03,same_day,trading_day,0,-0.5376135557889938
t5wlyc,2022-03-03,WIG20,2022-03-03,same_day,trading_day,0,-0.0001103077083826
t5wvxk,2022-03-03,WIG20,2022-03-03,same_day,trading_day,0,0.0617698685133031
t5wvxl,2022-03-03,WIG20,2022-03-03,same_day,trading_day,0,-0.073973534318308
t5yayn,2022-03-03,WIG20,2022-03-03,same_day,trading_day,0,0.4278316982090473
t5ynry,2022-03-03,WIG20,2022-03-03,same_day,trading_day,0,-0.0434140488505363
t5zphg,2022-03-03,WIG20,2022-03-03,same_day,trading_day,0,-0.126705295539328
t622h3,2022-03-03,WIG20,2022-03-03,same_day,trading_day,0,-0.9532753047533332
t66csv,2022-03-04,WIG20,2022-03-04,same_day,trading_day,0,-0.5985364471562207
t69s53,2022-03-04,WIG20,2022-03-04,same_day,trading_day,0,0.0440041795372962
t69u99,2022-03-04,WIG20,2022-03-04,same_day,trading_day,0,-0.1134751976157228
t6ge70,2022-03-04,WIG20,2022-03-04,same_day,trading_day,0,-0.0660638784524053
t6get0,2022-03-04,WIG20,2022-03-04,same_day,trading_day,0,-0.0558584645124418
t6ihcj,2022-03-04,WIG20,2022-03-04,same_day,trading_day,0,-0.405124506007673
t6j40l,2022-03-04,WIG20,2022-03-04,same_day,trading_day,0,-0.1745383604429662
t6jmtc,2022-03-04,WIG20,2022-03-04,same_day,trading_day,0,-0.1325795123619692
t6ko3m,2022-03-04,WIG20,2022-03-04,same_day,trading_day,0,0.0071977355207006
t6nybh,2022-03-04,WIG20,2022-03-04,same_day,trading_day,0,-0.2656953218910429
t6pxz5,2022-03-04,WIG20,2022-03-04,same_day,trading_day,0,-0.0122390312608331
t6q9nm,2022-03-04,WIG20,2022-03-04,same_day,trading_day,0,0.194688931107521
t6qay7,2022-03-04,WIG20,2022-03-04,same_day,trading_day,0,0.194688931107521
t6r07s,2022-03-04,WIG20,2022-03-04,same_day,trading_day,0,0.0123658599331974
t6u904,2022-03-04,WIG20,2022-03-04,same_day,trading_day,0,-0.3948302439843806
t6vh84,2022-03-04,WIG20,2022-03-04,same_day,trading_day,0,0.1811676729526935
t6vkud,2022-03-04,WIG20,2022-03-04,same_day,trading_day,0,-0.8970248410478234
t6vmwr,2022-03-04,WIG20,2022-03-04,same_day,trading_day,0,-0.9001212399452925
t6zr2i,2022-03-05,WIG20,2022-03-07,forward_nontrading,Saturday,2,-0.0791741540965934
t6zsjn,2022-03-05,WIG20,2022-03-07,forward_nontrading,Saturday,2,-0.0792240305493275
t74gd7,2022-03-05,WIG20,2022-03-07,forward_nontrading,Saturday,2,-0.052361440922444
t74wil,2022-03-05,WIG20,2022-03-07,forward_nontrading,Saturday,2,-0.3018797856445113
t753oq,2022-03-05,WIG20,2022-03-07,forward_nontrading,Saturday,2,-0.9533168841153384
t7aamc,2022-03-05,WIG20,2022-03-07,forward_nontrading,Saturday,2,-0.4437433329876512
t7b8au,2022-03-05,WIG20,2022-03-07,forward_nontrading,Saturday,2,0.0635430496186018
t7c6b2,2022-03-05,WIG20,2022-03-07,forward_nontrading,Saturday,2,0.0850207751306394
t7d4tj,2022-03-05,WIG20,2022-03-07,forward_nontrading,Saturday,2,-0.0712734372713244
t7ecsi,2022-03-05,WIG20,2022-03-07,forward_nontrading,Saturday,2,0.2634413895818094
t7hc25,2022-03-05,WIG20,2022-03-07,forward_nontrading,Saturday,2,0.0225544642657041
t7ko2g,2022-03-05,WIG20,2022-03-07,forward_nontrading,Saturday,2,-0.1824076008051633
t7kz6r,2022-03-05,WIG20,2022-03-07,forward_nontrading,Saturday,2,-0.5575110284611583
t7lyp1,2022-03-05,WIG20,2022-03-07,forward_nontrading,Saturday,2,-0.0745914792641997
t7pnno,2022-03-06,WIG20,2022-03-07,forward_nontrading,Sunday,1,-0.1232330701313912
t810e0,2022-03-06,WIG20,2022-03-07,forward_nontrading,Sunday,1,-0.1579459455097094
t83c00,2022-03-06,WIG20,2022-03-07,forward_nontrading,Sunday,1,-0.0475224791360752
t83rzh,2022-03-06,WIG20,2022-03-07,forward_nontrading,Sunday,1,0.1659820734833678
t83wk1,2022-03-06,WIG20,2022-03-07,forward_nontrading,Sunday,1,-0.680117866024375
t87wj7,2022-03-06,WIG20,2022-03-07,forward_nontrading,Sunday,1,0.0812491215765476
t88731,2022-03-06,WIG20,2022-03-07,forward_nontrading,Sunday,1,0.0812491215765476
t88m74,2022-03-06,WIG20,2022-03-07,forward_nontrading,Sunday,1,0.0812491215765476
t8atr4,2022-03-06,WIG20,2022-03-07,forward_nontrading,Sunday,1,-0.0323987510055303
t8b03s,2022-03-06,WIG20,2022-03-07,forward_nontrading,Sunday,1,-0.1765184579417109
t8dexi,2022-03-07,WIG20,2022-03-07,same_day,trading_day,0,0.0280492780730128
t8ioy8,2022-03-07,WIG20,2022-03-07,same_day,trading_day,0,0.0991603769361972
t8iq8u,2022-03-07,WIG20,2022-03-07,same_day,trading_day,0,0.3146878518164158
t8j9zf,2022-03-07,WIG20,2022-03-07,same_day,trading_day,0,0.1577026472928432
t8jujd,2022-03-07,WIG20,2022-03-07,same_day,trading_day,0,0.0041808738288554
t8kyec,2022-03-07,WIG20,2022-03-07,same_day,trading_day,0,-0.5852877185291921
t8mjtl,2022-03-07,WIG20,2022-03-07,same_day,trading_day,0,-0.1424728742567822
t8oz6c,2022-03-07,WIG20,2022-03-07,same_day,trading_day,0,-0.7311331480741501
t8p6ou,2022-03-07,WIG20,2022-03-07,same_day,trading_day,0,-0.2323159323561758
t8sgdj,2022-03-07,WIG20,2022-03-07,same_day,trading_day,0,-0.0921559920534491
t8t9a4,2022-03-07,WIG20,2022-03-07,same_day,trading_day,0,0.0375524285788598
t8t9ep,2022-03-07,WIG20,2022-03-07,same_day,trading_day,0,-0.0136305527218307
t8taem,2022-03-07,WIG20,2022-03-07,same_day,trading_day,0,-0.0136305527218307
t8texj,2022-03-07,WIG20,2022-03-07,same_day,trading_day,0,0.0986130777746439
t8trsq,2022-03-07,WIG20,2022-03-07,same_day,trading_day,0,0.7696337029337883
t8wpjf,2022-03-07,WIG20,2022-03-07,same_day,trading_day,0,-0.3544176305559549
t8xpqk,2022-03-07,WIG20,2022-03-07,same_day,trading_day,0,-0.2129447304510644
t90ams,2022-03-07,WIG20,2022-03-07,same_day,trading_day,0,0.0420266559434144
t90tn1,2022-03-07,WIG20,2022-03-07,same_day,trading_day,0,-0.1454118596655982
t90zrj,2022-03-07,WIG20,2022-03-07,same_day,trading_day,0,-0.1132906172424554
t917e8,2022-03-07,WIG20,2022-03-07,same_day,trading_day,0,-0.0280133459018543
t91hat,2022-03-07,WIG20,2022-03-07,same_day,trading_day,0,-0.2028876231051981
t93tf6,2022-03-08,WIG20,2022-03-08,same_day,trading_day,0,-0.4399095484210799
t9918e,2022-03-08,WIG20,2022-03-08,same_day,trading_day,0,-0.1546309698106987
t99dty,2022-03-08,WIG20,2022-03-08,same_day,trading_day,0,-0.354603834139804
t99k1m,2022-03-08,WIG20,2022-03-08,same_day,trading_day,0,-0.9568545119836926
t99o3v,2022-03-08,WIG20,2022-03-08,same_day,trading_day,0,-0.9568545119836926
t9a77f,2022-03-08,WIG20,2022-03-08,same_day,trading_day,0,-0.9570051124319434
t9fi2d,2022-03-08,WIG20,2022-03-08,same_day,trading_day,0,-0.5301636124495417
t9g8hf,2022-03-08,WIG20,2022-03-08,same_day,trading_day,0,0.3399044484831393
t9gal4,2022-03-08,WIG20,2022-03-08,same_day,trading_day,0,0.1420332731989522
t9gkdr,2022-03-08,WIG20,2022-03-08,same_day,trading_day,0,-0.003334070312912
t9h6wr,2022-03-08,WIG20,2022-03-08,same_day,trading_day,0,-0.315535347093828
t9ig7n,2022-03-08,WIG20,2022-03-08,same_day,trading_day,0,-0.2830010825260118
t9krc6,2022-03-08,WIG20,2022-03-08,same_day,trading_day,0,-0.6346322111785412
t9lbu9,2022-03-08,WIG20,2022-03-08,same_day,trading_day,0,-0.2122220643161034
t9m9ek,2022-03-08,WIG20,2022-03-08,same_day,trading_day,0,-0.0876038782298564
t9mggw,2022-03-08,WIG20,2022-03-08,same_day,trading_day,0,-0.3694233521819114
t9mwvf,2022-03-08,WIG20,2022-03-08,same_day,trading_day,0,0.5350850018273506
t9n8kk,2022-03-08,WIG20,2022-03-08,same_day,trading_day,0,-0.6502641692757607
t9reb4,2022-03-08,WIG20,2022-03-08,same_day,trading_day,0,-0.9498382341116668
t9sxj6,2022-03-08,WIG20,2022-03-08,same_day,trading_day,0,-0.2127492435069547
t9sxxz,2022-03-08,WIG20,2022-03-08,same_day,trading_day,0,-0.2127492435069547
t9tbut,2022-03-08,WIG20,2022-03-08,same_day,trading_day,0,0.1607049412094056
t9ufrs,2022-03-08,WIG20,2022-03-08,same_day,trading_day,0,0.2476073288573668
t9ugzd,2022-03-08,WIG20,2022-03-08,same_day,trading_day,0,0.243888069960204
t9ynuc,2022-03-09,WIG20,2022-03-09,same_day,trading_day,0,-0.2976140749847724
t9zleo,2022-03-09,WIG20,2022-03-09,same_day,trading_day,0,0.0275210064968892
ta1h49,2022-03-09,WIG20,2022-03-09,same_day,trading_day,0,-0.1087373169139027
ta2zcu,2022-03-09,WIG20,2022-03-09,same_day,trading_day,0,-0.6338768294746322
ta5vsc,2022-03-09,WIG20,2022-03-09,same_day,trading_day,0,-0.7736378442496061
ta5z6d,2022-03-09,WIG20,2022-03-09,same_day,trading_day,0,0.0411784388124942
ta6jlt,2022-03-09,WIG20,2022-03-09,same_day,trading_day,0,-0.22081727542631
ta6ym8,2022-03-09,WIG20,2022-03-09,same_day,trading_day,0,0.0702294469145791
ta7mw2,2022-03-09,WIG20,2022-03-09,same_day,trading_day,0,-0.2088931537429361
ta84k8,2022-03-09,WIG20,2022-03-09,same_day,trading_day,0,0.1398762152729821
ta86x0,2022-03-09,WIG20,2022-03-09,same_day,trading_day,0,0.12479299485373
ta9kde,2022-03-09,WIG20,2022-03-09,same_day,trading_day,0,0.0527581639587878
tabd45,2022-03-09,WIG20,2022-03-09,same_day,trading_day,0,-0.2663318228653886
tadrra,2022-03-09,WIG20,2022-03-09,same_day,trading_day,0,-0.3527467846870422
tae5wf,2022-03-09,WIG20,2022-03-09,same_day,trading_day,0,-0.1293440888014932
tagay0,2022-03-09,WIG20,2022-03-09,same_day,trading_day,0,-0.3320853932361517
taio8j,2022-03-09,WIG20,2022-03-09,same_day,trading_day,0,-0.184456814902232
tayen8,2022-03-10,WIG20,2022-03-10,same_day,trading_day,0,-0.1818143998419768
tb22fx,2022-03-10,WIG20,2022-03-10,same_day,trading_day,0,0.0982897638136314
tb59y2,2022-03-10,WIG20,2022-03-10,same_day,trading_day,0,-0.3248230301216245
tbcukf,2022-03-11,WIG20,2022-03-11,same_day,trading_day,0,-0.2693095929724605
tbdw7z,2022-03-11,WIG20,2022-03-11,same_day,trading_day,0,-0.394546465948224
tbfw38,2022-03-11,WIG20,2022-03-11,same_day,trading_day,0,-0.0909959200459222
tbiy5l,2022-03-11,WIG20,2022-03-11,same_day,trading_day,0,-0.0958001007592039
tbowqv,2022-03-11,WIG20,2022-03-11,same_day,trading_day,0,0.0383377000689506
tbpzg5,2022-03-11,WIG20,2022-03-11,same_day,trading_day,0,-0.1374213918638618
tbsdgg,2022-03-11,WIG20,2022-03-11,same_day,trading_day,0,-0.0707213599234819
tbtzs1,2022-03-11,WIG20,2022-03-11,same_day,trading_day,0,-0.4263411359587574
tbx1zy,2022-03-11,WIG20,2022-03-11,same_day,trading_day,0,-0.1954977480927482
tbxdxm,2022-03-11,WIG20,2022-03-11,same_day,trading_day,0,-0.1219089478254318
tbz4oq,2022-03-11,WIG20,2022-03-11,same_day,trading_day,0,-0.2449414656854215
tc31k1,2022-03-11,WIG20,2022-03-11,same_day,trading_day,0,-0.2363935267330026
tc3mv0,2022-03-11,WIG20,2022-03-11,same_day,trading_day,0,-0.3416846367315604
tc4b3n,2022-03-12,WIG20,2022-03-14,forward_nontrading,Saturday,2,-0.0961751408913793
tc4cuh,2022-03-12,WIG20,2022-03-14,forward_nontrading,Saturday,2,-0.0963392669839474
tc832l,2022-03-12,WIG20,2022-03-14,forward_nontrading,Saturday,2,-0.0660293051706893
tcatww,2022-03-12,WIG20,2022-03-14,forward_nontrading,Saturday,2,0.2835008133099311
tcgmib,2022-03-12,WIG20,2022-03-14,forward_nontrading,Saturday,2,-0.4820928368717432
tck8wy,2022-03-12,WIG20,2022-03-14,forward_nontrading,Saturday,2,0.0992943407967686
tckr8u,2022-03-12,WIG20,2022-03-14,forward_nontrading,Saturday,2,-0.252082300838083
tcl07x,2022-03-12,WIG20,2022-03-14,forward_nontrading,Saturday,2,-0.7032108597457409
tcl6dy,2022-03-12,WIG20,2022-03-14,forward_nontrading,Saturday,2,-0.1636413896237226
tcmsmv,2022-03-12,WIG20,2022-03-14,forward_nontrading,Saturday,2,-0.3612086609005928
tcmusl,2022-03-12,WIG20,2022-03-14,forward_nontrading,Saturday,2,0.2407154304285844
tcp8qh,2022-03-12,WIG20,2022-03-14,forward_nontrading,Saturday,2,-0.3663113989922053
tcph83,2022-03-12,WIG20,2022-03-14,forward_nontrading,Saturday,2,-0.6279579255109032
tcr6vc,2022-03-12,WIG20,2022-03-14,forward_nontrading,Saturday,2,-0.0968965180218219
tctt6e,2022-03-12,WIG20,2022-03-14,forward_nontrading,Saturday,2,-0.2296369367589553
tcwe9u,2022-03-13,WIG20,2022-03-14,forward_nontrading,Sunday,1,-0.0836249169161809
td1gwt,2022-03-13,WIG20,2022-03-14,forward_nontrading,Sunday,1,0.1430528952994129
td9hbx,2022-03-13,WIG20,2022-03-14,forward_nontrading,Sunday,1,0.1234132194891571
tdaakg,2022-03-13,WIG20,2022-03-14,forward_nontrading,Sunday,1,0.2248493375123611
tdaeqw,2022-03-13,WIG20,2022-03-14,forward_nontrading,Sunday,1,-0.2541750471067169
tdmfs2,2022-03-14,WIG20,2022-03-14,same_day,trading_day,0,-0.3857313469052315
tdq2bx,2022-03-14,WIG20,2022-03-14,same_day,trading_day,0,-0.4493099172250367
tdqu32,2022-03-14,WIG20,2022-03-14,same_day,trading_day,0,-0.4798642173409462
tdwcg2,2022-03-14,WIG20,2022-03-14,same_day,trading_day,0,0.1219149043317884
tdxa5e,2022-03-14,WIG20,2022-03-14,same_day,trading_day,0,-0.2002138269062225
tdzqmr,2022-03-14,WIG20,2022-03-14,same_day,trading_day,0,-0.1067445905258258
te401c,2022-03-14,WIG20,2022-03-14,same_day,trading_day,0,0.0535766817629337
te48ow,2022-03-14,WIG20,2022-03-14,same_day,trading_day,0,-0.3344274366972968
te7esn,2022-03-14,WIG20,2022-03-14,same_day,trading_day,0,-0.5934724509716034
tedojw,2022-03-15,WIG20,2022-03-15,same_day,trading_day,0,0.4320886507630348
teip65,2022-03-15,WIG20,2022-03-15,same_day,trading_day,0,-0.3250022199512882
tejkl6,2022-03-15,WIG20,2022-03-15,same_day,trading_day,0,-0.0771983116865158
tel2hg,2022-03-15,WIG20,2022-03-15,same_day,trading_day,0,-0.1071195754222572
ten51a,2022-03-15,WIG20,2022-03-15,same_day,trading_day,0,0.8394388817250729
tentdp,2022-03-15,WIG20,2022-03-15,same_day,trading_day,0,-0.086484947707504
tenue1,2022-03-15,WIG20,2022-03-15,same_day,trading_day,0,0.0867168187562908
teo28n,2022-03-15,WIG20,2022-03-15,same_day,trading_day,0,-0.1067574348862228
teo3ir,2022-03-15,WIG20,2022-03-15,same_day,trading_day,0,-0.1009173143529958
teoxt4,2022-03-15,WIG20,2022-03-15,same_day,trading_day,0,0.1525430010462349
teql13,2022-03-15,WIG20,2022-03-15,same_day,trading_day,0,0.0284190310835184
terrhf,2022-03-15,WIG20,2022-03-15,same_day,trading_day,0,0.0423094754841065
teuhlf,2022-03-15,WIG20,2022-03-15,same_day,trading_day,0,-0.3997331226573271
tf0x6d,2022-03-15,WIG20,2022-03-15,same_day,trading_day,0,-0.3899675644934177
tfas5k,2022-03-16,WIG20,2022-03-16,same_day,trading_day,0,-0.6460398808121681
tfb4i7,2022-03-16,WIG20,2022-03-16,same_day,trading_day,0,-0.007205184859534
tfcsn2,2022-03-16,WIG20,2022-03-16,same_day,trading_day,0,-0.3314302166302998
tfg9lm,2022-03-16,WIG20,2022-03-16,same_day,trading_day,0,0.190991998953183
tfgbmg,2022-03-16,WIG20,2022-03-16,same_day,trading_day,0,0.1932572035734812
tfo9j4,2022-03-16,WIG20,2022-03-16,same_day,trading_day,0,-0.1925411929842084
tfvaw4,2022-03-16,WIG20,2022-03-16,same_day,trading_day,0,0.0895643164403736
tfzgsh,2022-03-17,WIG20,2022-03-17,same_day,trading_day,0,0.0129555620253085
tg0bxf,2022-03-17,WIG20,2022-03-17,same_day,trading_day,0,-0.5292584402154067
tg0wzj,2022-03-17,WIG20,2022-03-17,same_day,trading_day,0,0.0236838869750499
tg1m6e,2022-03-17,WIG20,2022-03-17,same_day,trading_day,0,0.0871724795084446
tg1n9l,2022-03-17,WIG20,2022-03-17,same_day,trading_day,0,0.1032075670858224
tgfylv,2022-03-17,WIG20,2022-03-17,same_day,trading_day,0,-0.2607686727618177
tgkqx0,2022-03-17,WIG20,2022-03-17,same_day,trading_day,0,-0.1408299524337053
tgpmq2,2022-03-18,WIG20,2022-03-18,same_day,trading_day,0,0.2071684421255038
tgpo0n,2022-03-18,WIG20,2022-03-18,same_day,trading_day,0,0.2021081768549406
tgq0i3,2022-03-18,WIG20,2022-03-18,same_day,trading_day,0,0.1880142432637513
tgq935,2022-03-18,WIG20,2022-03-18,same_day,trading_day,0,0.1880142432637513
th06xv,2022-03-18,WIG20,2022-03-18,same_day,trading_day,0,-0.0655127121938456
th0858,2022-03-18,WIG20,2022-03-18,same_day,trading_day,0,-0.0765972366033677
th5wzp,2022-03-18,WIG20,2022-03-18,same_day,trading_day,0,0.2965245448673764
thbo63,2022-03-18,WIG20,2022-03-18,same_day,trading_day,0,0.0234490991570055
thcg9c,2022-03-18,WIG20,2022-03-18,same_day,trading_day,0,0.0853349911714239
thea35,2022-03-18,WIG20,2022-03-18,same_day,trading_day,0,0.1440888489596545
thnfwo,2022-03-19,WIG20,2022-03-21,forward_nontrading,Saturday,2,0.0481244248803705
tho8nf,2022-03-19,WIG20,2022-03-21,forward_nontrading,Saturday,2,0.1719019576751937
thotaf,2022-03-19,WIG20,2022-03-21,forward_nontrading,Saturday,2,0.1719019576751937
thzpi1,2022-03-19,WIG20,2022-03-21,forward_nontrading,Saturday,2,-0.1075178802013397
thzqwv,2022-03-19,WIG20,2022-03-21,forward_nontrading,Saturday,2,-0.1073580771995088
ti0052,2022-03-19,WIG20,2022-03-21,forward_nontrading,Saturday,2,-0.2481793817132711
tiixzv,2022-03-20,WIG20,2022-03-21,forward_nontrading,Sunday,1,0.479275032877922
tiovbn,2022-03-20,WIG20,2022-03-21,forward_nontrading,Sunday,1,-0.201812330899494
tiqqwj,2022-03-20,WIG20,2022-03-21,forward_nontrading,Sunday,1,0.2415010208884874
tj5kld,2022-03-21,WIG20,2022-03-21,same_day,trading_day,0,0.2609611414372921
tj949y,2022-03-21,WIG20,2022-03-21,same_day,trading_day,0,-0.4700415916740894
tjaenp,2022-03-21,WIG20,2022-03-21,same_day,trading_day,0,-0.0948828825106223
tjbah7,2022-03-21,WIG20,2022-03-21,same_day,trading_day,0,-0.0044528033247153
tjbb7x,2022-03-21,WIG20,2022-03-21,same_day,trading_day,0,0.0003325855931299
tjdlgd,2022-03-21,WIG20,2022-03-21,same_day,trading_day,0,0.1729065477848053
tjembs,2022-03-21,WIG20,2022-03-21,same_day,trading_day,0,0.0164801900585492
tjg116,2022-03-21,WIG20,2022-03-21,same_day,trading_day,0,0.0239165353302198
tjhyrf,2022-03-21,WIG20,2022-03-21,same_day,trading_day,0,-0.3897525711323727
tjiynm,2022-03-21,WIG20,2022-03-21,same_day,trading_day,0,0.0240988085667292
tjmrbt,2022-03-21,WIG20,2022-03-21,same_day,trading_day,0,-0.0194953313114604
tk155b,2022-03-22,WIG20,2022-03-22,same_day,trading_day,0,-0.1509060681398426
tk1y9d,2022-03-22,WIG20,2022-03-22,same_day,trading_day,0,0.1523756476777509
tk1zbb,2022-03-22,WIG20,2022-03-22,same_day,trading_day,0,0.1551569541180996
tk9hfj,2022-03-22,WIG20,2022-03-22,same_day,trading_day,0,-0.2533842697739601
tkcv1o,2022-03-22,WIG20,2022-03-22,same_day,trading_day,0,0.1304369827429222
tkd3p6,2022-03-22,WIG20,2022-03-22,same_day,trading_day,0,-0.1521847061812877
tkdq2o,2022-03-22,WIG20,2022-03-22,same_day,trading_day,0,-0.2678245410012702
tkeo19,2022-03-22,WIG20,2022-03-22,same_day,trading_day,0,-0.9563298411667348
tkh0hn,2022-03-23,WIG20,2022-03-23,same_day,trading_day,0,-0.1763862955517002
tkr47l,2022-03-23,WIG20,2022-03-23,same_day,trading_day,0,0.0346202685808141
tksakv,2022-03-23,WIG20,2022-03-23,same_day,trading_day,0,0.0041262060403823
tksv6g,2022-03-23,WIG20,2022-03-23,same_day,trading_day,0,0.010412296788259
tkt7d5,2022-03-23,WIG20,2022-03-23,same_day,trading_day,0,0.0210104526951909
tkt8yp,2022-03-23,WIG20,2022-03-23,same_day,trading_day,0,-0.0111410563066601
tkued5,2022-03-23,WIG20,2022-03-23,same_day,trading_day,0,-0.162733622181874
tkuyyv,2022-03-23,WIG20,2022-03-23,same_day,trading_day,0,0.087605126388371
tlfts1,2022-03-23,WIG20,2022-03-23,same_day,trading_day,0,-0.0500953783177667
tlyi4t,2022-03-24,WIG20,2022-03-24,same_day,trading_day,0,0.0597099500397841
tlyif6,2022-03-24,WIG20,2022-03-24,same_day,trading_day,0,0.0619822790225346
tlyzwh,2022-03-24,WIG20,2022-03-24,same_day,trading_day,0,-0.9580330532044172
tm29l2,2022-03-24,WIG20,2022-03-24,same_day,trading_day,0,-0.2252613418580343
tm2m17,2022-03-24,WIG20,2022-03-24,same_day,trading_day,0,0.2688959902152419
tm4eay,2022-03-24,WIG20,2022-03-24,same_day,trading_day,0,-0.0805544015485793
tm4eyq,2022-03-24,WIG20,2022-03-24,same_day,trading_day,0,-0.003956700708451
tm4flu,2022-03-24,WIG20,2022-03-24,same_day,trading_day,0,-0.0175034761767495
tmcf28,2022-03-24,WIG20,2022-03-24,same_day,trading_day,0,-0.5891292956657708
tn0rlf,2022-03-24,WIG20,2022-03-24,same_day,trading_day,0,-0.0342531030997634
tn62rf,2022-03-24,WIG20,2022-03-24,same_day,trading_day,0,-0.112151199037692
tna2uf,2022-03-25,WIG20,2022-03-25,same_day,trading_day,0,-0.5352849200367927
tnks94,2022-03-25,WIG20,2022-03-25,same_day,trading_day,0,0.3076645553644214
tnkvv5,2022-03-25,WIG20,2022-03-25,same_day,trading_day,0,0.0631267481232778
tnkwjv,2022-03-25,WIG20,2022-03-25,same_day,trading_day,0,0.0373790631704825
tnr5ib,2022-03-25,WIG20,2022-03-25,same_day,trading_day,0,0.1276985921431332
tnypxz,2022-03-25,WIG20,2022-03-25,same_day,trading_day,0,-0.1289597612551667
to55fm,2022-03-25,WIG20,2022-03-25,same_day,trading_day,0,0.0866366755838195
to5eu3,2022-03-25,WIG20,2022-03-25,same_day,trading_day,0,0.0907938557056089
toarrz,2022-03-26,WIG20,2022-03-28,forward_nontrading,Saturday,2,0.0505198469791229
tonf1v,2022-03-26,WIG20,2022-03-28,forward_nontrading,Saturday,2,0.2813294921070337
torgms,2022-03-26,WIG20,2022-03-28,forward_nontrading,Saturday,2,0.118059945354859
tozy3h,2022-03-26,WIG20,2022-03-28,forward_nontrading,Saturday,2,-0.2715897861868143
tp8sos,2022-03-27,WIG20,2022-03-28,forward_nontrading,Sunday,1,0.0593922686239238
tp97jy,2022-03-27,WIG20,2022-03-28,forward_nontrading,Sunday,1,0.1878510426458281
tpeoig,2022-03-27,WIG20,2022-03-28,forward_nontrading,Sunday,1,0.1008213549656303
tpn2uh,2022-03-27,WIG20,2022-03-28,forward_nontrading,Sunday,1,-0.2637586333347779
tq4skh,2022-03-28,WIG20,2022-03-28,same_day,trading_day,0,-0.2929087672382593
tq8nxq,2022-03-28,WIG20,2022-03-28,same_day,trading_day,0,-0.0278383204848438
tq8p5c,2022-03-28,WIG20,2022-03-28,same_day,trading_day,0,-0.048068420545986
tqaixr,2022-03-28,WIG20,2022-03-28,same_day,trading_day,0,-0.2679552855635328
tqj8n5,2022-03-28,WIG20,2022-03-28,same_day,trading_day,0,0.052255425028243
tqnibp,2022-03-29,WIG20,2022-03-29,same_day,trading_day,0,0.0068150444421917
tqy7bc,2022-03-29,WIG20,2022-03-29,same_day,trading_day,0,0.0542422761284416
tqy7xv,2022-03-29,WIG20,2022-03-29,same_day,trading_day,0,0.0518980136248054
tr0n7d,2022-03-29,WIG20,2022-03-29,same_day,trading_day,0,-0.1538146194560747
tr1cdv,2022-03-29,WIG20,2022-03-29,same_day,trading_day,0,0.0643653891359766
trjf5e,2022-03-29,WIG20,2022-03-29,same_day,trading_day,0,-0.0170424312774865
trs8yh,2022-03-29,WIG20,2022-03-29,same_day,trading_day,0,-0.1916476397488553
ts5ahw,2022-03-30,WIG20,2022-03-30,same_day,trading_day,0,-0.0912368926962
ts5b8o,2022-03-30,WIG20,2022-03-30,same_day,trading_day,0,-0.0900402416283374
ts8yld,2022-03-30,WIG20,2022-03-30,same_day,trading_day,0,-0.0949415018782019
tsatuk,2022-03-30,WIG20,2022-03-30,same_day,trading_day,0,0.7473738715052605
tsw5p3,2022-03-31,WIG20,2022-03-31,same_day,trading_day,0,0.7990362420678139
tsyjbk,2022-03-31,WIG20,2022-03-31,same_day,trading_day,0,-0.2517793495288311
tsyk07,2022-03-31,WIG20,2022-03-31,same_day,trading_day,0,-0.2606956913103267
tsz34i,2022-03-31,WIG20,2022-03-31,same_day,trading_day,0,-0.5057810004800558
tszbcz,2022-03-31,WIG20,2022-03-31,same_day,trading_day,0,0.0188526509640117
tt5cer,2022-03-31,WIG20,2022-03-31,same_day,trading_day,0,0.0633895769304431
tt7lzs,2022-03-31,WIG20,2022-03-31,same_day,trading_day,0,-0.1335388488051566
ttad7y,2022-03-31,WIG20,2022-03-31,same_day,trading_day,0,-0.1820725837976417
tth665,2022-04-01,WIG20,2022-04-01,same_day,trading_day,0,-0.0393644960981512
tto6j2,2022-04-01,WIG20,2022-04-01,same_day,trading_day,0,0.1128591241452981
ttt4l0,2022-04-01,WIG20,2022-04-01,same_day,trading_day,0,0.2935745030907648
tu1727,2022-04-01,WIG20,2022-04-01,same_day,trading_day,0,0.0104152829470959
tu2h16,2022-04-01,WIG20,2022-04-01,same_day,trading_day,0,-0.1966669635371641
tu6qhy,2022-04-02,WIG20,2022-04-04,forward_nontrading,Saturday,2,-0.0949545237817801
tu6rv4,2022-04-02,WIG20,2022-04-04,forward_nontrading,Saturday,2,-0.0867290686932392
tu8xlx,2022-04-02,WIG20,2022-04-04,forward_nontrading,Saturday,2,0.137580883813401
tumycz,2022-04-02,WIG20,2022-04-04,forward_nontrading,Saturday,2,-0.1657915769765774
tup35r,2022-04-02,WIG20,2022-04-04,forward_nontrading,Saturday,2,-0.0565445488609839
tvfmn8,2022-04-03,WIG20,2022-04-04,forward_nontrading,Sunday,1,0.0147358667933278
tvg8hk,2022-04-03,WIG20,2022-04-04,forward_nontrading,Sunday,1,-0.2948724091710413
tvwb01,2022-04-04,WIG20,2022-04-04,same_day,trading_day,0,0.1563548985868692
tvz423,2022-04-04,WIG20,2022-04-04,same_day,trading_day,0,-0.9590749442577362
tvztlh,2022-04-04,WIG20,2022-04-04,same_day,trading_day,0,-0.2022511959075927
tw003d,2022-04-04,WIG20,2022-04-04,same_day,trading_day,0,-0.24291056453843
tw1jb0,2022-04-04,WIG20,2022-04-04,same_day,trading_day,0,0.1023442523129394
tw1ju4,2022-04-04,WIG20,2022-04-04,same_day,trading_day,0,0.1070211926238861
tw1tc0,2022-04-04,WIG20,2022-04-04,same_day,trading_day,0,0.2780343800702173
tw2tgu,2022-04-04,WIG20,2022-04-04,same_day,trading_day,0,-0.737871564924717
tw6usg,2022-04-04,WIG20,2022-04-04,same_day,trading_day,0,-0.1565279066562652
twdp9g,2022-04-04,WIG20,2022-04-04,same_day,trading_day,0,0.0489836171292132
twl8fa,2022-04-05,WIG20,2022-04-05,same_day,trading_day,0,0.0560893389130277
twsuhk,2022-04-05,WIG20,2022-04-05,same_day,trading_day,0,-0.215136419981718
twtrd3,2022-04-05,WIG20,2022-04-05,same_day,trading_day,0,0.1016344520793264
twts1u,2022-04-05,WIG20,2022-04-05,same_day,trading_day,0,0.1041867605966042
twwvpg,2022-04-05,WIG20,2022-04-05,same_day,trading_day,0,-0.8895343979820609
twwz51,2022-04-05,WIG20,2022-04-05,same_day,trading_day,0,-0.8895343979820609
txbde4,2022-04-06,WIG20,2022-04-06,same_day,trading_day,0,-0.1103177494602277
txbrcd,2022-04-06,WIG20,2022-04-06,same_day,trading_day,0,-0.1360602958926133
txkrxv,2022-04-06,WIG20,2022-04-06,same_day,trading_day,0,0.3010975659514467
txljri,2022-04-06,WIG20,2022-04-06,same_day,trading_day,0,-0.0647319098483891
txlkgd,2022-04-06,WIG20,2022-04-06,same_day,trading_day,0,-0.0671049183326177
txqmw6,2022-04-06,WIG20,2022-04-06,same_day,trading_day,0,-0.2569241288118065
txt0ps,2022-04-06,WIG20,2022-04-06,same_day,trading_day,0,-0.270665232402583
txw3o7,2022-04-06,WIG20,2022-04-06,same_day,trading_day,0,-0.1541828297678444
txwlfs,2022-04-06,WIG20,2022-04-06,same_day,trading_day,0,0.2254411729797721
tyavf4,2022-04-07,WIG20,2022-04-07,same_day,trading_day,0,-0.2258651648648083
tybc9c,2022-04-07,WIG20,2022-04-07,same_day,trading_day,0,-0.3164123029758533
tybxje,2022-04-07,WIG20,2022-04-07,same_day,trading_day,0,-0.0086298109174279
tyby4k,2022-04-07,WIG20,2022-04-07,same_day,trading_day,0,-0.0121568204614065
tygt36,2022-04-07,WIG20,2022-04-07,same_day,trading_day,0,-0.3159653446278893
tyih0c,2022-04-07,WIG20,2022-04-07,same_day,trading_day,0,-0.8047830555588007
tymed7,2022-04-07,WIG20,2022-04-07,same_day,trading_day,0,-0.029850986094347
tz4vs6,2022-04-08,WIG20,2022-04-08,same_day,trading_day,0,-0.34815286745828
tzcsfh,2022-04-08,WIG20,2022-04-08,same_day,trading_day,0,0.0076468993951989
tzft11,2022-04-08,WIG20,2022-04-08,same_day,trading_day,0,-0.0457560002997827
tzfu64,2022-04-08,WIG20,2022-04-08,same_day,trading_day,0,-0.0456297696917318
tzua4n,2022-04-09,WIG20,2022-04-11,forward_nontrading,Saturday,2,-0.2420426990009016
u03jky,2022-04-09,WIG20,2022-04-11,forward_nontrading,Saturday,2,0.0438454709947109
u03oa1,2022-04-09,WIG20,2022-04-11,forward_nontrading,Saturday,2,0.0282504875212907
u0gm37,2022-04-10,WIG20,2022-04-11,forward_nontrading,Sunday,1,-0.0216268517076969
u0tzqi,2022-04-10,WIG20,2022-04-11,forward_nontrading,Sunday,1,-0.2072530909596632
u17j2u,2022-04-11,WIG20,2022-04-11,same_day,trading_day,0,-0.1201567378267645
u1hpp4,2022-04-11,WIG20,2022-04-11,same_day,trading_day,0,-0.0734696931119055
u24upf,2022-04-12,WIG20,2022-04-12,same_day,trading_day,0,0.2550457214404429
u254b1,2022-04-12,WIG20,2022-04-12,same_day,trading_day,0,0.2556902295244592
u2cde3,2022-04-12,WIG20,2022-04-12,same_day,trading_day,0,0.0879458612045989
u2ko0b,2022-04-13,WIG20,2022-04-13,same_day,trading_day,0,-0.4899839822148136
u2loh3,2022-04-13,WIG20,2022-04-13,same_day,trading_day,0,-0.0940276645123958
u2uqas,2022-04-13,WIG20,2022-04-13,same_day,trading_day,0,-0.6552661918103695
u3g9im,2022-04-14,WIG20,2022-04-14,same_day,trading_day,0,0.4265382469997608
u3kijh,2022-04-14,WIG20,2022-04-14,same_day,trading_day,0,-0.0773280937224626
u3mp96,2022-04-14,WIG20,2022-04-14,same_day,trading_day,0,-0.0317123904824256
u3nvg8,2022-04-14,WIG20,2022-04-14,same_day,trading_day,0,-0.2748560054118142
u3pbhh,2022-04-14,WIG20,2022-04-14,same_day,trading_day,0,-0.8780277222394943
u3pm89,2022-04-14,WIG20,2022-04-14,same_day,trading_day,0,-0.0210898851510137
u3rnof,2022-04-14,WIG20,2022-04-14,same_day,trading_day,0,-0.0936459597704621
u3rokl,2022-04-14,WIG20,2022-04-14,same_day,trading_day,0,-0.0880217225795301
u43azn,2022-04-15,WIG20,2022-04-19,forward_nontrading,weekday_nontrading,4,-0.0064048394560813
u46tzd,2022-04-15,WIG20,2022-04-19,forward_nontrading,weekday_nontrading,4,0.0478156104429878
u47n5z,2022-04-15,WIG20,2022-04-19,forward_nontrading,weekday_nontrading,4,0.3129461555508896
u4dsoz,2022-04-15,WIG20,2022-04-19,forward_nontrading,weekday_nontrading,4,-0.0413888019199172
u521ic,2022-04-16,WIG20,2022-04-19,forward_nontrading,Saturday,3,-0.1769533920282077
u58y90,2022-04-16,WIG20,2022-04-19,forward_nontrading,Saturday,3,-0.4950302267550595
u5ql81,2022-04-17,WIG20,2022-04-19,forward_nontrading,Sunday,2,-0.2394651827187492
u5t4km,2022-04-17,WIG20,2022-04-19,forward_nontrading,Sunday,2,-0.0877073403033945
u5tn5b,2022-04-17,WIG20,2022-04-19,forward_nontrading,Sunday,2,-0.3210801045643165
u5ub0s,2022-04-17,WIG20,2022-04-19,forward_nontrading,Sunday,2,-0.0529810674488544
u5zoz8,2022-04-17,WIG20,2022-04-19,forward_nontrading,Sunday,2,-0.1569281076746327
u617h8,2022-04-18,WIG20,2022-04-19,forward_nontrading,weekday_nontrading,1,0.0310727362520992
u6f648,2022-04-18,WIG20,2022-04-19,forward_nontrading,weekday_nontrading,1,-0.3200802723877132
u6ie40,2022-04-18,WIG20,2022-04-19,forward_nontrading,weekday_nontrading,1,-0.060211436713443
u6m6bj,2022-04-18,WIG20,2022-04-19,forward_nontrading,weekday_nontrading,1,0.0020857087361651
u6mxlm,2022-04-18,WIG20,2022-04-19,forward_nontrading,weekday_nontrading,1,0.0678933643608947
u7bc2t,2022-04-19,WIG20,2022-04-19,same_day,trading_day,0,0.1015195548534393
u7f3jz,2022-04-19,WIG20,2022-04-19,same_day,trading_day,0,-0.8183741382478426
u7fh11,2022-04-19,WIG20,2022-04-19,same_day,trading_day,0,-0.3286534866238845
u7gqiz,2022-04-19,WIG20,2022-04-19,same_day,trading_day,0,-0.2430124567888145
u7kw9i,2022-04-20,WIG20,2022-04-20,same_day,trading_day,0,-0.3271790350787341
u7ouu4,2022-04-20,WIG20,2022-04-20,same_day,trading_day,0,-0.6152689017665883
u80l26,2022-04-20,WIG20,2022-04-20,same_day,trading_day,0,0.0365737673038473
u80lu9,2022-04-20,WIG20,2022-04-20,same_day,trading_day,0,0.0365737673038473
u8fb6r,2022-04-21,WIG20,2022-04-21,same_day,trading_day,0,-0.0394999796883502
u8x268,2022-04-21,WIG20,2022-04-21,same_day,trading_day,0,-0.0719415029794301
u908l4,2022-04-21,WIG20,2022-04-21,same_day,trading_day,0,0.3148882989254262
u90p7k,2022-04-21,WIG20,2022-04-21,same_day,trading_day,0,0.3330827309853501
u9d17m,2022-04-22,WIG20,2022-04-22,same_day,trading_day,0,-0.0327764573240919
u9ovec,2022-04-22,WIG20,2022-04-22,same_day,trading_day,0,-0.0391614917925624
u9x6bn,2022-04-23,WIG20,2022-04-25,forward_nontrading,Saturday,2,-0.2788499656692147
u9x70i,2022-04-23,WIG20,2022-04-25,forward_nontrading,Saturday,2,-0.2788499656692147
u9y7en,2022-04-23,WIG20,2022-04-25,forward_nontrading,Saturday,2,0.0673371829212673
ua5hjm,2022-04-23,WIG20,2022-04-25,forward_nontrading,Saturday,2,-0.0818271422758698
uai4ex,2022-04-23,WIG20,2022-04-25,forward_nontrading,Saturday,2,0.302001607293884
uavfl8,2022-04-24,WIG20,2022-04-25,forward_nontrading,Sunday,1,-0.0396989827147788
uazmxa,2022-04-24,WIG20,2022-04-25,forward_nontrading,Sunday,1,-0.3787358571730909
ub3pzh,2022-04-24,WIG20,2022-04-25,forward_nontrading,Sunday,1,-0.3343945369124412
ub5kg2,2022-04-24,WIG20,2022-04-25,forward_nontrading,Sunday,1,-0.2003645247055424
ubacuj,2022-04-25,WIG20,2022-04-25,same_day,trading_day,0,-0.4362328043207526
ubj3g5,2022-04-25,WIG20,2022-04-25,same_day,trading_day,0,0.2733186045661569
ubmdqd,2022-04-25,WIG20,2022-04-25,same_day,trading_day,0,0.0555495444219559
ucivd5,2022-04-26,WIG20,2022-04-26,same_day,trading_day,0,-0.7380059026181698
ucn4wg,2022-04-26,WIG20,2022-04-26,same_day,trading_day,0,-0.1362299293279648
ucs69e,2022-04-27,WIG20,2022-04-27,same_day,trading_day,0,0.0307116956760485
ucsdap,2022-04-27,WIG20,2022-04-27,same_day,trading_day,0,-0.5434617560046414
ud28ci,2022-04-27,WIG20,2022-04-27,same_day,trading_day,0,-0.2476133271120488
ud2gvw,2022-04-27,WIG20,2022-04-27,same_day,trading_day,0,0.0193048565147014
ud4u9d,2022-04-27,WIG20,2022-04-27,same_day,trading_day,0,-0.3647430402298386
ud5hle,2022-04-27,WIG20,2022-04-27,same_day,trading_day,0,0.0953939774384101
udcu5q,2022-04-27,WIG20,2022-04-27,same_day,trading_day,0,0.0845243743620813
udec7z,2022-04-27,WIG20,2022-04-27,same_day,trading_day,0,-0.2310276421540904
udf245,2022-04-27,WIG20,2022-04-27,same_day,trading_day,0,-0.2051984499572071
udozbi,2022-04-28,WIG20,2022-04-28,same_day,trading_day,0,-0.1501838040368801
udu25j,2022-04-28,WIG20,2022-04-28,same_day,trading_day,0,-0.1083159236966267
uduivu,2022-04-28,WIG20,2022-04-28,same_day,trading_day,0,-0.5816336878575386
uduxu9,2022-04-28,WIG20,2022-04-28,same_day,trading_day,0,-0.3716607553263505
udx78k,2022-04-28,WIG20,2022-04-28,same_day,trading_day,0,-0.1321562719531357
udxxoz,2022-04-28,WIG20,2022-04-28,same_day,trading_day,0,-0.5949197832960635
udyvfn,2022-04-28,WIG20,2022-04-28,same_day,trading_day,0,-0.830663412809372
ue6rmm,2022-04-28,WIG20,2022-04-28,same_day,trading_day,0,-0.0755770723169137
ueoqvn,2022-04-29,WIG20,2022-04-29,same_day,trading_day,0,-0.1136547788445438
uepycb,2022-04-29,WIG20,2022-04-29,same_day,trading_day,0,-0.2794757541269064
ueud5h,2022-04-29,WIG20,2022-04-29,same_day,trading_day,0,-0.1518767961145689
ueue83,2022-04-29,WIG20,2022-04-29,same_day,trading_day,0,-0.1511560483680417
ueuiq0,2022-04-29,WIG20,2022-04-29,same_day,trading_day,0,0.2752559894738211
uew0n5,2022-04-29,WIG20,2022-04-29,same_day,trading_day,0,-0.028948787599802
uexv22,2022-04-29,WIG20,2022-04-29,same_day,trading_day,0,-0.239049531891942
uf7e4i,2022-04-30,WIG20,2022-05-02,forward_nontrading,Saturday,2,-0.0078437921724149
uf7l40,2022-04-30,WIG20,2022-05-02,forward_nontrading,Saturday,2,-0.2631156491115689
ufa182,2022-04-30,WIG20,2022-05-02,forward_nontrading,Saturday,2,-0.1247126744089958
ufa27p,2022-04-30,WIG20,2022-05-02,forward_nontrading,Saturday,2,-0.1245519033749588
ufb746,2022-04-30,WIG20,2022-05-02,forward_nontrading,Saturday,2,-0.3039156759835102
ufcywh,2022-04-30,WIG20,2022-05-02,forward_nontrading,Saturday,2,0.1647493990815498
ug17g9,2022-05-01,WIG20,2022-05-02,forward_nontrading,Sunday,1,-0.1588577930566056
ug7fhn,2022-05-01,WIG20,2022-05-02,forward_nontrading,Sunday,1,0.1434558251251777
ugjcxk,2022-05-02,WIG20,2022-05-02,same_day,trading_day,0,0.0418614199207652
ugu9pr,2022-05-02,WIG20,2022-05-02,same_day,trading_day,0,-0.2448656749394205
uh1zeh,2022-05-02,WIG20,2022-05-02,same_day,trading_day,0,0.1447537746225648
uh2c68,2022-05-02,WIG20,2022-05-02,same_day,trading_day,0,-0.0145566851521531
uh5b0g,2022-05-03,WIG20,2022-05-04,forward_nontrading,weekday_nontrading,1,0.1117886690836814
uhfjtf,2022-05-03,WIG20,2022-05-04,forward_nontrading,weekday_nontrading,1,-0.0406996874504168
uhfkx0,2022-05-03,WIG20,2022-05-04,forward_nontrading,weekday_nontrading,1,-0.0671736306759218
uhmzjr,2022-05-03,WIG20,2022-05-04,forward_nontrading,weekday_nontrading,1,-0.1383310894792278
ui5sw9,2022-05-04,WIG20,2022-05-04,same_day,trading_day,0,-0.0026036338064313
ui5tkc,2022-05-04,WIG20,2022-05-04,same_day,trading_day,0,0.0002384169318248
uibrxp,2022-05-04,WIG20,2022-05-04,same_day,trading_day,0,0.3706899303597984
uijsy9,2022-05-04,WIG20,2022-05-04,same_day,trading_day,0,-0.0486794554453808
uike8a,2022-05-05,WIG20,2022-05-05,same_day,trading_day,0,-0.3067422133559982
uj16c3,2022-05-05,WIG20,2022-05-05,same_day,trading_day,0,-0.2379235185682773
uj1oxt,2022-05-05,WIG20,2022-05-05,same_day,trading_day,0,-0.2917882405111894
uj2haj,2022-05-05,WIG20,2022-05-05,same_day,trading_day,0,-0.3365569116195311
uj3694,2022-05-05,WIG20,2022-05-05,same_day,trading_day,0,-0.0741929431947377
uja7np,2022-05-05,WIG20,2022-05-05,same_day,trading_day,0,-0.2698913481106738
ujclt0,2022-05-06,WIG20,2022-05-06,same_day,trading_day,0,-0.6244497210496949
ujjeww,2022-05-06,WIG20,2022-05-06,same_day,trading_day,0,-0.1010142388857073
uk22vv,2022-05-07,WIG20,2022-05-09,forward_nontrading,Saturday,2,-0.1934705973680441
uk24ds,2022-05-07,WIG20,2022-05-09,forward_nontrading,Saturday,2,-0.1916479743008191
uk5tbp,2022-05-07,WIG20,2022-05-09,forward_nontrading,Saturday,2,-0.132398969028145
uk8o5z,2022-05-07,WIG20,2022-05-09,forward_nontrading,Saturday,2,-0.2019477298017591
uketqw,2022-05-07,WIG20,2022-05-09,forward_nontrading,Saturday,2,-0.0136208030162379
ukf9is,2022-05-07,WIG20,2022-05-09,forward_nontrading,Saturday,2,-0.1682261734191949
ul3wo8,2022-05-08,WIG20,2022-05-09,forward_nontrading,Sunday,1,-0.1704202656168491
ul52k9,2022-05-08,WIG20,2022-05-09,forward_nontrading,Sunday,1,-0.241844166489318
ul8em1,2022-05-08,WIG20,2022-05-09,forward_nontrading,Sunday,1,0.0075987983494997
ul8snm,2022-05-08,WIG20,2022-05-09,forward_nontrading,Sunday,1,-0.0266261917228499
ula3jo,2022-05-08,WIG20,2022-05-09,forward_nontrading,Sunday,1,0.0799228940857574
ulhgmr,2022-05-09,WIG20,2022-05-09,same_day,trading_day,0,-0.0895519838806983
ulqoab,2022-05-09,WIG20,2022-05-09,same_day,trading_day,0,-0.1066993232816457
ulqpso,2022-05-09,WIG20,2022-05-09,same_day,trading_day,0,-0.1243275897073987
ulxya1,2022-05-09,WIG20,2022-05-09,same_day,trading_day,0,-0.4908727572765201
ulyw1x,2022-05-09,WIG20,2022-05-09,same_day,trading_day,0,-0.5620113143020056
ulzlrx,2022-05-09,WIG20,2022-05-09,same_day,trading_day,0,-0.3988812306676718
umlboo,2022-05-10,WIG20,2022-05-10,same_day,trading_day,0,-0.2828079566534143
umqnki,2022-05-10,WIG20,2022-05-10,same_day,trading_day,0,-0.0655722345691174
unkfqh,2022-05-11,WIG20,2022-05-11,same_day,trading_day,0,-0.1061048245367904
unly13,2022-05-11,WIG20,2022-05-11,same_day,trading_day,0,-0.6468756165769365
unmtwn,2022-05-11,WIG20,2022-05-11,same_day,trading_day,0,-0.3133508253044316
unmyby,2022-05-11,WIG20,2022-05-11,same_day,trading_day,0,-0.6529959113233619
untrr0,2022-05-12,WIG20,2022-05-12,same_day,trading_day,0,-0.2311403169296682
uo1yik,2022-05-12,WIG20,2022-05-12,same_day,trading_day,0,0.133624380454421
uoafni,2022-05-12,WIG20,2022-05-12,same_day,trading_day,0,-0.4022628798459966
uoqb4g,2022-05-13,WIG20,2022-05-13,same_day,trading_day,0,0.0100968642426388
uos9sx,2022-05-13,WIG20,2022-05-13,same_day,trading_day,0,0.100841524079442
uoz8os,2022-05-13,WIG20,2022-05-13,same_day,trading_day,0,-0.0443175170637135
uphtyk,2022-05-14,WIG20,2022-05-16,forward_nontrading,Saturday,2,-0.3769031931380076
uq6yak,2022-05-15,WIG20,2022-05-16,forward_nontrading,Sunday,1,-0.2628928816411644
uqdqab,2022-05-15,WIG20,2022-05-16,forward_nontrading,Sunday,1,-0.0931720752269029
uqmo1q,2022-05-16,WIG20,2022-05-16,same_day,trading_day,0,-0.2227664684931583
uqvmh4,2022-05-16,WIG20,2022-05-16,same_day,trading_day,0,0.1581342624975185
ur00pp,2022-05-16,WIG20,2022-05-16,same_day,trading_day,0,-0.5554121013730764
ur1j2p,2022-05-16,WIG20,2022-05-16,same_day,trading_day,0,-0.4062978699803352
urblk4,2022-05-17,WIG20,2022-05-17,same_day,trading_day,0,-0.0541885420680046
urmjfv,2022-05-17,WIG20,2022-05-17,same_day,trading_day,0,-0.3299541000160388
urpi1g,2022-05-17,WIG20,2022-05-17,same_day,trading_day,0,0.4023630398818675
usbrd8,2022-05-18,WIG20,2022-05-18,same_day,trading_day,0,-0.0803753376239911
uscsh9,2022-05-18,WIG20,2022-05-18,same_day,trading_day,0,0.1659851896467016
usebb7,2022-05-18,WIG20,2022-05-18,same_day,trading_day,0,0.0351495647200328
usexv9,2022-05-18,WIG20,2022-05-18,same_day,trading_day,0,-0.2297057251135508
ut64k9,2022-05-19,WIG20,2022-05-19,same_day,trading_day,0,-0.5427464274246068
ut6bak,2022-05-19,WIG20,2022-05-19,same_day,trading_day,0,-0.3075675183546639
utf65p,2022-05-19,WIG20,2022-05-19,same_day,trading_day,0,-0.081074169371277
utjark,2022-05-20,WIG20,2022-05-20,same_day,trading_day,0,-0.0361062299925833
utl1iu,2022-05-20,WIG20,2022-05-20,same_day,trading_day,0,-0.5612631169413882
utl3f7,2022-05-20,WIG20,2022-05-20,same_day,trading_day,0,-0.5589216055481562
utyv5f,2022-05-20,WIG20,2022-05-20,same_day,trading_day,0,-0.2062042549174899
uu573v,2022-05-20,WIG20,2022-05-20,same_day,trading_day,0,0.3084669860079884
uubbsw,2022-05-21,WIG20,2022-05-23,forward_nontrading,Saturday,2,-0.0192960860739861
uutln9,2022-05-21,WIG20,2022-05-23,forward_nontrading,Saturday,2,-0.1147637089545076
uuwpm2,2022-05-21,WIG20,2022-05-23,forward_nontrading,Saturday,2,-0.3280968109611422
uv0xjv,2022-05-22,WIG20,2022-05-23,forward_nontrading,Sunday,1,-0.5128362877294421
uvh7ly,2022-05-22,WIG20,2022-05-23,forward_nontrading,Sunday,1,-0.3544974931670973
uw0mqz,2022-05-23,WIG20,2022-05-23,same_day,trading_day,0,0.1697204642971469
uw6d1o,2022-05-23,WIG20,2022-05-23,same_day,trading_day,0,-0.2228614568996887
uw7ep7,2022-05-23,WIG20,2022-05-23,same_day,trading_day,0,-0.4149723637383431
uwb14p,2022-05-23,WIG20,2022-05-23,same_day,trading_day,0,-0.4149723637383431
uwi3vs,2022-05-24,WIG20,2022-05-24,same_day,trading_day,0,-0.407611959730275
uwwo7k,2022-05-24,WIG20,2022-05-24,same_day,trading_day,0,-0.6949832611717284
uwygft,2022-05-24,WIG20,2022-05-24,same_day,trading_day,0,-0.2665221565826373
uxbtkb,2022-05-25,WIG20,2022-05-25,same_day,trading_day,0,-0.5516735721612349
uxkxcm,2022-05-25,WIG20,2022-05-25,same_day,trading_day,0,-0.4379538258071989
uxo44z,2022-05-25,WIG20,2022-05-25,same_day,trading_day,0,0.0684374775379323
uxq7os,2022-05-25,WIG20,2022-05-25,same_day,trading_day,0,-0.0798602582265933
uxqiop,2022-05-25,WIG20,2022-05-25,same_day,trading_day,0,-0.4099434149296334
uxz2bq,2022-05-26,WIG20,2022-05-26,same_day,trading_day,0,-0.1744366240454837
uy4wnq,2022-05-26,WIG20,2022-05-26,same_day,trading_day,0,-0.2404866181313991
uyc780,2022-05-26,WIG20,2022-05-26,same_day,trading_day,0,0.2603510461437205
uyyf4x,2022-05-27,WIG20,2022-05-27,same_day,trading_day,0,0.2508184419129975
uyzkok,2022-05-27,WIG20,2022-05-27,same_day,trading_day,0,-0.0661895534289734
uzeoht,2022-05-28,WIG20,2022-05-30,forward_nontrading,Saturday,2,0.3373870538004363
uzurrf,2022-05-28,WIG20,2022-05-30,forward_nontrading,Saturday,2,-0.304137592613697
v15w14,2022-05-30,WIG20,2022-05-30,same_day,trading_day,0,-0.4108094358816743
v1bcxe,2022-05-30,WIG20,2022-05-30,same_day,trading_day,0,0.0343659073114395
v1enh6,2022-05-31,WIG20,2022-05-31,same_day,trading_day,0,-0.0763182364818122
v2iiua,2022-06-01,WIG20,2022-06-01,same_day,trading_day,0,-0.8264521174132824
v2ijze,2022-06-01,WIG20,2022-06-01,same_day,trading_day,0,-0.0563044637441635
v2jv1a,2022-06-01,WIG20,2022-06-01,same_day,trading_day,0,-0.784915916621685
v2lp5p,2022-06-01,WIG20,2022-06-01,same_day,trading_day,0,-0.8855223786085844
v2weer,2022-06-02,WIG20,2022-06-02,same_day,trading_day,0,-0.3303843581710349
v3wcpr,2022-06-03,WIG20,2022-06-03,same_day,trading_day,0,0.3191741276532411
v40vr5,2022-06-03,WIG20,2022-06-03,same_day,trading_day,0,0.2638722288732727
v42iw9,2022-06-03,WIG20,2022-06-03,same_day,trading_day,0,-0.7818710468709469
v42x8z,2022-06-03,WIG20,2022-06-03,same_day,trading_day,0,-0.0571527684883524
v5d0sc,2022-06-05,WIG20,2022-06-06,forward_nontrading,Sunday,1,-0.8315608376129108
v5kf1o,2022-06-05,WIG20,2022-06-06,forward_nontrading,Sunday,1,0.1744380744639784
v6rjkw,2022-06-07,WIG20,2022-06-07,same_day,trading_day,0,-0.4230902963044012
v74jg6,2022-06-07,WIG20,2022-06-07,same_day,trading_day,0,0.1408045938504593
v77f8n,2022-06-07,WIG20,2022-06-07,same_day,trading_day,0,0.3802069270362456
v7acpd,2022-06-07,WIG20,2022-06-07,same_day,trading_day,0,-0.5814325887754205
v7ews7,2022-06-08,WIG20,2022-06-08,same_day,trading_day,0,-0.2548384155767659
v7vmz2,2022-06-08,WIG20,2022-06-08,same_day,trading_day,0,0.0270892679691314
v7y4tv,2022-06-08,WIG20,2022-06-08,same_day,trading_day,0,0.2582646368869713
v8gdu1,2022-06-09,WIG20,2022-06-09,same_day,trading_day,0,0.2445376920422502
v8icyc,2022-06-09,WIG20,2022-06-09,same_day,trading_day,0,-0.3517557419836521
v96u59,2022-06-10,WIG20,2022-06-10,same_day,trading_day,0,0.1088539522832199
v9ecdg,2022-06-10,WIG20,2022-06-10,same_day,trading_day,0,-0.6442619695709171
v9wqou,2022-06-11,WIG20,2022-06-13,forward_nontrading,Saturday,2,-0.0168965873553564
vae7mh,2022-06-12,WIG20,2022-06-13,forward_nontrading,Sunday,1,-0.0984361343266021
vammlp,2022-06-12,WIG20,2022-06-13,forward_nontrading,Sunday,1,-0.3921412902418524
vatj04,2022-06-12,WIG20,2022-06-13,forward_nontrading,Sunday,1,-0.2131640566512942
vax59e,2022-06-12,WIG20,2022-06-13,forward_nontrading,Sunday,1,-0.0310886966701793
vbf53f,2022-06-13,WIG20,2022-06-13,same_day,trading_day,0,-0.466350685375241
vbormt,2022-06-13,WIG20,2022-06-13,same_day,trading_day,0,-0.2028260699783762
vbx0ql,2022-06-14,WIG20,2022-06-14,same_day,trading_day,0,0.1081416523761369
vc6iwz,2022-06-14,WIG20,2022-06-14,same_day,trading_day,0,-0.0597834838554263
vccb31,2022-06-14,WIG20,2022-06-14,same_day,trading_day,0,-0.58298635813925
vcvvgi,2022-06-15,WIG20,2022-06-15,same_day,trading_day,0,-0.4221319127827883
vcxv04,2022-06-15,WIG20,2022-06-15,same_day,trading_day,0,-0.1308396645985982
vczwhl,2022-06-15,WIG20,2022-06-15,same_day,trading_day,0,-0.0087119146871069
vd04vt,2022-06-15,WIG20,2022-06-15,same_day,trading_day,0,0.0283972801019748
vdbzgg,2022-06-16,WIG20,2022-06-17,forward_nontrading,weekday_nontrading,1,-0.2486980373505503
vdn10w,2022-06-16,WIG20,2022-06-17,forward_nontrading,weekday_nontrading,1,0.0208022732478685
vdsmur,2022-06-16,WIG20,2022-06-17,forward_nontrading,weekday_nontrading,1,-0.1509149478127558
vdvlvc,2022-06-16,WIG20,2022-06-17,forward_nontrading,weekday_nontrading,1,-0.1448033857935418
ve9t80,2022-06-17,WIG20,2022-06-17,same_day,trading_day,0,0.218813471780676
ve9tve,2022-06-17,WIG20,2022-06-17,same_day,trading_day,0,0.2598166864934481
veo9do,2022-06-17,WIG20,2022-06-17,same_day,trading_day,0,-0.1060405608791953
veqeja,2022-06-17,WIG20,2022-06-17,same_day,trading_day,0,-0.257881465049771
veqfsu,2022-06-17,WIG20,2022-06-17,same_day,trading_day,0,-0.2564956544199959
vf91nw,2022-06-18,WIG20,2022-06-20,forward_nontrading,Saturday,2,-0.0914602555119647
vfpauj,2022-06-19,WIG20,2022-06-20,forward_nontrading,Sunday,1,0.1973160945344716
vg4uj3,2022-06-19,WIG20,2022-06-20,forward_nontrading,Sunday,1,-0.1861443259328118
vi6aui,2022-06-22,WIG20,2022-06-22,same_day,trading_day,0,-0.739927276968956
vi81ua,2022-06-22,WIG20,2022-06-22,same_day,trading_day,0,0.117493412394266
vjtnig,2022-06-24,WIG20,2022-06-24,same_day,trading_day,0,-0.1606637862595644
vlhlmk,2022-06-26,WIG20,2022-06-27,forward_nontrading,Sunday,1,-0.284455337212421
vmmkk9,2022-06-28,WIG20,2022-06-28,same_day,trading_day,0,-0.2776018501368954
vn92up,2022-06-29,WIG20,2022-06-29,same_day,trading_day,0,0.013732378800901
vnh1ap,2022-06-29,WIG20,2022-06-29,same_day,trading_day,0,0.1957254639755074
vo6uop,2022-06-30,WIG20,2022-06-30,same_day,trading_day,0,-0.1866860056761652
vo6vcx,2022-06-30,WIG20,2022-06-30,same_day,trading_day,0,-0.2010009936802089
vob4ov,2022-06-30,WIG20,2022-06-30,same_day,trading_day,0,-0.0850464558849732
vog014,2022-06-30,WIG20,2022-06-30,same_day,trading_day,0,-0.0533488672226667
vogv3y,2022-06-30,WIG20,2022-06-30,same_day,trading_day,0,-0.4886981029994786
vp0zyy,2022-07-01,WIG20,2022-07-01,same_day,trading_day,0,0.0139084514230489
vpn2kl,2022-07-02,WIG20,2022-07-04,forward_nontrading,Saturday,2,-0.4172944351099431
vruhtw,2022-07-05,WIG20,2022-07-05,same_day,trading_day,0,-0.0825527024201371
vt0ds2,2022-07-06,WIG20,2022-07-06,same_day,trading_day,0,-0.1588129400659133
vtsdsr,2022-07-07,WIG20,2022-07-07,same_day,trading_day,0,-0.2327244233340025
vtwmod,2022-07-07,WIG20,2022-07-07,same_day,trading_day,0,0.2451405839528888
vu3xn9,2022-07-08,WIG20,2022-07-08,same_day,trading_day,0,-0.0688479566791405
vua07v,2022-07-08,WIG20,2022-07-08,same_day,trading_day,0,0.0323885306565751
vua1gj,2022-07-08,WIG20,2022-07-08,same_day,trading_day,0,0.0314209745647233
vwax7h,2022-07-11,WIG20,2022-07-11,same_day,trading_day,0,-0.2577740825712681
vxi1s3,2022-07-12,WIG20,2022-07-12,same_day,trading_day,0,-0.2937161537951657
vxs7yz,2022-07-13,WIG20,2022-07-13,same_day,trading_day,0,-0.1402003186471436
vy4fe0,2022-07-13,WIG20,2022-07-13,same_day,trading_day,0,0.0015040586927327
vyg78j,2022-07-13,WIG20,2022-07-13,same_day,trading_day,0,-0.0033333592993371
vz7mdd,2022-07-14,WIG20,2022-07-14,same_day,trading_day,0,-0.0270901803548137
w04kjl,2022-07-16,WIG20,2022-07-18,forward_nontrading,Saturday,2,-0.0477391630411148
w153qf,2022-07-17,WIG20,2022-07-18,forward_nontrading,Sunday,1,0.0300108364317566
w1rxuk,2022-07-18,WIG20,2022-07-18,same_day,trading_day,0,-0.0312794141814504
w3o5e4,2022-07-20,WIG20,2022-07-20,same_day,trading_day,0,-0.032726688564501
w3w6bx,2022-07-20,WIG20,2022-07-20,same_day,trading_day,0,-0.2404859096432725
w4b8q8,2022-07-21,WIG20,2022-07-21,same_day,trading_day,0,-0.3156788650279244
w4tgwf,2022-07-21,WIG20,2022-07-21,same_day,trading_day,0,-0.0861983996712499
w5o5ah,2022-07-22,WIG20,2022-07-22,same_day,trading_day,0,-0.2278963278513401
w5o6gj,2022-07-22,WIG20,2022-07-22,same_day,trading_day,0,-0.2335437919129617
w5wu6q,2022-07-23,WIG20,2022-07-25,forward_nontrading,Saturday,2,-0.562960885775586
w5xpbl,2022-07-23,WIG20,2022-07-25,forward_nontrading,Saturday,2,-0.2180483328109538
w8fnp8,2022-07-26,WIG20,2022-07-26,same_day,trading_day,0,-0.0603323028023753
w8irqr,2022-07-26,WIG20,2022-07-26,same_day,trading_day,0,-0.1862694297929945
w8isxz,2022-07-26,WIG20,2022-07-26,same_day,trading_day,0,-0.1855963851922928
w8kqgh,2022-07-26,WIG20,2022-07-26,same_day,trading_day,0,0.1159610939212143
w8tq81,2022-07-26,WIG20,2022-07-26,same_day,trading_day,0,-0.389844711481904
w997on,2022-07-27,WIG20,2022-07-27,same_day,trading_day,0,-0.9566123425029218
w99zw1,2022-07-27,WIG20,2022-07-27,same_day,trading_day,0,-0.4245334336250697
w9oltk,2022-07-27,WIG20,2022-07-27,same_day,trading_day,0,-0.1453342288732528
w9ryz4,2022-07-27,WIG20,2022-07-27,same_day,trading_day,0,-0.3817623751237988
w9vq0g,2022-07-28,WIG20,2022-07-28,same_day,trading_day,0,-0.2807883579516783
wa75uf,2022-07-28,WIG20,2022-07-28,same_day,trading_day,0,0.7330555526229243
wa91h5,2022-07-28,WIG20,2022-07-28,same_day,trading_day,0,-0.2544927185831162
wayero,2022-07-29,WIG20,2022-07-29,same_day,trading_day,0,0.0334592581105729
wbbo2d,2022-07-29,WIG20,2022-07-29,same_day,trading_day,0,-0.3657799132168293
wbx4ie,2022-07-30,WIG20,2022-08-01,forward_nontrading,Saturday,2,-0.2210696805268526
wcdmw9,2022-07-31,WIG20,2022-08-01,forward_nontrading,Sunday,1,0.007327210432028
wd6mxt,2022-08-01,WIG20,2022-08-01,same_day,trading_day,0,0.0356268671651681
weab4g,2022-08-02,WIG20,2022-08-02,same_day,trading_day,0,-0.0358651870628818
weac3c,2022-08-02,WIG20,2022-08-02,same_day,trading_day,0,-0.0265435646204943
wf87z3,2022-08-03,WIG20,2022-08-03,same_day,trading_day,0,-0.6706674203354244
wfeyo2,2022-08-03,WIG20,2022-08-03,same_day,trading_day,0,-0.6084188115783036
wg125l,2022-08-04,WIG20,2022-08-04,same_day,trading_day,0,-0.1073271279068043
wg6ntw,2022-08-04,WIG20,2022-08-04,same_day,trading_day,0,-0.2937284777872264
wjm4jm,2022-08-08,WIG20,2022-08-08,same_day,trading_day,0,0.0473736524581909
wjmfp6,2022-08-08,WIG20,2022-08-08,same_day,trading_day,0,0.3161286794181381
wjzwgm,2022-08-09,WIG20,2022-08-09,same_day,trading_day,0,-0.1856595467155178
wk52po,2022-08-09,WIG20,2022-08-09,same_day,trading_day,0,0.0571564999991096
wlfavc,2022-08-11,WIG20,2022-08-11,same_day,trading_day,0,-0.2033321705853773
wlqinv,2022-08-11,WIG20,2022-08-11,same_day,trading_day,0,0.0733773482001585
wlqjit,2022-08-11,WIG20,2022-08-11,same_day,trading_day,0,0.084884930377532
wlqr6h,2022-08-11,WIG20,2022-08-11,same_day,trading_day,0,-0.1268975980735073
wls7y7,2022-08-11,WIG20,2022-08-11,same_day,trading_day,0,0.0278889264911413
wmhsi1,2022-08-12,WIG20,2022-08-12,same_day,trading_day,0,-0.1038501858711242
wmsjwj,2022-08-12,WIG20,2022-08-12,same_day,trading_day,0,-0.2068428197276911
wmxd6v,2022-08-12,WIG20,2022-08-12,same_day,trading_day,0,-0.0386404809542
wnf5ow,2022-08-13,WIG20,2022-08-16,forward_nontrading,Saturday,3,-0.3264235453680157
wno4yk,2022-08-13,WIG20,2022-08-16,forward_nontrading,Saturday,3,-0.1852796468883752
wopaz5,2022-08-15,WIG20,2022-08-16,forward_nontrading,weekday_nontrading,1,-0.1913824646866747
wpbszs,2022-08-15,WIG20,2022-08-16,forward_nontrading,weekday_nontrading,1,-0.336375702505133
wpuwri,2022-08-16,WIG20,2022-08-16,same_day,trading_day,0,-0.3935299634256145
wpxs96,2022-08-16,WIG20,2022-08-16,same_day,trading_day,0,0.0131355639839289
wrp83q,2022-08-18,WIG20,2022-08-18,same_day,trading_day,0,-0.2888137817231787
ws66dk,2022-08-19,WIG20,2022-08-19,same_day,trading_day,0,-0.1252694276567452
wtc73w,2022-08-20,WIG20,2022-08-22,forward_nontrading,Saturday,2,-0.1772777273416005
wvtgyd,2022-08-23,WIG20,2022-08-23,same_day,trading_day,0,0.0211222424087199
wvun62,2022-08-23,WIG20,2022-08-23,same_day,trading_day,0,-0.205167816755803
ww2nxe,2022-08-23,WIG20,2022-08-23,same_day,trading_day,0,0.365455066319555
wwf7qh,2022-08-24,WIG20,2022-08-24,same_day,trading_day,0,0.000276403215069
wxyu69,2022-08-26,WIG20,2022-08-26,same_day,trading_day,0,0.1067083962261676
wy2ac9,2022-08-26,WIG20,2022-08-26,same_day,trading_day,0,-0.0684420776863893
wy9r81,2022-08-26,WIG20,2022-08-26,same_day,trading_day,0,0.1115381992887705
wylc08,2022-08-26,WIG20,2022-08-26,same_day,trading_day,0,-0.329118438065052
wz04jd,2022-08-27,WIG20,2022-08-29,forward_nontrading,Saturday,2,-0.105731330153237
x087yq,2022-08-28,WIG20,2022-08-29,forward_nontrading,Sunday,1,-0.4059174060821533
x0orlx,2022-08-29,WIG20,2022-08-29,same_day,trading_day,0,-0.3973324945882747
x0qiuz,2022-08-29,WIG20,2022-08-29,same_day,trading_day,0,-0.0033460451628674
x0qvkz,2022-08-29,WIG20,2022-08-29,same_day,trading_day,0,-0.0034698846495964
x10pau,2022-08-29,WIG20,2022-08-29,same_day,trading_day,0,-0.1442482651521762
x13ano,2022-08-29,WIG20,2022-08-29,same_day,trading_day,0,-0.1414375772078832
x1dkeh,2022-08-30,WIG20,2022-08-30,same_day,trading_day,0,0.2676089848003661
x1jhvp,2022-08-30,WIG20,2022-08-30,same_day,trading_day,0,0.6280128508806229
x1s1iy,2022-08-30,WIG20,2022-08-30,same_day,trading_day,0,-0.1112900384200307
x2dejz,2022-08-31,WIG20,2022-08-31,same_day,trading_day,0,0.2306614124216139
x2gp11,2022-08-31,WIG20,2022-08-31,same_day,trading_day,0,-0.8708331566303968
x2gu27,2022-08-31,WIG20,2022-08-31,same_day,trading_day,0,-0.8708331566303968
x5auq7,2022-09-04,WIG20,2022-09-05,forward_nontrading,Sunday,1,-0.5432042069733143
x5usce,2022-09-04,WIG20,2022-09-05,forward_nontrading,Sunday,1,-0.7976572345942259
x625pv,2022-09-05,WIG20,2022-09-05,same_day,trading_day,0,-0.3546391079823175
x6g278,2022-09-05,WIG20,2022-09-05,same_day,trading_day,0,-0.0293428488075733
x6hmaw,2022-09-05,WIG20,2022-09-05,same_day,trading_day,0,-0.5327889484819025
x6r3eb,2022-09-05,WIG20,2022-09-05,same_day,trading_day,0,0.0400420692749321
x7ofcl,2022-09-06,WIG20,2022-09-06,same_day,trading_day,0,0.2249514636406231
x7yo4z,2022-09-07,WIG20,2022-09-07,same_day,trading_day,0,-0.2812793149774813
x86kia,2022-09-07,WIG20,2022-09-07,same_day,trading_day,0,-0.3012486893091012
x98z76,2022-09-08,WIG20,2022-09-08,same_day,trading_day,0,-0.6249889369122684
xa7bd9,2022-09-09,WIG20,2022-09-09,same_day,trading_day,0,-0.1110727451741695
xaqijc,2022-09-10,WIG20,2022-09-12,forward_nontrading,Saturday,2,0.4961784780025482
xc0pws,2022-09-12,WIG20,2022-09-12,same_day,trading_day,0,-0.1691292561590671
xd5rvk,2022-09-13,WIG20,2022-09-13,same_day,trading_day,0,0.0429827397431623
xd5slr,2022-09-13,WIG20,2022-09-13,same_day,trading_day,0,0.0110759494205315
xe9q0z,2022-09-14,WIG20,2022-09-14,same_day,trading_day,0,-0.2729325934778899
xeev17,2022-09-14,WIG20,2022-09-14,same_day,trading_day,0,-0.0447166928788647
xf2hwt,2022-09-15,WIG20,2022-09-15,same_day,trading_day,0,-0.1939302880523933
xfaokc,2022-09-15,WIG20,2022-09-15,same_day,trading_day,0,-0.0615272416522906
xfqs80,2022-09-16,WIG20,2022-09-16,same_day,trading_day,0,-0.2168829582165927
xg50zx,2022-09-16,WIG20,2022-09-16,same_day,trading_day,0,-0.2616511038931397
xg52p1,2022-09-16,WIG20,2022-09-16,same_day,trading_day,0,-0.261527187047371
xg68se,2022-09-16,WIG20,2022-09-16,same_day,trading_day,0,0.3879655278287828
xgkk6w,2022-09-17,WIG20,2022-09-19,forward_nontrading,Saturday,2,0.1786453046370297
xhd7uj,2022-09-18,WIG20,2022-09-19,forward_nontrading,Sunday,1,-0.3024933995735465
xi8skd,2022-09-19,WIG20,2022-09-19,same_day,trading_day,0,-0.1906324056908488
xiaflq,2022-09-19,WIG20,2022-09-19,same_day,trading_day,0,-0.091667149325504
xj09aa,2022-09-20,WIG20,2022-09-20,same_day,trading_day,0,-0.00751344114542
xjq6ay,2022-09-21,WIG20,2022-09-21,same_day,trading_day,0,-0.2355677378881308
xjqycr,2022-09-21,WIG20,2022-09-21,same_day,trading_day,0,-0.1677002515643835
xk3384,2022-09-21,WIG20,2022-09-21,same_day,trading_day,0,-0.0064372687081161
xk343d,2022-09-21,WIG20,2022-09-21,same_day,trading_day,0,-0.0165792455989867
xkjz4q,2022-09-21,WIG20,2022-09-21,same_day,trading_day,0,-0.452130164951086
xkp8au,2022-09-22,WIG20,2022-09-22,same_day,trading_day,0,-0.5430782902675371
xktixn,2022-09-22,WIG20,2022-09-22,same_day,trading_day,0,0.0409865230321884
xl5sd1,2022-09-22,WIG20,2022-09-22,same_day,trading_day,0,-0.3181730799583925
xl8s55,2022-09-22,WIG20,2022-09-22,same_day,trading_day,0,-0.4289838713951982
xl9gfp,2022-09-22,WIG20,2022-09-22,same_day,trading_day,0,-0.3853300001325184
xlou4c,2022-09-23,WIG20,2022-09-23,same_day,trading_day,0,-0.1124886878850785
xm09bw,2022-09-23,WIG20,2022-09-23,same_day,trading_day,0,-0.5797702421744664
xm2kin,2022-09-23,WIG20,2022-09-23,same_day,trading_day,0,-0.2454658153777321
xm5vkm,2022-09-23,WIG20,2022-09-23,same_day,trading_day,0,-0.1061031355594213
xm6n3t,2022-09-23,WIG20,2022-09-23,same_day,trading_day,0,0.0422411764922894
xmbyvk,2022-09-23,WIG20,2022-09-23,same_day,trading_day,0,-0.2193849831819534
xmidci,2022-09-24,WIG20,2022-09-26,forward_nontrading,Saturday,2,-0.3683175059723789
xn07r0,2022-09-24,WIG20,2022-09-26,forward_nontrading,Saturday,2,-0.3107688650488853
xnepgq,2022-09-25,WIG20,2022-09-26,forward_nontrading,Sunday,1,-0.2297838850257297
xny923,2022-09-25,WIG20,2022-09-26,forward_nontrading,Sunday,1,-0.3186861097346991
xokvft,2022-09-26,WIG20,2022-09-26,same_day,trading_day,0,-0.3601893012722333
xonhg5,2022-09-26,WIG20,2022-09-26,same_day,trading_day,0,-0.0856250175274908
xpddx4,2022-09-27,WIG20,2022-09-27,same_day,trading_day,0,0.1800551894638273
xpfb3u,2022-09-27,WIG20,2022-09-27,same_day,trading_day,0,0.0503122662194073
xpt1fy,2022-09-27,WIG20,2022-09-27,same_day,trading_day,0,-0.5407494109951788
xptqx0,2022-09-27,WIG20,2022-09-27,same_day,trading_day,0,-0.1461345828383377
xpzms6,2022-09-28,WIG20,2022-09-28,same_day,trading_day,0,-0.3791307850624434
xqoufo,2022-09-28,WIG20,2022-09-28,same_day,trading_day,0,0.1557802142989304
xqtkd7,2022-09-29,WIG20,2022-09-29,same_day,trading_day,0,-0.1086040550639488
xrioql,2022-09-29,WIG20,2022-09-29,same_day,trading_day,0,0.026803508400917
xrjost,2022-09-29,WIG20,2022-09-29,same_day,trading_day,0,-0.1896382185320059
xtk7lx,2022-10-02,WIG20,2022-10-03,forward_nontrading,Sunday,1,-0.5443514166399837
xtppnc,2022-10-02,WIG20,2022-10-03,forward_nontrading,Sunday,1,-0.2609572286185409
xusbuy,2022-10-03,WIG20,2022-10-03,same_day,trading_day,0,-0.5009794629923999
xuxxme,2022-10-03,WIG20,2022-10-03,same_day,trading_day,0,-0.3918108036043122
xwbgwl,2022-10-05,WIG20,2022-10-05,same_day,trading_day,0,-0.2498275022953748
xx6a8l,2022-10-06,WIG20,2022-10-06,same_day,trading_day,0,-0.1787966356720202
xxqe37,2022-10-07,WIG20,2022-10-07,same_day,trading_day,0,-0.930477412417531
xxxeej,2022-10-07,WIG20,2022-10-07,same_day,trading_day,0,0.0393797245807945
xy1xwx,2022-10-07,WIG20,2022-10-07,same_day,trading_day,0,-0.6261327234832079
xy5ffc,2022-10-07,WIG20,2022-10-07,same_day,trading_day,0,-0.2805224722251296
xz1wt9,2022-10-08,WIG20,2022-10-10,forward_nontrading,Saturday,2,-0.2331925908065572
xz24rt,2022-10-08,WIG20,2022-10-10,forward_nontrading,Saturday,2,-0.2331925908065572
y0eb69,2022-10-10,WIG20,2022-10-10,same_day,trading_day,0,-0.2340292601936286
y0iwsy,2022-10-10,WIG20,2022-10-10,same_day,trading_day,0,-0.2177888039499521
y0j72b,2022-10-10,WIG20,2022-10-10,same_day,trading_day,0,-0.3433509858818176
y0jtcs,2022-10-10,WIG20,2022-10-10,same_day,trading_day,0,-0.0094938770703533
y0z5jz,2022-10-11,WIG20,2022-10-11,same_day,trading_day,0,0.0154464934021234
y16zlw,2022-10-11,WIG20,2022-10-11,same_day,trading_day,0,-0.3792449356470671
y1814k,2022-10-11,WIG20,2022-10-11,same_day,trading_day,0,-0.1507241115284462
y186jh,2022-10-11,WIG20,2022-10-11,same_day,trading_day,0,-0.3771475087269209
y1r3ny,2022-10-12,WIG20,2022-10-12,same_day,trading_day,0,-0.2227277502489204
y2hbzn,2022-10-12,WIG20,2022-10-12,same_day,trading_day,0,-0.2998516812920571
y37a4e,2022-10-13,WIG20,2022-10-13,same_day,trading_day,0,-0.2454046724985043
y3owiy,2022-10-14,WIG20,2022-10-14,same_day,trading_day,0,-0.0457723729778081
y47uyi,2022-10-14,WIG20,2022-10-14,same_day,trading_day,0,-0.2430738748478082
y47vyn,2022-10-14,WIG20,2022-10-14,same_day,trading_day,0,-0.2427175346878357
y4jpvq,2022-10-15,WIG20,2022-10-17,forward_nontrading,Saturday,2,0.2231205445049064
y57or6,2022-10-16,WIG20,2022-10-17,forward_nontrading,Sunday,1,-0.0931979084387421
y58nk9,2022-10-16,WIG20,2022-10-17,forward_nontrading,Sunday,1,-0.2426603243432261
y5yngt,2022-10-17,WIG20,2022-10-17,same_day,trading_day,0,-0.0647007880033925
y647sd,2022-10-17,WIG20,2022-10-17,same_day,trading_day,0,-0.3014567550271749
y650xz,2022-10-17,WIG20,2022-10-17,same_day,trading_day,0,-0.0783212333917617
y67b12,2022-10-17,WIG20,2022-10-17,same_day,trading_day,0,-0.3290602347220887
y846gq,2022-10-19,WIG20,2022-10-19,same_day,trading_day,0,-0.5315480428239838
y8n58s,2022-10-20,WIG20,2022-10-20,same_day,trading_day,0,-0.0502232973729925
y9l9a1,2022-10-21,WIG20,2022-10-21,same_day,trading_day,0,-0.3223701503593474
y9xi4o,2022-10-21,WIG20,2022-10-21,same_day,trading_day,0,0.1947287444534869
ybcvep,2022-10-23,WIG20,2022-10-24,forward_nontrading,Sunday,1,-0.382944062800595
ybigmf,2022-10-23,WIG20,2022-10-24,forward_nontrading,Sunday,1,-0.578891524645899
ycq8jy,2022-10-24,WIG20,2022-10-24,same_day,trading_day,0,-0.2474506464786827
yds9sb,2022-10-26,WIG20,2022-10-26,same_day,trading_day,0,0.0964599382132291
ydtdh5,2022-10-26,WIG20,2022-10-26,same_day,trading_day,0,-0.0093801790382713
yeigcu,2022-10-27,WIG20,2022-10-27,same_day,trading_day,0,-0.0219297360382833
yem1oy,2022-10-27,WIG20,2022-10-27,same_day,trading_day,0,0.2322876905514435
yer38o,2022-10-27,WIG20,2022-10-27,same_day,trading_day,0,-0.0468184258788823
yfi7zb,2022-10-28,WIG20,2022-10-28,same_day,trading_day,0,-0.5938259602213899
ygpyfx,2022-10-29,WIG20,2022-10-31,forward_nontrading,Saturday,2,-0.2952263811603188
ykus4r,2022-11-03,WIG20,2022-11-03,same_day,trading_day,0,-0.2506923370952294
yl3l8w,2022-11-03,WIG20,2022-11-03,same_day,trading_day,0,-0.1743296913336962
ylxn3d,2022-11-04,WIG20,2022-11-04,same_day,trading_day,0,-0.0145897194743156
ym5own,2022-11-04,WIG20,2022-11-04,same_day,trading_day,0,0.0317403164795703
ymtsc6,2022-11-05,WIG20,2022-11-07,forward_nontrading,Saturday,2,0.0215109809018347
yohrg8,2022-11-07,WIG20,2022-11-07,same_day,trading_day,0,-0.0540674291551113
yop9sf,2022-11-07,WIG20,2022-11-07,same_day,trading_day,0,-0.3092928587924689
yp8avk,2022-11-08,WIG20,2022-11-08,same_day,trading_day,0,-0.0965008812846016
yqiur5,2022-11-09,WIG20,2022-11-09,same_day,trading_day,0,-0.1579487805469678
yqivot,2022-11-09,WIG20,2022-11-09,same_day,trading_day,0,-0.1745549805101848
yqofdt,2022-11-09,WIG20,2022-11-09,same_day,trading_day,0,0.1105274618691149
ysbxva,2022-11-11,WIG20,2022-11-14,forward_nontrading,weekday_nontrading,3,-0.2888321775050524
ysljyd,2022-11-11,WIG20,2022-11-14,forward_nontrading,weekday_nontrading,3,-0.3533795710653067
ywd0u1,2022-11-15,WIG20,2022-11-15,same_day,trading_day,0,-0.5170064245661099
ywngyo,2022-11-16,WIG20,2022-11-16,same_day,trading_day,0,0.4585304657618204
yx34qt,2022-11-16,WIG20,2022-11-16,same_day,trading_day,0,-0.8064095005393028
yxdn8w,2022-11-17,WIG20,2022-11-17,same_day,trading_day,0,-0.5581098413306542
z0enfb,2022-11-20,WIG20,2022-11-21,forward_nontrading,Sunday,1,-0.4276075737240413
z148u0,2022-11-21,WIG20,2022-11-21,same_day,trading_day,0,-0.2735187419457361
z1ux0t,2022-11-22,WIG20,2022-11-22,same_day,trading_day,0,-0.2084647560198056
z2k7ai,2022-11-23,WIG20,2022-11-23,same_day,trading_day,0,-0.8240314722061157
z37kbz,2022-11-24,WIG20,2022-11-24,same_day,trading_day,0,-0.0133081151074484
z3q1oz,2022-11-24,WIG20,2022-11-24,same_day,trading_day,0,-0.1607603132724762
z430qu,2022-11-25,WIG20,2022-11-25,same_day,trading_day,0,0.028618223555386
z4n2fo,2022-11-25,WIG20,2022-11-25,same_day,trading_day,0,-0.029779485927429
z4n3mw,2022-11-25,WIG20,2022-11-25,same_day,trading_day,0,-0.0287160004683149
z6m5j0,2022-11-28,WIG20,2022-11-28,same_day,trading_day,0,-0.0149482434083308
z7ktae,2022-11-29,WIG20,2022-11-29,same_day,trading_day,0,-0.599914163351059
z8p73c,2022-11-30,WIG20,2022-11-30,same_day,trading_day,0,-0.1715677729652573
z9xm3d,2022-12-01,WIG20,2022-12-01,same_day,trading_day,0,-0.0247369822310773
za28pi,2022-12-01,WIG20,2022-12-01,same_day,trading_day,0,0.0343364215352469
zadd1m,2022-12-02,WIG20,2022-12-02,same_day,trading_day,0,-0.1260758762394911
zdirov,2022-12-05,WIG20,2022-12-05,same_day,trading_day,0,-0.2812862263992428
zf1eap,2022-12-07,WIG20,2022-12-07,same_day,trading_day,0,-0.531085185861836
zfhki1,2022-12-07,WIG20,2022-12-07,same_day,trading_day,0,0.1648317818012502
zfuthk,2022-12-08,WIG20,2022-12-08,same_day,trading_day,0,-0.0679690217366442
zgn49v,2022-12-09,WIG20,2022-12-09,same_day,trading_day,0,0.1341947870329022
zjyuda,2022-12-12,WIG20,2022-12-12,same_day,trading_day,0,-0.2932281353595582
zkuyf1,2022-12-13,WIG20,2022-12-13,same_day,trading_day,0,-0.1687534099384661
zlnqp1,2022-12-14,WIG20,2022-12-14,same_day,trading_day,0,-0.1376361844291829
zlzaim,2022-12-14,WIG20,2022-12-14,same_day,trading_day,0,0.1289960685784795
zpliom,2022-12-19,WIG20,2022-12-19,same_day,trading_day,0,-0.945960635319352
zpnu39,2022-12-19,WIG20,2022-12-19,same_day,trading_day,0,-0.36232716194354
zq9hln,2022-12-20,WIG20,2022-12-20,same_day,trading_day,0,-0.2618218375904921
zqa6mc,2022-12-20,WIG20,2022-12-20,same_day,trading_day,0,-0.3885926920403209
zqnbk9,2022-12-20,WIG20,2022-12-20,same_day,trading_day,0,-0.1363131009042263
zqrwlc,2022-12-20,WIG20,2022-12-20,same_day,trading_day,0,-0.0661081367358565
zr1fek,2022-12-20,WIG20,2022-12-20,same_day,trading_day,0,0.1169185403268784
zrdnvg,2022-12-21,WIG20,2022-12-21,same_day,trading_day,0,0.1860327862086706
ztu9tn,2022-12-23,WIG20,2022-12-23,same_day,trading_day,0,-0.3249551742027203
zu3w1e,2022-12-24,WIG20,2022-12-27,forward_nontrading,Saturday,3,0.197354825027287
zwmp18,2022-12-27,WIG20,2022-12-27,same_day,trading_day,0,-0.196852038021792
zwqajj,2022-12-27,WIG20,2022-12-27,same_day,trading_day,0,0.2054645338117383
zx2ver,2022-12-28,WIG20,2022-12-28,same_day,trading_day,0,-0.3075760407373309
zxg4es,2022-12-28,WIG20,2022-12-28,same_day,trading_day,0,-0.773109020665288
zxq9wh,2022-12-29,WIG20,2022-12-29,same_day,trading_day,0,-0.1719869509960214
zy3zku,2022-12-29,WIG20,2022-12-29,same_day,trading_day,0,0.1444327905774116
zy9zie,2022-12-29,WIG20,2022-12-29,same_day,trading_day,0,0.1902405353534656
zya1w2,2022-12-29,WIG20,2022-12-29,same_day,trading_day,0,-0.6784501681104302
zybmqt,2022-12-29,WIG20,2022-12-29,same_day,trading_day,0,-0.074966351303165
zybn7s,2022-12-29,WIG20,2022-12-29,same_day,trading_day,0,-0.0742483542865661
zzj3c6,2022-12-31,WIG20,2023-01-02,forward_nontrading,Saturday,2,-0.2011349457199685
zzj6nf,2022-12-31,WIG20,2023-01-02,forward_nontrading,Saturday,2,-0.200358225152983
100tiwu,2023-01-01,WIG20,2023-01-02,forward_nontrading,Sunday,1,0.121536070222242
100zdqx,2023-01-02,WIG20,2023-01-02,same_day,trading_day,0,-0.522557697375305
10115im,2023-01-02,WIG20,2023-01-02,same_day,trading_day,0,-0.677092032165577
102gzlu,2023-01-03,WIG20,2023-01-03,same_day,trading_day,0,0.2116428878815734
102q6jd,2023-01-04,WIG20,2023-01-04,same_day,trading_day,0,-0.1488019259399678
103e3m0,2023-01-04,WIG20,2023-01-04,same_day,trading_day,0,0.0684789433415668
103qw3j,2023-01-05,WIG20,2023-01-05,same_day,trading_day,0,0.1281330768018961
10495lu,2023-01-05,WIG20,2023-01-05,same_day,trading_day,0,-0.3611411893119414
104wj1a,2023-01-06,WIG20,2023-01-09,forward_nontrading,weekday_nontrading,3,-0.2282530181109905
1056n99,2023-01-06,WIG20,2023-01-09,forward_nontrading,weekday_nontrading,3,-0.4108667219989001
105pbof,2023-01-07,WIG20,2023-01-09,forward_nontrading,Saturday,2,-0.2125765774566848
105pgzo,2023-01-07,WIG20,2023-01-09,forward_nontrading,Saturday,2,-0.2125765774566848
1066j8f,2023-01-08,WIG20,2023-01-09,forward_nontrading,Sunday,1,0.0895879686005034
1086tao,2023-01-10,WIG20,2023-01-10,same_day,trading_day,0,0.1249183421605266
10aevdq,2023-01-12,WIG20,2023-01-12,same_day,trading_day,0,-0.0196424699194418
10b2jkg,2023-01-13,WIG20,2023-01-13,same_day,trading_day,0,0.0967911008745432
10bwl48,2023-01-14,WIG20,2023-01-16,forward_nontrading,Saturday,2,0.0160633455961942
10cm7zf,2023-01-15,WIG20,2023-01-16,forward_nontrading,Sunday,1,0.0087222948670387
10e7sl2,2023-01-17,WIG20,2023-01-17,same_day,trading_day,0,-0.0066626914937434
10g4inp,2023-01-19,WIG20,2023-01-19,same_day,trading_day,0,0.3440751214669544
10gx9x0,2023-01-20,WIG20,2023-01-20,same_day,trading_day,0,-0.0107642111834138
10hiba5,2023-01-21,WIG20,2023-01-23,forward_nontrading,Saturday,2,-0.2055280181730902
10hikti,2023-01-21,WIG20,2023-01-23,forward_nontrading,Saturday,2,-0.1214157566428184
10iymjh,2023-01-23,WIG20,2023-01-23,same_day,trading_day,0,-0.0930400966412641
10izb7y,2023-01-23,WIG20,2023-01-23,same_day,trading_day,0,-0.092491685395891
10jcd04,2023-01-23,WIG20,2023-01-23,same_day,trading_day,0,-0.7433889697051861
10jg8oi,2023-01-23,WIG20,2023-01-23,same_day,trading_day,0,-0.3990558488294482
10lfxv6,2023-01-26,WIG20,2023-01-26,same_day,trading_day,0,0.2345510194078088
10otuwf,2023-01-30,WIG20,2023-01-30,same_day,trading_day,0,-0.0965836088118307
10oxqey,2023-01-30,WIG20,2023-01-30,same_day,trading_day,0,-0.4065433211405487
10r2wnp,2023-02-01,WIG20,2023-02-01,same_day,trading_day,0,0.0115532615800967
10rk9jt,2023-02-02,WIG20,2023-02-02,same_day,trading_day,0,0.0235492441803216
10rq9r6,2023-02-02,WIG20,2023-02-02,same_day,trading_day,0,0.0499780097355445
10s0w5l,2023-02-02,WIG20,2023-02-02,same_day,trading_day,0,-0.2665156454736875
10snk3z,2023-02-03,WIG20,2023-02-03,same_day,trading_day,0,-0.2705546126124405
10tncxa,2023-02-04,WIG20,2023-02-06,forward_nontrading,Saturday,2,0.3403461343167644
10tpt11,2023-02-04,WIG20,2023-02-06,forward_nontrading,Saturday,2,0.1900194796987555
10tv0xs,2023-02-04,WIG20,2023-02-06,forward_nontrading,Saturday,2,-0.144116058533431
10ugags,2023-02-05,WIG20,2023-02-06,forward_nontrading,Sunday,1,0.0338655449450016
10vtdxy,2023-02-07,WIG20,2023-02-07,same_day,trading_day,0,0.1563564913714645
10xcf5q,2023-02-08,WIG20,2023-02-08,same_day,trading_day,0,0.0747879296541214
10ys3z8,2023-02-10,WIG20,2023-02-10,same_day,trading_day,0,-0.1814225594202677
10yu9cg,2023-02-10,WIG20,2023-02-10,same_day,trading_day,0,-0.1444314343056508
10yxaez,2023-02-10,WIG20,2023-02-10,same_day,trading_day,0,0.1992548725102096
111umz0,2023-02-14,WIG20,2023-02-14,same_day,trading_day,0,0.034500038891565
1127hqq,2023-02-14,WIG20,2023-02-14,same_day,trading_day,0,0.3003935670623412
1153zih,2023-02-18,WIG20,2023-02-20,forward_nontrading,Saturday,2,-0.0121973137798098
115430p,2023-02-18,WIG20,2023-02-20,forward_nontrading,Saturday,2,-0.0120676202660737
117u8q1,2023-02-21,WIG20,2023-02-21,same_day,trading_day,0,0.0321142918740709
119urwu,2023-02-23,WIG20,2023-02-23,same_day,trading_day,0,0.0330299981869757
11a26ep,2023-02-23,WIG20,2023-02-23,same_day,trading_day,0,0.0330299981869757
11a2dbz,2023-02-23,WIG20,2023-02-23,same_day,trading_day,0,0.0407892361815486
11aj6fo,2023-02-24,WIG20,2023-02-24,same_day,trading_day,0,0.3548270964529365
11b1tyi,2023-02-24,WIG20,2023-02-24,same_day,trading_day,0,0.1891051694595565
11bey8f,2023-02-25,WIG20,2023-02-27,forward_nontrading,Saturday,2,0.1713753748529901
11bnukt,2023-02-25,WIG20,2023-02-27,forward_nontrading,Saturday,2,-0.7548857498914003
11cf6bl,2023-02-26,WIG20,2023-02-27,forward_nontrading,Sunday,1,-0.2330133877694606
11cipii,2023-02-26,WIG20,2023-02-27,forward_nontrading,Sunday,1,-0.5700519410893321
11crin1,2023-02-26,WIG20,2023-02-27,forward_nontrading,Sunday,1,-0.152702784553791
11ei39o,2023-02-28,WIG20,2023-02-28,same_day,trading_day,0,0.2662163324033221
11eq5zq,2023-03-01,WIG20,2023-03-01,same_day,trading_day,0,-0.2116337614980611
11fbxaz,2023-03-01,WIG20,2023-03-01,same_day,trading_day,0,0.3826881597439447
11fysi4,2023-03-02,WIG20,2023-03-02,same_day,trading_day,0,-0.0690618510214755
11g4vz6,2023-03-02,WIG20,2023-03-02,same_day,trading_day,0,-0.0351851098239421
11gb9vz,2023-03-02,WIG20,2023-03-02,same_day,trading_day,0,-0.1264970347967366
11jxogv,2023-03-06,WIG20,2023-03-06,same_day,trading_day,0,0.1925216279178858
11lwouc,2023-03-08,WIG20,2023-03-08,same_day,trading_day,0,0.1359836865216493
11mj1ed,2023-03-09,WIG20,2023-03-09,same_day,trading_day,0,-0.056853485526517
11oz0xw,2023-03-11,WIG20,2023-03-13,forward_nontrading,Saturday,2,0.0559510972679537
11p1thp,2023-03-12,WIG20,2023-03-13,forward_nontrading,Sunday,1,0.0429703860438235
11p1txq,2023-03-12,WIG20,2023-03-13,forward_nontrading,Sunday,1,0.0432421496260981
11p1uce,2023-03-12,WIG20,2023-03-13,forward_nontrading,Sunday,1,0.0433281931481412
11prsna,2023-03-12,WIG20,2023-03-13,forward_nontrading,Sunday,1,0.3532022224940561
11qb56b,2023-03-13,WIG20,2023-03-13,same_day,trading_day,0,-0.1879612215794623
11ra618,2023-03-14,WIG20,2023-03-14,same_day,trading_day,0,0.097418331674167
11ruxxa,2023-03-15,WIG20,2023-03-15,same_day,trading_day,0,-0.0770474223271859
11u57ns,2023-03-17,WIG20,2023-03-17,same_day,trading_day,0,-0.0819208206802917
11u58uo,2023-03-17,WIG20,2023-03-17,same_day,trading_day,0,-0.0817853493654789
11wxg63,2023-03-20,WIG20,2023-03-20,same_day,trading_day,0,-0.3963108696043491
11xdhtd,2023-03-21,WIG20,2023-03-21,same_day,trading_day,0,-0.171493243864354
11yrbvs,2023-03-22,WIG20,2023-03-22,same_day,trading_day,0,-0.0457217717045095
11yzi2q,2023-03-22,WIG20,2023-03-22,same_day,trading_day,0,-0.128985627554357
11z6z43,2023-03-23,WIG20,2023-03-23,same_day,trading_day,0,-0.228033909574151
1202ore,2023-03-24,WIG20,2023-03-24,same_day,trading_day,0,-0.1795718491077423
123koae,2023-03-27,WIG20,2023-03-27,same_day,trading_day,0,-0.0771783721167594
123pl5u,2023-03-27,WIG20,2023-03-27,same_day,trading_day,0,0.1210408743442685
124bp04,2023-03-28,WIG20,2023-03-28,same_day,trading_day,0,0.079732039264248
124it5w,2023-03-28,WIG20,2023-03-28,same_day,trading_day,0,-0.0959122590720653
124u7iu,2023-03-28,WIG20,2023-03-28,same_day,trading_day,0,-0.0955738145858049
125y1ot,2023-03-29,WIG20,2023-03-29,same_day,trading_day,0,-0.2036611900304354
1264p3d,2023-03-29,WIG20,2023-03-29,same_day,trading_day,0,0.1857669507153332
126i75o,2023-03-30,WIG20,2023-03-30,same_day,trading_day,0,-0.278330366127193
127tvj5,2023-03-31,WIG20,2023-03-31,same_day,trading_day,0,0.3322614731195454
1280ssr,2023-03-31,WIG20,2023-03-31,same_day,trading_day,0,0.1205079513834789
1280uii,2023-03-31,WIG20,2023-03-31,same_day,trading_day,0,0.1206327855431785
129pcf4,2023-04-02,WIG20,2023-04-03,forward_nontrading,Sunday,1,-0.3953269227572223
12atjko,2023-04-03,WIG20,2023-04-03,same_day,trading_day,0,-0.104358083801344
12ckvvi,2023-04-05,WIG20,2023-04-05,same_day,trading_day,0,-0.4977037534117698
12cl264,2023-04-05,WIG20,2023-04-05,same_day,trading_day,0,-0.1129498409314288
12cmumr,2023-04-05,WIG20,2023-04-05,same_day,trading_day,0,-0.1060549431131221
12dmref,2023-04-06,WIG20,2023-04-06,same_day,trading_day,0,-0.0065286355939778
12dyyow,2023-04-06,WIG20,2023-04-06,same_day,trading_day,0,-0.1632551152530747
12dyzv4,2023-04-06,WIG20,2023-04-06,same_day,trading_day,0,-0.1631372242971944
12hzieb,2023-04-10,WIG20,2023-04-11,forward_nontrading,weekday_nontrading,1,-0.1191020049154758
12icmuo,2023-04-11,WIG20,2023-04-11,same_day,trading_day,0,0.0427040085196495
12impun,2023-04-11,WIG20,2023-04-11,same_day,trading_day,0,0.0557609296270779
12p7qxu,2023-04-17,WIG20,2023-04-17,same_day,trading_day,0,-0.2197170932353897
12qa5qi,2023-04-18,WIG20,2023-04-18,same_day,trading_day,0,0.493183320787336
12tka4i,2023-04-21,WIG20,2023-04-21,same_day,trading_day,0,0.0433419564609774
12uq8dv,2023-04-22,WIG20,2023-04-24,forward_nontrading,Saturday,2,-0.5175497743766755
12xk4l1,2023-04-24,WIG20,2023-04-24,same_day,trading_day,0,-0.369128381445383
12ydo0n,2023-04-25,WIG20,2023-04-25,same_day,trading_day,0,-0.2058168148378963
12yucwt,2023-04-25,WIG20,2023-04-25,same_day,trading_day,0,0.3036483480698532
137j2kz,2023-05-04,WIG20,2023-05-04,same_day,trading_day,0,0.1577139691573878
137zuhm,2023-05-04,WIG20,2023-05-04,same_day,trading_day,0,-0.2923136870376766
13c8296,2023-05-08,WIG20,2023-05-08,same_day,trading_day,0,-0.0312025044113397
13eaiea,2023-05-11,WIG20,2023-05-11,same_day,trading_day,0,0.0182612424039027
13eo757,2023-05-11,WIG20,2023-05-11,same_day,trading_day,0,-0.2309907138347625
13nahkt,2023-05-20,WIG20,2023-05-22,forward_nontrading,Saturday,2,0.0092573702678014
13nymsl,2023-05-21,WIG20,2023-05-22,forward_nontrading,Sunday,1,-0.0485098958015441
13suecd,2023-05-27,WIG20,2023-05-29,forward_nontrading,Saturday,2,0.0638628988177515
13vo4x8,2023-05-30,WIG20,2023-05-30,same_day,trading_day,0,0.2610121816038512
141k23n,2023-06-05,WIG20,2023-06-05,same_day,trading_day,0,0.0620360054142241
1453tou,2023-06-09,WIG20,2023-06-09,same_day,trading_day,0,-0.0022429072298109
145j8ns,2023-06-09,WIG20,2023-06-09,same_day,trading_day,0,0.5354521604254842
14aiafv,2023-06-16,WIG20,2023-06-16,same_day,trading_day,0,-0.1232856052617231
14dv2wx,2023-06-20,WIG20,2023-06-20,same_day,trading_day,0,-0.9383652526885272
14e7eyk,2023-06-20,WIG20,2023-06-20,same_day,trading_day,0,0.3036587439011782
14ewega,2023-06-21,WIG20,2023-06-21,same_day,trading_day,0,-0.0470925156426217
14fva3u,2023-06-22,WIG20,2023-06-22,same_day,trading_day,0,0.0099977701902389
14hkamk,2023-06-24,WIG20,2023-06-26,forward_nontrading,Saturday,2,0.0890963794663548
14jdsdo,2023-06-26,WIG20,2023-06-26,same_day,trading_day,0,-0.191293217241764
14jgjal,2023-06-26,WIG20,2023-06-26,same_day,trading_day,0,-0.191293217241764
14jgk7l,2023-06-26,WIG20,2023-06-26,same_day,trading_day,0,-0.191293217241764
14jjskr,2023-06-26,WIG20,2023-06-26,same_day,trading_day,0,-0.123435795137828
14n07ob,2023-06-30,WIG20,2023-06-30,same_day,trading_day,0,0.112241862147736
14qrdfg,2023-07-04,WIG20,2023-07-04,same_day,trading_day,0,0.1431198721441129
14rcggb,2023-07-05,WIG20,2023-07-05,same_day,trading_day,0,-0.0791420463550215
14rcgki,2023-07-05,WIG20,2023-07-05,same_day,trading_day,0,-0.0754044511122629
14t6uyb,2023-07-07,WIG20,2023-07-07,same_day,trading_day,0,-0.0156230740249156
14teoul,2023-07-07,WIG20,2023-07-07,same_day,trading_day,0,-0.1905231258521477
14th4q1,2023-07-07,WIG20,2023-07-07,same_day,trading_day,0,-0.191334567964077
14xjkol,2023-07-12,WIG20,2023-07-12,same_day,trading_day,0,-0.2290129951705845
14zskrk,2023-07-14,WIG20,2023-07-14,same_day,trading_day,0,-0.0625002164083222
15082sb,2023-07-15,WIG20,2023-07-17,forward_nontrading,Saturday,2,-0.0260168847162276
150ufum,2023-07-16,WIG20,2023-07-17,forward_nontrading,Sunday,1,-0.0710544135155422
1521i5v,2023-07-17,WIG20,2023-07-17,same_day,trading_day,0,-0.260754128471397
155izzq,2023-07-21,WIG20,2023-07-21,same_day,trading_day,0,0.3406053677744542
15bij5f,2023-07-28,WIG20,2023-07-28,same_day,trading_day,0,-0.1203486331924796
15bijxx,2023-07-28,WIG20,2023-07-28,same_day,trading_day,0,-0.1208150774613023
15c9eip,2023-07-28,WIG20,2023-07-28,same_day,trading_day,0,-0.0381228782081355
15d3255,2023-07-29,WIG20,2023-07-31,forward_nontrading,Saturday,2,-0.0437603215686976
15f5lcb,2023-08-01,WIG20,2023-08-01,same_day,trading_day,0,0.2367315962910652
15h5ay6,2023-08-03,WIG20,2023-08-03,same_day,trading_day,0,-0.2474000724879178
15m7ngy,2023-08-09,WIG20,2023-08-09,same_day,trading_day,0,-0.1408762919406096
15mezrv,2023-08-09,WIG20,2023-08-09,same_day,trading_day,0,-0.289583949993054
15nek5k,2023-08-10,WIG20,2023-08-10,same_day,trading_day,0,0.0018947390781249
15nv1g6,2023-08-11,WIG20,2023-08-11,same_day,trading_day,0,-0.052567837643437
15oc2b0,2023-08-11,WIG20,2023-08-11,same_day,trading_day,0,0.3252252105157822
15qj3rr,2023-08-14,WIG20,2023-08-14,same_day,trading_day,0,0.0930937398225069
15qqc0p,2023-08-14,WIG20,2023-08-14,same_day,trading_day,0,0.3163555370022853
15sqnly,2023-08-16,WIG20,2023-08-16,same_day,trading_day,0,0.0752178244292736
15t69d3,2023-08-16,WIG20,2023-08-16,same_day,trading_day,0,-0.0857571568340063
15t6at1,2023-08-16,WIG20,2023-08-16,same_day,trading_day,0,-0.0857571568340063
15tu6kq,2023-08-17,WIG20,2023-08-17,same_day,trading_day,0,-0.3099776373377867
15w6l0p,2023-08-20,WIG20,2023-08-21,forward_nontrading,Sunday,1,-0.1887021688744425
15zzmoe,2023-08-24,WIG20,2023-08-24,same_day,trading_day,0,0.0482773279978169
160ux70,2023-08-25,WIG20,2023-08-25,same_day,trading_day,0,-0.1870503999778757
162z3ak,2023-08-27,WIG20,2023-08-28,forward_nontrading,Sunday,1,0.4777652211487293
163o0x6,2023-08-28,WIG20,2023-08-28,same_day,trading_day,0,-0.0168210170813836
16477ar,2023-08-29,WIG20,2023-08-29,same_day,trading_day,0,-0.2473272336288713
1652pk2,2023-08-30,WIG20,2023-08-30,same_day,trading_day,0,-0.1408092655862371
165no25,2023-08-30,WIG20,2023-08-30,same_day,trading_day,0,-0.1703659216873347
168co3h,2023-09-02,WIG20,2023-09-04,forward_nontrading,Saturday,2,0.0667273174816121
168sy3g,2023-09-03,WIG20,2023-09-04,forward_nontrading,Sunday,1,0.1780764318204351
16bg0gg,2023-09-06,WIG20,2023-09-06,same_day,trading_day,0,0.1660856882420679
16dksyo,2023-09-08,WIG20,2023-09-08,same_day,trading_day,0,-0.7698657233268023
16gwy4v,2023-09-12,WIG20,2023-09-12,same_day,trading_day,0,0.1086121164705781
16l73yj,2023-09-17,WIG20,2023-09-18,forward_nontrading,Sunday,1,-0.3056006290018558
16me7z3,2023-09-19,WIG20,2023-09-19,same_day,trading_day,0,-0.1645086444914341
16r3aqd,2023-09-24,WIG20,2023-09-25,forward_nontrading,Sunday,1,-0.2287221658974886
16r5q7y,2023-09-24,WIG20,2023-09-25,forward_nontrading,Sunday,1,-0.0299478458861509
16ss6sv,2023-09-26,WIG20,2023-09-26,same_day,trading_day,0,-0.065241806829969
170i6pl,2023-10-05,WIG20,2023-10-05,same_day,trading_day,0,0.1489973021408831
1729yhj,2023-10-07,WIG20,2023-10-09,forward_nontrading,Saturday,2,-0.0639841681854291
1736kte,2023-10-08,WIG20,2023-10-09,forward_nontrading,Sunday,1,-0.1862765112891793
173kq3w,2023-10-09,WIG20,2023-10-09,same_day,trading_day,0,0.1108875953788427
173y8qf,2023-10-09,WIG20,2023-10-09,same_day,trading_day,0,0.0050473004579544
174g82u,2023-10-10,WIG20,2023-10-10,same_day,trading_day,0,0.1163206468336284
176vppb,2023-10-13,WIG20,2023-10-13,same_day,trading_day,0,-0.1592902539830122
176wu9f,2023-10-13,WIG20,2023-10-13,same_day,trading_day,0,-0.1256762226733068
17a6v24,2023-10-17,WIG20,2023-10-17,same_day,trading_day,0,-0.0355782012920826
17bwq5a,2023-10-19,WIG20,2023-10-19,same_day,trading_day,0,-0.4011939340271055
17duk0z,2023-10-22,WIG20,2023-10-23,forward_nontrading,Sunday,1,0.397772974525155
17e5io5,2023-10-22,WIG20,2023-10-23,forward_nontrading,Sunday,1,-0.2172879405530556
17em12b,2023-10-23,WIG20,2023-10-23,same_day,trading_day,0,-0.0324201607145369
17hrlq0,2023-10-27,WIG20,2023-10-27,same_day,trading_day,0,-0.2426666770285616
17izo63,2023-10-29,WIG20,2023-10-30,forward_nontrading,Sunday,1,0.0425187414512038
17jbivb,2023-10-29,WIG20,2023-10-30,forward_nontrading,Sunday,1,0.3277862883658837
17s3phw,2023-11-10,WIG20,2023-11-10,same_day,trading_day,0,-0.0837925286032259
17s3qo9,2023-11-10,WIG20,2023-11-10,same_day,trading_day,0,-0.0837925286032259
17t0uun,2023-11-11,WIG20,2023-11-13,forward_nontrading,Saturday,2,0.0330773213257392
186oiiz,2023-11-29,WIG20,2023-11-29,same_day,trading_day,0,0.2051608715182504
1896uwa,2023-12-02,WIG20,2023-12-04,forward_nontrading,Saturday,2,-0.3315662530561288
18a09bh,2023-12-03,WIG20,2023-12-04,forward_nontrading,Sunday,1,-0.3069328176194524
18aom4f,2023-12-04,WIG20,2023-12-04,same_day,trading_day,0,-0.2241238669957965
18aqnui,2023-12-04,WIG20,2023-12-04,same_day,trading_day,0,0.23913309792988
18i16l1,2023-12-14,WIG20,2023-12-14,same_day,trading_day,0,-0.2285176933122177
18iskvy,2023-12-15,WIG20,2023-12-15,same_day,trading_day,0,-0.1636869851499796
18ktdx6,2023-12-17,WIG20,2023-12-18,forward_nontrading,Sunday,1,0.0035785702792437
18l7r7t,2023-12-18,WIG20,2023-12-18,same_day,trading_day,0,-0.0782859109499505
18l7tw8,2023-12-18,WIG20,2023-12-18,same_day,trading_day,0,-0.076972127986559
18l7zzv,2023-12-18,WIG20,2023-12-18,same_day,trading_day,0,-0.076047361963361
18m4mpu,2023-12-19,WIG20,2023-12-19,same_day,trading_day,0,0.0615115707643844
18oyw5m,2023-12-23,WIG20,2023-12-27,forward_nontrading,Saturday,4,0.0300380232511088
18qjlzb,2023-12-25,WIG20,2023-12-27,forward_nontrading,weekday_nontrading,2,-0.0870081674307584
18qncu3,2023-12-25,WIG20,2023-12-27,forward_nontrading,weekday_nontrading,2,-0.0803233602782711
18qw6u1,2023-12-26,WIG20,2023-12-27,forward_nontrading,weekday_nontrading,1,0.2339442360892215
18r7oag,2023-12-26,WIG20,2023-12-27,forward_nontrading,weekday_nontrading,1,-0.0750342281535267
18r7sjd,2023-12-26,WIG20,2023-12-27,forward_nontrading,weekday_nontrading,1,-0.0976908226780917
18tnoks,2023-12-29,WIG20,2023-12-29,same_day,trading_day,0,0.0048189260664263
18tnu9o,2023-12-29,WIG20,2023-12-29,same_day,trading_day,0,0.005321566082005
18u0u37,2023-12-29,WIG20,2023-12-29,same_day,trading_day,0,0.1074848724529147
