id,date_utc,subreddit,title,matched_keywords_recomputed,body_status,title_only,has_direct_ukraine_context,has_russia_context,old_has_conflict_context,has_conflict_context,old_has_financial_context,has_financial_context,old_has_crisis_financial_consequence,has_crisis_financial_consequence,geopolitical_crisis_financial,crisis_specific_financial_consequence,old_relevant_candidate,new_relevant_candidate,old_relevance_path,new_relevance_path,decision_changed
kp42iy,2021-01-02,stocks,I just don't see the hype in BB (Blackberry),Russian,available,False,False,True,False,False,True,True,False,False,False,False,False,False,excluded,excluded,False
kpjvhs,2021-01-03,investing,2021 will be an unforgettable year for uranium investors (15 powerful catalyst that are in place),Ukraine|Russia|Russian|sanctions,available,False,True,True,True,True,True,True,False,False,True,False,True,True,multiple_paths,geopolitical_crisis_financial,False
kps9fq,2021-01-03,StockMarket,trading212 alternative for EUROPE,Russian,available,False,False,True,False,False,True,True,False,False,False,False,False,False,excluded,excluded,False
krst6i,2021-01-06,stocks,America V China: Their leading stocks and predictions moving forward into 2021,sanctions,available,False,False,False,True,True,True,True,False,False,False,False,False,False,excluded,excluded,False
kspxe3,2021-01-07,investing,My 2021 Portfolio,Russian,available,False,False,True,False,True,True,True,False,False,True,False,False,True,excluded,geopolitical_crisis_financial,True
kt6slu,2021-01-08,stocks,Lockheed Martin - Short/Medium/Long Hold - Almost 30% upside,Russian,available,False,False,True,True,True,True,True,False,False,True,False,True,True,russia_conflict_financial,geopolitical_crisis_financial,False
kuibjd,2021-01-10,stocks,"FinViz worldmap, why does it completely exclude Russia ?",Russia,removed,True,False,True,False,False,False,False,False,False,False,False,False,False,excluded,excluded,False
kx6mjz,2021-01-14,stocks,Japanese/Hong Kong stocks,sanctions,available,False,False,False,True,True,True,True,False,False,False,False,False,False,excluded,excluded,False
kyvztf,2021-01-17,stocks,My portfolio for the next 10 years,Russia,available,False,False,True,False,False,True,True,False,False,False,False,False,False,excluded,excluded,False
kyyso4,2021-01-17,investing,Are there Russian Investor influencers in California?,Russian,removed,True,False,True,False,False,True,True,False,False,False,False,False,False,excluded,excluded,False
kyz6r3,2021-01-17,StockMarket,[Serious] Russian investors needed,Russian,deleted,True,False,True,False,False,True,True,False,False,False,False,False,False,excluded,excluded,False
kyznnl,2021-01-17,investing,"[Serious] Looking for Russian Influencers in/ near Sacramento, CA",Russian,removed,True,False,True,False,False,False,False,False,False,False,False,False,False,excluded,excluded,False
kzggfz,2021-01-17,investing,Arguments for and against Gold in your Asset Allocation.,Russia,available,False,False,True,False,True,True,True,False,False,True,False,False,True,excluded,geopolitical_crisis_financial,True
kzzabs,2021-01-18,stocks,ADRs and China,Russia,available,False,False,True,True,True,True,True,False,False,True,False,True,True,russia_conflict_financial,geopolitical_crisis_financial,False
l1udjk,2021-01-21,stocks,BB stock,Russian,available,False,False,True,False,True,True,True,False,False,True,False,False,True,excluded,geopolitical_crisis_financial,True
l2hp2z,2021-01-22,investing,Investing in emerging and frontier markets,Russia,available,False,False,True,False,False,True,True,False,False,False,False,False,False,excluded,excluded,False
l2x5ww,2021-01-22,investing,"After weeks of internal U.S. government deliberation, Baidu, Alibaba and Tencent—the Chinese internet giants also known as the “BAT”—will remain available to American investors.",sanctions,available,False,False,False,True,True,True,True,False,False,False,False,False,False,excluded,excluded,False
l41zst,2021-01-24,stocks,Russian economic uncertainty plays?,Russia|Russian,available,False,False,True,False,False,True,True,False,False,False,False,False,False,excluded,excluded,False
l45p5x,2021-01-24,stocks,Looking for market phenomena since 2005,Russia,available,False,False,True,True,True,True,True,False,False,True,False,True,True,russia_conflict_financial,geopolitical_crisis_financial,False
l4egun,2021-01-25,investing,BlackBerry DD,NATO,available,False,False,False,True,True,True,True,False,False,False,False,False,False,excluded,excluded,False
l4v70t,2021-01-25,StockMarket,Banned by WSB,sanctions,available,False,False,False,True,True,True,True,False,False,False,False,False,False,excluded,excluded,False
l5wj3e,2021-01-27,investing,"Energy Sector Stock, Undervalued : OXY",Russia,available,False,False,True,False,False,True,True,False,False,False,False,False,False,excluded,excluded,False
l66rz4,2021-01-27,investing,RIG Offshore Oil Skyrocketing. Next big take off.,Russia,available,False,False,True,False,False,True,True,False,False,False,False,False,False,excluded,excluded,False
l7ru52,2021-01-29,stocks,Sanctions for Putin.,Putin|sanctions,removed,True,False,True,True,True,False,False,False,False,False,False,False,False,excluded,excluded,False
l8i2mf,2021-01-30,StockMarket,"What is the ""Normal"" approach to investing when $GME- & $AMC-chaos isn't happening?",Russia,available,False,False,True,False,False,True,True,False,False,False,False,False,False,excluded,excluded,False
l8p8mr,2021-01-30,stocks,Anyone know any good reliable brokers for GME/AMC that I can use in Russia?,Russia,removed,True,False,True,False,False,False,False,False,False,False,False,False,False,excluded,excluded,False
l9gbcg,2021-01-31,stocks,Anyone in here Russian? Need brokerage advice,Russia|Russian,available,False,False,True,False,False,True,True,False,False,False,False,False,False,excluded,excluded,False
l9hdx8,2021-01-31,stocks,"$XLM we should make this run, Ukraine would love us",Ukraine,removed,True,True,False,False,False,False,False,False,False,False,False,False,False,excluded,excluded,False
l9jnm7,2021-01-31,investing,Soul Searching towards a new Career in Finance/Investing/Business and Water Resource Tokenization,Russia,available,False,False,True,False,False,True,True,False,False,False,False,False,False,excluded,excluded,False
l9s8os,2021-02-01,stocks,TRXC - investment thesis,Russian,available,False,False,True,False,False,True,True,False,False,False,False,False,False,excluded,excluded,False
l9sncu,2021-02-01,stocks,Telos (TLS) cybersecurity company,NATO,available,False,False,False,True,True,True,True,False,False,False,False,False,False,excluded,excluded,False
la7g07,2021-02-01,investing,LMT: A Deep Dive,Russia|Russian,available,False,False,True,True,True,True,True,False,False,True,False,True,True,russia_conflict_financial,geopolitical_crisis_financial,False
lagut9,2021-02-01,StockMarket,"Xpeng great news. They will start selling in : SWEDEN, SPAIN, RUSSIA, UZBEKISTAN, TURKEY, BRAZILIA this year!!!",Russia,blank,True,False,True,False,False,False,True,False,False,False,False,False,False,excluded,excluded,False
laiqij,2021-02-02,StockMarket,Invasion of Wall Street - PART 1,invasion,blank,True,False,False,True,True,False,False,False,False,False,False,False,False,excluded,excluded,False
lamya4,2021-02-02,stocks,Are defense stocks a good play with rising tensions with China?,Russia|Putin,available,False,False,True,True,True,True,True,False,False,True,False,True,True,russia_conflict_financial,geopolitical_crisis_financial,False
laysgl,2021-02-02,stocks,SNM Due Diligence (analysis & predictions),Russian,available,False,False,True,False,False,True,True,False,False,False,False,False,False,excluded,excluded,False
layt0u,2021-02-02,investing,SNM Analysis & Predictions,Russian,available,False,False,True,False,False,True,True,False,False,False,False,False,False,excluded,excluded,False
lb2ytx,2021-02-02,StockMarket,SNM Analysis & Predictions,Russian,available,False,False,True,False,False,True,True,False,False,False,False,False,False,excluded,excluded,False
lb2ztq,2021-02-02,investing,DD on KE Holdings ($BEKE),sanctions,available,False,False,False,True,True,True,True,False,False,False,False,False,False,excluded,excluded,False
lcdbmq,2021-02-04,investing,"Time to look at some real value, Gazprom",Russia|sanctions,available,False,False,True,True,True,True,True,False,False,True,False,True,True,russia_conflict_financial,geopolitical_crisis_financial,False
lcduke,2021-02-04,StockMarket,Natural Gas after 15 years decline can x2 x3. Gas stocks can too.,Russia,available,False,False,True,False,True,True,True,False,False,True,False,False,True,excluded,geopolitical_crisis_financial,True
lcgny6,2021-02-04,StockMarket,Why GameStop shorting happened,Russian,available,False,False,True,False,False,True,True,False,False,False,False,False,False,excluded,excluded,False
lco7rh,2021-02-04,stocks,Comprehensive Guide about BB and how it shall take off in coming years,NATO,available,False,False,False,True,True,True,True,False,False,False,False,False,False,excluded,excluded,False
ld2r3o,2021-02-05,stocks,Black Iron Inc. — BKI.CA OTC BKIRF,Ukraine,available,False,True,False,True,True,True,True,False,False,True,False,True,True,direct_ukraine_financial,geopolitical_crisis_financial,False
ld4dpg,2021-02-05,StockMarket,The Second Short Squeeze Explained | Analysis of Most Recent Short Interest | Why Shorters are Losing and Scared,Russia|Moscow,available,False,False,True,True,True,True,True,False,False,True,False,True,True,russia_conflict_financial,geopolitical_crisis_financial,False
ld6pby,2021-02-05,investing,KOSPI will continue to rise-stock exchange is a trend for South Korean gen z,invasion,available,False,False,False,True,True,True,True,False,False,False,False,False,False,excluded,excluded,False
ldgc85,2021-02-05,StockMarket,$LUMN 🚀 All in Alert 🚀,Russia,available,False,False,True,False,True,True,True,False,False,True,False,False,True,excluded,geopolitical_crisis_financial,True
le4zlk,2021-02-06,investing,$TSMC - a newbe sort of DD,sanctions,available,False,False,False,True,True,True,True,False,False,False,False,False,False,excluded,excluded,False
le6xon,2021-02-06,stocks,BB's Many Clients and Partners,Ukraine|Russia,available,False,True,True,False,False,True,True,False,False,False,False,True,False,direct_ukraine_financial,excluded,True
le6ztl,2021-02-06,StockMarket,BB's Many Clients and Partners,Ukraine|Russia,available,False,True,True,False,False,True,True,False,False,False,False,True,False,direct_ukraine_financial,excluded,True
leq7j4,2021-02-07,investing,potential 30-baggers for this decade OPEN OZON BFI,Russia,available,False,False,True,False,False,True,True,False,False,False,False,False,False,excluded,excluded,False
leyp3a,2021-02-07,stocks,Thoughts on selling LUKOY?,Russian,available,False,False,True,False,False,True,True,False,False,False,False,False,False,excluded,excluded,False
lfaqh1,2021-02-08,stocks,Ideas for Russian stocks?,Russia|Russian,available,False,False,True,False,False,True,True,False,False,False,False,False,False,excluded,excluded,False
lfrk0w,2021-02-09,stocks,Update DD on AUPH (Aurinia Pharm) STRONG UPSIDE POTENTIAL,Ukraine|Russia,available,False,True,True,False,False,True,True,False,False,False,False,True,False,direct_ukraine_financial,excluded,True
lge7r4,2021-02-09,StockMarket,"I bought shares of OZON, the “Amazon of Russia”, any thoughts on share prices rising like Amazon or Meli (Brazil).",Russia,available,False,False,True,False,False,True,True,False,False,False,False,False,False,excluded,excluded,False
lgeo3w,2021-02-09,investing,"Artificial intelligence meets agriculture, IPO",Ukraine|Russia,available,False,True,True,False,False,True,True,False,False,False,False,True,False,direct_ukraine_financial,excluded,True
lgmi8o,2021-02-10,StockMarket,the invasion...,invasion,blank,True,False,False,True,True,False,False,False,False,False,False,False,False,excluded,excluded,False
lgyv2v,2021-02-10,StockMarket,Currency war: United States vs. China-Russia,Russia,blank,True,False,True,True,True,True,True,False,False,True,False,True,True,russia_conflict_financial,geopolitical_crisis_financial,False
lhp1wg,2021-02-11,stocks,Undervalued $40B Canadian Convenience Store Giant $ATD-B.TO (Alimentation Couche-Tard Inc.),Russia,available,False,False,True,False,False,True,True,False,False,False,False,False,False,excluded,excluded,False
li0rpg,2021-02-12,stocks,Blackberry -- A Dormant Giant,Ukraine|Russia,available,False,True,True,True,True,True,True,False,False,True,False,True,True,multiple_paths,geopolitical_crisis_financial,False
li0sz1,2021-02-12,StockMarket,Blackberry -- A Dormant Giant,Ukraine|Russia,available,False,True,True,True,True,True,True,False,False,True,False,True,True,multiple_paths,geopolitical_crisis_financial,False
ljtc9i,2021-02-14,stocks,"Where Do You Think the Will the Market Be Post-COVID? (Semi-DD, Mostly Written for Discussion)",Russia|Russian,available,False,False,True,True,True,True,True,False,False,True,False,True,True,russia_conflict_financial,geopolitical_crisis_financial,False
lk475o,2021-02-15,StockMarket,"My DCA Investment Strategy, plus my DD on why I think it will WORK!",Putin,available,False,False,True,True,True,True,True,False,False,True,False,True,True,russia_conflict_financial,geopolitical_crisis_financial,False
lkuu1v,2021-02-16,StockMarket,Overview of Environment Related Investments Under President Biden,Russia,available,False,False,True,True,True,True,True,False,False,True,False,True,True,russia_conflict_financial,geopolitical_crisis_financial,False
ll74gh,2021-02-16,investing,Loop Energy Inc. (TSX: LPEN) IPO DD - The leading hydrogen fuel cell provider: here’s all you need to know,Russia,available,False,False,True,False,False,True,True,False,False,False,False,False,False,excluded,excluded,False
llb0bs,2021-02-16,stocks,Reminder: DD on Uranium,Ukraine|Russia|Russian|sanctions,available,False,True,True,True,True,True,True,False,False,True,False,True,True,multiple_paths,geopolitical_crisis_financial,False
llxa1p,2021-02-17,StockMarket,Time to Dig,Russia,available,False,False,True,False,False,True,True,False,False,False,False,False,False,excluded,excluded,False
lmb8jc,2021-02-18,stocks,KTOS: A Next Gen Tech and Defense Play,Russia,available,False,False,True,True,True,True,True,False,False,True,False,True,True,russia_conflict_financial,geopolitical_crisis_financial,False
lmd1cu,2021-02-18,stocks,What is the Robinhood stock investing app of Russia ?,Russia,removed,True,False,True,False,False,True,True,False,False,False,False,False,False,excluded,excluded,False
lmk8f3,2021-02-18,investing,Due Diligence of Bitcoin Mining stock valuations: RIOT and MARA,Russia,available,False,False,True,False,False,True,True,False,False,False,False,False,False,excluded,excluded,False
lmvoya,2021-02-18,stocks,$IPIX- USA Treatment for COVID-19.... AND RUSSIA?! >99% Effective,Russia,deleted,True,False,True,False,False,False,False,False,False,False,False,False,False,excluded,excluded,False
lmw9ft,2021-02-18,stocks,$IPIX- USA COVID-19 Treatment.. AND RUSSIA?! >99% EFFECTIVE,Russia,removed,True,False,True,False,False,False,False,False,False,False,False,False,False,excluded,excluded,False
ln5gd5,2021-02-19,stocks,Lockheed Martin - Medium/Long Hold - Almost 30% upside,Russian,available,False,False,True,True,True,True,True,False,False,True,False,True,True,russia_conflict_financial,geopolitical_crisis_financial,False
lnhjwi,2021-02-19,stocks,$IPIX- COVID-19 TREATMENT IN USA.. AND RUSSIA?! Over 99% Effective,Russia,removed,True,False,True,False,False,False,False,False,False,False,False,False,False,excluded,excluded,False
lo1z4p,2021-02-20,investing,Public tech companies around the world,Russia,available,False,False,True,False,False,True,True,False,False,False,False,False,False,excluded,excluded,False
lpee2r,2021-02-22,investing,"Palladium: play inflation, weak dollar, and green tech all at once",Russia,available,False,False,True,False,False,True,True,False,False,False,False,False,False,excluded,excluded,False
lqb51k,2021-02-23,stocks,The obvious DD potential of Nuclear energy.,Russian,available,False,False,True,False,False,True,True,False,False,False,False,False,False,excluded,excluded,False
lrclcc,2021-02-24,StockMarket,"Stock markets across the world, In particular RTSI",Russia|Russian|sanctions,available,False,False,True,True,True,True,True,False,False,True,False,True,True,russia_conflict_financial,geopolitical_crisis_financial,False
lt5iby,2021-02-26,investing,Impacts of Biden Sanctions on Saudi's PIF,sanctions,deleted,True,False,False,True,True,False,False,False,False,False,False,False,False,excluded,excluded,False
ltsex8,2021-02-27,stocks,Bear Case/Open Discussion on NIO,Russia,available,False,False,True,False,False,True,True,False,False,False,False,False,False,excluded,excluded,False
lu2dfe,2021-02-28,stocks,"Is now the time to invest in Chinese EV stocks? (NIO, XPEV, BYDDY, LI)",sanctions,available,False,False,False,True,True,True,True,False,False,False,False,False,False,excluded,excluded,False
lujh13,2021-02-28,stocks,"The meme stock situation could have enormous consequences for the financial/govt sectors, due to the likes of China, Russia, Iran, DPRK etc.",Russia,removed,True,False,True,False,False,True,True,False,False,False,False,False,False,excluded,excluded,False
luji00,2021-02-28,stocks,"The meme stock situation could have enormous consequences for the financial/govt sectors, due to the likes of China, Russia, Iran, DPRK etc",Russia,deleted,True,False,True,False,False,True,True,False,False,False,False,False,False,excluded,excluded,False
lulil1,2021-02-28,StockMarket,Datametrex AI DD and why it could be the new PALANTIR,NATO,available,False,False,False,True,True,True,True,False,False,False,False,False,False,excluded,excluded,False
luugws,2021-03-01,stocks,I think I might have a good investment coming up to put money into,Russia,available,False,False,True,False,False,True,True,False,False,False,False,False,False,excluded,excluded,False
lxf5iz,2021-03-04,StockMarket,Vale (VALE),Russian,available,False,False,True,False,False,True,True,False,False,False,False,False,False,excluded,excluded,False
lxhfn7,2021-03-04,stocks,Nickel price collapse - Why?,Russia,available,False,False,True,False,False,True,True,False,False,False,False,False,False,excluded,excluded,False
lyjaja,2021-03-05,StockMarket,Industry Analysis: Pipelines,Russia,available,False,False,True,True,True,True,True,False,False,True,False,True,True,russia_conflict_financial,geopolitical_crisis_financial,False
m0sqoi,2021-03-08,stocks,Which broker should I choose If I am from Ukraine,Ukraine,removed,True,True,False,False,False,False,False,False,False,False,False,False,False,excluded,excluded,False
m1607f,2021-03-09,investing,Relay Medical ($RYMDF) DD,NATO,available,False,False,False,True,True,True,True,False,False,False,False,False,False,excluded,excluded,False
m20ixt,2021-03-10,stocks,Twitter stock going down because they won’t censor the Russian people for Putin?,Russian|Putin,removed,True,False,True,False,False,True,True,False,False,False,False,False,False,excluded,excluded,False
m2bubi,2021-03-10,investing,Payoneer $FTOC is worth $5 or $35. Very misunderstood business and underestimated growth prospects.,Ukraine,available,False,True,False,False,False,True,True,False,False,False,False,True,False,direct_ukraine_financial,excluded,True
m453xe,2021-03-13,StockMarket,Laxmi Organic Industries Limited IPO,Russia,available,False,False,True,False,False,True,True,False,False,False,False,False,False,excluded,excluded,False
m57akp,2021-03-14,StockMarket,Rocket Lab USA via Vector Acquisitions (VACQ),Russia,available,False,False,True,False,False,True,True,False,False,False,False,False,False,excluded,excluded,False
m6xvtc,2021-03-17,stocks,Premier Oil - Interesting 31st March Merger,sanctions,available,False,False,False,True,True,True,True,False,False,False,False,False,False,excluded,excluded,False
m6zhuf,2021-03-17,StockMarket,(3/17) Wednesday's Pre-Market Stock Movers & News,sanctions,available,False,False,False,True,True,True,True,False,False,False,False,False,False,excluded,excluded,False
m6zils,2021-03-17,stocks,(3/17) Wednesday's Pre-Market Stock Movers & News,sanctions,available,False,False,False,True,True,True,True,False,False,False,False,False,False,excluded,excluded,False
m7sq4m,2021-03-18,StockMarket,Russia,Russia,removed,True,False,True,False,False,False,False,False,False,False,False,False,False,excluded,excluded,False
m7von7,2021-03-18,StockMarket,IHOR basically offering insurance on a burning house 🔥 🔥 🔥 🚀 🚀 🚀. This needs an 🦍 gang invasion #KOSS,invasion,blank,True,False,False,True,True,False,False,False,False,False,False,False,False,excluded,excluded,False
m8ugyr,2021-03-19,investing,GAW (Warhammer) & Cineworld Group DD,Russia,available,False,False,True,False,False,True,True,False,False,False,False,False,False,excluded,excluded,False
m8ukjr,2021-03-19,stocks,GAW (Warhammer) & Cineworld Group DD (X-posted from r/investing),Russia,available,False,False,True,False,False,True,True,False,False,False,False,False,False,excluded,excluded,False
m9lj3j,2021-03-21,StockMarket,Insider Trading,Russia,available,False,False,True,False,False,True,True,False,False,False,False,False,False,excluded,excluded,False
ma61kd,2021-03-21,stocks,Stocks/ETFs trading <$10/share that AREN'T pure speculation,Russia,available,False,False,True,False,False,True,True,False,False,False,False,False,False,excluded,excluded,False
marfau,2021-03-22,stocks,$OZON - anyone own it/ follow it?,Russia,available,False,False,True,False,False,False,False,False,False,False,False,False,False,excluded,excluded,False
maskwe,2021-03-22,stocks,What cause of a U.S. stock market crash would you hesitate to buy (if any)?,invasion,available,False,False,False,True,True,True,True,False,False,False,False,False,False,excluded,excluded,False
mboqt4,2021-03-23,stocks,BABA - Good Value? Thoughts?,sanctions,available,False,False,False,True,True,True,True,False,False,False,False,False,False,excluded,excluded,False
mcbl51,2021-03-24,stocks,Effects of a New Political Ice Age on Equities?,sanctions,available,False,False,False,True,True,True,True,False,False,False,False,False,False,excluded,excluded,False
md828q,2021-03-25,stocks,"Here is a Market Recap for today Thursday, March 25, 2021",sanctions,available,False,False,False,True,True,True,True,False,False,False,False,False,False,excluded,excluded,False
md82ri,2021-03-25,StockMarket,"Here is a Market Recap for today Thursday, March 25, 2021",sanctions,available,False,False,False,True,True,True,True,False,False,False,False,False,False,excluded,excluded,False
met132,2021-03-28,stocks,Could the semi-conductor shortage be bullish for steel producers?,sanctions,available,False,False,False,True,True,True,True,False,False,False,False,False,False,excluded,excluded,False
mf8cmo,2021-03-28,investing,How to invest in Russian bonds?,Russian,removed,True,False,True,False,False,True,True,True,False,False,False,True,False,russia_crisis_financial_consequence,excluded,True
mf8f8m,2021-03-28,investing,How to invest in Russian government bonds?,Russian,removed,True,False,True,False,False,True,True,False,False,False,False,False,False,excluded,excluded,False
mf8gqb,2021-03-28,stocks,How to invest in Russian government bonds?,Russia|Russian,available,False,False,True,False,False,True,True,True,False,False,False,True,False,russia_crisis_financial_consequence,excluded,True
mfbyli,2021-03-28,investing,Investing in Helium - DMEHF DD,Russia,available,False,False,True,True,True,True,True,False,False,True,False,True,True,russia_conflict_financial,geopolitical_crisis_financial,False
mfxofg,2021-03-29,StockMarket,"Market Commentary (the former Tiger Club member margin called, Volatility in the Markets, TIGR earnings) - 3/29/2021",Russia,available,False,False,True,False,True,True,True,False,False,True,False,False,True,excluded,geopolitical_crisis_financial,True
mfxp8v,2021-03-29,stocks,"Market Commentary (the former Tiger Club member margin called, Volatility in the Markets, TIGR earnings) - 3/29/2021",Russia,available,False,False,True,False,True,True,True,False,False,True,False,False,True,excluded,geopolitical_crisis_financial,True
mgqgps,2021-03-30,stocks,Sberbank: Russian state-owned bank looking to become tech company,Russia|Russian,available,False,False,True,False,False,True,True,False,False,False,False,False,False,excluded,excluded,False
mi0wcz,2021-04-01,StockMarket,$PSFE now live and its a steal.,sanctions,available,False,False,False,True,True,True,True,False,False,False,False,False,False,excluded,excluded,False
mi5ox3,2021-04-01,investing,Russia and Ukraine have rising tensions: is there money to be made?,Ukraine|Russia,removed,True,True,True,False,True,False,True,False,False,True,False,False,True,excluded,geopolitical_crisis_financial,True
mksh7y,2021-04-05,investing,Investments in the Russian stock market,Russian,removed,True,False,True,False,False,True,True,False,False,False,False,False,False,excluded,excluded,False
mksjg7,2021-04-05,investing,Investments in the Russian stock market,Russian,removed,True,False,True,False,False,True,True,False,False,False,False,False,False,excluded,excluded,False
mkslh7,2021-04-05,investing,Investments in the Russian stock market,Russian,removed,True,False,True,False,False,True,True,False,False,False,False,False,False,excluded,excluded,False
mksm1d,2021-04-05,investing,invest in the Russian stock market,Russian,removed,True,False,True,False,False,True,True,False,False,False,False,False,False,excluded,excluded,False
mnurtq,2021-04-10,stocks,Is there any sensible reason to not short the SPX right now?,Ukraine,available,False,True,False,True,True,True,True,False,False,True,False,True,True,direct_ukraine_financial,geopolitical_crisis_financial,False
mnuu7l,2021-04-10,stocks,There's something fishy about this market. The calm before the rug pull?,Russian,available,False,False,True,False,False,True,True,False,False,False,False,False,False,excluded,excluded,False
mnxqjx,2021-04-10,stocks,What are you buying ahead of the upcoming Russia-Ukraine war?,Ukraine|Russia,removed,True,True,True,True,True,False,True,False,False,True,False,False,True,excluded,geopolitical_crisis_financial,True
mpfnps,2021-04-12,stocks,If tension on Ukraine - Russian border turn into full-scale war. How it l affect the stock market?,Ukraine|Russian,removed,True,True,True,True,True,True,True,False,False,True,False,True,True,multiple_paths,geopolitical_crisis_financial,False
mpfpx5,2021-04-12,investing,If tension on Ukraine - Russian border turn into full-scale war. How it l affect the stock market?,Ukraine|Russian,removed,True,True,True,True,True,True,True,False,False,True,False,True,True,multiple_paths,geopolitical_crisis_financial,False
mpispk,2021-04-12,stocks,"In case of war, what stocks would you pick?",NATO,available,False,False,False,True,True,True,True,False,False,False,False,False,False,excluded,excluded,False
mq36w5,2021-04-13,investing,The market doesn't seem to be affected by escalating military buildup at the Ukraine/Russian border,Ukraine|Russian,removed,True,True,True,True,True,True,True,False,False,True,False,True,True,multiple_paths,geopolitical_crisis_financial,False
mq6fnh,2021-04-13,stocks,Cenovus and husky energy merger has major potential and still undervalued. CVE,Russia|Putin|Moscow,available,False,False,True,False,False,True,True,False,False,False,False,False,False,excluded,excluded,False
mq6n2d,2021-04-13,stocks,$URNM is the most risk asymmetric trade I've seen in my 4+ years of active trading,Russia,available,False,False,True,False,False,True,True,False,False,False,False,False,False,excluded,excluded,False
mr93t9,2021-04-15,stocks,DD on fast growing fintech - KSPI.IL (one of ARKF's stock picks),Russian,available,False,False,True,False,False,True,True,False,False,False,False,False,False,excluded,excluded,False
msaeih,2021-04-16,investing,"Next week, the US cannabis industry is nearing its first major federal legislation milestone of the year. SAFE Act",sanctions,available,False,False,False,True,True,True,True,False,False,False,False,False,False,excluded,excluded,False
mur47t,2021-04-20,stocks,The potential bear cases for uranium and subsequent counter arguments,Russia,available,False,False,True,False,False,True,True,False,False,False,False,False,False,excluded,excluded,False
muvjjo,2021-04-20,stocks,Let's say Russia invades Ukraine- what impact would that have on the stock market?,Ukraine|Russia,available,False,True,True,True,True,True,True,False,False,True,False,True,True,multiple_paths,geopolitical_crisis_financial,False
mw5jx4,2021-04-22,stocks,Beware the Ukraine situation!!,Ukraine,removed,True,True,False,False,False,False,False,False,False,False,False,False,False,excluded,excluded,False
mwomf5,2021-04-23,StockMarket,DD on fast growing fintech - KSPI.IL (one of ARKF's stock picks),Russian,available,False,False,True,False,False,True,True,False,False,False,False,False,False,excluded,excluded,False
my22w6,2021-04-25,stocks,"Arrival - UK based EV Startup backed by UPS, thoughts?",Russian,available,False,False,True,False,False,True,True,False,False,False,False,False,False,excluded,excluded,False
mz05wl,2021-04-26,stocks,What's Happening in the Markets: Week of 4/26/2021,Russian,available,False,False,True,False,False,True,True,False,False,False,False,False,False,excluded,excluded,False
mz2c4g,2021-04-26,StockMarket,What's Happening in the Markets: Week of 4/26/2021,Russian,available,False,False,True,False,False,True,True,False,False,False,False,False,False,excluded,excluded,False
mz3gdq,2021-04-26,stocks,Market data API that provides International Market data? (The price of a stock located on several Exchanges),Russia,available,False,False,True,False,False,True,True,False,False,False,False,False,False,excluded,excluded,False
n1a225,2021-04-29,StockMarket,The Funniest GOD DAMN Video I've Seen All Month - Putin Hodling GameStop,Putin,removed,True,False,True,False,False,False,False,False,False,False,False,False,False,excluded,excluded,False
n1cy2n,2021-04-29,stocks,Which stocks will benefit from melting of ice in arctica?,Russia,available,False,False,True,True,True,True,True,False,False,True,False,True,True,russia_conflict_financial,geopolitical_crisis_financial,False
n1z2fv,2021-04-30,StockMarket,$MDLZ - A Sweet Buy for the Long Run,Russia|sanctions,available,False,False,True,True,True,True,True,False,False,True,False,True,True,russia_conflict_financial,geopolitical_crisis_financial,False
n3dwe7,2021-05-02,investing,Russian Commodities trading,Russian,removed,True,False,True,False,False,True,True,False,False,False,False,False,False,excluded,excluded,False
n3kcqn,2021-05-03,StockMarket,Strongest electronic payment stock in all of Russia,Russia,removed,True,False,True,False,False,True,True,False,False,False,False,False,False,excluded,excluded,False
n3kghi,2021-05-03,StockMarket,Strongest electronic payment stock in all of Russia,Russia,removed,True,False,True,False,False,True,True,False,False,False,False,False,False,excluded,excluded,False
n3klm3,2021-05-03,StockMarket,Strongest electronic payment stock in all of Russia,Russia,removed,True,False,True,False,False,True,True,False,False,False,False,False,False,excluded,excluded,False
n3kzla,2021-05-03,StockMarket,Strongest electronic payment stock in all of Russia,Ukrainian|Russia,available,False,True,True,False,False,True,True,False,False,False,False,True,False,direct_ukraine_financial,excluded,True
n3vqmp,2021-05-03,stocks,"Uranium market update, one of the biggest catalysts to date is about to be in place.",Ukraine|Russia,available,False,True,True,False,False,True,True,False,False,False,False,True,False,direct_ukraine_financial,excluded,True
n4tc5v,2021-05-04,investing,Why You Should Short The Intel Fab Play,invasion,available,False,False,False,True,True,True,True,False,False,False,False,False,False,excluded,excluded,False
n4wfiy,2021-05-04,StockMarket,Why You Should Short the Intel Fab Play,invasion,available,False,False,False,True,True,True,True,False,False,False,False,False,False,excluded,excluded,False
n8pzgh,2021-05-09,investing,The Small Arms Industry is Set to Grow Rapidly,Russia,available,False,False,True,False,False,True,True,False,False,False,False,False,False,excluded,excluded,False
n93q2k,2021-05-10,investing,My shortlist for screening stocks against inflation,Russia,available,False,False,True,False,True,True,True,False,False,True,False,False,True,excluded,geopolitical_crisis_financial,True
n9u9pp,2021-05-11,investing,Good time to invest in properties in Ukraine: Manipulated inflation in Ukraine caused havoc in South Africa,Ukraine,removed,True,True,False,False,False,True,True,False,False,False,False,True,False,direct_ukraine_financial,excluded,True
ncxr5j,2021-05-15,stocks,$WISH DD (ContextLogic Due Diligence),Ukrainian|Russian,available,False,True,True,False,False,True,True,False,False,False,False,True,False,direct_ukraine_financial,excluded,True
ndupku,2021-05-16,investing,"Turkcell Communication Services ($TKC), why you should/shouldn't invest in it. Fundamentals of an undervalued stock.",Ukraine,available,False,True,False,False,False,True,True,False,False,False,False,True,False,direct_ukraine_financial,excluded,True
neo8g0,2021-05-17,investing,"When interest rates go up, do stocks and bonds get hit the same?",invasion,available,False,False,False,True,True,True,True,False,False,False,False,False,False,excluded,excluded,False
ngsgcn,2021-05-20,stocks,Frontline - a tanker company that seems to do everything right in the last years,Russian,available,False,False,True,True,True,True,True,False,False,True,False,True,True,russia_conflict_financial,geopolitical_crisis_financial,False
ngu8g5,2021-05-20,stocks,Russia ditches over a billion bucks of US government bonds as Moscow continues policy of diversifying investments,Russia|Moscow,removed,True,False,True,False,False,True,True,False,False,False,False,False,False,excluded,excluded,False
ngu9e6,2021-05-20,StockMarket,Russia ditches over a billion bucks of US government bonds as Moscow continues policy of diversifying investments,Russia|Moscow,removed,True,False,True,False,False,True,True,False,False,False,False,False,False,excluded,excluded,False
nizpwz,2021-05-23,StockMarket,Money Is Power,Russia,available,False,False,True,False,True,True,True,False,False,True,False,False,True,excluded,geopolitical_crisis_financial,True
njde6m,2021-05-23,stocks,Enthusiast Gaming: growing gaming media powerhouse,invasion,available,False,False,False,True,True,True,True,False,False,False,False,False,False,excluded,excluded,False
nl614g,2021-05-26,stocks,"1.5 Billion People in China, Estimated 600 Million Bikes, Now the Ebike, Stock Symbol EZGO 225 miles $275 US Dollars",Ukraine,available,False,True,False,False,False,True,True,False,False,False,False,True,False,direct_ukraine_financial,excluded,True
nleh0g,2021-05-26,investing,"Investing, financial, money, Russia",Russia,removed,True,False,True,False,False,True,True,False,False,False,False,False,False,excluded,excluded,False
nlg67y,2021-05-26,investing,World's First NFT Press Release Issued by a Russian Company,Russian,removed,True,False,True,False,False,True,True,False,False,False,False,False,False,excluded,excluded,False
nmohy9,2021-05-28,StockMarket,"Information on PLTR for those interested in the company and its history (plus insider ""selling"" explained). No hype just research.",NATO,available,False,False,False,True,True,True,True,False,False,False,False,False,False,excluded,excluded,False
nmzbs7,2021-05-28,stocks,SPCE - next week in new exchange,Russian|Moscow,available,False,False,True,False,False,True,True,False,False,False,False,False,False,excluded,excluded,False
nnn1og,2021-05-29,stocks,I think Xiaomi has huge long term potential in IoT - tech giant at a market cap of just $85 billion,Russia,available,False,False,True,False,True,True,True,False,False,True,False,False,True,excluded,geopolitical_crisis_financial,True
nnoiu1,2021-05-29,StockMarket,I think Xiaomi has huge long term potential in IoT - tech giant at a market cap of just $85 billion,Russia,available,False,False,True,False,True,True,True,False,False,True,False,False,True,excluded,geopolitical_crisis_financial,True
nnqb9y,2021-05-29,StockMarket,Velodyne Lidar $VLDR stock overview and the analysts' forecasted price (autonomous vehicles stock),Russian,available,False,False,True,False,False,True,True,False,False,False,False,False,False,excluded,excluded,False
np6t15,2021-05-31,investing,World's First NFT Issued by a Russian Company,Russian,removed,True,False,True,False,False,True,True,False,False,False,False,False,False,excluded,excluded,False
npxkx3,2021-06-01,investing,Assessment of the Uranium Market and Future Outlook (long post),Russian,available,False,False,True,True,True,True,True,False,False,True,False,True,True,russia_conflict_financial,geopolitical_crisis_financial,False
nrh2hj,2021-06-03,StockMarket,"The global chip shortage and how I'll be taking advantage of the semi's dip: NVDA, AMD, AMAT, TSM",invasion|sanctions,available,False,False,False,True,True,True,True,False,False,False,False,False,False,excluded,excluded,False
nsfi0f,2021-06-04,stocks,Frontier Markets like Vietnam,Russia,available,False,False,True,False,False,True,True,False,False,False,False,False,False,excluded,excluded,False
ntgjw3,2021-06-06,StockMarket,advice for ukrainian fellow beginners,Ukrainian,removed,True,True,False,False,False,False,False,False,False,False,False,False,False,excluded,excluded,False
nv2huz,2021-06-08,investing,"Fastly ($FSLY) network hit by outage, resulting in major sites being down earlier today. Stock down in pre-market.",Russia,available,False,False,True,False,True,True,True,False,False,True,False,False,True,excluded,geopolitical_crisis_financial,True
nvrmu4,2021-06-09,stocks,Senate passes $250 billion bipartisan tech and manufacturing bill aimed at countering China,NATO,available,False,False,False,True,True,True,True,False,False,False,False,False,False,excluded,excluded,False
nvv53s,2021-06-09,stocks,What is the name of the theory that a stock will trade down as a mirror image of its previous upward history?,Russian,available,False,False,True,False,False,True,True,False,False,False,False,False,False,excluded,excluded,False
nwt5u7,2021-06-10,stocks,Who are these people?,Russian,available,False,False,True,False,False,True,True,False,False,False,False,False,False,excluded,excluded,False
nwzbu3,2021-06-10,investing,What makes the price of gold go up? Inflation?,Russia,available,False,False,True,False,False,True,True,False,False,False,False,False,False,excluded,excluded,False
nxhwzv,2021-06-11,investing,MOMENTUS MERGER - ALL OBSTACLES SEEM RESOLVED,Russian,available,False,False,True,False,False,True,True,False,False,False,False,False,False,excluded,excluded,False
nxsjq7,2021-06-11,StockMarket,"Wall Street Week Ahead for the trading week beginning June 14th, 2021",Russian|Putin|NATO,available,False,False,True,True,True,True,True,False,False,True,False,True,True,russia_conflict_financial,geopolitical_crisis_financial,False
nxskls,2021-06-11,stocks,"Wall Street Week Ahead for the trading week beginning June 14th, 2021",Russian|Putin|NATO,available,False,False,True,True,True,True,True,False,False,True,False,True,True,russia_conflict_financial,geopolitical_crisis_financial,False
nyvdei,2021-06-13,stocks,Chevron/Exxon Mobil Short Strategy,sanctions,available,False,False,False,True,True,True,True,False,False,False,False,False,False,excluded,excluded,False
o06je5,2021-06-15,stocks,Russian bank wants to make money on the short,Russian,removed,True,False,True,False,False,True,True,False,False,False,False,False,False,excluded,excluded,False
o0h0ph,2021-06-15,stocks,"90 days to WH COVID origins report.If they don't sandbag results decoupling is inevitable, sanctions probable and war not out of the picture",sanctions,removed,True,False,False,True,True,False,False,False,False,False,False,False,False,excluded,excluded,False
o0mwiu,2021-06-15,investing,Interest Rates as a measure of Risk,Russia,available,False,False,True,True,True,True,True,False,False,True,False,True,True,russia_conflict_financial,geopolitical_crisis_financial,False
o35k3n,2021-06-19,investing,"M.video is the largest electronics retailer in Russia, is it a value stock?",Russia,removed,True,False,True,False,False,True,True,False,False,False,False,False,False,excluded,excluded,False
o3ezem,2021-06-19,investing,"Russian companies, risks vs usefulness as dollar hedge",Russian,removed,True,False,True,False,False,True,True,False,False,False,False,False,False,excluded,excluded,False
o443sm,2021-06-20,stocks,"Russian companies, risks vs usefulness as dollar hedge",Russian,removed,True,False,True,False,False,True,True,False,False,False,False,False,False,excluded,excluded,False
o44cez,2021-06-20,stocks,"Russian companies, risks vs usefulness as dollar hedge",Russian,removed,True,False,True,False,False,True,True,False,False,False,False,False,False,excluded,excluded,False
o49aao,2021-06-20,stocks,"Russian companies, risks vs usefulness as dollar hedge",Russia|Russian|Putin,available,False,False,True,False,False,True,True,False,False,False,False,False,False,excluded,excluded,False
o4utt3,2021-06-21,stocks,DD for Kinross Gold Corp - $KGC,Russia|Russian,available,False,False,True,False,False,True,True,False,False,False,False,False,False,excluded,excluded,False
o6mzzf,2021-06-23,stocks,Iran Oil Sanctions Lifted,sanctions,available,False,False,False,True,True,True,True,False,False,False,False,False,False,excluded,excluded,False
o9sk5d,2021-06-28,StockMarket,Super Awesome Mega Space ETF update June 26th🚀,Russia,available,False,False,True,True,True,True,True,False,False,True,False,True,True,russia_conflict_financial,geopolitical_crisis_financial,False
oazmlg,2021-06-30,StockMarket,Robinhood to pay $70 million in record settlement with FINRA,sanctions,available,False,False,False,True,True,True,True,False,False,False,False,False,False,excluded,excluded,False
obh4gv,2021-07-01,stocks,The Bear Case for Summer: A crash in the next 4-8 weeks?,Russia,available,False,False,True,False,True,True,True,False,False,True,False,False,True,excluded,geopolitical_crisis_financial,True
ocmlud,2021-07-02,StockMarket,"Wall Street Week Ahead for the trading week beginning July 5th, 2021",Russia,available,False,False,True,False,False,True,True,False,False,False,False,False,False,excluded,excluded,False
od5uhw,2021-07-03,investing,The Bear Case for Summer: A crash in the next 4-8 weeks?,Russia,available,False,False,True,False,True,True,True,False,False,True,False,False,True,excluded,geopolitical_crisis_financial,True
oef9f2,2021-07-05,investing,Question about the stocks SMIC and TMSC (semiconductor companies),sanctions,available,False,False,False,True,True,True,True,False,False,False,False,False,False,excluded,excluded,False
of834o,2021-07-07,StockMarket,OPEC discord could unleash a new level of volatility in oil market,Russia,available,False,False,True,False,False,True,True,False,False,False,False,False,False,excluded,excluded,False
oibdub,2021-07-11,stocks,"Branson Completes Virgin Galactic Flight, Aiming to Open Up Space Tourism",Russian,available,False,False,True,False,False,True,True,False,False,False,False,False,False,excluded,excluded,False
oiyn90,2021-07-12,StockMarket,"$poww DD, loading up pew pew",Russia,available,False,False,True,True,True,True,True,False,False,True,False,True,True,russia_conflict_financial,geopolitical_crisis_financial,False
oiyobv,2021-07-12,stocks,$poww DD pew pew,Russia,available,False,False,True,True,True,True,True,False,False,True,False,True,True,russia_conflict_financial,geopolitical_crisis_financial,False
oj9oli,2021-07-13,investing,"Take a look inside the 3,800 PlayStations and 5,000 PCs that make up this subterranean crypto mining complex in Ukraine.",Ukraine,removed,True,True,False,False,False,False,False,False,False,False,False,False,False,excluded,excluded,False
ok5mhe,2021-07-14,stocks,The best gold stocks (IMO) worth buying right now,Russian,available,False,False,True,False,False,True,True,False,False,False,False,False,False,excluded,excluded,False
ok5mz7,2021-07-14,StockMarket,The best gold stocks (IMO) worth buying right now,Russian,available,False,False,True,False,False,True,True,False,False,False,False,False,False,excluded,excluded,False
onb2s6,2021-07-19,StockMarket,Looks like the massive PS4 Mining farm busted In Ukraine wasn't mining crypto. It was mining rare FIFA Ultimate Team Cards to be sold on the illegal market. Lol,Ukraine,blank,True,True,False,False,False,True,True,False,False,False,False,True,False,direct_ukraine_financial,excluded,True
onqesc,2021-07-19,stocks,Which brokers that accept non-US clients allow borrowing on margin?,Ukraine,available,False,True,False,False,False,True,True,False,False,False,False,True,False,direct_ukraine_financial,excluded,True
oqe9r3,2021-07-23,stocks,"Wall Street Week Ahead for the trading week beginning July 26th, 2021",Russia,available,False,False,True,True,True,True,True,False,False,True,False,True,True,russia_conflict_financial,geopolitical_crisis_financial,False
oqeadg,2021-07-23,StockMarket,"Wall Street Week Ahead for the trading week beginning July 26th, 2021",Russia,available,False,False,True,True,True,True,True,False,False,True,False,True,True,russia_conflict_financial,geopolitical_crisis_financial,False
ou2ht3,2021-07-29,stocks,"DD on Swedish Stocks, the Norhern ""pearls""",Russian|NATO,available,False,False,True,True,True,True,True,False,False,True,False,True,True,russia_conflict_financial,geopolitical_crisis_financial,False
ouj7jl,2021-07-30,investing,Global Coronavirus (COVID-19) Vaccine Market Research Report 2021: Market is Expected to Grow at a Robust Rate to Reach $91.3 Billion,Russia,available,False,False,True,False,False,True,True,False,False,False,False,False,False,excluded,excluded,False
ouyk6c,2021-07-31,StockMarket,"Wall Street Week Ahead for the trading week beginning August 2nd, 2021",Russia,available,False,False,True,False,True,True,True,False,False,True,False,False,True,excluded,geopolitical_crisis_financial,True
ouykv9,2021-07-31,stocks,"Wall Street Week Ahead for the trading week beginning August 2nd, 2021",Russia,available,False,False,True,False,True,True,True,False,False,True,False,False,True,excluded,geopolitical_crisis_financial,True
ouz9o1,2021-07-31,stocks,WSB Family in Need of Our Help-WSB Members Wife Killed on Home Invasion-GoFundMe Setup,invasion,removed,True,False,False,True,True,False,False,False,False,False,False,False,False,excluded,excluded,False
oxwrnj,2021-08-04,stocks,Bombardier in Russia,Russia,removed,True,False,True,False,False,False,False,False,False,False,False,False,False,excluded,excluded,False
oxykjm,2021-08-04,investing,"SEC Chair Gensler remarks on Cryptocurrencies, and their potential qualification as securities",sanctions,available,False,False,False,True,True,True,True,False,False,False,False,False,False,excluded,excluded,False
p325vf,2021-08-12,StockMarket,Russian Government Bonds - Attractive 7% Yield in a Low Interest World,Russian,deleted,True,False,True,False,False,True,True,False,False,False,False,False,False,excluded,excluded,False
p470l8,2021-08-14,stocks,I've compiled a shortlist of companies that show strong growth potential.,Russia,available,False,False,True,False,False,True,True,False,False,False,False,False,False,excluded,excluded,False
p8lcl4,2021-08-21,investing,"Chip Shortage Update, Fab Wars and Chip Industry Consolidation",sanctions,available,False,False,False,True,True,True,True,False,False,False,False,False,False,excluded,excluded,False
p9vdg6,2021-08-23,stocks,Best Non-US stocks?,Russian,available,False,False,True,False,False,True,True,False,False,False,False,False,False,excluded,excluded,False
pamu1k,2021-08-24,StockMarket,Russia is pumping a lot less natural gas to Europe all of a sudden —why?,Russia,blank,True,False,True,False,False,True,True,False,False,False,False,False,False,excluded,excluded,False
pc3h3m,2021-08-26,investing,"Some Thoughts on Fed Policy and ""Policy Mistakes"" As We Start Talking About Tapering",Russian,available,False,False,True,False,True,True,True,True,False,True,False,True,True,russia_crisis_financial_consequence,geopolitical_crisis_financial,False
pcruvj,2021-08-27,StockMarket,SEC: Where words don’t come true,Russia,available,False,False,True,False,False,True,True,False,False,False,False,False,False,excluded,excluded,False
pj067o,2021-09-06,investing,Stocks/ETFs in Ukraine best way to invest,Ukraine,removed,True,True,False,False,False,True,True,False,False,False,False,True,False,direct_ukraine_financial,excluded,True
pjthq6,2021-09-07,investing,US Supply Chain Scrutiny and Asian Chip NATO,NATO,removed,True,False,False,True,True,False,False,False,False,False,False,False,False,excluded,excluded,False
pk6k8v,2021-09-08,StockMarket,Next Quarter (Q3) Cub Energy Inc will have 66% higher Gas Prices than Q2 (present). New Update! KUB de-risking from East Ukraine assets. Clean books.,Ukraine,removed,True,True,False,False,False,True,True,False,False,False,False,True,False,direct_ukraine_financial,excluded,True
pkuj8e,2021-09-09,stocks,"Cub Energy Inc will have 66% higher Gas Prices Q3 vs Q2. De-risking from East Ukraine with Sales Agreement, stock then below Equity and Cash",Ukraine,removed,True,True,False,False,False,True,True,False,False,False,False,True,False,direct_ukraine_financial,excluded,True
pl5mt1,2021-09-09,stocks,Psycho Market Recap - Thur Sept 9,Russian,available,False,False,True,False,True,True,True,False,False,True,False,False,True,excluded,geopolitical_crisis_financial,True
pl5nmj,2021-09-09,StockMarket,Psycho Market Recap - Thur Sept 9,Russian,available,False,False,True,False,True,True,True,False,False,True,False,False,True,excluded,geopolitical_crisis_financial,True
pltxcf,2021-09-10,stocks,"Here is a Market Recap for today Friday, Sept 10, 2021. Have a great weekend everyone!!",Russian,available,False,False,True,False,True,True,True,False,False,True,False,False,True,excluded,geopolitical_crisis_financial,True
pltxl5,2021-09-10,StockMarket,"Here is a Market Recap for today Friday, Sept 10, 2021",Russian,available,False,False,True,False,True,True,True,False,False,True,False,False,True,excluded,geopolitical_crisis_financial,True
pny4fr,2021-09-14,StockMarket,"Extensive DD on $MAGN is beneficiary of commodity supercycle 2021, most likely going to be included in the MSCI Russia index",Russia,removed,True,False,True,False,False,True,True,False,False,False,False,False,False,excluded,excluded,False
po28tv,2021-09-14,StockMarket,Here's Your Daily Market Brief For September 14th,Russian|Putin,available,False,False,True,False,False,True,True,False,False,False,False,False,False,excluded,excluded,False
pp5xta,2021-09-16,investing,Theoretical question about the benefits of using Smartlands vs. traditional refinancing.,Ukraine,available,False,True,False,False,False,True,True,False,False,False,False,True,False,direct_ukraine_financial,excluded,True
prtkr6,2021-09-20,stocks,"Cub Energy Inc will have 66% higher Gas Prices Q3 vs Q2. De-risking from East Ukraine with Sales Agreement, stock trades below Equity & Cash",Ukraine,removed,True,True,False,False,False,True,True,False,False,False,False,True,False,direct_ukraine_financial,excluded,True
prztls,2021-09-20,stocks,List of worries...,Russia,available,False,True,True,True,True,True,True,False,False,True,False,True,True,multiple_paths,geopolitical_crisis_financial,False
puanns,2021-09-24,StockMarket,Predicting Financial Crashes Using Discrete Scale Invariance [Research paper],Russian,available,False,False,True,False,False,True,True,False,False,False,False,False,False,excluded,excluded,False
pv6k8t,2021-09-25,StockMarket,"Petro-Dollar, Gold, Evergrande, and Why The Off Shore Debt Is Never Getting Paid Back",Russia,available,False,False,True,True,True,True,True,False,False,True,False,True,True,russia_conflict_financial,geopolitical_crisis_financial,False
pwehih,2021-09-27,stocks,"Gazprom, what will the Stock Price do After the completion of North Stream 2 ?",Russia,available,False,False,True,False,False,True,True,False,False,False,False,False,False,excluded,excluded,False
pwkm82,2021-09-27,stocks,So Remitly is public...,Ukraine,available,False,True,False,False,False,True,True,False,False,False,False,True,False,direct_ukraine_financial,excluded,True
pzjk2y,2021-10-01,StockMarket,"Wall Street Week Ahead for the trading week beginning October 4th, 2021",Russia,available,False,False,True,True,True,True,True,False,False,True,False,True,True,russia_conflict_financial,geopolitical_crisis_financial,False
pzjkyw,2021-10-01,stocks,"Wall Street Week Ahead for the trading week beginning October 4th, 2021",Russia,available,False,False,True,True,True,True,True,False,False,True,False,True,True,russia_conflict_financial,geopolitical_crisis_financial,False
q0gvxi,2021-10-03,stocks,Nexters : a leading Russian mobile video game company (hero wars) with great upside $GDEV,Russian,removed,True,False,True,True,True,True,True,False,False,True,False,True,True,russia_conflict_financial,geopolitical_crisis_financial,False
q1y452,2021-10-05,stocks,Nexters : a leading Russian mobile game company (Hero Wars) based in Europe with 1.5 billion $ marketcap and tiny float! GDEV,Russian,removed,True,False,True,True,True,True,True,False,False,True,False,True,True,russia_conflict_financial,geopolitical_crisis_financial,False
q3do2i,2021-10-07,investing,Russia to implement safeguards to protect citizens from crypto investments - TheDailySats,Russia,removed,True,False,True,False,False,False,False,False,False,False,False,False,False,excluded,excluded,False
q5dg2l,2021-10-10,stocks,"Chinese, Russian, and other foreign exchanges.",Russian,removed,True,False,True,False,False,False,False,False,False,False,False,False,False,excluded,excluded,False
q6sgk7,2021-10-12,stocks,Investing - What time of the day to buy,Russian,available,False,False,True,False,False,True,True,False,False,False,False,False,False,excluded,excluded,False
q6vnlh,2021-10-12,investing,"War, investing and ownership",Russia|Russian,available,False,False,True,True,True,True,True,False,False,True,False,True,True,russia_conflict_financial,geopolitical_crisis_financial,False
q7z9jg,2021-10-14,StockMarket,Here's Your Daily Market Brief For October 14th,Russia|Russian|Putin,available,False,False,True,False,False,True,True,False,False,False,False,False,False,excluded,excluded,False
q7z9nf,2021-10-14,stocks,Here's Your Daily Market Brief For October 14th,Russia|Russian|Putin,available,False,False,True,False,False,True,True,False,False,False,False,False,False,excluded,excluded,False
q8nank,2021-10-15,StockMarket,$AGYP Pre-Market Update >> Allied Energy Corp. Announces It Hits Oil And Natural Gas On Three Wells At Annie Gilmer Lease Site,Russia|Russian|Putin,available,False,False,True,False,False,True,True,False,False,False,False,False,False,excluded,excluded,False
q8o33q,2021-10-15,StockMarket,Here's Your Daily Market Brief For October 15th,Russia|Putin,available,False,False,True,False,False,True,True,False,False,False,False,False,False,excluded,excluded,False
q9k4cp,2021-10-16,investing,nanotechnology used by NATO forces running off a simulation,NATO,removed,True,False,False,True,True,False,False,False,False,False,False,False,False,excluded,excluded,False
qbaz74,2021-10-19,StockMarket,Here's Your Daily Market Brief For October 19th,Russia|Putin,available,False,False,True,False,False,True,True,False,False,False,False,False,False,excluded,excluded,False
qbazfu,2021-10-19,stocks,Here's Your Daily Market Brief For October 19th,Russia|Putin,available,False,False,True,False,False,True,True,False,False,False,False,False,False,excluded,excluded,False
qd3e7a,2021-10-21,stocks,Will Russia shutting down work for a week send energy prices futures soaring? Already in a supply bottleneck anyone got a opinion on this?,Russia|Putin,available,False,False,True,False,False,True,True,False,False,False,False,False,False,excluded,excluded,False
qhn1gm,2021-10-28,StockMarket,Here's Your Daily Market Brief For October 28th,Russian|Putin,available,False,False,True,False,False,True,True,False,False,False,False,False,False,excluded,excluded,False
qibr4u,2021-10-29,StockMarket,"$AGYP (Allied Energy Corp.)Tweets Again On Prometheus Site, Says It Orders Pump For Well",sanctions,available,False,False,False,True,True,True,True,False,False,False,False,False,False,excluded,excluded,False
qjchen,2021-10-30,stocks,"Europe's gas shortage, what are the consequences?",Russia|Putin,available,False,False,True,False,False,True,True,False,False,False,False,False,False,excluded,excluded,False
qlwk69,2021-11-03,stocks,Trivago (TRVG) DD - my first dd!!,Russia,available,False,False,True,False,False,True,True,False,False,False,False,False,False,excluded,excluded,False
qqg15b,2021-11-09,stocks,Moving stocks between exchanges and depositories. Is it actually possible for retail?,Ukraine,available,False,True,False,False,False,True,True,False,False,False,False,True,False,direct_ukraine_financial,excluded,True
qrlnmy,2021-11-11,stocks,"Do tech, semicondutor stocks take in consideration possible Taiwan invasion by China?",invasion,available,False,False,False,True,True,True,True,False,False,False,False,False,False,excluded,excluded,False
qrvyuc,2021-11-11,stocks,Nine US governors press U.S. lawmakers to pass 52 Billion semiconductor funding bill. Taiwan unreliable potentially trillions at risk.,invasion,available,False,False,False,True,True,True,True,False,False,False,False,False,False,excluded,excluded,False
quks48,2021-11-15,stocks,How do I distribute 250k?,Ukraine|Ukrainian|Russia,available,False,True,True,False,True,True,True,False,False,True,False,True,True,direct_ukraine_financial,geopolitical_crisis_financial,False
qvi2d8,2021-11-16,investing,Why is the Fed not raising rates?,Russia,available,False,False,True,True,True,True,True,False,False,True,False,True,True,russia_conflict_financial,geopolitical_crisis_financial,False
qz0kx4,2021-11-21,stocks,news about Russia preparing to attack Ukraine in late Jan.,Ukraine|Russia,removed,True,True,True,False,True,False,False,False,False,False,False,False,False,excluded,excluded,False
qzc7um,2021-11-22,investing,Is this the potential Black Swan everyone has been worried about?,Ukraine|Russia|Russian,available,False,True,True,True,True,False,False,False,False,False,False,False,False,excluded,excluded,False
r0dk0r,2021-11-23,StockMarket,Here's Your Daily Market Brief For November 23rd,Ukraine|Russia|invasion,available,False,True,True,True,True,True,True,False,False,True,False,True,True,multiple_paths,geopolitical_crisis_financial,False
r1643r,2021-11-24,StockMarket,Here's Your Daily Market Brief For November 24th,Ukraine|Russia|Kyiv|Moscow|invasion,available,False,True,True,True,True,True,True,False,False,True,False,True,True,multiple_paths,geopolitical_crisis_financial,False
r3dzyq,2021-11-27,stocks,"BRIC - Brazil, Russia, India, China",Russia,removed,True,False,True,False,False,False,False,False,False,False,False,False,False,excluded,excluded,False
r55t5m,2021-11-29,stocks,"Here is a Market Recap for today Monday, Nov 29, 2021. Please enjoy!",Russia,available,False,False,True,False,False,True,True,False,False,False,False,False,False,excluded,excluded,False
r55tjy,2021-11-29,StockMarket,"Here is a Market Recap for today Monday, Nov 29, 2021. Please enjoy!",Russia,available,False,False,True,False,False,True,True,False,False,False,False,False,False,excluded,excluded,False
r6o8i1,2021-12-01,stocks,American satellites are subject to daily attacks by China and Russia that could be viewed as “acts of war.”,Russia,available,False,False,True,True,True,True,True,False,False,True,False,True,True,russia_conflict_financial,geopolitical_crisis_financial,False
r8ptp5,2021-12-04,investing,Does everyone have the same opinion on when to sell their semiconductor stocks/etfs?,invasion,available,False,False,False,True,True,True,True,False,False,False,False,False,False,excluded,excluded,False
rbrrls,2021-12-08,StockMarket,Here's Your Daily Market Brief For December 8th,Ukraine|Russian|Putin|invasion,available,False,True,True,True,True,True,True,False,False,True,False,True,True,multiple_paths,geopolitical_crisis_financial,False
rbx1ie,2021-12-08,investing,Why Putin May end up Tanking cryptos Permanently,Putin,removed,True,False,True,False,False,False,False,False,False,False,False,False,False,excluded,excluded,False
rc2z57,2021-12-08,stocks,Raytheon and Ukraine,Ukraine,removed,True,True,False,False,False,False,False,False,False,False,False,False,False,excluded,excluded,False
rc84cj,2021-12-09,investing,Understanding the corporate structures of Russian Oligarchs and Cyprus holding companies.,Russian,available,False,False,True,False,False,True,True,False,False,False,False,False,False,excluded,excluded,False
rdcr0o,2021-12-10,StockMarket,"If Russia were to invade Ukraine, how would the stock market react? How to hedge your investments?",Ukraine|Russia,removed,True,True,True,True,True,True,True,False,False,True,False,True,True,multiple_paths,geopolitical_crisis_financial,False
rddpmh,2021-12-10,investing,‘Pawns on a chessboard’: Ukrainians look on as US and Russia decide their fate,Russia,removed,True,False,True,False,False,False,False,False,False,False,False,False,False,excluded,excluded,False
rdqvzt,2021-12-11,investing,"Currently, all assets are inflated, inflation is running hot. But which assets class according to you poses the highest risk to cause a major correction or crash?",Russia,available,False,False,True,False,False,True,True,False,False,False,False,False,False,excluded,excluded,False
rf06a5,2021-12-12,investing,"Hypothetical - Russia invades Ukraine, the market reacts, what action are you taking?",Ukraine|Russia,removed,True,True,True,True,True,True,True,False,False,True,False,True,True,multiple_paths,geopolitical_crisis_financial,False
rffzwj,2021-12-13,StockMarket,Here's Your Daily Market Brief For December 13th,Ukraine|Russia|Putin|Moscow,available,False,True,True,True,True,True,True,False,False,True,False,True,True,multiple_paths,geopolitical_crisis_financial,False
rg7dyf,2021-12-14,StockMarket,Here's Your Daily Market Brief For December 14th,Russia,available,False,False,True,False,False,True,True,False,False,False,False,False,False,excluded,excluded,False
rh9r5u,2021-12-15,stocks,$BBAI - This AI Pure Play Is Very Close to Run a Lot Higher.,Russia|invasion,available,False,True,True,True,True,True,True,False,False,True,False,True,True,multiple_paths,geopolitical_crisis_financial,False
rhsetz,2021-12-16,StockMarket,Russia & China Ready To Cut On A New 'Independent Financial Infrastructure',Russia,blank,True,False,True,False,False,True,True,False,False,False,False,False,False,excluded,excluded,False
rj5lbv,2021-12-18,StockMarket,"Wall Street Week Ahead for the trading week beginning December 20th, 2021",Russia,available,False,False,True,False,False,True,True,False,False,False,False,False,False,excluded,excluded,False
rj5whd,2021-12-18,stocks,"Wall Street Week Ahead for the trading week beginning December 20th, 2021",Russia,available,False,False,True,False,False,True,True,False,False,False,False,False,False,excluded,excluded,False
rkoprs,2021-12-20,stocks,$UAN - 2022 $60 Yield Distributions Multibagger,Russian|Putin,available,False,False,True,False,False,True,True,False,False,False,False,False,False,excluded,excluded,False
rm21sg,2021-12-22,stocks,I'm convinced Russia will invade Ukraine soon. What stocks/commodities would you long/short?,Ukraine|Russia,removed,True,True,True,True,True,True,True,False,False,True,False,True,True,multiple_paths,geopolitical_crisis_financial,False
rm348q,2021-12-22,investing,US imposes Sanctions on large Potash supplier (Potash prices expected to rally further),sanctions,available,False,False,False,True,True,True,True,False,False,False,False,False,False,excluded,excluded,False
rmvjyr,2021-12-23,stocks,What do we think the effect on global markets of a Russian invasion of Ukraine would be?,Ukraine|Russian|invasion,removed,True,True,True,True,True,True,True,False,False,True,False,True,True,multiple_paths,geopolitical_crisis_financial,False
rn37gc,2021-12-23,stocks,Opportunity in agriculture?,sanctions,available,False,False,False,True,True,True,True,False,False,False,False,False,False,excluded,excluded,False
rnakit,2021-12-24,stocks,"Hypothetical: China begins invasion of Taiwan, does Intel stock go up or down?",invasion,available,False,False,False,True,True,True,True,False,False,False,False,False,False,excluded,excluded,False
rps9k7,2021-12-27,stocks,"With negative real returns forecasted on US equities, how are you diversifying your portfolio in 2022?",Russia,available,False,False,True,False,False,True,True,False,False,False,False,False,False,excluded,excluded,False
rr87wn,2021-12-29,stocks,Anyone else seeing huge value opportunities in this market?,Russian,available,False,False,True,False,False,True,True,False,False,False,False,False,False,excluded,excluded,False
rr8mmm,2021-12-29,StockMarket,Here's Your Daily Market Brief For December 29th,Ukraine|Russia|Russian|invasion,available,False,True,True,True,True,True,True,False,False,True,False,True,True,multiple_paths,geopolitical_crisis_financial,False
rs1jnf,2021-12-30,StockMarket,Here's Your Daily Market Brief For December 30th,Russian|Putin,available,False,False,True,False,False,True,True,False,False,False,False,False,False,excluded,excluded,False
rstzza,2021-12-31,StockMarket,Here's Your Daily Market Brief For December 31st,Ukrainian|Russian|Putin,available,False,True,True,True,True,True,True,False,False,True,False,True,True,multiple_paths,geopolitical_crisis_financial,False
rv1t6f,2022-01-03,StockMarket,Here's Your Daily Market Brief For January 3rd,Ukraine|Russia|Russian|sanctions,available,False,True,True,True,True,True,True,False,False,True,False,True,True,multiple_paths,geopolitical_crisis_financial,False
rvua61,2022-01-04,StockMarket,Here's Your Daily Market Brief For January 4th,Russia,available,False,False,True,False,False,True,True,False,False,False,False,False,False,excluded,excluded,False
rx1c19,2022-01-06,investing,Ray Dalio just posted two new articles on LinkedIn about the changing world order and where to invest in the future.,Ukraine|Russia,available,False,True,True,False,False,True,True,False,False,False,False,True,False,direct_ukraine_financial,excluded,True
rylp2u,2022-01-07,stocks,Be prepared for a bigger drop: CPI data release is next week,Russia,available,False,False,True,False,False,True,True,False,False,False,False,False,False,excluded,excluded,False
rz7beq,2022-01-08,investing,"Why Tesla will hit an unexpected ""wall"", and it has nothing to do with cars",Russia,available,False,False,True,False,False,True,True,False,False,False,False,False,False,excluded,excluded,False
s0jkuu,2022-01-10,StockMarket,Here's Your Daily Market Brief For January 10th,Ukrainian|Russia|Russian|Moscow,available,False,True,True,True,True,True,True,False,False,True,False,True,True,multiple_paths,geopolitical_crisis_financial,False
s1cqnd,2022-01-11,StockMarket,Here's Your Daily Market Brief For January 11th,Ukraine|Ukrainian|Russia|Moscow,available,False,True,True,True,True,True,True,False,False,True,False,True,True,multiple_paths,geopolitical_crisis_financial,False
s2dle3,2022-01-12,stocks,Fundamental reasons why the stock market will likely crash,Ukraine|Russia|NATO,available,False,True,True,True,True,True,True,False,False,True,False,True,True,multiple_paths,geopolitical_crisis_financial,False
s2uwff,2022-01-13,StockMarket,You can only focus on manufacture and sustain operating margins over 50% by doing some very technical and differentiated processes. TSM with another killer quarter. The only way Intel could catch up is with an invasion of China on Taiwan.,invasion,blank,True,False,False,True,True,False,False,False,False,False,False,False,False,excluded,excluded,False
s2z5kx,2022-01-13,StockMarket,Here's Your Daily Market Brief For January 13th,sanctions,available,False,False,False,True,True,True,True,False,False,False,False,False,False,excluded,excluded,False
s3sdc9,2022-01-14,StockMarket,Here's Your Daily Market Brief For January 14th,Ukraine|Russia|Russian|NATO,available,False,True,True,True,True,True,True,False,False,True,False,True,True,multiple_paths,geopolitical_crisis_financial,False
s4jcgn,2022-01-15,stocks,Tip request: which market to buy a specific stock from.,Russian,available,False,False,True,False,False,True,True,False,False,False,False,False,False,excluded,excluded,False
s4mzeq,2022-01-15,stocks,How is the looming conflict in Russia/Ukrain going to effect the economy?,Ukraine|Russia|invasion,available,False,True,True,True,True,True,True,False,False,True,False,True,True,multiple_paths,geopolitical_crisis_financial,False
s5jx2k,2022-01-16,stocks,Will it be illegal for US citizens to own Russian securities if they invade Ukraine?,Ukraine|Russian,removed,True,True,True,True,True,True,True,False,False,True,False,True,True,multiple_paths,geopolitical_crisis_financial,False
s5navg,2022-01-16,investing,with the rate hikes and war tensions from russia.... what are you expecting Tuesday?,Russia,deleted,True,False,True,True,True,False,False,False,False,False,False,False,False,excluded,excluded,False
s6g8vo,2022-01-17,investing,Russia and its tensions with the west,Russia,removed,True,False,True,False,True,False,False,False,False,False,False,False,False,excluded,excluded,False
s6gs28,2022-01-17,investing,My oil/renewables pick for potential 10x returns in 2022/3,Ukraine|Russia,available,False,True,True,True,True,True,True,False,False,True,False,True,True,multiple_paths,geopolitical_crisis_financial,False
s6vcjw,2022-01-18,investing,Best stocks to buy in case a war starts between NATO and Russia in Ukraine.,Ukraine|Russia|NATO,removed,True,True,True,True,True,True,True,False,False,True,False,True,True,multiple_paths,geopolitical_crisis_financial,False
s6wrla,2022-01-18,investing,Russian investment opportunities and concerns,Russian,removed,True,False,True,False,False,True,True,False,False,False,False,False,False,excluded,excluded,False
s6zye0,2022-01-18,stocks,Sberbank. Russian stockmarket. Should I buy it?,Russian,removed,True,False,True,False,False,False,True,False,False,False,False,False,False,excluded,excluded,False
s7uvtg,2022-01-19,StockMarket,"Blinken arrives in Ukraine, says Russia could attack at short notice",Ukraine|Russia,blank,True,True,True,False,True,False,True,False,False,True,False,False,True,excluded,geopolitical_crisis_financial,True
s89ffn,2022-01-20,stocks,BBAI One of the Best Value Stocks Currently,Ukraine|Russia|invasion,available,False,True,True,True,True,True,True,False,False,True,False,True,True,multiple_paths,geopolitical_crisis_financial,False
s8ixn4,2022-01-20,StockMarket,Here's Your Daily Market Brief For January 20th,Ukraine|Russia|Russian|Putin|invasion|sanctions,available,False,True,True,True,True,True,True,False,False,True,False,True,True,multiple_paths,geopolitical_crisis_financial,False
s8lqnd,2022-01-20,stocks,If russia invades ukraine what stock plays are you guys going to do?,Ukraine|Russia,removed,True,True,True,True,True,True,True,False,False,True,False,True,True,multiple_paths,geopolitical_crisis_financial,False
s8q7k8,2022-01-20,stocks,How do you think Russia invading Ukraine would affect the stock market?,Ukraine|Russia,removed,True,True,True,True,True,True,True,False,False,True,False,True,True,multiple_paths,geopolitical_crisis_financial,False
s8r22u,2022-01-20,stocks,"Invest for profit, not morals, an impending wartime strategy. Or: how I learned to stop worrying and love the bomb.",Ukraine|Russia,available,False,True,True,True,True,True,True,False,False,True,False,True,True,multiple_paths,geopolitical_crisis_financial,False
s8rksb,2022-01-20,stocks,Ukraine issues,Ukraine,available,False,True,False,False,False,True,True,False,False,False,False,True,False,direct_ukraine_financial,excluded,True
s8zod1,2022-01-21,stocks,Russia Ukraine invasion game plan,Ukraine|Russia|invasion,removed,True,True,True,True,True,False,False,False,False,False,False,False,False,excluded,excluded,False
s91j41,2022-01-21,StockMarket,What stocks would be good to invest in if the Russia vs Ukraine situation escalates further?,Ukraine|Russia,removed,True,True,True,False,False,True,True,False,False,False,False,True,False,direct_ukraine_financial,excluded,True
s930ds,2022-01-21,stocks,War with Ukraine,Ukraine|Russia|invasion|sanctions,available,False,True,True,True,True,True,True,True,False,True,False,True,True,multiple_paths,geopolitical_crisis_financial,False
s94z2c,2022-01-21,investing,War impact on investing. Tensions in Ukraine and Taiwan keep increasing,Ukraine,removed,True,True,False,True,True,True,True,False,False,True,False,True,True,direct_ukraine_financial,geopolitical_crisis_financial,False
s9afyk,2022-01-21,StockMarket,Here's Your Daily Market Brief For January 21st,Ukraine|Russian|invasion|sanctions,available,False,True,True,True,True,True,True,False,False,True,False,True,True,multiple_paths,geopolitical_crisis_financial,False
s9auoc,2022-01-21,investing,Betting on a Russian invasion of Ukraine?,Ukraine|Russian|invasion,removed,True,True,True,True,True,False,False,False,False,False,False,False,False,excluded,excluded,False
s9j6s8,2022-01-21,stocks,JPMorgan War-Games Economic Damage of an Oil Surge to $150,Ukraine|Russia|sanctions,available,False,True,True,True,True,True,True,False,False,True,False,True,True,multiple_paths,geopolitical_crisis_financial,False
s9nzs4,2022-01-21,stocks,Which Defense Industry stocks would you buy now and why?,Russia,available,False,False,True,True,True,True,True,False,False,True,False,True,True,russia_conflict_financial,geopolitical_crisis_financial,False
sa2p02,2022-01-22,stocks,What happens to stocks in US if Russia invades Ukraine?,Ukraine|Russia,removed,True,True,True,True,True,True,True,False,False,True,False,True,True,multiple_paths,geopolitical_crisis_financial,False
sa2sg3,2022-01-22,stocks,Russian invasion of Ukraine,Ukraine|Russian|invasion,removed,True,True,True,True,True,False,False,False,False,False,False,False,False,excluded,excluded,False
sadxga,2022-01-22,stocks,"Uranium. Kazakhstan. Russia, China, & the US.",Russia,removed,True,False,True,False,False,False,False,False,False,False,False,False,False,excluded,excluded,False
sagrpp,2022-01-23,stocks,How will you react to defense sector stock reporting?,Russia,available,False,False,True,False,True,True,True,False,False,True,False,False,True,excluded,geopolitical_crisis_financial,True
salmy5,2022-01-23,investing,Should we be concerned about Ukraine?,Ukraine,removed,True,True,False,False,False,False,False,False,False,False,False,False,False,excluded,excluded,False
salp5x,2022-01-23,investing,Russia invading the Ukraine,Ukraine|Russia,removed,True,True,True,True,True,False,False,False,False,False,False,False,False,excluded,excluded,False
salppw,2022-01-23,stocks,Russia invading,Russia,removed,True,False,True,True,True,False,False,False,False,False,False,False,False,excluded,excluded,False
sawy4h,2022-01-23,investing,Would Cybersecurity stocks go up with growing Russian tensions?,Russian,removed,True,False,True,False,True,True,True,False,False,True,False,False,True,excluded,geopolitical_crisis_financial,True
sbax33,2022-01-24,stocks,With the current US Russia and Ukraine tensions…,Ukraine|Russia,removed,True,True,True,False,True,False,False,False,False,False,False,False,False,excluded,excluded,False
sbf7ev,2022-01-24,stocks,How would russian invasion of Ukraine affect the market?,Ukraine|Russian|invasion,removed,True,True,True,True,True,True,True,False,False,True,False,True,True,multiple_paths,geopolitical_crisis_financial,False
sbh0ze,2022-01-24,stocks,Best combo : Ukraine war and Fed mtg looming - stocks will hit hard. Question is which is the best stock to buy when everyone is fearful?,Ukraine,removed,True,True,False,True,True,True,True,False,False,True,False,True,True,direct_ukraine_financial,geopolitical_crisis_financial,False
sbhj4a,2022-01-24,StockMarket,"I know I could be ridiculed heavily for asking this but reading about these incrementally escalating tension between Iran/Abu Dhabi, China/Taiwan, Russia/Ukraine, are algos predicting WW3 the reason for recent market sell offs?",Ukraine|Russia,blank,True,True,True,False,True,True,True,False,False,True,False,True,True,direct_ukraine_financial,geopolitical_crisis_financial,False
sbi7h9,2022-01-24,stocks,How will the stock market react in a possible Russian invasion to Ukraine?,Ukraine|Russian|invasion,available,False,True,True,True,True,True,True,False,False,True,False,True,True,multiple_paths,geopolitical_crisis_financial,False
sbjm6d,2022-01-24,StockMarket,"End of month, market down, Russia - Ukraine issue, Equity down, Raising omicron and new variants....We are F.ked",Ukraine|Russia,blank,True,True,True,False,False,True,True,False,False,False,False,True,False,direct_ukraine_financial,excluded,True
sbmcdj,2022-01-24,StockMarket,Here's Your Daily Market Brief For January 24th,Ukraine|Russian|invasion,available,False,True,True,True,True,True,True,True,False,True,False,True,True,multiple_paths,geopolitical_crisis_financial,False
sbnzyq,2022-01-24,stocks,Crude and Russian invasion,Ukraine|Russian|invasion,available,False,True,True,True,True,True,True,False,False,True,False,True,True,multiple_paths,geopolitical_crisis_financial,False
sbt6jm,2022-01-24,stocks,This stock plunge seems to be the result of 4 factors,Ukraine|Russia,available,False,True,True,True,True,True,True,False,False,True,False,True,True,multiple_paths,geopolitical_crisis_financial,False
sbudls,2022-01-24,investing,Should Investors Worry About Geopolitical Events?,Ukraine|Ukrainian|Russia|Russian|Putin|sanctions|NATO,available,False,True,True,True,True,True,True,False,False,True,False,True,True,multiple_paths,geopolitical_crisis_financial,False
sbwyrh,2022-01-24,stocks,Ironic Gold Investment,Ukraine|Russian,available,False,True,True,False,False,True,True,False,False,False,False,True,False,direct_ukraine_financial,excluded,True
sc2x9m,2022-01-25,stocks,Can someone explain why and how the Dow Jones just bounced like a Yo-Yo,Ukraine,available,False,True,False,False,False,True,True,False,False,False,False,True,False,direct_ukraine_financial,excluded,True
sc8xtm,2022-01-25,stocks,Let's see if there are any companies you pay attention to?,Ukraine|Ukrainian|Russia|Russian|sanctions,available,False,True,True,True,True,True,True,False,False,True,False,True,True,multiple_paths,geopolitical_crisis_financial,False
scda8w,2022-01-25,StockMarket,(1/25) Tuesday's Pre-Market Stock Movers & News,Ukraine|Russia,available,False,True,True,False,True,True,True,False,False,True,False,True,True,direct_ukraine_financial,geopolitical_crisis_financial,False
scdbou,2022-01-25,stocks,(1/25) Tuesday's Pre-Market Stock Movers & News,Ukraine|Russia,available,False,True,True,False,True,True,True,False,False,True,False,True,True,direct_ukraine_financial,geopolitical_crisis_financial,False
scdw2q,2022-01-25,StockMarket,Here's Your Daily Market Brief For January 25th,Ukrainian|Russia|Russian|NATO,available,False,True,True,True,True,True,True,False,False,True,False,True,True,multiple_paths,geopolitical_crisis_financial,False
sceou8,2022-01-25,stocks,Aerojet Rocketdyne expects FTC to try to block Lockheed Martin acquisition,Russia,available,False,False,True,True,True,True,True,False,False,True,False,True,True,russia_conflict_financial,geopolitical_crisis_financial,False
scevtz,2022-01-25,stocks,"US stocks performance during rate hikes has been fantastic, no need to worry in the long term!",Ukraine|Russia,available,False,True,True,False,True,True,True,False,False,True,False,True,True,direct_ukraine_financial,geopolitical_crisis_financial,False
scje9u,2022-01-25,StockMarket,Russian Invasion of Ukraine: A Study in Geopolitics and Their Effect on Markets,Ukraine|Russian|invasion,blank,True,True,True,True,True,True,True,False,False,True,False,True,True,multiple_paths,geopolitical_crisis_financial,False
sck87q,2022-01-25,StockMarket,"Despite strong oil, Russia stocks are in freefall",Russia,deleted,True,False,True,False,False,True,True,False,False,False,False,False,False,excluded,excluded,False
scka0v,2022-01-25,StockMarket,"Despite strong oil, Russian stocks are in freefall",Russian,blank,True,False,True,False,False,True,True,False,False,False,False,False,False,excluded,excluded,False
scll2j,2022-01-25,stocks,Thoughts on defense stock reaction to Ukraine situation?,Ukraine,removed,True,True,False,False,False,True,True,False,False,False,False,True,False,direct_ukraine_financial,excluded,True
sd1ldk,2022-01-26,stocks,Will the Fed really drag down US stocks?,Ukraine|Russia,available,False,True,True,False,True,True,True,False,False,True,False,True,True,direct_ukraine_financial,geopolitical_crisis_financial,False
sd61tk,2022-01-26,StockMarket,Here's Your Daily Market Brief For January 26th,Ukraine|Russia,available,False,True,True,True,True,True,True,False,False,True,False,True,True,multiple_paths,geopolitical_crisis_financial,False
sd7ly2,2022-01-26,investing,How will S&P 500 react to Ukraine crisis?,Ukraine,removed,True,True,False,False,True,False,False,False,False,False,False,False,False,excluded,excluded,False
sd7mxh,2022-01-26,investing,How will S&P 500 react to Ukraine crisis?,Ukraine,removed,True,True,False,False,True,False,False,False,False,False,False,False,False,excluded,excluded,False
sd7p6u,2022-01-26,investing,How will S&P500 react to Ukraine crisis?,Ukraine,removed,True,True,False,False,True,False,False,False,False,False,False,False,False,excluded,excluded,False
sd7suy,2022-01-26,investing,How will S&P500 react to Ukraine Crisis?,Ukraine,removed,True,True,False,False,True,False,False,False,False,False,False,False,False,excluded,excluded,False
sda0x4,2022-01-26,investing,Will the market crash if Russia and Ukraine go to war?,Ukraine|Russia,removed,True,True,True,True,True,True,True,False,False,True,False,True,True,multiple_paths,geopolitical_crisis_financial,False
sdb5vw,2022-01-26,stocks,Thoughts on investing in Russia?,Ukraine|Russia|Russian,available,False,True,True,False,True,True,True,False,False,True,False,True,True,direct_ukraine_financial,geopolitical_crisis_financial,False
sde4cv,2022-01-26,StockMarket,If you're worried about Putin/Russia attacking Ukraine,Ukraine|Russia|Putin,removed,True,True,True,False,False,False,False,False,False,False,False,False,False,excluded,excluded,False
sdtxhl,2022-01-27,stocks,Russian stocks,Russian,removed,True,False,True,False,False,True,True,False,False,False,False,False,False,excluded,excluded,False
sdudh7,2022-01-27,stocks,Can U.S. stocks make money even if they fall sharply? Sqqq has risen nearly 50% this year,Ukraine|Russia,available,False,True,True,False,False,True,True,False,False,False,False,True,False,direct_ukraine_financial,excluded,True
sduiio,2022-01-27,StockMarket,Tucker Carlson is from Russia with love,Russia,blank,True,False,True,False,False,False,False,False,False,False,False,False,False,excluded,excluded,False
sdylza,2022-01-27,StockMarket,Here's Your Daily Market Brief For January 27th,Ukraine|Russia|NATO,available,False,True,True,True,True,True,True,False,False,True,False,True,True,multiple_paths,geopolitical_crisis_financial,False
se22ly,2022-01-27,StockMarket,"Natural Gas, winter and Russia",Russia,removed,True,False,True,False,False,True,True,False,False,False,False,False,False,excluded,excluded,False
sebgj6,2022-01-27,investing,Why should the market go back to 4800 versus why should the market go to 3800 and below,Ukraine|Russia,available,False,True,True,False,True,True,True,False,False,True,False,True,True,direct_ukraine_financial,geopolitical_crisis_financial,False
sef1mq,2022-01-28,stocks,There Will Be Blood: Russia and Oil,Ukraine|Russia|Putin|sanctions|NATO,available,False,True,True,True,True,True,True,False,False,True,False,True,True,multiple_paths,geopolitical_crisis_financial,False
seiwji,2022-01-28,stocks,Anyone else not worried about the markets?,Russia,available,False,False,True,True,True,True,True,False,False,True,False,True,True,russia_conflict_financial,geopolitical_crisis_financial,False
sekpsr,2022-01-28,stocks,Companies that may benefit from LPG shortage from Russia?,Ukraine|Russia|Russian,available,False,True,True,True,True,True,True,False,False,True,False,True,True,multiple_paths,geopolitical_crisis_financial,False
seq1w8,2022-01-28,investing,Can anyone enlighten me as to the exposure of Oil Majors to the Ukrainian Crisis? Particularly Chevron and Exxonmobil,Ukrainian,deleted,True,True,False,False,True,True,True,False,False,True,False,True,True,direct_ukraine_financial,geopolitical_crisis_financial,False
sersoz,2022-01-28,investing,How would US sanctions on Russia impact Russian sector ETFs?,Russia|Russian|sanctions,removed,True,False,True,True,True,True,True,False,False,True,False,True,True,russia_conflict_financial,geopolitical_crisis_financial,False
seuxct,2022-01-28,stocks,Afraid? Take a look.,Ukraine,available,False,True,False,True,True,True,True,False,False,True,False,True,True,direct_ukraine_financial,geopolitical_crisis_financial,False
sf94wy,2022-01-29,StockMarket,"Markets don’t need to fear, I agree with Ukraine president",Ukraine,blank,True,True,False,False,False,True,True,False,False,False,False,True,False,direct_ukraine_financial,excluded,True
sff1c9,2022-01-29,stocks,Russian - Ukrainian conflict analysis,Ukrainian|Russian,removed,True,True,True,True,True,False,False,False,False,False,False,False,False,excluded,excluded,False
sfy0jh,2022-01-30,investing,Russian arctic shipping investments,Russian,removed,True,False,True,False,False,False,False,False,False,False,False,False,False,excluded,excluded,False
sg0anh,2022-01-30,investing,Investing and the current Ukraine crisis,Ukraine,removed,True,True,False,False,True,True,True,False,False,True,False,True,True,direct_ukraine_financial,geopolitical_crisis_financial,False
sgedvt,2022-01-30,stocks,Listening to market expert analyses feels completely useless and empty of actionable information,Ukraine|Russia|invasion,available,False,True,True,True,True,True,True,False,False,True,False,True,True,multiple_paths,geopolitical_crisis_financial,False
sgq93t,2022-01-31,investing,Best platform to invest in foreign stocks including Russian stocks?,Russian,removed,True,False,True,False,False,True,True,False,False,False,False,False,False,excluded,excluded,False
sgqdps,2022-01-31,investing,Best platform for foreign investing including Russian stocks?,Russian,available,False,False,True,False,False,True,True,False,False,False,False,False,False,excluded,excluded,False
sgtvgm,2022-01-31,StockMarket,Is Stock Market discounting the RU/UKR war risk?,Ukraine|Russia|Russian|invasion|sanctions,available,False,True,True,True,True,True,True,False,False,True,False,True,True,multiple_paths,geopolitical_crisis_financial,False
sgz278,2022-01-31,StockMarket,Some interesting news in Barron’s over the weekend,Ukraine,available,False,True,False,True,True,True,True,False,False,True,False,True,True,direct_ukraine_financial,geopolitical_crisis_financial,False
sh9r3g,2022-01-31,stocks,Shell PLC the best major oil& gas,Russia|Russian,available,False,False,True,False,False,True,True,False,False,False,False,False,False,excluded,excluded,False
shcfnw,2022-01-31,StockMarket,There is going to be an announcement tomorrow about the Russia Invasion,Russia|invasion,removed,True,False,True,True,True,False,False,False,False,False,False,False,False,excluded,excluded,False
si8dxu,2022-02-01,stocks,How much will stocks drop on the news that Russia has invaded Ukraine?,Ukraine|Russia,removed,True,True,True,True,True,True,True,False,False,True,False,True,True,multiple_paths,geopolitical_crisis_financial,False
si8f6r,2022-02-01,stocks,Russian invasion of Ukraine play?,Ukraine|Russia|Russian|invasion,available,False,True,True,True,True,True,True,False,False,True,False,True,True,multiple_paths,geopolitical_crisis_financial,False
sib3st,2022-02-02,stocks,Potentially ignorant economics question,Russia,available,False,False,True,True,True,True,True,False,False,True,False,True,True,russia_conflict_financial,geopolitical_crisis_financial,False
sio0ge,2022-02-02,StockMarket,Here's Your Daily Market Brief For February 2nd,Ukraine|Ukrainian|Russia|Russian|Putin,available,False,True,True,True,True,True,True,False,False,True,False,True,True,multiple_paths,geopolitical_crisis_financial,False
sipwr9,2022-02-02,StockMarket,"Morning Update for Wednesday, 2/2/22",Ukraine|Russia,available,False,True,True,True,True,True,True,False,False,True,False,True,True,multiple_paths,geopolitical_crisis_financial,False
sjk300,2022-02-03,stocks,The Euro is surging today. Anyone know why that is happening?,Ukraine|Russia,available,False,True,True,False,False,True,True,False,False,False,False,True,False,direct_ukraine_financial,excluded,True
sjk93a,2022-02-03,StockMarket,"Morning Update for Thursday, 2/3/22",Russia,available,False,False,True,False,False,True,True,False,False,False,False,False,False,excluded,excluded,False
sjq6eb,2022-02-03,StockMarket,"So if Russia invades Ukraine, and the US imposes new sanctions, what would you invest or divest from?",Ukraine|Russia|sanctions,removed,True,True,True,True,True,False,False,False,False,False,False,False,False,excluded,excluded,False
sjutmc,2022-02-03,stocks,With the whole Russia/Ukraine situation is it worth investing in Lockheed Martin and/or Raytheon?,Ukraine|Russia,removed,True,True,True,False,False,True,True,False,False,False,False,True,False,direct_ukraine_financial,excluded,True
skuxyr,2022-02-05,stocks,"Crude Oil hits $90, what’s your end of the year price prediction?",Ukraine|Russia,available,False,True,True,True,True,True,True,False,False,True,False,True,True,multiple_paths,geopolitical_crisis_financial,False
skyvmb,2022-02-05,StockMarket,"Wall Street Week Ahead for the trading week beginning February 7th, 2022",Ukraine|Russia,available,False,True,True,False,True,True,True,False,False,True,False,True,True,direct_ukraine_financial,geopolitical_crisis_financial,False
slkgq6,2022-02-05,stocks,Russia invades Ukraine. What do you short? What do you buy? What do you hold?,Ukraine|Russia,removed,True,True,True,True,True,False,True,False,False,True,False,False,True,excluded,geopolitical_crisis_financial,True
sm6vya,2022-02-06,stocks,"If Russia invades Ukraine, what are some good stocks or puts to look at?",Ukraine|Russia,removed,True,True,True,True,True,True,True,False,False,True,False,True,True,multiple_paths,geopolitical_crisis_financial,False
smsd96,2022-02-07,stocks,Request: European company that counters military signal interference,Ukraine|Russia|Russian|NATO,available,False,True,True,True,True,True,True,False,False,True,False,True,True,multiple_paths,geopolitical_crisis_financial,False
snctgh,2022-02-08,stocks,Anyone looking at LNG with the Russia situation going on?,Russia,deleted,True,False,True,False,False,False,False,False,False,False,False,False,False,excluded,excluded,False
snja1p,2022-02-08,stocks,Russian bank giving shareholders a large part of the net profit,Russian|Putin,available,False,False,True,False,False,True,True,False,False,False,False,False,False,excluded,excluded,False
snjpyg,2022-02-08,StockMarket,Here's Your Daily Market Brief For February 8th,Ukraine|Russian|invasion,available,False,True,True,True,True,True,True,False,False,True,False,True,True,multiple_paths,geopolitical_crisis_financial,False
soehvp,2022-02-09,StockMarket,Reports: Panic in European banks from the Russian-Ukrainian crisis,Ukrainian|Russian,blank,True,True,True,False,True,True,True,False,False,True,False,True,True,direct_ukraine_financial,geopolitical_crisis_financial,False
soejt5,2022-02-09,investing,affect of russian ukraine crisis on markets,Ukraine|Russian,removed,True,True,True,False,True,True,True,False,False,True,False,True,True,direct_ukraine_financial,geopolitical_crisis_financial,False
sp4yqg,2022-02-10,stocks,Russia Vs Ukraine and it’s effect on the US economy,Ukraine|Russia,removed,True,True,True,False,False,True,True,False,False,False,False,True,False,direct_ukraine_financial,excluded,True
spw58i,2022-02-11,investing,What to invest in case of Russia/Ukraine and China/Taiwan war?,Ukraine|Russia|NATO,available,False,True,True,True,True,True,True,False,False,True,False,True,True,multiple_paths,geopolitical_crisis_financial,False
sq2how,2022-02-11,investing,INVESTORS WANTED - 2/11/2022/ S.E.C.-registered / Kansas oil & natural gas / taking on Putin / KARMA WANTED,Putin,removed,True,False,True,False,False,True,True,False,False,False,False,False,False,excluded,excluded,False
sq2k7e,2022-02-11,investing,INVESTORS WANTED - 2/11/2022/ S.E.C.-registered / Kansas oil & natural gas / taking on Putin / KARMA WANTED,Putin,removed,True,False,True,False,False,True,True,False,False,False,False,False,False,excluded,excluded,False
sq62oa,2022-02-11,stocks,"Russia could hit U.S. chip industry, White House warns",Ukraine|Ukrainian|Russia|Russian,available,False,True,True,True,True,True,True,False,False,True,False,True,True,multiple_paths,geopolitical_crisis_financial,False
sq6gw4,2022-02-11,stocks,PBS reporter: Russia has decided to invade Ukraine,Ukraine|Russia,removed,True,True,True,True,True,False,False,False,False,False,False,False,False,excluded,excluded,False
sq74vn,2022-02-11,stocks,About to unleash a huge portion of my money on NVDA before their next report,Putin,available,False,False,True,True,True,True,True,False,False,True,False,True,True,russia_conflict_financial,geopolitical_crisis_financial,False
sq7an3,2022-02-11,stocks,Insider Sell: Advanced Micro Devices AMD,Ukraine,available,False,True,False,False,True,True,True,False,False,True,False,True,True,direct_ukraine_financial,geopolitical_crisis_financial,False
sq8b4f,2022-02-11,StockMarket,What stocks will go up if/when Russia invaded Ukraine?,Ukraine|Russia,removed,True,True,True,True,True,True,True,False,False,True,False,True,True,multiple_paths,geopolitical_crisis_financial,False
sq970n,2022-02-11,stocks,Russian Invasion,Russian|invasion,removed,True,False,True,True,True,False,False,False,False,False,False,False,False,excluded,excluded,False
sqbqrz,2022-02-11,StockMarket,Aerospace & Defense ETF ahead of Russia / Ukraine?,Ukraine|Russia,removed,True,True,True,False,False,True,True,False,False,False,False,True,False,direct_ukraine_financial,excluded,True
sqcxgo,2022-02-11,StockMarket,"Here is a Market Recap for today Friday, February 11, 2022",Ukraine|Russia|Russian,available,False,True,True,True,True,True,True,False,False,True,False,True,True,multiple_paths,geopolitical_crisis_financial,False
sqd30g,2022-02-11,StockMarket,Russia may use field hit by U.S. sanctions for gas exports to China,Russia|sanctions,blank,True,False,True,True,True,True,True,False,False,True,False,True,True,russia_conflict_financial,geopolitical_crisis_financial,False
sqgv0r,2022-02-12,stocks,What would Russian sanctions do to stocks? Any thoughts on industries/sectors which would go or down?,Ukraine|Russia|Russian|sanctions,available,False,True,True,True,True,True,True,True,False,True,False,True,True,multiple_paths,geopolitical_crisis_financial,False
sqldow,2022-02-12,StockMarket,How can I short ukraine?,Ukraine,deleted,True,True,False,False,False,False,True,False,False,False,False,False,False,excluded,excluded,False
sqou5g,2022-02-12,investing,Strategy on investing ~200k in this market,Ukrainian|invasion,available,False,True,False,True,True,True,True,False,False,True,False,True,True,direct_ukraine_financial,geopolitical_crisis_financial,False
sqpdnx,2022-02-12,stocks,Russia vs The rest of the world,Russia,removed,True,False,True,False,False,False,False,False,False,False,False,False,False,excluded,excluded,False
sqqcbn,2022-02-12,stocks,A look on the bright side,Ukraine|Russia,available,False,True,True,False,False,True,True,False,False,False,False,True,False,direct_ukraine_financial,excluded,True
sqrcnk,2022-02-12,investing,War russia vs Ukraine is kinda inevitable….so what to invest ?!,Ukraine|Russia,removed,True,True,True,True,True,False,False,False,False,False,False,False,False,excluded,excluded,False
sqsosz,2022-02-12,stocks,Fed emergency meeting this Monday.,Russian,available,False,False,True,False,False,True,True,False,False,False,False,False,False,excluded,excluded,False
squhx1,2022-02-12,StockMarket,Stock market and the possible tides of war,Ukraine|Russia,available,False,True,True,True,True,True,True,False,False,True,False,True,True,multiple_paths,geopolitical_crisis_financial,False
squqrl,2022-02-12,stocks,"Wall Street Week Ahead for the trading week beginning February 14th, 2022",Ukraine|Russia|Russian|invasion,available,False,True,True,True,True,True,True,False,False,True,False,True,True,multiple_paths,geopolitical_crisis_financial,False
squt89,2022-02-12,StockMarket,"Wall Street Week Ahead for the trading week beginning February 14th, 2022",Ukraine|Russia|Russian|invasion,available,False,True,True,True,True,True,True,False,False,True,False,True,True,multiple_paths,geopolitical_crisis_financial,False
sqvm4k,2022-02-12,stocks,Anyone else think the dip on semiconductors will be a once in a decade opportunity to build wealth?,Russia|Russian|invasion|sanctions,available,False,False,True,True,True,True,True,False,False,True,False,True,True,russia_conflict_financial,geopolitical_crisis_financial,False
sqwyoo,2022-02-12,stocks,Investing in Oil Stocks,Ukraine|Russia,available,False,True,True,True,True,True,True,False,False,True,False,True,True,multiple_paths,geopolitical_crisis_financial,False
sqzcje,2022-02-12,investing,The Russia-Ukraine situation is going to be a nothing-burger,Ukraine|Russia,removed,True,True,True,False,False,False,False,False,False,False,False,False,False,excluded,excluded,False
sr44uv,2022-02-12,stocks,Does neon supply really have any impact on the semiconductor business?,Ukraine|Russian|invasion,available,False,True,True,True,True,False,True,False,False,True,False,False,True,excluded,geopolitical_crisis_financial,True
sr4y85,2022-02-13,StockMarket,Ukraine Conflict Could Impact Stocks // FGN Market Update,Ukraine,blank,True,True,False,True,True,True,True,False,False,True,False,True,True,direct_ukraine_financial,geopolitical_crisis_financial,False
sr5nn5,2022-02-13,stocks,using leveraged oil/gas ETFs like NRGU,Ukraine|Russia,available,False,True,True,True,True,True,True,False,False,True,False,True,True,multiple_paths,geopolitical_crisis_financial,False
sr83oh,2022-02-13,stocks,"No plans to invade Ukraine, Moscow and Minsk tell Ankara - Turkish top diplomat",Ukraine|Moscow,removed,True,True,True,True,True,False,False,False,False,False,False,False,False,excluded,excluded,False
srduf2,2022-02-13,stocks,The opening of tomorrow and Russia’s invasion plan.,Ukraine|Russia|invasion,available,False,True,True,True,True,True,True,False,False,True,False,True,True,multiple_paths,geopolitical_crisis_financial,False
srmnsc,2022-02-13,stocks,Look beyond the 'now' of the Ukraine and Fed news,Ukraine|Russia,available,False,True,True,False,False,True,True,False,False,False,False,True,False,direct_ukraine_financial,excluded,True
srn05e,2022-02-13,stocks,Why should a war in Ukraine cause significant drops in the US stock market?,Ukraine,available,False,True,False,True,True,True,True,False,False,True,False,True,True,direct_ukraine_financial,geopolitical_crisis_financial,False
srnc84,2022-02-13,stocks,Will the ongoing situation with Russia increase LMT?,Russia,removed,True,False,True,False,False,False,False,False,False,False,False,False,False,excluded,excluded,False
srnmpm,2022-02-13,StockMarket,China’s biggest chipmaker SMIC posts record revenue despite U.S. sanctions,sanctions,blank,True,False,False,True,True,False,False,False,False,False,False,False,False,excluded,excluded,False
srqdvf,2022-02-13,stocks,"Is it likely that these protest, inflation, and the likelihood of this war between Russia/Ukraine is going to cause some crashes to happen?",Ukraine|Russia,available,False,True,True,True,True,True,True,False,False,True,False,True,True,multiple_paths,geopolitical_crisis_financial,False
srsfwj,2022-02-13,stocks,What stocks to invest in before a possible Russian invasion?,Russian|invasion,removed,True,False,True,True,True,True,True,False,False,True,False,True,True,russia_conflict_financial,geopolitical_crisis_financial,False
srv4xi,2022-02-13,StockMarket,"With Russia impacting markets, is it fair to say traders are hearing the roar of the bear?",Russia,removed,True,False,True,False,False,True,True,False,False,False,False,False,False,excluded,excluded,False
sryvaw,2022-02-14,stocks,How do I buy Russian oil stock as a US citizen?,Russian,removed,True,False,True,False,False,True,True,False,False,False,False,False,False,excluded,excluded,False
ss0az4,2022-02-14,stocks,The Brownfield Method,Ukraine|Russia,available,False,True,True,True,True,True,True,False,False,True,False,True,True,multiple_paths,geopolitical_crisis_financial,False
ss1lpv,2022-02-14,stocks,"Whatever happens with Ukrain& Russia, U.S. we are good as investors",Russia,deleted,True,False,True,False,False,True,True,False,False,False,False,False,False,excluded,excluded,False
ss6o47,2022-02-14,stocks,NRGU - US Big Oil Index thoughts?,Russia,available,False,False,True,False,False,True,True,False,False,False,False,False,False,excluded,excluded,False
ss7dan,2022-02-14,stocks,Need a little pick me up,Ukraine,available,False,True,False,True,True,True,True,False,False,True,False,True,True,direct_ukraine_financial,geopolitical_crisis_financial,False
ss7tiv,2022-02-14,StockMarket,European Energy Prices Jump on Mounting Tension Over Ukraine,Ukraine,blank,True,True,False,False,True,True,True,False,False,True,False,True,True,direct_ukraine_financial,geopolitical_crisis_financial,False
ss9bv1,2022-02-14,stocks,"Fade The Fed And Putin, The Market Shrugged Off 2% That's All You Need To Know",Putin,removed,True,False,True,False,False,True,True,False,False,False,False,False,False,excluded,excluded,False
ssabp6,2022-02-14,StockMarket,Here's Your Daily Market Brief For February 14th,Ukraine|Ukrainian|Russia,available,False,True,True,True,True,True,True,False,False,True,False,True,True,multiple_paths,geopolitical_crisis_financial,False
ssbn9j,2022-02-14,StockMarket,"Morning Update for Monday, 2/14/22",Ukraine|Russia|invasion,available,False,True,True,True,True,True,True,False,False,True,False,True,True,multiple_paths,geopolitical_crisis_financial,False
ssdgzv,2022-02-14,StockMarket,Why you shouldn't do anything rash . . .,Ukraine,available,False,True,False,False,False,True,True,False,False,False,False,True,False,direct_ukraine_financial,excluded,True
ssg772,2022-02-14,investing,Questions about where to invest money with the potential of war in Ukraine?,Ukraine,removed,True,True,False,True,True,False,True,False,False,True,False,False,True,excluded,geopolitical_crisis_financial,True
ssnap1,2022-02-14,StockMarket,"Here is a Market Recap for today Monday, February 14, 2022",Ukraine|Ukrainian|Russia|Russian|Putin|Kyiv|invasion,available,False,True,True,True,True,True,True,True,False,True,False,True,True,multiple_paths,geopolitical_crisis_financial,False
ssoy5t,2022-02-15,investing,"Russia attacks Ukraine and the US intervenes, how would you exactly invest to profit?",Ukraine|Russia,removed,True,True,True,False,True,False,True,False,False,True,False,False,True,excluded,geopolitical_crisis_financial,True
ssptn5,2022-02-15,investing,"Hypothetically, Russia attacks Ukraine and the US and others intervene (basically WW3), how would you invest to profit?",Ukraine|Russia,removed,True,True,True,False,True,False,True,False,False,True,False,False,True,excluded,geopolitical_crisis_financial,True
ssr1fy,2022-02-15,investing,"Russia invading Ukraine would be the largest European war since 1945, how do you think markets will react?",Ukraine|Russia,removed,True,True,True,True,True,True,True,False,False,True,False,True,True,multiple_paths,geopolitical_crisis_financial,False
ssr28z,2022-02-15,investing,"Russia invading Ukraine would be the largest European war since 1945, how do you think markets will react?",Ukraine|Russia,removed,True,True,True,True,True,True,True,False,False,True,False,True,True,multiple_paths,geopolitical_crisis_financial,False
ssriy2,2022-02-15,stocks,"In 2014 when Russia attacked Ukraine, there was absolutely no crash in the market. Why would now be any different?",Ukraine|Russia|Russian|invasion,available,False,True,True,True,True,True,True,False,False,True,False,True,True,multiple_paths,geopolitical_crisis_financial,False
sss0wd,2022-02-15,StockMarket,Is it safe to assume oil prices will rise with Russia threatening to invade the Ukraine?,Ukraine|Russia,removed,True,True,True,True,True,True,True,False,False,True,False,True,True,multiple_paths,geopolitical_crisis_financial,False
ssyn76,2022-02-15,stocks,Russia returns some troops to base in areas near Ukraine,Ukraine|Russia|Russian|Putin|Kyiv|Moscow|invasion|sanctions|NATO,available,False,True,True,True,True,True,True,False,False,True,False,True,True,multiple_paths,geopolitical_crisis_financial,False
ssyoh3,2022-02-15,StockMarket,Russia returns some troops to base in areas near Ukraine,Ukraine|Russia,deleted,True,True,True,True,True,False,True,False,False,True,False,False,True,excluded,geopolitical_crisis_financial,True
ssyuh9,2022-02-15,StockMarket,Stock futures jump on report that Russia is returning some troops to bases,Russia,blank,True,False,True,True,True,True,True,False,False,True,False,True,True,russia_conflict_financial,geopolitical_crisis_financial,False
ssz49v,2022-02-15,StockMarket,Russia pulls back its troops from the Ukraine border,Ukraine|Russia,blank,True,True,True,True,True,False,False,False,False,False,False,False,False,excluded,excluded,False
st00pv,2022-02-15,StockMarket,Share market recovers 3% as there is good news coming from Russia army increasing 1736 points,Russia,blank,True,False,True,False,False,True,True,False,False,False,False,False,False,excluded,excluded,False
st2ii4,2022-02-15,StockMarket,Here's Your Daily Market Brief For February 15th,Ukraine|Russia|Russian|invasion,available,False,True,True,True,True,True,True,False,False,True,False,True,True,multiple_paths,geopolitical_crisis_financial,False
st2yi8,2022-02-15,StockMarket,(2/15) Tuesday's Pre-Market Stock Movers & News,Ukraine|Ukrainian|Russia|Russian|Kyiv|invasion,available,False,True,True,True,True,True,True,False,False,True,False,True,True,multiple_paths,geopolitical_crisis_financial,False
st2zhx,2022-02-15,stocks,(2/15) Tuesday's Pre-Market Stock Movers & News,Ukraine|Ukrainian|Russia|Russian|Kyiv|invasion,available,False,True,True,True,True,True,True,False,False,True,False,True,True,multiple_paths,geopolitical_crisis_financial,False
st8l1g,2022-02-15,investing,Russian invasion investment plays,Russian|invasion,removed,True,False,True,True,True,True,True,False,False,True,False,True,True,russia_conflict_financial,geopolitical_crisis_financial,False
stc5gu,2022-02-15,investing,Effects of a Russian Invasion on European Large-Cap stocks?,Russian|invasion,removed,True,False,True,True,True,True,True,False,False,True,False,True,True,russia_conflict_financial,geopolitical_crisis_financial,False
stcvc5,2022-02-15,StockMarket,US accuses financial website of spreading Russian propaganda,Russian,blank,True,False,True,False,False,True,True,False,False,False,False,False,False,excluded,excluded,False
sth0f5,2022-02-15,StockMarket,"Here is a Market Recap for today Tuesday, Feb 15, 2022",Ukraine|Russia|Russian|Putin|Moscow|NATO,available,False,True,True,True,True,True,True,False,False,True,False,True,True,multiple_paths,geopolitical_crisis_financial,False
stutl4,2022-02-16,StockMarket,Here's Your Daily Market Brief For February 17th,Ukraine|Ukrainian|Russia|Russian|invasion|NATO,available,False,True,True,True,True,True,True,False,False,True,False,True,True,multiple_paths,geopolitical_crisis_financial,False
stw8a7,2022-02-16,StockMarket,(2/16) Wednesday's Pre-Market Stock Movers & News,Ukraine|Ukrainian|Russia|Russian|sanctions|NATO,available,False,True,True,True,True,True,True,False,False,True,False,True,True,multiple_paths,geopolitical_crisis_financial,False
stw9kr,2022-02-16,stocks,(2/16) Wednesday's Pre-Market Stock Movers & News,Ukraine|Ukrainian|Russia|Russian|sanctions|NATO,available,False,True,True,True,True,True,True,False,False,True,False,True,True,multiple_paths,geopolitical_crisis_financial,False
stwy68,2022-02-16,StockMarket,"Morning Update for Wednesday, 2/16/22",Russian|invasion,available,False,False,True,True,True,True,True,False,False,True,False,True,True,russia_conflict_financial,geopolitical_crisis_financial,False
su8mti,2022-02-16,StockMarket,"Here is a Market Recap for today Wednesday, Feb 16, 2022. Wild day",Russian,available,False,False,True,True,True,True,True,False,False,True,False,True,True,russia_conflict_financial,geopolitical_crisis_financial,False
suonte,2022-02-17,StockMarket,(2/17) Thursday's Pre-Market Stock Movers & News,Ukraine|Ukrainian|Russia|Russian|NATO,available,False,True,True,True,True,True,True,False,False,True,False,True,True,multiple_paths,geopolitical_crisis_financial,False
suop45,2022-02-17,stocks,(2/17) Thursday's Pre-Market Stock Movers & News,Ukraine|Ukrainian|Russia|Russian|NATO,available,False,True,True,True,True,True,True,False,False,True,False,True,True,multiple_paths,geopolitical_crisis_financial,False
suoq1p,2022-02-17,StockMarket,Here's Your Daily Market Brief For February 17th,Ukraine|Ukrainian|Russia|Russian|Moscow,available,False,True,True,True,True,True,True,False,False,True,False,True,True,multiple_paths,geopolitical_crisis_financial,False
supbgr,2022-02-17,StockMarket,Ukraine accuses pro-Russia rebels of attacking village near border,Ukraine|Russia,blank,True,True,True,False,False,False,False,False,False,False,False,False,False,excluded,excluded,False
supsuu,2022-02-17,StockMarket,"Morning Update for Thursday, 2/17/22",Ukraine|Russia,available,False,True,True,False,True,True,True,False,False,True,False,True,True,direct_ukraine_financial,geopolitical_crisis_financial,False
surt2n,2022-02-17,stocks,Thoughts and opinions on AVNW?,Russia,available,False,False,True,False,False,True,True,False,False,False,False,False,False,excluded,excluded,False
sushxc,2022-02-17,stocks,Today I learnt a painful lesson!,Ukraine,available,False,True,False,False,True,True,True,False,False,True,False,True,True,direct_ukraine_financial,geopolitical_crisis_financial,False
sut5zy,2022-02-17,stocks,Dow drops over 400 points as Biden warns Russia invasion of Ukraine could come in next ‘several days’,Ukraine|Ukrainian|Russia|Russian|Putin|Moscow|invasion|NATO,available,False,True,True,True,True,True,True,False,False,True,False,True,True,multiple_paths,geopolitical_crisis_financial,False
suxh4e,2022-02-17,StockMarket,"Reuters: Gold jumps, stocks stumble as Ukraine crisis worsens",Ukraine,blank,True,True,False,False,True,True,True,False,False,True,False,True,True,direct_ukraine_financial,geopolitical_crisis_financial,False
sv171w,2022-02-17,StockMarket,"Here is a Market Recap for today Thursday, February 17, 2022",Ukraine|Ukrainian|Russia|Russian|Kyiv|invasion,available,False,True,True,True,True,True,True,False,False,True,False,True,True,multiple_paths,geopolitical_crisis_financial,False
sv7xou,2022-02-18,investing,How to profit from Ukrain and Russian relations,Russian,removed,True,False,True,False,False,False,True,False,False,False,False,False,False,excluded,excluded,False
svj336,2022-02-18,StockMarket,"Morning Update for Friday, 2/18/22",Ukraine|Russia|Russian|invasion|sanctions,available,False,True,True,True,True,True,True,False,False,True,False,True,True,multiple_paths,geopolitical_crisis_financial,False
svk53x,2022-02-18,stocks,Expect big-time volatility today. Don't get carried away with the initial gains...,Ukraine,available,False,True,False,False,False,True,True,False,False,False,False,True,False,direct_ukraine_financial,excluded,True
svlexz,2022-02-18,investing,DraftKings ($DKNG) and UpStart ($UPST) release updated risk factors,Ukraine,available,False,True,False,False,False,True,True,False,False,False,False,True,False,direct_ukraine_financial,excluded,True
svlgqy,2022-02-18,stocks,DraftKings ($DKNG) and Upstart ($UPST) release updated risk factors,Ukraine,available,False,True,False,False,False,True,True,False,False,False,False,True,False,direct_ukraine_financial,excluded,True
svngsk,2022-02-18,stocks,Explain it to me like i'm five,Ukraine|Russia,available,False,True,True,False,True,True,True,False,False,True,False,True,True,direct_ukraine_financial,geopolitical_crisis_financial,False
svqjr5,2022-02-18,stocks,"If Russia invades Ukraine, so what?",Ukraine|Russia,deleted,True,True,True,True,True,False,False,False,False,False,False,False,False,excluded,excluded,False
svrtfz,2022-02-18,investing,Is Intel a buy with war in Ukraine??,Ukraine,removed,True,True,False,True,True,False,True,False,False,True,False,False,True,excluded,geopolitical_crisis_financial,True
svthaf,2022-02-18,stocks,OIL prices with regard to Iran Nuclear Deal and tension Russia - Ukraine,Ukraine|Russia,removed,True,True,True,False,True,True,True,False,False,True,False,True,True,direct_ukraine_financial,geopolitical_crisis_financial,False
svuz8g,2022-02-18,StockMarket,"Here is a Market Recap for today Friday, February 18, 2022",Ukraine|Russia|Russian|Putin|Kyiv|invasion|NATO,available,False,True,True,True,True,True,True,False,False,True,False,True,True,multiple_paths,geopolitical_crisis_financial,False
svvsns,2022-02-18,stocks,"Stock market has ""bottomed"" 5 out of 5 times just right before the invasion... people need to calm down",invasion,available,False,False,False,True,True,True,True,False,False,False,False,False,False,excluded,excluded,False
svxam6,2022-02-19,StockMarket,Will Russia go to war in Ukraine,Ukraine|Russia,removed,True,True,True,True,True,False,False,False,False,False,False,False,False,excluded,excluded,False
sw13cg,2022-02-19,stocks,Let’s chat cybersecurity,Russia|NATO,available,False,False,True,True,True,True,True,False,False,True,False,True,True,russia_conflict_financial,geopolitical_crisis_financial,False
sw1sk4,2022-02-19,StockMarket,"Wall Street Week Ahead for the trading week beginning February 21st, 2022",Ukraine|Russia|Russian|Moscow|invasion|sanctions,available,False,True,True,True,True,True,True,False,False,True,False,True,True,multiple_paths,geopolitical_crisis_financial,False
sw1uge,2022-02-19,stocks,"Wall Street Week Ahead for the trading week beginning February 21st, 2022",Ukraine|Russia|Russian|Moscow|invasion|sanctions,available,False,True,True,True,True,True,True,False,False,True,False,True,True,multiple_paths,geopolitical_crisis_financial,False
sw22s2,2022-02-19,stocks,Stock market news live updates: Stocks extend losses as Russia-Ukraine tensions build,Ukraine|Russia,removed,True,True,True,False,True,True,True,False,False,True,False,True,True,direct_ukraine_financial,geopolitical_crisis_financial,False
sw23om,2022-02-19,stocks,Dow drops more than 600 points as Russia-Ukraine tensions weigh on markets,Ukraine|Russia,removed,True,True,True,False,True,True,True,False,False,True,False,True,True,direct_ukraine_financial,geopolitical_crisis_financial,False
sw2svv,2022-02-19,stocks,Freedom Index weighed emerging market ETF: FRDM,Russia|Russian,available,False,False,True,False,False,True,True,False,False,False,False,False,False,excluded,excluded,False
sw4b5n,2022-02-19,stocks,European markets cautious as Russia-Ukraine crisis develops,Ukraine|Russia,removed,True,True,True,False,True,True,True,False,False,True,False,True,True,direct_ukraine_financial,geopolitical_crisis_financial,False
sw5ora,2022-02-19,investing,RU-UA looming war - what to invest in?,Russia|sanctions,available,False,False,True,True,True,True,True,False,False,True,False,True,True,russia_conflict_financial,geopolitical_crisis_financial,False
sw76mr,2022-02-19,investing,Investing and the current Ukraine crisis,Ukraine,removed,True,True,False,False,True,True,True,False,False,True,False,True,True,direct_ukraine_financial,geopolitical_crisis_financial,False
sw8kax,2022-02-19,stocks,Is the stock market being used as a modern battleground?,Ukraine|Russia|Putin,available,False,True,True,True,True,True,True,False,False,True,False,True,True,multiple_paths,geopolitical_crisis_financial,False
swal0p,2022-02-19,stocks,This Russia invasion scare has been happening every year since 2015. Is this year really different? Links to articles below Thoughts?,Russia|invasion,removed,True,False,True,True,True,False,False,False,False,False,False,False,False,excluded,excluded,False
swfnob,2022-02-19,stocks,What industries and stocks will benefit from a U.S./European war with Russia in Ukraine?,Ukraine|Russia,removed,True,True,True,True,True,True,True,False,False,True,False,True,True,multiple_paths,geopolitical_crisis_financial,False
swfz17,2022-02-19,stocks,German Chancellor rejects calls to sanction Russia now — argues the West should keep Putin guessing,Russia|Putin,removed,True,False,True,True,True,False,False,False,False,False,False,False,False,excluded,excluded,False
swgkw1,2022-02-19,stocks,"How will stocks like AMD, NVDA be affected if Russia invades Ukraine?",Ukraine|Russia,available,False,True,True,True,True,True,True,False,False,True,False,True,True,multiple_paths,geopolitical_crisis_financial,False
swh31m,2022-02-19,investing,What would happen to the stock market if Russia was to invade Ukraine further?,Ukraine|Russia|Russian|invasion,available,False,True,True,True,True,True,True,False,False,True,False,True,True,multiple_paths,geopolitical_crisis_financial,False
swh995,2022-02-19,StockMarket,How could the conflict between Russia and Ukraine hit global markets?... Here illustration,Ukraine|Russia,blank,True,True,True,True,True,True,True,False,False,True,False,True,True,multiple_paths,geopolitical_crisis_financial,False
swmq8x,2022-02-19,investing,Would it be legal if the the Kremlin buys SPY PUTS before invading Ukraine?,Ukraine,removed,True,True,True,True,True,False,False,False,False,False,False,False,False,excluded,excluded,False
sx443g,2022-02-20,stocks,"Invested a lot of money into OILU leveraged etf, here is my honest opinion and I want your thoughts?",Ukraine|Putin,available,False,True,True,True,True,True,True,False,False,True,False,True,True,multiple_paths,geopolitical_crisis_financial,False
sx618f,2022-02-20,stocks,War Profiteering Stocks,Russian|invasion,available,False,False,True,True,True,True,True,False,False,True,False,True,True,russia_conflict_financial,geopolitical_crisis_financial,False
sxbt9p,2022-02-20,stocks,Whats wrong with Ukraine NOT joining NATO and Russia accepts not to invade Ukraine ever ?,Ukraine|Russia|NATO,removed,True,True,True,True,True,False,False,False,False,False,False,False,False,excluded,excluded,False
sxe73d,2022-02-20,stocks,What to do in the face of extreme uncertainty?,Russia,available,False,False,True,True,True,True,True,False,False,True,False,True,True,russia_conflict_financial,geopolitical_crisis_financial,False
sxebr3,2022-02-20,stocks,Let's talk about overvaluation,Ukraine|Russia,available,False,True,True,True,True,True,True,False,False,True,False,True,True,multiple_paths,geopolitical_crisis_financial,False
sxefab,2022-02-20,stocks,Russian “mega caps” or no?,Ukraine|Russia|Russian|sanctions,available,False,True,True,True,True,True,True,False,False,True,False,True,True,multiple_paths,geopolitical_crisis_financial,False
sxhfw7,2022-02-21,StockMarket,"Stock futures reverse early losses as Biden, Putin agree ‘in principle’ to summit",Putin,blank,True,False,True,False,False,True,True,False,False,False,False,False,False,excluded,excluded,False
sxi55o,2022-02-21,investing,What are you doing to hedge or make money from the russian invasion?,Russian|invasion,removed,True,False,True,True,True,False,True,False,False,True,False,False,True,excluded,geopolitical_crisis_financial,True
sxinf1,2022-02-21,stocks,"Do you think Cathie Wood is right to say: ""the idea of shorting innovation is, in America, ridiculous I think.""",Ukraine|Russian,available,False,True,True,False,True,True,True,False,False,True,False,True,True,direct_ukraine_financial,geopolitical_crisis_financial,False
sxl9g8,2022-02-21,investing,Russian Banking System to be Closed Off From USD if Russia Invades Ukraine (Reuters),Ukraine|Russia|Russian|Putin|sanctions,available,False,True,True,True,True,True,True,False,False,True,False,True,True,multiple_paths,geopolitical_crisis_financial,False
sxmq24,2022-02-21,stocks,U.S. Futures Rise on Proposed Biden-Putin Summit: Markets Wrap,Putin,removed,True,False,True,False,False,True,True,False,False,False,False,False,False,excluded,excluded,False
sxu85z,2022-02-21,StockMarket,Russia War with Ukraine- Brinkmanship or For Real?,Ukraine|Russia,removed,True,True,True,True,True,False,False,False,False,False,False,False,False,excluded,excluded,False
sxw632,2022-02-21,investing,Could this be it? RUSSIA - NATO - OIL,Russia|NATO,removed,True,False,True,True,True,True,True,False,False,True,False,True,True,russia_conflict_financial,geopolitical_crisis_financial,False
sxykcj,2022-02-21,stocks,Russian Market Crash,Russian,removed,True,False,True,False,False,True,True,False,False,False,False,False,False,excluded,excluded,False
sy0mly,2022-02-21,stocks,"Kremlin sais they will recognise the Seperatist Republics in Ukraine, bringing guaranteed sanctions from the EU.",Ukraine|sanctions,removed,True,True,True,True,True,False,False,False,False,False,False,False,False,excluded,excluded,False
sy0osm,2022-02-21,StockMarket,Russia to recognize 2 separatists controlled Ukrainian regions,Ukrainian|Russia,blank,True,True,True,False,False,False,False,False,False,False,False,False,False,excluded,excluded,False
sy2voq,2022-02-21,stocks,How long until market starts setting ATHs if you had to guess?,Russia,available,False,False,True,False,False,True,True,False,False,False,False,False,False,excluded,excluded,False
sy2zkf,2022-02-21,investing,"Ukraine - Russia situation, what to invest in?",Ukraine|Russia,removed,True,True,True,False,False,False,False,False,False,False,False,False,False,excluded,excluded,False
sy3dv9,2022-02-21,stocks,Is the Ukraine-Russia situation the next Evergrande?,Ukraine|Russia,available,False,True,True,False,False,True,True,False,False,False,False,True,False,direct_ukraine_financial,excluded,True
sy47jc,2022-02-21,stocks,Europe Futures down tremendously after Putin speech,Putin,removed,True,False,True,False,False,True,True,False,False,False,False,False,False,excluded,excluded,False
sy5k2v,2022-02-21,stocks,Putin has ordered Russian troops to enter Ukraine - FT,Ukraine|Russian|Putin,removed,True,True,True,True,True,False,False,False,False,False,False,False,False,excluded,excluded,False
sy6lex,2022-02-21,stocks,"Brent at $97, will a war in Russia trigger larger sell off or limit down morning",Russia,available,False,False,True,True,True,True,True,False,False,True,False,True,True,russia_conflict_financial,geopolitical_crisis_financial,False
sy6u2l,2022-02-21,stocks,War stocks and war,Russia,available,False,False,True,True,True,True,True,False,False,True,False,True,True,russia_conflict_financial,geopolitical_crisis_financial,False
sy759u,2022-02-21,stocks,Can dividend payments of russian stocks be disrupted if (financial) sanctions are placed against russia?,Ukraine|Russia|Russian|sanctions,available,False,True,True,True,True,True,True,False,False,True,False,True,True,multiple_paths,geopolitical_crisis_financial,False
sy78ir,2022-02-21,stocks,The US and Russia aren’t going to war,Russia,removed,True,False,True,True,True,False,False,False,False,False,False,False,False,excluded,excluded,False
sy7mvx,2022-02-21,stocks,Dow futures drop more than 400 points as tensions between Russia and Ukraine brew…. Tech down 2.5%,Ukraine|Russia|Russian|Putin|sanctions,available,False,True,True,True,True,True,True,False,False,True,False,True,True,multiple_paths,geopolitical_crisis_financial,False
sy7n4e,2022-02-21,stocks,"Bloody day tomorrow, hopefully just in the markets.",Ukraine|Russia,available,False,True,True,True,True,True,True,False,False,True,False,True,True,multiple_paths,geopolitical_crisis_financial,False
sy87fn,2022-02-21,stocks,Boycotting Russian stocks/goods,Russian,removed,True,False,True,False,False,True,True,False,False,False,False,False,False,excluded,excluded,False
syc73s,2022-02-22,StockMarket,It’s happening: Putin orders Russian troops to Ukraine after recognising breakaway regions,Ukraine|Russian|Putin,blank,True,True,True,True,True,False,False,False,False,False,False,False,False,excluded,excluded,False
sychow,2022-02-22,StockMarket,TA- Russian T-72 MBTs have invaded the SPY‼️,Russian,deleted,True,False,True,True,True,False,False,False,False,False,False,False,False,excluded,excluded,False
sycjd5,2022-02-22,investing,How much pain will Russia face if its hydrocarbon exports to Europe are partially cut off in some fashion?,Ukraine|Russia,available,False,True,True,True,True,True,True,False,False,True,False,True,True,multiple_paths,geopolitical_crisis_financial,False
sycu86,2022-02-22,StockMarket,"Sitting in $ddog over the weekend, already licking wounds, now terrified of tomorrow after weekend of Russia-Ukraine news. What in the world do I do?!",Ukraine|Russia,removed,True,True,True,False,False,False,False,False,False,False,False,False,False,excluded,excluded,False
syggli,2022-02-22,stocks,Wanting to short Russian currency and economy,Russian,removed,True,False,True,False,False,True,True,False,False,False,False,False,False,excluded,excluded,False
sygjdx,2022-02-22,investing,"My prediction was correct, the Great Wheeze is here",Ukraine|Russia|Russian|Putin|sanctions,available,False,True,True,True,True,True,True,False,False,True,False,True,True,multiple_paths,geopolitical_crisis_financial,False
syjpok,2022-02-22,StockMarket,Markets brace for heavy falls as Russia-Ukraine crisis escalates,Ukraine|Russia,blank,True,True,True,False,True,True,True,False,False,True,False,True,True,direct_ukraine_financial,geopolitical_crisis_financial,False
syk367,2022-02-22,stocks,Looking for Russian Investors/Spare-time analysts,Russian,removed,True,False,True,False,False,True,True,False,False,False,False,False,False,excluded,excluded,False
syk47b,2022-02-22,StockMarket,Looking for investors/spare-time analysts with a russian background,Russian,removed,True,False,True,False,False,True,True,False,False,False,False,False,False,excluded,excluded,False
sykmfm,2022-02-22,stocks,WASH SALE: If I if I have Stock for Microsoft that I own and currently to take profit and then buy it again,Ukraine,available,False,True,False,False,False,True,True,False,False,False,False,True,False,direct_ukraine_financial,excluded,True
sykxlk,2022-02-22,StockMarket,Russia / Ukraine War Has Begun | Putin orders Russian troops into Ukraine separatist regions,Ukraine|Russia|Russian|Putin,blank,True,True,True,True,True,False,False,False,False,False,False,False,False,excluded,excluded,False
sykzjg,2022-02-22,StockMarket,MOEX and European Stocks Plummet as Putin Recognizes Ukraine Separatists,Ukraine|Putin,blank,True,True,True,False,False,True,True,False,False,False,False,True,False,direct_ukraine_financial,excluded,True
syl285,2022-02-22,stocks,War in Russia should be a bullish news,Russia,removed,True,False,True,True,True,False,False,False,False,False,False,False,False,excluded,excluded,False
synegr,2022-02-22,investing,Short RUSL – Biggest potential for profits,Ukraine|Russia|Russian|invasion,available,False,True,True,True,True,True,True,False,False,True,False,True,True,multiple_paths,geopolitical_crisis_financial,False
synkl5,2022-02-22,StockMarket,(2/22) Tuesday's Pre-Market Stock Movers & News,Ukraine|Russia|Russian|Putin|invasion|sanctions,available,False,True,True,True,True,True,True,False,False,True,False,True,True,multiple_paths,geopolitical_crisis_financial,False
synm3s,2022-02-22,stocks,(2/22) Tuesday's Pre-Market Stock Movers & News,Ukraine|Russia|Russian|Putin|invasion|sanctions,available,False,True,True,True,True,True,True,False,False,True,False,True,True,multiple_paths,geopolitical_crisis_financial,False
syooq7,2022-02-22,StockMarket,"Morning Update for Tuesday, 2/22/22",Ukraine|Russia|Russian|Putin|sanctions,available,False,True,True,True,True,True,True,False,False,True,False,True,True,multiple_paths,geopolitical_crisis_financial,False
syopu2,2022-02-22,stocks,Russia will lose their European LNG market share,Ukraine|Russia|Russian|sanctions,available,False,True,True,True,True,True,True,False,False,True,False,True,True,multiple_paths,geopolitical_crisis_financial,False
sypx50,2022-02-22,stocks,Could Microsoft shut down Russia?,Russia,removed,True,False,True,False,False,False,False,False,False,False,False,False,False,excluded,excluded,False
sypxqs,2022-02-22,StockMarket,Escalating Russia-Ukraine crisis ripples through markets - Mosttraded.com,Ukraine|Russia,blank,True,True,True,False,True,True,True,False,False,True,False,True,True,direct_ukraine_financial,geopolitical_crisis_financial,False
syq56f,2022-02-22,StockMarket,"Russia this, Ukraine that, stock market scared - What the hell is even going on?",Ukraine|Russia,blank,True,True,True,False,False,True,True,False,False,False,False,True,False,direct_ukraine_financial,excluded,True
syqcp4,2022-02-22,stocks,"In theory, would it be possible for Microsoft to shut down all Russian versions of their OS? What would the backlash be?",Russian,removed,True,False,True,False,False,False,False,False,False,False,False,False,False,excluded,excluded,False
sysniy,2022-02-22,stocks,"Information on Geopolitics, Geology, O&G and Russia/Ukraine.",Ukraine|Russia,available,False,True,True,True,True,True,True,False,False,True,False,True,True,multiple_paths,geopolitical_crisis_financial,False
syss2v,2022-02-22,investing,GS Strategists Seeing Further 6% Decline In S&P From Friday's Close if Ukraine Conflict Worsens,Ukraine|Russia|Russian|Putin|invasion|sanctions,available,False,True,True,True,True,True,True,False,False,True,False,True,True,multiple_paths,geopolitical_crisis_financial,False
syt3vw,2022-02-22,stocks,Is it a good time to buy the dip during the Russia and Ukraine crisis?,Ukraine|Russia,removed,True,True,True,False,True,False,True,False,False,True,False,False,True,excluded,geopolitical_crisis_financial,True
sywaso,2022-02-22,stocks,"Russian Stocks, Ruble Rebound as Sanctions Seen Muted So Far",Russian|sanctions,removed,True,False,True,True,True,True,True,False,False,True,False,True,True,russia_conflict_financial,geopolitical_crisis_financial,False
sywcxv,2022-02-22,StockMarket,"Hey guys, recently the market has been a struggle since the inflation and Russia incident. I have about 170 bucks left to invest and BELOW is my portfolio so far. Is there a specific stock in my portfolio you would buy more shares or another company?",Russia,blank,True,False,True,False,False,True,True,False,False,False,False,False,False,excluded,excluded,False
syyfuw,2022-02-22,stocks,Russia / Ukraine Conflict: Stock Options,Ukraine|Russia,available,False,True,True,True,True,True,True,False,False,True,False,True,True,multiple_paths,geopolitical_crisis_financial,False
syyszu,2022-02-22,stocks,How will the Russian conflict Affect the housing rate in the US?,Russian,deleted,True,False,True,True,True,False,False,False,False,False,False,False,False,excluded,excluded,False
syyxww,2022-02-22,StockMarket,"Daily Market Recap - Tuesday, February 22, 2022.",Ukraine|Russia|Russian|Putin|Moscow|invasion|sanctions,available,False,True,True,True,True,True,True,True,False,True,False,True,True,multiple_paths,geopolitical_crisis_financial,False
syzoi2,2022-02-22,stocks,WHY the world needs Electric Vehicles BADLY in light of the Ukraine-Russia Crisis and super high inflation!,Ukraine|Russia|Russian|Putin|invasion|sanctions,available,False,True,True,True,True,True,True,False,False,True,False,True,True,multiple_paths,geopolitical_crisis_financial,False
sz0och,2022-02-22,investing,I am from Lithuania. Is starting investing right now smart with what is happening in Ukraine?,Ukraine,available,False,True,False,True,True,True,True,False,False,True,False,True,True,direct_ukraine_financial,geopolitical_crisis_financial,False
sz2ajo,2022-02-22,stocks,Are my Russian bonds after the sanctions now worthless?,Russian|sanctions,available,False,False,True,True,True,True,True,True,False,True,False,True,True,multiple_paths,geopolitical_crisis_financial,False
sz5yix,2022-02-23,stocks,Russian Equities,Russia|Russian|sanctions,available,False,False,True,True,True,True,True,False,False,True,False,True,True,russia_conflict_financial,geopolitical_crisis_financial,False
szan41,2022-02-23,StockMarket,Federal Reserve Rate Hike On Russia Ukraine War Incursion. Interest Rate Policy In March,Ukraine|Russia,blank,True,True,True,True,True,True,True,False,False,True,False,True,True,multiple_paths,geopolitical_crisis_financial,False
szceea,2022-02-23,stocks,In-depth analysis: Maybe Putin already got what he wanted?,Putin,removed,True,False,True,False,False,False,False,False,False,False,False,False,False,excluded,excluded,False
szds0e,2022-02-23,stocks,World stocks bounce as investors eye Putin's next steps in Ukraine,Ukraine|Russia|Russian|Putin|Moscow|sanctions,available,False,True,True,True,True,True,True,False,False,True,False,True,True,multiple_paths,geopolitical_crisis_financial,False
sze4dh,2022-02-23,stocks,The war with Russia and Ukraine stock options,Ukraine|Russia,removed,True,True,True,True,True,True,True,False,False,True,False,True,True,multiple_paths,geopolitical_crisis_financial,False
szg69m,2022-02-23,stocks,Overcompliance?,Russia,available,False,False,True,False,False,True,True,False,False,False,False,False,False,excluded,excluded,False
szgrnt,2022-02-23,StockMarket,Here's Your Daily Market Brief For February 23rd,Ukraine|Russia|Russian|Moscow|invasion|sanctions,available,False,True,True,True,True,True,True,False,False,True,False,True,True,multiple_paths,geopolitical_crisis_financial,False
szgswk,2022-02-23,stocks,Berkshire Hathaway?,Russia,available,False,False,True,False,False,True,True,False,False,False,False,False,False,excluded,excluded,False
szha09,2022-02-23,stocks,Tinfoil hat time - can Russia Ukraine conflict be a catalyst for clean energy?,Ukraine|Russia,available,False,True,True,True,True,True,True,False,False,True,False,True,True,multiple_paths,geopolitical_crisis_financial,False
szi4e5,2022-02-23,StockMarket,JPMorgan: The confrontation between Russia and Ukraine could harm the US economy,Ukraine|Russia,blank,True,True,True,False,False,True,True,False,False,False,False,True,False,direct_ukraine_financial,excluded,True
sziitw,2022-02-23,StockMarket,"Morning Update for Wednesday, 2/23/22",Ukraine|Russia|invasion|sanctions,available,False,True,True,True,True,True,True,False,False,True,False,True,True,multiple_paths,geopolitical_crisis_financial,False
szikpt,2022-02-23,stocks,"After seeing how Russia took Ukrainian territory, China is looking to take Taiwan. Extra risk for investors.",Ukrainian|Russia,removed,True,True,True,False,False,True,True,False,False,False,False,True,False,direct_ukraine_financial,excluded,True
szjq8h,2022-02-23,investing,Any opinions on Russian ETF ERUS?,Russian,removed,True,False,True,False,False,True,True,False,False,False,False,False,False,excluded,excluded,False
szjugn,2022-02-23,investing,Any Opinions on Russian ETF ERUS?,Ukraine|Russia|Russian,available,False,True,True,False,False,True,True,False,False,False,False,True,False,direct_ukraine_financial,excluded,True
szm3nv,2022-02-23,stocks,Why I'm Bearish,Russia,available,False,False,True,True,True,True,True,False,False,True,False,True,True,russia_conflict_financial,geopolitical_crisis_financial,False
szm8o7,2022-02-23,stocks,"After Russia took Ukrainian territory, China is looking to take Taiwan. Extra risk for investors in TSM and fabless semiconductor companies.",Ukrainian|Russia,removed,True,True,True,False,False,True,True,False,False,False,False,True,False,direct_ukraine_financial,excluded,True
szmbyf,2022-02-23,stocks,Russian Invasion for Ukraine affection US Oil Supply,Ukraine|Russia|Russian|invasion|sanctions,available,False,True,True,True,True,True,True,False,False,True,False,True,True,multiple_paths,geopolitical_crisis_financial,False
sznhwu,2022-02-23,stocks,Here's why I'm Bearish,Ukraine,available,False,True,False,False,False,True,True,False,False,False,False,True,False,direct_ukraine_financial,excluded,True
szo70v,2022-02-23,StockMarket,Effects of Putin's re-invasion of Ukraine so far,Ukraine|Putin|invasion,blank,True,True,True,True,True,False,False,False,False,False,False,False,False,excluded,excluded,False
szraof,2022-02-23,investing,A neat tool that visualizes what products were exported from Ukraine over a selected year...may be a good way to analyze how geopolitical issues affect different countries,Ukraine,blank,True,True,False,False,False,False,False,False,False,False,False,False,False,excluded,excluded,False
szsbv2,2022-02-23,StockMarket,Any way to profit from this whole Russia Ukraine saga?,Ukraine|Russia,removed,True,True,True,False,False,False,True,False,False,False,False,False,False,excluded,excluded,False
szse9m,2022-02-23,stocks,Read that breakaway regions in Ukraine just asked Russia to officially help them repel Ukraine militarily.,Ukraine|Russia,available,False,True,True,False,False,True,True,False,False,False,False,True,False,direct_ukraine_financial,excluded,True
sztp66,2022-02-23,investing,Investing in Ukraine. Shall we?,Ukraine,deleted,True,True,False,False,False,True,True,False,False,False,False,True,False,direct_ukraine_financial,excluded,True
szxk6j,2022-02-24,stocks,Will XLE be impacted by gas shortages from Russia?,Russia,removed,True,False,True,False,False,True,True,False,False,False,False,False,False,excluded,excluded,False
szxlow,2022-02-24,investing,Which markets are you investing in during the Russia and Ukraine conflict?,Ukraine|Russia,removed,True,True,True,True,True,True,True,False,False,True,False,True,True,multiple_paths,geopolitical_crisis_financial,False
szxu4i,2022-02-24,stocks,Ukraine Russia,Ukraine|Russia,removed,True,True,True,False,False,False,False,False,False,False,False,False,False,excluded,excluded,False
szz3bq,2022-02-24,stocks,"US Senator Marco Rubio: ""The #Russian invasion of #Ukraine is now underway""",Ukraine|Russian|invasion,removed,True,True,True,True,True,False,False,False,False,False,False,False,False,excluded,excluded,False
t009dd,2022-02-24,stocks,Putin says Russia will launch a military action in eastern Ukraine!! Dow futures tank 500 points on news,Ukraine|Russia|Russian|Putin|Moscow|sanctions,available,False,True,True,True,True,True,True,False,False,True,False,True,True,multiple_paths,geopolitical_crisis_financial,False
t00xkk,2022-02-24,StockMarket,Putin announces ‘Special Military Operation’ in Ukraine. Market is already bleeding.,Ukraine|Putin,blank,True,True,True,True,True,True,True,False,False,True,False,True,True,multiple_paths,geopolitical_crisis_financial,False
t00xyw,2022-02-24,stocks,Dow futures drop 800 points after Russia announces military action against Ukraine,Ukraine|Russia,deleted,True,True,True,True,True,True,True,False,False,True,False,True,True,multiple_paths,geopolitical_crisis_financial,False
t015yf,2022-02-24,investing,Is the market acting like the Russian invasion of Ukraine is inevitable?,Ukraine|Russia|Russian|invasion,available,False,True,True,True,True,True,True,False,False,True,False,True,True,multiple_paths,geopolitical_crisis_financial,False
t01dub,2022-02-24,stocks,Dow futures drop 700 points after Russia announces military action against Ukraine,Ukraine|Russia,removed,True,True,True,True,True,True,True,False,False,True,False,True,True,multiple_paths,geopolitical_crisis_financial,False
t01wim,2022-02-24,investing,Russia invades Ukraine - your thoughts on premarket and the coming session?,Ukraine|Russia,removed,True,True,True,True,True,False,False,False,False,False,False,False,False,excluded,excluded,False
t024b9,2022-02-24,stocks,Russia War. Stocks nose dive,Russia,deleted,True,False,True,True,True,True,True,False,False,True,False,True,True,russia_conflict_financial,geopolitical_crisis_financial,False
t027z5,2022-02-24,stocks,My theory on tech stocks given Russia,Ukraine|Russia,available,False,True,True,True,True,True,True,True,False,True,False,True,True,multiple_paths,geopolitical_crisis_financial,False
t02nhy,2022-02-24,investing,Moscow Exchange closed indefinitely,Moscow,removed,True,False,True,False,False,False,False,False,False,False,False,False,False,excluded,excluded,False
t033bu,2022-02-24,StockMarket,"Crude oil surges to $100 a barrel for the first time since 2014, while natural gas soars after Russian attack on Ukraine",Ukraine|Russian,deleted,True,True,True,False,True,True,True,False,False,True,False,True,True,direct_ukraine_financial,geopolitical_crisis_financial,False
t0345l,2022-02-24,stocks,What are market impact of sanctions on China?,Ukraine|Russia|sanctions,available,False,True,True,True,True,True,True,False,False,True,False,True,True,multiple_paths,geopolitical_crisis_financial,False
t039f6,2022-02-24,investing,Moscow Exchange Suspended,Moscow,removed,True,False,True,False,False,False,False,False,False,False,False,False,False,excluded,excluded,False
t03o0u,2022-02-24,stocks,"With Russia invading Ukraine, what are the odds that everyone already sold the rumor and will buy the news?",Ukraine|Russia|invasion,available,False,True,True,True,True,True,True,False,False,True,False,True,True,multiple_paths,geopolitical_crisis_financial,False
t03zlo,2022-02-24,stocks,"What happens to RSX (VanEck Russian index ETF, on CBOE (American) exchange) if owning Russian securities is banned due to sanctions?",Russian|sanctions,available,False,False,True,True,True,True,True,False,False,True,False,True,True,russia_conflict_financial,geopolitical_crisis_financial,False
t042xm,2022-02-24,stocks,You guys learned nothing from Covid,Ukraine,available,False,True,False,True,True,True,True,False,False,True,False,True,True,direct_ukraine_financial,geopolitical_crisis_financial,False
t04o58,2022-02-24,StockMarket,Some great advice from a US News & World Report investments writer for those thinking about panic selling due to the Ukraine invasion:,Ukraine|invasion,deleted,True,True,False,True,True,False,True,False,False,True,False,False,True,excluded,geopolitical_crisis_financial,True
t04oz1,2022-02-24,StockMarket,Putin warned everyone who gets in his war will suffer consequences like never before in their history,Putin,blank,True,False,True,True,True,False,False,False,False,False,False,False,False,excluded,excluded,False
t04vw5,2022-02-24,stocks,Russia vs the World (Which stocks to buy/avoid),Russia,removed,True,False,True,False,False,True,True,False,False,False,False,False,False,excluded,excluded,False
t04x7p,2022-02-24,stocks,Is it worth waiting to try and buy in lower ?,Ukraine,available,False,True,False,False,False,True,True,False,False,False,False,True,False,direct_ukraine_financial,excluded,True
t04ypf,2022-02-24,stocks,"Russia, Ukrain, semiconductors, oil, where do we all put our funds",Ukraine|Russia,available,False,True,True,True,True,True,True,False,False,True,False,True,True,multiple_paths,geopolitical_crisis_financial,False
t0599t,2022-02-24,StockMarket,"Russia’s Stocks Crash 28%, Central Bank Unveils Emergency Support - The Moscow Times",Russia|Moscow,blank,True,False,True,False,False,True,True,False,False,False,False,False,False,excluded,excluded,False
t059fo,2022-02-24,StockMarket,Moscow stock market plunges nearly 29%,Moscow,blank,True,False,True,False,False,True,True,False,False,False,False,False,False,excluded,excluded,False
t05dcs,2022-02-24,StockMarket,Russia's Biggest Exchange Suspends All Trading,Russia,blank,True,False,True,False,False,True,True,False,False,False,False,False,False,excluded,excluded,False
t05eex,2022-02-24,investing,Russia's stock exchange has lost over 30% of its value in the past 6 hours.,Russia,removed,True,False,True,False,False,True,True,False,False,False,False,False,False,excluded,excluded,False
t06s0g,2022-02-24,stocks,Selling Russia-based Mutual Funds - Net Asset Value,Russia|Russian|Moscow,available,False,False,True,False,False,True,True,False,False,False,False,False,False,excluded,excluded,False
t06x72,2022-02-24,investing,FTSE impacts given Russia/Ukraine,Ukraine|Russia,removed,True,True,True,False,False,False,False,False,False,False,False,False,False,excluded,excluded,False
t0769b,2022-02-24,stocks,When do you buy the next dip? (Ukraine War update),Ukraine,removed,True,True,False,True,True,False,True,False,False,True,False,False,True,excluded,geopolitical_crisis_financial,True
t076q3,2022-02-24,investing,When do you buy the next dip? (Ukraine War update),Ukraine,removed,True,True,False,True,True,False,True,False,False,True,False,False,True,excluded,geopolitical_crisis_financial,True
t07bj4,2022-02-24,investing,Which is the best Russia/MOEX ETF?,Russia,removed,True,False,True,False,False,True,True,False,False,False,False,False,False,excluded,excluded,False
t07e8v,2022-02-24,StockMarket,Buy the invasion,invasion,blank,True,False,False,True,True,False,True,False,False,False,False,False,False,excluded,excluded,False
t07nwq,2022-02-24,StockMarket,"Putin just did the new ""Big Short"" in the Moscow stock exchange. It's down 50% today, Putin shorted the market, with russian tax payers money!",Russian|Putin|Moscow,blank,True,False,True,False,False,True,True,False,False,False,False,False,False,excluded,excluded,False
t07qkt,2022-02-24,StockMarket,Ukraine crisis,Ukraine,removed,True,True,False,False,True,False,False,False,False,False,False,False,False,excluded,excluded,False
t07s83,2022-02-24,StockMarket,Do not panic: Even at the worst of times,Russian|invasion,available,False,False,True,True,True,True,True,False,False,True,False,True,True,russia_conflict_financial,geopolitical_crisis_financial,False
t07wo1,2022-02-24,investing,What's the deal with Ukraine,Ukraine,removed,True,True,False,False,False,False,False,False,False,False,False,False,False,excluded,excluded,False
t07x79,2022-02-24,stocks,What's the deal with Ukraine?,Ukraine,removed,True,True,False,False,False,False,False,False,False,False,False,False,False,excluded,excluded,False
t08r8p,2022-02-24,investing,What is your investment plan for the foreseeable future during these Russian Sales?,Russian,removed,True,False,True,False,False,True,True,False,False,False,False,False,False,excluded,excluded,False
t08s4j,2022-02-24,stocks,Russia Ukraine War - what to do with investments?,Ukraine|Russia,removed,True,True,True,True,True,False,False,False,False,False,False,False,False,excluded,excluded,False
t08vi9,2022-02-24,stocks,"Central bank in Russia has banned Short Selling, so...",Russia|Russian,available,False,False,True,False,False,True,True,False,False,False,False,False,False,excluded,excluded,False
t08wog,2022-02-24,stocks,Why has the NASDAQ 100 taken such a beating over this year to date?,Ukraine|Russia,available,False,True,True,False,False,True,True,False,False,False,False,True,False,direct_ukraine_financial,excluded,True
t092wf,2022-02-24,stocks,Why didn't the 2014 Crimea crisis drive down the US stock market and the 2022 Russia-Ukraine war did?,Ukraine|Russia,removed,True,True,True,True,True,True,True,False,False,True,False,True,True,multiple_paths,geopolitical_crisis_financial,False
t097ua,2022-02-24,investing,Buy opportunities Russia-Ukraine conflict,Ukraine|Russia|Russian,available,False,True,True,True,True,True,True,False,False,True,False,True,True,multiple_paths,geopolitical_crisis_financial,False
t098jn,2022-02-24,stocks,Anyone else feeling a big buying day today?,Ukraine|Russia,available,False,True,True,True,True,True,True,False,False,True,False,True,True,multiple_paths,geopolitical_crisis_financial,False
t09ane,2022-02-24,StockMarket,VUSA?,Ukrainian,available,False,True,False,False,False,True,True,False,False,False,False,True,False,direct_ukraine_financial,excluded,True
t09t8i,2022-02-24,stocks,Wtf is Putin actually trying to achieve?,Putin,removed,True,False,True,False,False,False,False,False,False,False,False,False,False,excluded,excluded,False
t09ztd,2022-02-24,stocks,Which sector would be the most affected with the russia/ukraine tension?,Ukraine|Russia,removed,True,True,True,False,True,False,False,False,False,False,False,False,False,excluded,excluded,False
t0apg3,2022-02-24,stocks,Reddit: I’m confused. Isn’t this Ukrainian crisis great for investors?,Ukrainian,removed,True,True,False,False,True,True,True,False,False,True,False,True,True,direct_ukraine_financial,geopolitical_crisis_financial,False
t0aq6y,2022-02-24,stocks,"With the Russian invasion, how will you trade",Russian|invasion,removed,True,False,True,True,True,False,False,False,False,False,False,False,False,excluded,excluded,False
t0at06,2022-02-24,StockMarket,Here's Your Daily Market Brief For February 24th,Ukraine|Russia|Russian|Putin,available,False,True,True,True,True,True,True,False,False,True,False,True,True,multiple_paths,geopolitical_crisis_financial,False
t0c1ug,2022-02-24,StockMarket,"Morning Update for Thursday, 2/24/22",Ukraine|Russian|Putin,available,False,True,True,True,True,True,True,False,False,True,False,True,True,multiple_paths,geopolitical_crisis_financial,False
t0c89h,2022-02-24,investing,Empathy for Ukraine vs stock market,Ukraine,removed,True,True,False,False,False,True,True,False,False,False,False,True,False,direct_ukraine_financial,excluded,True
t0cin3,2022-02-24,StockMarket,Difficult to impose sanctions if Russia has the upper hand.,Russia|sanctions,blank,True,False,True,True,True,False,False,False,False,False,False,False,False,excluded,excluded,False
t0cotk,2022-02-24,StockMarket,I MUST NOT FEAR BELONG TO NATO OR NOT BELONG TO NATO,NATO,removed,True,False,False,True,True,False,False,False,False,False,False,False,False,excluded,excluded,False
t0cqv7,2022-02-24,investing,Is it a good moment to buy an apartment in Kiev?,Kiev,removed,True,True,False,False,False,False,True,False,False,False,False,False,False,excluded,excluded,False
t0csuu,2022-02-24,investing,Did the fed wait too long?,Russia,available,False,False,True,False,False,True,True,False,False,False,False,False,False,excluded,excluded,False
t0d2pe,2022-02-24,investing,Why does war affect the stock prices of unrelated companies? Details inside.,Ukraine|Russia,available,False,True,True,True,True,True,True,False,False,True,False,True,True,multiple_paths,geopolitical_crisis_financial,False
t0d4j9,2022-02-24,stocks,"Stocks dive, oil surges as Putin issues warning on Ukraine",Ukraine|Putin,removed,True,True,True,False,False,True,True,False,False,False,False,True,False,direct_ukraine_financial,excluded,True
t0d5nw,2022-02-24,stocks,What is everyone buying on the market dip from Russia/Ukraine and whats your thought process?,Ukraine|Russia,available,False,True,True,False,False,True,True,False,False,False,False,True,False,direct_ukraine_financial,excluded,True
t0d6ao,2022-02-24,StockMarket,What is everyone buying on the market dip from Russia/Ukraine and whats your thought process?,Ukraine|Russia,removed,True,True,True,False,False,True,True,False,False,False,False,True,False,direct_ukraine_financial,excluded,True
t0d9sz,2022-02-24,investing,Remember to have condolences for Ukraine,Ukraine,removed,True,True,False,False,False,False,False,False,False,False,False,False,False,excluded,excluded,False
t0da9y,2022-02-24,investing,Bitcoin is not the new gold,Ukraine|Russian,available,False,True,True,False,True,True,True,False,False,True,False,True,True,direct_ukraine_financial,geopolitical_crisis_financial,False
t0dizb,2022-02-24,StockMarket,Sanctions will bite US and Europe in the ass,sanctions,removed,True,False,False,True,True,False,False,False,False,False,False,False,False,excluded,excluded,False
t0dnew,2022-02-24,stocks,"How long will it take for tech stocks to fully recover, with the current events of Russia-Ukraine conflict & US inflation?",Ukraine|Russia,available,False,True,True,True,True,True,True,False,False,True,False,True,True,multiple_paths,geopolitical_crisis_financial,False
t0dprd,2022-02-24,stocks,Russian Stocks - deals?,Russia|Russian|invasion,available,False,False,True,True,True,True,True,False,False,True,False,True,True,russia_conflict_financial,geopolitical_crisis_financial,False
t0e3qx,2022-02-24,investing,How capable of Iranian oil supplies of offsetting the lost supply from Russia?,Russia|Russian,available,False,False,True,False,False,True,True,False,False,False,False,False,False,excluded,excluded,False
t0ecde,2022-02-24,stocks,$VWDRY (Vestas Wind Systems) is up over 10% today. Is the Putin problem bullish for European wind energy?,Putin,removed,True,False,True,False,False,True,True,False,False,False,False,False,False,excluded,excluded,False
t0folj,2022-02-24,stocks,Russian Buying Opportunity,Russian,removed,True,False,True,False,False,False,True,False,False,False,False,False,False,excluded,excluded,False
t0fug7,2022-02-24,stocks,"Russia/Ukraine Conflict - I've have been out of the market with a lot of cash, is it a good time to go on a buying spree?",Ukraine|Russia,removed,True,True,True,True,True,True,True,False,False,True,False,True,True,multiple_paths,geopolitical_crisis_financial,False
t0fv4z,2022-02-24,investing,"Russia/Ukraine Conflict - I've have been out of the market with a lot of cash, is it a good time to go on a buying spree?",Ukraine|Russia,removed,True,True,True,True,True,True,True,False,False,True,False,True,True,multiple_paths,geopolitical_crisis_financial,False
t0fvfc,2022-02-24,stocks,"Russia/Ukraine Conflict - I've have been out of the market with a lot of cash, is it a good time to go on a buying spree?",Ukraine|Russia,removed,True,True,True,True,True,True,True,False,False,True,False,True,True,multiple_paths,geopolitical_crisis_financial,False
t0g79e,2022-02-24,investing,what russian stock are worth buying today after crash?,Russian,removed,True,False,True,False,False,True,True,False,False,False,False,False,False,excluded,excluded,False
t0g7ge,2022-02-24,investing,Russia Attacks Ukraine: What Now?,Ukraine|Russia,removed,True,True,True,False,True,False,False,False,False,False,False,False,False,excluded,excluded,False
t0g9ua,2022-02-24,stocks,Russia Attacks Ukraine: What Now?,Ukraine|Russia,removed,True,True,True,False,True,False,False,False,False,False,False,False,False,excluded,excluded,False
t0h7mp,2022-02-24,stocks,Russian stocks crash 33% and ruble plunges to record low,Russian,removed,True,False,True,False,False,True,True,False,False,False,False,False,False,excluded,excluded,False
t0h88v,2022-02-24,investing,Russian stocks crash 33% and ruble plunges to record low,Russian,removed,True,False,True,False,False,True,True,False,False,False,False,False,False,excluded,excluded,False
t0h8ck,2022-02-24,StockMarket,Russian stocks crash 33% and ruble plunges to record low,Russian,blank,True,False,True,False,False,True,True,False,False,False,False,False,False,excluded,excluded,False
t0helg,2022-02-24,stocks,ETFs to buy Russian invasion,Russian|invasion,removed,True,False,True,True,True,True,True,False,False,True,False,True,True,russia_conflict_financial,geopolitical_crisis_financial,False
t0hgr1,2022-02-24,stocks,Solar Sector Is in the Green with Invasion? Why,invasion,removed,True,False,False,True,True,False,False,False,False,False,False,False,False,excluded,excluded,False
t0hlsn,2022-02-24,stocks,Companies with tech/call center exposure to Russia and Ukraine?,Ukraine|Russia,available,False,True,True,True,True,True,True,False,False,True,False,True,True,multiple_paths,geopolitical_crisis_financial,False
t0hxl7,2022-02-24,investing,The Russia-Ukraine invasion is a terrible event but as an Investor you have to try and find the financial opportunities to succeed,Ukraine|Russia|invasion,removed,True,True,True,True,True,True,True,False,False,True,False,True,True,multiple_paths,geopolitical_crisis_financial,False
t0il8q,2022-02-24,StockMarket,Petition to Cut Russia off from SWIFT,Russia,deleted,True,False,True,False,False,False,False,True,False,False,False,True,False,russia_crisis_financial_consequence,excluded,True
t0j3st,2022-02-24,StockMarket,"What is the best stock action I can buy now as a beginner, given the Ukraine Crises ?",Ukraine,removed,True,True,False,False,False,True,True,False,False,False,False,True,False,direct_ukraine_financial,excluded,True
t0jd24,2022-02-24,investing,Why is tech going up today?,Ukraine|invasion,available,False,True,False,True,True,True,True,False,False,True,False,True,True,direct_ukraine_financial,geopolitical_crisis_financial,False
t0jeom,2022-02-24,investing,Dead cat bounce with the QQQ?,Ukrainian|Russia|Russian,available,False,True,True,True,True,True,True,False,False,True,False,True,True,multiple_paths,geopolitical_crisis_financial,False
t0jjxm,2022-02-24,StockMarket,Exposure of world in Russia and Ukraine,Ukraine|Russia,blank,True,True,True,False,False,False,True,False,False,False,False,False,False,excluded,excluded,False
t0jkne,2022-02-24,stocks,"Russia has a smaller GDP than the Benelux, 1/228th it's size. Keep it cool.",Russia,removed,True,False,True,False,False,False,False,False,False,False,False,False,False,excluded,excluded,False
t0l6hj,2022-02-24,StockMarket,"Dow slashes 859-point loss, turns positive in stunning market reversal after Russia invades Ukraine",Ukraine|Russia,blank,True,True,True,True,True,True,True,False,False,True,False,True,True,multiple_paths,geopolitical_crisis_financial,False
t0lech,2022-02-24,stocks,Why the rally? I thought things were over.,Ukraine,available,False,True,False,False,False,True,True,False,False,False,False,True,False,direct_ukraine_financial,excluded,True
t0lm0d,2022-02-24,stocks,EU shouldn't worry about russia stopping energy supplies but Zelensky ordering a scorched earth of the pipelines,Russia,removed,True,True,True,False,False,True,True,False,False,False,False,True,False,direct_ukraine_financial,excluded,True
t0lm69,2022-02-24,stocks,Can someone explain why the market is actually doing well?,Ukraine|Russia|invasion|sanctions,available,False,True,True,True,True,True,True,False,False,True,False,True,True,multiple_paths,geopolitical_crisis_financial,False
t0lvov,2022-02-24,stocks,"Russian Stocks Slump Most on Record, Erasing $150 Billion in Value",Russian,removed,True,False,True,False,False,True,True,False,False,False,False,False,False,excluded,excluded,False
t0m4vc,2022-02-24,StockMarket,Stock market news from Russian war,Russian,blank,True,False,True,True,True,True,True,False,False,True,False,True,True,russia_conflict_financial,geopolitical_crisis_financial,False
t0mvvd,2022-02-24,investing,Coinbase posts big revenue beat but expects trading volume to fall in Q1,Ukraine|Russian,available,False,True,True,True,True,True,True,False,False,True,False,True,True,multiple_paths,geopolitical_crisis_financial,False
t0nvcv,2022-02-24,StockMarket,"Here is a Market Recap for today Thursday, Feb 24, 2022. Wild day to say the least",Ukraine|Russia|Russian|Putin|Moscow|invasion|sanctions|NATO,available,False,True,True,True,True,True,True,True,False,True,False,True,True,multiple_paths,geopolitical_crisis_financial,False
t0odtg,2022-02-24,StockMarket,The second biggest opportunities in buying the dip in recent years,Ukraine,available,False,True,False,True,True,True,True,False,False,True,False,True,True,direct_ukraine_financial,geopolitical_crisis_financial,False
t0oibe,2022-02-24,investing,The second biggest opportunities in buying the dip in recent years.,Ukraine,available,False,True,False,True,True,True,True,False,False,True,False,True,True,direct_ukraine_financial,geopolitical_crisis_financial,False
t0olww,2022-02-24,stocks,What happens to business relations and agreements when countries go to war?,Ukraine|Russia|Russian|NATO,available,False,True,True,True,True,True,True,False,False,True,False,True,True,multiple_paths,geopolitical_crisis_financial,False
t0omba,2022-02-24,stocks,I believe stocks will rally because sanctions were shit,sanctions,deleted,True,False,False,True,True,True,True,False,False,False,False,False,False,excluded,excluded,False
t0or4y,2022-02-24,stocks,We ❤️ Putin and his war,Putin,removed,True,False,True,True,True,False,False,False,False,False,False,False,False,excluded,excluded,False
t0otqa,2022-02-24,StockMarket,We ❤️ Putin,Putin,removed,True,False,True,False,False,False,False,False,False,False,False,False,False,excluded,excluded,False
t0oy7t,2022-02-24,investing,Where to invest if betting ON Ukraine repelling the invasion?,Ukraine|invasion,removed,True,True,False,True,True,False,False,False,False,False,False,False,False,excluded,excluded,False
t0pw4i,2022-02-25,stocks,I love that we ended green. Shows economic superiority over russia,Russia|Putin,available,False,False,True,False,False,True,True,False,False,False,False,False,False,excluded,excluded,False
t0r6ax,2022-02-25,StockMarket,The Russian Stock Market as of Feb 24th,Russian,deleted,True,False,True,False,False,True,True,False,False,False,False,False,False,excluded,excluded,False
t0rfwd,2022-02-25,stocks,help ukraine,Ukraine,removed,True,True,False,False,False,False,False,False,False,False,False,False,False,excluded,excluded,False
t0scwv,2022-02-25,stocks,Market recovering seems to good to be true. Are you guys expecting a conflitct with this proportions do recover just like this?,Ukraine|Russia|Russian|NATO,available,False,True,True,True,True,True,True,False,False,True,False,True,True,multiple_paths,geopolitical_crisis_financial,False
t0sm1x,2022-02-25,StockMarket,Russia vs Ukraine,Ukraine|Russia,removed,True,True,True,False,False,False,False,False,False,False,False,False,False,excluded,excluded,False
t0tdwf,2022-02-25,StockMarket,What should I do with my index funds,Ukraine,available,False,True,False,False,False,True,True,False,False,False,False,True,False,direct_ukraine_financial,excluded,True
t0tyeg,2022-02-25,investing,"World stocks plunge, oil tops $100 as Russia invades Ukraine",Ukraine|Russia,removed,True,True,True,True,True,True,True,False,False,True,False,True,True,multiple_paths,geopolitical_crisis_financial,False
t0u2r0,2022-02-25,investing,The DOW and S&P is up despite the Ukraine and Russia conflict,Ukraine|Russia,removed,True,True,True,True,True,False,False,False,False,False,False,False,False,excluded,excluded,False
t0u2u6,2022-02-25,StockMarket,What would the effects of the market be if the US aligned with Russia?,Russia,removed,True,False,True,False,False,True,True,False,False,False,False,False,False,excluded,excluded,False
t0vmj2,2022-02-25,stocks,Financials hit hard by news of the attack,Ukraine|Russia,available,False,True,True,False,True,True,True,False,False,True,False,True,True,direct_ukraine_financial,geopolitical_crisis_financial,False
t0w54s,2022-02-25,investing,Buy Russian rubles now or not what is forecast trend?,Russian,removed,True,False,True,False,False,False,True,False,False,False,False,False,False,excluded,excluded,False
t0wnq8,2022-02-25,stocks,"World stocks plunge, oil tops $100 as Russia invades Ukraine",Ukraine|Russia,removed,True,True,True,True,True,True,True,False,False,True,False,True,True,multiple_paths,geopolitical_crisis_financial,False
t0wukh,2022-02-25,stocks,Stocks fall as Russia attacks Ukraine,Ukraine|Russia,removed,True,True,True,False,True,True,True,False,False,True,False,True,True,direct_ukraine_financial,geopolitical_crisis_financial,False
t0y385,2022-02-25,stocks,Fed’s Waller wants to leave door open for possible half-point rate hike on March 16,Ukraine|Russia|invasion,available,False,True,True,True,True,True,True,False,False,True,False,True,True,multiple_paths,geopolitical_crisis_financial,False
t0yv0y,2022-02-25,investing,Is it just me or did the markets turn around fairly quickly?,Russia|sanctions,available,False,False,True,True,True,True,True,False,False,True,False,True,True,russia_conflict_financial,geopolitical_crisis_financial,False
t0ywuq,2022-02-25,StockMarket,How to Profit in a Volatile Market: Short Russian Stocks,Russian,removed,True,False,True,False,False,True,True,False,False,False,False,False,False,excluded,excluded,False
t0znj3,2022-02-25,stocks,Why hasn't the Ukraine stock index moved?,Ukraine,removed,True,True,False,False,False,True,True,False,False,False,False,True,False,direct_ukraine_financial,excluded,True
t0zufp,2022-02-25,StockMarket,UBS Triggers Margin Calls as Russia Bond Values Cut to Zero,Russia,blank,True,False,True,False,False,True,True,False,False,False,False,False,False,excluded,excluded,False
t10819,2022-02-25,investing,"War in Ukraine, how can I profit",Ukraine,removed,True,True,False,True,True,False,True,False,False,True,False,False,True,excluded,geopolitical_crisis_financial,True
t118dv,2022-02-25,stocks,Just Eat Takeaway - DD,Ukraine|Russia|Russian,available,False,True,True,True,True,True,True,False,False,True,False,True,True,multiple_paths,geopolitical_crisis_financial,False
t11cdk,2022-02-25,stocks,Should you invest in russia right now?,Russia,removed,True,False,True,False,False,False,False,False,False,False,False,False,False,excluded,excluded,False
t11rb4,2022-02-25,investing,As an Investor how do I capitalize on this Ukraine-Russia crisis?,Ukraine|Russia,removed,True,True,True,False,True,True,True,False,False,True,False,True,True,direct_ukraine_financial,geopolitical_crisis_financial,False
t127e9,2022-02-25,investing,Investing during Russian Invasion,Russian|invasion,removed,True,False,True,True,True,True,True,False,False,True,False,True,True,russia_conflict_financial,geopolitical_crisis_financial,False
t12k2k,2022-02-25,stocks,Ukrainian stocks,Ukrainian,removed,True,True,False,False,False,True,True,False,False,False,False,True,False,direct_ukraine_financial,excluded,True
t13z6i,2022-02-25,StockMarket,Here's Your Daily Market Brief For February 25th,Ukraine|Russia|Russian|Moscow|invasion|sanctions,available,False,True,True,True,True,True,True,False,False,True,False,True,True,multiple_paths,geopolitical_crisis_financial,False
t14kxm,2022-02-25,stocks,Where can I trade russian stock,Russian,removed,True,False,True,False,False,True,True,False,False,False,False,False,False,excluded,excluded,False
t16sbk,2022-02-25,StockMarket,"SPY “crash” incoming?! Maybe it’s just coincidence but every dip lines up with Fibonacci time zone. Also take a look at the megaphone pattern. If you look at the Russian stock market, the Fibonacci prophecy is 100% accurate with megaphone pattern.",Russian,blank,True,False,True,False,False,True,True,False,False,False,False,False,False,excluded,excluded,False
t17v2d,2022-02-25,StockMarket,Stock market telling putin to go eff himself?,Putin,removed,True,False,True,False,False,True,True,False,False,False,False,False,False,excluded,excluded,False
t17wnn,2022-02-25,stocks,Here's why I'm not buying anything today,Ukraine|Putin|sanctions,available,False,True,True,True,True,True,True,False,False,True,False,True,True,multiple_paths,geopolitical_crisis_financial,False
t1a5rc,2022-02-25,stocks,How to make money off the Ukraine conflict?,Ukraine,removed,True,True,False,True,True,False,True,False,False,True,False,False,True,excluded,geopolitical_crisis_financial,True
t1bf3i,2022-02-25,stocks,Industries likely to be effected from current Russia - Ukraine war.,Ukraine|Russia|sanctions,available,False,True,True,True,True,True,True,False,False,True,False,True,True,multiple_paths,geopolitical_crisis_financial,False
t1cynj,2022-02-25,stocks,Fed minutes party pooper,Ukraine|Russia,available,False,True,True,True,True,True,True,False,False,True,False,True,True,multiple_paths,geopolitical_crisis_financial,False
t1dc3t,2022-02-25,StockMarket,Anyone know anything about the Oil ETF $USO ? I bought a few shares thinking it might be a good hedge against rising gas prices. It seems this is just the beginning of the Russia/Ukraine war and gas prices are likely to rise until the end of year.,Ukraine|Russia,blank,True,True,True,True,True,True,True,False,False,True,False,True,True,multiple_paths,geopolitical_crisis_financial,False
t1dp79,2022-02-25,stocks,"Forget US markets bouncing back, why did Russian markets bounce back?",Ukraine|Russia|Russian|sanctions,available,False,True,True,True,True,True,True,False,False,True,False,True,True,multiple_paths,geopolitical_crisis_financial,False
t1ekw8,2022-02-25,stocks,What are the chances of sberbank(SBRCY) ADRs being delisted on the market?,Russia|Russian|invasion|sanctions,available,False,False,True,True,True,True,True,False,False,True,False,True,True,russia_conflict_financial,geopolitical_crisis_financial,False
t1f0rh,2022-02-25,stocks,Will Russian stocks (Yandex) be delisted from the NYSE?,Russian,removed,True,False,True,False,False,True,True,False,False,False,False,False,False,excluded,excluded,False
t1h2km,2022-02-25,stocks,I need to rethink my life choices.,Ukraine|Putin,available,False,True,True,True,True,True,True,False,False,True,False,True,True,multiple_paths,geopolitical_crisis_financial,False
t1h8vi,2022-02-25,stocks,Chinese vs Western version of the Russia-Ukraine conflict and it's impact on stocks,Ukraine|Russia,removed,True,True,True,True,True,True,True,False,False,True,False,True,True,multiple_paths,geopolitical_crisis_financial,False
t1i8vo,2022-02-25,stocks,Nancy Pelosi just traded large volumes of Lockheed Martin ahead of Ukraine invasion,Ukraine|invasion,removed,True,True,False,True,True,False,False,False,False,False,False,False,False,excluded,excluded,False
t1ipfe,2022-02-26,stocks,Nancy Pelosi has made large trades into Lockheed Martin ahead of Ukraine invasion,Ukraine|invasion,removed,True,True,False,True,True,False,False,False,False,False,False,False,False,excluded,excluded,False
t1ivo8,2022-02-26,investing,China lifts restrictions on Russian wheat imports,Ukraine|Russia|Russian|Putin|sanctions,available,False,True,True,True,True,True,True,False,False,True,False,True,True,multiple_paths,geopolitical_crisis_financial,False
t1lnqo,2022-02-26,investing,What is making people think the fed is less likely to raise rates as high as before?,Russia|sanctions,available,False,False,True,True,True,True,True,True,False,True,False,True,True,multiple_paths,geopolitical_crisis_financial,False
t1lzog,2022-02-26,stocks,What do you predict would happen on the market if Russia gets banned from SWIFT?,Russia,available,False,False,True,False,False,True,True,True,False,False,False,True,False,russia_crisis_financial_consequence,excluded,True
t1o5gw,2022-02-26,StockMarket,I'm a little confused why we are seeing green. Is it because of the sanctions? I thought it would still be more red continuing with Ukraine and Russia.,Ukraine|Russia|sanctions,removed,True,True,True,True,True,False,False,False,False,False,False,False,False,excluded,excluded,False
t1omm1,2022-02-26,stocks,Ukraine agricultural stocks,Ukraine,removed,True,True,False,False,False,True,True,False,False,False,False,True,False,direct_ukraine_financial,excluded,True
t1tkvv,2022-02-26,investing,Implications for markets if Russia is kicked out of SWIFT?,Russia,removed,True,False,True,False,False,True,True,True,False,False,False,True,False,russia_crisis_financial_consequence,excluded,True
t1tvyd,2022-02-26,StockMarket,Implications for markets if Russia is kicked out of SWIFT?,Ukraine|Russia|Russian,available,False,True,True,False,False,True,True,True,False,False,False,True,False,multiple_paths,excluded,True
t1vl7i,2022-02-26,investing,The Complete List of Russian Companies Listed on London Stock Exchange,Russia|Russian,available,False,False,True,False,False,True,True,False,False,False,False,False,False,excluded,excluded,False
t1vw81,2022-02-26,investing,Investing in real estate in Ukraine - a bad idea?,Ukraine,removed,True,True,False,False,False,True,True,False,False,False,False,True,False,direct_ukraine_financial,excluded,True
t1w81r,2022-02-26,investing,Investing in real estate in Ukraine?,Ukraine,removed,True,True,False,False,False,True,True,False,False,False,False,True,False,direct_ukraine_financial,excluded,True
t1wcdl,2022-02-26,investing,Consequences for Russian investors,Russian,removed,True,False,True,False,False,True,True,False,False,False,False,False,False,excluded,excluded,False
t1wm9e,2022-02-26,StockMarket,"Wall Street Week Ahead for the trading week beginning February 28th, 2022",Ukraine|Russia|Russian|Putin|invasion|sanctions|NATO,available,False,True,True,True,True,True,True,False,False,True,False,True,True,multiple_paths,geopolitical_crisis_financial,False
t1wmci,2022-02-26,stocks,Will China Follow Suit with Russia?,Russia,removed,True,False,True,False,False,False,False,False,False,False,False,False,False,excluded,excluded,False
t1xhw8,2022-02-26,stocks,"Wall Street Week Ahead for the trading week beginning February 28th, 2022",Ukraine|Russia|Russian|Putin|invasion|sanctions|NATO,available,False,True,True,True,True,True,True,False,False,True,False,True,True,multiple_paths,geopolitical_crisis_financial,False
t1y3cy,2022-02-26,stocks,Do not buy Russian stocks!,Russian,removed,True,False,True,False,False,True,True,False,False,False,False,False,False,excluded,excluded,False
t1y697,2022-02-26,stocks,Why you should buy russian stocks,Russian,removed,True,False,True,False,False,True,True,False,False,False,False,False,False,excluded,excluded,False
t1yuni,2022-02-26,stocks,"Russian Stocks, Before and After",Russian,available,False,False,True,False,False,True,True,False,False,False,False,False,False,excluded,excluded,False
t1yv0m,2022-02-26,StockMarket,Interesting article on CNN about companies with the most to lose in the Russia war. Bear out spreads on each one? How to play this (not too aggressively)?,Russia,blank,True,False,True,True,True,True,True,False,False,True,False,True,True,russia_conflict_financial,geopolitical_crisis_financial,False
t1zeql,2022-02-26,stocks,What happens to the US markets if Russia is removed from SWIFT?,Russia,removed,True,False,True,False,False,True,True,True,True,False,True,True,True,russia_crisis_financial_consequence,crisis_specific_financial_consequence,False
t1zxq3,2022-02-26,stocks,These Massive Swings In the Market Due to Hackers?,Russia|Russian,available,False,False,True,False,False,True,True,False,False,False,False,False,False,excluded,excluded,False
t22kr4,2022-02-26,stocks,Swift: EU leaders line up to back banning Russia from banking network,Ukraine|Russia|Russian|Putin|invasion|sanctions,available,False,True,True,True,True,True,True,True,False,True,False,True,True,multiple_paths,geopolitical_crisis_financial,False
t22z5r,2022-02-26,StockMarket,Are there any Ukrainian companies in the NYSE that are now highly undervalued?,Ukrainian,removed,True,True,False,False,False,True,True,False,False,False,False,True,False,direct_ukraine_financial,excluded,True
t23u83,2022-02-26,stocks,"S&P cuts Russia's rating to junk, Moody's issues junk warning",Russia,removed,True,False,True,False,False,False,False,False,False,False,False,False,False,excluded,excluded,False
t23v24,2022-02-26,investing,"S&P cuts Russia's rating to junk, Moody's issues junk warning",Ukraine|Russia|invasion,available,False,True,True,True,True,True,True,False,False,True,False,True,True,multiple_paths,geopolitical_crisis_financial,False
t23v3v,2022-02-26,stocks,https://www.reuters.com/markets/rates-bonds/moodys-puts-russia-ukraine-ratings-review-downgrade-2022-02-25/,Ukraine|Russia,deleted,True,True,True,False,False,True,True,False,False,False,False,True,False,direct_ukraine_financial,excluded,True
t23vm5,2022-02-26,stocks,"S&P cuts Russia's rating to junk, Moody's issues junk warning",Ukraine|Russia|invasion,available,False,True,True,True,True,True,True,False,False,True,False,True,True,multiple_paths,geopolitical_crisis_financial,False
t23w0f,2022-02-26,stocks,Post Russian conflict theory: large investments in alternative energy in Europe & potential opportunities in the stock market.,Russia|Russian,available,False,False,True,True,True,True,True,False,False,True,False,True,True,russia_conflict_financial,geopolitical_crisis_financial,False
t275mi,2022-02-26,investing,Emerging Market index funds holding Russian companies?,Russia|Russian|sanctions,available,False,False,True,True,True,True,True,False,False,True,False,True,True,russia_conflict_financial,geopolitical_crisis_financial,False
t28rxm,2022-02-26,investing,BBC News: West to cut some Russian banks off from Swift,Russian,removed,True,False,True,False,False,True,True,True,False,False,False,True,False,russia_crisis_financial_consequence,excluded,True
t290wc,2022-02-26,investing,West to cut some Russian banks off from Swift,Russia|Russian,available,False,False,True,False,False,True,True,True,False,False,False,True,False,russia_crisis_financial_consequence,excluded,True
t29cbt,2022-02-26,stocks,"Where are gold and BTC headed now, that Russia is cut off from the west?",Russia,removed,True,False,True,False,False,True,True,False,False,False,False,False,False,excluded,excluded,False
t29r1d,2022-02-26,investing,Recommendations on emerging market ETFs without Russian stocks,Russian,removed,True,False,True,False,False,True,True,False,False,False,False,False,False,excluded,excluded,False
t2acfb,2022-02-26,StockMarket,how some USA companies are going to benefit from the ongoing Russia Ukrainian war,Ukrainian|Russia,blank,True,True,True,True,True,True,True,False,False,True,False,True,True,multiple_paths,geopolitical_crisis_financial,False
t2aujf,2022-02-27,investing,"For Europe, Russia Sanctions Will Sting",Russia|invasion|sanctions,available,False,False,True,True,True,True,True,False,False,True,False,True,True,russia_conflict_financial,geopolitical_crisis_financial,False
t2b5b0,2022-02-27,stocks,DDOS Script to HELP UKRAINE,Ukraine,removed,True,True,False,False,False,False,False,False,False,False,False,False,False,excluded,excluded,False
t2b6vn,2022-02-27,StockMarket,"S&P cuts Russia's rating to junk, Moody's issues junk warning",Russia,blank,True,False,True,False,False,False,False,False,False,False,False,False,False,excluded,excluded,False
t2bm42,2022-02-27,StockMarket,"Kyiv: full consensus for disconnecting Russia from SWIFT has been achieved, the process has begun",Russia|Kyiv,blank,True,True,True,False,False,False,False,True,False,False,False,True,False,russia_crisis_financial_consequence,excluded,True
t2dodc,2022-02-27,stocks,"Starlink went live in Ukraine in response to Ukraine, is there a possible backlash against TSLA in Russia or their allies?",Ukraine|Russia|Russian,available,False,True,True,False,True,False,False,False,False,False,False,False,False,excluded,excluded,False
t2ev5u,2022-02-27,stocks,Tanker rates on Russian crude routes triple,Ukraine|Russia|Russian|invasion|sanctions,available,False,True,True,True,True,True,True,True,False,True,False,True,True,multiple_paths,geopolitical_crisis_financial,False
t2fdd7,2022-02-27,stocks,"Risks to energy trades grow as West commits to Russia SWIFT ban, Central Bank sanctions | S&P Global Platts",Russia|Russian|Moscow|sanctions,available,False,False,True,True,True,True,True,True,False,True,False,True,True,multiple_paths,geopolitical_crisis_financial,False
t2fm5y,2022-02-27,stocks,AMD and Intel suspending processor shipments to Russia,Ukraine|Russia|Russian|invasion|sanctions,available,False,True,True,True,True,True,True,False,False,True,False,True,True,multiple_paths,geopolitical_crisis_financial,False
t2jevq,2022-02-27,StockMarket,Russia-Ukraine emergency speeds up stagflation pattern shaking bond Traders,Ukraine|Russia,blank,True,True,True,False,False,True,True,False,False,False,False,True,False,direct_ukraine_financial,excluded,True
t2jlem,2022-02-27,stocks,Time for tactical retreat?,Russia,available,False,False,True,True,True,True,True,False,False,True,False,True,True,russia_conflict_financial,geopolitical_crisis_financial,False
t2jyu9,2022-02-27,investing,Ukrainian Bonds ISIN to support the war effort?,Ukrainian,available,False,True,False,True,True,True,True,False,False,True,False,True,True,direct_ukraine_financial,geopolitical_crisis_financial,False
t2leib,2022-02-27,investing,Buy a Tesla in rebuttal over oil and Russia!,Russia,removed,True,False,True,False,False,True,True,False,False,False,False,False,False,excluded,excluded,False
t2lrdn,2022-02-27,stocks,Man I'm dating bought a few thousand dollars in Russian stock. Is that moral when you claim to support Ukraine?,Ukraine|Russian,removed,True,True,True,False,False,True,True,False,False,False,False,True,False,direct_ukraine_financial,excluded,True
t2n2bf,2022-02-27,investing,Russian or Ucranian ETFs on European/American trading apps,Russian,removed,True,False,True,False,False,True,True,False,False,False,False,False,False,excluded,excluded,False
t2nwmt,2022-02-27,stocks,Everyone who bought the dip on Russian stocks,Russian,removed,True,False,True,False,False,True,True,False,False,False,False,False,False,excluded,excluded,False
t2qjb3,2022-02-27,investing,Uncomfortable holding Index ETFs at the moment. What impact do you think a Russian market would have on the world market?,Russian,removed,True,False,True,False,False,True,True,False,False,False,False,False,False,excluded,excluded,False
t2r6xp,2022-02-27,investing,AMD and Intel reportedly are suspending processor shipments for industrial use to Russia | Windows Central,Russia,removed,True,False,True,False,False,False,False,False,False,False,False,False,False,excluded,excluded,False
t2sn4h,2022-02-27,stocks,Good time to buy Russian stocks?,Russian|sanctions,available,False,False,True,True,True,True,True,True,False,True,False,True,True,multiple_paths,geopolitical_crisis_financial,False
t2t2oj,2022-02-27,investing,Can we expect a post-war economic miracle from Russia and Ukraine ?,Ukraine|Russia,removed,True,True,True,True,True,True,True,False,False,True,False,True,True,multiple_paths,geopolitical_crisis_financial,False
t2uhl2,2022-02-27,stocks,What companies make most of the weapons being donated to Ukraine by various countries?,Ukraine,available,False,True,False,False,False,True,True,False,False,False,False,True,False,direct_ukraine_financial,excluded,True
t2uiat,2022-02-27,stocks,BP said on Sunday it plans to abandon its 19.75% stake in oil giant Rosneft (ROSN.MM) in the wake of Russia's invasion of Ukraine.,Ukraine|Russia|Russian|Putin|Moscow|invasion,available,False,True,True,True,True,True,True,False,False,True,False,True,True,multiple_paths,geopolitical_crisis_financial,False
t2wsd0,2022-02-27,stocks,Russia pulled from SWIFT,Russia,removed,True,False,True,False,False,False,False,True,False,False,False,True,False,russia_crisis_financial_consequence,excluded,True
t2x2oy,2022-02-27,investing,Goldman Sachs - Russia Risk,Russia,removed,True,False,True,False,False,True,True,False,False,False,False,False,False,excluded,excluded,False
t2x6iu,2022-02-27,investing,Russian stocks: Time to divest or wait it out?,Russian,removed,True,False,True,False,False,True,True,False,False,False,False,False,False,excluded,excluded,False
t2x82i,2022-02-27,stocks,How do we feel about international e commerce these days?,Russian,available,False,False,True,True,True,True,True,False,False,True,False,True,True,russia_conflict_financial,geopolitical_crisis_financial,False
t2xwcj,2022-02-27,stocks,Norway says its sovereign fund will divest from Russia,Ukraine|Russia|Russian|invasion,available,False,True,True,True,True,True,True,True,True,True,True,True,True,multiple_paths,multiple_paths,False
t2xyfu,2022-02-27,stocks,Investment advice - Natural Resources or Index?,Ukrainian|Russia|Russian,available,False,True,True,True,True,True,True,False,False,True,False,True,True,multiple_paths,geopolitical_crisis_financial,False
t2zm1m,2022-02-27,stocks,Russian central bank tries to halt foreigners selling Russian securites,Russia|Russian,available,False,False,True,False,False,True,True,False,False,False,False,False,False,excluded,excluded,False
t30quw,2022-02-27,stocks,Dow futures fall more than 500 points as traders assess ripple effects of Russia sanctions….what we scooping up tomorrow for the cheap?,Ukraine|Russia|Russian|Putin|Moscow|invasion|sanctions|NATO,available,False,True,True,True,True,True,True,True,True,True,True,True,True,multiple_paths,multiple_paths,False
t31z62,2022-02-28,investing,Russian Central Bank Pulls a Robinhood,Russia|Russian,available,False,False,True,False,False,True,True,True,False,False,False,True,False,russia_crisis_financial_consequence,excluded,True
t32ahv,2022-02-28,investing,How is ERUS anything but the best play?,Russia|sanctions,available,False,False,True,True,True,True,True,False,False,True,False,True,True,russia_conflict_financial,geopolitical_crisis_financial,False
t34kzo,2022-02-28,stocks,Would Russia sanctions cause a flight of capital from Russia into safe havens in SE Asia and the West?,Russia|Russian|sanctions,available,False,False,True,True,True,True,True,False,False,True,False,True,True,russia_conflict_financial,geopolitical_crisis_financial,False
t3703y,2022-02-28,stocks,Russian ruble plunges nearly 30% against the dollar amid sanctions over Ukraine invasion,Ukraine|Russian|Putin|invasion|sanctions,available,False,True,True,True,True,True,True,False,False,True,False,True,True,multiple_paths,geopolitical_crisis_financial,False
t3829n,2022-02-28,StockMarket,"Blackrock’s Russian (now junk bond) exposure, what are short/long term impacts??",Russian,deleted,True,False,True,False,False,True,True,False,False,False,False,False,False,excluded,excluded,False
t38ck8,2022-02-28,stocks,Why is Ukraine Stock market (PFTS) not down?,Ukraine|Ukrainian,available,False,True,False,True,True,True,True,False,False,True,False,True,True,direct_ukraine_financial,geopolitical_crisis_financial,False
t38lvc,2022-02-28,StockMarket,"Crude jumps, stocks slip, rouble crashes to record low on tough Russian sanctions",Russian|sanctions,blank,True,False,True,True,True,True,True,False,False,True,False,True,True,russia_conflict_financial,geopolitical_crisis_financial,False
t39b5j,2022-02-28,stocks,Liquidity Vanishes Across Russia Assets as Sanctions Bite,Russia|sanctions,removed,True,False,True,True,True,True,True,False,False,True,False,True,True,russia_conflict_financial,geopolitical_crisis_financial,False
t39j4l,2022-02-28,stocks,"Russian central bank (CBR) raises key rate to 20%, says ready for further actions",Ukraine|Russia|Russian|Putin|invasion|sanctions,available,False,True,True,True,True,True,True,False,False,True,False,True,True,multiple_paths,geopolitical_crisis_financial,False
t39two,2022-02-28,investing,Russia central bank hikes interest rates to 20% from 9.5% to bolster ruble,Russia,removed,True,False,True,False,False,True,True,False,False,False,False,False,False,excluded,excluded,False
t3a3o8,2022-02-28,stocks,Russia's Central Bank doubles interest rates to 20%,Russia,removed,True,False,True,False,False,True,True,False,False,False,False,False,False,excluded,excluded,False
t3amaw,2022-02-28,stocks,Rio Tinto poised to grow from commodity disruptions,Ukraine|Russia|sanctions,available,False,True,True,True,True,True,True,False,False,True,False,True,True,multiple_paths,geopolitical_crisis_financial,False
t3b1sn,2022-02-28,StockMarket,"Russia-Ukraine War: Russian billionaires paid the price for Putin's insistence, a loss of $ 126 billion in four days",Ukraine|Russia|Russian|Putin,blank,True,True,True,True,True,True,True,False,False,True,False,True,True,multiple_paths,geopolitical_crisis_financial,False
t3be0f,2022-02-28,StockMarket,Major Russian companies have lost half their value in start of trading on London Stock Exchange.,Russian,blank,True,False,True,False,False,True,True,False,False,False,False,False,False,excluded,excluded,False
t3be0t,2022-02-28,stocks,Russia’s invasion of Ukraine could keep stocks sliding for weeks before the market finally hits bottom,Ukraine|Russia|invasion,available,False,True,True,True,True,True,True,False,False,True,False,True,True,multiple_paths,geopolitical_crisis_financial,False
t3bjzq,2022-02-28,StockMarket,Russia vs Ukraine War News update and reaction,Ukraine|Russia,blank,True,True,True,True,True,False,False,False,False,False,False,False,False,excluded,excluded,False
t3cm86,2022-02-28,StockMarket,Russia sharply increases rates as sanctions send rouble plunging 30%,Russia|sanctions,blank,True,False,True,True,True,True,True,False,False,True,False,True,True,russia_conflict_financial,geopolitical_crisis_financial,False
t3dhx0,2022-02-28,StockMarket,Russian central bank won’t allow selling of Russian securities. How do they prevent this?,Russian,removed,True,False,True,False,False,True,True,False,False,False,False,False,False,excluded,excluded,False
t3dnuc,2022-02-28,investing,Green Energy Investments more attractive as a result of Putin's war?,Putin,available,False,False,True,True,True,True,True,False,False,True,False,True,True,russia_conflict_financial,geopolitical_crisis_financial,False
t3dt52,2022-02-28,stocks,"Stocks going down today, how long is it smart to stay on the sideways? hike rates, movements, EU actions and the barrel price.",Ukraine|Russia|Moscow|sanctions,available,False,True,True,True,True,True,True,False,False,True,False,True,True,multiple_paths,geopolitical_crisis_financial,False
t3fcwy,2022-02-28,investing,Investing Opportunity? Russia Ruble is now worth about $.01 US.,Russia|sanctions,available,False,False,True,True,True,True,True,False,False,True,False,True,True,russia_conflict_financial,geopolitical_crisis_financial,False
t3film,2022-02-28,stocks,Buying the Russian ruble?,Russian,removed,True,False,True,False,False,True,True,False,False,False,False,False,False,excluded,excluded,False
t3fpb5,2022-02-28,stocks,What about shorting russian stock market?,Russian,removed,True,False,True,False,False,True,True,False,False,False,False,False,False,excluded,excluded,False
t3fqgl,2022-02-28,StockMarket,Here's Your Daily Market Brief For February 28th,Ukraine|Ukrainian|Russia|Russian|Putin|invasion|sanctions,available,False,True,True,True,True,True,True,True,False,True,False,True,True,multiple_paths,geopolitical_crisis_financial,False
t3fz5u,2022-02-28,investing,The Russian rouble decreased so much in value that it's now worth the same than a V-Buck in Fortnite,Russian,removed,True,False,True,False,False,True,True,False,False,False,False,False,False,excluded,excluded,False
t3g9xw,2022-02-28,investing,Probably dumb question but how long for russian ruble to recover?,Russian,removed,True,False,True,False,False,True,True,False,False,False,False,False,False,excluded,excluded,False
t3gk4x,2022-02-28,StockMarket,"Morning Update for Monday, 2/28/22",Ukraine|Russia|Russian|invasion|sanctions,available,False,True,True,True,True,True,True,False,False,True,False,True,True,multiple_paths,geopolitical_crisis_financial,False
t3gtrd,2022-02-28,stocks,Bill Ackman says it’s time for U.S. troops to defend Ukraine and set a ‘real red line’,Ukraine,removed,True,True,False,True,True,False,False,False,False,False,False,False,False,excluded,excluded,False
t3hcjr,2022-02-28,investing,Russia taken off of swift question,Russia,removed,True,False,True,False,False,False,False,True,False,False,False,True,False,russia_crisis_financial_consequence,excluded,True
t3hp51,2022-02-28,investing,Are Russian stocks like Sberbank a good buy?,Russian,removed,True,False,True,False,False,True,True,False,False,False,False,False,False,excluded,excluded,False
t3htd5,2022-02-28,investing,"Does it make sense to invest in Ukrainian bonds right now, assuming one waits until maturity?",Ukrainian,removed,True,True,False,False,False,True,True,False,False,False,False,True,False,direct_ukraine_financial,excluded,True
t3hu30,2022-02-28,investing,Russian Stocks like Sberbank?,Russian,removed,True,False,True,False,False,True,True,False,False,False,False,False,False,excluded,excluded,False
t3hxbv,2022-02-28,stocks,Citi discloses $5.4 billion exposure to Russia. Not sure how much the other US banks are exposed,Ukraine|Russia|sanctions,available,False,True,True,True,True,True,True,False,False,True,False,True,True,multiple_paths,geopolitical_crisis_financial,False
t3hyxe,2022-02-28,StockMarket,How can the Ukraine-Russia conflict affect the world stock market?,Ukraine|Russia,removed,True,True,True,True,True,True,True,False,False,True,False,True,True,multiple_paths,geopolitical_crisis_financial,False
t3i27p,2022-02-28,investing,"Does it make sense to invest in Ukrainian bonds right now, assuming one waits until maturity?",Ukrainian,available,False,True,False,False,False,True,True,False,False,False,False,True,False,direct_ukraine_financial,excluded,True
t3i38l,2022-02-28,StockMarket,Can I buy and hold Russian-listed equities through a U.S. brokerage account?,Russian,removed,True,False,True,False,False,True,True,False,False,False,False,False,False,excluded,excluded,False
t3i4ms,2022-02-28,StockMarket,Can I buy/hold Russian-listed equities through a U.S. brokerage account?,Russian,removed,True,False,True,False,False,True,True,False,False,False,False,False,False,excluded,excluded,False
t3ijhl,2022-02-28,StockMarket,Ian Bremmer on What Investors Should Know About Ukraine and Russia Starts 10:30am EST,Ukraine|Russia,deleted,True,True,True,False,False,True,True,False,False,False,False,True,False,direct_ukraine_financial,excluded,True
t3in8y,2022-02-28,StockMarket,Russia is Fucked,Russia,blank,True,False,True,False,False,False,False,False,False,False,False,False,False,excluded,excluded,False
t3iq9k,2022-02-28,stocks,Russian Sponsored ADR Dividend,Russia|Russian,available,False,False,True,False,False,True,True,True,False,False,False,True,False,russia_crisis_financial_consequence,excluded,True
t3j539,2022-02-28,investing,BP quits Russia in up to $25 billion hit after Ukraine invasion,Ukraine|Russia|invasion,removed,True,True,True,True,True,False,False,False,False,False,False,False,False,excluded,excluded,False
t3jmrf,2022-02-28,investing,Vanguard International Without Russian Securities?,Russian,removed,True,False,True,False,False,True,True,False,False,False,False,False,False,excluded,excluded,False
t3la21,2022-02-28,investing,Ukraine Government just announced ‘war bonds’ to fund armed forces,Ukraine,removed,True,True,False,True,True,True,True,False,False,True,False,True,True,direct_ukraine_financial,geopolitical_crisis_financial,False
t3lsow,2022-02-28,stocks,I think the war in Ukraine shows well why you shouldn't buy and hold Chinese Stocks (at a large extent),Ukraine|Russia|sanctions,available,False,True,True,True,True,True,True,False,False,True,False,True,True,multiple_paths,geopolitical_crisis_financial,False
t3mlsg,2022-02-28,stocks,Russian oil (lukoil) oversold?,Russian,removed,True,False,True,False,False,True,True,False,False,False,False,False,False,excluded,excluded,False
t3myzt,2022-02-28,StockMarket,Russian oil play,Russian,removed,True,False,True,False,False,True,True,False,False,False,False,False,False,excluded,excluded,False
t3mzz0,2022-02-28,StockMarket,Russian oil play,Russian,removed,True,False,True,False,False,True,True,False,False,False,False,False,False,excluded,excluded,False
t3n6rf,2022-02-28,stocks,Possible Ukraine outcome and effect on the market.,Ukraine|Ukrainian|Russia|Putin|Kyiv|NATO,available,False,True,True,True,True,True,True,False,False,True,False,True,True,multiple_paths,geopolitical_crisis_financial,False
t3o05s,2022-02-28,stocks,How can I buy Russian Ruble with USD?,Russian,removed,True,False,True,False,False,True,True,False,False,False,False,False,False,excluded,excluded,False
t3oxm7,2022-02-28,stocks,Green stock boost due to Ukraine conflict,Ukraine,removed,True,True,False,True,True,True,True,False,False,True,False,True,True,direct_ukraine_financial,geopolitical_crisis_financial,False
t3p1bv,2022-02-28,stocks,"JPMorgan, Danske Bank Freeze Funds Exposed to Russian Assets",Russian,removed,True,False,True,False,False,True,True,True,False,False,False,True,False,russia_crisis_financial_consequence,excluded,True
t3p9r3,2022-02-28,investing,Donate now and save the life of Ukraine refugees! United Nations High Commissioner for Refugees is collecting funds,Ukraine,removed,True,True,False,False,False,True,True,False,False,False,False,True,False,direct_ukraine_financial,excluded,True
t3pb83,2022-02-28,StockMarket,"JPMorgan, Danske Bank Freeze Funds Exposed to Russian Assets",Russian,removed,True,False,True,False,False,True,True,True,False,False,False,True,False,russia_crisis_financial_consequence,excluded,True
t3pjna,2022-02-28,StockMarket,Russia stacks a buy?,Russia,removed,True,False,True,False,False,False,True,False,False,False,False,False,False,excluded,excluded,False
t3ps43,2022-02-28,StockMarket,I just sold my Netflix stock because as of today they have no intentions of leaving the Russian market. This money will be much better spent by the Ukrainian armed forces. Care to join me?,Ukrainian|Russian,removed,True,True,True,False,False,True,True,False,False,False,False,True,False,direct_ukraine_financial,excluded,True
t3pzhh,2022-02-28,stocks,$ARKK is on a run; up 16% since the low of Feb 23,Ukraine|Russia,available,False,True,True,True,True,True,True,False,False,True,False,True,True,multiple_paths,geopolitical_crisis_financial,False
t3qpgg,2022-02-28,investing,"Don’t invest in Russian ruble because it’s unethical, however Ukrainian hryvnia is",Ukrainian|Russian,removed,True,True,True,False,False,True,True,False,False,False,False,True,False,direct_ukraine_financial,excluded,True
t3qpy2,2022-02-28,investing,Bill Ackman urges POTUS to send U.S troops in Russia,Russia,removed,True,False,True,True,True,False,False,False,False,False,False,False,False,excluded,excluded,False
t3qz4z,2022-02-28,StockMarket,Update on MOEX (Russian Market) Accessibility -- from Interactive Brokers,Russian,removed,True,False,True,False,False,True,True,False,False,False,False,False,False,excluded,excluded,False
t3r301,2022-02-28,investing,"Breaking|Feb 28, 2022,12:49pm EST|11,431 views Russia Stocks Crash Even With Moscow Exchange Closed",Russia|Moscow,removed,True,False,True,False,False,True,True,False,False,False,False,False,False,excluded,excluded,False
t3rh2h,2022-02-28,StockMarket,Daily Market Recap - 2/28,Ukraine|Russia|Russian|invasion|sanctions,available,False,True,True,True,True,True,True,True,False,True,False,True,True,multiple_paths,geopolitical_crisis_financial,False
t3rppq,2022-02-28,stocks,"Would you take part in a stupid, losses-guaranteed investment if it was for a good humanitarian cause?",Ukraine,available,False,True,False,True,True,True,True,False,False,True,False,True,True,direct_ukraine_financial,geopolitical_crisis_financial,False
t3s47u,2022-02-28,investing,How to take advantage of Russia's 20% interest rate,Russia,removed,True,False,True,False,False,True,True,False,False,False,False,False,False,excluded,excluded,False
t3tmgi,2022-02-28,stocks,"Final trading day of February. The Dow lost 3.5% in February. The S&P 500 and Nasdaq fell 3.1% and 3.4%, respectively, this month.",Ukraine|Russia,available,False,True,True,False,True,True,True,False,False,True,False,True,True,direct_ukraine_financial,geopolitical_crisis_financial,False
t3tv67,2022-03-01,stocks,What's the chance Russian ETFs go up this week if no positive news with peace talks and sanctions are not lifted/get more harsh?,Russia|Russian|sanctions,available,False,False,True,True,True,True,True,False,False,True,False,True,True,russia_conflict_financial,geopolitical_crisis_financial,False
t3udp4,2022-03-01,StockMarket,Best still relevant anti Russia trades to do?,Russia,removed,True,False,True,False,False,False,False,False,False,False,False,False,False,excluded,excluded,False
t3ueml,2022-03-01,stocks,Best still relevant anti Russia trades to do?,Russia|Putin|sanctions,available,False,False,True,True,True,True,True,False,False,True,False,True,True,russia_conflict_financial,geopolitical_crisis_financial,False
t3urlb,2022-03-01,stocks,Anyone know any stocks that are Ukrainian?,Ukrainian,deleted,True,True,False,False,False,True,True,False,False,False,False,True,False,direct_ukraine_financial,excluded,True
t3xolq,2022-03-01,investing,Is now the time to buy Russian Currency?,Russian,removed,True,False,True,False,False,True,True,False,False,False,False,False,False,excluded,excluded,False
t3xx6v,2022-03-01,stocks,Illegal to invest in ERUS?,sanctions,available,False,False,False,True,True,True,True,False,False,False,False,False,False,excluded,excluded,False
t3zphz,2022-03-01,stocks,What “sneaky” sector do you think will benefit from Russia’s invasion?,Russia|invasion,available,False,False,True,True,True,True,True,False,False,True,False,True,True,russia_conflict_financial,geopolitical_crisis_financial,False
t40tlx,2022-03-01,investing,Russian Stocks Risk/Reward,Russian,removed,True,False,True,False,False,True,True,False,False,False,False,False,False,excluded,excluded,False
t42gg5,2022-03-01,StockMarket,"Russia-Ukraine crisis: Trading in Moscow's stock market stalled, investors' trading banned. Russia's currency creeping up, Moscow's stock market also became breathless - Investcues.com",Ukraine|Russia|Moscow,blank,True,True,True,False,True,True,True,False,False,True,False,True,True,direct_ukraine_financial,geopolitical_crisis_financial,False
t42pyq,2022-03-01,stocks,European renewables market a good long term?,Russian|invasion,available,False,False,True,True,True,True,True,False,False,True,False,True,True,russia_conflict_financial,geopolitical_crisis_financial,False
t431l5,2022-03-01,StockMarket,Ukraine Appeal to Send Money through Cryptocurrency? Is this the next level of Crypto,Ukraine,removed,True,True,False,False,False,False,True,False,False,False,False,False,False,excluded,excluded,False
t43226,2022-03-01,stocks,Help the Ukraine Citizens!,Ukraine,removed,True,True,False,False,False,False,False,False,False,False,False,False,False,excluded,excluded,False
t438zp,2022-03-01,stocks,"Visa, Mastercard block Russian financial institutions after sanctions",Ukraine|Russian|Moscow|invasion|sanctions,available,False,True,True,True,True,True,True,False,False,True,False,True,True,multiple_paths,geopolitical_crisis_financial,False
t44pro,2022-03-01,investing,Ukraine supplies 70% of the world's neon. Chip makers are on edge.,Ukraine|Russian|invasion,available,False,True,True,True,True,True,True,False,False,True,False,True,True,multiple_paths,geopolitical_crisis_financial,False
t4716l,2022-03-01,StockMarket,Here's Your Daily Market Brief For March 1st,Ukraine|Ukrainian|Russia|Russian|Moscow|invasion|sanctions,available,False,True,True,True,True,True,True,False,False,True,False,True,True,multiple_paths,geopolitical_crisis_financial,False
t4898g,2022-03-01,stocks,Tell me why I am crazy to think oil will easily pass $150 a barrel by late March 2022,Ukraine,available,False,True,False,False,False,True,True,False,False,False,False,True,False,direct_ukraine_financial,excluded,True
t48df1,2022-03-01,investing,Any ex-Russia global ETFs?,Russia,removed,True,False,True,False,False,True,True,False,False,False,False,False,False,excluded,excluded,False
t48dv5,2022-03-01,stocks,Good time to Invest in Russian usd?,Russian,removed,True,False,True,False,False,False,False,False,False,False,False,False,False,excluded,excluded,False
t48mko,2022-03-01,stocks,What happens to companies that are in exchanges if (god forbid) Russia overwhelms?,Russia,removed,True,False,True,False,False,True,True,False,False,False,False,False,False,excluded,excluded,False
t48prq,2022-03-01,stocks,Is Nabor Industries (NBR) a good stock with the oil situation and Russia/Ukraine issue?,Ukraine|Russia,removed,True,True,True,False,False,True,True,False,False,False,False,True,False,direct_ukraine_financial,excluded,True
t48qga,2022-03-01,investing,LHX - Conflict stock or long term?,Ukrainian,available,False,True,False,True,True,True,True,False,False,True,False,True,True,direct_ukraine_financial,geopolitical_crisis_financial,False
t48xff,2022-03-01,stocks,Does anyone have information on Ukrainian War bonds and if/how we can buy them?,Ukrainian,removed,True,True,False,True,True,True,True,False,False,True,False,True,True,direct_ukraine_financial,geopolitical_crisis_financial,False
t49gb6,2022-03-01,investing,Ukraine to offer War Bonds,Ukraine,removed,True,True,False,True,True,True,True,False,False,True,False,True,True,direct_ukraine_financial,geopolitical_crisis_financial,False
t49rsk,2022-03-01,stocks,The Case for $MNDT,Ukraine|Russia,available,False,True,True,False,True,True,True,False,False,True,False,True,True,direct_ukraine_financial,geopolitical_crisis_financial,False
t49w2s,2022-03-01,stocks,Follow the money: Ukraine war boosts Bitcoin and green stocks as crypto helps Russians and oligarchs to get funds out,Ukraine,removed,True,True,False,True,True,True,True,False,False,True,False,True,True,direct_ukraine_financial,geopolitical_crisis_financial,False
t4a6q3,2022-03-01,StockMarket,Follow the money: Ukraine war boosts Bitcoin and green stocks as crypto helps Russians and oligarchs to get funds out,Ukraine,blank,True,True,False,True,True,True,True,False,False,True,False,True,True,direct_ukraine_financial,geopolitical_crisis_financial,False
t4bxxr,2022-03-01,investing,Will Russian ADR holders still be able to collect their dividends. Will they be seized or can they even be paid if SWIFT payments are blocked?,Russian,removed,True,False,True,False,False,True,True,True,False,False,False,True,False,russia_crisis_financial_consequence,excluded,True
t4cqtd,2022-03-01,stocks,Russia to spend up to $10.3B to buy shares in Russian stocks,Russia|Russian,available,False,False,True,False,False,True,True,False,False,False,False,False,False,excluded,excluded,False
t4d5ul,2022-03-01,stocks,BP and rosneft,Russian,available,False,False,True,True,True,True,True,False,False,True,False,True,True,russia_conflict_financial,geopolitical_crisis_financial,False
t4drgt,2022-03-01,StockMarket,Stocks extend losses as Russia intensifies attacks on Ukraine,Ukraine|Russia,blank,True,True,True,False,True,True,True,False,False,True,False,True,True,direct_ukraine_financial,geopolitical_crisis_financial,False
t4es8y,2022-03-01,investing,Questions about internationally invested mutual fund,Russia,available,False,False,True,True,True,True,True,False,False,True,False,True,True,russia_conflict_financial,geopolitical_crisis_financial,False
t4f46t,2022-03-01,stocks,Looking chip shortage likely from Ukraine disruption.,Ukraine,available,False,True,False,True,True,True,True,False,False,True,False,True,True,direct_ukraine_financial,geopolitical_crisis_financial,False
t4gjmf,2022-03-01,stocks,Russia have suspended trading on MOEX throughout this week,Russia|Moscow,available,False,False,True,False,False,True,True,False,False,False,False,False,False,excluded,excluded,False
t4glxp,2022-03-01,stocks,Are my investments are funding Russia?,Russia,removed,True,False,True,False,False,False,False,False,False,False,False,False,False,excluded,excluded,False
t4gr2e,2022-03-01,investing,Investing in the Russian situation,Russian,available,False,False,True,False,False,True,True,True,False,False,False,True,False,russia_crisis_financial_consequence,excluded,True
t4hafr,2022-03-01,stocks,Anyone plan on buying Russia stocks or RSX?,Russia,removed,True,False,True,False,False,True,True,False,False,False,False,False,False,excluded,excluded,False
t4imly,2022-03-01,stocks,Apple stops all product sales in Russia as RT and Sputnik removed from App Store,Russia,removed,True,False,True,False,False,False,False,False,False,False,False,False,False,excluded,excluded,False
t4iokb,2022-03-01,investing,Apple stops all product sales in Russia as RT and Sputnik removed from App Store,Ukraine|Ukrainian|Russia|Russian|invasion,available,False,True,True,True,True,True,True,False,False,True,False,True,True,multiple_paths,geopolitical_crisis_financial,False
t4ipvq,2022-03-01,StockMarket,Do any of you made an investment in russia before crisis?,Russia,blank,True,False,True,False,True,True,True,False,False,True,False,False,True,excluded,geopolitical_crisis_financial,True
t4jmx3,2022-03-01,stocks,What’s the real reason for Oil majors to exit Russia?,Russia,removed,True,False,True,False,False,True,True,True,True,False,True,True,True,russia_crisis_financial_consequence,crisis_specific_financial_consequence,False
t4jssq,2022-03-01,StockMarket,What are the pros/cons of buying Russian rubles now?,Russian,removed,True,False,True,False,False,False,True,False,False,False,False,False,False,excluded,excluded,False
t4m8bv,2022-03-01,stocks,Where to buy Russian equities?,Russian,removed,True,False,True,False,False,True,True,False,False,False,False,False,False,excluded,excluded,False
t4mfgm,2022-03-02,investing,Is is possible to invest in Russian Rubles at the moment?,Russian,removed,True,False,True,False,False,False,False,False,False,False,False,False,False,excluded,excluded,False
t4n8de,2022-03-02,StockMarket,Why a gas companies invested in Russia going up but gas companies not invested in Russia going down?,Russia,available,False,False,True,False,False,True,True,False,False,False,False,False,False,excluded,excluded,False
t4n8ts,2022-03-02,stocks,Why are gas companies invested in Russia going up but gas companies not invested in Russia going down?,Russia,removed,True,False,True,False,False,True,True,False,False,False,False,False,False,excluded,excluded,False
t4nhrz,2022-03-02,stocks,"If the ruble is worthless currently , but only to force Russia to back down in the untrained conflict , why not stock up on rubles ?",Russia,removed,True,False,True,True,True,True,True,False,False,True,False,True,True,russia_conflict_financial,geopolitical_crisis_financial,False
t4o6tu,2022-03-02,investing,Why are Russian ADRs falling so much?,Russia|Russian,available,False,False,True,False,False,True,True,True,True,False,True,True,True,russia_crisis_financial_consequence,crisis_specific_financial_consequence,False
t4ors6,2022-03-02,investing,How can we go about buying Ukrainian war bonds?,Ukrainian,removed,True,True,False,True,True,True,True,False,False,True,False,True,True,direct_ukraine_financial,geopolitical_crisis_financial,False
t4paaw,2022-03-02,investing,With oil at $110 and Russia in the toilet some big funds must be in deep trouble.,Russia,removed,True,False,True,False,False,True,True,False,False,False,False,False,False,excluded,excluded,False
t4pts2,2022-03-02,investing,Will Vanguard and other financial institutions remove Russian assets from their mutual funds or ETFs like VEU?,Russian,removed,True,False,True,False,False,True,True,True,False,False,False,True,False,russia_crisis_financial_consequence,excluded,True
t4r85s,2022-03-02,StockMarket,Moscow Exchange - that ratio is weirdly abnormal. Does it mean anything?,Moscow,blank,True,False,True,False,False,False,False,False,False,False,False,False,False,excluded,excluded,False
t4t09z,2022-03-02,investing,Investing against Russia?,Russia,removed,True,False,True,False,False,True,True,False,False,False,False,False,False,excluded,excluded,False
t4uwal,2022-03-02,StockMarket,Ukraine conflict: Oil hits $110 a barrel despite emergency measures. Need to buy some oil stocks to hedge the gas fee in California. $6 a gallon now!,Ukraine,blank,True,True,False,True,True,True,True,False,False,True,False,True,True,direct_ukraine_financial,geopolitical_crisis_financial,False
t4ve0t,2022-03-02,stocks,Analyzing earnings releases and revenue forecasts.,Ukraine|Russia|invasion,available,False,True,True,True,True,True,True,False,False,True,False,True,True,multiple_paths,geopolitical_crisis_financial,False
t4vr53,2022-03-02,investing,"Will the Russia-Ukraine war draw in NATO, and how will China respond?",Ukraine|Russia|NATO,removed,True,True,True,True,True,False,False,False,False,False,False,False,False,excluded,excluded,False
t4wamc,2022-03-02,stocks,Putin is killing small currencies,Putin,removed,True,False,True,False,False,True,True,False,False,False,False,False,False,excluded,excluded,False
t4wsd8,2022-03-02,StockMarket,Moscow Exchange won't resume stock trading on Wednesday,Moscow,deleted,True,False,True,False,False,True,True,False,False,False,False,False,False,excluded,excluded,False
t4ww3m,2022-03-02,StockMarket,Moscow Exchange won't resume stock trading on Wednesday,Moscow,blank,True,False,True,False,False,True,True,False,False,False,False,False,False,excluded,excluded,False
t4xehe,2022-03-02,StockMarket,"How likely is it that after seeing Russian invasion, China will go for Taiwan?",Russian|invasion,removed,True,False,True,True,True,False,False,False,False,False,False,False,False,excluded,excluded,False
t4xjxw,2022-03-02,investing,Sberbank shares - how screwed am I?,Russia|Russian|Moscow,available,False,False,True,False,False,True,True,False,False,False,False,False,False,excluded,excluded,False
t4zkeg,2022-03-02,stocks,Ukraine and Russia to have second negotiation today March 2nd,Ukraine|Russia|sanctions,available,False,True,True,True,True,True,True,False,False,True,False,True,True,multiple_paths,geopolitical_crisis_financial,False
t4zstv,2022-03-02,StockMarket,Here's Your Daily Market Brief For March 2nd,Ukraine|Russia|Russian|Putin|invasion,available,False,True,True,True,True,True,True,False,False,True,False,True,True,multiple_paths,geopolitical_crisis_financial,False
t50dft,2022-03-02,stocks,Buy russian stocks,Russian,removed,True,False,True,False,False,True,True,False,False,False,False,False,False,excluded,excluded,False
t50f6c,2022-03-02,stocks,How Will Ukraine vs. Russia Impact the Stock Market?,Ukraine|Russia,removed,True,True,True,False,False,True,True,False,False,False,False,True,False,direct_ukraine_financial,excluded,True
t50qdr,2022-03-02,stocks,"Fed Chair Powell notes ‘highly uncertain’ Ukraine impact, but says rate hikes are still coming",Ukraine|Russia|Russian|invasion|sanctions,available,False,True,True,True,True,True,True,False,False,True,False,True,True,multiple_paths,geopolitical_crisis_financial,False
t51hgn,2022-03-02,stocks,Any stock exchange still allowing to open positions on Russian stocks?,Russian,removed,True,False,True,False,False,True,True,False,False,False,False,False,False,excluded,excluded,False
t51tn8,2022-03-02,StockMarket,Russia shuts its stock market for a 3rd day as its government readies $10 billion to buy up plunging assets,Russia,blank,True,False,True,False,False,True,True,False,False,False,False,False,False,excluded,excluded,False
t520c8,2022-03-02,stocks,Ammo inc donation to Ukraine,Ukraine,removed,True,True,False,False,False,False,False,False,False,False,False,False,False,excluded,excluded,False
t527of,2022-03-02,investing,Why is the market assuming Fed action will be less aggressive given the Ukraine situation will almost certainly lead to increased Stagflation?,Ukraine|Russian,available,False,True,True,True,True,True,True,False,False,True,False,True,True,multiple_paths,geopolitical_crisis_financial,False
t53ubi,2022-03-02,investing,US Interest rates Are Headed Higher very soon to combat inflation,Ukraine,available,False,True,False,False,False,True,True,False,False,False,False,True,False,direct_ukraine_financial,excluded,True
t542xq,2022-03-02,stocks,Is there any way to buy Russian rouble?,Russian,removed,True,False,True,False,False,True,True,False,False,False,False,False,False,excluded,excluded,False
t55b6i,2022-03-02,stocks,Crude hits a high of $112.51 a barrel overnight; POTUS could ban Russian oil and gas,Ukraine|Russian,available,False,True,True,False,False,True,True,False,False,False,False,True,False,direct_ukraine_financial,excluded,True
t5652e,2022-03-02,stocks,Oil shift. Russian output goes where ? Europe consumption comes from where?,Russia|Russian,available,False,False,True,False,False,True,True,False,False,False,False,False,False,excluded,excluded,False
t569fh,2022-03-02,StockMarket,"Visa, Mastercard block Russian financial institutions after sanctions",Russian|sanctions,blank,True,False,True,True,True,True,True,False,False,True,False,True,True,russia_conflict_financial,geopolitical_crisis_financial,False
t56bte,2022-03-02,stocks,US stocks rebound as Powell says he supports 25 basis point hike in March,Ukraine|Russia|Russian|invasion,available,False,True,True,True,True,True,True,False,False,True,False,True,True,multiple_paths,geopolitical_crisis_financial,False
t56cqn,2022-03-02,stocks,Construction plays for rebuilding Ukraine?,Ukraine,removed,True,True,False,False,False,False,False,False,False,False,False,False,False,excluded,excluded,False
t56hy8,2022-03-02,StockMarket,"Gazprom, Lukoil and Sberbank are now penny stocks as Russian companies collapse in London",Russian,deleted,True,False,True,False,False,True,True,False,False,False,False,False,False,excluded,excluded,False
t56l84,2022-03-02,investing,Any views on how vulnerable some of the European Banks are to Russia defaulting on all debt?,Russia,removed,True,False,True,False,False,True,True,False,False,False,False,False,False,excluded,excluded,False
t56pe9,2022-03-02,stocks,MRO when sell?,Ukraine|Russia,available,False,True,True,False,False,True,True,False,False,False,False,True,False,direct_ukraine_financial,excluded,True
t57hkk,2022-03-02,investing,SPY - Why are we rising today? 🙈,Russian|sanctions,available,False,False,True,True,True,True,True,False,False,True,False,True,True,russia_conflict_financial,geopolitical_crisis_financial,False
t588t3,2022-03-02,stocks,"Robinhood now allowing russian stocks to be bought, what brokers are still allowing it?",Russian,removed,True,False,True,False,False,True,True,False,False,False,False,False,False,excluded,excluded,False
t58ckm,2022-03-02,stocks,"Send. Manchin says "" bill in works to ban Russian oil in the US""... Hello $200 barrel",Russian,removed,True,False,True,False,False,True,True,False,False,False,False,False,False,excluded,excluded,False
t58i8p,2022-03-02,investing,Is It a good idea to buy the russian dip? What about the timing? Do you believe it is better to buy options or stocks? Thanks a lot.,Russian,removed,True,False,True,False,False,True,True,False,False,False,False,False,False,excluded,excluded,False
t59wm4,2022-03-02,stocks,Investing During the Current Geopolitical Situation,Ukraine|Russia|Putin|NATO,available,False,True,True,True,True,True,True,False,False,True,False,True,True,multiple_paths,geopolitical_crisis_financial,False
t5a2b3,2022-03-02,stocks,Russian Stocks in London Stock Exchange - who is trading those now?,Russia|Russian|sanctions,available,False,False,True,True,True,True,True,False,False,True,False,True,True,russia_conflict_financial,geopolitical_crisis_financial,False
t5b2bv,2022-03-02,stocks,Don't go into Russian stocks,Russian,removed,True,False,True,False,False,True,True,False,False,False,False,False,False,excluded,excluded,False
t5b7iy,2022-03-02,StockMarket,"Here is a Market Recap for today Wednesday, March 2, 2022",Ukraine|Russia|Russian|invasion|sanctions,available,False,True,True,True,True,True,True,True,False,True,False,True,True,multiple_paths,geopolitical_crisis_financial,False
t5b8xe,2022-03-02,StockMarket,"Bets against energy stocks are at the highest in more than a year as the Ukraine crisis drive oil prices over $100 per barrel, S&P Global says",Ukraine,blank,True,True,False,False,True,True,True,False,False,True,False,True,True,direct_ukraine_financial,geopolitical_crisis_financial,False
t5bsia,2022-03-02,stocks,With all the sanctions going on,sanctions,available,False,False,False,True,True,True,True,False,False,False,False,False,False,excluded,excluded,False
t5dvfi,2022-03-02,investing,Russian Stock Discrepancies,Russian,deleted,True,False,True,False,False,True,True,False,False,False,False,False,False,excluded,excluded,False
t5e2x9,2022-03-03,stocks,Schawb halted trading on Russian Securities,Russia|Russian|sanctions,available,False,False,True,True,True,True,True,False,False,True,False,True,True,russia_conflict_financial,geopolitical_crisis_financial,False
t5e7v5,2022-03-03,stocks,Russian Stock Discrepancies,Russian,deleted,True,False,True,False,False,True,True,False,False,False,False,False,False,excluded,excluded,False
t5elgi,2022-03-03,investing,Ouch. Russian investors have 95% of their stock portfolios invested in Russian stocks.,Russian,removed,True,False,True,False,False,True,True,False,False,False,False,False,False,excluded,excluded,False
t5eo38,2022-03-03,stocks,how to buy russian stock?,Russian,removed,True,False,True,False,False,True,True,False,False,False,False,False,False,excluded,excluded,False
t5eqqu,2022-03-03,stocks,how to buy russian stock?,Russian,available,False,False,True,False,False,True,True,False,False,False,False,False,False,excluded,excluded,False
t5f2o1,2022-03-03,investing,Could some foreign investment shift from Russia to Ukraine?,Ukraine|Russia,removed,True,True,True,False,False,True,True,False,False,False,False,True,False,direct_ukraine_financial,excluded,True
t5g4c7,2022-03-03,StockMarket,How likely are Russian Sanctions to create an Evergrande/ 2008 Housing Crisis Situation,Russian|sanctions,available,False,False,True,True,True,True,True,True,False,True,False,True,True,multiple_paths,geopolitical_crisis_financial,False
t5ggt7,2022-03-03,stocks,Can I buy Russian rubies right now and win tendies if I hold for a few years?,Russian,removed,True,False,True,False,False,False,True,False,False,False,False,False,False,excluded,excluded,False
t5hos8,2022-03-03,stocks,Russian rubbles,Russian,removed,True,False,True,False,False,False,False,False,False,False,False,False,False,excluded,excluded,False
t5ip1i,2022-03-03,investing,Donate Bitcoin or Ethereum to Ukraine using Wealthsimple,Ukraine,removed,True,True,False,False,False,False,False,False,False,False,False,False,False,excluded,excluded,False
t5j84s,2022-03-03,stocks,"So Russia largest bank, SberBank has just lost 95% of its value, how likely it's gonna recover?",Russia,removed,True,False,True,False,False,True,True,False,False,False,False,False,False,excluded,excluded,False
t5knmq,2022-03-03,stocks,Russian stocks,Russian,removed,True,False,True,False,False,True,True,False,False,False,False,False,False,excluded,excluded,False
t5m9yg,2022-03-03,StockMarket,"Fitch, Moody's slash Russia's sovereign rating to junk | Reuters",Russia,blank,True,False,True,False,False,False,False,False,False,False,False,False,False,excluded,excluded,False
t5oxre,2022-03-03,StockMarket,London Stock Exchange suspends trading in 27 firms with strong links to Russia,Russia,blank,True,False,True,False,False,True,True,False,False,False,False,False,False,excluded,excluded,False
t5p5mq,2022-03-03,investing,VOLKSWAGEN SAYS TO HALT ACTIVITIES IN RUSSIA UNTIL FURTHER NOTICE,Russia,removed,True,False,True,False,False,False,False,False,False,False,False,False,False,excluded,excluded,False
t5pwl8,2022-03-03,stocks,Why raise rates?,Ukraine,available,False,True,False,False,True,True,True,False,False,True,False,True,True,direct_ukraine_financial,geopolitical_crisis_financial,False
t5qqpd,2022-03-03,StockMarket,"London scraps trading in Russian shares following 99% drops, as Moscow closes stock exchange for a 4th day",Russian|Moscow,blank,True,False,True,False,False,True,True,False,False,False,False,False,False,excluded,excluded,False
t5rf7m,2022-03-03,StockMarket,Here's Your Daily Market Brief For March 3rd,Ukraine|Ukrainian|Russia|Russian|invasion|sanctions,available,False,True,True,True,True,True,True,False,False,True,False,True,True,multiple_paths,geopolitical_crisis_financial,False
t5sfdx,2022-03-03,stocks,If I invest in Russian stocks right now because there currency is low will I make a lot of money if it goes back to normal?,Russian,removed,True,False,True,False,False,True,True,False,False,False,False,False,False,excluded,excluded,False
t5sosu,2022-03-03,StockMarket,FTSE and MSCI kicking Russia from EM indices,Russia,blank,True,False,True,False,False,True,True,False,False,False,False,False,False,excluded,excluded,False
t5sup9,2022-03-03,stocks,Don't go into Russian stocks - Latest Discussion Thread from Wall Street Bets,Russian,removed,True,False,True,False,False,True,True,False,False,False,False,False,False,excluded,excluded,False
t5tibs,2022-03-03,stocks,Is it legal for broker to forcefully sell stock in a non margin account?,Russian|sanctions,available,False,False,True,True,True,True,True,False,False,True,False,True,True,russia_conflict_financial,geopolitical_crisis_financial,False
t5udts,2022-03-03,investing,MSCI and FTSE to remove Russia from their benchmarks,Russia,removed,True,False,True,False,False,False,False,False,False,False,False,False,False,excluded,excluded,False
t5upmv,2022-03-03,investing,MSCI and FTSERussell will be removing Russia from their indicies.,Russia|Russian,available,False,False,True,False,False,False,True,False,False,False,False,False,False,excluded,excluded,False
t5vfom,2022-03-03,stocks,Cleveland Fed President Mester says Ukraine war accelerates the need for interest rate hikes,Ukraine,deleted,True,True,False,True,True,True,True,False,False,True,False,True,True,direct_ukraine_financial,geopolitical_crisis_financial,False
t5vsej,2022-03-03,stocks,Will Russian oil & other stocks be worthless?,Russian,available,False,False,True,False,False,True,True,False,False,False,False,False,False,excluded,excluded,False
t5wlyc,2022-03-03,investing,Can we buy Ukrainian war bonds?,Ukraine|Ukrainian,available,False,True,False,True,True,True,True,False,False,True,False,True,True,direct_ukraine_financial,geopolitical_crisis_financial,False
t5wvxk,2022-03-03,investing,Weighting INTl index funds in index fund investing?,Ukraine|Russia,available,False,True,True,True,True,True,True,False,False,True,False,True,True,multiple_paths,geopolitical_crisis_financial,False
t5wvxl,2022-03-03,investing,Weighting INTl index funds in index fund investing?,Ukraine|Russia,available,False,True,True,True,True,True,True,False,False,True,False,True,True,multiple_paths,geopolitical_crisis_financial,False
t5x3ao,2022-03-03,investing,Tell me why shouldn't I buy $1000 in RUSL (2x Russian index) right now?,Russian,removed,True,False,True,False,False,True,True,False,False,False,False,False,False,excluded,excluded,False
t5yayn,2022-03-03,stocks,Are stocks in defence the new tech stocks?,Ukraine,available,False,True,False,True,True,True,True,False,False,True,False,True,True,direct_ukraine_financial,geopolitical_crisis_financial,False
t5ykcy,2022-03-03,StockMarket,🎅🏻📉 Not looking good in Russia currently,Russia,blank,True,False,True,False,False,False,False,False,False,False,False,False,False,excluded,excluded,False
t5ynry,2022-03-03,stocks,What companies operate or do any business in/with Russia that haven't yet responded to the war?,Russia,removed,True,False,True,True,True,True,True,False,False,True,False,True,True,russia_conflict_financial,geopolitical_crisis_financial,False
t5yofa,2022-03-03,investing,Russia barred all dividends payments from russian companies to foreign share holders..........,Russia|Russian,removed,True,False,True,False,False,True,True,False,False,False,False,False,False,excluded,excluded,False
t5z7f8,2022-03-03,investing,Thoughts on $ERUS? (Russia ETF),Russia,removed,True,False,True,False,False,True,True,False,False,False,False,False,False,excluded,excluded,False
t5zcpw,2022-03-03,stocks,Is it still possible to buy Russian stocks?,Russian,deleted,True,False,True,False,False,True,True,False,False,False,False,False,False,excluded,excluded,False
t5zphg,2022-03-03,stocks,Buying SCO as oil peaks?,Russian|Putin,available,False,False,True,True,True,True,True,False,False,True,False,True,True,russia_conflict_financial,geopolitical_crisis_financial,False
t5zsf7,2022-03-03,stocks,Thoughts on $ERUS? (Russia ETF),Russia,deleted,True,False,True,False,False,True,True,False,False,False,False,False,False,excluded,excluded,False
t622h3,2022-03-03,stocks,Stock Market Today - Stocks Fall as Russia-Ukraine War Continues - What ...,Ukraine|Russia,removed,True,True,True,True,True,True,True,False,False,True,False,True,True,multiple_paths,geopolitical_crisis_financial,False
t62mxd,2022-03-03,stocks,Russian stocks?,Russian,removed,True,False,True,False,False,True,True,False,False,False,False,False,False,excluded,excluded,False
t630z0,2022-03-03,investing,"So it might be too early, but how can US investor invest into Russia long term?",Russia,removed,True,False,True,False,False,True,True,False,False,False,False,False,False,excluded,excluded,False
t637um,2022-03-03,StockMarket,Options for buying Russian stocks,Russian,removed,True,False,True,False,False,True,True,False,False,False,False,False,False,excluded,excluded,False
t64lyn,2022-03-03,StockMarket,During Live feed on Russian TV the stock exchange expert drank and cheered to the death of the Russian stock market and said that he would go to work as Santa Claus.,Russian,blank,True,False,True,False,False,True,True,False,False,False,False,False,False,excluded,excluded,False
t6668s,2022-03-04,StockMarket,Russian economy expert takes a drink to the death of the Russian stock market,Russian,blank,True,False,True,False,False,True,True,False,False,False,False,False,False,excluded,excluded,False
t66csv,2022-03-04,stocks,Futures plummet as Russian troops are shelling Europe’s largest nuclear power station in Ukraine,Ukraine|Russia|Russian|Kyiv|invasion,available,False,True,True,True,True,True,True,False,False,True,False,True,True,multiple_paths,geopolitical_crisis_financial,False
t66o0g,2022-03-04,investing,What’s your opinion on a long Russian play. I’m in my early twenties and can’t imagine this whole thing lasting until my 50’s,Russian,removed,True,False,True,False,False,False,False,False,False,False,False,False,False,excluded,excluded,False
t6992t,2022-03-04,stocks,So Russia hasn't opened the stock marked this week. How long can they close it?,Russia,removed,True,False,True,False,False,True,True,False,False,False,False,False,False,excluded,excluded,False
t69r9y,2022-03-04,StockMarket,How do you get exposure to Russian stocks or ETFs being in America?,Russian,removed,True,False,True,False,False,True,True,False,False,False,False,False,False,excluded,excluded,False
t69s53,2022-03-04,investing,"CHINA POLITICS China will not join sanctions against Russia, banking regulator says",Russia|sanctions,removed,True,False,True,True,True,True,True,False,False,True,False,True,True,russia_conflict_financial,geopolitical_crisis_financial,False
t69u99,2022-03-04,investing,"China will not join sanctions against Russia, banking regulator says",Ukraine|Russia|sanctions,available,False,True,True,True,True,True,True,False,False,True,False,True,True,multiple_paths,geopolitical_crisis_financial,False
t6c89g,2022-03-04,stocks,Euro & International Stock Advisory Service,Ukraine,available,False,True,False,False,False,True,True,False,False,False,False,True,False,direct_ukraine_financial,excluded,True
t6cskd,2022-03-04,stocks,A Snapshot of Russian economy?,Russian,removed,True,False,True,False,False,True,True,False,False,False,False,False,False,excluded,excluded,False
t6ctik,2022-03-04,investing,A Snapshot of Russian economy?,Russian,available,False,False,True,False,False,True,True,False,False,False,False,False,False,excluded,excluded,False
t6cvpq,2022-03-04,stocks,"Stock market news live updates: Stocks fall as oil prices steady, investors monitor Russia-Ukraine",Ukraine|Russia,removed,True,True,True,False,False,True,True,False,False,False,False,True,False,direct_ukraine_financial,excluded,True
t6dwi0,2022-03-04,investing,Russian Tech Giant Yandex Says Might Default,Russian,removed,True,False,True,False,False,True,True,False,False,False,False,False,False,excluded,excluded,False
t6egdq,2022-03-04,StockMarket,"Russian-owned Broker Sova Capital Crashes into Special Administration, Ceases All Operations",Russian,blank,True,False,True,False,False,False,False,False,False,False,False,False,False,excluded,excluded,False
t6ge70,2022-03-04,investing,We need to upgrade ESG Standarts to avoid investments in countries with low democracy (Russia/ China),Ukraine|Russia|Russian|invasion|sanctions,available,False,True,True,True,True,True,True,False,False,True,False,True,True,multiple_paths,geopolitical_crisis_financial,False
t6get0,2022-03-04,StockMarket,"Nickel is making headlines now with massive increase in demand and supply shocks from Russa. Investors are increasingly looking for quality, sustainable exploration and prroduction. Here is one that may be worth looking at..",Ukraine|Russia,available,False,True,True,True,True,True,True,False,False,True,False,True,True,multiple_paths,geopolitical_crisis_financial,False
t6i6l4,2022-03-04,investing,Are there any interesting stocks from business in Ukraine?,Ukraine,removed,True,True,False,False,False,True,True,False,False,False,False,True,False,direct_ukraine_financial,excluded,True
t6ihcj,2022-03-04,StockMarket,Here's Your Daily Market Brief For March 4th,Ukraine|Ukrainian|Russia|Russian|Putin|Moscow|invasion|sanctions,available,False,True,True,True,True,True,True,False,False,True,False,True,True,multiple_paths,geopolitical_crisis_financial,False
t6it4r,2022-03-04,stocks,Need advice for my Roth IRA,Ukraine,available,False,True,False,False,False,False,True,False,False,False,False,False,False,excluded,excluded,False
t6j40l,2022-03-04,stocks,Im buying Russian equities,Russian|invasion,available,False,False,True,True,True,True,True,False,False,True,False,True,True,russia_conflict_financial,geopolitical_crisis_financial,False
t6jbm3,2022-03-04,investing,"If you were given 50k, but were forced to invest in China or Russia for at least one year before selling, what would you buy?",Russia,removed,True,False,True,False,False,False,True,False,False,False,False,False,False,excluded,excluded,False
t6jmtc,2022-03-04,stocks,"February jobs rose a surprisingly strong 678,000, unemployment edged lower while wages were flat",Ukraine|Russia,available,False,True,True,True,True,True,True,False,False,True,False,True,True,multiple_paths,geopolitical_crisis_financial,False
t6jwky,2022-03-04,StockMarket,"Morning Update for Friday, 3/4/22",Ukraine|Russia,available,False,True,True,False,False,True,True,False,False,False,False,True,False,direct_ukraine_financial,excluded,True
t6ko3m,2022-03-04,investing,Russia's second biggest oil company calls for an end to Putin's war,Ukraine|Russia|Putin,available,False,True,True,True,True,True,True,False,False,True,False,True,True,multiple_paths,geopolitical_crisis_financial,False
t6nxag,2022-03-04,investing,Shorting Russian Equities,Russian,removed,True,False,True,False,False,True,True,False,False,False,False,False,False,excluded,excluded,False
t6nybh,2022-03-04,stocks,Russia May Default. Passive Funds Still Have to Own Its Bonds.,Ukraine|Russia|Russian|invasion|sanctions,available,False,True,True,True,True,True,True,True,False,True,False,True,True,multiple_paths,geopolitical_crisis_financial,False
t6p4na,2022-03-04,investing,Veon says It Isn’t subject to EU sanctions.,sanctions,removed,True,False,False,True,True,False,False,False,False,False,False,False,False,excluded,excluded,False
t6pxz5,2022-03-04,stocks,"""STANDALONE""",Ukraine|Russia|Russian|Putin|invasion,available,False,True,True,True,True,True,True,False,False,True,False,True,True,multiple_paths,geopolitical_crisis_financial,False
t6q9nm,2022-03-04,investing,"As investors look to the future, stocks are rising and oil prices are rising. Powell's testimony, Russia's war",Russia,removed,True,False,True,True,True,True,True,False,False,True,False,True,True,russia_conflict_financial,geopolitical_crisis_financial,False
t6qay7,2022-03-04,investing,"As investors look to the future, stocks are rising and oil prices are rising. Powell's testimony, Russia's war",Russia,removed,True,False,True,True,True,True,True,False,False,True,False,True,True,russia_conflict_financial,geopolitical_crisis_financial,False
t6r07s,2022-03-04,StockMarket,$USO is the Oil ETF that tracks the price of oil! Hedge your money against rising fuel prices and get into oil! The US just sanctioned Russian oil and it's just a matter of time before everyone else in NATO does.,Russian|NATO,blank,True,False,True,True,True,True,True,False,False,True,False,True,True,russia_conflict_financial,geopolitical_crisis_financial,False
t6rkr9,2022-03-04,stocks,JUST IN: Russia Blocks Access to Facebook,Russia,removed,True,False,True,False,False,False,False,False,False,False,False,False,False,excluded,excluded,False
t6sj9e,2022-03-04,stocks,Ukrainian retail chains remove Coca-Cola products from sale due to its continued operation in Russia,Ukraine|Ukrainian|Russia|Russian,available,False,True,True,False,False,True,True,False,False,False,False,True,False,direct_ukraine_financial,excluded,True
t6tb61,2022-03-04,investing,Wall Street Is Pouncing on Russia’s Cheap Corporate Debt,Russia,available,False,False,True,False,False,True,True,False,False,False,False,False,False,excluded,excluded,False
t6u7jf,2022-03-04,stocks,Are Russia ETFs really that cheap anymore?,Russia,available,False,False,True,False,False,True,True,False,False,False,False,False,False,excluded,excluded,False
t6u904,2022-03-04,stocks,Russia's version of Google Yandex (YNDX) warns it could default,Ukraine|Russia|Russian|Moscow|invasion|sanctions,available,False,True,True,True,True,True,True,True,True,True,True,True,True,multiple_paths,multiple_paths,False
t6vh84,2022-03-04,StockMarket,"Here is a Market Recap for today Friday, March 4, 2022",Ukraine|Russia,available,False,True,True,True,True,True,True,False,False,True,False,True,True,multiple_paths,geopolitical_crisis_financial,False
t6vkud,2022-03-04,StockMarket,Ukraine-Russia war effects on US index funds?,Ukraine|Russia,removed,True,True,True,True,True,True,True,False,False,True,False,True,True,multiple_paths,geopolitical_crisis_financial,False
t6vmwr,2022-03-04,stocks,Ukraine-Russia war effect on US index funds?,Ukraine|Russia,removed,True,True,True,True,True,True,True,False,False,True,False,True,True,multiple_paths,geopolitical_crisis_financial,False
t6wlxv,2022-03-05,investing,I will buy your shares of Russian companies (depositary receipts),Russian,removed,True,False,True,False,False,True,True,False,False,False,False,False,False,excluded,excluded,False
t6ww4u,2022-03-05,stocks,Western Hemisphere fertilizer companies,Russia,available,False,False,True,False,False,True,True,False,False,False,False,False,False,excluded,excluded,False
t6x3rm,2022-03-05,stocks,Russian etf Ukraine vs Crimea,Ukraine|Russian,removed,True,True,True,False,False,True,True,False,False,False,False,True,False,direct_ukraine_financial,excluded,True
t6zr2i,2022-03-05,StockMarket,"Wall Street Week Ahead for the trading week beginning March 7th, 2022",Ukraine|Russia|Russian|invasion|sanctions,available,False,True,True,True,True,True,True,False,False,True,False,True,True,multiple_paths,geopolitical_crisis_financial,False
t6zsjn,2022-03-05,stocks,"Wall Street Week Ahead for the trading week beginning March 7th, 2022",Ukraine|Russia|Russian|invasion|sanctions,available,False,True,True,True,True,True,True,False,False,True,False,True,True,multiple_paths,geopolitical_crisis_financial,False
t72ldk,2022-03-05,stocks,NYSE suspends trading in three Russia-exposed ETFs,Russia,removed,True,False,True,False,False,True,True,False,False,False,False,False,False,excluded,excluded,False
t72zpx,2022-03-05,stocks,"Elon Musk calls for increase in US oil, gas production to combat Russia despite negative effect on Tesla",Ukraine|Russia,available,False,True,True,False,False,True,True,False,False,False,False,True,False,direct_ukraine_financial,excluded,True
t733ri,2022-03-05,StockMarket,"Death of Russian Stock Market potentially coincide with ""abrupt disruption"" in US market?",Russian,removed,True,False,True,False,False,True,True,False,False,False,False,False,False,excluded,excluded,False
t74gd7,2022-03-05,StockMarket,Weekend VIX Update,Ukraine,available,False,True,False,False,True,True,True,False,False,True,False,True,True,direct_ukraine_financial,geopolitical_crisis_financial,False
t74tdn,2022-03-05,stocks,"S&P Dow Jones is removing Russia stocks from indexes, stripping country of emerging market status",Russia,removed,True,False,True,False,False,True,True,False,False,False,False,False,False,excluded,excluded,False
t74wil,2022-03-05,investing,Is delisting an entire country the right thing to do?,Russia|Russian,available,False,False,True,True,True,True,True,False,False,True,False,True,True,russia_conflict_financial,geopolitical_crisis_financial,False
t750pd,2022-03-05,stocks,All Russian stocks to be delisted from S&P 500 by Wednesday,Russian,removed,True,False,True,False,False,True,True,False,False,False,False,False,False,excluded,excluded,False
t753oq,2022-03-05,StockMarket,Uranium Stocks Fall Over 11% on Friday on Potential Russian Sanctions,Russian|sanctions,blank,True,False,True,True,True,True,True,False,False,True,False,True,True,russia_conflict_financial,geopolitical_crisis_financial,False
t7674d,2022-03-05,investing,STEP BY STEP on how to buy Russian stocks?,Russian,removed,True,False,True,False,False,True,True,False,False,False,False,False,False,excluded,excluded,False
t7aamc,2022-03-05,stocks,Nvdia to stop all product sales to Russia,Ukraine|Russia|invasion,available,False,True,True,True,True,True,True,True,False,True,False,True,True,multiple_paths,geopolitical_crisis_financial,False
t7b8au,2022-03-05,investing,"Assuming Russia wins this war, which stocks have the best future prospects?",Russia,removed,True,False,True,True,True,True,True,False,False,True,False,True,True,russia_conflict_financial,geopolitical_crisis_financial,False
t7c6b2,2022-03-05,StockMarket,OIL is about to sky rocket. *Feedback would be much appreciated*,Russia|invasion,available,False,False,True,True,True,True,True,False,False,True,False,True,True,russia_conflict_financial,geopolitical_crisis_financial,False
t7d4tj,2022-03-05,stocks,There's a difference between timing the market and looking at fundamentals.,Ukraine,available,False,True,False,False,True,True,True,False,False,True,False,True,True,direct_ukraine_financial,geopolitical_crisis_financial,False
t7e0hz,2022-03-05,stocks,Sell your shell stocks. Shell keeps buying Russian oil at a discount,Russian,removed,True,False,True,False,False,True,True,False,False,False,False,False,False,excluded,excluded,False
t7ecsi,2022-03-05,StockMarket,Time to reduce International exposure?,Russia,available,False,False,True,True,True,True,True,False,False,True,False,True,True,russia_conflict_financial,geopolitical_crisis_financial,False
t7hc25,2022-03-05,investing,Europe Fears It Could Be Too Late to Shake Off Russian Gas Addiction,Ukraine|Russia|Russian|sanctions,available,False,True,True,True,True,True,True,False,False,True,False,True,True,multiple_paths,geopolitical_crisis_financial,False
t7hqgf,2022-03-05,StockMarket,Save Ukraine,Ukraine,removed,True,True,False,False,False,False,False,False,False,False,False,False,False,excluded,excluded,False
t7hycf,2022-03-05,stocks,Enabling Russia - is it time to boycott Made in China/India,Russia,removed,True,False,True,False,False,False,False,False,False,False,False,False,False,excluded,excluded,False
t7jk9x,2022-03-05,investing,What portion of the world GDP is Ukraine,Ukraine,removed,True,True,False,False,False,False,False,False,False,False,False,False,False,excluded,excluded,False
t7ko2g,2022-03-05,stocks,Companies withdrawing from Russian investments - can someone point me to a resource to help understand what it means?,Russia|Russian,available,False,False,True,True,True,True,True,False,False,True,False,True,True,russia_conflict_financial,geopolitical_crisis_financial,False
t7kz6r,2022-03-05,stocks,Visa Suspends All Russia Operations,Ukraine|Russia|Russian|invasion,available,False,True,True,True,True,True,True,False,False,True,False,True,True,multiple_paths,geopolitical_crisis_financial,False
t7lyp1,2022-03-05,stocks,What will be the impact on Walmart's share value - if people start boycotting chinese companies over china's continued business with Russia?,Russia|Russian|Putin|sanctions,available,False,False,True,True,True,True,True,False,False,True,False,True,True,russia_conflict_financial,geopolitical_crisis_financial,False
t7m87n,2022-03-05,stocks,Mastercard Suspends Operations in Russia,Ukraine|Russia|Russian,available,False,True,True,False,False,True,True,False,False,False,False,True,False,direct_ukraine_financial,excluded,True
t7m8dj,2022-03-05,investing,Mastercard Suspends Operations in Russia,Ukraine|Russia|Russian,available,False,True,True,False,False,True,True,False,False,False,False,True,False,direct_ukraine_financial,excluded,True
t7mgkn,2022-03-06,StockMarket,Question about covered call and Russian etf (RSX),Russian,removed,True,False,True,False,False,True,True,False,False,False,False,False,False,excluded,excluded,False
t7nr77,2022-03-06,stocks,The Dow drops 4 weeks in a row. Which bargain undervalued stocks are you buying or planning to buy?,Ukraine|Russia,available,False,True,True,False,False,True,True,False,False,False,False,True,False,direct_ukraine_financial,excluded,True
t7pnno,2022-03-06,stocks,A lot of BTD(Buy The Dip) threads recently.,Ukraine,available,False,True,False,True,True,True,True,False,False,True,False,True,True,direct_ukraine_financial,geopolitical_crisis_financial,False
t7qtr3,2022-03-06,StockMarket,"Visa, Mastercard Grant Zelensky's Request, Ban All Operations in Russia",Russia,blank,True,True,True,False,False,False,False,False,False,False,False,False,False,excluded,excluded,False
t7tqt0,2022-03-06,StockMarket,Vaneck russia etf is stopped trading?,Russia,removed,True,False,True,False,False,True,True,False,False,False,False,False,False,excluded,excluded,False
t7tu1u,2022-03-06,stocks,Rsx vaneck russia etf is stop trading?,Russia,removed,True,False,True,False,False,True,True,False,False,False,False,False,False,excluded,excluded,False
t7um4t,2022-03-06,stocks,#Ukraine#Repost#help,Ukraine,removed,True,True,False,False,False,False,False,False,False,False,False,False,False,excluded,excluded,False
t7yvma,2022-03-06,stocks,Investment Strategy,Russia,available,False,False,True,False,False,True,True,False,False,False,False,False,False,excluded,excluded,False
t7z6wn,2022-03-06,stocks,Could China make out like bandits with the russia/ukraine conflict?,Ukraine|Russia,removed,True,True,True,True,True,False,False,False,False,False,False,False,False,excluded,excluded,False
t7zdf0,2022-03-06,investing,Russian Creditors to be paid in Rubles,Russian,removed,True,False,True,False,False,False,False,False,False,False,False,False,False,excluded,excluded,False
t7zia8,2022-03-06,investing,Russian creditors to be paid in Rubles,Russia|Russian|Putin|NATO,available,False,False,True,True,True,False,False,False,False,False,False,False,False,excluded,excluded,False
t810e0,2022-03-06,stocks,Reuters 2021: “Foreign funds now own 81% of all shares listed on Moscow Exchange”,Russia|Moscow|sanctions,available,False,False,True,True,True,True,True,False,False,True,False,True,True,russia_conflict_financial,geopolitical_crisis_financial,False
t81hlr,2022-03-06,StockMarket,We are with Ukraine 🇺🇦❤️. Bring Putin down,Ukraine|Putin,blank,True,True,True,False,False,False,False,False,False,False,False,False,False,excluded,excluded,False
t81ywf,2022-03-06,stocks,Do Russian people have pensions funds similar to 401k that are affected by their stock market performance?,Russian,removed,True,False,True,False,False,True,True,False,False,False,False,False,False,excluded,excluded,False
t83c00,2022-03-06,StockMarket,Problem is Wall Street....and maybe you too.,Russia|Putin,available,False,False,True,True,True,True,True,False,False,True,False,True,True,russia_conflict_financial,geopolitical_crisis_financial,False
t83rzh,2022-03-06,stocks,RSX Down 78.94% YTD - Should I Buy?,Russia,available,False,False,True,True,True,False,True,False,False,True,False,False,True,excluded,geopolitical_crisis_financial,True
t83wk1,2022-03-06,stocks,Who will create the worse crisis? China or Russia?,Russia|sanctions,available,False,False,True,True,True,True,True,False,False,True,False,True,True,russia_conflict_financial,geopolitical_crisis_financial,False
t848uq,2022-03-06,stocks,Help Ukraine #standwithukraine,Ukraine,removed,True,True,False,False,False,False,False,False,False,False,False,False,False,excluded,excluded,False
t8579d,2022-03-06,stocks,Is banking an attractive sector?,sanctions,available,False,False,False,True,True,True,True,False,False,False,False,False,False,excluded,excluded,False
t869pt,2022-03-06,stocks,Will Russian seizure of assets bankrupt Trump.org - you know they won't be paying those rent bills,Russian,removed,True,False,True,False,False,True,True,False,False,False,False,False,False,excluded,excluded,False
t87wj7,2022-03-06,StockMarket,Would it be viable for Russia to keep their stock market closed throughout the war?,Russia,removed,True,False,True,True,True,True,True,False,False,True,False,True,True,russia_conflict_financial,geopolitical_crisis_financial,False
t88731,2022-03-06,StockMarket,Would it be viable for Russia to keep their stock market closed throughout the war?,Russia,removed,True,False,True,True,True,True,True,False,False,True,False,True,True,russia_conflict_financial,geopolitical_crisis_financial,False
t88m74,2022-03-06,StockMarket,Would it be viable for Russia to keep their stock market closed throughout the war?,Russia,removed,True,False,True,True,True,True,True,False,False,True,False,True,True,russia_conflict_financial,geopolitical_crisis_financial,False
t88o4b,2022-03-06,stocks,Can Russian stocks be bought still?,Russian,removed,True,False,True,False,False,True,True,False,False,False,False,False,False,excluded,excluded,False
t8a1l6,2022-03-06,stocks,Investing in Russian companies,Russian,removed,True,False,True,False,False,True,True,False,False,False,False,False,False,excluded,excluded,False
t8atr4,2022-03-06,investing,Oil likely headed higher over US discussing oil sanctions,Russian|sanctions,available,False,False,True,True,True,True,True,False,False,True,False,True,True,russia_conflict_financial,geopolitical_crisis_financial,False
t8b03s,2022-03-06,stocks,Oil surges above $130 Sunday evening (+$15/bbl vs Friday); Stocks Face Oil Risks Amid Talk of Russia Embargo,Ukraine|Russia|Russian|Putin|invasion|sanctions,available,False,True,True,True,True,True,True,True,True,True,True,True,True,multiple_paths,multiple_paths,False
t8dexi,2022-03-07,stocks,Is it time to buy $RTX Raytheon technologies closed $99.56 on Friday.,Ukraine|NATO,available,False,True,False,True,True,True,True,False,False,True,False,True,True,direct_ukraine_financial,geopolitical_crisis_financial,False
t8dvdw,2022-03-07,investing,Russia revolution and the markets,Russia,removed,True,False,True,False,False,True,True,False,False,False,False,False,False,excluded,excluded,False
t8ioy8,2022-03-07,investing,Will the War in Russia accelerate demand for EVs and Base Metals ? My view below,Russia,removed,True,False,True,True,True,True,True,False,False,True,False,True,True,russia_conflict_financial,geopolitical_crisis_financial,False
t8iq8u,2022-03-07,investing,"Will the Ukraine crisis accelerate demand for base metals,clean energy and EVs?",Ukraine,removed,True,True,False,False,True,True,True,False,False,True,False,True,True,direct_ukraine_financial,geopolitical_crisis_financial,False
t8j9zf,2022-03-07,investing,Will the United States become energy independent?,Ukraine|Russia|Russian|Putin,available,False,True,True,True,True,True,True,False,False,True,False,True,True,multiple_paths,geopolitical_crisis_financial,False
t8jh6p,2022-03-07,investing,Russian Rubles for long term holding,Russian,removed,True,False,True,False,False,False,False,False,False,False,False,False,False,excluded,excluded,False
t8jujd,2022-03-07,StockMarket,Can Wall Street limit the losses coming from the conflict in Ukraine?,Ukraine,available,False,True,False,True,True,True,True,False,False,True,False,True,True,direct_ukraine_financial,geopolitical_crisis_financial,False
t8kesu,2022-03-07,StockMarket,Stocks sink while oil soars after US and allies consider banning Russian oil,Russian,blank,True,False,True,False,False,True,True,False,False,False,False,False,False,excluded,excluded,False
t8kyec,2022-03-07,stocks,Stock futures sink as U.S. and its allies consider ban on Russian oil imports,Ukraine|Russia|Russian|invasion,available,False,True,True,True,True,True,True,False,False,True,False,True,True,multiple_paths,geopolitical_crisis_financial,False
t8lwz2,2022-03-07,stocks,Oil stock ideas if the US government ban russian oil ?,Russian,removed,True,False,True,False,False,True,True,False,False,False,False,False,False,excluded,excluded,False
t8mjtl,2022-03-07,stocks,Europe: Stagflation incoming?,Ukraine|Russia|Russian,available,False,True,True,True,True,True,True,False,False,True,False,True,True,multiple_paths,geopolitical_crisis_financial,False
t8n8i1,2022-03-07,investing,Boeing suspended buying Titanium from Russia,Russia,removed,True,False,True,False,False,False,True,False,False,False,False,False,False,excluded,excluded,False
t8om6f,2022-03-07,stocks,Stock related Q: JPMorgan Russian Securities? yolo?,Russian,removed,True,False,True,False,False,True,True,False,False,False,False,False,False,excluded,excluded,False
t8ont7,2022-03-07,stocks,Where can I buy Russian pink sheets like Gazprom and Sberbank?,Russian,removed,True,False,True,False,False,False,True,False,False,False,False,False,False,excluded,excluded,False
t8oz6c,2022-03-07,stocks,European stock indexes have reached bear market territory,Ukraine|Russia,available,False,True,True,True,True,True,True,False,False,True,False,True,True,multiple_paths,geopolitical_crisis_financial,False
t8p6ou,2022-03-07,StockMarket,Here's Your Daily Market Brief For March 7th,Ukraine|Russia|Russian|invasion|sanctions,available,False,True,True,True,True,True,True,False,False,True,False,True,True,multiple_paths,geopolitical_crisis_financial,False
t8py25,2022-03-07,stocks,Oil going higher. U.S to ban Russia oil as soon as today. IMPP $4.70 INDO $45.50.,Russia,removed,True,False,True,False,False,True,True,False,False,False,False,False,False,excluded,excluded,False
t8q588,2022-03-07,StockMarket,"Morning Update for Monday, 3/7/22",Ukraine|Russia|Putin,available,False,True,True,False,False,True,True,False,False,False,False,True,False,direct_ukraine_financial,excluded,True
t8r6bz,2022-03-07,StockMarket,Russian ETF RSX was Halted,Russian,removed,True,False,True,False,False,True,True,False,False,False,False,False,False,excluded,excluded,False
t8sgdj,2022-03-07,investing,What happens to RUB fx swaps,Russian|sanctions,available,False,False,True,True,True,True,True,False,False,True,False,True,True,russia_conflict_financial,geopolitical_crisis_financial,False
t8sy5m,2022-03-07,investing,So the Russian Ruble has lost over 50% of its value TODAY (3-7-22) so far.,Russian,removed,True,False,True,False,False,True,True,False,False,False,False,False,False,excluded,excluded,False
t8t75y,2022-03-07,investing,Index Providers Dropping Russian Equities (Morningstar),Russian,deleted,True,False,True,False,False,True,True,False,False,False,False,False,False,excluded,excluded,False
t8t9a4,2022-03-07,stocks,U.S. Steel Stock Surges on Upgrade. Russia-Ukraine Conflict Is Set to Help Steel Prices,Ukraine|Russia|invasion,available,False,True,True,True,True,True,True,False,False,True,False,True,True,multiple_paths,geopolitical_crisis_financial,False
t8t9ep,2022-03-07,stocks,Biden administration is moving ahead with a ban on Russian oil imports,Ukraine|Russia|Russian|Moscow|invasion|sanctions,available,False,True,True,True,True,True,True,False,False,True,False,True,True,multiple_paths,geopolitical_crisis_financial,False
t8taem,2022-03-07,investing,Biden administration is moving ahead with a ban on Russian oil imports,Ukraine|Russia|Russian|Moscow|invasion|sanctions,available,False,True,True,True,True,True,True,False,False,True,False,True,True,multiple_paths,geopolitical_crisis_financial,False
t8texj,2022-03-07,stocks,Market as discounting mechanism in the context of war in Ukraine,Ukraine,removed,True,True,False,True,True,True,True,False,False,True,False,True,True,direct_ukraine_financial,geopolitical_crisis_financial,False
t8trsq,2022-03-07,stocks,Which stocks that will increase after Ukraine war,Ukraine,removed,True,True,False,True,True,True,True,False,False,True,False,True,True,direct_ukraine_financial,geopolitical_crisis_financial,False
t8v7vn,2022-03-07,stocks,Question regarding Russian Ruble,Russian,removed,True,False,True,False,False,True,True,False,False,False,False,False,False,excluded,excluded,False
t8wpjf,2022-03-07,investing,We're in a bear market and it's going to get worse,Ukraine|Russia,available,False,True,True,True,True,True,True,False,False,True,False,True,True,multiple_paths,geopolitical_crisis_financial,False
t8wq80,2022-03-07,investing,Why the EU cannot ban Russian oil,Russian,removed,True,False,True,False,False,True,True,False,False,False,False,False,False,excluded,excluded,False
t8wvex,2022-03-07,investing,Does the recent deviation of Russian ETF price from Net Asset Value prove that ETFs are more risky than Index Funds?,Russian,removed,True,False,True,False,False,True,True,False,False,False,False,False,False,excluded,excluded,False
t8xpqk,2022-03-07,stocks,Time to Sell and Ukraine-conflict related Stocks?,Ukraine|Russian|Moscow|sanctions,available,False,True,True,True,True,True,True,False,False,True,False,True,True,multiple_paths,geopolitical_crisis_financial,False
t8zq3z,2022-03-07,stocks,will McD's choice to continue Russian Operations lead to Boycotts and share price decreases,Ukraine|Russia|Russian,available,False,True,True,False,False,True,True,False,False,False,False,True,False,direct_ukraine_financial,excluded,True
t90ams,2022-03-07,StockMarket,"Here is a Market Recap for today Monday, March 7, 2022",Ukraine|Russia|Russian|Putin|Moscow|invasion|sanctions,available,False,True,True,True,True,True,True,False,False,True,False,True,True,multiple_paths,geopolitical_crisis_financial,False
t90tn1,2022-03-07,stocks,Investors should sell any stock market rally - says Morgan Stanley,Ukraine,available,False,True,False,True,True,True,True,False,False,True,False,True,True,direct_ukraine_financial,geopolitical_crisis_financial,False
t90zrj,2022-03-07,investing,Questions on possible Russian oil sanctions,Russian|sanctions,removed,True,False,True,True,True,True,True,False,False,True,False,True,True,russia_conflict_financial,geopolitical_crisis_financial,False
t917e8,2022-03-07,stocks,Might be time to buy the NASDAQ dip,Russia,available,False,False,True,True,True,True,True,False,False,True,False,True,True,russia_conflict_financial,geopolitical_crisis_financial,False
t91hat,2022-03-07,stocks,If we knew Russia was going to invade Ukraine and likely bring down the market couldn’t we just buy puts for most stocks?,Ukraine|Russia,available,False,True,True,True,True,True,True,False,False,True,False,True,True,multiple_paths,geopolitical_crisis_financial,False
t92nuc,2022-03-07,StockMarket,What are the possible economic retaliation Russia could initiate and which repercussions could they have in the global financial market?,Russia,removed,True,False,True,False,False,True,True,False,False,False,False,False,False,excluded,excluded,False
t92z27,2022-03-07,investing,Facing a hyperinflation: What Would You Do If You Were A Russian Resident?,Russian,removed,True,False,True,False,False,False,False,False,False,False,False,False,False,excluded,excluded,False
t93b3g,2022-03-07,StockMarket,Where can I invest in these cheap Russian stocks?,Russian,removed,True,False,True,False,False,True,True,False,False,False,False,False,False,excluded,excluded,False
t93tf6,2022-03-08,stocks,United Airlines plunges -15% due to skyrocketing jet fuel prices,Ukraine|Russia,available,False,True,True,True,True,True,True,False,False,True,False,True,True,multiple_paths,geopolitical_crisis_financial,False
t972e3,2022-03-08,stocks,Oil Stocks and Outlook for Spring/Summer,sanctions,available,False,False,False,True,True,True,True,False,False,False,False,False,False,excluded,excluded,False
t9918e,2022-03-08,stocks,Can you guys explain to me why oil prices are going up?,Russia|Russian|sanctions,available,False,False,True,True,True,True,True,False,False,True,False,True,True,russia_conflict_financial,geopolitical_crisis_financial,False
t99dty,2022-03-08,investing,Morgan Stanley Says Russia’s Set for Venezuela-Style Default,Ukraine|Russia|Russian|invasion,available,False,True,True,True,True,True,True,False,False,True,False,True,True,multiple_paths,geopolitical_crisis_financial,False
t99k1m,2022-03-08,stocks,"Stock market news live updates: Stocks fall, oil soars amid Russia's war in Ukraine",Ukraine|Russia,removed,True,True,True,True,True,True,True,False,False,True,False,True,True,multiple_paths,geopolitical_crisis_financial,False
t99o3v,2022-03-08,stocks,"Stock market news live updates: Stocks fall, oil soars amid Russia's war in Ukraine",Ukraine|Russia,removed,True,True,True,True,True,True,True,False,False,True,False,True,True,multiple_paths,geopolitical_crisis_financial,False
t9a77f,2022-03-08,StockMarket,US stocks continue their decline on the twelfth day of the Russia-Ukraine war,Ukraine|Russia,removed,True,True,True,True,True,True,True,False,False,True,False,True,True,multiple_paths,geopolitical_crisis_financial,False
t9al7k,2022-03-08,StockMarket,Carmakers face soaring metal costs with Russian supplies at risk,Russian,blank,True,False,True,False,False,True,True,False,False,False,False,False,False,excluded,excluded,False
t9d68s,2022-03-08,stocks,Oil prices is heating up the market to all time high. U.S to ban Russia oil anytime now.,Russia,removed,True,False,True,False,False,True,True,False,False,False,False,False,False,excluded,excluded,False
t9d6wo,2022-03-08,StockMarket,Oil prices is heating up the market to all time high. U.S to ban Russia oil anytime now.,Russia,removed,True,False,True,False,False,True,True,False,False,False,False,False,False,excluded,excluded,False
t9d8vx,2022-03-08,StockMarket,Russian Federation warns the western world of $300 per barrel oil and reduction in gas to Europe,Russian,blank,True,False,True,False,False,True,True,False,False,False,False,False,False,excluded,excluded,False
t9fi2d,2022-03-08,stocks,Does anyone agree that the market is oversold right now?,Russia|sanctions,available,False,False,True,True,True,True,True,False,False,True,False,True,True,russia_conflict_financial,geopolitical_crisis_financial,False
t9fv8n,2022-03-08,stocks,Thoughts on long term European energy stocks,Russian,available,False,False,True,False,False,True,True,False,False,False,False,False,False,excluded,excluded,False
t9g8hf,2022-03-08,stocks,China is considering buying stakes in Russian energy commodity firms,Ukraine|Russia|Russian|invasion,available,False,True,True,True,True,True,True,False,False,True,False,True,True,multiple_paths,geopolitical_crisis_financial,False
t9g9rr,2022-03-08,StockMarket,"JP Morgan investing in Russia, doesn’t care about Ukraine",Ukraine|Russia,removed,True,True,True,False,False,True,True,False,False,False,False,True,False,direct_ukraine_financial,excluded,True
t9gal4,2022-03-08,stocks,Google and Microsoft in bidding war for acquiring Mandiant,Ukraine,available,False,True,False,True,True,True,True,False,False,True,False,True,True,direct_ukraine_financial,geopolitical_crisis_financial,False
t9gkdr,2022-03-08,StockMarket,Here's Your Daily Market Brief For March 8th,Ukraine|Ukrainian|Russia|Russian|invasion|NATO,available,False,True,True,True,True,True,True,False,False,True,False,True,True,multiple_paths,geopolitical_crisis_financial,False
t9h1gy,2022-03-08,stocks,Question from an outsider regarding the Russian stock market.,Russian,available,False,False,True,False,False,True,True,False,False,False,False,False,False,excluded,excluded,False
t9h6wr,2022-03-08,stocks,With recent events: Sell companies with large exposure to events outside the US? Like AAPL etc.,Russian,available,False,False,True,False,True,True,True,False,False,True,False,False,True,excluded,geopolitical_crisis_financial,True
t9h752,2022-03-08,stocks,Oil prices is heating up the market to all time high. Catalyst predicted oils to $300. U.S to ban Russia oil anytime today.,Russia,removed,True,False,True,False,False,True,True,False,False,False,False,False,False,excluded,excluded,False
t9hr7a,2022-03-08,stocks,"Zelensky: ""Regarding NATO, I lost interest in this issue after we realized that NATO is not ready to accept Ukraine""",Ukraine|NATO,removed,True,True,False,True,True,False,False,False,False,False,False,False,False,excluded,excluded,False
t9huim,2022-03-08,StockMarket,"Morning Update for Tuesday, 3/8/22",Ukraine|Russia,available,False,True,True,False,False,True,True,False,False,False,False,True,False,direct_ukraine_financial,excluded,True
t9ig7n,2022-03-08,stocks,"Biden to ban imports of Russian oil over Ukraine invasion, reports say",Ukraine|Ukrainian|Russia|Russian|Moscow|invasion|sanctions,available,False,True,True,True,True,True,True,False,False,True,False,True,True,multiple_paths,geopolitical_crisis_financial,False
t9in6k,2022-03-08,StockMarket,"Like everyone, I saw the Russian market blow-up until they froze trading. But looking around saw that internationally, depository receipts continued to trade for a few more days and that's where things got really messy! Some of the larges companies essentially going to zero...",Russian,blank,True,False,True,False,False,True,True,False,False,False,False,False,False,excluded,excluded,False
t9j73v,2022-03-08,StockMarket,Moscow Stock Exchange Denies Traders $723M Profit by Staying Closed,Moscow,blank,True,False,True,False,False,True,True,False,False,False,False,False,False,excluded,excluded,False
t9kf42,2022-03-08,stocks,SolarEdge Technologies ($SEDG),Russia,available,False,False,True,False,False,True,True,False,False,False,False,False,False,excluded,excluded,False
t9krc6,2022-03-08,StockMarket,Biden says U.S. will ban Russian oil imports in response to Putin's invasion of Ukraine,Ukraine|Russian|Putin|invasion,blank,True,True,True,True,True,True,True,False,False,True,False,True,True,multiple_paths,geopolitical_crisis_financial,False
t9lbu9,2022-03-08,stocks,"European stocks are the bargain of a lifetime, US stocks still overvalued",Russian,available,False,False,True,True,True,True,True,False,False,True,False,True,True,russia_conflict_financial,geopolitical_crisis_financial,False
t9ldz2,2022-03-08,StockMarket,"""U.S. Bans Russian Energy, Oil at USD 133; Gold Nearly at All Time High""",Russian,blank,True,False,True,False,False,True,True,False,False,False,False,False,False,excluded,excluded,False
t9lm8b,2022-03-08,stocks,$UCLE US Nuclear Radiation Surveillance Drone Will Be On Its Way to Ukraine - 10M$ mktcap only,Ukraine,removed,True,True,False,False,False,False,False,False,False,False,False,False,False,excluded,excluded,False
t9lotk,2022-03-08,investing,$UCLE US Nuclear Radiation Surveillance Drone Will Be On Its Way to Ukraine,Ukraine,removed,True,True,False,False,False,False,False,False,False,False,False,False,False,excluded,excluded,False
t9lpla,2022-03-08,investing,$UCLE US Nuclear Radiation Surveillance Drone Will Be On Its Way to Ukraine,Ukraine,removed,True,True,False,False,False,False,False,False,False,False,False,False,False,excluded,excluded,False
t9lvsy,2022-03-08,stocks,US Nuclear Radiation Surveillance Drone Will Be On Its Way to Ukraine - Company worth only 10M$,Ukraine,removed,True,True,False,False,False,True,True,False,False,False,False,True,False,direct_ukraine_financial,excluded,True
t9m9ek,2022-03-08,StockMarket,US Bans Russian Oil Imports In Response To Ukraine Invasion: What You Need To Know,Ukraine|Russian|invasion,blank,True,True,True,True,True,True,True,False,False,True,False,True,True,multiple_paths,geopolitical_crisis_financial,False
t9md5r,2022-03-08,stocks,Which oil companies don’t have operations in Russia?,Russia,removed,True,False,True,False,False,True,True,False,False,False,False,False,False,excluded,excluded,False
t9mggw,2022-03-08,stocks,Nickel prices - will these put the brakes onto the transition to EV?,Ukraine,available,False,True,False,True,True,True,True,False,False,True,False,True,True,direct_ukraine_financial,geopolitical_crisis_financial,False
t9mvy9,2022-03-08,stocks,What to do with my Chevron stock,Russia,available,False,False,True,False,False,True,True,False,False,False,False,False,False,excluded,excluded,False
t9mwvf,2022-03-08,stocks,It’s notable that renewable energy stocks are rising with oil & gas right now.,Ukraine,available,False,True,False,True,True,True,True,False,False,True,False,True,True,direct_ukraine_financial,geopolitical_crisis_financial,False
t9mxn1,2022-03-08,stocks,Anyone holding RSX?,sanctions,available,False,False,False,True,True,True,True,False,False,False,False,False,False,excluded,excluded,False
t9n8kk,2022-03-08,StockMarket,Recession feels inevitable,Russian|sanctions,available,False,False,True,True,True,True,True,False,False,True,False,True,True,russia_conflict_financial,geopolitical_crisis_financial,False
t9nbht,2022-03-08,StockMarket,Shell announces intent to withdraw from Russian oil and gas,Russian,blank,True,False,True,False,False,True,True,False,False,False,False,False,False,excluded,excluded,False
t9nf6t,2022-03-08,stocks,So First and Second Quarter earnings looking a bit shaky as russia is cut off?,Russia,available,False,False,True,False,False,True,True,False,False,False,False,False,False,excluded,excluded,False
t9p4u9,2022-03-08,stocks,McD's Closes Russian rest. - this is a follow - up post from yesterday - turns out McD's felt the heat,Ukraine|Russia|Russian,available,False,True,True,False,False,True,True,False,False,False,False,True,False,direct_ukraine_financial,excluded,True
t9ra26,2022-03-08,StockMarket,"Russia to Restrict Some Raw-Material Exports, But Omits Details",Russia,blank,True,False,True,False,False,False,False,False,False,False,False,False,False,excluded,excluded,False
t9reb4,2022-03-08,StockMarket,Airline Stocks Drop Due To Surge In Fuel Prices Driven By Russian Invasion,Russian|invasion,blank,True,False,True,True,True,True,True,False,False,True,False,True,True,russia_conflict_financial,geopolitical_crisis_financial,False
t9s972,2022-03-08,stocks,Putin is banning the export of products and raw materials until the end of the year,Putin,available,False,False,True,False,False,True,True,False,False,False,False,False,False,excluded,excluded,False
t9sacw,2022-03-08,investing,Putin is banning the export of products and raw materials until the end of the year,Putin,available,False,False,True,False,False,True,True,False,False,False,False,False,False,excluded,excluded,False
t9sg0b,2022-03-08,stocks,Does the recent deviation of Russian ETF price from Net Asset Value prove that ETFs are more risky than Index Funds?,Russia|Russian,available,False,False,True,False,False,True,True,False,False,False,False,False,False,excluded,excluded,False
t9sxj6,2022-03-08,investing,"Iconic U.S. brands Coca-Cola, Pepsi and McDonald’s suspend business in Russia",Ukraine|Russia|Russian|Putin|Moscow|invasion|sanctions,available,False,True,True,True,True,True,True,True,False,True,False,True,True,multiple_paths,geopolitical_crisis_financial,False
t9sxxz,2022-03-08,stocks,"Iconic U.S. brands Coca-Cola, Pepsi and McDonald’s suspend business in Russia",Ukraine|Russia|Russian|Putin|Moscow|invasion|sanctions,available,False,True,True,True,True,True,True,True,False,True,False,True,True,multiple_paths,geopolitical_crisis_financial,False
t9tbut,2022-03-08,stocks,"Tesla, winner from the energy Crisis?",Ukraine|Ukrainian|Russia|Russian,available,False,True,True,False,True,True,True,False,False,True,False,True,True,direct_ukraine_financial,geopolitical_crisis_financial,False
t9u35y,2022-03-08,stocks,What european energy stocks will benefit from the reduction of russian petrol and gas?,Russia|Russian,available,False,False,True,False,False,True,True,False,False,False,False,False,False,excluded,excluded,False
t9ufrs,2022-03-08,stocks,Bumble stock jumps 16% as it trims loss on 26% higher revenues,Ukraine|Russia,available,False,True,True,True,True,True,True,False,False,True,False,True,True,multiple_paths,geopolitical_crisis_financial,False
t9ugzd,2022-03-08,stocks,"Oil price spike nearing demand destruction levels, ConocoPhillips CEO says",Ukraine|Russian,available,False,True,True,True,True,True,True,False,False,True,False,True,True,multiple_paths,geopolitical_crisis_financial,False
t9w4wm,2022-03-09,StockMarket,"If the US produces 20% of the world's oil, and also consumes 20% of the world's oil, why are prices going up? Why are they not able to self-sustain their supply/demand without Russia?",Russia,removed,True,False,True,False,False,True,True,False,False,False,False,False,False,excluded,excluded,False
t9wlcq,2022-03-09,stocks,Trying to sell my Russian stocks,Russian,removed,True,False,True,False,False,True,True,False,False,False,False,False,False,excluded,excluded,False
t9ynuc,2022-03-09,stocks,"Nickel prices double to record $100,000 a metric ton, trading suspended in London Metal Exchange",Ukraine|Russia|Russian|Moscow|invasion|sanctions,available,False,True,True,True,True,True,True,False,False,True,False,True,True,multiple_paths,geopolitical_crisis_financial,False
t9zleo,2022-03-09,stocks,U.S Politicians Loaded Up on Energy Stocks Right Before the Russian Invasion,Russian|invasion,available,False,False,True,True,True,True,True,False,False,True,False,True,True,russia_conflict_financial,geopolitical_crisis_financial,False
t9zmfr,2022-03-09,investing,U.S Politicians Loaded Up on Energy Stocks Right Before The Invasion,invasion,removed,True,False,False,True,True,True,True,False,False,False,False,False,False,excluded,excluded,False
ta1h49,2022-03-09,StockMarket,Hypothesis: Inflation coupled with falling share prices will lead to a significantly undervalued stock market,Ukraine,available,False,True,False,True,True,True,True,False,False,True,False,True,True,direct_ukraine_financial,geopolitical_crisis_financial,False
ta2om0,2022-03-09,stocks,Ukraine's task is to hold off Russia for 7-10 days-senior official,Ukraine|Russia,removed,True,True,True,False,False,False,False,False,False,False,False,False,False,excluded,excluded,False
ta2pos,2022-03-09,stocks,"UniCredit flags up to $8 billion in losses on Russia, prudent on buyback",Russia,removed,True,False,True,False,False,False,True,False,False,False,False,False,False,excluded,excluded,False
ta2vir,2022-03-09,stocks,Is the current situation with Russian oil causing mineral/mining stocks to rise somehow? And why?,Russia|Russian,available,False,False,True,False,False,True,True,False,False,False,False,False,False,excluded,excluded,False
ta2zcu,2022-03-09,stocks,"A death cross for the S&P 500 is nearing as inflation fears, Russia’s Ukraine offensive rattles stock-market investors",Ukraine|Russia,available,False,True,True,False,True,True,True,False,False,True,False,True,True,direct_ukraine_financial,geopolitical_crisis_financial,False
ta4f95,2022-03-09,investing,How would you leverage the situation between Russia and Ukraine to make money?,Ukraine|Russia,removed,True,True,True,False,False,False,True,False,False,False,False,False,False,excluded,excluded,False
ta4h68,2022-03-09,StockMarket,The Fed is going to fight inflation - and lose.,sanctions,available,False,False,False,True,True,True,True,False,False,False,False,False,False,excluded,excluded,False
ta4ivl,2022-03-09,investing,How would you leverage the situation between Russia and Ukraine to make money?,Ukraine|Russia,removed,True,True,True,False,False,False,True,False,False,False,False,False,False,excluded,excluded,False
ta5gbo,2022-03-09,investing,What would happen to the world markets if Russia defaults? (And how can I hedge?),Russia,removed,True,False,True,False,False,True,True,False,False,False,False,False,False,excluded,excluded,False
ta5vsc,2022-03-09,investing,A huge global economic crisis is coming and Joe biden's disastrous response to the Ukraine-Russia war is the direct cause of it [TLDR at end],Ukraine|Russia,removed,True,True,True,True,True,True,True,False,False,True,False,True,True,multiple_paths,geopolitical_crisis_financial,False
ta5z6d,2022-03-09,stocks,Stock Market is Telling us Who the Big Money Favors in Ukraine Conflict,Ukraine,removed,True,True,False,True,True,True,True,False,False,True,False,True,True,direct_ukraine_financial,geopolitical_crisis_financial,False
ta6jlt,2022-03-09,StockMarket,"McDonalds's, PepsiCo, Coca-Cola, and Starbucks exit Russia",Ukraine|Russia|Russian|Putin|Moscow|invasion|sanctions,available,False,True,True,True,True,True,True,True,True,True,True,True,True,multiple_paths,multiple_paths,False
ta6xpe,2022-03-09,StockMarket,Wheat stock market in Ukraine,Ukraine,removed,True,True,False,False,False,True,True,False,False,False,False,True,False,direct_ukraine_financial,excluded,True
ta6ym8,2022-03-09,stocks,Wheat shortage in Ukraine.,Ukraine|Ukrainian,available,False,True,False,True,True,True,True,False,False,True,False,True,True,direct_ukraine_financial,geopolitical_crisis_financial,False
ta7mw2,2022-03-09,StockMarket,Here's Your Daily Market Brief For March 10th,Ukraine|Russia|Russian|Putin|invasion|sanctions,available,False,True,True,True,True,True,True,True,True,True,True,True,True,multiple_paths,multiple_paths,False
ta84k8,2022-03-09,StockMarket,(3/9) Wednesday's Pre-Market Stock Movers & News,Ukraine|Russia|Russian|invasion,available,False,True,True,True,True,True,True,False,False,True,False,True,True,multiple_paths,geopolitical_crisis_financial,False
ta86x0,2022-03-09,stocks,(3/9) Wednesday's Pre-Market Stock Movers & News,Ukraine|Russia|Russian|invasion,available,False,True,True,True,True,True,True,False,False,True,False,True,True,multiple_paths,geopolitical_crisis_financial,False
ta8qpd,2022-03-09,StockMarket,"Morning Update for Wednesday, 3/9/22",Russia,available,False,False,True,False,False,True,True,False,False,False,False,False,False,excluded,excluded,False
ta9kde,2022-03-09,investing,Silver in 2022: Is it a good investment?,Ukraine,available,False,True,False,True,True,True,True,False,False,True,False,True,True,direct_ukraine_financial,geopolitical_crisis_financial,False
taanh1,2022-03-09,investing,"With the Russian economy dropping, what would be the best stocks to invest in?",Russian,removed,True,False,True,False,False,True,True,False,False,False,False,False,False,excluded,excluded,False
tabd45,2022-03-09,investing,"Is today's jump begin of rally or a trap? Stagflation, Fed, etc..",Ukraine|Putin,available,False,True,True,True,True,True,True,False,False,True,False,True,True,multiple_paths,geopolitical_crisis_financial,False
tabsa2,2022-03-09,stocks,Bought 100 shares of vertex energy VTNR,Russia,available,False,False,True,False,False,True,True,False,False,False,False,False,False,excluded,excluded,False
tacmxp,2022-03-09,stocks,Invest in russian etfs?,Russian,removed,True,False,True,False,False,True,True,False,False,False,False,False,False,excluded,excluded,False
tad8fb,2022-03-09,stocks,Getting around blocks to purchasing Russian securities,Russian,removed,True,False,True,False,False,True,True,False,False,False,False,False,False,excluded,excluded,False
tadrra,2022-03-09,StockMarket,Nel Asa and the possibility of a short squeeze,Ukraine|Russia,available,False,True,True,True,True,True,True,False,False,True,False,True,True,multiple_paths,geopolitical_crisis_financial,False
tae5wf,2022-03-09,stocks,Markets up big on hope of end to conflict,Ukraine|Ukrainian|Russia|Kyiv|Moscow|invasion|NATO,available,False,True,True,True,True,True,True,False,False,True,False,True,True,multiple_paths,geopolitical_crisis_financial,False
tagay0,2022-03-09,StockMarket,Thoughts on why the US stock market has been dropping since late Dec 2021?,Ukrainian,available,False,True,False,True,True,True,True,False,False,True,False,True,True,direct_ukraine_financial,geopolitical_crisis_financial,False
tagxtj,2022-03-09,stocks,How does one acquire russian stocks or currency now?,Russian,removed,True,False,True,False,False,True,True,False,False,False,False,False,False,excluded,excluded,False
tagyjv,2022-03-09,stocks,"Restaurant Brands/Burger King - continue Russian Operations small list of their companies - they just ended, roll up the rim",Russian,removed,True,False,True,False,False,True,True,False,False,False,False,False,False,excluded,excluded,False
taio8j,2022-03-09,StockMarket,"Here is a Market Recap for today Wednesday, March 9, 2022",Ukraine|Russia|invasion,available,False,True,True,True,True,True,True,False,False,True,False,True,True,multiple_paths,geopolitical_crisis_financial,False
taku9c,2022-03-09,stocks,Cooking Oil Play,Ukraine|Ukrainian|Russia,available,False,True,True,False,False,True,True,False,False,False,False,True,False,direct_ukraine_financial,excluded,True
taljzs,2022-03-10,stocks,McDonald's Says Quitting Russia Will Cost It $50 Million a Month for abandoning its operations in Russia,Russia,removed,True,False,True,False,False,False,False,False,False,False,False,False,False,excluded,excluded,False
tayen8,2022-03-10,StockMarket,Here's Your Daily Market Brief For March 10th,Ukraine|Ukrainian|Russia|Russian|invasion,available,False,True,True,True,True,True,True,False,False,True,False,True,True,multiple_paths,geopolitical_crisis_financial,False
tazcyk,2022-03-10,stocks,Bought $100k of RUSSIAN stocks just before moscow exchange closed am i f*ked ?,Russian|Moscow,removed,True,False,True,False,False,True,True,False,False,False,False,False,False,excluded,excluded,False
tb1h07,2022-03-10,StockMarket,Just remember...if we let the Markets go lower...Putin wins,Putin,removed,True,False,True,False,False,True,True,False,False,False,False,False,False,excluded,excluded,False
tb22fx,2022-03-10,stocks,BABA: the cheapest company outside of Russia?,Russia,available,False,False,True,False,True,True,True,False,False,True,False,False,True,excluded,geopolitical_crisis_financial,True
tb26nz,2022-03-10,StockMarket,"Russia to ""temporarily"" suspend fertilizer exports $ICL $MOS $NTR $CF",Russia,deleted,True,False,True,False,False,False,False,False,False,False,False,False,False,excluded,excluded,False
tb2k4b,2022-03-10,StockMarket,Ukrainian companies on WSE,Ukrainian,removed,True,True,False,False,False,True,True,False,False,False,False,True,False,direct_ukraine_financial,excluded,True
tb47ax,2022-03-10,stocks,how will the current situation with russia impact clean energy generally and stocks such as ICLN in the future?,Russia,available,False,False,True,False,False,True,True,False,False,False,False,False,False,excluded,excluded,False
tb4n36,2022-03-10,StockMarket,Russia suspends grains exports to Europe and Asia. $RIBT stock up,Russia,blank,True,False,True,False,False,True,True,False,False,False,False,False,False,excluded,excluded,False
tb59y2,2022-03-10,investing,"lol, it begins: [Bloomberg] The Fed Needs to Delay Its Rate Hikes",Ukraine,available,False,True,False,True,True,True,True,False,False,True,False,True,True,direct_ukraine_financial,geopolitical_crisis_financial,False
tb7fuh,2022-03-10,investing,Stocks with Large Russian Exposure Still Trading,Russian,removed,True,False,True,False,False,True,True,False,False,False,False,False,False,excluded,excluded,False
tb7g7e,2022-03-10,StockMarket,Stocks with Large Russian Exposure Still Trading,Russian,removed,True,False,True,False,False,True,True,False,False,False,False,False,False,excluded,excluded,False
tb9fbj,2022-03-10,investing,Are Chinese Stock Uninvestable? Maybe since China will face Sanctions,sanctions,removed,True,False,False,True,True,True,True,False,False,False,False,False,False,excluded,excluded,False
tbbvlu,2022-03-10,StockMarket,Russia's 'imminent' default would be catastrophic. Here's why.,Russia,blank,True,False,True,False,False,True,True,False,False,False,False,False,False,excluded,excluded,False
tbcukf,2022-03-11,StockMarket,5 Reasons why RECESSION IS COMING in 2022,Ukraine|Russia|Russian|invasion,available,False,True,True,True,True,True,True,False,False,True,False,True,True,multiple_paths,geopolitical_crisis_financial,False
tbdw7z,2022-03-11,investing,Is this the renewal of renewables?,Ukraine|Russia|invasion,available,False,True,True,True,True,True,True,False,False,True,False,True,True,multiple_paths,geopolitical_crisis_financial,False
tbe2re,2022-03-11,investing,Undervalued Stocks Dropping Like a BRIC?,Russia,available,False,False,True,False,False,True,True,False,False,False,False,False,False,excluded,excluded,False
tbepq6,2022-03-11,stocks,Can anyone present the bear case for Nvidia?,Ukraine|Russia,available,False,True,True,False,False,True,True,False,False,False,False,True,False,direct_ukraine_financial,excluded,True
tbfw38,2022-03-11,stocks,Treasury Secretary Janet Yellen says Americans will likely see another year of ‘very uncomfortably high’ inflation,Ukraine|Russia|Putin|Kyiv|invasion,available,False,True,True,True,True,True,True,False,False,True,False,True,True,multiple_paths,geopolitical_crisis_financial,False
tbhocm,2022-03-11,stocks,Is this a good time to pick up Russia-affected stocks like Pepsi or McDonalds?,Russia,available,False,False,True,False,False,True,True,False,False,False,False,False,False,excluded,excluded,False
tbiy5l,2022-03-11,stocks,FOMO concerns around new trends,Ukraine|Russia,available,False,True,True,True,True,True,True,False,False,True,False,True,True,multiple_paths,geopolitical_crisis_financial,False
tbo1mk,2022-03-11,stocks,Holding TQQQ/TECL and UCO longterm?,Ukraine,available,False,True,False,False,False,True,True,False,False,False,False,True,False,direct_ukraine_financial,excluded,True
tbowqv,2022-03-11,investing,Good allocation according to current environment,Russian|sanctions,available,False,False,True,True,True,True,True,False,False,True,False,True,True,russia_conflict_financial,geopolitical_crisis_financial,False
tbpzg5,2022-03-11,StockMarket,Here's Your Daily Market Brief For March 11th,Ukraine|Russia|Russian|invasion,available,False,True,True,True,True,True,True,False,False,True,False,True,True,multiple_paths,geopolitical_crisis_financial,False
tbq68e,2022-03-11,stocks,Please help me design a balanced and tail-proof leveraged ETF Portfolio?,Ukraine,available,False,True,False,False,False,True,True,False,False,False,False,True,False,direct_ukraine_financial,excluded,True
tbq8os,2022-03-11,StockMarket,$2.75B Worth of McDonald's stores close in Russia,Russia,removed,True,False,True,False,False,False,False,False,False,False,False,False,False,excluded,excluded,False
tbr273,2022-03-11,StockMarket,"Morning Update for Friday, 3/11/22",Ukraine|Russia,available,False,True,True,False,False,True,True,False,False,False,False,True,False,direct_ukraine_financial,excluded,True
tbrqac,2022-03-11,investing,Won't western companies have to write down Russian assets ? What about their lenders/banks ?,Russia|Russian|Putin,available,False,False,True,False,False,True,True,True,False,False,False,True,False,russia_crisis_financial_consequence,excluded,True
tbsdgg,2022-03-11,stocks,"Brace yourselves boys and girls, choppy waters ahead!",Ukraine|Putin,available,False,True,True,True,True,True,True,False,False,True,False,True,True,multiple_paths,geopolitical_crisis_financial,False
tbsqjl,2022-03-11,investing,Good news for Russian ADR holders. Putin's buddy Potanin is advocating for us.,Russian|Putin,removed,True,False,True,False,False,True,True,False,False,False,False,False,False,excluded,excluded,False
tbssym,2022-03-11,StockMarket,Fund raising for the Ukrainian people and Armed Forces of Ukraine.,Ukraine|Ukrainian,removed,True,True,False,False,False,True,True,False,False,False,False,True,False,direct_ukraine_financial,excluded,True
tbtzs1,2022-03-11,stocks,Goldman cuts U.S. GDP forecast as it says recession odds are as high as 35%,Ukrainian|Russia|Russian|invasion|sanctions,available,False,True,True,True,True,True,True,False,False,True,False,True,True,multiple_paths,geopolitical_crisis_financial,False
tbultu,2022-03-11,investing,[CNBC] Russia opens criminal investigation of Meta over death calls on Facebook,Russia,removed,True,False,True,False,False,False,False,False,False,False,False,False,False,excluded,excluded,False
tbx1zy,2022-03-11,stocks,Cathie Wood’s ARKK Lures Almost $1 Billion Even as ETF Sells Off,Ukraine,available,False,True,False,True,True,True,True,False,False,True,False,True,True,direct_ukraine_financial,geopolitical_crisis_financial,False
tbxdxm,2022-03-11,StockMarket,Congressmen Used Insider Knowledge To Profit From War in Ukraine,Ukraine,blank,True,True,False,True,True,False,True,False,False,True,False,False,True,excluded,geopolitical_crisis_financial,True
tby29w,2022-03-11,investing,Should i invest in the russian ruble guys?,Russian,removed,True,False,True,False,False,True,True,False,False,False,False,False,False,excluded,excluded,False
tbyu6m,2022-03-11,StockMarket,Chip Shortage 2.0: Russia-Ukraine Conflict Triggers Neon Crisis,Ukraine|Russia,blank,True,True,True,True,True,False,False,False,False,False,False,False,False,excluded,excluded,False
tbz4oq,2022-03-11,stocks,Don’t Expect an Investor Bailout From the Fed if Stagflation Returns,Ukraine|Russia,available,False,True,True,True,True,True,True,False,False,True,False,True,True,multiple_paths,geopolitical_crisis_financial,False
tc2ghh,2022-03-11,StockMarket,What to do with options of Russian companies?,Russian,available,False,False,True,False,False,True,True,False,False,False,False,False,False,excluded,excluded,False
tc31k1,2022-03-11,StockMarket,"Here is a Market Recap for today Friday, March 11, 2022",Ukraine|Russia|Russian|Moscow|invasion|sanctions,available,False,True,True,True,True,True,True,False,False,True,False,True,True,multiple_paths,geopolitical_crisis_financial,False
tc3mv0,2022-03-11,stocks,Do you think a short term investment in Micron may be worth the risk?,Ukraine|Russia|sanctions,available,False,True,True,True,True,True,True,False,False,True,False,True,True,multiple_paths,geopolitical_crisis_financial,False
tc4b3n,2022-03-12,StockMarket,"Wall Street Week Ahead for the trading week beginning March 14th, 2022",Ukraine|Russia|Russian|Moscow|invasion|sanctions,available,False,True,True,True,True,True,True,False,False,True,False,True,True,multiple_paths,geopolitical_crisis_financial,False
tc4cuh,2022-03-12,stocks,"Wall Street Week Ahead for the trading week beginning March 14th, 2022",Ukraine|Russia|Russian|Moscow|invasion|sanctions,available,False,True,True,True,True,True,True,False,False,True,False,True,True,multiple_paths,geopolitical_crisis_financial,False
tc6vng,2022-03-12,stocks,Citi has a $9.8B Russia,Russia,removed,True,False,True,False,False,False,False,False,False,False,False,False,False,excluded,excluded,False
tc832l,2022-03-12,stocks,Where to invest in 2022?,Ukraine|Russia|invasion,available,False,True,True,True,True,True,True,False,False,True,False,True,True,multiple_paths,geopolitical_crisis_financial,False
tc86wx,2022-03-12,stocks,"""BlackRock funds just lost $17 billion due to Russian exposure. That’s just the tip of the iceberg, as Western banks are owed $121 billion by Russian entities""",Russian,blank,True,False,True,False,False,True,True,False,False,False,False,False,False,excluded,excluded,False
tc9bju,2022-03-12,investing,Why does halting trading the ERUS ETF (Russia-focused ETF) protect the best interests of ERUS shareholders?,Russia,removed,True,False,True,False,False,True,True,False,False,False,False,False,False,excluded,excluded,False
tc9e7v,2022-03-12,investing,"Neon exports from Ukraine halted, potentially affecting chip fabrication",Ukraine,removed,True,True,False,False,False,False,False,False,False,False,False,False,False,excluded,excluded,False
tcatww,2022-03-12,stocks,Let's see if this kind of scenario can contribute to a long-term stock market boom. Can it create long-term benefits for shareholders?,Ukraine,available,False,True,False,True,True,True,True,False,False,True,False,True,True,direct_ukraine_financial,geopolitical_crisis_financial,False
tce2e3,2022-03-12,StockMarket,Biden gave a forecast for the Russian stock market: «You hear me? It will blow up»,Russian,blank,True,False,True,False,False,True,True,False,False,False,False,False,False,excluded,excluded,False
tcelg7,2022-03-12,stocks,Bitcoin saves Russia from Swift!,Russia,removed,True,False,True,False,False,False,False,True,False,False,False,True,False,russia_crisis_financial_consequence,excluded,True
tcgmib,2022-03-12,stocks,There is a lot of wild conspiracy nonsense in this sub,Russian|sanctions,available,False,False,True,True,True,True,True,True,False,True,False,True,True,multiple_paths,geopolitical_crisis_financial,False
tcha7q,2022-03-12,StockMarket,Did anyone make money off the crash of the Russian stock market?,Russian,removed,True,False,True,False,False,True,True,False,False,False,False,False,False,excluded,excluded,False
tck8wy,2022-03-12,stocks,"The END of the Technology Era, and the BIRTH of Energy Stocks.",Ukraine|Russia|Russian|invasion,available,False,True,True,True,True,True,True,False,False,True,False,True,True,multiple_paths,geopolitical_crisis_financial,False
tckr8u,2022-03-12,stocks,They said a broad market index was safe like VTI - Down 12%,Ukraine|Russia,available,False,True,True,True,True,True,True,False,False,True,False,True,True,multiple_paths,geopolitical_crisis_financial,False
tcl07x,2022-03-12,investing,"Chip shortage, Ukraine, Gas prices, Recession",Ukraine,available,False,True,False,True,True,True,True,False,False,True,False,True,True,direct_ukraine_financial,geopolitical_crisis_financial,False
tcl6dy,2022-03-12,stocks,McDonald’s says Russian shutdown will cost the fast-food chain $50 million a month,Ukraine|Russia|Russian|Putin|Moscow,available,False,True,True,True,True,True,True,False,False,True,False,True,True,multiple_paths,geopolitical_crisis_financial,False
tcmsmv,2022-03-12,stocks,Can the Russian stock market re-open?,Russian|sanctions,available,False,False,True,True,True,True,True,False,False,True,False,True,True,russia_conflict_financial,geopolitical_crisis_financial,False
tcmusl,2022-03-12,stocks,How much of a rip will there be if the Ukraine war ends ?,Ukraine,available,False,True,False,True,True,True,True,False,False,True,False,True,True,direct_ukraine_financial,geopolitical_crisis_financial,False
tco4o2,2022-03-12,stocks,Russian onslaught of the Ukrainian capital Kyiv to begin this week .,Ukrainian|Russian|Kyiv,removed,True,True,True,False,False,False,False,False,False,False,False,False,False,excluded,excluded,False
tcp8qh,2022-03-12,investing,Things are going to get a lot worse before they get better,Russia|invasion,available,False,False,True,True,True,True,True,False,False,True,False,True,True,russia_conflict_financial,geopolitical_crisis_financial,False
tcph83,2022-03-12,stocks,What are the odds a collapse of the Russian economy will have global stook repercussions?,Ukraine|Russia|Russian|sanctions,available,False,True,True,True,True,True,True,False,False,True,False,True,True,multiple_paths,geopolitical_crisis_financial,False
tcpmho,2022-03-12,StockMarket,Question: What negative consequences will there be if Russia just keeps it stock market closed for an indefinite amount of time?,Russia,removed,True,False,True,False,False,True,True,False,False,False,False,False,False,excluded,excluded,False
tcq82k,2022-03-12,stocks,Yall thought on SARK?,Russia,available,False,False,True,False,False,True,True,False,False,False,False,False,False,excluded,excluded,False
tcqlge,2022-03-12,StockMarket,Russian central bank decides not to reopen stock market trading next week,Russian,blank,True,False,True,False,False,True,True,False,False,False,False,False,False,excluded,excluded,False
tcr6vc,2022-03-12,investing,"How Goldman Sachs profits from war in Ukraine, loophole in sanctions",Ukraine|sanctions,removed,True,True,False,True,True,False,True,False,False,True,False,False,True,excluded,geopolitical_crisis_financial,True
tctt6e,2022-03-12,stocks,"Do you think that an end to elevated oil prices in sight, or do you think oil prices might go up even more?",Ukraine|Russia|Kyiv,available,False,True,True,True,True,True,True,False,False,True,False,True,True,multiple_paths,geopolitical_crisis_financial,False
tcwe9u,2022-03-13,stocks,"I've essentially been a perma-bull, but this current market has me very nervous",Ukraine|Ukrainian|Russia|invasion|sanctions,available,False,True,True,True,True,True,True,False,False,True,False,True,True,multiple_paths,geopolitical_crisis_financial,False
tcxxpm,2022-03-13,StockMarket,"BlackRock funds take $17 billion loss on Russia exposure, Western banks exit scam",Russia,deleted,True,False,True,False,False,True,True,False,False,False,False,False,False,excluded,excluded,False
tcza3r,2022-03-13,StockMarket,"Guys, me and my girlfriend recently created NFT collection to support Ukrainian people whose lives was ruined because of this war. Really need your support!",Ukrainian,removed,True,True,False,True,True,False,False,False,False,False,False,False,False,excluded,excluded,False
tczah6,2022-03-13,stocks,"Guys, me and my girlfriend recently created NFT collection to support Ukrainian people whose lives was ruined because of this war.",Ukrainian,removed,True,True,False,True,True,False,False,False,False,False,False,False,False,excluded,excluded,False
tczed4,2022-03-13,stocks,McDonald's says restaurant closures in Russia will cost the chain $50 million a month,Russia,removed,True,False,True,False,False,False,False,False,False,False,False,False,False,excluded,excluded,False
td1gwt,2022-03-13,stocks,Commodity plays,Ukraine,available,False,True,False,True,True,True,True,False,False,True,False,True,True,direct_ukraine_financial,geopolitical_crisis_financial,False
td6m6p,2022-03-13,StockMarket,Combined Gold Holdings of China & Russia are up over 5x since 2000,Russia,deleted,True,False,True,False,False,True,True,False,False,False,False,False,False,excluded,excluded,False
td8m5e,2022-03-13,StockMarket,Reuters: Russian Citizens Convert Cryptocurrencies To Cash In The United Arab Emirates!,Russian,deleted,True,False,True,False,False,False,False,False,False,False,False,False,False,excluded,excluded,False
td9hbx,2022-03-13,stocks,Am I trying to time the market? Or being rational?,Ukraine,available,False,True,False,True,True,True,True,False,False,True,False,True,True,direct_ukraine_financial,geopolitical_crisis_financial,False
tdaakg,2022-03-13,stocks,What Warren Buffet is doing now?,Russia|sanctions,available,False,False,True,True,True,True,True,False,False,True,False,True,True,russia_conflict_financial,geopolitical_crisis_financial,False
tdaeqw,2022-03-13,stocks,"Many indicators are suggesting a recession in the near future, what's your opinion?",Russia|sanctions,available,False,False,True,True,True,True,True,False,False,True,False,True,True,russia_conflict_financial,geopolitical_crisis_financial,False
tdef0c,2022-03-13,investing,Best way to invest in long term Russian ruble forex?,Russian,removed,True,False,True,False,False,True,True,False,False,False,False,False,False,excluded,excluded,False
tdfol2,2022-03-13,investing,Why I Love Active Investment: It's not about beating the market,Russia,available,False,False,True,False,False,True,True,False,False,False,False,False,False,excluded,excluded,False
tdmfs2,2022-03-14,stocks,Best stocks to short if russia has cyber war with us?,Russia,removed,True,False,True,True,True,True,True,False,False,True,False,True,True,russia_conflict_financial,geopolitical_crisis_financial,False
tdmhhp,2022-03-14,stocks,Best Tech-Stocks to short if Mr Putin does cyber malarky on US/globe?,Putin,removed,True,False,True,False,False,True,True,False,False,False,False,False,False,excluded,excluded,False
tdmona,2022-03-14,stocks,How to Invest in Russian Stocks right now?,Russian,available,False,False,True,False,False,True,True,False,False,False,False,False,False,excluded,excluded,False
tdq2bx,2022-03-14,investing,Oil Markets and Geopolitics,Ukraine|Russia|Putin|invasion|NATO,available,False,True,True,True,True,True,True,True,True,True,True,True,True,multiple_paths,multiple_paths,False
tdqu32,2022-03-14,investing,"How is the current debt bubble, invasion of Ukraine, relaxation of covid policies and current price of oil having an impact on the global bond market?",Ukraine|invasion,removed,True,True,False,True,True,True,True,False,False,True,False,True,True,direct_ukraine_financial,geopolitical_crisis_financial,False
tdra3k,2022-03-14,StockMarket,"Reuters: Stocks gain as oil dips, hopes for progress in peace talks Ukrainian Russian",Ukrainian|Russian,blank,True,True,True,False,False,True,True,False,False,False,False,True,False,direct_ukraine_financial,excluded,True
tdrhqc,2022-03-14,stocks,Russian stocks on LSE,Russia|Russian,available,False,False,True,False,False,True,True,False,False,False,False,False,False,excluded,excluded,False
tdwcg2,2022-03-14,StockMarket,Here's Your Daily Market Brief For March 14th,Ukraine|Russia|invasion,available,False,True,True,True,True,True,True,False,False,True,False,True,True,multiple_paths,geopolitical_crisis_financial,False
tdxa5e,2022-03-14,StockMarket,"Morning Update for Monday, 3/14/22",Ukraine|Russia,available,False,True,True,True,True,True,True,False,False,True,False,True,True,multiple_paths,geopolitical_crisis_financial,False
tdyyep,2022-03-14,StockMarket,G7 Countries Announce New Cryptocurrency Sanctions Against Russia,Russia|sanctions,deleted,True,False,True,True,True,False,False,False,False,False,False,False,False,excluded,excluded,False
tdzqmr,2022-03-14,investing,Domestically produced sunflower oil,Ukraine|Russia,available,False,True,True,True,True,True,True,False,False,True,False,True,True,multiple_paths,geopolitical_crisis_financial,False
te0clw,2022-03-14,stocks,The grain trade,Russia,available,False,False,True,False,False,True,True,False,False,False,False,False,False,excluded,excluded,False
te0r8j,2022-03-14,stocks,Would converting my money into Russian Ruble be a dumb idea,Russian,removed,True,False,True,False,False,True,True,False,False,False,False,False,False,excluded,excluded,False
te2i6c,2022-03-14,stocks,What's the risk to YINN and YANG?,Russia,available,False,False,True,False,False,True,True,False,False,False,False,False,False,excluded,excluded,False
te401c,2022-03-14,investing,"When the Ukraine crisis is over (one way or the other), which companies will benefit from reconstruction?",Ukraine,removed,True,True,False,False,True,True,True,False,False,True,False,True,True,direct_ukraine_financial,geopolitical_crisis_financial,False
te48ow,2022-03-14,stocks,Qualcomm almost given back all of the huge gains,Russian,available,False,False,True,True,True,True,True,False,False,True,False,True,True,russia_conflict_financial,geopolitical_crisis_financial,False
te5p8i,2022-03-14,stocks,GTLS Chart Industries - Cryogenics infastructure & diversification away from Russia,Russia|Russian,available,False,False,True,False,False,True,True,False,False,False,False,False,False,excluded,excluded,False
te76lu,2022-03-14,StockMarket,"Why does the Russian Ruble keep coming up in value, despite ongoing events?",Russia|Russian,available,False,False,True,False,False,True,True,False,False,False,False,False,False,excluded,excluded,False
te7esn,2022-03-14,StockMarket,Putin's Ukraine invasion will spur 30-year economic setback: experts,Ukraine|Putin|invasion,blank,True,True,True,True,True,True,True,False,False,True,False,True,True,multiple_paths,geopolitical_crisis_financial,False
te7zpo,2022-03-14,StockMarket,"Why does the Russian Ruble keep coming up in value, despite ongoing events?",Russian,removed,True,False,True,False,False,True,True,False,False,False,False,False,False,excluded,excluded,False
tebh6d,2022-03-14,stocks,There is no good/legitimate reason for oil stocks to be down the past week,Ukraine|Putin,available,False,True,True,False,False,True,True,False,False,False,False,True,False,direct_ukraine_financial,excluded,True
tedojw,2022-03-15,stocks,China Fork in the Road (stock reversals)?,Ukraine|Russia|Putin,available,False,True,True,True,True,True,True,False,False,True,False,True,True,multiple_paths,geopolitical_crisis_financial,False
teip65,2022-03-15,stocks,Putin Signs Law Allowing Russian Air Carriers to Seize Western Jets Worth $10B,Ukraine|Russia|Russian|Putin|invasion|sanctions,available,False,True,True,True,True,True,True,True,False,True,False,True,True,multiple_paths,geopolitical_crisis_financial,False
tejkh1,2022-03-15,stocks,SPY: Timing Prospective Recovery / March to May (FOMC),Ukraine|Russia,available,False,True,True,False,False,True,True,False,False,False,False,True,False,direct_ukraine_financial,excluded,True
tejkl6,2022-03-15,stocks,Has the market priced in the possibility of The Fall of Kyiv?,Ukraine|Russia|Kyiv|invasion,available,False,True,True,True,True,True,True,False,False,True,False,True,True,multiple_paths,geopolitical_crisis_financial,False
tel2hg,2022-03-15,StockMarket,2 scenarios for Nasdaq .,Ukraine|Russia,available,False,True,True,True,True,True,True,False,False,True,False,True,True,multiple_paths,geopolitical_crisis_financial,False
tema2h,2022-03-15,stocks,Please give me some advice on whether I should cut my loss,invasion,available,False,False,False,True,True,True,True,False,False,False,False,False,False,excluded,excluded,False
ten51a,2022-03-15,investing,"Received unsolicited notice from Fidelity to expect more market volatility as (1) the war in Russia/Ukraine escalated and, especially (2) as The Fed hikes rates a likely five times.",Ukraine|Russia,removed,True,True,True,True,True,True,True,False,False,True,False,True,True,multiple_paths,geopolitical_crisis_financial,False
tentdp,2022-03-15,StockMarket,Here's Your Daily Market Brief For March 15th,Ukraine|Russia|Russian|Putin|invasion|sanctions,available,False,True,True,True,True,True,True,False,False,True,False,True,True,multiple_paths,geopolitical_crisis_financial,False
tenue1,2022-03-15,investing,People with bond heavy portfolios - are you buying more with every rebalance/paycheque?,Ukraine,available,False,True,False,True,True,True,True,False,False,True,False,True,True,direct_ukraine_financial,geopolitical_crisis_financial,False
teo28n,2022-03-15,StockMarket,(3/15) Tuesday's Pre-Market Stock Movers & News,Ukraine|Russia|Russian|Kyiv|invasion,available,False,True,True,True,True,True,True,False,False,True,False,True,True,multiple_paths,geopolitical_crisis_financial,False
teo3ir,2022-03-15,stocks,(3/15) Tuesday's Pre-Market Stock Movers & News,Ukraine|Russia|Russian|Kyiv|invasion,available,False,True,True,True,True,True,True,False,False,True,False,True,True,multiple_paths,geopolitical_crisis_financial,False
teoxt4,2022-03-15,investing,Thoughts on EPAM (Epam Systems) stock?,Ukraine|Ukrainian|Russia|sanctions,available,False,True,True,True,True,True,True,False,False,True,False,True,True,multiple_paths,geopolitical_crisis_financial,False
teql13,2022-03-15,investing,Hedge against potential recession / stagflation. DD.,Ukraine|Russia,available,False,True,True,True,True,True,True,True,False,True,False,True,True,multiple_paths,geopolitical_crisis_financial,False
terrhf,2022-03-15,stocks,Saudi Arabia Considers Accepting Yuan Instead of Dollars for Chinese Oil Sales,Ukraine|Russia|invasion|sanctions,available,False,True,True,True,True,True,True,False,False,True,False,True,True,multiple_paths,geopolitical_crisis_financial,False
teu7s6,2022-03-15,stocks,Russian stock market closed since February 25th. What does this mean?,Russian,removed,True,False,True,False,False,True,True,False,False,False,False,False,False,excluded,excluded,False
teufp5,2022-03-15,StockMarket,Russian stock market closed since February 25th. What does it mean?,Russian,removed,True,False,True,False,False,True,True,False,False,False,False,False,False,excluded,excluded,False
teuhlf,2022-03-15,investing,What are the chances S&P500 index sees 3800 this year?,Ukraine|Russia,available,False,True,True,True,True,True,True,False,False,True,False,True,True,multiple_paths,geopolitical_crisis_financial,False
texw51,2022-03-15,StockMarket,How will Russia’s invasion of Ukraine affect global food access? | OEC,Ukraine|Russia|invasion,blank,True,True,True,True,True,False,False,False,False,False,False,False,False,excluded,excluded,False
tf0x6d,2022-03-15,stocks,"If the price of oil keeps going up, why don’t the stocks?",Russia|sanctions,available,False,False,True,True,True,True,True,False,False,True,False,True,True,russia_conflict_financial,geopolitical_crisis_financial,False
tfas5k,2022-03-16,StockMarket,Oil prices climb as Russia-Ukraine ceasefire talks stoke volatility,Ukraine|Russia,deleted,True,True,True,True,True,True,True,False,False,True,False,True,True,multiple_paths,geopolitical_crisis_financial,False
tfb4i7,2022-03-16,stocks,China Stocks Soar as State Council Vows Support Amid Rout,Russia|sanctions,available,False,False,True,True,True,True,True,False,False,True,False,True,True,russia_conflict_financial,geopolitical_crisis_financial,False
tfcsn2,2022-03-16,stocks,How to invest my money during a world crisis?,Ukraine,available,False,True,False,True,True,True,True,False,False,True,False,True,True,direct_ukraine_financial,geopolitical_crisis_financial,False
tfduad,2022-03-16,stocks,Investing in wind power: the manufactorers or distributors?,Russia,available,False,False,True,False,False,True,True,False,False,False,False,False,False,excluded,excluded,False
tfg9lm,2022-03-16,StockMarket,(3/16) Wednesday's Pre-Market Stock Movers & News,Ukraine|Ukrainian|Russia|Russian,available,False,True,True,True,True,True,True,False,False,True,False,True,True,multiple_paths,geopolitical_crisis_financial,False
tfgbmg,2022-03-16,stocks,(3/16) Wednesday's Pre-Market Stock Movers & News,Ukraine|Ukrainian|Russia|Russian,available,False,True,True,True,True,True,True,False,False,True,False,True,True,multiple_paths,geopolitical_crisis_financial,False
tfgdth,2022-03-16,investing,"US/EU/UK broker workers, did you close down accounts of your clients who reside in Russia?",Russia,removed,True,False,True,False,False,False,False,False,False,False,False,False,False,excluded,excluded,False
tfgiz0,2022-03-16,investing,How come people/the markets don't seem very worried about a Russian default at all?,Russian,deleted,True,False,True,False,False,True,True,True,False,False,False,True,False,russia_crisis_financial_consequence,excluded,True
tfgoz4,2022-03-16,investing,"US/EU/UK broker or investment firm workers, did you close down accounts of your clients who reside in Russia?",Russia,removed,True,False,True,False,False,True,True,False,False,False,False,False,False,excluded,excluded,False
tfgqhw,2022-03-16,StockMarket,Here's Your Daily Market Brief For March 16th,Russian,available,False,False,True,False,False,True,True,False,False,False,False,False,False,excluded,excluded,False
tfkva1,2022-03-16,stocks,I believe there is plenty of money to be made in oil over the next 3 months,Russian,available,False,False,True,False,False,True,True,False,False,False,False,False,False,excluded,excluded,False
tfo9j4,2022-03-16,stocks,"Fed hikes rates, signals aggressive turn against inflation",Ukraine,available,False,True,False,True,True,True,True,False,False,True,False,True,True,direct_ukraine_financial,geopolitical_crisis_financial,False
tfoau5,2022-03-16,investing,"Federal Reserve approves first interest rate hike in more than three years, sees six more ahead",Russia,available,False,False,True,False,False,True,True,False,False,False,False,False,False,excluded,excluded,False
tfokk6,2022-03-16,investing,"India to buy russian oil, what does this mean for Indian stocks?",Russian,removed,True,False,True,False,False,True,True,False,False,False,False,False,False,excluded,excluded,False
tfvaw4,2022-03-16,stocks,Is BRICS going to become BICS? Or is BRICS going to be DEAD? Can their be consensus among the countries.,Russia|Putin|sanctions,available,False,False,True,True,True,True,True,False,False,True,False,True,True,russia_conflict_financial,geopolitical_crisis_financial,False
tfzgsh,2022-03-17,investing,Russia says it made a payment to avoid default,Ukraine|Russia|Russian,available,False,True,True,True,True,True,True,False,False,True,False,True,True,multiple_paths,geopolitical_crisis_financial,False
tg0bxf,2022-03-17,investing,"Russia could lose 30% of its oil output within weeks, IEA warns",Ukraine|Russia|Russian,available,False,True,True,True,True,True,True,False,False,True,False,True,True,multiple_paths,geopolitical_crisis_financial,False
tg0wzj,2022-03-17,investing,"hi , was wondering if anyone had some good links to articles on how the pandemic and Russia Ukraine conflict effects Canadian economy, banks in particular and like stock market including derivatives etc",Ukraine|Russia,removed,True,True,True,True,True,True,True,False,False,True,False,True,True,multiple_paths,geopolitical_crisis_financial,False
tg1m6e,2022-03-17,stocks,Stock picks for Income Generation using CSPs,Russian|invasion,available,False,False,True,True,True,True,True,False,False,True,False,True,True,russia_conflict_financial,geopolitical_crisis_financial,False
tg1n9l,2022-03-17,investing,Stock picks for Income generation and boosted returns in 2022,Russian|invasion,available,False,False,True,True,True,True,True,False,False,True,False,True,True,russia_conflict_financial,geopolitical_crisis_financial,False
tg7iap,2022-03-17,StockMarket,USA close to deal with Iran to abolish sanctions on OIL,sanctions,removed,True,False,False,True,True,True,True,False,False,False,False,False,False,excluded,excluded,False
tg95n9,2022-03-17,StockMarket,(3/17) Thursday's Pre-Market Stock Movers & News,Ukraine|Russia|Russian,available,False,True,True,False,False,True,True,False,False,False,False,True,False,direct_ukraine_financial,excluded,True
tg96pk,2022-03-17,stocks,(3/17) Thursday's Pre-Market Stock Movers & News,Ukraine|Russia|Russian,available,False,True,True,False,False,True,True,False,False,False,False,True,False,direct_ukraine_financial,excluded,True
tgfylv,2022-03-17,stocks,Do you think market has absorbed all the bad news and we have already passed the bottom?,Russian,available,False,False,True,True,True,True,True,False,False,True,False,True,True,russia_conflict_financial,geopolitical_crisis_financial,False
tghcat,2022-03-17,investing,what russian companies are good to invest in now?,Russian,removed,True,False,True,False,False,True,True,False,False,False,False,False,False,excluded,excluded,False
tghk50,2022-03-17,stocks,Can anyone help me evaluate JPM Russian CDS exposure?,Russian,removed,True,False,True,False,False,False,True,False,False,False,False,False,False,excluded,excluded,False
tgile8,2022-03-17,StockMarket,Is oil >$100/barrel a problem for the US economy?,Russia,available,False,False,True,False,False,True,True,False,False,False,False,False,False,excluded,excluded,False
tgiyrm,2022-03-17,StockMarket,"anyone using ibkr? I need to know if you can buy russian stocks listed on the LSE. Neither my broker nor banks let me, citing eThIcAl cOnCeRnS.",Russian,deleted,True,False,True,False,False,True,True,False,False,False,False,False,False,excluded,excluded,False
tgkqx0,2022-03-17,investing,Russia avoids default. Bond paid in Dollars.,Russia|Russian|Putin,available,False,False,True,False,False,True,True,True,True,False,True,True,True,russia_crisis_financial_consequence,crisis_specific_financial_consequence,False
tgpmq2,2022-03-18,stocks,"Stock Traders Brace for a $3.5 Trillion ‘Triple Witching’ Event tomorrow March 18, 2022",Ukraine,available,False,True,False,True,True,True,True,False,False,True,False,True,True,direct_ukraine_financial,geopolitical_crisis_financial,False
tgpo0n,2022-03-18,StockMarket,Stock Traders Brace for a $3.5 Trillion ‘Triple Witching’ Event Friday March 18,Ukraine,available,False,True,False,True,True,True,True,False,False,True,False,True,True,direct_ukraine_financial,geopolitical_crisis_financial,False
tgq0i3,2022-03-18,investing,Oil Market’s Big Winners: ‘Little Guys’ Who Are Eager to Drill,Ukraine|Russia|sanctions,available,False,True,True,True,True,True,True,False,False,True,False,True,True,multiple_paths,geopolitical_crisis_financial,False
tgq935,2022-03-18,stocks,Oil Market’s Big Winners: ‘Little Guys’ Who Are Eager to Drill,Ukraine|Russia|sanctions,available,False,True,True,True,True,True,True,False,False,True,False,True,True,multiple_paths,geopolitical_crisis_financial,False
tgtd2m,2022-03-18,investing,"Most indices are up over the past 12 months and past 6 months. Is now the time to ""buy the dip"" do you reckon?",Ukraine|Russia,available,False,True,True,False,False,True,True,False,False,False,False,True,False,direct_ukraine_financial,excluded,True
tgyb69,2022-03-18,stocks,Russia has evaded a widely expected external bond default,Russia,deleted,True,False,True,False,False,True,True,False,False,False,False,False,False,excluded,excluded,False
tgycl6,2022-03-18,StockMarket,The Central Bank of Russia has Granted Sberbank a License to Issue and Exchange Digital Assets,Russia,blank,True,False,True,False,False,True,True,False,False,False,False,False,False,excluded,excluded,False
th06xv,2022-03-18,StockMarket,(3/18) Friday's Pre-Market Stock Movers & News,Ukraine|Ukrainian|Russia|Kyiv,available,False,True,True,True,True,True,True,False,False,True,False,True,True,multiple_paths,geopolitical_crisis_financial,False
th0858,2022-03-18,stocks,(3/18) Friday's Pre-Market Stock Movers & News,Ukraine|Ukrainian|Russia|Kyiv,available,False,True,True,True,True,True,True,False,False,True,False,True,True,multiple_paths,geopolitical_crisis_financial,False
th192c,2022-03-18,investing,Fincredible MacroTalk March 16th: Ukraine Conflict Impact,Ukraine,removed,True,True,False,True,True,False,False,False,False,False,False,False,False,excluded,excluded,False
th1aaq,2022-03-18,StockMarket,Fincredible MacroTalk March 16th: Ukraine Conflict Impact,Ukraine,removed,True,True,False,True,True,False,False,False,False,False,False,False,False,excluded,excluded,False
th3hww,2022-03-18,StockMarket,How cryptocurrency is being used to funnel money to Ukraine,Ukraine,deleted,True,True,False,False,False,False,True,False,False,False,False,False,False,excluded,excluded,False
th5wzp,2022-03-18,stocks,How to invest in Ukraine,Ukraine|Russia,available,False,True,True,True,True,True,True,False,False,True,False,True,True,multiple_paths,geopolitical_crisis_financial,False
thbo63,2022-03-18,stocks,Looking for some help,Russia,available,False,False,True,True,True,True,True,False,False,True,False,True,True,russia_conflict_financial,geopolitical_crisis_financial,False
thcg9c,2022-03-18,stocks,$MOO - An interesting play on agriculture/fertilizer,Ukraine|Russia,available,False,True,True,True,True,True,True,False,False,True,False,True,True,multiple_paths,geopolitical_crisis_financial,False
thea35,2022-03-18,investing,"""China is not a party to the [Ukraine] crisis, and doesn't want the sanctions to affect China""",Ukraine|Russia|Russian|Moscow|sanctions,available,False,True,True,True,True,True,True,False,False,True,False,True,True,multiple_paths,geopolitical_crisis_financial,False
thfz8e,2022-03-18,StockMarket,Moscow Stock Exchange will reportedly resume trading on Monday after 3 weeks of closure.,Moscow,blank,True,False,True,False,False,True,True,False,False,False,False,False,False,excluded,excluded,False
thk2ry,2022-03-19,stocks,Norges Bank (NORWAY) - Potentially Something HUGE Here,NATO,available,False,False,False,True,True,True,True,False,False,False,False,False,False,excluded,excluded,False
thmc7v,2022-03-19,stocks,Wall Street is starting to tune out Ukraine,Ukraine,removed,True,True,False,False,False,False,False,False,False,False,False,False,False,excluded,excluded,False
thnfwo,2022-03-19,stocks,"Space related stocks: ASTR, RKLB, ASTS",Russia|Russian,available,False,False,True,True,True,True,True,False,False,True,False,True,True,russia_conflict_financial,geopolitical_crisis_financial,False
tho8nf,2022-03-19,investing,Canadian Oil Sands: Buried Treasures,Ukraine|Russia|invasion,available,False,True,True,True,True,True,True,False,False,True,False,True,True,multiple_paths,geopolitical_crisis_financial,False
thotaf,2022-03-19,stocks,Canadian Oil Sands: Buried Treasures,Ukraine|Russia|invasion,available,False,True,True,True,True,True,True,False,False,True,False,True,True,multiple_paths,geopolitical_crisis_financial,False
thxl36,2022-03-19,investing,MOWI going up after Biden's Russian import bans,Russian,removed,True,False,True,False,False,False,False,False,False,False,False,False,False,excluded,excluded,False
thzpi1,2022-03-19,StockMarket,"Wall Street Week Ahead for the trading week beginning March 21st, 2022",Ukraine|Russia|sanctions,available,False,True,True,True,True,True,True,False,False,True,False,True,True,multiple_paths,geopolitical_crisis_financial,False
thzqwv,2022-03-19,stocks,"Wall Street Week Ahead for the trading week beginning March 21st, 2022",Ukraine|Russia|sanctions,available,False,True,True,True,True,True,True,False,False,True,False,True,True,multiple_paths,geopolitical_crisis_financial,False
ti0052,2022-03-19,StockMarket,What happens to stock market since Russia invades Ukraine,Ukraine|Russia,removed,True,True,True,True,True,True,True,False,False,True,False,True,True,multiple_paths,geopolitical_crisis_financial,False
tiauc1,2022-03-20,investing,Why is Stellantis (STLA) so cheap?,Ukraine|Russian,available,False,True,True,False,False,True,True,False,False,False,False,True,False,direct_ukraine_financial,excluded,True
tigt01,2022-03-20,stocks,Which Euro stocks have you bought into as a result of the invasion?,invasion,available,False,False,False,True,True,True,True,False,False,False,False,False,False,excluded,excluded,False
tigyif,2022-03-20,StockMarket,Which Euro stocks have you bought into as a result of the invasion?,invasion,removed,True,False,False,True,True,True,True,False,False,False,False,False,False,excluded,excluded,False
tihgzl,2022-03-20,investing,New video by Aswath Damodaran on the Russia-Ukraine situation,Ukraine|Russia,removed,True,True,True,False,False,False,False,False,False,False,False,False,False,excluded,excluded,False
tiixzv,2022-03-20,StockMarket,Scope Widens in Gold Sanctions Against Russia,Russia|sanctions,deleted,True,False,True,True,True,True,True,False,False,True,False,True,True,russia_conflict_financial,geopolitical_crisis_financial,False
timhve,2022-03-20,stocks,Russian news priced into citigroup?,Russian,available,False,False,True,False,False,True,True,False,False,False,False,False,False,excluded,excluded,False
tin7om,2022-03-20,investing,"$VEON, Hero stock for Ukraine",Ukraine,removed,True,True,False,False,False,True,True,False,False,False,False,True,False,direct_ukraine_financial,excluded,True
tin9ez,2022-03-20,investing,"$VEON, hero stock for Ukraine",Ukraine,removed,True,True,False,False,False,True,True,False,False,False,False,True,False,direct_ukraine_financial,excluded,True
tina3g,2022-03-20,stocks,$VEON a hero stock for Ukraine that will make you $$$,Ukraine,removed,True,True,False,False,False,True,True,False,False,False,False,True,False,direct_ukraine_financial,excluded,True
tinbso,2022-03-20,StockMarket,$VEON Ukraine hero stock,Ukraine,removed,True,True,False,False,False,True,True,False,False,False,False,True,False,direct_ukraine_financial,excluded,True
tinihc,2022-03-20,investing,Bionic prosthesis for suffered Kids and adults in Ukraine,Ukraine,removed,True,True,False,False,False,False,False,False,False,False,False,False,False,excluded,excluded,False
tiovbn,2022-03-20,StockMarket,JP Morgan Chase Regulatory Fines - Eye's Wide Open,Russian|sanctions,available,False,False,True,True,True,True,True,False,False,True,False,True,True,russia_conflict_financial,geopolitical_crisis_financial,False
tiqqwj,2022-03-20,StockMarket,"U.S. Stocks Extend Yearslong Winning Streak. Investors are piling back into U.S. stocks, betting that the domestic equity market can withstand new economic headwinds better than other parts of the world. They are shying away from European markets because of the war in Ukraine.",Ukraine,blank,True,True,False,True,True,True,True,False,False,True,False,True,True,direct_ukraine_financial,geopolitical_crisis_financial,False
tiqyyd,2022-03-20,investing,Investment in bionic prostheses in Ukraine,Ukraine,removed,True,True,False,False,False,True,True,False,False,False,False,True,False,direct_ukraine_financial,excluded,True
tj2eqd,2022-03-21,stocks,Russian stock market,Russian,removed,True,False,True,False,False,True,True,False,False,False,False,False,False,excluded,excluded,False
tj5kld,2022-03-21,StockMarket,Will Russia-Ukraine Tensions Prove A Buying Opportunity For Airbnb Stock?,Ukraine|Russia,blank,True,True,True,False,True,True,True,False,False,True,False,True,True,direct_ukraine_financial,geopolitical_crisis_financial,False
tj5vqv,2022-03-21,StockMarket,"Oil prices jump again on Russia-Ukraine fears, as IEA calls for cut in energy usage",Ukraine|Russia,deleted,True,True,True,False,False,True,True,False,False,False,False,True,False,direct_ukraine_financial,excluded,True
tj949y,2022-03-21,StockMarket,"With conflict going on between Russia and Ukraine, how are mining stocks going to be affected?",Ukraine|Russia,removed,True,True,True,True,True,True,True,False,False,True,False,True,True,multiple_paths,geopolitical_crisis_financial,False
tjaenp,2022-03-21,StockMarket,Here's Your Daily Market Brief For March 21st,Ukraine|Russia|Russian|sanctions,available,False,True,True,True,True,True,True,False,False,True,False,True,True,multiple_paths,geopolitical_crisis_financial,False
tjbah7,2022-03-21,StockMarket,(3/21) Monday's Pre-Market Stock Movers & News,Ukraine|Ukrainian|Russia|Russian|Putin,available,False,True,True,True,True,True,True,False,False,True,False,True,True,multiple_paths,geopolitical_crisis_financial,False
tjbb7x,2022-03-21,stocks,(3/21) Monday's Pre-Market Stock Movers & News,Ukraine|Ukrainian|Russia|Russian|Putin,available,False,True,True,True,True,True,True,False,False,True,False,True,True,multiple_paths,geopolitical_crisis_financial,False
tjdlgd,2022-03-21,StockMarket,Russian Bond Yields Soar as Market Reopens After Ukraine Invasion,Ukraine|Russian|invasion,deleted,True,True,True,True,True,True,True,False,False,True,False,True,True,multiple_paths,geopolitical_crisis_financial,False
tje385,2022-03-21,stocks,Are russian stocks a good deal!,Russian,removed,True,False,True,False,False,True,True,False,False,False,False,False,False,excluded,excluded,False
tjed9b,2022-03-21,stocks,What do you think of the russian stock market?,Russian,available,False,False,True,False,False,True,True,False,False,False,False,False,False,excluded,excluded,False
tjembs,2022-03-21,stocks,"United States Government Bond 10Y , What does it mean for stocks?",Ukraine|Russia|Putin,available,False,True,True,True,True,True,True,False,False,True,False,True,True,multiple_paths,geopolitical_crisis_financial,False
tjfe77,2022-03-21,stocks,buy russian stock,Russian,removed,True,False,True,False,False,True,True,False,False,False,False,False,False,excluded,excluded,False
tjg0hp,2022-03-21,investing,MOWI on the rise after Biden's import bans on Russia,Russia,removed,True,False,True,False,False,False,False,False,False,False,False,False,False,excluded,excluded,False
tjg116,2022-03-21,investing,"Powell: ""If we conclude that it is appropriate to move... by more than 25 basis points at a meeting or meetings, we will do so. And if we determine that we need to tighten beyond common measures of neutral and into a more restrictive stance, we will do that as well.""",Ukraine|Russian|invasion,available,False,True,True,True,True,True,True,False,False,True,False,True,True,multiple_paths,geopolitical_crisis_financial,False
tjhyrf,2022-03-21,StockMarket,Major Natural Gas Exposure Risk.,Ukraine|Ukrainian|Russia|Russian|Moscow,available,False,True,True,True,True,True,True,False,False,True,False,True,True,multiple_paths,geopolitical_crisis_financial,False
tjiynm,2022-03-21,investing,"White House to meet with oil, bank, other companies about Russia invasion",Ukraine|Russia|invasion,available,False,True,True,True,True,True,True,False,False,True,False,True,True,multiple_paths,geopolitical_crisis_financial,False
tjmrbt,2022-03-21,StockMarket,"Daily Market Recap - Monday, March 21, 2022. Please enjoy!",Ukraine|Russia|Russian|Putin,available,False,True,True,True,True,True,True,False,False,True,False,True,True,multiple_paths,geopolitical_crisis_financial,False
tjohgt,2022-03-21,stocks,"Russia is the ultimate ""Be greedy when others are fearful"" trade",Russia,removed,True,False,True,False,False,False,False,False,False,False,False,False,False,excluded,excluded,False
tk155b,2022-03-22,StockMarket,Here's Your Daily Market Brief For March 22nd,Ukraine|Russia|Russian|Putin|invasion|sanctions,available,False,True,True,True,True,True,True,False,False,True,False,True,True,multiple_paths,geopolitical_crisis_financial,False
tk1msx,2022-03-22,StockMarket,"The uranium sector is evolving towards a growing global supply deficit, while the uranium price is still to cheap to incentivise new production + a couple uranium companies that have some catching up to do compared to peers",Russia,available,False,False,True,False,False,True,True,False,False,False,False,False,False,excluded,excluded,False
tk1y9d,2022-03-22,StockMarket,(3/22) Tuesday's Pre-Market Stock Movers & News,Ukraine|Russia|Russian|Putin,available,False,True,True,True,True,True,True,False,False,True,False,True,True,multiple_paths,geopolitical_crisis_financial,False
tk1zbb,2022-03-22,stocks,(3/22) Tuesday's Pre-Market Stock Movers & News,Ukraine|Russia|Russian|Putin,available,False,True,True,True,True,True,True,False,False,True,False,True,True,multiple_paths,geopolitical_crisis_financial,False
tk3b01,2022-03-22,stocks,European stocks close slightly higher as Russia-Ukraine jitters keep a lid on gains,Ukraine|Russia,removed,True,True,True,False,False,True,True,False,False,False,False,True,False,direct_ukraine_financial,excluded,True
tk4y60,2022-03-22,investing,Time to GTFO China? Morningstar and Bill Browder...,Russia|Russian|Moscow,available,False,False,True,False,False,True,True,False,False,False,False,False,False,excluded,excluded,False
tk9hfj,2022-03-22,investing,What are the arguments for continued bullish behavior in the energy sector?,Ukraine|invasion,available,False,True,False,True,True,True,True,False,False,True,False,True,True,direct_ukraine_financial,geopolitical_crisis_financial,False
tkcv1o,2022-03-22,StockMarket,"Daily Market Recap - Tuesday, March 22, 2022",Ukraine|Ukrainian|Russia|Russian|Putin,available,False,True,True,True,True,True,True,False,False,True,False,True,True,multiple_paths,geopolitical_crisis_financial,False
tkd3p6,2022-03-22,investing,Global risk spreads - hear me out,Ukraine|Russian,available,False,True,True,True,True,True,True,False,False,True,False,True,True,multiple_paths,geopolitical_crisis_financial,False
tkdq2o,2022-03-22,stocks,World Reserve Currency convo,Russia,available,False,False,True,True,True,True,True,False,False,True,False,True,True,russia_conflict_financial,geopolitical_crisis_financial,False
tkeo19,2022-03-22,StockMarket,Russian sanctions-linked firms run into hurdles with debt payments,Russian|sanctions,deleted,True,False,True,True,True,True,True,False,False,True,False,True,True,russia_conflict_financial,geopolitical_crisis_financial,False
tkh0hn,2022-03-23,stocks,market to volatile to invest right now?,Ukraine,available,False,True,False,True,True,True,True,False,False,True,False,True,True,direct_ukraine_financial,geopolitical_crisis_financial,False
tkr47l,2022-03-23,stocks,"UK inflation jumps to a 30-year high of 6.2%, intensifying the cost-of-living crisis (Business Insider)",Ukraine,available,False,True,False,True,True,True,True,False,False,True,False,True,True,direct_ukraine_financial,geopolitical_crisis_financial,False
tksakv,2022-03-23,investing,If Russia goes to war with Poland what will be your investment strategies,Russia,removed,True,False,True,True,True,True,True,False,False,True,False,True,True,russia_conflict_financial,geopolitical_crisis_financial,False
tksv6g,2022-03-23,StockMarket,Here's Your Daily Market Brief For March 23rd,Ukraine|Russia|Russian,available,False,True,True,True,True,True,True,False,False,True,False,True,True,multiple_paths,geopolitical_crisis_financial,False
tkt7d5,2022-03-23,StockMarket,(3/23) Wednesday's Pre-Market Stock Movers & News,Ukraine|Ukrainian|Russia,available,False,True,True,True,True,True,True,False,False,True,False,True,True,multiple_paths,geopolitical_crisis_financial,False
tkt8yp,2022-03-23,stocks,(3/23) Wednesday's Pre-Market Stock Movers & News,Ukraine|Ukrainian|Russia,available,False,True,True,True,True,True,True,False,False,True,False,True,True,multiple_paths,geopolitical_crisis_financial,False
tkuaxz,2022-03-23,stocks,Moscow Exchange resumes trading in 33 stocks on March 24,Moscow,removed,True,False,True,False,False,True,True,False,False,False,False,False,False,excluded,excluded,False
tkublq,2022-03-23,investing,Moscow Exchange resumes trading in 33 stocks on March 24,Moscow,removed,True,False,True,False,False,True,True,False,False,False,False,False,False,excluded,excluded,False
tkued5,2022-03-23,investing,Russian Stock Market to Partially Reopen on Thursday,Ukraine|Russia|Russian|Putin|Moscow|invasion|sanctions,available,False,True,True,True,True,True,True,True,True,True,True,True,True,multiple_paths,multiple_paths,False
tkuyyv,2022-03-23,investing,Opinion on Wheat 3x Lev USD,Ukraine|Russia,available,False,True,True,True,True,True,True,False,False,True,False,True,True,multiple_paths,geopolitical_crisis_financial,False
tl3tft,2022-03-23,StockMarket,"Inflation in Russia spikes above 14.5%, highest since late 2015",Russia,blank,True,False,True,False,False,True,True,False,False,False,False,False,False,excluded,excluded,False
tlb3lx,2022-03-23,stocks,"Russia, china & Saudi on market",Russia,removed,True,False,True,False,False,True,True,False,False,False,False,False,False,excluded,excluded,False
tlbgnl,2022-03-23,investing,"General Investments: Progress in Russia-Ukraine Diplomatic Talks, Slightly Lower Energy Prices Contribute to Optimism",Ukraine|Russia,removed,True,True,True,False,False,True,True,False,False,False,False,True,False,direct_ukraine_financial,excluded,True
tlbj4k,2022-03-23,StockMarket,"General Investments: Progress in Russia-Ukraine Diplomatic Talks, Slightly Lower Energy Prices Contribute to Optimism - ReporterJET",Ukraine|Russia,blank,True,True,True,False,False,True,True,False,False,False,False,True,False,direct_ukraine_financial,excluded,True
tld5az,2022-03-23,investing,What’s your investment plan for investing in post-Russian Europe?,Russia|Russian|Putin,available,False,False,True,False,False,True,True,False,False,False,False,False,False,excluded,excluded,False
tlfl5n,2022-03-23,StockMarket,Rouble firms past 100 vs dollar after Putin announces gas currency switch,Putin,deleted,True,False,True,False,False,True,True,False,False,False,False,False,False,excluded,excluded,False
tlfq5r,2022-03-23,investing,Russia resumes trading tomorrow,Russia,removed,True,False,True,False,False,True,True,False,False,False,False,False,False,excluded,excluded,False
tlfts1,2022-03-23,StockMarket,"Here is a Market Recap for today Wednesday, March 23, 202",Ukraine|Russia|sanctions|NATO,available,False,True,True,True,True,True,True,False,False,True,False,True,True,multiple_paths,geopolitical_crisis_financial,False
tlgchq,2022-03-23,stocks,When will Russian stocks reopen?,Russian,removed,True,False,True,False,False,True,True,False,False,False,False,False,False,excluded,excluded,False
tlh5w4,2022-03-23,stocks,They're actually re-opening the Russian Stock Market 24 March,Russian|Putin,available,False,False,True,False,False,True,True,False,False,False,False,False,False,excluded,excluded,False
tlyi4t,2022-03-24,investing,Military cybersecurity firms to invest in?,Ukraine,available,False,True,False,True,True,True,True,False,False,True,False,True,True,direct_ukraine_financial,geopolitical_crisis_financial,False
tlyif6,2022-03-24,stocks,Military cybersecurity stocks to invest in?,Ukraine,available,False,True,False,True,True,True,True,False,False,True,False,True,True,direct_ukraine_financial,geopolitical_crisis_financial,False
tlyzwh,2022-03-24,stocks,PHL shares decline as Russian attacks continue,Russian,removed,True,False,True,False,True,True,True,False,False,True,False,False,True,excluded,geopolitical_crisis_financial,True
tlzpsn,2022-03-24,investing,Stock market live on Russia-Ukraine,Ukraine|Russia,removed,True,True,True,False,False,True,True,False,False,False,False,True,False,direct_ukraine_financial,excluded,True
tm0tr5,2022-03-24,investing,Investing in Russian Rubles?,Russian,removed,True,False,True,False,False,True,True,False,False,False,False,False,False,excluded,excluded,False
tm1a7e,2022-03-24,stocks,Russian Stocks Gain in Local Trading After Record Long Shutdown,Russian,removed,True,False,True,False,False,True,True,False,False,False,False,False,False,excluded,excluded,False
tm1e3y,2022-03-24,stocks,Russian shares rise as Moscow’s stock market reopens,Russian|Moscow,removed,True,False,True,False,False,True,True,False,False,False,False,False,False,excluded,excluded,False
tm1ha6,2022-03-24,stocks,Putin’s invasion of Ukraine is seen as his biggest ever mistake — and it will harm Russia for years to come,Ukraine|Russia|Putin|invasion,removed,True,True,True,True,True,False,False,False,False,False,False,False,False,excluded,excluded,False
tm1j34,2022-03-24,stocks,Wild moves in Russian stocks as market reopens after month-long shutdown,Russian,removed,True,False,True,False,False,True,True,False,False,False,False,False,False,excluded,excluded,False
tm29l2,2022-03-24,StockMarket,Will bond market selling leak into stocks?,Ukraine,available,False,True,False,True,True,True,True,False,False,True,False,True,True,direct_ukraine_financial,geopolitical_crisis_financial,False
tm2k9u,2022-03-24,stocks,Why Russian re-opening the Russian Stock Market 24 March,Russian,removed,True,False,True,False,False,True,True,False,False,False,False,False,False,excluded,excluded,False
tm2khg,2022-03-24,stocks,Russian re-opening the Russian Stock Market 24 March,Russian,removed,True,False,True,False,False,True,True,False,False,False,False,False,False,excluded,excluded,False
tm2m17,2022-03-24,StockMarket,Putin demands gas payments in rubles in sanctions workaround attempt,Putin|sanctions,blank,True,False,True,True,True,True,True,False,False,True,False,True,True,russia_conflict_financial,geopolitical_crisis_financial,False
tm3bv8,2022-03-24,StockMarket,Russian stocks jump as market reopens and government props up local shares,Russian,blank,True,False,True,False,False,True,True,False,False,False,False,False,False,excluded,excluded,False
tm4eay,2022-03-24,StockMarket,Here's Your Daily Market Brief For March 24th,Ukraine|Russia|Russian|Moscow|invasion|sanctions|NATO,available,False,True,True,True,True,True,True,False,False,True,False,True,True,multiple_paths,geopolitical_crisis_financial,False
tm4eyq,2022-03-24,StockMarket,(3/24) Thursday's Pre-Market Stock Movers & News,Ukraine|Russia|invasion|NATO,available,False,True,True,True,True,True,True,False,False,True,False,True,True,multiple_paths,geopolitical_crisis_financial,False
tm4flu,2022-03-24,stocks,(3/24) Thursday's Pre-Market Stock Movers & News,Ukraine|Russia|invasion|NATO,available,False,True,True,True,True,True,True,False,False,True,False,True,True,multiple_paths,geopolitical_crisis_financial,False
tmcf28,2022-03-24,stocks,Stocks are rising despite US durable-goods orders sink 2.2% and break the winning streak...Are we missing something here?,Ukraine|Russian|invasion,available,False,True,True,True,True,True,True,False,False,True,False,True,True,multiple_paths,geopolitical_crisis_financial,False
tme62e,2022-03-24,stocks,Now that Russia opened the stock market when will iShares ERUS be listed again?,Russia,removed,True,False,True,False,False,True,True,False,False,False,False,False,False,excluded,excluded,False
tmh8fb,2022-03-24,stocks,So what happens to all the people that own Russian ETFs like ERUS?,Russian,available,False,False,True,False,False,True,True,False,False,False,False,False,False,excluded,excluded,False
tmkuf9,2022-03-24,StockMarket,"Moscow Stock Exchange Reopens but Only for Russians, MOEX Gains 5%",Moscow,blank,True,False,True,False,False,True,True,False,False,False,False,False,False,excluded,excluded,False
tmkulb,2022-03-24,StockMarket,Russia stocks jump as trade resumes after month-long break,Russia,blank,True,False,True,False,False,True,True,False,False,False,False,False,False,excluded,excluded,False
tmwiy3,2022-03-24,investing,The elephant in the sub when it comes to discussing investing in countries like China or Russia.,Russia,available,False,False,True,False,False,True,True,False,False,False,False,False,False,excluded,excluded,False
tmyjp7,2022-03-24,stocks,Which companies will benefit from rebuilding costs in Ukraine?,Ukraine,removed,True,True,False,False,False,True,True,False,False,False,False,True,False,direct_ukraine_financial,excluded,True
tn0rlf,2022-03-24,stocks,"Eco, Tree Hugging, Humanitarian Investing",Russia,available,False,False,True,True,True,True,True,False,False,True,False,True,True,russia_conflict_financial,geopolitical_crisis_financial,False
tn2g3a,2022-03-24,stocks,Russian bf not able to trade,Russian,removed,True,False,True,False,False,False,False,False,False,False,False,False,False,excluded,excluded,False
tn62rf,2022-03-24,StockMarket,"Here is a Market Recap for today Thursday, March 24, 2022",Ukraine|Russia|Russian|invasion|sanctions|NATO,available,False,True,True,True,True,True,True,True,False,True,False,True,True,multiple_paths,geopolitical_crisis_financial,False
tna2uf,2022-03-25,stocks,What so far underperforming stock in 2022 do you expect to soar the remainder of the year?,Ukraine|Russia,available,False,True,True,True,True,True,True,False,False,True,False,True,True,multiple_paths,geopolitical_crisis_financial,False
tne12l,2022-03-25,stocks,"Renault announced Wednesday it will write off the value of its €2.2 billion worth of assets in Russia, an amount equivalent to roughly a thi",Russia,removed,True,False,True,False,False,True,True,False,False,False,False,False,False,excluded,excluded,False
tne23n,2022-03-25,stocks,Renault announced Wednesday it will write off the value of its €2.2 billion worth of assets in Russia,Russia,removed,True,False,True,False,False,True,True,False,False,False,False,False,False,excluded,excluded,False
tnhemf,2022-03-25,StockMarket,President Putin announces Russian resources' exchange with unfriendly countries only in Rubble,Russian|Putin,blank,True,False,True,False,False,False,False,False,False,False,False,False,False,excluded,excluded,False
tnizfx,2022-03-25,stocks,Ruble or Russian etf?,Russian,available,False,False,True,False,False,True,True,False,False,False,False,False,False,excluded,excluded,False
tnj8sg,2022-03-25,investing,Biden's ban on Russian salmon driving Norwegian salmon up,Russian,removed,True,False,True,False,False,False,False,False,False,False,False,False,False,excluded,excluded,False
tnks94,2022-03-25,StockMarket,Here's Your Daily Market Brief For March 25th,Ukraine|Russia|Putin|Moscow|sanctions|NATO,available,False,True,True,True,True,True,True,False,False,True,False,True,True,multiple_paths,geopolitical_crisis_financial,False
tnkvv5,2022-03-25,StockMarket,(3/25) Friday's Pre-Market Stock Movers & News,Ukraine|Russia|Russian|NATO,available,False,True,True,True,True,True,True,False,False,True,False,True,True,multiple_paths,geopolitical_crisis_financial,False
tnkwjv,2022-03-25,stocks,(3/25) Friday's Pre-Market Stock Movers & News,Ukraine|Russia|Russian|NATO,available,False,True,True,True,True,True,True,False,False,True,False,True,True,multiple_paths,geopolitical_crisis_financial,False
tnpkfr,2022-03-25,investing,is investing in autocracies too risky now?,Russia,available,False,False,True,False,False,True,True,False,False,False,False,False,False,excluded,excluded,False
tnr5ib,2022-03-25,stocks,How to best invest in the re-buildling of Ukraine?,Ukraine|Russia,available,False,True,True,True,True,True,True,False,False,True,False,True,True,multiple_paths,geopolitical_crisis_financial,False
tny67j,2022-03-25,investing,"Which stocks could be interesting to look at, now that EU will increase LNG purchases from US and wind down gas from Russian pipelines?",Russian,removed,True,False,True,False,False,True,True,False,False,False,False,False,False,excluded,excluded,False
tnypxz,2022-03-25,StockMarket,"Here is a Market Recap for today Friday, March 25, 2022",Ukraine|Russia|Russian|invasion|sanctions|NATO,available,False,True,True,True,True,True,True,True,False,True,False,True,True,multiple_paths,geopolitical_crisis_financial,False
to10gv,2022-03-25,StockMarket,Venture capital fund backed by Russian oligarch Abramovich removes all traces of operations online,Russian,deleted,True,False,True,False,False,True,True,False,False,False,False,False,False,excluded,excluded,False
to55fm,2022-03-25,StockMarket,"Wall Street Week Ahead for the trading week beginning March 28th, 2022",Ukraine,available,False,True,False,True,True,True,True,False,False,True,False,True,True,direct_ukraine_financial,geopolitical_crisis_financial,False
to5eu3,2022-03-25,stocks,"Wall Street Week Ahead for the trading week beginning March 28th, 2022",Ukraine,available,False,True,False,True,True,True,True,False,False,True,False,True,True,direct_ukraine_financial,geopolitical_crisis_financial,False
toarrz,2022-03-26,stocks,8 Reasons To Never Bet Against the US,Russia|Russian|invasion|sanctions|NATO,available,False,False,True,True,True,True,True,False,False,True,False,True,True,russia_conflict_financial,geopolitical_crisis_financial,False
toj6jf,2022-03-26,stocks,russian stocks,Russian,removed,True,False,True,False,False,True,True,False,False,False,False,False,False,excluded,excluded,False
tol7ga,2022-03-26,StockMarket,Ukrainian Government Announces Anticipated NFT Collection,Ukrainian,deleted,True,True,False,False,False,False,False,False,False,False,False,False,False,excluded,excluded,False
tonf1v,2022-03-26,stocks,"Ideal stocks early, post Ukraine -Russia conflict",Ukraine|Russia,removed,True,True,True,True,True,True,True,False,False,True,False,True,True,multiple_paths,geopolitical_crisis_financial,False
torgms,2022-03-26,investing,A way to invest in Europe's transition away from fossil fuels and towards renewable energy: ITM Power,Ukraine|Russia|invasion,available,False,True,True,True,True,True,True,False,False,True,False,True,True,multiple_paths,geopolitical_crisis_financial,False
tozy3h,2022-03-26,investing,Bad time to put money into mutual funds?,Ukraine,available,False,True,False,True,True,True,True,False,False,True,False,True,True,direct_ukraine_financial,geopolitical_crisis_financial,False
tp4ihm,2022-03-26,stocks,Stock market reaction after US / EU deal,Russian,available,False,False,True,False,False,True,True,False,False,False,False,False,False,excluded,excluded,False
tp8sos,2022-03-27,StockMarket,"Gold, Silver, Copper, Oil and Uranium sector and their values today",Russia,available,False,False,True,False,True,True,True,False,False,True,False,False,True,excluded,geopolitical_crisis_financial,True
tp97jy,2022-03-27,StockMarket,Batman taught Xi Jinping one thing...Vengeance,Ukraine|Russia,available,False,True,True,True,True,True,True,False,False,True,False,True,True,multiple_paths,geopolitical_crisis_financial,False
tpbii1,2022-03-27,stocks,Moscow Exchange to resume shares and bond trading in normal mode on Monday -central bank,Moscow,removed,True,False,True,False,False,True,True,False,False,False,False,False,False,excluded,excluded,False
tpegxp,2022-03-27,stocks,Ban on Russian metals ?,Russian,removed,True,False,True,False,False,True,True,False,False,False,False,False,False,excluded,excluded,False
tpeoig,2022-03-27,StockMarket,Ban on Russian metals ?,Ukraine|Russia|Russian|invasion|sanctions,available,False,True,True,True,True,True,True,False,False,True,False,True,True,multiple_paths,geopolitical_crisis_financial,False
tphlmj,2022-03-27,investing,Leveraged Longs on the Russian Market,Russian,removed,True,False,True,False,False,True,True,False,False,False,False,False,False,excluded,excluded,False
tpn2uh,2022-03-27,stocks,"Russian stock market, crushed by war, opens with big limits",Ukraine|Russia|Russian|Moscow|invasion|sanctions,available,False,True,True,True,True,True,True,False,False,True,False,True,True,multiple_paths,geopolitical_crisis_financial,False
tpomrh,2022-03-27,StockMarket,Russian oligarch who owns Spartak Moscow claims that he lost 99% of his fortune,Russian|Moscow,removed,True,False,True,False,False,False,False,False,False,False,False,False,False,excluded,excluded,False
tpuvr3,2022-03-27,stocks,The new EU gas & Oil supplier *discussion*,Ukraine|Russia,available,False,True,True,False,False,True,True,False,False,False,False,True,False,direct_ukraine_financial,excluded,True
tq4skh,2022-03-28,StockMarket,HSBC removes references to Ukraine ‘war’ from analyst reports | Financial Times,Ukraine,blank,True,True,False,True,True,True,True,False,False,True,False,True,True,direct_ukraine_financial,geopolitical_crisis_financial,False
tq8nxq,2022-03-28,StockMarket,(3/28) Monday's Pre-Market Stock Movers & News,Ukraine|Russia,available,False,True,True,True,True,True,True,False,False,True,False,True,True,multiple_paths,geopolitical_crisis_financial,False
tq8p5c,2022-03-28,stocks,(3/28) Monday's Pre-Market Stock Movers & News,Ukraine|Russia,available,False,True,True,True,True,True,True,False,False,True,False,True,True,multiple_paths,geopolitical_crisis_financial,False
tqaixr,2022-03-28,stocks,Fiverr (FVRR) to post blowout earnings for Q1??,Ukraine,available,False,True,False,True,True,True,True,False,False,True,False,True,True,direct_ukraine_financial,geopolitical_crisis_financial,False
tqarli,2022-03-28,StockMarket,G7 rejects Putin's demand for rouble payment for Russian gas,Russian|Putin,blank,True,False,True,False,False,True,True,False,False,False,False,False,False,excluded,excluded,False
tqgcx7,2022-03-28,investing,How to gain exposure to Russian equities or rubles?,Russian,removed,True,False,True,False,False,True,True,False,False,False,False,False,False,excluded,excluded,False
tqj8n5,2022-03-28,StockMarket,"Here is a Market Recap for today Monday, March 28, 2022",Ukraine|Russia|Russian|invasion|sanctions|NATO,available,False,True,True,True,True,True,True,True,False,True,False,True,True,multiple_paths,geopolitical_crisis_financial,False
tqnibp,2022-03-29,investing,Sentiment folks? I'm 80% cash looking to come back in.,Russian|invasion,available,False,False,True,True,True,True,True,False,False,True,False,True,True,russia_conflict_financial,geopolitical_crisis_financial,False
tqpmbd,2022-03-29,stocks,Do you think the recent outrage against Russia could affect US relations with china?,Russia,removed,True,False,True,False,False,False,False,False,False,False,False,False,False,excluded,excluded,False
tqs2r6,2022-03-29,StockMarket,Saudi Arabia Hikes Oil Prices Despite Record Discounts For Russian Crude,Russian,blank,True,False,True,False,False,True,True,False,False,False,False,False,False,excluded,excluded,False
tqs3di,2022-03-29,stocks,Russian stocks slide as trading resumes for all companies,Russian,removed,True,False,True,False,False,True,True,False,False,False,False,False,False,excluded,excluded,False
tqt2is,2022-03-29,stocks,Asian shares higher ahead of Russia-Ukraine peace talks,Ukraine|Russia,removed,True,True,True,False,False,True,True,False,False,False,False,True,False,direct_ukraine_financial,excluded,True
tqy7bc,2022-03-29,StockMarket,(3/29) Tuesday's Pre-Market Stock Movers & News,Ukraine|Ukrainian|Russia|Russian|Kyiv,available,False,True,True,True,True,True,True,False,False,True,False,True,True,multiple_paths,geopolitical_crisis_financial,False
tqy7xv,2022-03-29,stocks,(3/29) Tuesday's Pre-Market Stock Movers & News,Ukraine|Ukrainian|Russia|Russian|Kyiv,available,False,True,True,True,True,True,True,False,False,True,False,True,True,multiple_paths,geopolitical_crisis_financial,False
tqyfkk,2022-03-29,stocks,Where to park $16k if I believe in electric vehicles and electric vehicle charging exploding sooner than later,Ukraine,available,False,True,False,False,False,True,True,False,False,False,False,True,False,direct_ukraine_financial,excluded,True
tqyom9,2022-03-29,StockMarket,Russia gas supply to Europe at risk as rouble deadline nears,Russia,blank,True,False,True,False,False,True,True,False,False,False,False,False,False,excluded,excluded,False
tr0n7d,2022-03-29,stocks,"Investing in oil, gold and other things for the storm to come once China COVID lockdowns end",Ukraine|Putin,available,False,True,True,True,True,True,True,False,False,True,False,True,True,multiple_paths,geopolitical_crisis_financial,False
tr1cdv,2022-03-29,stocks,Which major stocks would benefit from Ukraine winning the war?,Ukraine|Russian|sanctions,available,False,True,True,True,True,True,True,False,False,True,False,True,True,multiple_paths,geopolitical_crisis_financial,False
tr2864,2022-03-29,stocks,"Can anyone ELI5 on how impactful the neon shortage would be, and it’s impact to TSMC, and AMD?",Ukraine|Russia,available,False,True,True,False,False,False,False,False,False,False,False,False,False,excluded,excluded,False
trac5x,2022-03-29,StockMarket,"OPEC+ meets amid oil price complaints, concerns over Russian, Kazakh supply",Russian,blank,True,False,True,False,False,True,True,False,False,False,False,False,False,excluded,excluded,False
tre9nx,2022-03-29,investing,What listed companies will build up West-Ukraine again after the Russians have pulled out? Any ideas what stocks might benefit?,Ukraine,removed,True,True,False,False,False,True,True,False,False,False,False,True,False,direct_ukraine_financial,excluded,True
treopt,2022-03-29,investing,What listed companies will build up West-Ukraine again after the Russians have pulled out? Any ideas what stocks might benefit?,Ukraine,removed,True,True,False,False,False,True,True,False,False,False,False,True,False,direct_ukraine_financial,excluded,True
trjf5e,2022-03-29,StockMarket,"Here is a Market Recap for today Tuesday, March 29, 2022",Ukraine|Ukrainian|Russia|Putin|Kyiv|Moscow,available,False,True,True,True,True,True,True,False,False,True,False,True,True,multiple_paths,geopolitical_crisis_financial,False
trnozb,2022-03-29,StockMarket,"Round 2 of Oiler stock FOMO comes this week when Putin and EU square off in a pay me roubles staring contest… The EU has said they won’t pay… Putin will cut oil supply to EU and the oil manipulation will stop, allowing for an aggressive Round 2…",Putin,removed,True,False,True,False,False,True,True,False,False,False,False,False,False,excluded,excluded,False
trohts,2022-03-29,stocks,"Russian Stocks, a little nugget for all interested",Russian,removed,True,False,True,False,False,True,True,False,False,False,False,False,False,excluded,excluded,False
trs8yh,2022-03-29,stocks,"In a world of scarcity, panic-buying of things in short supply, Potash is an essential fertilizer and there's not enough. NTR, MOS, IPI",Russia|Russian,available,False,False,True,True,True,True,True,False,False,True,False,True,True,russia_conflict_financial,geopolitical_crisis_financial,False
ts187c,2022-03-30,stocks,Good investments in the rebuilding effort in Ukraine,Ukraine,removed,True,True,False,False,False,False,False,False,False,False,False,False,False,excluded,excluded,False
ts3sye,2022-03-30,StockMarket,"NAMIBIA HIGH COURT ORDERS THE MINISTRY TO FILE ITS DEFENSE AT THE LATEST ON APRIL 22, 2022",sanctions,available,False,False,False,True,True,True,True,False,False,False,False,False,False,excluded,excluded,False
ts5ahw,2022-03-30,StockMarket,(3/30) Wednesday's Pre-Market Stock Movers & News,Ukraine|Russia|Russian|Moscow,available,False,True,True,True,True,True,True,False,False,True,False,True,True,multiple_paths,geopolitical_crisis_financial,False
ts5b8o,2022-03-30,stocks,(3/30) Wednesday's Pre-Market Stock Movers & News,Ukraine|Russia|Russian|Moscow,available,False,True,True,True,True,True,True,False,False,True,False,True,True,multiple_paths,geopolitical_crisis_financial,False
ts8yld,2022-03-30,StockMarket,Hackers of Axie Infinity steal $625 million,Ukraine|Russian,available,False,True,True,True,True,True,True,False,False,True,False,True,True,multiple_paths,geopolitical_crisis_financial,False
tsatuk,2022-03-30,stocks,Investment Opportunities In Russia and Ukraine Amid Ongoing Conflict,Ukraine|Russia,removed,True,True,True,True,True,True,True,False,False,True,False,True,True,multiple_paths,geopolitical_crisis_financial,False
tsbjlo,2022-03-30,StockMarket,Russia to keep gas contract prices unchanged in rouble switch,Russia,blank,True,False,True,False,False,True,True,False,False,False,False,False,False,excluded,excluded,False
tsby2y,2022-03-30,stocks,What will it take for us to be able to trade Russian stocks again?,Russian,deleted,True,False,True,False,False,True,True,False,False,False,False,False,False,excluded,excluded,False
tsj8b2,2022-03-30,StockMarket,Wall Street 'vultures' look to make killing off Russian debt,Russian,blank,True,False,True,False,False,True,True,True,False,False,False,True,False,russia_crisis_financial_consequence,excluded,True
tsu6ez,2022-03-31,StockMarket,Why is Vladimir Putin demanding Russian gas is paid for in roubles?,Russian|Putin,deleted,True,False,True,False,False,True,True,False,False,False,False,False,False,excluded,excluded,False
tsuxvs,2022-03-31,StockMarket,U.S. and allies may find tapping stockpiles inadequate to plug Russian oil gap,Russian,deleted,True,False,True,False,False,True,True,False,False,False,False,False,False,excluded,excluded,False
tsw5p3,2022-03-31,StockMarket,The Russian Ruble bounces back exponentially remains unaffected by the sanctions imposed by the west,Russian|sanctions,blank,True,False,True,True,True,True,True,False,False,True,False,True,True,russia_conflict_financial,geopolitical_crisis_financial,False
tsyjbk,2022-03-31,StockMarket,(3/31) Thursday's Pre-Market Stock Movers & News,Ukraine|Russia|Russian,available,False,True,True,True,True,True,True,False,False,True,False,True,True,multiple_paths,geopolitical_crisis_financial,False
tsyk07,2022-03-31,stocks,(3/31) Thursday's Pre-Market Stock Movers & News,Ukraine|Russia|Russian,available,False,True,True,True,True,True,True,False,False,True,False,True,True,multiple_paths,geopolitical_crisis_financial,False
tsz34i,2022-03-31,stocks,Do Xi Jinping's Threats Against Taiwan Make China Uninvestable?,Ukraine|Russian|Putin,available,False,True,True,False,True,True,True,False,False,True,False,True,True,direct_ukraine_financial,geopolitical_crisis_financial,False
tszbcz,2022-03-31,stocks,U.S. says it is discussing further coordinated oil release with allies,Ukraine|Russia|invasion,available,False,True,True,True,True,True,True,False,False,True,False,True,True,multiple_paths,geopolitical_crisis_financial,False
tt1cqg,2022-03-31,StockMarket,Putin says Russia will enforce rouble payments for gas from Friday,Russia|Putin,blank,True,False,True,False,False,True,True,False,False,False,False,False,False,excluded,excluded,False
tt2zw2,2022-03-31,investing,There’s no reason to invest in VXUS / international etfs anymore given how tight the world market is to the US,Russia,available,False,False,True,False,False,True,True,False,False,False,False,False,False,excluded,excluded,False
tt47q5,2022-03-31,investing,Any info about Russian stocks listed on US exchanges?,Russian,removed,True,False,True,False,False,True,True,False,False,False,False,False,False,excluded,excluded,False
tt5cer,2022-03-31,stocks,Some high quality hidden gems based on fundamentals and value,Putin,available,False,False,True,False,True,True,True,False,False,True,False,False,True,excluded,geopolitical_crisis_financial,True
tt7lzs,2022-03-31,stocks,Biden’s Global Quest for Oil Triggers Political Pushback,Ukraine|Russia|Russian|invasion,available,False,True,True,True,True,True,True,False,False,True,False,True,True,multiple_paths,geopolitical_crisis_financial,False
ttad7y,2022-03-31,StockMarket,"Here is a Market Recap for today Thursday, March 31, 2022",Ukraine|Ukrainian|Russia|Russian|Putin|Kyiv|Moscow|invasion|sanctions,available,False,True,True,True,True,True,True,False,False,True,False,True,True,multiple_paths,geopolitical_crisis_financial,False
ttb19r,2022-03-31,stocks,"Will Biden’s deciding to release millions of barrels of oils affect oil price, and oil stocks?",Ukraine,available,False,True,False,False,False,True,True,False,False,False,False,True,False,direct_ukraine_financial,excluded,True
ttdnqv,2022-04-01,stocks,EXCLUSIVE Venezuela's PDVSA seeks oil tankers in anticipation of U.S. sanctions easing,sanctions,available,False,False,False,True,True,True,True,False,False,False,False,False,False,excluded,excluded,False
tth665,2022-04-01,investing,"Let's peel apart the February 2022 7.9% CPI measurement to figure out if the data shows ""it's because the fed printed money""",Ukraine|Russia,available,False,True,True,True,True,True,True,False,False,True,False,True,True,multiple_paths,geopolitical_crisis_financial,False
ttm6nj,2022-04-01,StockMarket,Putin ally warns agriculture supplies could be limited to 'friends',Putin,deleted,True,False,True,False,False,False,False,False,False,False,False,False,False,excluded,excluded,False
tto6j2,2022-04-01,stocks,STLA; DD deep value deep dive,Russia,available,False,False,True,False,True,True,True,False,False,True,False,False,True,excluded,geopolitical_crisis_financial,True
ttpyw0,2022-04-01,investing,How to buy russian rubles?,Russian,deleted,True,False,True,False,False,False,True,False,False,False,False,False,False,excluded,excluded,False
ttqox7,2022-04-01,investing,investing in russian oil copanies?,Russian,removed,True,False,True,False,False,True,True,False,False,False,False,False,False,excluded,excluded,False
ttqqxg,2022-04-01,investing,buy russian oil companies?,Russian,removed,True,False,True,False,False,True,True,False,False,False,False,False,False,excluded,excluded,False
ttt4l0,2022-04-01,stocks,1st Wk Apr Historically Has 4 of 5 Dys Big Dys,Ukraine,available,False,True,False,True,True,True,True,False,False,True,False,True,True,direct_ukraine_financial,geopolitical_crisis_financial,False
tu1727,2022-04-01,stocks,How do you analyze a stock to see if it’s a good buy right now? Especially with so many factors that go into it. Are these good buys?,Ukraine,available,False,True,False,True,True,True,True,False,False,True,False,True,True,direct_ukraine_financial,geopolitical_crisis_financial,False
tu2h16,2022-04-01,StockMarket,"Here is a Market Recap for today Friday, April 1, 2022",Ukraine|Russia|Russian|Putin|invasion,available,False,True,True,True,True,True,True,False,False,True,False,True,True,multiple_paths,geopolitical_crisis_financial,False
tu6qhy,2022-04-02,StockMarket,"Wall Street Week Ahead for the trading week beginning April 4th, 2022",Ukraine|Ukrainian|Russia|Russian|sanctions,available,False,True,True,True,True,True,True,True,True,True,True,True,True,multiple_paths,multiple_paths,False
tu6rv4,2022-04-02,stocks,"Wall Street Week Ahead for the trading week beginning April 4th, 2022",Ukraine|Ukrainian|Russia|Russian|sanctions,available,False,True,True,True,True,True,True,True,True,True,True,True,True,multiple_paths,multiple_paths,False
tu8xlx,2022-04-02,StockMarket,Investment Strategy Group within the Consumer and Wealth Management Division of Goldman Sachs,Ukraine|Russian|invasion,available,False,True,True,True,True,True,True,False,False,True,False,True,True,multiple_paths,geopolitical_crisis_financial,False
tudnwl,2022-04-02,StockMarket,"Economist Jim O'Neill on Russia: ""The West Will Decide on Putin's Bankruptcy""",Russia|Putin,blank,True,False,True,False,False,False,False,False,False,False,False,False,False,excluded,excluded,False
tumycz,2022-04-02,stocks,"Tesla delivers 310,048 electric vehicles in the first quarter, below analyst estimates",Ukraine|Russia|invasion,available,False,True,True,True,True,True,True,False,False,True,False,True,True,multiple_paths,geopolitical_crisis_financial,False
tup35r,2022-04-02,stocks,European Inflation Soars to Record 7.5% in March,Ukraine|Russia|invasion,available,False,True,True,True,True,True,True,False,False,True,False,True,True,multiple_paths,geopolitical_crisis_financial,False
tuqgtz,2022-04-02,stocks,Russian ruble rebound,Russian,removed,True,False,True,False,False,True,True,False,False,False,False,False,False,excluded,excluded,False
tuv6gg,2022-04-02,stocks,How can I buy an apartment bloc in Ukraine?,Ukraine,removed,True,True,False,False,False,False,True,False,False,False,False,False,False,excluded,excluded,False
tv664l,2022-04-03,StockMarket,Purchasing russian ADRs/GDRs - peer-to-peer deal,Russian,removed,True,False,True,False,False,True,True,True,False,False,False,True,False,russia_crisis_financial_consequence,excluded,True
tv95rn,2022-04-03,StockMarket,The Imminent Collapse of Russian's Economy and Stock Market! What is Really Happening!!,Russian,blank,True,False,True,False,False,True,True,False,False,False,False,False,False,excluded,excluded,False
tvfmn8,2022-04-03,stocks,"In a sea of red in 2022, here's how I have beaten the market by 42 points in Q1",Ukraine|Russia|invasion,available,False,True,True,True,True,True,True,False,False,True,False,True,True,multiple_paths,geopolitical_crisis_financial,False
tvg8hk,2022-04-03,StockMarket,"Despite the political conflicts, stock prices go up. Should it make any sense?",Ukraine|Russia|Russian|invasion|sanctions,available,False,True,True,True,True,True,True,False,False,True,False,True,True,multiple_paths,geopolitical_crisis_financial,False
tvhif8,2022-04-03,StockMarket,Russian ADR/GDR securities - can I buy/sell them directly and not through exchange?,Russian,available,False,False,True,False,False,True,True,False,False,False,False,False,False,excluded,excluded,False
tvq5pf,2022-04-04,stocks,Are Russian Stocks a play right now?,Russian,available,False,False,True,False,False,True,True,False,False,False,False,False,False,excluded,excluded,False
tvwb01,2022-04-04,StockMarket,"Larry Fink discusses how the Russian invasion of Ukraine marks a turning point in the world order of geopolitics, macro-economic trends and capital markets",Ukraine|Russian|invasion,blank,True,True,True,True,True,True,True,False,False,True,False,True,True,multiple_paths,geopolitical_crisis_financial,False
tvygsr,2022-04-04,StockMarket,ExxonMobil suspends Russian Far East LNG project,Russian,blank,True,False,True,False,False,False,False,False,False,False,False,False,False,excluded,excluded,False
tvz423,2022-04-04,StockMarket,Jamie Dimon: The war in Ukraine will slow the economy and it could 'easily get worse',Ukraine,blank,True,True,False,True,True,True,True,False,False,True,False,True,True,direct_ukraine_financial,geopolitical_crisis_financial,False
tvztlh,2022-04-04,stocks,"Dimon says confluence of inflation, Ukraine war may ‘dramatically increase risks ahead’ for U.S.",Ukraine,removed,True,True,False,True,True,True,True,False,False,True,False,True,True,direct_ukraine_financial,geopolitical_crisis_financial,False
tw003d,2022-04-04,StockMarket,Here's Your Daily Market Brief For April 4th,Ukraine|Ukrainian|Russia|invasion,available,False,True,True,True,True,True,True,False,False,True,False,True,True,multiple_paths,geopolitical_crisis_financial,False
tw1jb0,2022-04-04,StockMarket,(4/4) Monday's Pre-Market Stock Movers & News,Ukraine|Russia|Russian|sanctions,available,False,True,True,True,True,True,True,False,False,True,False,True,True,multiple_paths,geopolitical_crisis_financial,False
tw1ju4,2022-04-04,stocks,(4/4) Monday's Pre-Market Stock Movers & News,Ukraine|Russia|Russian|sanctions,available,False,True,True,True,True,True,True,False,False,True,False,True,True,multiple_paths,geopolitical_crisis_financial,False
tw1t9t,2022-04-04,stocks,How to buy Sberbank of Russia now?,Russia,removed,True,False,True,False,False,False,True,False,False,False,False,False,False,excluded,excluded,False
tw1tc0,2022-04-04,StockMarket,"Morning Update for Monday, 4/4/22",Ukraine|Russia|sanctions,available,False,True,True,True,True,True,True,False,False,True,False,True,True,multiple_paths,geopolitical_crisis_financial,False
tw2tgu,2022-04-04,StockMarket,Macron calls for ban on Russian oil and coal imports over ‘war crimes’ near Kyiv,Russian|Kyiv,blank,True,True,True,True,True,True,True,False,False,True,False,True,True,multiple_paths,geopolitical_crisis_financial,False
tw3q57,2022-04-04,StockMarket,How do you guys think the semiconductor sector would perform in the stock market this year?,sanctions,available,False,False,False,True,True,True,True,False,False,False,False,False,False,excluded,excluded,False
tw6usg,2022-04-04,StockMarket,Oil jumps 4% as deaths near Kyiv prompt talk of new sanctions,Kyiv|sanctions,blank,True,True,False,True,True,True,True,False,False,True,False,True,True,direct_ukraine_financial,geopolitical_crisis_financial,False
tw7bha,2022-04-04,StockMarket,My Case For Global Foundries ($GFS),Russia,available,False,False,True,False,False,True,True,False,False,False,False,False,False,excluded,excluded,False
twc2t8,2022-04-04,StockMarket,EXCLUSIVE Venezuela's PDVSA seeks oil tankers in anticipation of U.S. sanctions easing,sanctions,blank,True,False,False,True,True,True,True,False,False,False,False,False,False,excluded,excluded,False
twdp9g,2022-04-04,StockMarket,"Here is a Market Recap for today Monday, April 4, 2022",Ukraine|Ukrainian|Russia|Russian|Kyiv|Moscow|invasion|sanctions,available,False,True,True,True,True,True,True,False,False,True,False,True,True,multiple_paths,geopolitical_crisis_financial,False
twl8fa,2022-04-05,investing,is this a bear case for oil.,Russia|Russian|sanctions,available,False,False,True,True,True,True,True,False,False,True,False,True,True,russia_conflict_financial,geopolitical_crisis_financial,False
twndp5,2022-04-05,StockMarket,U.S. stops Russian bond payments in bid to raise pressure on Moscow,Russian|Moscow,blank,True,False,True,False,False,True,True,False,False,False,False,False,False,excluded,excluded,False
twnru2,2022-04-05,StockMarket,U.S. stops Russian bond payments in bid to raise pressure on Moscow,Russian|Moscow,blank,True,False,True,False,False,True,True,False,False,False,False,False,False,excluded,excluded,False
twr9x3,2022-04-05,StockMarket,Airbnb suspends operations in Russia and Belarus,Russia,blank,True,False,True,False,False,False,False,False,False,False,False,False,False,excluded,excluded,False
twrn3z,2022-04-05,investing,Could the Russian invasion of Ukraine be about a 'new monetary system',Ukraine|Russian|invasion,removed,True,True,True,True,True,False,False,False,False,False,False,False,False,excluded,excluded,False
twsuhk,2022-04-05,StockMarket,Here's Your Daily Market Brief For April 5th,Ukraine|Russia|Russian|sanctions,available,False,True,True,True,True,True,True,False,False,True,False,True,True,multiple_paths,geopolitical_crisis_financial,False
twszt6,2022-04-05,stocks,What Happens to Markets If Russia Defaults on Debt?,Russia,available,False,False,True,False,False,True,True,False,False,False,False,False,False,excluded,excluded,False
twtrd3,2022-04-05,StockMarket,(4/5) Tuesday's Pre-Market Stock Movers & News,Ukraine|Russia|Russian|Kyiv,available,False,True,True,True,True,True,True,False,False,True,False,True,True,multiple_paths,geopolitical_crisis_financial,False
twts1u,2022-04-05,stocks,(4/5) Tuesday's Pre-Market Stock Movers & News,Ukraine|Russia|Russian|Kyiv,available,False,True,True,True,True,True,True,False,False,True,False,True,True,multiple_paths,geopolitical_crisis_financial,False
twwvpg,2022-04-05,StockMarket,"If Russia Defaults and/or loses the conflict with Ukraine, there is at least one U.S. bank that may eventually beg for a taxpayer bailout when their stock implodes.",Ukraine|Russia,removed,True,True,True,True,True,True,True,False,False,True,False,True,True,multiple_paths,geopolitical_crisis_financial,False
twwz51,2022-04-05,StockMarket,"If Russia Defaults and/or loses the conflict with Ukraine, there is at least one U.S. bank that may eventually beg for a taxpayer bailout when their stock implodes.",Ukraine|Russia,removed,True,True,True,True,True,True,True,False,False,True,False,True,True,multiple_paths,geopolitical_crisis_financial,False
tx2gy4,2022-04-05,stocks,Ukrainian Stock Market,Ukrainian,removed,True,True,False,False,False,True,True,False,False,False,False,True,False,direct_ukraine_financial,excluded,True
tx3rkx,2022-04-05,investing,Kinross gold sold kupol mine in russia,Russia,removed,True,False,True,False,False,True,True,False,False,False,False,False,False,excluded,excluded,False
tx9kf1,2022-04-06,stocks,Aercap’s (AER) 3.5b loss of aircraft to Russia could pop the “aircraft leasing bubble”:,Russia|Russian,available,False,False,True,False,False,True,True,False,False,False,False,False,False,excluded,excluded,False
txbde4,2022-04-06,StockMarket,3 stocks set to accelerate in the next 12-months according to top Wall Street analysts,Ukraine|Russian|invasion,available,False,True,True,True,True,True,True,False,False,True,False,True,True,multiple_paths,geopolitical_crisis_financial,False
txbrcd,2022-04-06,stocks,Is anyone reducing Russian exposure in their portfolio for ethical reasons?,Russia|Russian,available,False,False,True,True,True,True,True,False,False,True,False,True,True,russia_conflict_financial,geopolitical_crisis_financial,False
txi899,2022-04-06,stocks,"Worries over U.S. rate hikes, sanctions weigh on European shares",sanctions,removed,True,False,False,True,True,True,True,False,False,False,False,False,False,excluded,excluded,False
txkrxv,2022-04-06,investing,Balance Sheet To Be Focus Of Fed Minutes Amid Recession Warnings,Ukraine,available,False,True,False,True,True,True,True,False,False,True,False,True,True,direct_ukraine_financial,geopolitical_crisis_financial,False
txli8w,2022-04-06,stocks,"US premarket, global shares fall on rate hike fear, Russia",Russia,removed,True,False,True,False,False,True,True,False,False,False,False,False,False,excluded,excluded,False
txljri,2022-04-06,StockMarket,(4/6) Wednesday's Pre-Market Stock Movers & News,Ukraine|Russia|Russian|sanctions,available,False,True,True,True,True,True,True,False,False,True,False,True,True,multiple_paths,geopolitical_crisis_financial,False
txlkgd,2022-04-06,stocks,(4/6) Wednesday's Pre-Market Stock Movers & News,Ukraine|Russia|Russian|sanctions,available,False,True,True,True,True,True,True,False,False,True,False,True,True,multiple_paths,geopolitical_crisis_financial,False
txqmw6,2022-04-06,stocks,Emerging Market ETFs and Funds had Russia removed and now that the Russian market has come back they aren't exposed to the recovery.,Russia|Russian|sanctions,available,False,False,True,True,True,True,True,False,False,True,False,True,True,russia_conflict_financial,geopolitical_crisis_financial,False
txsq51,2022-04-06,StockMarket,Will Nasdaq ever unhalt Russian stocks?,Russian,removed,True,False,True,False,False,True,True,False,False,False,False,False,False,excluded,excluded,False
txsuav,2022-04-06,stocks,Will Nasdaq ever unhalt the trade of Russian stocks?,Russian,removed,True,False,True,False,False,True,True,False,False,False,False,False,False,excluded,excluded,False
txt0ps,2022-04-06,investing,Will Nasdaq or NYSE ever unhalt the trade of Russian stocks?,Ukraine|Russian|Moscow|invasion,available,False,True,True,True,True,True,True,False,False,True,False,True,True,multiple_paths,geopolitical_crisis_financial,False
txw3o7,2022-04-06,StockMarket,"Here is a Market Recap for today Wednesday, April 6, 2022",Ukraine|Russia|Russian|sanctions,available,False,True,True,True,True,True,True,False,False,True,False,True,True,multiple_paths,geopolitical_crisis_financial,False
txwlfs,2022-04-06,stocks,Fed officials to take cleaver to balance sheet; 'many' back big rate hikes,Ukraine,available,False,True,False,True,True,True,True,False,False,True,False,True,True,direct_ukraine_financial,geopolitical_crisis_financial,False
ty06h3,2022-04-07,stocks,Russian stock updates?,Russian,deleted,True,False,True,False,False,True,True,False,False,False,False,False,False,excluded,excluded,False
tyavf4,2022-04-07,StockMarket,Here's Your Daily Market Brief For April 7th,Russia|Putin|sanctions,available,False,False,True,True,True,True,True,False,False,True,False,True,True,russia_conflict_financial,geopolitical_crisis_financial,False
tybc9c,2022-04-07,investing,Food Shortages Coming - where to drop $15k to profit,Ukraine,available,False,True,False,True,True,True,True,False,False,True,False,True,True,direct_ukraine_financial,geopolitical_crisis_financial,False
tybxje,2022-04-07,StockMarket,(4/7) Thursday's Pre-Market Stock Movers & News,Ukraine|Ukrainian|Russia|NATO,available,False,True,True,True,True,True,True,False,False,True,False,True,True,multiple_paths,geopolitical_crisis_financial,False
tyby4k,2022-04-07,stocks,(4/7) Thursday's Pre-Market Stock Movers & News,Ukraine|Ukrainian|Russia|NATO,available,False,True,True,True,True,True,True,False,False,True,False,True,True,multiple_paths,geopolitical_crisis_financial,False
tyd5q9,2022-04-07,stocks,Bear Market Over or Not?,Ukraine,available,False,True,False,False,False,True,True,False,False,False,False,True,False,direct_ukraine_financial,excluded,True
tye0ju,2022-04-07,investing,Satellite Technology Advice,Ukraine,available,False,True,False,False,False,True,True,False,False,False,False,True,False,direct_ukraine_financial,excluded,True
tyfx9q,2022-04-07,StockMarket,Crypto Proving Crucial in Ukraine Fundraising Efforts,Ukraine,deleted,True,True,False,False,False,False,False,False,False,False,False,False,False,excluded,excluded,False
tygt36,2022-04-07,stocks,What are the chances of a flash crash coming to the stock market?,Russia|Russian,available,False,False,True,False,False,True,True,True,True,False,True,True,True,russia_crisis_financial_consequence,crisis_specific_financial_consequence,False
tyih0c,2022-04-07,StockMarket,Russia And Ukraine's Conflict Over Natural Gas Explained,Ukraine|Russia,blank,True,True,True,True,True,True,True,False,False,True,False,True,True,multiple_paths,geopolitical_crisis_financial,False
tymed7,2022-04-07,StockMarket,"Here is a Market Recap for today Thursday, April 7, 2022",Ukraine|Russia|Russian|sanctions,available,False,True,True,True,True,True,True,False,False,True,False,True,True,multiple_paths,geopolitical_crisis_financial,False
tyrlzv,2022-04-08,StockMarket,Tanker Rates Are Soaring As Traders Shun Russian Oil Cargoes,Russian,blank,True,False,True,False,False,True,True,False,False,False,False,False,False,excluded,excluded,False
tz2nop,2022-04-08,StockMarket,The collapse of the ruble has been rectified by a single decision by Vladimir Putin,Putin,blank,True,False,True,False,False,True,True,False,False,False,False,False,False,excluded,excluded,False
tz4vs6,2022-04-08,stocks,"As inflation bites and America’s mood darkens, higher-income consumers are cutting back on spending too",Ukraine|Russia,available,False,True,True,True,True,True,True,False,False,True,False,True,True,multiple_paths,geopolitical_crisis_financial,False
tz914m,2022-04-08,stocks,We may hit new lows this month..,Ukraine|Russia,available,False,True,True,False,False,True,True,False,False,False,False,True,False,direct_ukraine_financial,excluded,True
tzcsfh,2022-04-08,StockMarket,"Here is a Market Recap for today Friday, April 8, 2022",Ukraine|Ukrainian|Russia|Russian|invasion,available,False,True,True,True,True,True,True,False,False,True,False,True,True,multiple_paths,geopolitical_crisis_financial,False
tzft11,2022-04-08,StockMarket,"Wall Street Week Ahead for the trading week beginning April 11th, 2022",Ukraine,available,False,True,False,True,True,True,True,False,False,True,False,True,True,direct_ukraine_financial,geopolitical_crisis_financial,False
tzfu64,2022-04-08,stocks,"Wall Street Week Ahead for the trading week beginning April 11th, 2022",Ukraine,available,False,True,False,True,True,True,True,False,False,True,False,True,True,direct_ukraine_financial,geopolitical_crisis_financial,False
tzlprf,2022-04-09,stocks,Cyber security stocks?,Russia,available,False,False,True,False,False,True,True,False,False,False,False,False,False,excluded,excluded,False
tzua4n,2022-04-09,investing,S&P becomes first ratings agency to declare Russian foreign currency debt in default,Russia|Russian|sanctions,available,False,False,True,True,True,True,True,True,False,True,False,True,True,multiple_paths,geopolitical_crisis_financial,False
u03jky,2022-04-09,investing,Unpopular opinion: investing in Russia after the Ukrainian war is over,Ukrainian|Russia,removed,True,True,True,True,True,True,True,False,False,True,False,True,True,multiple_paths,geopolitical_crisis_financial,False
u03oa1,2022-04-09,investing,Investing in Russia After the War,Russia,removed,True,False,True,True,True,True,True,False,False,True,False,True,True,russia_conflict_financial,geopolitical_crisis_financial,False
u0gm37,2022-04-10,stocks,What to watch for 4/11/22,Ukraine|Russian|invasion,available,False,True,True,True,True,True,True,False,False,True,False,True,True,multiple_paths,geopolitical_crisis_financial,False
u0iqre,2022-04-10,investing,"If Russia defaults on its debt, what goes up?",Russia,available,False,False,True,False,False,True,True,False,False,False,False,False,False,excluded,excluded,False
u0tzqi,2022-04-10,StockMarket,JP Morgan - SHORT,Russia|sanctions,available,False,False,True,True,True,True,True,False,False,True,False,True,True,russia_conflict_financial,geopolitical_crisis_financial,False
u17j2u,2022-04-11,StockMarket,"Morning Update for Monday, 4/11/22",Ukraine|Russia,available,False,True,True,True,True,True,True,False,False,True,False,True,True,multiple_paths,geopolitical_crisis_financial,False
u1crl9,2022-04-11,StockMarket,Russian Railways is declared in default for non-payment of bonds - Infobae,Russian,blank,True,False,True,False,False,True,True,False,False,False,False,False,False,excluded,excluded,False
u1eq1q,2022-04-11,StockMarket,OPEC tells EU not possible to replace potential Russian oil supply loss,Russian,blank,True,False,True,False,False,True,True,False,False,False,False,False,False,excluded,excluded,False
u1hpp4,2022-04-11,StockMarket,"Here is a Market Recap for today Monday, April 11, 2022",Ukraine|Russia|invasion,available,False,True,True,True,True,True,True,False,False,True,False,True,True,multiple_paths,geopolitical_crisis_financial,False
u1iapk,2022-04-11,stocks,Russian Stock Market,Russian,removed,True,False,True,False,False,True,True,False,False,False,False,False,False,excluded,excluded,False
u1ifap,2022-04-11,stocks,Russian ETFs basically selling for free. How to buy them? Looking for best EU broker,Russia|Russian,available,False,False,True,False,False,True,True,False,False,False,False,False,False,excluded,excluded,False
u1jr2u,2022-04-11,investing,Russian Credit Default Swaps CDS,Russian,removed,True,False,True,False,False,True,True,False,False,False,False,False,False,excluded,excluded,False
u1qljf,2022-04-12,stocks,Recession stocks with opportunity for scale?,Russian,available,False,False,True,False,False,True,True,False,False,False,False,False,False,excluded,excluded,False
u24cpy,2022-04-12,StockMarket,"Indian Oil removes Russian Urals from latest tender, sources say BREAKING",Russian,blank,True,False,True,False,False,True,True,False,False,False,False,False,False,excluded,excluded,False
u24upf,2022-04-12,stocks,LVMH Q1 results exceed expectations with +29% revenue increase YoY,Ukraine,available,False,True,False,False,True,True,True,False,False,True,False,True,True,direct_ukraine_financial,geopolitical_crisis_financial,False
u254b1,2022-04-12,investing,LVMH Q1 results exceed expectations with +29% revenue increase YoY,Ukraine,available,False,True,False,False,True,True,True,False,False,True,False,True,True,direct_ukraine_financial,geopolitical_crisis_financial,False
u25lzf,2022-04-12,stocks,Where to buy Russian stocks?,Russian,removed,True,False,True,False,False,True,True,False,False,False,False,False,False,excluded,excluded,False
u25u4m,2022-04-12,StockMarket,Where to buy Russian stocks?,Russian,removed,True,False,True,False,False,True,True,False,False,False,False,False,False,excluded,excluded,False
u2bpzp,2022-04-12,investing,can I buy stocks in Russian companies (as an American),Russian,removed,True,False,True,False,False,True,True,False,False,False,False,False,False,excluded,excluded,False
u2cde3,2022-04-12,StockMarket,"Here is a Market Recap for today Tuesday, April 12, 2022",Ukraine|Russia|invasion,available,False,True,True,True,True,True,True,False,False,True,False,True,True,multiple_paths,geopolitical_crisis_financial,False
u2ic3b,2022-04-13,StockMarket,What Comes After $WEAT? Russian $CORN and Sugar Cane,Russian,blank,True,False,True,False,False,False,False,False,False,False,False,False,False,excluded,excluded,False
u2ko0b,2022-04-13,stocks,Morgan Stanley Turns Cautious on Tech Hardware Stocks,Ukraine|Russian,available,False,True,True,True,True,True,True,False,False,True,False,True,True,multiple_paths,geopolitical_crisis_financial,False
u2l9mb,2022-04-13,StockMarket,German lawmakers call for EU ban on Russian oil after Ukraine visit,Ukraine|Russian,blank,True,True,True,False,False,True,True,False,False,False,False,True,False,direct_ukraine_financial,excluded,True
u2loh3,2022-04-13,StockMarket,The price of Russia's TikTok War in Ukraine,Ukraine|Russia,blank,True,True,True,True,True,True,True,False,False,True,False,True,True,multiple_paths,geopolitical_crisis_financial,False
u2onxb,2022-04-13,StockMarket,"JPMorgan Profits Drop 42%, Bank Writes off Russian Assets",Russian,blank,True,False,True,False,False,True,True,True,False,False,False,True,False,russia_crisis_financial_consequence,excluded,True
u2u9te,2022-04-13,StockMarket,World's top oil trader will stop buying Russian crude,Russian,blank,True,False,True,False,False,True,True,False,False,False,False,False,False,excluded,excluded,False
u2uqas,2022-04-13,StockMarket,Oil Outlooks Splinter on Impact of Russia’s Invasion of Ukraine,Ukraine|Russia|invasion,blank,True,True,True,True,True,True,True,False,False,True,False,True,True,multiple_paths,geopolitical_crisis_financial,False
u2x2ds,2022-04-13,StockMarket,China’s Offshore Oil Giant Exits Western Markets Over Sanction Fears. $LNG More sanctions means higher prices…’Nat Gas’ Super Commodity Cycle,sanctions,blank,True,False,False,True,True,True,True,False,False,False,False,False,False,excluded,excluded,False
u2x3t4,2022-04-13,stocks,$RSX VanEck Update,Russia,available,False,False,True,False,False,True,True,False,False,False,False,False,False,excluded,excluded,False
u2xyio,2022-04-13,stocks,What are your thoughts on C?,Russia,available,False,False,True,False,False,True,True,False,False,False,False,False,False,excluded,excluded,False
u2yygj,2022-04-13,StockMarket,Biden and Ukraine: from climate champion to oil price panic,Ukraine,deleted,True,True,False,False,False,True,True,False,False,False,False,True,False,direct_ukraine_financial,excluded,True
u2za3n,2022-04-13,stocks,"Out of NVDA, GOOGL, and MSFT, which one do you think will have the best future in the next five years?",Russia,available,False,False,True,False,False,True,True,False,False,False,False,False,False,excluded,excluded,False
u3g9im,2022-04-14,StockMarket,Which U.S. stocks are suitable for investment during the earnings season? Goldman Sachs Guide: Legg Mason,Ukraine|Russia,available,False,True,True,True,True,True,True,False,False,True,False,True,True,multiple_paths,geopolitical_crisis_financial,False
u3kijh,2022-04-14,StockMarket,Visa Infographics: Historical Perf & FY 22 Est.,Russia|Russian,available,False,False,True,True,True,True,True,False,False,True,False,True,True,russia_conflict_financial,geopolitical_crisis_financial,False
u3mp96,2022-04-14,stocks,Russia is escalating the threat to nukes... and our stocks are green? Help me understand what's missing...,Russia,removed,True,False,True,False,True,True,True,False,False,True,False,False,True,excluded,geopolitical_crisis_financial,True
u3nvg8,2022-04-14,stocks,"Amazon CEO Andy Jassy says costs from pandemic, inflation and war are too high for company to absorb",Ukraine|Russia,available,False,True,True,True,True,True,True,False,False,True,False,True,True,multiple_paths,geopolitical_crisis_financial,False
u3pbhh,2022-04-14,StockMarket,Putin Says Western Sanctions Have Disrupted Russian Oil Industry,Russian|Putin|sanctions,blank,True,False,True,True,True,True,True,False,False,True,False,True,True,russia_conflict_financial,geopolitical_crisis_financial,False
u3pm89,2022-04-14,stocks,BASF Discussion,Ukraine|invasion,available,False,True,False,True,True,True,True,False,False,True,False,True,True,direct_ukraine_financial,geopolitical_crisis_financial,False
u3r748,2022-04-14,stocks,Interesting Investor Sentiment Data (AAII),Ukraine|Russia,available,False,True,True,False,False,True,True,False,False,False,False,True,False,direct_ukraine_financial,excluded,True
u3rnof,2022-04-14,StockMarket,"Wall Street Week Ahead for the trading week beginning April 18th, 2022",Ukraine|Russia|Russian|sanctions,available,False,True,True,True,True,True,True,True,False,True,False,True,True,multiple_paths,geopolitical_crisis_financial,False
u3rokl,2022-04-14,stocks,"Wall Street Week Ahead for the trading week beginning April 18th, 2022",Ukraine|Russia|Russian|sanctions,available,False,True,True,True,True,True,True,True,False,True,False,True,True,multiple_paths,geopolitical_crisis_financial,False
u43azn,2022-04-15,StockMarket,EU to introduce oil embargo against Russian after April 24.,Russian,blank,True,False,True,True,True,True,True,True,True,True,True,True,True,multiple_paths,multiple_paths,False
u46tzd,2022-04-15,StockMarket,"""Buy on dips"" believers have a tacit understanding, and the U.S. stock bulls have rekindled their fighting spirit?",Ukrainian|Russian,available,False,True,True,True,True,True,True,False,False,True,False,True,True,multiple_paths,geopolitical_crisis_financial,False
u47n5z,2022-04-15,StockMarket,Star Bulk Carriers Snapshot,Ukraine|Russia|invasion,available,False,True,True,True,True,True,True,False,False,True,False,True,True,multiple_paths,geopolitical_crisis_financial,False
u4dsoz,2022-04-15,stocks,"Thoughts on the long-term growth of AMZN, ADBE, and CRM",Putin,available,False,False,True,True,True,True,True,False,False,True,False,True,True,russia_conflict_financial,geopolitical_crisis_financial,False
u4wc3p,2022-04-16,StockMarket,"Russia's debt default will be one of the hardest in history to resolve and could see the US seize the central bank's assets, economist says",Russia,blank,True,False,True,False,False,True,True,False,False,False,False,False,False,excluded,excluded,False
u51jmw,2022-04-16,stocks,criminal russian brockers,Russian,removed,True,False,True,False,False,False,False,False,False,False,False,False,False,excluded,excluded,False
u521ic,2022-04-16,stocks,Beware the POWcycle,Ukraine,available,False,True,False,True,True,True,True,False,False,True,False,True,True,direct_ukraine_financial,geopolitical_crisis_financial,False
u58y90,2022-04-16,stocks,Nasdaq at the same level it was 16 months ago in January 2021. Where do we go from here?,Ukraine,available,False,True,False,True,True,True,True,False,False,True,False,True,True,direct_ukraine_financial,geopolitical_crisis_financial,False
u5915n,2022-04-16,investing,What happened with western ETF/stocks of Russian citizens?,Russian,removed,True,False,True,False,False,True,True,False,False,False,False,False,False,excluded,excluded,False
u5ql81,2022-04-17,stocks,"Fertilizers are still cheap. NTR, MOS and CF with 7x to 8x forward P/E and 10% free cash flow yields. Economic moats. Food inflation.",Ukraine|Russia|sanctions,available,False,True,True,True,True,True,True,False,False,True,False,True,True,multiple_paths,geopolitical_crisis_financial,False
u5t4km,2022-04-17,stocks,i panick sold all my stocks before the war started ... but should i buy back in?,Ukraine|invasion,available,False,True,False,True,True,True,True,False,False,True,False,True,True,direct_ukraine_financial,geopolitical_crisis_financial,False
u5tn5b,2022-04-17,stocks,Market Multiples and Valuations - The S&P 500 is overpriced.,Ukraine,available,False,True,False,True,True,True,True,False,False,True,False,True,True,direct_ukraine_financial,geopolitical_crisis_financial,False
u5ub0s,2022-04-17,stocks,"Told the school investment club to check out Lockheed Martin (LMT), before the war In Ukraine, they ignored me.",Ukraine,removed,True,True,False,True,True,True,True,False,False,True,False,True,True,direct_ukraine_financial,geopolitical_crisis_financial,False
u5zoz8,2022-04-17,stocks,Will market see the most epic crash soon?,Ukraine|Russia,available,False,True,True,False,True,True,True,False,False,True,False,True,True,direct_ukraine_financial,geopolitical_crisis_financial,False
u615d9,2022-04-18,stocks,Name this crash!,Ukraine|Russia,available,False,True,True,False,False,True,True,False,False,False,False,True,False,direct_ukraine_financial,excluded,True
u617h8,2022-04-18,stocks,Bet on war $GD $PPA $LDOS,Ukraine|Ukrainian,available,False,True,False,True,True,True,True,False,False,True,False,True,True,direct_ukraine_financial,geopolitical_crisis_financial,False
u6d5j3,2022-04-18,StockMarket,Oil rises as Libya outages add to Russia supply fears $IMPP,Russia,blank,True,False,True,False,False,True,True,False,False,False,False,False,False,excluded,excluded,False
u6f648,2022-04-18,investing,What happens to secondary US Bonds in the event of a foreign debt crisis?,Ukraine,available,False,True,False,True,True,True,True,False,False,True,False,True,True,direct_ukraine_financial,geopolitical_crisis_financial,False
u6ie40,2022-04-18,stocks,Why the recent disconnect between natural gas and oil stocks?,Ukraine|Russia|Russian,available,False,True,True,True,True,True,True,False,False,True,False,True,True,multiple_paths,geopolitical_crisis_financial,False
u6m6bj,2022-04-18,investing,"Hot Economy, Rising Inflation: The Fed Has Never Successfully Fixed a Problem Like This",Ukraine|Russia|invasion,available,False,True,True,True,True,True,True,False,False,True,False,True,True,multiple_paths,geopolitical_crisis_financial,False
u6mxlm,2022-04-18,StockMarket,"Here is a Market Recap for today Monday, April 18, 2022",Ukraine|Russia,available,False,True,True,True,True,True,True,False,False,True,False,True,True,multiple_paths,geopolitical_crisis_financial,False
u78aka,2022-04-19,stocks,Yield Rate Inversion = End of Times,Russian,available,False,False,True,False,False,True,True,False,False,False,False,False,False,excluded,excluded,False
u78ucq,2022-04-19,StockMarket,JPMorgan: Immediate EU Ban On Russian Oil Could Send Prices To $185,Russian,blank,True,False,True,False,False,True,True,False,False,False,False,False,False,excluded,excluded,False
u79swd,2022-04-19,investing,EU potential BAN of Russian crude oil,Russian,removed,True,False,True,False,False,True,True,False,False,False,False,False,False,excluded,excluded,False
u7a105,2022-04-19,StockMarket,EU potential BAN of Russian oil,Russian,removed,True,False,True,False,False,True,True,False,False,False,False,False,False,excluded,excluded,False
u7b8xn,2022-04-19,stocks,Putin signs decree to remove Russian stocks from overseas exchanges in huge blow to the nation's billionaires,Russia|Russian|Putin,available,False,False,True,False,False,True,True,False,False,False,False,False,False,excluded,excluded,False
u7baa8,2022-04-19,stocks,UK plans to strip Moscow stock bourse of recognised exchange status,Moscow,deleted,True,False,True,False,False,True,True,False,False,False,False,False,False,excluded,excluded,False
u7bc2t,2022-04-19,stocks,U.K. to Revoke Moscow Stock Exchange Recognition in New Sanction,Moscow,deleted,True,False,True,True,True,True,True,False,False,True,False,True,True,russia_conflict_financial,geopolitical_crisis_financial,False
u7be4p,2022-04-19,stocks,Putin signs decree to remove Russian stocks from overseas exchanges in huge blow to the nation's billionaires,Russian|Putin,removed,True,False,True,False,False,True,True,False,False,False,False,False,False,excluded,excluded,False
u7bfj7,2022-04-19,StockMarket,Putin signs decree to remove Russian stocks from overseas exchanges in huge blow to the nation's billionaires,Russian|Putin,removed,True,False,True,False,False,True,True,False,False,False,False,False,False,excluded,excluded,False
u7ctm9,2022-04-19,stocks,Puts on NFLX ?,Russia,available,False,False,True,False,False,True,True,False,False,False,False,False,False,excluded,excluded,False
u7f3jz,2022-04-19,investing,Netflix Q1 EPS $3.53 vs. $2.89 Est.; Q1 Revs. $7.87B vs. $7.93B Est. Stock is down -20% AH,Ukraine|Russian|invasion,available,False,True,True,True,True,True,True,False,False,True,False,True,True,multiple_paths,geopolitical_crisis_financial,False
u7fh11,2022-04-19,StockMarket,"Here is a Market Recap for today Tuesday, April 19, 2022",Ukraine|Russia|Russian|invasion,available,False,True,True,True,True,True,True,False,False,True,False,True,True,multiple_paths,geopolitical_crisis_financial,False
u7gqiz,2022-04-19,stocks,FAANG is officially dead forever,Ukraine,available,False,True,False,True,True,True,True,False,False,True,False,True,True,direct_ukraine_financial,geopolitical_crisis_financial,False
u7hnli,2022-04-19,StockMarket,German Industry Fears Immediate Russian Gas Ban,Russian,blank,True,False,True,False,False,True,True,False,False,False,False,False,False,excluded,excluded,False
u7kw9i,2022-04-20,stocks,NETFLIX Missed guidance.,Ukraine,available,False,True,False,True,True,True,True,False,False,True,False,True,True,direct_ukraine_financial,geopolitical_crisis_financial,False
u7ouu4,2022-04-20,stocks,Question regarding netflix earnings.,Ukraine|Russia|invasion,available,False,True,True,True,True,True,True,False,False,True,False,True,True,multiple_paths,geopolitical_crisis_financial,False
u7rx1f,2022-04-20,StockMarket,Putin signs decree to remove Russian stocks from overseas exchanges in huge blow to the nation's billionaires,Russian|Putin,blank,True,False,True,False,False,True,True,False,False,False,False,False,False,excluded,excluded,False
u7v0oo,2022-04-20,StockMarket,(4/20) Wednesday's Pre-Market Stock Movers & News,Russian,available,False,False,True,False,False,True,True,False,False,False,False,False,False,excluded,excluded,False
u7v1lp,2022-04-20,stocks,(4/20) Wednesday's Pre-Market Stock Movers & News,Russian,available,False,False,True,False,False,True,True,False,False,False,False,False,False,excluded,excluded,False
u7va6o,2022-04-20,StockMarket,Wait and see: Wall Street ditching Netflix (NFLX.US),Russian,available,False,False,True,False,False,True,True,False,False,False,False,False,False,excluded,excluded,False
u7xmd8,2022-04-20,StockMarket,EU In Talks With Alternative Suppliers As It Considers A Russian Oil Ban - Get ready $IMPP wants to fly!,Russian,blank,True,False,True,False,False,True,True,False,False,False,False,False,False,excluded,excluded,False
u80l26,2022-04-20,stocks,Tesla earnings : the beginning of a bullrun ?,Russia,available,False,False,True,True,True,True,True,False,False,True,False,True,True,russia_conflict_financial,geopolitical_crisis_financial,False
u80lu9,2022-04-20,StockMarket,Tesla earnings : the beginning of a bullrun ?,Russia,available,False,False,True,True,True,True,True,False,False,True,False,True,True,russia_conflict_financial,geopolitical_crisis_financial,False
u81x4o,2022-04-20,StockMarket,U.S. Oil Exports Soar as World Works to Replace Russian Supplies - Buy the rumor sell the news. $IMPP,Russian,blank,True,False,True,False,False,True,True,False,False,False,False,False,False,excluded,excluded,False
u8fb6r,2022-04-21,stocks,Tech Stocks Are Absurdly Cheap Now: putting my money where my mouth is,Ukraine,available,False,True,False,True,True,True,True,False,False,True,False,True,True,direct_ukraine_financial,geopolitical_crisis_financial,False
u8js4b,2022-04-21,StockMarket,EU closes in on Russian oil ban — but how tough will it be?,Russian,blank,True,False,True,False,False,True,True,False,False,False,False,False,False,excluded,excluded,False
u8mtmz,2022-04-21,stocks,Ukrainian stocks?,Ukrainian,removed,True,True,False,False,False,True,True,False,False,False,False,True,False,direct_ukraine_financial,excluded,True
u8r8jb,2022-04-21,StockMarket,Retail Investors versus Putin,Putin,deleted,True,False,True,False,False,True,True,False,False,False,False,False,False,excluded,excluded,False
u8x268,2022-04-21,StockMarket,"Here is a Market Recap for today Thursday, April 21, 2022",Ukraine|Russia|invasion,available,False,True,True,True,True,True,True,False,False,True,False,True,True,multiple_paths,geopolitical_crisis_financial,False
u908l4,2022-04-21,stocks,Fertilizer Market- Very Bullish Weekly Prints Coming In $MOS $NTR $CF - *Mini Post*,Russia|sanctions,available,False,False,True,True,True,True,True,False,False,True,False,True,True,russia_conflict_financial,geopolitical_crisis_financial,False
u90p7k,2022-04-21,investing,Fertilizer Market- Very Bullish Weekly Prints Coming In $MOS $NTR $CF - *Mini Post* please add if you have more insights 🙏,Russia|sanctions,available,False,False,True,True,True,True,True,False,False,True,False,True,True,russia_conflict_financial,geopolitical_crisis_financial,False
u9d17m,2022-04-22,StockMarket,What stage of the earnings cycle are U.S. stocks in?,Ukraine|Russia,available,False,True,True,True,True,True,True,False,False,True,False,True,True,multiple_paths,geopolitical_crisis_financial,False
u9dbvg,2022-04-22,StockMarket,"Loss of fertilizer supplies from Russia feeds food inflation, benefits other producers $MOS $NTR $CF",Russia,blank,True,False,True,False,False,True,True,False,False,False,False,False,False,excluded,excluded,False
u9murv,2022-04-22,StockMarket,Hi friends. please advise a promising coin for the near future. I'm from Ukraine,Ukraine,removed,True,True,False,False,False,False,False,False,False,False,False,False,False,excluded,excluded,False
u9o29a,2022-04-22,StockMarket,"Amsterdam Trade Bank, part of Russia's Alfa Bank, declared bankrupt",Russia,blank,True,False,True,False,False,True,True,False,False,False,False,False,False,excluded,excluded,False
u9ovec,2022-04-22,StockMarket,"Here is a Market Recap for today Friday, April 22, 2022",Ukraine,available,False,True,False,True,True,True,True,False,False,True,False,True,True,direct_ukraine_financial,geopolitical_crisis_financial,False
u9x6bn,2022-04-23,investing,"Dow Tumbles Nearly 1,000 Points as Stocks Extend Selloff",Ukraine,available,False,True,False,True,True,True,True,False,False,True,False,True,True,direct_ukraine_financial,geopolitical_crisis_financial,False
u9x70i,2022-04-23,stocks,"Dow Tumbles Nearly 1,000 Points as Stocks Extend Selloff",Ukraine,available,False,True,False,True,True,True,True,False,False,True,False,True,True,direct_ukraine_financial,geopolitical_crisis_financial,False
u9y7en,2022-04-23,stocks,"Exxon upcoming earnings, oil discussion.",Russia|Russian|sanctions,available,False,False,True,True,True,True,True,False,False,True,False,True,True,russia_conflict_financial,geopolitical_crisis_financial,False
ua5hjm,2022-04-23,stocks,Bear case for GOOG/GOOGL,Russia,available,False,False,True,True,True,True,True,False,False,True,False,True,True,russia_conflict_financial,geopolitical_crisis_financial,False
uah3sd,2022-04-23,StockMarket,The Numbers Behind A EU Ban On Russian Crude,Russian,blank,True,False,True,False,False,False,False,False,False,False,False,False,False,excluded,excluded,False
uai4ex,2022-04-23,stocks,Which stocks would be affected by Lend-Lease?,Ukraine|NATO,available,False,True,False,True,True,True,True,False,False,True,False,True,True,direct_ukraine_financial,geopolitical_crisis_financial,False
uavfl8,2022-04-24,stocks,"Google, Meta, and others will have to explain their algorithms under new EU legislation",Ukraine|invasion,available,False,True,False,True,True,True,True,False,False,True,False,True,True,direct_ukraine_financial,geopolitical_crisis_financial,False
uawcyv,2022-04-24,stocks,Insane Putin diss track… SHORT PUTIN,Putin,removed,True,False,True,False,False,False,True,False,False,False,False,False,False,excluded,excluded,False
uazmxa,2022-04-24,stocks,"Amsterdam Trade Bank, part of Russia's Alfa Bank, declared bankrupt",Ukraine|Russia|Russian|invasion|sanctions,available,False,True,True,True,True,True,True,False,False,True,False,True,True,multiple_paths,geopolitical_crisis_financial,False
ub3pzh,2022-04-24,stocks,"Is world war 3 coming? if peace talks doesn’t work out , and Russia decides to go nuclear. How will this affect the stock market?",Russia,removed,True,False,True,True,True,True,True,False,False,True,False,True,True,russia_conflict_financial,geopolitical_crisis_financial,False
ub5kg2,2022-04-24,stocks,Are Fertilizers and Metals the play this earnings season ?,Ukraine|Russia,available,False,True,True,True,True,True,True,False,False,True,False,True,True,multiple_paths,geopolitical_crisis_financial,False
ubacuj,2022-04-25,investing,are we on pace to have a decade like the 1970s in the market?,Ukraine,available,False,True,False,True,True,True,True,False,False,True,False,True,True,direct_ukraine_financial,geopolitical_crisis_financial,False
ubdrs4,2022-04-25,investing,Do I smell 2008? Can the housing market really be so hot?,Ukraine,available,False,True,False,False,False,True,True,False,False,False,False,True,False,direct_ukraine_financial,excluded,True
ubj3g5,2022-04-25,stocks,I think you’re all too bearish,Ukraine,available,False,True,False,True,True,True,True,False,False,True,False,True,True,direct_ukraine_financial,geopolitical_crisis_financial,False
ubmdqd,2022-04-25,stocks,"Amid a storm in tech sector, Google is staying relatively dry and happy",Ukraine,available,False,True,False,True,True,True,True,False,False,True,False,True,True,direct_ukraine_financial,geopolitical_crisis_financial,False
ucergw,2022-04-26,stocks,Bloomberg news reports Russia has cut off gas supply to Poland.,Russia,deleted,True,False,True,False,False,True,True,False,False,False,False,False,False,excluded,excluded,False
ucg9uw,2022-04-26,investing,Russia has shut off gas supplies to Poland.,Russia,removed,True,False,True,False,False,True,True,False,False,False,False,False,False,excluded,excluded,False
ucivd5,2022-04-26,StockMarket,Russia's invasion of Ukraine heats up cooking oil prices in global squeeze,Ukraine|Russia|invasion,blank,True,True,True,True,True,True,True,False,False,True,False,True,True,multiple_paths,geopolitical_crisis_financial,False
ucn4wg,2022-04-26,stocks,Google dips after posts of slowing sales growth,Ukraine|Russia,available,False,True,True,True,True,True,True,False,False,True,False,True,True,multiple_paths,geopolitical_crisis_financial,False
ucp3i9,2022-04-26,stocks,Microsoft Stock Rallies on Strong Earnings and Outlook,Russia,available,False,False,True,False,False,True,True,False,False,False,False,False,False,excluded,excluded,False
ucs69e,2022-04-27,stocks,"Potential May 9th end to Ukraine conflict, market may return to normal: Putin tells UN chief he 'hopes' for a negotiated peace with Ukraine",Ukraine|Ukrainian|Russia|Russian|Putin|Kyiv|Moscow|sanctions,available,False,True,True,True,True,True,True,False,False,True,False,True,True,multiple_paths,geopolitical_crisis_financial,False
ucsdap,2022-04-27,stocks,Are we already in a recession?,Ukraine,available,False,True,False,True,True,True,True,False,False,True,False,True,True,direct_ukraine_financial,geopolitical_crisis_financial,False
ud28ci,2022-04-27,StockMarket,"Exxon (XOM) forms Head & Shoulders top. Also, Kramer says, ""Be prepared for a possible market recovery.""",Ukraine|Russia,available,False,True,True,True,True,True,True,False,False,True,False,True,True,multiple_paths,geopolitical_crisis_financial,False
ud2ay0,2022-04-27,StockMarket,"Deutsche Bank (DB.US) Q1 net profit hit a nine-year high, investment banking revenue increased by 7% year-on-year, is DB worth investing?",Russia|Russian,available,False,False,True,False,False,True,True,False,False,False,False,False,False,excluded,excluded,False
ud2gvw,2022-04-27,stocks,Investing in Oil Stocks,Russian|sanctions,available,False,False,True,True,True,True,True,False,False,True,False,True,True,russia_conflict_financial,geopolitical_crisis_financial,False
ud4u9d,2022-04-27,stocks,Boeing posts loss as it grapples with delays on commercial and defense programs,Ukraine,available,False,True,False,True,True,True,True,False,False,True,False,True,True,direct_ukraine_financial,geopolitical_crisis_financial,False
ud5hle,2022-04-27,stocks,Mosaic Company vs ADM: Which one is better positioned?,Ukraine|Russia|sanctions,available,False,True,True,True,True,True,True,False,False,True,False,True,True,multiple_paths,geopolitical_crisis_financial,False
ud6noz,2022-04-27,stocks,Bought $SBRCY (Russian Bank) - When Can I Sell,Russian,removed,True,False,True,False,False,True,True,False,False,False,False,False,False,excluded,excluded,False
udct39,2022-04-27,stocks,Cooking Oil Shock [Strategy],Ukraine,available,False,True,False,False,False,True,True,False,False,False,False,True,False,direct_ukraine_financial,excluded,True
udcu5q,2022-04-27,stocks,Shares of Facebook parent Meta jumped in extended trading on Wednesday after the company reported earnings that topped estimates,Ukraine,available,False,True,False,True,True,True,True,False,False,True,False,True,True,direct_ukraine_financial,geopolitical_crisis_financial,False
udec7z,2022-04-27,investing,Facebook shares spike on better-than-expected quarterly earnings,Ukraine|Russia|invasion,available,False,True,True,True,True,True,True,False,False,True,False,True,True,multiple_paths,geopolitical_crisis_financial,False
udf245,2022-04-27,StockMarket,"Here is a Market Recap for today Wednesday, April 27, 2022",Ukraine|Russia|invasion,available,False,True,True,True,True,True,True,False,False,True,False,True,True,multiple_paths,geopolitical_crisis_financial,False
udozbi,2022-04-28,stocks,"If you think Russia will eventually use tactical nuke(s) in Ukraine, it's probably a good idea to wait to buy stocks",Ukraine|Russia|Putin|invasion|sanctions|NATO,available,False,True,True,True,True,True,True,False,False,True,False,True,True,multiple_paths,geopolitical_crisis_financial,False
udu25j,2022-04-28,stocks,U.S. economic growth rate unexpectedly declined in the first quarter by 1.4%,Ukraine|Russia|invasion,available,False,True,True,True,True,True,True,False,False,True,False,True,True,multiple_paths,geopolitical_crisis_financial,False
uduivu,2022-04-28,stocks,U.S. GDP in the first quarter was -1.4%. CNBC Commentary: The U.S. economy is in recession. Will the stock market crash?,Ukrainian|Russian,available,False,True,True,True,True,True,True,False,False,True,False,True,True,multiple_paths,geopolitical_crisis_financial,False
uduxu9,2022-04-28,StockMarket,Facebook parent $Meta earnings are out – here are the numbers,Ukraine,available,False,True,False,True,True,True,True,False,False,True,False,True,True,direct_ukraine_financial,geopolitical_crisis_financial,False
udx78k,2022-04-28,investing,Keep averaging down or wait?,Ukraine,available,False,True,False,True,True,True,True,False,False,True,False,True,True,direct_ukraine_financial,geopolitical_crisis_financial,False
udxxoz,2022-04-28,stocks,Isn't the negative GDP print actually a positive for the stock market?,Ukraine,available,False,True,False,True,True,True,True,False,False,True,False,True,True,direct_ukraine_financial,geopolitical_crisis_financial,False
udyvfn,2022-04-28,StockMarket,Oil prices rally on report that Germany drops opposition to Russian oil embargo,Russian,blank,True,False,True,True,True,True,True,True,True,True,True,True,True,multiple_paths,multiple_paths,False
ue6rmm,2022-04-28,StockMarket,"Here is a Market Recap - Thursday, April 28, 2022",Ukraine|Russia,available,False,True,True,True,True,True,True,False,False,True,False,True,True,multiple_paths,geopolitical_crisis_financial,False
ueltm5,2022-04-29,stocks,Morpher (MPH) is launching a project that will let you support Ukraine by trading virtual copies of Russian stocks.,Ukraine|Russian,removed,True,True,True,False,False,True,True,False,False,False,False,True,False,direct_ukraine_financial,excluded,True
ueoqvn,2022-04-29,stocks,"Supply Chains Recovering! Auto inventory with largest MoM increase since 2018, and highest level since June ’21. Smaller port bottlenecks!",Ukraine,available,False,True,False,True,True,True,True,False,False,True,False,True,True,direct_ukraine_financial,geopolitical_crisis_financial,False
uepycb,2022-04-29,investing,"Higher food and energy prices could last 'for years,' World Bank warns",Ukraine|Russia|invasion,available,False,True,True,True,True,True,True,False,False,True,False,True,True,multiple_paths,geopolitical_crisis_financial,False
ueq69m,2022-04-29,stocks,Russia aims to avert historic debt default with last-ditch dollar bond payments,Russia|Russian,available,False,False,True,False,False,True,True,True,False,False,False,True,False,russia_crisis_financial_consequence,excluded,True
ueqasl,2022-04-29,stocks,"Oil: XOM, CVX, and TTE Earnings",Russia,available,False,False,True,False,False,True,True,False,False,False,False,False,False,excluded,excluded,False
ueud5h,2022-04-29,stocks,"Listen. This bubble is either going to pop, or it isn’t. You win either way.",Russia,available,False,False,True,True,True,True,True,False,False,True,False,True,True,russia_conflict_financial,geopolitical_crisis_financial,False
ueue83,2022-04-29,investing,"Listen, this bubble is either going to pop, or it won’t. You win either way.",Russia,available,False,False,True,True,True,True,True,False,False,True,False,True,True,russia_conflict_financial,geopolitical_crisis_financial,False
ueuiq0,2022-04-29,stocks,Exxon Mobil Corp. and Chevron Corp. will together give more cash to shareholders than they invest in oil and gas production this year,Ukraine|Russia,available,False,True,True,True,True,True,True,False,False,True,False,True,True,multiple_paths,geopolitical_crisis_financial,False
uew0n5,2022-04-29,StockMarket,European Union likely to approve Russian oil embargo next week: report — can someone explain what will happen to crude and prices in case of embargo?,Russian,blank,True,False,True,True,True,True,True,True,True,True,True,True,True,multiple_paths,multiple_paths,False
uexv22,2022-04-29,stocks,What are some tech growth stocks that have been beaten down too much?,Ukraine,available,False,True,False,True,True,True,True,False,False,True,False,True,True,direct_ukraine_financial,geopolitical_crisis_financial,False
uf7e4i,2022-04-30,stocks,Russian gold miners,Russian,available,False,False,True,True,True,True,True,False,False,True,False,True,True,russia_conflict_financial,geopolitical_crisis_financial,False
uf7l40,2022-04-30,investing,Why are people buying stocks right now?,Putin,available,False,False,True,False,True,True,True,False,False,True,False,False,True,excluded,geopolitical_crisis_financial,True
uf8c4e,2022-04-30,investing,What is your view on USD/Euro outlook. And Etf like EUO,Ukraine|Russia,available,False,True,True,False,False,True,True,False,False,False,False,True,False,direct_ukraine_financial,excluded,True
ufa182,2022-04-30,StockMarket,"Wall Street Week Ahead for the trading week beginning May 2nd, 2022",Ukraine,available,False,True,False,True,True,True,True,False,False,True,False,True,True,direct_ukraine_financial,geopolitical_crisis_financial,False
ufa27p,2022-04-30,stocks,"Wall Street Week Ahead for the trading week beginning May 2nd, 2022",Ukraine,available,False,True,False,True,True,True,True,False,False,True,False,True,True,direct_ukraine_financial,geopolitical_crisis_financial,False
ufb746,2022-04-30,stocks,Why I'm bearish on the market right now,Russia|Russian|Putin,available,False,False,True,False,True,True,True,False,False,True,False,False,True,excluded,geopolitical_crisis_financial,True
ufcbh8,2022-04-30,investing,How to find sponsorship for Ukrainian business?,Ukrainian,removed,True,True,False,False,False,False,False,False,False,False,False,False,False,excluded,excluded,False
ufcywh,2022-04-30,investing,How to find sponsorship for Ukrainian business?,Ukraine|Ukrainian|Russian|Kyiv|invasion,available,False,True,True,True,True,True,True,False,False,True,False,True,True,multiple_paths,geopolitical_crisis_financial,False
ug17g9,2022-05-01,StockMarket,How might the next decade of the Nasdaq Composite index possibly be? A market simulation based on the past 50 years' data.,Ukraine|Russian|invasion|NATO,available,False,True,True,True,True,True,True,False,False,True,False,True,True,multiple_paths,geopolitical_crisis_financial,False
ug7fhn,2022-05-01,stocks,Hoping to generate some quality discussion as to where the markets may be heading!,Russian|sanctions,available,False,False,True,True,True,True,True,False,False,True,False,True,True,russia_conflict_financial,geopolitical_crisis_financial,False
ugjcxk,2022-05-02,stocks,AMD’s earnings outlook expected to give a clearer picture of where the chip sector is headed,Ukraine|Russia|invasion,available,False,True,True,True,True,True,True,False,False,True,False,True,True,multiple_paths,geopolitical_crisis_financial,False
ugu9pr,2022-05-02,investing,Berkshire Hathaway & Energy,Ukraine|Russia,available,False,True,True,True,True,True,True,False,False,True,False,True,True,multiple_paths,geopolitical_crisis_financial,False
ugxkm0,2022-05-02,stocks,Russia looking to close out their conflict in May Annex part of Ukraine and end conflict: Source US “highly credible” intelligence reports.,Ukraine|Russia,removed,True,True,True,True,True,False,False,False,False,False,False,False,False,excluded,excluded,False
uh1zeh,2022-05-02,stocks,"$43 billion bet on the oil industry! Entering the market when the stock market plummeted, can Buffett continue to write the legend?",Ukraine|Ukrainian|Russia|Russian,available,False,True,True,False,True,True,True,False,False,True,False,True,True,direct_ukraine_financial,geopolitical_crisis_financial,False
uh2c68,2022-05-02,StockMarket,Where to put 500k right now?,Ukrainian|invasion,available,False,True,False,True,True,True,True,False,False,True,False,True,True,direct_ukraine_financial,geopolitical_crisis_financial,False
uh5b0g,2022-05-03,stocks,will $ABNB impress or disappoint tomorrow?,Ukraine|Russia,available,False,True,True,True,True,True,True,False,False,True,False,True,True,multiple_paths,geopolitical_crisis_financial,False
uhfjtf,2022-05-03,StockMarket,(5/3) Tuesday's Pre-Market Stock Movers & News,Ukraine|Russian,available,False,True,True,True,True,True,True,False,False,True,False,True,True,multiple_paths,geopolitical_crisis_financial,False
uhfkx0,2022-05-03,stocks,(5/3) Tuesday's Pre-Market Stock Movers & News,Ukraine|Russian,available,False,True,True,True,True,True,True,False,False,True,False,True,True,multiple_paths,geopolitical_crisis_financial,False
uhjl5u,2022-05-03,stocks,DRAGANFLY MEDICAL RESPONSE DRONES ARRIVES IN UKRAINE,Ukraine,removed,True,True,False,False,False,False,False,False,False,False,False,False,False,excluded,excluded,False
uhlxrg,2022-05-03,stocks,Selling Russian Stocks,Russian,removed,True,False,True,False,False,True,True,False,False,False,False,False,False,excluded,excluded,False
uhmzjr,2022-05-03,stocks,'Wall Street sees greater risk of default by major banks',Ukraine|Russia|Russian|sanctions,available,False,True,True,True,True,True,True,True,False,True,False,True,True,multiple_paths,geopolitical_crisis_financial,False
ui5sw9,2022-05-04,StockMarket,(5/4) Wednesday's Pre-Market Stock Movers & News,Ukraine|Russia,available,False,True,True,True,True,True,True,False,False,True,False,True,True,multiple_paths,geopolitical_crisis_financial,False
ui5tkc,2022-05-04,stocks,(5/4) Wednesday's Pre-Market Stock Movers & News,Ukraine|Russia,available,False,True,True,True,True,True,True,False,False,True,False,True,True,multiple_paths,geopolitical_crisis_financial,False
uibrxp,2022-05-04,StockMarket,Airbnb beats estimates with 70% revenue growth as travel rebounds - $ABNB,Ukraine|Ukrainian,available,False,True,False,True,True,True,True,False,False,True,False,True,True,direct_ukraine_financial,geopolitical_crisis_financial,False
uidq7i,2022-05-04,StockMarket,BREAKING: Oil Prices Hit $110 As Europe Prepares To Ban Russian Crude,Russian,blank,True,False,True,False,False,True,True,False,False,False,False,False,False,excluded,excluded,False
uijsy9,2022-05-04,stocks,Markets cheer after Powell downplays even larger rate hikes,Ukraine|Russia|Russian|invasion,available,False,True,True,True,True,True,True,False,False,True,False,True,True,multiple_paths,geopolitical_crisis_financial,False
uike8a,2022-05-05,stocks,Facebook Parent Meta Slows Hiring in Cost-Cutting Push,Ukraine,available,False,True,False,True,True,True,True,False,False,True,False,True,True,direct_ukraine_financial,geopolitical_crisis_financial,False
uimxiq,2022-05-05,stocks,How will the market price in Powell's recent statements on rate hikes?,Putin,available,False,False,True,False,False,True,True,False,False,False,False,False,False,excluded,excluded,False
uj16c3,2022-05-05,investing,US dollar index hits highest level since 2002,Ukraine|Russia,available,False,True,True,True,True,True,True,False,False,True,False,True,True,multiple_paths,geopolitical_crisis_financial,False
uj1oxt,2022-05-05,stocks,Worker productivity in 1Q fell to its fastest pace in nearly 75 years.,Ukraine|Russian|invasion,available,False,True,True,True,True,True,True,False,False,True,False,True,True,multiple_paths,geopolitical_crisis_financial,False
uj2haj,2022-05-05,investing,This Is Now The Worst Drawdown on Record for Global Fixed Income (month old),Ukraine|Russia|invasion,available,False,True,True,True,True,True,True,False,False,True,False,True,True,multiple_paths,geopolitical_crisis_financial,False
uj3694,2022-05-05,stocks,Selling Stocks when Markets are Down,Ukraine,available,False,True,False,False,True,True,True,False,False,True,False,True,True,direct_ukraine_financial,geopolitical_crisis_financial,False
uja7np,2022-05-05,stocks,POWcycle: The Next Day,Ukraine,available,False,True,False,True,True,True,True,False,False,True,False,True,True,direct_ukraine_financial,geopolitical_crisis_financial,False
ujclt0,2022-05-06,stocks,"Etsy, Shopify, Wayfair, Poshmark and a number of other e-commerce retailers plummeted on Thursday as consumers pull back online spending",Ukraine|Russia|invasion,available,False,True,True,True,True,True,True,False,False,True,False,True,True,multiple_paths,geopolitical_crisis_financial,False
ujjeww,2022-05-06,stocks,Market moves on what will happen in the future not what's happening now,Ukraine,available,False,True,False,True,True,True,True,False,False,True,False,True,True,direct_ukraine_financial,geopolitical_crisis_financial,False
ujjjgq,2022-05-06,investing,"Of course, the Russia-Ukraine war was going to happen.",Ukraine|Russia,removed,True,True,True,True,True,False,False,False,False,False,False,False,False,excluded,excluded,False
ujoauq,2022-05-06,StockMarket,So I missed the fomc hype uptick for selling and now I'm bummed,Putin,available,False,False,True,False,False,True,True,False,False,False,False,False,False,excluded,excluded,False
ujtwxi,2022-05-06,StockMarket,Draganfly(NASDAQ:DPRO) Arrive In Ukraine For RSU,Ukraine,available,False,True,False,False,False,True,True,False,False,False,False,True,False,direct_ukraine_financial,excluded,True
ujuewq,2022-05-06,StockMarket,Drones Usefulness In Ukraine Crisis,Ukraine,removed,True,True,False,False,True,False,False,False,False,False,False,False,False,excluded,excluded,False
uk22vv,2022-05-07,StockMarket,"Wall Street Week Ahead for the trading week beginning May 9th, 2022",Ukraine|Russia|Russian|Putin|invasion,available,False,True,True,True,True,True,True,False,False,True,False,True,True,multiple_paths,geopolitical_crisis_financial,False
uk24ds,2022-05-07,stocks,"Wall Street Week Ahead for the trading week beginning May 9th, 2022",Ukraine|Russia|Russian|Putin|invasion,available,False,True,True,True,True,True,True,False,False,True,False,True,True,multiple_paths,geopolitical_crisis_financial,False
uk5tbp,2022-05-07,stocks,How many investors really think Ukraine is worth to fight for?,Ukraine|Russia|Russian|Putin,available,False,True,True,True,True,True,True,False,False,True,False,True,True,multiple_paths,geopolitical_crisis_financial,False
uk8o5z,2022-05-07,StockMarket,POWcycle: The Endgame,Ukraine,available,False,True,False,True,True,True,True,False,False,True,False,True,True,direct_ukraine_financial,geopolitical_crisis_financial,False
uketqw,2022-05-07,StockMarket,"Epam ,proven beast in software sector",Ukraine|Russia|Russian,available,False,True,True,True,True,True,True,False,False,True,False,True,True,multiple_paths,geopolitical_crisis_financial,False
ukf9is,2022-05-07,StockMarket,Are we at the bottom of the elevator? Rules to stay strong and stay in,Ukraine|Russia|Putin,available,False,True,True,True,True,True,True,False,False,True,False,True,True,multiple_paths,geopolitical_crisis_financial,False
ul3wo8,2022-05-08,stocks,Repost: Bear facts,Ukraine|Ukrainian|Russia|Russian|Putin,available,False,True,True,True,True,True,True,False,False,True,False,True,True,multiple_paths,geopolitical_crisis_financial,False
ul52k9,2022-05-08,stocks,The fear is becoming overwhelming,Ukraine,available,False,True,False,True,True,True,True,False,False,True,False,True,True,direct_ukraine_financial,geopolitical_crisis_financial,False
ul8em1,2022-05-08,stocks,The Fed is screwing us out of a historically great economic opportunity.,Russian|invasion,available,False,False,True,True,True,True,True,False,False,True,False,True,True,russia_conflict_financial,geopolitical_crisis_financial,False
ul8snm,2022-05-08,StockMarket,How do you receive compay profit without dividend?,Ukraine,available,False,True,False,True,True,True,True,False,False,True,False,True,True,direct_ukraine_financial,geopolitical_crisis_financial,False
ula3jo,2022-05-08,stocks,I have some DD on CROX i need to post so here,Ukraine|Russia,available,False,True,True,True,True,True,True,False,False,True,False,True,True,multiple_paths,geopolitical_crisis_financial,False
ulam7s,2022-05-08,stocks,"Russian Deputy Prime Minister: ""Restoration of peaceful life begins in the regions. There's a lot of work to be done.""",Russian,removed,True,False,True,False,False,False,False,False,False,False,False,False,False,excluded,excluded,False
ulaonm,2022-05-08,stocks,"Russian Deputy Prime Minister: ""Restoration of peaceful life begins in the regions. There's a lot of work to be done.""",Russian,removed,True,False,True,False,False,False,False,False,False,False,False,False,False,excluded,excluded,False
ulaplx,2022-05-08,stocks,"Russian Deputy Prime Minister: ""Restoration of peaceful life begins in the regions. There's a lot of work to be done.""",Russian,removed,True,False,True,False,False,False,False,False,False,False,False,False,False,excluded,excluded,False
ulebdn,2022-05-08,investing,"Russia cries out to Musk, the world's richest man: You're responsible! What's the deal?",Russia,deleted,True,False,True,False,False,False,False,False,False,False,False,False,False,excluded,excluded,False
ulebvs,2022-05-08,investing,"Russia cries out to Musk, the world's richest man: You're responsible! What's the deal?",Russia,removed,True,False,True,False,False,False,False,False,False,False,False,False,False,excluded,excluded,False
ulfjgt,2022-05-09,stocks,If it wasn't for coved we'd be at 5800 right now!,Ukraine,available,False,True,False,False,False,True,True,False,False,False,False,True,False,direct_ukraine_financial,excluded,True
ulhgmr,2022-05-09,investing,The Case for Optimism: Time to be greedy when others are fearful,Ukraine|Russia|Russian|Putin|Kyiv|invasion,available,False,True,True,True,True,True,True,False,False,True,False,True,True,multiple_paths,geopolitical_crisis_financial,False
ulqoab,2022-05-09,StockMarket,(5/9) Monday's Pre-Market Stock Movers & News,Ukraine|Russia,available,False,True,True,True,True,True,True,False,False,True,False,True,True,multiple_paths,geopolitical_crisis_financial,False
ulqpso,2022-05-09,stocks,(5/9) Monday's Pre-Market Stock Movers & News,Ukraine|Russia,available,False,True,True,True,True,True,True,False,False,True,False,True,True,multiple_paths,geopolitical_crisis_financial,False
ulsccy,2022-05-09,investing,Is it possible to buy russian stocks?,Russian,removed,True,False,True,False,False,True,True,False,False,False,False,False,False,excluded,excluded,False
ulxya1,2022-05-09,stocks,How could anyone be bullish?,Ukraine|Russia|Putin|sanctions,available,False,True,True,True,True,True,True,False,False,True,False,True,True,multiple_paths,geopolitical_crisis_financial,False
ulyw1x,2022-05-09,stocks,"Saudis Drastically Cut Oil Prices to China -- Implication for oil stocks, inflation?",Ukraine|Russia,available,False,True,True,True,True,True,True,False,False,True,False,True,True,multiple_paths,geopolitical_crisis_financial,False
ulzlrx,2022-05-09,stocks,I believe tomorrow stocks will rebound,Ukraine|Putin,available,False,True,True,True,True,True,True,False,False,True,False,True,True,multiple_paths,geopolitical_crisis_financial,False
um9p6r,2022-05-10,stocks,"The market is totally overinflated, and yet you should buy at these fire sale prices!!!",Putin,available,False,False,True,False,False,True,True,False,False,False,False,False,False,excluded,excluded,False
umahr0,2022-05-10,stocks,Hedging for further 5% downside,Russian,available,False,False,True,False,False,True,True,False,False,False,False,False,False,excluded,excluded,False
umi98q,2022-05-10,stocks,A harbinger of the end of the stock market catastrophe? Is the market short-term bear or bull?,Ukraine|Russia,available,False,True,True,False,False,True,True,False,False,False,False,True,False,direct_ukraine_financial,excluded,True
umlboo,2022-05-10,StockMarket,Long SPY calls before April CPI release tomorrow,Ukraine|Russia|Russian,available,False,True,True,True,True,True,True,False,False,True,False,True,True,multiple_paths,geopolitical_crisis_financial,False
umn9pl,2022-05-10,stocks,Developed Markets,Russia,available,False,False,True,False,False,True,True,False,False,False,False,False,False,excluded,excluded,False
umqf8e,2022-05-10,stocks,Boom in Natural Gas coming?,Ukraine|Russia|Russian,available,False,True,True,False,False,True,True,False,False,False,False,True,False,direct_ukraine_financial,excluded,True
umqnki,2022-05-10,stocks,"I've made a couple million, here's my thoughts.",Ukraine|Putin,available,False,True,True,True,True,True,True,False,False,True,False,True,True,multiple_paths,geopolitical_crisis_financial,False
unkfqh,2022-05-11,stocks,What are your hedges in this market?,Ukraine,available,False,True,False,True,True,True,True,False,False,True,False,True,True,direct_ukraine_financial,geopolitical_crisis_financial,False
unly13,2022-05-11,stocks,"More Short-term pain ahead for stocks, here's why:",Ukraine|Russia,available,False,True,True,True,True,True,True,False,False,True,False,True,True,multiple_paths,geopolitical_crisis_financial,False
unmtwn,2022-05-11,investing,What the Fed is really trying to fix,Ukraine,available,False,True,False,True,True,True,True,False,False,True,False,True,True,direct_ukraine_financial,geopolitical_crisis_financial,False
unmyby,2022-05-11,StockMarket,"More short-term pain ahead for the stock market, here's why:",Ukraine|Russia,available,False,True,True,True,True,True,True,False,False,True,False,True,True,multiple_paths,geopolitical_crisis_financial,False
untrr0,2022-05-12,investing,Supply chain shock will likely get slightly worse before it gets better,Ukraine|Ukrainian|Russia,available,False,True,True,False,True,True,True,False,False,True,False,True,True,direct_ukraine_financial,geopolitical_crisis_financial,False
uo1yik,2022-05-12,stocks,What to do with Russian stock,Russian,available,False,False,True,True,True,True,True,False,False,True,False,True,True,russia_conflict_financial,geopolitical_crisis_financial,False
uo5h4e,2022-05-12,StockMarket,Ruble is now worth more than before the invasion. How can this be explained?,invasion,blank,True,False,False,True,True,True,True,False,False,False,False,False,False,excluded,excluded,False
uoafni,2022-05-12,investing,SoftBank Loses $26 Billion on Tech Investments Amid Selloff,Ukraine|Russia|invasion,available,False,True,True,True,True,True,True,False,False,True,False,True,True,multiple_paths,geopolitical_crisis_financial,False
uoqb4g,2022-05-13,StockMarket,Are there any good indicators to predict a bear market flipping to a bull market?,Ukraine,available,False,True,False,True,True,True,True,False,False,True,False,True,True,direct_ukraine_financial,geopolitical_crisis_financial,False
uos9sx,2022-05-13,stocks,What are the best company's to invest in to profit from the Ukraine conflict,Ukraine,removed,True,True,False,True,True,True,True,False,False,True,False,True,True,direct_ukraine_financial,geopolitical_crisis_financial,False
uox4f1,2022-05-13,StockMarket,Saskatoon Company Draganfly Inc (Nasdaq: DPRO) Helping With Humanitarian Efforts in Ukraine,Ukraine,blank,True,True,False,False,False,True,True,False,False,False,False,True,False,direct_ukraine_financial,excluded,True
uoxyvc,2022-05-13,stocks,Best dividend stocks and how much money do I need?,Ukraine,available,False,True,False,False,False,True,True,False,False,False,False,True,False,direct_ukraine_financial,excluded,True
uoz8os,2022-05-13,stocks,Warner Bros. Discovery: A bargain?,Russia,available,False,False,True,True,True,True,True,False,False,True,False,True,True,russia_conflict_financial,geopolitical_crisis_financial,False
uphtyk,2022-05-14,StockMarket,The market is about to drop again cause FED?,Ukraine|Russia,available,False,True,True,True,True,True,True,False,False,True,False,True,True,multiple_paths,geopolitical_crisis_financial,False
upxta6,2022-05-15,stocks,Allocation of stocks within the next 1year,Russia,available,False,False,True,False,False,True,True,False,False,False,False,False,False,excluded,excluded,False
uq6yak,2022-05-15,stocks,What do you do with your cash once you have decided to sell your shares?,Russian|invasion,available,False,False,True,True,True,True,True,False,False,True,False,True,True,russia_conflict_financial,geopolitical_crisis_financial,False
uqdqab,2022-05-15,stocks,Gazprom termination ELI5,Ukraine,available,False,True,False,True,True,True,True,False,False,True,False,True,True,direct_ukraine_financial,geopolitical_crisis_financial,False
uqmo1q,2022-05-16,stocks,The stock market is on a 6-week losing streak. How did we get here? Will it continue?,Ukraine|Russia|invasion|sanctions,available,False,True,True,True,True,True,True,False,False,True,False,True,True,multiple_paths,geopolitical_crisis_financial,False
uqvmh4,2022-05-16,StockMarket,"Solid earnings and a big dividend, is McDonald's (MCD) worth buying?",Ukraine|Russia,available,False,True,True,False,True,True,True,False,False,True,False,True,True,direct_ukraine_financial,geopolitical_crisis_financial,False
ur00pp,2022-05-16,stocks,"I sold all my positions in GOOG, PYPL, AMZN, AAPL, and MSFT today. ($50,000 left, what was once $120,000)",Ukraine,available,False,True,False,True,True,True,True,False,False,True,False,True,True,direct_ukraine_financial,geopolitical_crisis_financial,False
ur1j2p,2022-05-16,stocks,McDonald's is leaving Russia altogether. Selling all 800 locations,Russia,removed,True,False,True,False,False,False,True,True,True,False,True,True,True,russia_crisis_financial_consequence,crisis_specific_financial_consequence,False
ur62t4,2022-05-16,StockMarket,Pulling up old posts to see who was right.,Russia,available,False,False,True,False,False,True,True,False,False,False,False,False,False,excluded,excluded,False
urblk4,2022-05-17,stocks,McDonald’s completely exiting Russia! Selling assets,Russia,removed,True,False,True,False,False,True,True,True,True,False,True,True,True,russia_crisis_financial_consequence,crisis_specific_financial_consequence,False
urf49y,2022-05-17,stocks,Inflation is a blank check against the economy. There can be no turnaround until it's controlled.,Ukraine,available,False,True,False,False,False,True,True,False,False,False,False,True,False,direct_ukraine_financial,excluded,True
urmjfv,2022-05-17,StockMarket,Did the stock market bottom out? Bank of America customers' cash hoarding hits 20-year high,Ukraine|Russia,available,False,True,True,True,True,True,True,False,False,True,False,True,True,multiple_paths,geopolitical_crisis_financial,False
urpi1g,2022-05-17,StockMarket,Largo (LGO) - Great Opportunity | Big Stock Buyback | Good Response to Earnings,Ukraine|Russia,available,False,True,True,True,True,True,True,False,False,True,False,True,True,multiple_paths,geopolitical_crisis_financial,False
urpn32,2022-05-17,stocks,Will Russian ETF ie $RSX ever be listed again?,Russian,removed,True,False,True,False,False,True,True,False,False,False,False,False,False,excluded,excluded,False
usbrd8,2022-05-18,stocks,"Stale data on housing costs are 40% of core-CPI, or why 2022 is going to continue to be a crappy year for risk assets.",Ukraine,available,False,True,False,True,True,True,True,True,False,True,False,True,True,direct_ukraine_financial,geopolitical_crisis_financial,False
uscsh9,2022-05-18,stocks,$FWONA/K - Formula One Group DD,Russian,available,False,False,True,True,True,True,True,False,False,True,False,True,True,russia_conflict_financial,geopolitical_crisis_financial,False
usebb7,2022-05-18,stocks,"The U.S. junk bond spread has accelerated to widen, has it reached a substantial turning point?",Ukraine,available,False,True,False,False,True,True,True,False,False,True,False,True,True,direct_ukraine_financial,geopolitical_crisis_financial,False
usexv9,2022-05-18,stocks,Predicting End of War based on quantity of news articles...,Ukraine|Russia|Russian|Putin,available,False,True,True,True,True,True,True,False,False,True,False,True,True,multiple_paths,geopolitical_crisis_financial,False
usibn7,2022-05-18,StockMarket,EU Warns Of Possible Food Crisis Sparked By Russia's War On Ukraine “Winter Storm Brew” $MOS $NTR $CF,Ukraine|Russia,blank,True,True,True,True,True,False,False,False,False,False,False,False,False,excluded,excluded,False
uskqnw,2022-05-18,StockMarket,Russian Ruble - The best performing currency,Russian,blank,True,False,True,False,False,True,True,False,False,False,False,False,False,excluded,excluded,False
usl8yj,2022-05-18,StockMarket,"Yellen: Ukraine War Fallout Threatens 'Stagflation,' Hunger “Food Security” is a national security $MOS $NTR $CF",Ukraine,blank,True,True,False,True,True,False,False,False,False,False,False,False,False,excluded,excluded,False
usmrb1,2022-05-18,investing,PJSC Sberbank of Russia's Upcoming Termination,Russia,available,False,False,True,False,False,True,True,False,False,False,False,False,False,excluded,excluded,False
usmzfc,2022-05-18,stocks,Google's Russian division is filing for bankruptcy,Russia|Russian,available,False,False,True,False,False,True,True,False,False,False,False,False,False,excluded,excluded,False
usrq99,2022-05-19,StockMarket,Food shortages stemming from Ukraine war has world leaders scrambling $MOS $NTR $CF $ADM $IPI,Ukraine,blank,True,True,False,True,True,False,False,False,False,False,False,False,False,excluded,excluded,False
usxqmy,2022-05-19,stocks,Can someone explain what exactly McDonald’s is doing with their Russian outlets?,Russian,deleted,True,False,True,False,False,False,False,False,False,False,False,False,False,excluded,excluded,False
ut1em9,2022-05-19,StockMarket,"Elevated Fertilizer Prices Remain, as UN in Talks to Restore Ukrainian Grain Exports • Farm Policy News $MOS $NTR $CF",Ukrainian,blank,True,True,False,False,False,True,True,False,False,False,False,True,False,direct_ukraine_financial,excluded,True
ut283d,2022-05-19,StockMarket,Moscow says opening Ukraine ports would need review of sanctions on Russia - Interfax $MOS $NTR $CF,Ukraine|Russia|Moscow|sanctions,blank,True,True,True,True,True,False,False,False,False,False,False,False,False,excluded,excluded,False
ut4vp6,2022-05-19,stocks,Too late for SQQQ?,Ukraine,available,False,True,False,False,False,True,True,False,False,False,False,True,False,direct_ukraine_financial,excluded,True
ut5rs2,2022-05-19,StockMarket,China Planning to Replenish it Strategic Oil Reserve With Cheap Russian Oil,Russian,blank,True,False,True,False,False,True,True,False,False,False,False,False,False,excluded,excluded,False
ut64k9,2022-05-19,stocks,"October is when stocks may hit a bottomA 'summer of pain' is shaping up for US stocks, with a 45% - 75% slide from S&P highs.",Ukraine,available,False,True,False,True,True,True,True,False,False,True,False,True,True,direct_ukraine_financial,geopolitical_crisis_financial,False
ut6bak,2022-05-19,StockMarket,A Reversal In The S&P 500 Is Confirmed,Ukraine|Russia|invasion,available,False,True,True,True,True,True,True,False,False,True,False,True,True,multiple_paths,geopolitical_crisis_financial,False
utf65p,2022-05-19,investing,I'm calling Powell's bluff,Ukraine,available,False,True,False,True,True,True,True,False,False,True,False,True,True,direct_ukraine_financial,geopolitical_crisis_financial,False
utjark,2022-05-20,stocks,AAII Sentiment Survey: Bullish And Bearish Sentiment Both Rise,Ukraine|Russia|invasion,available,False,True,True,True,True,True,True,False,False,True,False,True,True,multiple_paths,geopolitical_crisis_financial,False
utl1iu,2022-05-20,stocks,"US may be dragged into a RECESSION in next year, more experts say",Ukraine|Russia|invasion,available,False,True,True,True,True,True,True,False,False,True,False,True,True,multiple_paths,geopolitical_crisis_financial,False
utl3f7,2022-05-20,StockMarket,"US may be driving toward a RECESSION in next year , more experts say",Ukraine|Russia|invasion,available,False,True,True,True,True,True,True,False,False,True,False,True,True,multiple_paths,geopolitical_crisis_financial,False
utu6jw,2022-05-20,stocks,how's Russian dividends working?,Russian,available,False,False,True,False,False,False,False,False,False,False,False,False,False,excluded,excluded,False
utyv5f,2022-05-20,stocks,2022 is just 2008; except now the chickens are coming home to roost.,Putin,available,False,False,True,True,True,True,True,False,False,True,False,True,True,russia_conflict_financial,geopolitical_crisis_financial,False
uu573v,2022-05-20,stocks,"Fed could cut rates in 2023, 2024 once inflation under control -Bullard",Ukraine,available,False,True,False,True,True,True,True,False,False,True,False,True,True,direct_ukraine_financial,geopolitical_crisis_financial,False
uubbsw,2022-05-21,stocks,GOGL Dividend Avoidance/Capture Strategy -- 1Q2022,Ukraine,available,False,True,False,True,True,True,True,False,False,True,False,True,True,direct_ukraine_financial,geopolitical_crisis_financial,False
uucub7,2022-05-21,stocks,For the first time in a century! Dow in eight straight weekly losses as recession fears rise,Ukraine,available,False,True,False,False,False,True,True,False,False,False,False,True,False,direct_ukraine_financial,excluded,True
uutln9,2022-05-21,stocks,What's the bear case against oil stocks right now?,Russia|Russian,available,False,False,True,True,True,True,True,False,False,True,False,True,True,russia_conflict_financial,geopolitical_crisis_financial,False
uuwpm2,2022-05-21,StockMarket,How will history view this downturn?,Ukraine|Russia,available,False,True,True,False,True,True,True,False,False,True,False,True,True,direct_ukraine_financial,geopolitical_crisis_financial,False
uv0xjv,2022-05-22,stocks,Is $WEAT still a buy?,Ukraine|Russia,available,False,True,True,True,True,True,True,False,False,True,False,True,True,multiple_paths,geopolitical_crisis_financial,False
uvh7ly,2022-05-22,stocks,Let's talk about Wheat,Ukraine|Russia|Russian|invasion,available,False,True,True,True,True,True,True,False,False,True,False,True,True,multiple_paths,geopolitical_crisis_financial,False
uvqsc5,2022-05-23,StockMarket,"China’s industrial output fell 2.9%, while retail sales fell 11.1%",Russia,available,False,False,True,False,False,True,True,False,False,False,False,False,False,excluded,excluded,False
uw0mqz,2022-05-23,stocks,"Luckin Coffee Analysis - Business, Comparisons, Big Upside and Significant Risks",Russia|Russian,available,False,False,True,True,True,True,True,False,False,True,False,True,True,russia_conflict_financial,geopolitical_crisis_financial,False
uw6d1o,2022-05-23,stocks,Starbucks leaving Russia,Ukraine|Russia|invasion|sanctions,available,False,True,True,True,True,True,True,True,True,True,True,True,True,multiple_paths,multiple_paths,False
uw7ep7,2022-05-23,StockMarket,Stock Market Recap & Analysis [My thoughts on why markets are down and what's next] (5/23),Ukraine,available,False,True,False,True,True,True,True,False,False,True,False,True,True,direct_ukraine_financial,geopolitical_crisis_financial,False
uwb14p,2022-05-23,stocks,Stock Market Recap & Analysis [My thoughts on why markets are down and what's next] (5/23),Ukraine,available,False,True,False,True,True,True,True,False,False,True,False,True,True,direct_ukraine_financial,geopolitical_crisis_financial,False
uwfccj,2022-05-24,investing,Who will help rebuild Ukraine after the conflict?,Ukraine,removed,True,True,False,True,True,False,False,False,False,False,False,False,False,excluded,excluded,False
uwi3vs,2022-05-24,stocks,"Klarna to lay off 10% of its workforce as souring economy hits buy now, pay later companies",Ukraine,available,False,True,False,True,True,True,True,False,False,True,False,True,True,direct_ukraine_financial,geopolitical_crisis_financial,False
uwkd9i,2022-05-24,investing,How best to invest in Ukraine,Ukraine,removed,True,True,False,False,False,False,False,False,False,False,False,False,False,excluded,excluded,False
uwkeus,2022-05-24,investing,How to invest in Ukraine?,Ukraine,removed,True,True,False,False,False,False,False,False,False,False,False,False,False,excluded,excluded,False
uwkg9r,2022-05-24,investing,Investment in Ukraine strategy,Ukraine,removed,True,True,False,False,False,True,True,False,False,False,False,True,False,direct_ukraine_financial,excluded,True
uwow57,2022-05-24,stocks,"Tech rout set to drag Wall Street lower, as Snap warning drags Facebook, Google, Twitter lower in premarket",Ukraine,available,False,True,False,False,False,True,True,False,False,False,False,True,False,direct_ukraine_financial,excluded,True
uwwo7k,2022-05-24,investing,"Snap falls 40% on pace for worst day ever, dragging other stocks with it",Ukraine,available,False,True,False,True,True,True,True,False,False,True,False,True,True,direct_ukraine_financial,geopolitical_crisis_financial,False
uwygft,2022-05-24,stocks,Is there financial gain to be made by top investors spreading fear in the market?,Ukraine,available,False,True,False,True,True,True,True,False,False,True,False,True,True,direct_ukraine_financial,geopolitical_crisis_financial,False
ux0u8z,2022-05-24,StockMarket,"Ukraine invasion may be start of ‘third world war’, says George Soros",Ukraine|invasion,blank,True,True,False,True,True,False,False,False,False,False,False,False,False,excluded,excluded,False
ux46jv,2022-05-24,stocks,Russia and China fly nuclear capable bomber jets over Japan during Biden’s visit,Russia,removed,True,False,True,False,False,False,False,False,False,False,False,False,False,excluded,excluded,False
uxbtkb,2022-05-25,stocks,Nike is leaving Russia,Russia|Russian,available,False,False,True,False,False,True,True,True,True,False,True,True,True,russia_crisis_financial_consequence,crisis_specific_financial_consequence,False
uxg2y7,2022-05-25,investing,What to do in the market if you believe that the old China is not coming back soon?,Russia,available,False,False,True,False,False,True,True,False,False,False,False,False,False,excluded,excluded,False
uxkxcm,2022-05-25,investing,Conditions for Russian Oil Sanction Removal?,Russia|Russian|sanctions,available,False,False,True,True,True,True,True,False,False,True,False,True,True,russia_conflict_financial,geopolitical_crisis_financial,False
uxo44z,2022-05-25,stocks,"Fed minutes show strong commitment to 0.50% rate hikes in June, July",Ukraine|Russian|invasion,available,False,True,True,True,True,True,True,False,False,True,False,True,True,multiple_paths,geopolitical_crisis_financial,False
uxq7os,2022-05-25,stocks,What will happen to my Sberbank shares now put into an escrow account?,Ukraine|Russia,available,False,True,True,True,True,True,True,False,False,True,False,True,True,multiple_paths,geopolitical_crisis_financial,False
uxqiop,2022-05-25,stocks,"Nvidia falls short on guidance, stock down 9% after hours",Ukraine,available,False,True,False,True,True,True,True,False,False,True,False,True,True,direct_ukraine_financial,geopolitical_crisis_financial,False
uxujw1,2022-05-25,stocks,What's going on with McDonalds stock?,Russian,available,False,False,True,False,False,True,True,False,False,False,False,False,False,excluded,excluded,False
uxxftl,2022-05-26,stocks,"Fear & Greed Index is at 14 or ""extreme fear."" Investors with a long term time horizon should be buying at these prices.",Ukraine|Russia|Russian,available,False,True,True,False,False,True,True,False,False,False,False,True,False,direct_ukraine_financial,excluded,True
uxxs4m,2022-05-26,investing,"Fear & Greed Index is at 14 or ""extreme fear."" Investors with a long term time horizon should be buying at these prices.",Ukraine|Russia|Russian,available,False,True,True,False,False,True,True,False,False,False,False,True,False,direct_ukraine_financial,excluded,True
uxz2bq,2022-05-26,stocks,Risks we haven’t seen recently,Ukraine,available,False,True,False,True,True,True,True,False,False,True,False,True,True,direct_ukraine_financial,geopolitical_crisis_financial,False
uy4wnq,2022-05-26,stocks,What would the outcome of the Russo-Ukrainian war mean for the market?,Ukraine|Ukrainian|Russian,available,False,True,True,True,True,True,True,False,False,True,False,True,True,multiple_paths,geopolitical_crisis_financial,False
uy6ydj,2022-05-26,StockMarket,(5/26) Thursday's Pre-Market Stock Movers & News,Russia,available,False,False,True,False,False,True,True,False,False,False,False,False,False,excluded,excluded,False
uy6zc4,2022-05-26,stocks,(5/26) Thursday's Pre-Market Stock Movers & News,Russia,available,False,False,True,False,False,True,True,False,False,False,False,False,False,excluded,excluded,False
uyc780,2022-05-26,stocks,"If You Invested $100 In GameStop, AMD, Nvidia, Tesla, Apple, Plug Power And Dogecoin 5 Years Ago, Here's How Much You'd Have Now",Ukraine|Russia,available,False,True,True,True,True,True,True,False,False,True,False,True,True,multiple_paths,geopolitical_crisis_financial,False
uydape,2022-05-26,StockMarket,$NVDA earnings takes - solid long term opportunity,Russia,available,False,False,True,False,False,True,True,False,False,False,False,False,False,excluded,excluded,False
uymd58,2022-05-27,investing,US Oil Imports & Exports... Explain it to me like I'm 5,Russia,available,False,False,True,False,False,True,True,False,False,False,False,False,False,excluded,excluded,False
uyyf4x,2022-05-27,stocks,The Fed’s preferred inflation gauge rose 4.9% in April in a sign that price increases could be slowing,Ukraine,available,False,True,False,True,True,True,True,False,False,True,False,True,True,direct_ukraine_financial,geopolitical_crisis_financial,False
uyzkok,2022-05-27,investing,I believe we are entering a decade of shortages,Ukraine|Russia|Russian|invasion,available,False,True,True,True,True,True,True,False,False,True,False,True,True,multiple_paths,geopolitical_crisis_financial,False
uzeoht,2022-05-28,stocks,"Q1 '22 Earnings Call Takeaways for video game publishers: (ATVI, EA, TTWO)",Russia,available,False,False,True,True,True,True,True,False,False,True,False,True,True,russia_conflict_financial,geopolitical_crisis_financial,False
uzpj04,2022-05-28,stocks,what event (if any?) could cause US stocks to tank like Russia,Russia,removed,True,False,True,False,False,True,True,False,False,False,False,False,False,excluded,excluded,False
uzurrf,2022-05-28,stocks,What's happening in the market...,Ukraine,available,False,True,False,True,True,True,True,False,False,True,False,True,True,direct_ukraine_financial,geopolitical_crisis_financial,False
v0fq50,2022-05-29,stocks,"FT: ""Emerging markets hit by worst sell-off in decades"" -- Time to Diversify Internationally?",Russia|Russian,available,False,False,True,False,False,True,True,False,False,False,False,False,False,excluded,excluded,False
v0kdac,2022-05-29,stocks,Too late to enter natural gas/energy stocks?,Russia,available,False,False,True,False,False,True,True,False,False,False,False,False,False,excluded,excluded,False
v11jbq,2022-05-30,stocks,Russian stocks through LSE,Russian,removed,True,False,True,False,False,True,True,False,False,False,False,False,False,excluded,excluded,False
v11ult,2022-05-30,investing,Upcoming global food crisis. Implications of the Russia-Ukraine conflict,Ukraine|Russia,removed,True,True,True,True,True,False,False,False,False,False,False,False,False,excluded,excluded,False
v15w14,2022-05-30,stocks,Lumbar Price Cooling and Financial Conditions Tightening: An Update On Inflation Peaking,Russian,available,False,False,True,True,True,True,True,False,False,True,False,True,True,russia_conflict_financial,geopolitical_crisis_financial,False
v17a0a,2022-05-30,StockMarket,Upcoming global food crisis. Implications of the Russia-Ukraine conflict,Ukraine|Russia,blank,True,True,True,True,True,False,False,False,False,False,False,False,False,excluded,excluded,False
v1bcxe,2022-05-30,stocks,EU agrees ban on more than two-thirds of Russian oil imports,Russia|Russian|sanctions,available,False,False,True,True,True,True,True,False,False,True,False,True,True,russia_conflict_financial,geopolitical_crisis_financial,False
v1enh6,2022-05-31,stocks,What weight do you assign to each of the contributing factors to this downturn?,Ukraine,available,False,True,False,False,True,True,True,False,False,True,False,True,True,direct_ukraine_financial,geopolitical_crisis_financial,False
v1l2m6,2022-05-31,stocks,Stocks with the highest dividend possible?,Russian,available,False,False,True,False,False,True,True,False,False,False,False,False,False,excluded,excluded,False
v1l4he,2022-05-31,StockMarket,Oil prices extend gains after EU bans most Russia oil imports,Russia,blank,True,False,True,False,False,True,True,False,False,False,False,False,False,excluded,excluded,False
v1q1jj,2022-05-31,StockMarket,"Morning Update for Tuesday, 5/31/22",Russia,available,False,False,True,False,False,True,True,False,False,False,False,False,False,excluded,excluded,False
v1x1ec,2022-05-31,stocks,OPEC Weighs Suspending Russia From Oil-Production Deal,Russia,deleted,True,False,True,False,False,True,True,False,False,False,False,False,False,excluded,excluded,False
v1y6lb,2022-05-31,stocks,(QUESTION) ANYONE ELSE IN DRAGANFLY $DPRO FOR MEDICAL DRONES IN UKRAINE?,Ukraine,removed,True,True,False,False,False,False,False,False,False,False,False,False,False,excluded,excluded,False
v2iiua,2022-06-01,stocks,JPMorgan Chase CEO Jamie Dimon says ‘brace yourself’ for an economic hurricane caused by the Fed and Ukraine war,Ukraine,deleted,True,True,False,True,True,True,True,False,False,True,False,True,True,direct_ukraine_financial,geopolitical_crisis_financial,False
v2ijze,2022-06-01,stocks,JPMorgan Chase CEO Jamie Dimon says ‘brace yourself’ for an economic hurricane caused by the Fed,Ukraine,available,False,True,False,True,True,True,True,False,False,True,False,True,True,direct_ukraine_financial,geopolitical_crisis_financial,False
v2jv1a,2022-06-01,investing,Jamie Dimon says ‘brace yourself’ for an economic hurricane caused by the Fed and Ukraine war,Ukraine,removed,True,True,False,True,True,True,True,False,False,True,False,True,True,direct_ukraine_financial,geopolitical_crisis_financial,False
v2lp5p,2022-06-01,StockMarket,Jamie Dimon says 'brace yourself' for an economic hurricane caused by the Fed and Ukraine war,Ukraine,blank,True,True,False,True,True,True,True,False,False,True,False,True,True,direct_ukraine_financial,geopolitical_crisis_financial,False
v2to55,2022-06-01,investing,Russian effect on markers,Russian,removed,True,False,True,False,False,False,False,False,False,False,False,False,False,excluded,excluded,False
v2weer,2022-06-02,investing,JPMorgan Chase CEO warns of economic hurricane: ‘You better brace yourself’,Ukraine|Russia|Russian|invasion,available,False,True,True,True,True,True,True,False,False,True,False,True,True,multiple_paths,geopolitical_crisis_financial,False
v3evnf,2022-06-02,StockMarket,‘Everything is gone’: Russian business hit hard by tech sanctions,Russian|sanctions,deleted,True,False,True,True,True,False,False,False,False,False,False,False,False,excluded,excluded,False
v3wcpr,2022-06-03,StockMarket,G7 unveils controversial 'hydrogen action pact' to tackle climate crisis and Russian gas reliance,Russian,deleted,True,False,True,False,True,True,True,False,False,True,False,False,True,excluded,geopolitical_crisis_financial,True
v40vr5,2022-06-03,StockMarket,"Jim Cramer said yesterday: ""You’ve got my blessing to buy John Deere, tomorrow morning.”",Ukraine|Russia,available,False,True,True,True,True,True,True,False,False,True,False,True,True,multiple_paths,geopolitical_crisis_financial,False
v42iw9,2022-06-03,stocks,Shanghai Returns to Lockdown; Federal Reserve by the Numbers; Russia-Ukraine Conflict Analysis,Ukraine|Russia,removed,True,True,True,True,True,False,True,False,False,True,False,False,True,excluded,geopolitical_crisis_financial,True
v42x8z,2022-06-03,stocks,Goldman Sachs says the meme stock revolution is over. U.S. retail investors have sold most of what they bought over the last two years,Ukraine,available,False,True,False,True,True,True,True,False,False,True,False,True,True,direct_ukraine_financial,geopolitical_crisis_financial,False
v5d0sc,2022-06-05,stocks,US tech sector sees highest job cuts in May since Dec. 2020 as slowing demand force companies to cut corners,Ukraine,available,False,True,False,False,True,True,True,False,False,True,False,True,True,direct_ukraine_financial,geopolitical_crisis_financial,False
v5kf1o,2022-06-05,stocks,Selling at 100% gains or stay holding? (XOM and CVX),Ukraine|Russia,available,False,True,True,True,True,True,True,False,False,True,False,True,True,multiple_paths,geopolitical_crisis_financial,False
v6rjkw,2022-06-07,investing,"With allegations of greenwashing at the highest levels, does it still make sense for funds to package together environmental, social and governance factors?",Ukraine|Russia|Russian|invasion,available,False,True,True,True,True,True,True,False,False,True,False,True,True,multiple_paths,geopolitical_crisis_financial,False
v74jg6,2022-06-07,stocks,"Jim Cramer: ""Buy the dip in oil stocks, stay away from everything else""",Ukraine|Russia,available,False,True,True,True,True,True,True,False,False,True,False,True,True,multiple_paths,geopolitical_crisis_financial,False
v74o0v,2022-06-07,stocks,Help starting out in Russian stocks,Russian,removed,True,False,True,False,False,True,True,False,False,False,False,False,False,excluded,excluded,False
v77f8n,2022-06-07,stocks,Investing in LMT and other defense stocks,Ukraine|invasion,available,False,True,False,True,True,True,True,False,False,True,False,True,True,direct_ukraine_financial,geopolitical_crisis_financial,False
v7acpd,2022-06-07,stocks,"World Bank warns global economy may suffer 1970s-style stagflation, Risks of further deterioration are mounting",Ukraine|Ukrainian|Russia|Russian|invasion,available,False,True,True,True,True,True,True,False,False,True,False,True,True,multiple_paths,geopolitical_crisis_financial,False
v7ccqm,2022-06-08,StockMarket,Ukraine/Russia/Turkey negotiations and grain: How long would it take to remove naval mines in the port?,Ukraine|Russia,deleted,True,True,True,False,False,False,False,False,False,False,False,False,False,excluded,excluded,False
v7ews7,2022-06-08,StockMarket,US Equities Rise as World Bank Slashes Growth View; Target's Margin Warning Weighs on Retail Stocks,Ukraine,available,False,True,False,True,True,True,True,False,False,True,False,True,True,direct_ukraine_financial,geopolitical_crisis_financial,False
v7hhri,2022-06-08,investing,Why it isn't too late to buy refining stocks,Russian,available,False,False,True,False,False,True,True,False,False,False,False,False,False,excluded,excluded,False
v7hzbh,2022-06-08,investing,Is now the time to load up on chip design/making stocks before China imminent invasion of Taiwan?,invasion,removed,True,False,False,True,True,True,True,False,False,False,False,False,False,excluded,excluded,False
v7vmz2,2022-06-08,investing,Is it possible for a US citizen to open up an account on the Russian stock exchange. There's a lot of opportunity there but the U.S has sanctions in place?,Russian|sanctions,removed,True,False,True,True,True,True,True,False,False,True,False,True,True,russia_conflict_financial,geopolitical_crisis_financial,False
v7y4tv,2022-06-08,stocks,White House expects next inflation numbers to be elevated,Ukraine,available,False,True,False,True,True,True,True,False,False,True,False,True,True,direct_ukraine_financial,geopolitical_crisis_financial,False
v8bhjm,2022-06-09,StockMarket,Russia doesn't have extra oil for deals with 2 Indian refiners: report,Russia,blank,True,False,True,False,False,True,True,False,False,False,False,False,False,excluded,excluded,False
v8gdu1,2022-06-09,stocks,The uranium story just got more bullish (US Seeks $4.3 Billion for Uranium to Wean Off Russia Supply),Ukraine|Russia,available,False,True,True,True,True,True,True,False,False,True,False,True,True,multiple_paths,geopolitical_crisis_financial,False
v8glbq,2022-06-09,stocks,Elon Twitter funding with link to Russia,Russia|Russian,available,False,False,True,False,False,True,True,False,False,False,False,False,False,excluded,excluded,False
v8icyc,2022-06-09,investing,why investing in electric companies is not popular ?,Ukraine|Russia,available,False,True,True,True,True,True,True,False,False,True,False,True,True,multiple_paths,geopolitical_crisis_financial,False
v96u59,2022-06-10,investing,"Inflation rose 8.6% in May, highest since 1981",Ukraine|Russia|Russian,available,False,True,True,False,True,True,True,False,False,True,False,True,True,direct_ukraine_financial,geopolitical_crisis_financial,False
v9ecdg,2022-06-10,stocks,"DocuSign Earnings Spook Investors, Consumer Prices Unexpectedly Rise; Stocks Fall as Lows Outpace Highs",Ukraine,available,False,True,False,True,True,True,True,False,False,True,False,True,True,direct_ukraine_financial,geopolitical_crisis_financial,False
v9wqou,2022-06-11,stocks,Gasoline prices top $5 a gallon nationally for the first time and are likely headed higher,Ukraine|Russian|sanctions,available,False,True,True,True,True,True,True,False,False,True,False,True,True,multiple_paths,geopolitical_crisis_financial,False
vac0g8,2022-06-12,investing,"Where can I borrow a decent amount of Russian Rubles (and return Rubles on due date, not USD or EUR)?",Russian,removed,True,False,True,False,False,False,True,False,False,False,False,False,False,excluded,excluded,False
vae7mh,2022-06-12,investing,An article posted yesterday on the MBS market,Ukraine|Russia|Russian,available,False,True,True,False,True,True,True,False,False,True,False,True,True,direct_ukraine_financial,geopolitical_crisis_financial,False
vakox5,2022-06-12,investing,Russian Platform for investment.,Russian,removed,True,False,True,False,False,True,True,False,False,False,False,False,False,excluded,excluded,False
vammlp,2022-06-12,stocks,Too many people here are now bullish on oil -- you know what that means.,Ukrainian,available,False,True,False,True,True,True,True,False,False,True,False,True,True,direct_ukraine_financial,geopolitical_crisis_financial,False
vatj04,2022-06-12,stocks,What do you believe might kick off a recession(IF we have one that is)?,Putin|sanctions,available,False,False,True,True,True,True,True,False,False,True,False,True,True,russia_conflict_financial,geopolitical_crisis_financial,False
vax59e,2022-06-12,investing,"Stagflation was about energy price, not monetary policy.",Russia,available,False,False,True,True,True,True,True,True,True,True,True,True,True,multiple_paths,multiple_paths,False
vbf53f,2022-06-13,stocks,The case for doom and gloom: why this upcoming recession might be just as bad as the 08 crash,Ukraine|Russia,available,False,True,True,True,True,True,True,False,False,True,False,True,True,multiple_paths,geopolitical_crisis_financial,False
vbormt,2022-06-13,investing,$CORN and $WEAT short case?,Ukraine|Russia,available,False,True,True,True,True,True,True,False,False,True,False,True,True,multiple_paths,geopolitical_crisis_financial,False
vbx0ql,2022-06-14,investing,Fed Likely to Consider 0.75-Percentage-Point Rate Rise This Week,Ukraine|Russia,available,False,True,True,True,True,True,True,False,False,True,False,True,True,multiple_paths,geopolitical_crisis_financial,False
vc1n9x,2022-06-14,stocks,It boggles my mind that big tech as GOOGL and META did buy back their stocks in the past few months,Ukraine,available,False,True,False,False,False,True,True,False,False,False,False,True,False,direct_ukraine_financial,excluded,True
vc6iwz,2022-06-14,stocks,Lukoil Stock,Russia|sanctions,available,False,False,True,True,True,True,True,False,False,True,False,True,True,russia_conflict_financial,geopolitical_crisis_financial,False
vccb31,2022-06-14,StockMarket,Why the stock market is nowhere near its low,Ukraine|Russia|Putin|invasion,available,False,True,True,True,True,True,True,False,False,True,False,True,True,multiple_paths,geopolitical_crisis_financial,False
vcd6ky,2022-06-14,investing,Anyone else own Russian shares on IB?,Russian,removed,True,False,True,False,False,True,True,False,False,False,False,False,False,excluded,excluded,False
vcd9ss,2022-06-14,StockMarket,Europe’s Gas Prices Surge 13% As Russia Reduces Nord Stream Flow,Russia,blank,True,False,True,False,False,True,True,False,False,False,False,False,False,excluded,excluded,False
vcv6cf,2022-06-15,StockMarket,Tanker Demand To Grow 3.5% - 5.6% As Europe Avoids Russian Oil - Asia Imports More,Russian,blank,True,False,True,False,False,True,True,False,False,False,False,False,False,excluded,excluded,False
vcvvgi,2022-06-15,investing,What factors could come into play that would avoid a recession and get us started on another ridiculous bull run?,Ukraine,available,False,True,False,True,True,True,True,False,False,True,False,True,True,direct_ukraine_financial,geopolitical_crisis_financial,False
vcxv04,2022-06-15,stocks,Biden tells US oil companies in letter your 'well above normal’ refinery profit margins are not acceptable,Russia|sanctions,available,False,False,True,True,True,True,True,False,False,True,False,True,True,russia_conflict_financial,geopolitical_crisis_financial,False
vczwhl,2022-06-15,stocks,"Now's the perfect time to ""buy the dip"" on Liquid Natural Gas stocks? (Bear cases welcome!)",Russia|Russian,available,False,False,True,True,True,True,True,False,False,True,False,True,True,russia_conflict_financial,geopolitical_crisis_financial,False
vd04vt,2022-06-15,stocks,CVX and XOM could more than double last years earning - that would mean they still made less than Apple did last year,Ukraine,available,False,True,False,True,True,True,True,False,False,True,False,True,True,direct_ukraine_financial,geopolitical_crisis_financial,False
vdbzgg,2022-06-16,stocks,"My 1-2 Year Prediction: Inflation is going to collapse dramatically, one way or the other. This is not bullish for stocks, however.",Russia,available,False,False,True,False,True,True,True,False,False,True,False,False,True,excluded,geopolitical_crisis_financial,True
vdjocx,2022-06-16,StockMarket,"Post-Fed Rally Fades, SNB Hike, Russian Gas Squeeze - What's Moving Markets",Russian,blank,True,False,True,False,False,True,True,False,False,False,False,False,False,excluded,excluded,False
vdl3ps,2022-06-16,StockMarket,(6/16) Thursday's Pre-Market Stock Movers & News,Russia,available,False,False,True,False,False,True,True,False,False,False,False,False,False,excluded,excluded,False
vdl5ke,2022-06-16,stocks,(6/16) Thursday's Pre-Market Stock Movers & News,Russia,available,False,False,True,False,False,True,True,False,False,False,False,False,False,excluded,excluded,False
vdlluv,2022-06-16,StockMarket,"Kinross Gold Corporation just exited Russia, buy opportunity",Russia,removed,True,False,True,False,False,True,True,False,False,False,False,False,False,excluded,excluded,False
vdln7u,2022-06-16,StockMarket,Kinross Gold Corporation buy opportunity after Russia exit,Russia,removed,True,False,True,False,False,True,True,False,False,False,False,False,False,excluded,excluded,False
vdn10w,2022-06-16,stocks,Bank of England hikes rates for the fifth time in a row as inflation soars,Ukraine,available,False,True,False,True,True,True,True,False,False,True,False,True,True,direct_ukraine_financial,geopolitical_crisis_financial,False
vdsmur,2022-06-16,stocks,"What ""Known Unknown"" Tail Risks Do You See in the Global Market?",Russian|invasion,available,False,False,True,True,True,True,True,False,False,True,False,True,True,russia_conflict_financial,geopolitical_crisis_financial,False
vdvlvc,2022-06-16,investing,Why are oil prices high if the Russia/Ukraine war just shuffled around the supply/demand dynamic globally?,Ukraine|Russia|Russian|invasion,available,False,True,True,True,True,True,True,False,False,True,False,True,True,multiple_paths,geopolitical_crisis_financial,False
vdwzv1,2022-06-16,stocks,There's so much focus on the negatives that everybody seems to have missed the positives of today,Ukraine|Russia,available,False,True,True,False,False,True,True,False,False,False,False,True,False,direct_ukraine_financial,excluded,True
ve9t80,2022-06-17,investing,Investors on Reddit have a clear US bias. Here is why you should consider other countries too,Ukraine|Russia,available,False,True,True,True,True,True,True,False,False,True,False,True,True,multiple_paths,geopolitical_crisis_financial,False
ve9tve,2022-06-17,stocks,Investors on Reddit have a clear US bias. Here is why you should consider other markets too.,Ukraine|Russia,available,False,True,True,True,True,True,True,False,False,True,False,True,True,multiple_paths,geopolitical_crisis_financial,False
veo9do,2022-06-17,stocks,JPOW’s plan to cancel the recession,Ukraine,available,False,True,False,True,True,True,True,False,False,True,False,True,True,direct_ukraine_financial,geopolitical_crisis_financial,False
veqeja,2022-06-17,StockMarket,"Wall Street Week Ahead for the trading week beginning June 20th, 2022",Ukraine|Russia,available,False,True,True,True,True,True,True,False,False,True,False,True,True,multiple_paths,geopolitical_crisis_financial,False
veqfsu,2022-06-17,stocks,"Wall Street Week Ahead for the trading week beginning June 20th, 2022",Ukraine|Russia,available,False,True,True,True,True,True,True,False,False,True,False,True,True,multiple_paths,geopolitical_crisis_financial,False
vesu7z,2022-06-17,investing,"Macro v micro economics, which is best for investment strategies in stockmarket?",Ukrainian|Russian,available,False,True,True,False,False,True,True,False,False,False,False,True,False,direct_ukraine_financial,excluded,True
veu43t,2022-06-18,StockMarket,Putin and US,Putin,blank,True,False,True,False,False,False,False,False,False,False,False,False,False,excluded,excluded,False
vf47lr,2022-06-18,stocks,Will oil prices go down with Biden's Saudi visit?,Russia,available,False,False,True,False,False,True,True,False,False,False,False,False,False,excluded,excluded,False
vf91nw,2022-06-18,stocks,The Fed’s Plan To Stop The Recession: Speak Loudly And Carry a Small Stick,Ukraine,available,False,True,False,True,True,True,True,False,False,True,False,True,True,direct_ukraine_financial,geopolitical_crisis_financial,False
vfpauj,2022-06-19,investing,(What If) The UKR/Russ war ends tomorrow. What stocks do you buy and why?,Russia|Russian,available,False,False,True,True,True,True,True,False,False,True,False,True,True,russia_conflict_financial,geopolitical_crisis_financial,False
vg0pm4,2022-06-19,stocks,Taiwan Invasion - Good or Bad for INTC?,invasion,removed,True,False,False,True,True,False,False,False,False,False,False,False,False,excluded,excluded,False
vg1dfn,2022-06-19,investing,One Russian ETF took money from another to cover its losses. Is it possible in US?,Russian,removed,True,False,True,False,False,True,True,False,False,False,False,False,False,excluded,excluded,False
vg4uj3,2022-06-19,stocks,"Used Truck Prices Plummeting--Inflation Will Fall Quickly, not Slowly",Ukraine|Russia|Russian|invasion,available,False,True,True,True,True,True,True,False,False,True,False,True,True,multiple_paths,geopolitical_crisis_financial,False
vg55mh,2022-06-19,investing,ERUS Russian Index Fund - What Happens Next?,Russia|Russian,available,False,False,True,False,False,True,True,False,False,False,False,False,False,excluded,excluded,False
vhbmq7,2022-06-21,StockMarket,"#TataSteel had said in April all its manufacturing sites in #India, the #UK and the #Netherlands had sourced alternative supplies of raw materials to end its dependence on #Russia, adding it was taking ""a conscious decision to stop doing business with Russia.""",Russia,blank,True,False,True,False,False,False,False,False,False,False,False,False,False,excluded,excluded,False
vhpyuu,2022-06-21,StockMarket,META and WBD are the greatest value plays of the decade,Russia,available,False,False,True,False,False,True,True,False,False,False,False,False,False,excluded,excluded,False
vi6aui,2022-06-22,StockMarket,"Food prices have certainly stayed high after the COVID-19 pandemic, taking a second blow flowing the Russian invasion of Ukraine on February 24. Some stocks in food industry to watch.",Ukraine|Russian|invasion,blank,True,True,True,True,True,True,True,False,False,True,False,True,True,multiple_paths,geopolitical_crisis_financial,False
vi81ua,2022-06-22,StockMarket,"While the overall markets continue to be weak, $RGC ’s share price has performed well since April.",Ukraine,available,False,True,False,True,True,True,True,False,False,True,False,True,True,direct_ukraine_financial,geopolitical_crisis_financial,False
vily90,2022-06-23,stocks,What’s your portfolio construction (# of stocks/sector weights/non-equities)?,invasion,available,False,False,False,True,True,True,True,False,False,False,False,False,False,excluded,excluded,False
vivjx7,2022-06-23,StockMarket,(6/23) Thursday's Pre-Market Stock Movers & News,Russia,available,False,False,True,False,False,True,True,False,False,False,False,False,False,excluded,excluded,False
vivkqp,2022-06-23,stocks,(6/23) Thursday's Pre-Market Stock Movers & News,Russia,available,False,False,True,False,False,True,True,False,False,False,False,False,False,excluded,excluded,False
vjtnig,2022-06-24,stocks,Rays of Sunshine - Possible positive catalysts,Ukraine|Russia|NATO,available,False,True,True,True,True,True,True,False,False,True,False,True,True,multiple_paths,geopolitical_crisis_financial,False
vjvnlz,2022-06-24,stocks,"Netflix suspended 700,000 Russian accounts and only reported a loss of 200,000 subscribers...",Russian,removed,True,False,True,False,False,False,True,False,False,False,False,False,False,excluded,excluded,False
vjvp7s,2022-06-24,stocks,Netflix cancelled 700000 Russian accounts yet only reported a loss of 200000,Russian,removed,True,False,True,False,False,False,True,False,False,False,False,False,False,excluded,excluded,False
vjvqo3,2022-06-24,stocks,Did Netflix actually lose subscribers?,Russia|Russian,available,False,False,True,False,False,True,True,False,False,False,False,False,False,excluded,excluded,False
vk7013,2022-06-25,StockMarket,Russia & Germanys oil supply,Russia,removed,True,False,True,False,False,True,True,False,False,False,False,False,False,excluded,excluded,False
vkla8q,2022-06-25,investing,"Biden, G7 leaders to agree on import ban on Russian gold",Russian,removed,True,False,True,False,False,True,True,False,False,False,False,False,False,excluded,excluded,False
vlhlmk,2022-06-26,stocks,Russia Defaults on Foreign Debt for First Time Since 1918,Ukraine|Russia|Russian|invasion|sanctions,available,False,True,True,True,True,True,True,True,False,True,False,True,True,multiple_paths,geopolitical_crisis_financial,False
vlhnrf,2022-06-26,StockMarket,Russia Defaults on Foreign Debt for First Time Since 1918,Russia,blank,True,False,True,False,False,True,True,False,False,False,False,False,False,excluded,excluded,False
vlsveb,2022-06-27,StockMarket,Russia defaults on foreign debt,Russia,deleted,True,False,True,False,False,True,True,False,False,False,False,False,False,excluded,excluded,False
vluuvx,2022-06-27,stocks,"Futures Point Higher Monday; Russia Defaults on Eurobonds, Digital World Discloses Subpoenas",Russia,removed,True,False,True,False,False,True,True,False,False,False,False,False,False,excluded,excluded,False
vmmkk9,2022-06-28,stocks,ARK Invest’s Cathie Wood says the U.S. is already in a recession,Ukraine|Russia|invasion,available,False,True,True,True,True,True,True,False,False,True,False,True,True,multiple_paths,geopolitical_crisis_financial,False
vn4lvd,2022-06-29,StockMarket,Morgan Stanley's Rats: Oil is Critical for Russia,Russia,blank,True,False,True,False,False,True,True,False,False,False,False,False,False,excluded,excluded,False
vn92up,2022-06-29,stocks,Oil superprofit: will it continue or not?,Russia|Russian|Putin|Moscow|sanctions,available,False,False,True,True,True,True,True,False,False,True,False,True,True,russia_conflict_financial,geopolitical_crisis_financial,False
vnei77,2022-06-29,StockMarket,UltraTech Cement Is Paying In Chinese Yuan For Russian Coal - Share Price India News,Russian,blank,True,False,True,False,False,True,True,False,False,False,False,False,False,excluded,excluded,False
vnh1ap,2022-06-29,stocks,Powell says no guarantee of soft landing for U.S. economy...,Ukraine,available,False,True,False,True,True,True,True,False,False,True,False,True,True,direct_ukraine_financial,geopolitical_crisis_financial,False
vo6uop,2022-06-30,StockMarket,(6/30) Thursday's Pre-Market Stock Movers & News,Ukraine|Russia|invasion,available,False,True,True,True,True,True,True,False,False,True,False,True,True,multiple_paths,geopolitical_crisis_financial,False
vo6vcx,2022-06-30,stocks,(6/30) Thursday's Pre-Market Stock Movers & News,Ukraine|Russia|invasion,available,False,True,True,True,True,True,True,False,False,True,False,True,True,multiple_paths,geopolitical_crisis_financial,False
vob4ov,2022-06-30,investing,Russian dividend stocks and the ban on paying dividends to foreign investors,Russia|Russian|Moscow|invasion,available,False,False,True,True,True,True,True,False,False,True,False,True,True,russia_conflict_financial,geopolitical_crisis_financial,False
vog014,2022-06-30,stocks,WEAT AND SOYB,Ukraine,available,False,True,False,True,True,True,True,False,False,True,False,True,True,direct_ukraine_financial,geopolitical_crisis_financial,False
vogv3y,2022-06-30,investing,Is the fed just doing it wrong?,Russia|sanctions|NATO,available,False,False,True,True,True,True,True,False,False,True,False,True,True,russia_conflict_financial,geopolitical_crisis_financial,False
vohiyc,2022-06-30,StockMarket,"Here is a Market Recap for today Thursday, June 30, 2022",Russia,available,False,False,True,False,False,True,True,False,False,False,False,False,False,excluded,excluded,False
vp0zyy,2022-07-01,StockMarket,Anybody else start investing literally the day before the Ukraine war?,Ukraine,removed,True,True,False,True,True,True,True,False,False,True,False,True,True,direct_ukraine_financial,geopolitical_crisis_financial,False
vp4n49,2022-07-01,investing,Too big to fail companies?,Russia|Russian,available,False,False,True,False,False,True,True,False,False,False,False,False,False,excluded,excluded,False
vpbpml,2022-07-01,StockMarket,"Here is a Market Recap for today Friday, July 1, 2022",Russia,available,False,False,True,False,False,True,True,False,False,False,False,False,False,excluded,excluded,False
vpn2kl,2022-07-02,investing,Best hedge against a hypothetical Euro implosion?,Russian,available,False,False,True,False,True,True,True,False,False,True,False,False,True,excluded,geopolitical_crisis_financial,True
vrdogs,2022-07-04,investing,[x-post with r/land] Is this a good time to be investing in land?,Russian,available,False,False,True,False,False,True,True,False,False,False,False,False,False,excluded,excluded,False
vruhtw,2022-07-05,stocks,"Can stocks truly stage a rally in the second half, or are the fundamentals too negative eg. with a potential Russian gas pipeline shutdown?",Ukraine|Russia|Russian,available,False,True,True,True,True,True,True,False,False,True,False,True,True,multiple_paths,geopolitical_crisis_financial,False
vs7o15,2022-07-05,StockMarket,"Here is a Market Recap for today Tuesday, June 5, 2022",Russia,available,False,False,True,False,False,True,True,False,False,False,False,False,False,excluded,excluded,False
vt0ds2,2022-07-06,stocks,Stocks that abuse the moral high-ground?,Russia|invasion,available,False,False,True,True,True,True,True,False,False,True,False,True,True,russia_conflict_financial,geopolitical_crisis_financial,False
vthuaq,2022-07-07,StockMarket,Video Investigation: Russia Is Using a Secret Network to Steal Ukraine Grain,Ukraine|Russia,blank,True,True,True,False,False,False,False,False,False,False,False,False,False,excluded,excluded,False
vtsdsr,2022-07-07,stocks,Did we already bottom?,Russia,available,False,False,True,False,True,True,True,False,False,True,False,False,True,excluded,geopolitical_crisis_financial,True
vtwmod,2022-07-07,stocks,Levi Strauss Posts Higher 2Q Revenue While Profits Drop,Ukraine|Russia|Russian,available,False,True,True,True,True,True,True,True,False,True,False,True,True,multiple_paths,geopolitical_crisis_financial,False
vu3xn9,2022-07-08,stocks,One of Wall Street’s biggest bulls lowers S&P 500 target — still sees 25% upside by year-end,Ukraine|Russia,available,False,True,True,False,True,True,True,False,False,True,False,True,True,direct_ukraine_financial,geopolitical_crisis_financial,False
vua07v,2022-07-08,StockMarket,(7/8) Friday's Pre-Market Stock Movers & News,Ukraine|Russia,available,False,True,True,True,True,True,True,False,False,True,False,True,True,multiple_paths,geopolitical_crisis_financial,False
vua1gj,2022-07-08,stocks,(7/8) Friday's Pre-Market Stock Movers & News,Ukraine|Russia,available,False,True,True,True,True,True,True,False,False,True,False,True,True,multiple_paths,geopolitical_crisis_financial,False
vv1jrk,2022-07-09,StockMarket,How Ultratech Cement Bought Russian Coal Using Chinese Yuan Through HDFC Bank: Report - Share Price India News,Russian,blank,True,False,True,False,False,True,True,False,False,False,False,False,False,excluded,excluded,False
vvkiek,2022-07-10,stocks,Who buys Russian gold?,Russian,deleted,True,False,True,False,False,True,True,False,False,False,False,False,False,excluded,excluded,False
vvkpdr,2022-07-10,stocks,Polymetal stock - who buys gold from them?,Russia|Russian,available,False,False,True,False,False,True,True,False,False,False,False,False,False,excluded,excluded,False
vvlo33,2022-07-10,stocks,Hidden value: European banks outside of the Eurozone,Russian,available,False,False,True,False,False,True,True,False,False,False,False,False,False,excluded,excluded,False
vwax7h,2022-07-11,stocks,your experience from last 5 years. Your thought? lesson learned?,Putin,available,False,False,True,True,True,True,True,False,False,True,False,True,True,russia_conflict_financial,geopolitical_crisis_financial,False
vwex2h,2022-07-11,stocks,Austria - Germany - Russian Federation: business as usual,Russian,removed,True,False,True,False,False,False,False,False,False,False,False,False,False,excluded,excluded,False
vwo27w,2022-07-11,stocks,Is relative strength of USD compared to other currencies working to stave off inflation?,Russian,available,False,False,True,False,False,True,True,False,False,False,False,False,False,excluded,excluded,False
vxd9f6,2022-07-12,stocks,"Counterpoint: The US is experiencing increasing political instability, meaning that you should still diversify internationally",Russia,available,False,False,True,False,False,True,True,False,False,False,False,False,False,excluded,excluded,False
vxdhyn,2022-07-12,investing,"On February 24, Russia invaded Ukraine, and WTI spiked above $100/bbl. But you wouldn't know that from looking at a chart of US horizontal rig count.",Ukraine|Russia,removed,True,True,True,True,True,False,False,False,False,False,False,False,False,excluded,excluded,False
vxi1s3,2022-07-12,stocks,There are 3 major signs inflation may have peaked — but they don't mean things are going to get cheaper right away By Ben Winck,Ukraine|Russia|invasion|sanctions,available,False,True,True,True,True,True,True,False,False,True,False,True,True,multiple_paths,geopolitical_crisis_financial,False
vxs7yz,2022-07-13,stocks,Being prepared vs being a doom and gloom investor,Ukraine,available,False,True,False,True,True,True,True,False,False,True,False,True,True,direct_ukraine_financial,geopolitical_crisis_financial,False
vy4fe0,2022-07-13,investing,"Bank of Canada increases policy interest rate by 100 basis points, continues quantitative tightening",Ukraine|Russian|invasion,available,False,True,True,True,True,True,True,False,False,True,False,True,True,multiple_paths,geopolitical_crisis_financial,False
vyg78j,2022-07-13,stocks,CPI clarification and discussion,Russia|sanctions,available,False,False,True,True,True,True,True,False,False,True,False,True,True,russia_conflict_financial,geopolitical_crisis_financial,False
vywdis,2022-07-14,investing,High inflation may never going away. Reasons why below. And why it will be worse outside of America,Ukraine|Russia,available,False,True,True,False,False,True,True,False,False,False,False,True,False,direct_ukraine_financial,excluded,True
vz250d,2022-07-14,stocks,$BOIL set to move to the upside.,Putin,available,False,False,True,False,False,True,True,False,False,False,False,False,False,excluded,excluded,False
vz5qtc,2022-07-14,stocks,Best natural gas/LNG plays,Russian,available,False,False,True,False,False,True,True,False,False,False,False,False,False,excluded,excluded,False
vz7mdd,2022-07-14,StockMarket,"Here is a Market Recap for today Thursday, July 14, 2022",Ukraine,available,False,True,False,True,True,True,True,False,False,True,False,True,True,direct_ukraine_financial,geopolitical_crisis_financial,False
vzmt3v,2022-07-15,stocks,Drawbacks of current sanctions policy towards Russia contribute to further killing of Ukrainian civilians,Ukrainian|Russia|sanctions,removed,True,True,True,True,True,False,False,False,False,False,False,False,False,excluded,excluded,False
w04kjl,2022-07-16,StockMarket,Oil Price is Currently sitting near the same price support on the Day Russia Invaded Ukraine.,Ukraine|Russia,removed,True,True,True,True,True,True,True,False,False,True,False,True,True,multiple_paths,geopolitical_crisis_financial,False
w0l1k0,2022-07-16,stocks,Anyone know any good brokers to invest in the Russian stock market?,Russian,removed,True,False,True,False,False,True,True,False,False,False,False,False,False,excluded,excluded,False
w153qf,2022-07-17,stocks,The unknowingness of people shown in reddit,Ukraine|invasion,available,False,True,False,True,True,True,True,False,False,True,False,True,True,direct_ukraine_financial,geopolitical_crisis_financial,False
w1rxuk,2022-07-18,stocks,Thoughts on DXC? MKT $6.6 Billion FCF $700 Million. Possible 5-10 bagger?,Ukraine,available,False,True,False,True,True,True,True,False,False,True,False,True,True,direct_ukraine_financial,geopolitical_crisis_financial,False
w3a9fy,2022-07-20,investing,"The plan to cap the price of Russian crude oil is 'ridiculous' and would push prices up further, energy expert says",Russian,removed,True,False,True,False,False,True,True,False,False,False,False,False,False,excluded,excluded,False
w3o5e4,2022-07-20,stocks,Betting on climate change: what stocks to buy for long-term benefit as things get worse,Ukraine,available,False,True,False,False,True,True,True,False,False,True,False,True,True,direct_ukraine_financial,geopolitical_crisis_financial,False
w3w6bx,2022-07-20,stocks,Tesla Reports Q2 Earnings,Ukraine|Russia|invasion,available,False,True,True,True,True,True,True,False,False,True,False,True,True,multiple_paths,geopolitical_crisis_financial,False
w4b8q8,2022-07-21,stocks,"SAP Revenue Surges, but Guidance Cut Amid Shift to Cloud",Russia,available,False,False,True,False,False,True,True,True,True,False,True,True,True,russia_crisis_financial_consequence,crisis_specific_financial_consequence,False
w4gamd,2022-07-21,stocks,"10k ready to deploy, but wen bottom?",invasion,available,False,False,False,True,True,True,True,False,False,False,False,False,False,excluded,excluded,False
w4tdoy,2022-07-21,stocks,"Food crisis: Ukraine grain export deal reached with Russia, says Turkey",Ukraine|Russia,removed,True,True,True,False,True,False,False,False,False,False,False,False,False,excluded,excluded,False
w4tgwf,2022-07-21,stocks,"Food crisis: Ukraine grain export deal reached with Russia, says Turkey",Ukraine|Ukrainian|Russia|invasion,available,False,True,True,True,True,True,True,False,False,True,False,True,True,multiple_paths,geopolitical_crisis_financial,False
w5834p,2022-07-22,stocks,"CCL, I bought in about 3 weeks before Ukraine and now it's a mess",Ukraine,removed,True,True,False,False,False,False,False,False,False,False,False,False,False,excluded,excluded,False
w584nw,2022-07-22,stocks,"CCL, I bought weeks before Ukraine and I need advice",Ukraine,removed,True,True,False,False,False,False,False,False,False,False,False,False,False,excluded,excluded,False
w59nmj,2022-07-22,stocks,Does Moscow set Transnistria on fire?,Moscow,removed,True,False,True,False,False,False,False,False,False,False,False,False,False,excluded,excluded,False
w5bxwb,2022-07-22,StockMarket,Russia and Ukraine sign UN-backed deal to resume grain exports via the Black Sea (positive for inflation!),Ukraine|Russia,blank,True,True,True,False,False,True,True,False,False,False,False,True,False,direct_ukraine_financial,excluded,True
w5cb9z,2022-07-22,stocks,Putin dies of cancer and Russia pulls out of Ukraine. How big does the market bounce?,Ukraine|Russia|Putin,removed,True,True,True,False,False,True,True,False,False,False,False,True,False,direct_ukraine_financial,excluded,True
w5hp52,2022-07-22,stocks,Ukraine Has Managed to Retake Half of the Territories Occupied by Russia,Ukraine|Russia,removed,True,True,True,False,False,False,False,False,False,False,False,False,False,excluded,excluded,False
w5o5ah,2022-07-22,StockMarket,"Wall Street Week Ahead for the trading week beginning July 25th, 2022",Russia,available,False,False,True,False,True,True,True,False,False,True,False,False,True,excluded,geopolitical_crisis_financial,True
w5o6gj,2022-07-22,stocks,"Wall Street Week Ahead for the trading week beginning July 25th, 2022",Russia,available,False,False,True,False,True,True,True,False,False,True,False,False,True,excluded,geopolitical_crisis_financial,True
w5o9qv,2022-07-22,stocks,"Germany Bails Out Uniper, a Crucial Gas Provider Squeezed by Russia",Russia,removed,True,False,True,False,False,True,True,False,False,False,False,False,False,excluded,excluded,False
w5wu6q,2022-07-23,stocks,U.S. crude ends below $95/bbl as EU tweaks Russian oil sanctions,Russian|sanctions,available,False,False,True,True,True,True,True,False,False,True,False,True,True,russia_conflict_financial,geopolitical_crisis_financial,False
w5xpbl,2022-07-23,stocks,It's a shame that people seem unwilling to discuss here.,Ukraine,available,False,True,False,True,True,True,True,False,False,True,False,True,True,direct_ukraine_financial,geopolitical_crisis_financial,False
w7nuxu,2022-07-25,StockMarket,Monday Morning Update 7/25:,invasion,available,False,False,False,True,True,True,True,False,False,False,False,False,False,excluded,excluded,False
w7wfcf,2022-07-25,stocks,RSX VanEck Russian ETF,Russian,removed,True,False,True,False,False,True,True,False,False,False,False,False,False,excluded,excluded,False
w8fnp8,2022-07-26,StockMarket,Lithium,Russia,available,False,False,True,False,True,True,True,False,False,True,False,False,True,excluded,geopolitical_crisis_financial,True
w8hwrt,2022-07-26,stocks,"Ukraine wants JPMorgan, Citi, HSBC prosecuted for war crimes",Ukraine,removed,True,True,False,True,True,False,False,False,False,False,False,False,False,excluded,excluded,False
w8irqr,2022-07-26,StockMarket,(7/26) Tuesday's Pre-Market Stock Movers & News,Ukraine|Russia|Russian,available,False,True,True,True,True,True,True,False,False,True,False,True,True,multiple_paths,geopolitical_crisis_financial,False
w8isxz,2022-07-26,stocks,(7/26) Tuesday's Pre-Market Stock Movers & News,Ukraine|Russia|Russian,available,False,True,True,True,True,True,True,False,False,True,False,True,True,multiple_paths,geopolitical_crisis_financial,False
w8jqyp,2022-07-26,StockMarket,The Whole Gas Situation with Russia and Europe,Russia,removed,True,False,True,False,False,True,True,False,False,False,False,False,False,excluded,excluded,False
w8kqgh,2022-07-26,stocks,I would like to invest in the rise of foreign (non-US) military,Ukraine|Russia,available,False,True,True,True,True,True,True,False,False,True,False,True,True,multiple_paths,geopolitical_crisis_financial,False
w8tq81,2022-07-26,stocks,Alphabet (Earnings per share: $1.21 vs $1.28 expected) (Revenue: $69.69 billion vs $69.9 billion expected),Ukraine|Russia,available,False,True,True,True,True,True,True,False,False,True,False,True,True,multiple_paths,geopolitical_crisis_financial,False
w8xvhr,2022-07-26,stocks,Russian ADRs Transfing to Gazprombank from Robin Hood,Russian,removed,True,False,True,False,False,True,True,True,False,False,False,True,False,russia_crisis_financial_consequence,excluded,True
w97meu,2022-07-27,stocks,EU fighting off Russian gas blackmail,Russian,removed,True,False,True,False,False,True,True,False,False,False,False,False,False,excluded,excluded,False
w997on,2022-07-27,stocks,Europe will fall into recession early because of the war in Ukraine. May trigger a prolonged recession in global stock markets.,Ukraine,removed,True,True,False,True,True,True,True,False,False,True,False,True,True,direct_ukraine_financial,geopolitical_crisis_financial,False
w99zw1,2022-07-27,stocks,We've reached the bottom,Ukraine|Russia,available,False,True,True,True,True,True,True,False,False,True,False,True,True,multiple_paths,geopolitical_crisis_financial,False
w9oltk,2022-07-27,stocks,I think the stock market is fine and there is nothing to worry about. tell me why I'm right or wrong.,Ukraine,available,False,True,False,True,True,True,True,False,False,True,False,True,True,direct_ukraine_financial,geopolitical_crisis_financial,False
w9rnme,2022-07-27,investing,Glencore inks deal with Nippon Steel in Japan to sell coal at $375/ton through March 2023. This is one of the highest prices ever paid by the nation.,Russia,available,False,False,True,False,False,True,True,False,False,False,False,False,False,excluded,excluded,False
w9ryz4,2022-07-27,investing,Are the feds misreading inflation again?,Russian|sanctions,available,False,False,True,True,True,True,True,False,False,True,False,True,True,russia_conflict_financial,geopolitical_crisis_financial,False
w9vq0g,2022-07-28,stocks,US oil/gas exports hitting records; yet the situation is dire in parts of the world.,Russia|Russian|invasion|sanctions,available,False,False,True,True,True,True,True,False,False,True,False,True,True,russia_conflict_financial,geopolitical_crisis_financial,False
wa75uf,2022-07-28,stocks,U.S. Army Research Lab Expands Artificial Intelligence and Machine Learning Contract with Palantir for $99.9M,Ukraine,available,False,True,False,False,True,True,True,False,False,True,False,True,True,direct_ukraine_financial,geopolitical_crisis_financial,False
wa91h5,2022-07-28,stocks,Did the market take Powell's recent rate guidance comments wrong (too dovish)?,Ukraine|Russia,available,False,True,True,True,True,True,True,False,False,True,False,True,True,multiple_paths,geopolitical_crisis_financial,False
wayero,2022-07-29,stocks,Green Energy stocks soared recently. Especially yesterday. What are the reasons and should one still hold?,Ukraine,available,False,True,False,True,True,True,True,False,False,True,False,True,True,direct_ukraine_financial,geopolitical_crisis_financial,False
wb738t,2022-07-29,stocks,"china and russia return to gold, what does it mean?",Russia,removed,True,False,True,False,False,True,True,False,False,False,False,False,False,excluded,excluded,False
wbbo2d,2022-07-29,stocks,How to Correctly Analyze a company?,Ukraine,available,False,True,False,True,True,True,True,False,False,True,False,True,True,direct_ukraine_financial,geopolitical_crisis_financial,False
wblgwk,2022-07-30,stocks,"Regarding this rally, either or not if we are out of the bottom",Putin,available,False,False,True,False,False,True,True,False,False,False,False,False,False,excluded,excluded,False
wbx4ie,2022-07-30,stocks,"Russian ADRs have been suspended for 5 months. No one can buy, sell, transfer, or convert anything. Is there anything that can be done?",Russian,deleted,True,False,True,False,False,True,True,True,False,False,False,True,False,russia_crisis_financial_consequence,excluded,True
wcdmw9,2022-07-31,stocks,Opinion: the actions of the current Fed indicate that it has a slightly dovish bias and therefore we should still be bullish asset prices.,Ukraine|invasion,available,False,True,False,True,True,True,True,False,False,True,False,True,True,direct_ukraine_financial,geopolitical_crisis_financial,False
wcz4ar,2022-07-31,stocks,Will I ever be able to trade my LUKOIL stock?,Russian,available,False,False,True,False,False,True,True,False,False,False,False,False,False,excluded,excluded,False
wd6mxt,2022-08-01,stocks,"The stock market could surge 18% to new highs by year-end as the 2022 bear market is over, Fundstrat says",Ukraine|Russia|sanctions,available,False,True,True,True,True,True,True,False,False,True,False,True,True,multiple_paths,geopolitical_crisis_financial,False
wdi5s2,2022-08-01,StockMarket,Tom Lee of Fundstrat says: The stock market could surge 18% to new highs by year-end as the 2022 bear market is over,Russia,available,False,False,True,False,False,True,True,False,False,False,False,False,False,excluded,excluded,False
wdycdm,2022-08-02,StockMarket,"For 1st time since Russia's invasion, Ukrainian grain ship leaves port of Odesa",Ukrainian|Russia|invasion,blank,True,True,True,True,True,False,False,False,False,False,False,False,False,excluded,excluded,False
weab4g,2022-08-02,StockMarket,(8/2) Tuesday's Pre-Market Stock Movers & News,Russia,available,False,False,True,False,True,True,True,False,False,True,False,False,True,excluded,geopolitical_crisis_financial,True
weac3c,2022-08-02,stocks,(8/2) Tuesday's Pre-Market Stock Movers & News,Russia,available,False,False,True,False,True,True,True,False,False,True,False,False,True,excluded,geopolitical_crisis_financial,True
wefjzd,2022-08-02,StockMarket,Europe’s Two-Front War: Russia & Climate Change,Russia,blank,True,False,True,True,True,False,False,False,False,False,False,False,False,excluded,excluded,False
wf87z3,2022-08-03,stocks,"Shipping firm Maersk, a barometer for global trade, warns of weak demand and warehouses filling up",Ukraine|Russia,available,False,True,True,True,True,True,True,False,False,True,False,True,True,multiple_paths,geopolitical_crisis_financial,False
wfeyo2,2022-08-03,stocks,China US Trade War and Stock Market,Russian|invasion|sanctions,available,False,False,True,True,True,True,True,False,False,True,False,True,True,russia_conflict_financial,geopolitical_crisis_financial,False
wfqndk,2022-08-04,stocks,My prediction from 60 days ago,invasion,available,False,False,False,True,True,True,True,False,False,False,False,False,False,excluded,excluded,False
wg125l,2022-08-04,stocks,"Bank of England hikes interest rates by 50 basis points to 1.75%,warning the UK economy faces a long recession",Ukraine|Russia|invasion,available,False,True,True,True,True,True,True,False,False,True,False,True,True,multiple_paths,geopolitical_crisis_financial,False
wg6ntw,2022-08-04,investing,Is this the end of the traditional stock market?,Ukraine,available,False,True,False,True,True,True,True,False,False,True,False,True,True,direct_ukraine_financial,geopolitical_crisis_financial,False
wh8p0e,2022-08-05,investing,"With China and Russia working against the American Dollar in a Rare Earth Minerals Gambit. What are some investment companies that mine for Gold, Platinum, Palladium, etc?",Russia,available,False,False,True,False,False,True,True,False,False,False,False,False,False,excluded,excluded,False
wiabx7,2022-08-07,StockMarket,Turkey’s banks are adopting Russian payments system: Erdogan,Russian,blank,True,False,True,False,False,True,True,False,False,False,False,False,False,excluded,excluded,False
wjm3ep,2022-08-08,investing,Where should I start looking in regards to a post-war Ukraine?,Ukraine,deleted,True,True,False,True,True,False,False,False,False,False,False,False,False,excluded,excluded,False
wjm4jm,2022-08-08,stocks,Wheres the best place to look for in regards to investing in companies for a post war Ukraine?,Ukraine,deleted,True,True,False,True,True,True,True,False,False,True,False,True,True,direct_ukraine_financial,geopolitical_crisis_financial,False
wjmfp6,2022-08-08,investing,Most Resilient Countries of 2022: Opinions?,Russian,available,False,False,True,True,True,True,True,False,False,True,False,True,True,russia_conflict_financial,geopolitical_crisis_financial,False
wjzwgm,2022-08-09,stocks,Concerns around Chinese debt crisis and the impact on global investments,Ukraine,available,False,True,False,True,True,True,True,False,False,True,False,True,True,direct_ukraine_financial,geopolitical_crisis_financial,False
wk4qpp,2022-08-09,stocks,Tech Leads Stock Losses After Micron’s Warning: Markets Wrap,Russian,available,False,False,True,False,False,True,True,False,False,False,False,False,False,excluded,excluded,False
wk52po,2022-08-09,StockMarket,Warren Buffett's Berkshire Hathaway now owns over 20% in Occidental Petroleum,Ukraine|Russia|invasion,available,False,True,True,True,True,True,True,False,False,True,False,True,True,multiple_paths,geopolitical_crisis_financial,False
wlfavc,2022-08-11,StockMarket,Everyone who bet against America lost again,Ukraine|Russia|invasion,available,False,True,True,True,True,True,True,False,False,True,False,True,True,multiple_paths,geopolitical_crisis_financial,False
wlqinv,2022-08-11,StockMarket,(8/11) Thursday's Pre-Market Stock Movers & News,Ukraine,available,False,True,False,True,True,True,True,False,False,True,False,True,True,direct_ukraine_financial,geopolitical_crisis_financial,False
wlqjit,2022-08-11,stocks,(8/11) Thursday's Pre-Market Stock Movers & News,Ukraine,available,False,True,False,True,True,True,True,False,False,True,False,True,True,direct_ukraine_financial,geopolitical_crisis_financial,False
wlqr6h,2022-08-11,stocks,Bloomberg: US Producer Prices Fall for First Time Since Early in Pandemic,Ukraine,available,False,True,False,True,True,True,True,False,False,True,False,True,True,direct_ukraine_financial,geopolitical_crisis_financial,False
wls7y7,2022-08-11,investing,"It seems that recession, war and inflation is not a worry anymore?",Ukraine,available,False,True,False,True,True,True,True,False,False,True,False,True,True,direct_ukraine_financial,geopolitical_crisis_financial,False
wlzulu,2022-08-11,stocks,Bought a Russian Stock - Did I lose Everything?,Russian,removed,True,False,True,False,False,True,True,False,False,False,False,False,False,excluded,excluded,False
wmhsi1,2022-08-12,investing,"£120,000 in Russian steel.",Russian|sanctions,available,False,False,True,True,True,True,True,False,False,True,False,True,True,russia_conflict_financial,geopolitical_crisis_financial,False
wmsjwj,2022-08-12,stocks,From here everything depends on oil prices - so where do you think they're heading?,Ukraine|Russia|Russian|invasion|sanctions,available,False,True,True,True,True,True,True,False,False,True,False,True,True,multiple_paths,geopolitical_crisis_financial,False
wmxd6v,2022-08-12,stocks,Bought a Russian stock prior to sanctions. Am I toast?,Russian|sanctions,available,False,False,True,True,True,True,True,False,False,True,False,True,True,russia_conflict_financial,geopolitical_crisis_financial,False
wnf5ow,2022-08-13,stocks,I think too many people are too confident in this current rally,Russian,available,False,False,True,False,True,True,True,False,False,True,False,False,True,excluded,geopolitical_crisis_financial,True
wno4yk,2022-08-13,stocks,Thoughts on Uniper SE - before earnings on 17th.,Ukraine|Russia,available,False,True,True,True,True,True,True,False,False,True,False,True,True,multiple_paths,geopolitical_crisis_financial,False
wnstx1,2022-08-14,stocks,When do you sell stocks in this environment?,Ukraine,available,False,True,False,False,False,True,True,False,False,False,False,True,False,direct_ukraine_financial,excluded,True
woliwh,2022-08-15,stocks,What do you think would happen if Russia won?,Russia,removed,True,False,True,False,False,False,False,False,False,False,False,False,False,excluded,excluded,False
wopaz5,2022-08-15,stocks,US Strategic petroleum reserve lowest since 1985 May,Russia,available,False,False,True,False,True,True,True,False,False,True,False,False,True,excluded,geopolitical_crisis_financial,True
wpbszs,2022-08-15,stocks,The case for S&P at 5000 EOY,Ukraine,available,False,True,False,True,True,True,True,False,False,True,False,True,True,direct_ukraine_financial,geopolitical_crisis_financial,False
wpetrh,2022-08-15,stocks,We’re not in a bubble,Russian,available,False,False,True,False,False,True,True,False,False,False,False,False,False,excluded,excluded,False
wpuwri,2022-08-16,StockMarket,JPMorgan CEO Jamie Dimon says there's a chance the US is heading into 'something worse' than a recession,Ukraine|Russia|invasion,available,False,True,True,True,True,True,True,False,False,True,False,True,True,multiple_paths,geopolitical_crisis_financial,False
wpxs96,2022-08-16,investing,Buffett Made Occidental the Kind of Company He Can Love - Bloomberg,Ukraine|Russia,available,False,True,True,True,True,True,True,False,False,True,False,True,True,multiple_paths,geopolitical_crisis_financial,False
wq25ru,2022-08-16,stocks,Bank of America and JPM move back into Russian bonds,Russian,removed,True,False,True,False,False,True,True,True,False,False,False,True,False,russia_crisis_financial_consequence,excluded,True
wq275b,2022-08-16,stocks,Bank of America and JPM move back into Russian bonds,Russian,removed,True,False,True,False,False,True,True,True,False,False,False,True,False,russia_crisis_financial_consequence,excluded,True
wqiayb,2022-08-17,stocks,Cancellation/conversion of Russian ADRs,Russian,available,False,False,True,False,False,True,True,True,False,False,False,True,False,russia_crisis_financial_consequence,excluded,True
wred0d,2022-08-18,stocks,What do you think would happen if Russia won?,Russia,removed,True,False,True,False,False,False,False,False,False,False,False,False,False,excluded,excluded,False
wrk6hx,2022-08-18,investing,ERUS - iShares MSCI Russia ETF,Russia,available,False,False,True,False,False,True,True,False,False,False,False,False,False,excluded,excluded,False
wrky75,2022-08-18,investing,The official recession label will come too late to have a major impact on stocks,Russia,available,False,False,True,False,False,True,True,False,False,False,False,False,False,excluded,excluded,False
wrp83q,2022-08-18,investing,Wall Street Bets the Fed Is Bluffing in High-Stakes Inflation Game,Russian,available,False,False,True,False,True,True,True,False,False,True,False,False,True,excluded,geopolitical_crisis_financial,True
wrrysr,2022-08-18,stocks,"PetroChina & Sinopec Oil Companies De-Listing from NYSE, following CNOOC. Is this foreshadowing of asset sales?",sanctions,available,False,False,False,True,True,True,True,False,False,False,False,False,False,excluded,excluded,False
wrvq5r,2022-08-18,StockMarket,Russian Coffee 🇷🇺,Russian,blank,True,False,True,False,False,False,False,False,False,False,False,False,False,excluded,excluded,False
ws66dk,2022-08-19,stocks,Australian ASX AGL Energy,Russia,available,False,False,True,False,True,True,True,False,False,True,False,False,True,excluded,geopolitical_crisis_financial,True
wtc73w,2022-08-20,investing,UPDATE: The plausible worst case scenario is not that bad (from where we already are),Ukraine,available,False,True,False,True,True,True,True,False,False,True,False,True,True,direct_ukraine_financial,geopolitical_crisis_financial,False
wvtgyd,2022-08-23,investing,Why is it NOT different this time?,Russia,available,False,False,True,False,True,True,True,False,False,True,False,False,True,excluded,geopolitical_crisis_financial,True
wvun62,2022-08-23,stocks,S&P500 TA shows a potential 15-17.7% leg down.,Russian,available,False,False,True,False,True,True,True,False,False,True,False,False,True,excluded,geopolitical_crisis_financial,True
ww2nxe,2022-08-23,investing,No clue if this is the correct place for this question.,Ukraine,available,False,True,False,True,True,True,True,False,False,True,False,True,True,direct_ukraine_financial,geopolitical_crisis_financial,False
wwbbzf,2022-08-24,investing,Need some helps regarding Russia Stocks,Russia,removed,True,False,True,False,False,True,True,False,False,False,False,False,False,excluded,excluded,False
wwf7qh,2022-08-24,stocks,VWRL rising or dippnig with the War and world-wide problems right now,Ukraine,available,False,True,False,True,True,True,True,False,False,True,False,True,True,direct_ukraine_financial,geopolitical_crisis_financial,False
wxyu69,2022-08-26,stocks,Help with shares of ERUS purchased at the start of war in Ukraine.,Ukraine,removed,True,True,False,True,True,True,True,False,False,True,False,True,True,direct_ukraine_financial,geopolitical_crisis_financial,False
wy2ac9,2022-08-26,investing,Companies That Have Left Russia,Russia,available,False,False,True,True,True,True,True,True,True,True,True,True,True,multiple_paths,multiple_paths,False
wy9r81,2022-08-26,stocks,Porsche Lines Up IPO Demand at Up to $85 Billion Valuation [Bloomberg],Ukraine|Russia,available,False,True,True,True,True,True,True,False,False,True,False,True,True,multiple_paths,geopolitical_crisis_financial,False
wylc08,2022-08-26,stocks,Why is no one investing in oil,Russian|sanctions,available,False,False,True,True,True,True,True,False,False,True,False,True,True,russia_conflict_financial,geopolitical_crisis_financial,False
wz04jd,2022-08-27,stocks,"$NTR, $CF, $MOS - AG Fertilizer Bull Market 2007/8 vs 2022",Ukraine|Russian,available,False,True,True,True,True,True,True,False,False,True,False,True,True,multiple_paths,geopolitical_crisis_financial,False
x087yq,2022-08-28,investing,"What will happen to the stock market, once the Russia-Ukraine war ends?",Ukraine|Russia,removed,True,True,True,True,True,True,True,False,False,True,False,True,True,multiple_paths,geopolitical_crisis_financial,False
x0n3ua,2022-08-29,StockMarket,(8/29) Monday's Pre-Market Stock Movers & News,Ukraine|Russia,available,False,True,True,False,False,True,True,False,False,False,False,True,False,direct_ukraine_financial,excluded,True
x0n4k1,2022-08-29,stocks,(8/29) Monday's Pre-Market Stock Movers & News,Ukraine|Russia,available,False,True,True,False,False,True,True,False,False,False,False,True,False,direct_ukraine_financial,excluded,True
x0orlx,2022-08-29,StockMarket,Sen. Warren Worried Fed Will ‘Tip This Economy Into Recession’,Ukraine|Russia,available,False,True,True,True,True,True,True,False,False,True,False,True,True,multiple_paths,geopolitical_crisis_financial,False
x0qiuz,2022-08-29,investing,"Leveraging Money Flow: Cyclicals, Computer Software, and Retail",Ukraine,available,False,True,False,True,True,True,True,False,False,True,False,True,True,direct_ukraine_financial,geopolitical_crisis_financial,False
x0qvkz,2022-08-29,stocks,"Leveraging Money Flow: Cyclicals, Computer Software, and Retail",Ukraine,available,False,True,False,True,True,True,True,False,False,True,False,True,True,direct_ukraine_financial,geopolitical_crisis_financial,False
x0zlf0,2022-08-29,investing,China and Russia what does it mean for the future?,Russia,removed,True,False,True,False,False,False,False,False,False,False,False,False,False,excluded,excluded,False
x10pau,2022-08-29,investing,What will happen in the stock market once the Russia-Ukraine war ends?,Ukraine|Russia,available,False,True,True,True,True,True,True,False,False,True,False,True,True,multiple_paths,geopolitical_crisis_financial,False
x13ano,2022-08-29,stocks,Europe Winter Energy Crisis - Long $EPV,Ukraine|Russia|Putin,available,False,True,True,True,True,True,True,False,False,True,False,True,True,multiple_paths,geopolitical_crisis_financial,False
x1dkeh,2022-08-30,StockMarket,"It’s time to turn to Clean Energy, what's your stocks of choice?",Ukraine|Russia,available,False,True,True,True,True,True,True,False,False,True,False,True,True,multiple_paths,geopolitical_crisis_financial,False
x1jhvp,2022-08-30,investing,NUCLEAR STOCKS READY TO SOAR ON NEWS OF HYPER GROWTH FOR BADLY NEEDED ENERGY AND UKRAINE WAR MELTDOWN THREATS,Ukraine,removed,True,True,False,True,True,True,True,False,False,True,False,True,True,direct_ukraine_financial,geopolitical_crisis_financial,False
x1jqi0,2022-08-30,investing,Russia Confounds the West by Recapturing Its Oil Riches,Russia,removed,True,False,True,False,False,True,True,False,False,False,False,False,False,excluded,excluded,False
x1s1iy,2022-08-30,StockMarket,Interest rates fear is smoke and mirrors to contain rage over real issue,Ukraine|Russia|Putin|NATO,available,False,True,True,True,True,True,True,False,False,True,False,True,True,multiple_paths,geopolitical_crisis_financial,False
x2dejz,2022-08-31,StockMarket,Own Energy and gas stocks as Europe faces severe energy shortage,Ukraine|Russia,available,False,True,True,True,True,True,True,False,False,True,False,True,True,multiple_paths,geopolitical_crisis_financial,False
x2gp11,2022-08-31,stocks,Fed pivoting and Russia Ukraine war effect on Stocks,Ukraine|Russia,removed,True,True,True,True,True,True,True,False,False,True,False,True,True,multiple_paths,geopolitical_crisis_financial,False
x2gu27,2022-08-31,investing,Fed pivoting and Russia Ukraine war effect on Stocks,Ukraine|Russia,removed,True,True,True,True,True,True,True,False,False,True,False,True,True,multiple_paths,geopolitical_crisis_financial,False
x3izpf,2022-09-01,stocks,What do you think would happen if Russia won?,Russia,removed,True,False,True,False,False,False,False,False,False,False,False,False,False,excluded,excluded,False
x3z1ax,2022-09-02,stocks,Oil Price Cap Could Skyrocket Barrel Prices,Russia|Russian,available,False,False,True,False,False,True,True,False,False,False,False,False,False,excluded,excluded,False
x4r6hv,2022-09-03,stocks,"Did anyone here get caught holding Russian ADRs (YNDX, MBT, GDEV, HHR, QIWI) before the 2/28 halt? What do we do?",Russian,deleted,True,False,True,False,False,True,True,True,False,False,False,True,False,russia_crisis_financial_consequence,excluded,True
x5auq7,2022-09-04,stocks,Thoughts on opening up a short position in European stocks?,Ukraine|Russia,available,False,True,True,True,True,True,True,False,False,True,False,True,True,multiple_paths,geopolitical_crisis_financial,False
x5usce,2022-09-04,stocks,"The European energy crisis is worsening, inflation is terrible, people suffer, and stocks are volatile. End sanctions against Russia?",Russia|sanctions,removed,True,False,True,True,True,True,True,False,False,True,False,True,True,russia_conflict_financial,geopolitical_crisis_financial,False
x5xts2,2022-09-04,StockMarket,"""The economy of imaginary wealth is being inevitably replaced by the economy of real and hard assets"" Putin (June 2022)",Putin,deleted,True,False,True,False,False,True,True,False,False,False,False,False,False,excluded,excluded,False
x5xxbx,2022-09-04,StockMarket,"""The economy of imaginary wealth is being inevitably replaced by the economy of real and hard assets"" Putin (June 2022)",Putin,deleted,True,False,True,False,False,True,True,False,False,False,False,False,False,excluded,excluded,False
x5yfin,2022-09-04,StockMarket,"""The economy of imaginary wealth is being inevitably replaced by the economy of real and hard assets"" Putin (June 2022)",Putin,deleted,True,False,True,False,False,True,True,False,False,False,False,False,False,excluded,excluded,False
x625pv,2022-09-05,stocks,"""bears have predicted the last 30 out of 3 crashes""",Ukraine|Russia|sanctions,available,False,True,True,True,True,True,True,False,False,True,False,True,True,multiple_paths,geopolitical_crisis_financial,False
x6g278,2022-09-05,investing,(ETF) War in Ukraine: Time to leave the MSCI World/All World and go for the S&P 500?,Ukraine,removed,True,True,False,True,True,True,True,False,False,True,False,True,True,direct_ukraine_financial,geopolitical_crisis_financial,False
x6hmaw,2022-09-05,StockMarket,Jeremy Grantham says the stock market superbubble is on the verge of bursting — and an epic finale is approaching,Russia,available,False,False,True,True,True,True,True,False,False,True,False,True,True,russia_conflict_financial,geopolitical_crisis_financial,False
x6l0eb,2022-09-05,StockMarket,"Cathie Wood Loads Up On Nvidia Amid Thursday's Plunge Just A Week After Selling The Chip Stock. Jim Cramer says last week ""It's seems logical that perhaps Cathie Wood comes back and buys Nvidia even if it is too early because early means nothing to her...""",Russia,available,False,False,True,False,False,True,True,False,False,False,False,False,False,excluded,excluded,False
x6mfn7,2022-09-05,stocks,Nord Stream 1 shutdown!,Russia,available,False,False,True,False,False,True,True,False,False,False,False,False,False,excluded,excluded,False
x6n4bb,2022-09-05,stocks,Who will benefit from LNG being supplied to Europe in 2024?,Russia,available,False,False,True,False,False,True,True,False,False,False,False,False,False,excluded,excluded,False
x6r3eb,2022-09-05,stocks,Too late to buy XOM?,Russia,available,False,False,True,True,True,False,True,False,False,True,False,False,True,excluded,geopolitical_crisis_financial,True
x7af4g,2022-09-06,StockMarket,"Ukraine President Volodymyr Zelenskyy will ring the NYSE opening bell today, part of an effort to promote more foreign direct investment in Ukraine.",Ukraine,blank,True,True,False,False,False,True,True,False,False,False,False,True,False,direct_ukraine_financial,excluded,True
x7blfb,2022-09-06,StockMarket,How to Fight Russia with Gold and Oil,Russia,removed,True,False,True,False,False,True,True,False,False,False,False,False,False,excluded,excluded,False
x7ofcl,2022-09-06,StockMarket,Sept. 6 Market Rotation: Using Smart Money to Identify Trends Early,Ukraine,available,False,True,False,True,True,True,True,False,False,True,False,True,True,direct_ukraine_financial,geopolitical_crisis_financial,False
x7yo4z,2022-09-07,investing,"Porsche IPO is so corrupt that if it goes through, I’m never investing into German stocks again",Ukraine,available,False,True,False,True,True,True,True,False,False,True,False,True,True,direct_ukraine_financial,geopolitical_crisis_financial,False
x84evh,2022-09-07,StockMarket,"An additional annual uranium supply gap of ~50,000,000lb, but not sufficient uranium production can be started ON TIME - Sprott Physical Uranium Trust",Russia,available,False,False,True,False,False,True,True,False,False,False,False,False,False,excluded,excluded,False
x86kia,2022-09-07,StockMarket,Judge denies Elon Musk’s attempt to delay Twitter trial,Russian|Putin,available,False,False,True,True,True,True,True,False,False,True,False,True,True,russia_conflict_financial,geopolitical_crisis_financial,False
x932r1,2022-09-08,investing,Purchasing Ukraine Government Bonds?,Ukraine,deleted,True,True,False,False,False,True,True,False,False,False,False,True,False,direct_ukraine_financial,excluded,True
x98z76,2022-09-08,stocks,"If the European energy crisis goes on for years, how far will stock prices there drop? Will capitalism even continue?",Russia,available,False,False,True,False,True,True,True,False,False,True,False,False,True,excluded,geopolitical_crisis_financial,True
x9rb7z,2022-09-09,investing,Seeking U.S. brokerage that allows Ukrainian investors,Ukrainian,available,False,True,False,False,False,True,True,False,False,False,False,True,False,direct_ukraine_financial,excluded,True
xa7bd9,2022-09-09,stocks,"What stocks will do well if there is a ""Nuclear Incident"" in Ukraine or if China invades Taiwan?",Ukraine,removed,True,True,False,True,True,True,True,False,False,True,False,True,True,direct_ukraine_financial,geopolitical_crisis_financial,False
xajw0a,2022-09-10,investing,What would you invest in if/when Ukraine wins the war,Ukraine,removed,True,True,False,True,True,False,False,False,False,False,False,False,False,excluded,excluded,False
xaqijc,2022-09-10,StockMarket,"On the news of the successful counteroffensive of Ukrainian troops against Russia, European stock markets have been growing for the second day.",Ukrainian|Russia,blank,True,True,True,True,True,True,True,False,False,True,False,True,True,multiple_paths,geopolitical_crisis_financial,False
xatv34,2022-09-10,stocks,"Will lose access to buying US stocks, asking for advice",Russian,available,False,False,True,False,False,True,True,False,False,False,False,False,False,excluded,excluded,False
xau6ck,2022-09-10,investing,Which Investments Will Benefit Most from 'De-Globalization'?,Russia,available,False,False,True,False,False,True,True,False,False,False,False,False,False,excluded,excluded,False
xauf1j,2022-09-10,stocks,Which Investments Will Benefit Most from 'De-Globalization'?,Russia,available,False,False,True,False,False,True,True,False,False,False,False,False,False,excluded,excluded,False
xblr4p,2022-09-11,investing,is cnq- canadian natural resources a buy?,Russia,available,False,False,True,False,False,True,True,False,False,False,False,False,False,excluded,excluded,False
xbt1qt,2022-09-11,investing,How to hedge against increasing natural gas prices?,Russia|Putin,available,False,False,True,False,False,True,True,False,False,False,False,False,False,excluded,excluded,False
xbxjye,2022-09-11,stocks,Medici Etherton Code is an Um-brella Insurance Policy that protects America from foreign invasion. 'Game of Thrones' CodeX,invasion,removed,True,False,False,True,True,False,False,False,False,False,False,False,False,excluded,excluded,False
xc0pws,2022-09-12,stocks,Effects of the end of the Ukraine War on stocks?,Ukraine|Russia|Russian,available,False,True,True,True,True,True,True,False,False,True,False,True,True,multiple_paths,geopolitical_crisis_financial,False
xcy73n,2022-09-13,stocks,Bye bye Russia stocks to fly today,Russia,removed,True,False,True,False,False,True,True,False,False,False,False,False,False,excluded,excluded,False
xd185o,2022-09-13,stocks,How to invest in the reconstruction in Ukraine?,Ukraine,removed,True,True,False,False,False,False,False,False,False,False,False,False,False,excluded,excluded,False
xd5rvk,2022-09-13,StockMarket,(9/13) Tuesday's Pre-Market Stock Movers & News,Ukraine,available,False,True,False,True,True,True,True,False,False,True,False,True,True,direct_ukraine_financial,geopolitical_crisis_financial,False
xd5slr,2022-09-13,stocks,(9/13) Tuesday's Pre-Market Stock Movers & News,Ukraine,available,False,True,False,True,True,True,True,False,False,True,False,True,True,direct_ukraine_financial,geopolitical_crisis_financial,False
xe9q0z,2022-09-14,stocks,China Taiwan Stocks,Ukraine|Russia|Putin,available,False,True,True,True,True,True,True,False,False,True,False,True,True,multiple_paths,geopolitical_crisis_financial,False
xeev17,2022-09-14,stocks,COVID impact on the economy and possible things to come.,Ukraine,available,False,True,False,True,True,True,True,False,False,True,False,True,True,direct_ukraine_financial,geopolitical_crisis_financial,False
xf2hwt,2022-09-15,stocks,Low-risk short term strategies,Ukraine,available,False,True,False,False,True,True,True,False,False,True,False,True,True,direct_ukraine_financial,geopolitical_crisis_financial,False
xf4i3d,2022-09-15,stocks,Help Ukrainian trader!,Ukrainian,removed,True,True,False,False,False,False,False,False,False,False,False,False,False,excluded,excluded,False
xf5c5q,2022-09-15,investing,when should I put my retirement back into the market?,Ukraine,available,False,True,False,False,False,True,True,False,False,False,False,True,False,direct_ukraine_financial,excluded,True
xfaokc,2022-09-15,investing,World Bank warns higher rates risk causing global recession,Ukraine|Russia|invasion,available,False,True,True,True,True,True,True,False,False,True,False,True,True,multiple_paths,geopolitical_crisis_financial,False
xfqs80,2022-09-16,stocks,World Bank: Global rates hikes could trigger 2023 recession,Ukraine,available,False,True,False,True,True,True,True,False,False,True,False,True,True,direct_ukraine_financial,geopolitical_crisis_financial,False
xfxm8s,2022-09-16,StockMarket,Jerome Powell is the BIGGEST CRIMINAL in the markets today,Putin,available,False,False,True,False,False,True,True,False,False,False,False,False,False,excluded,excluded,False
xg50zx,2022-09-16,StockMarket,"Wall Street Week Ahead for the trading week beginning September 19th, 2022",Russian,available,False,False,True,False,True,True,True,True,False,True,False,True,True,russia_crisis_financial_consequence,geopolitical_crisis_financial,False
xg52p1,2022-09-16,stocks,"Wall Street Week Ahead for the trading week beginning September 19th, 2022",Russian,available,False,False,True,False,True,True,True,True,False,True,False,True,True,russia_crisis_financial_consequence,geopolitical_crisis_financial,False
xg68se,2022-09-16,investing,Investing in Europe's upcoming winter energy crisis,Russia,available,False,False,True,False,True,True,True,False,False,True,False,False,True,excluded,geopolitical_crisis_financial,True
xgkk6w,2022-09-17,stocks,"Europe's energy crisis could deliver a $400 million trading profit for Volkswagen from early hedges on natural gas, report says",Ukraine|Russia|invasion,available,False,True,True,True,True,True,True,False,False,True,False,True,True,multiple_paths,geopolitical_crisis_financial,False
xhd7uj,2022-09-18,StockMarket,"Ray Dalio's co-chief rang the alarm on inflation, recession, and a global financial bubble this week. Here are the 10 best quotes.",Ukraine|Russia|invasion,available,False,True,True,True,True,True,True,False,False,True,False,True,True,multiple_paths,geopolitical_crisis_financial,False
xhi0bt,2022-09-18,investing,A trip down memory lane: Reddit Investing threads from 2007-2009,,available,False,False,False,False,True,True,True,True,False,False,False,False,False,excluded,excluded,False
xi8skd,2022-09-19,investing,What single event could cause massive jumps in the stock markets?,Russian,available,False,False,True,True,True,True,True,False,False,True,False,True,True,russia_conflict_financial,geopolitical_crisis_financial,False
xiaflq,2022-09-19,StockMarket,Legendary investor Stanley Druckenmiller says there is a “high probability” the stock market will be “flat” for an entire decade -- Do you agree?,Ukraine,available,False,True,False,True,True,True,True,False,False,True,False,True,True,direct_ukraine_financial,geopolitical_crisis_financial,False
xifhz1,2022-09-19,stocks,Taiwan invasion isn't going to happen,invasion,removed,True,False,False,True,True,False,False,False,False,False,False,False,False,excluded,excluded,False
xig8b2,2022-09-19,StockMarket,Ukraine Stockmarket,Ukraine,removed,True,True,False,False,False,False,False,False,False,False,False,False,False,excluded,excluded,False
xj09aa,2022-09-20,stocks,"In the event of a Russian Ukrainian ceasefire, what stocks would benefit most?",Ukrainian|Russian,deleted,True,True,True,True,True,True,True,False,False,True,False,True,True,multiple_paths,geopolitical_crisis_financial,False
xjq6ay,2022-09-21,investing,"What if it really is as simple as ""don't fight the Fed""? Why DCA into equities during known unfavorable conditions?",Ukraine|Russia,available,False,True,True,False,True,True,True,False,False,True,False,True,True,direct_ukraine_financial,geopolitical_crisis_financial,False
xjqycr,2022-09-21,investing,Why shouldn't I invest in T-Bills?,Ukraine,available,False,True,False,True,True,True,True,False,False,True,False,True,True,direct_ukraine_financial,geopolitical_crisis_financial,False
xk3384,2022-09-21,StockMarket,(9/21) Wednesday's Pre-Market Stock Movers & News,Ukraine|Russian|Putin,available,False,True,True,True,True,True,True,False,False,True,False,True,True,multiple_paths,geopolitical_crisis_financial,False
xk343d,2022-09-21,stocks,(9/21) Wednesday's Pre-Market Stock Movers & News,Ukraine|Russian|Putin,available,False,True,True,True,True,True,True,False,False,True,False,True,True,multiple_paths,geopolitical_crisis_financial,False
xk3b8w,2022-09-21,StockMarket,"Following Putin's announcement of a partial draft and the looming Fed decision, oil prices are surging",Putin,blank,True,False,True,False,False,True,True,False,False,False,False,False,False,excluded,excluded,False
xk3u15,2022-09-21,StockMarket,Today it became known that Russian President Vladimir Putin announced military mobilization and actually declared war on the whole world.,Russian|Putin,removed,True,False,True,True,True,False,False,False,False,False,False,False,False,excluded,excluded,False
xk3y6m,2022-09-21,investing,Today it became known that Russian President Vladimir Putin announced military mobilization and actually declared war on the whole world.,Russian|Putin,removed,True,False,True,True,True,False,False,False,False,False,False,False,False,excluded,excluded,False
xk46c3,2022-09-21,stocks,Today it became known that Russian President Vladimir Putin announced military mobilization and actually declared war on the whole world.,Russian|Putin,removed,True,False,True,True,True,False,False,False,False,False,False,False,False,excluded,excluded,False
xkjz4q,2022-09-21,StockMarket,"Bond and equity traders are closing shorts in front of today’s Fed meeting, where another jumbo hike (+75bp 85% odds) is baked in, and traders were going to cash after weeks of selling (NDX -8%, 10yrTY 3.05% to 3.54% since 8/1). Putin’s escalation in Ukraine adding to volatility.",Ukraine|Putin,blank,True,True,True,False,True,True,True,False,False,True,False,True,True,direct_ukraine_financial,geopolitical_crisis_financial,False
xkool9,2022-09-22,stocks,Thoughts on EVA and upcoming winter in Europe.,Russia,available,False,False,True,False,False,True,True,False,False,False,False,False,False,excluded,excluded,False
xkp8au,2022-09-22,stocks,Hong Kong Heng Seng index hits 10+ year low,Moscow|sanctions,available,False,False,True,True,True,True,True,False,False,True,False,True,True,russia_conflict_financial,geopolitical_crisis_financial,False
xktixn,2022-09-22,StockMarket,"The Gas, Oil, War, and Putin big short (THE GOWP movement)",Putin,removed,True,False,True,True,True,True,True,False,False,True,False,True,True,russia_conflict_financial,geopolitical_crisis_financial,False
xl5sd1,2022-09-22,StockMarket,"Ray Dalio says stocks, bonds have further to fall, sees U.S. recession arriving in 2023 or 2024.",Ukraine|Russia|invasion,available,False,True,True,True,True,True,True,False,False,True,False,True,True,multiple_paths,geopolitical_crisis_financial,False
xl7p7b,2022-09-22,StockMarket,"Does Defeat Mean Death For Putin? As Ukraine Continues To 'Slay The Giant' With Palantir Software, CEO Alex Karp Says The Threat Of Nuclear War Is Real",Ukraine|Putin,blank,True,True,True,True,True,False,False,False,False,False,False,False,False,excluded,excluded,False
xl8s55,2022-09-22,investing,Are we headed for a complete financial crash?,Ukraine|Russia,available,False,True,True,True,True,True,True,False,False,True,False,True,True,multiple_paths,geopolitical_crisis_financial,False
xl9gfp,2022-09-22,StockMarket,Why AMAZON is COLLAPSING,Ukraine,available,False,True,False,True,True,True,True,False,False,True,False,True,True,direct_ukraine_financial,geopolitical_crisis_financial,False
xlou4c,2022-09-23,StockMarket,Europe Energy Crisis to Last More Than a Winter: Energy Aspects analyst says Russia needed to balance market; Global crude oil markets facing a very volatile fourth quarter,Ukraine|Russia|Russian|sanctions,available,False,True,True,True,True,True,True,False,False,True,False,True,True,multiple_paths,geopolitical_crisis_financial,False
xlskpb,2022-09-23,stocks,How much are you down year to date? And what was the biggest losing position you had?,sanctions,available,False,False,False,True,True,True,True,False,False,False,False,False,False,excluded,excluded,False
xlt4q5,2022-09-23,investing,"Peter Zeikhan believes that Russia is on the brink of economic collapse, and the economy and stock market has been suffering since the first advance on Ukraine.",Ukraine|Russia,removed,True,True,True,False,False,True,True,False,False,False,False,True,False,direct_ukraine_financial,excluded,True
xlt6oq,2022-09-23,StockMarket,Russia's Whole Economy Is About To COLLAPSE,Russia,blank,True,False,True,False,False,True,True,False,False,False,False,False,False,excluded,excluded,False
xltt3y,2022-09-23,stocks,"Peter Zeikhan believes that Russia is on the brink of economic collapse, and the economy and stock market has been suffering since the first",Russia,removed,True,False,True,False,False,True,True,False,False,False,False,False,False,excluded,excluded,False
xm09bw,2022-09-23,stocks,Why are energy stocks plummeting?,Russian,available,False,False,True,True,True,True,True,False,False,True,False,True,True,russia_conflict_financial,geopolitical_crisis_financial,False
xm2kin,2022-09-23,stocks,This is without a doubt the biggest market crisis I've seen,Ukraine,available,False,True,False,False,True,True,True,False,False,True,False,True,True,direct_ukraine_financial,geopolitical_crisis_financial,False
xm5vkm,2022-09-23,StockMarket,Powell Says Economy May Be Entering ‘New Normal’ After Pandemic,Ukraine|Russia|invasion,available,False,True,True,True,True,True,True,False,False,True,False,True,True,multiple_paths,geopolitical_crisis_financial,False
xm6n3t,2022-09-23,StockMarket,Hot Take: Bill Ackman says more immigration could help the Fed crush inflation without causing a recession - and touts Russia as a labor source. Do you agree with this or is Bill just trying to be controversial?,Ukraine|Russia|Putin|invasion,available,False,True,True,True,True,True,True,False,False,True,False,True,True,multiple_paths,geopolitical_crisis_financial,False
xmbyvk,2022-09-23,stocks,Great Depression?,Putin,available,False,False,True,False,True,True,True,False,False,True,False,False,True,excluded,geopolitical_crisis_financial,True
xmdlze,2022-09-24,StockMarket,"Wall Street Week Ahead for the trading week beginning September 26th, 2022",Russia,available,False,False,True,False,False,True,True,False,False,False,False,False,False,excluded,excluded,False
xmdo61,2022-09-24,stocks,"Wall Street Week Ahead for the trading week beginning September 26th, 2022",Russia,available,False,False,True,False,False,True,True,False,False,False,False,False,False,excluded,excluded,False
xmgqso,2022-09-24,StockMarket,called this crash in feb,Ukraine|Russia,available,False,True,True,False,False,True,True,False,False,False,False,True,False,direct_ukraine_financial,excluded,True
xmidci,2022-09-24,StockMarket,Oil Falls Below $80 En Route to Biggest Run of Weekly Losses This Year - Crude On Track for its First Quarterly Loss in More Than Two Years,Ukraine|Russia|Russian|Putin,available,False,True,True,True,True,True,True,False,False,True,False,True,True,multiple_paths,geopolitical_crisis_financial,False
xmk9ji,2022-09-24,investing,Is now is the time to buy energy? XLE looks tempting.,Ukraine|Russia,available,False,True,True,False,False,True,True,False,False,False,False,True,False,direct_ukraine_financial,excluded,True
xn07r0,2022-09-24,StockMarket,"If Ukraine war ends today, how will that effect the market?",Ukraine,removed,True,True,False,True,True,True,True,False,False,True,False,True,True,direct_ukraine_financial,geopolitical_crisis_financial,False
xneb50,2022-09-25,StockMarket,Gasoline Prices Jump in West/MidWest U.S. Defying Falling Futures Markets,Russia,available,False,False,True,False,False,True,True,False,False,False,False,False,False,excluded,excluded,False
xnei3f,2022-09-25,stocks,Gasoline Prices Jump in West/MidWest U.S. Defying Falling Futures Markets - Where Do You See Gas Prices in Q4 and 2023 relative to today?,Russia,available,False,False,True,False,False,True,True,False,False,False,False,False,False,excluded,excluded,False
xnepgq,2022-09-25,stocks,"If the Ukraine War ended, anti-Russia sanctions ended, and cheap energy flowed again, would that be enough to prevent global recession?",Ukraine|Russia|Russian|sanctions,available,False,True,True,True,True,True,True,False,False,True,False,True,True,multiple_paths,geopolitical_crisis_financial,False
xny923,2022-09-25,stocks,"Is Central banks eg. FED, ECB, BOE and (BOJ) fight against inflation pointless? And are we digging graveyard of deep recession?",Ukraine|Russian|Putin,available,False,True,True,True,True,True,True,False,False,True,False,True,True,multiple_paths,geopolitical_crisis_financial,False
xnya0o,2022-09-25,StockMarket,"Does Defeat Mean Death For Putin? As Ukraine Continues To 'Slay The Giant' With Palantir Software, CEO Alex Karp Says The Threat Of Nuclear War Is Real",Ukraine|Putin,blank,True,True,True,True,True,False,False,False,False,False,False,False,False,excluded,excluded,False
xogb9t,2022-09-26,StockMarket,How heavily do you think the use of a small tactical nuke in Ukraine would hit US stocks?,Ukraine,removed,True,True,False,False,False,True,True,False,False,False,False,True,False,direct_ukraine_financial,excluded,True
xokvft,2022-09-26,stocks,I used today rebound to sell everything,Ukraine|Russia,available,False,True,True,True,True,True,True,False,False,True,False,True,True,multiple_paths,geopolitical_crisis_financial,False
xonhg5,2022-09-26,investing,Is the FED fighting a ghost?,Ukraine,available,False,True,False,True,True,True,True,False,False,True,False,True,True,direct_ukraine_financial,geopolitical_crisis_financial,False
xpddx4,2022-09-27,stocks,Vonvovia SE - what are some european stocks you believe are fairly valued?,Ukraine|Ukrainian,available,False,True,False,True,True,True,True,False,False,True,False,True,True,direct_ukraine_financial,geopolitical_crisis_financial,False
xpfb3u,2022-09-27,StockMarket,Significantly increasing global supply deficit: The shift from underfeeding to overfeeding in 2022 = almost 3x bigger than the Cigar Lake uranium mine floods in 2006,Ukraine,available,False,True,False,True,True,True,True,False,False,True,False,True,True,direct_ukraine_financial,geopolitical_crisis_financial,False
xprnij,2022-09-27,stocks,I had $500’s worth of Russian Vanteck ETF on robinhood,Russian,removed,True,False,True,False,False,True,True,False,False,False,False,False,False,excluded,excluded,False
xpt1fy,2022-09-27,StockMarket,"Denmark, Germany and Poland warn of ‘sabotage’ after Nord Stream leaks - Berlin says Russia’s involvement cannot be excluded after damage to gas pipelines at centre of Europe’s energy crisis",Ukraine|Russia|Russian|Moscow|sanctions,available,False,True,True,True,True,True,True,False,False,True,False,True,True,multiple_paths,geopolitical_crisis_financial,False
xptqx0,2022-09-27,stocks,Can passive investing work during periods of high inflation?,Ukraine|Russia,available,False,True,True,False,True,True,True,False,False,True,False,True,True,direct_ukraine_financial,geopolitical_crisis_financial,False
xpzms6,2022-09-28,investing,Apple Ditches iPhone Production Increase After Demand Falters,Russia,available,False,False,True,True,True,True,True,False,False,True,False,True,True,russia_conflict_financial,geopolitical_crisis_financial,False
xq4uvd,2022-09-28,stocks,Exposure to Marine Cargo Insurance?,Ukraine,available,False,True,False,False,False,True,True,False,False,False,False,True,False,direct_ukraine_financial,excluded,True
xqk4dp,2022-09-28,StockMarket,Russia probing damage to Nord Stream pipelines as &#x27;international terrorism&#x27; -Ifax,Russia,blank,True,False,True,False,False,False,False,False,False,False,False,False,False,excluded,excluded,False
xqoufo,2022-09-28,stocks,New Defense Tech Stocks,Ukraine|NATO,available,False,True,False,True,True,True,True,False,False,True,False,True,True,direct_ukraine_financial,geopolitical_crisis_financial,False
xqtkd7,2022-09-29,stocks,The Coming Crisis - an update for those it may concern.,Ukraine|Russian|invasion,available,False,True,True,True,True,True,True,False,False,True,False,True,True,multiple_paths,geopolitical_crisis_financial,False
xr6rgk,2022-09-29,stocks,It is insane that Americans aren't looking for bargain bucket European stocks right now,Russian,available,False,False,True,False,False,True,True,False,False,False,False,False,False,excluded,excluded,False
xr71hf,2022-09-29,StockMarket,Citadel’s Ken Griffin predicts US recession,Russia|Russian,available,False,False,True,False,False,True,True,False,False,False,False,False,False,excluded,excluded,False
xr8kob,2022-09-29,stocks,EU energy play,Russia,available,False,False,True,False,False,True,True,False,False,False,False,False,False,excluded,excluded,False
xrd3p2,2022-09-29,StockMarket,What do you guys think about this Sweat Economy token. Walking can make money and is very beneficial for each individual's health,Russian|Moscow,available,False,False,True,False,False,True,True,False,False,False,False,False,False,excluded,excluded,False
xrioql,2022-09-29,investing,"After all the doomerism about the EU economy since the Ukraine war, what are some arguments for why EU markets will be fine in the long run?",Ukraine,removed,True,True,False,True,True,True,True,False,False,True,False,True,True,direct_ukraine_financial,geopolitical_crisis_financial,False
xrjost,2022-09-29,investing,"After all the doomerism about the EU economy since the Ukraine war, what are some arguments for why EU markets will be fine in the long run?",Ukraine,available,False,True,False,True,True,True,True,False,False,True,False,True,True,direct_ukraine_financial,geopolitical_crisis_financial,False
xrs178,2022-09-30,stocks,New Sanctions on Russia,Russia|sanctions,removed,True,False,True,True,True,False,False,False,False,False,False,False,False,excluded,excluded,False
xrwaa1,2022-09-30,stocks,Another terrorist attack by Russia against the people of Ukraine: a strike on a civilian evacuation column claims dozens of lives,Ukraine|Russia,removed,True,True,True,False,True,False,False,False,False,False,False,False,False,excluded,excluded,False
xs1v2k,2022-09-30,StockMarket,"Binance Pay Now Used by Ukrainian Supermarkets, a Luxury UAE Hotel, and an Argentinian Airline | Binance Blog",Ukrainian,blank,True,True,False,False,False,False,False,False,False,False,False,False,False,excluded,excluded,False
xs67qh,2022-09-30,investing,BTU share price drivers and share price effect:,Russian,available,False,False,True,False,False,True,True,False,False,False,False,False,False,excluded,excluded,False
xtk7lx,2022-10-02,investing,How are you sleeping these days?,Putin,available,False,False,True,True,True,True,True,False,False,True,False,True,True,russia_conflict_financial,geopolitical_crisis_financial,False
xtppnc,2022-10-02,stocks,I have a fear that we won't have a bull market for years ....,Ukraine|Russia,available,False,True,True,True,True,True,True,False,False,True,False,True,True,multiple_paths,geopolitical_crisis_financial,False
xtqr28,2022-10-02,stocks,OPEC+ Will Consider Output Cut of More Than 1 Million Barrels,Russia,available,False,False,True,False,False,True,True,False,False,False,False,False,False,excluded,excluded,False
xufnvt,2022-10-03,stocks,Sociologists of war: why anti-Russian sanctions should be extended to Russian Public Opinion Research Centre,Russian|sanctions,removed,True,False,True,True,True,False,False,False,False,False,False,False,False,excluded,excluded,False
xulpaf,2022-10-03,stocks,I cannot figure out why there was a mini rally between mid June - August this year,Ukraine|Putin,available,False,True,True,False,False,False,False,False,False,False,False,False,False,excluded,excluded,False
xusbuy,2022-10-03,stocks,Cargo Shipowners Cancel Sailings as Global Trade Flips From Backlogs to Empty Containers,Ukraine,available,False,True,False,True,True,True,True,False,False,True,False,True,True,direct_ukraine_financial,geopolitical_crisis_financial,False
xuxxme,2022-10-03,stocks,My Bear Thesis,Ukraine,available,False,True,False,True,True,True,True,False,False,True,False,True,True,direct_ukraine_financial,geopolitical_crisis_financial,False
xvp7xw,2022-10-04,investing,So the economy is fixed? Markets up huge 2 days in a row.,Russia,available,False,False,True,False,False,True,True,False,False,False,False,False,False,excluded,excluded,False
xwbgwl,2022-10-05,stocks,OPEC+ Agrees to Biggest Oil Production Cut Since Start of Pandemic - 2 Million Barrels Per Day,Ukraine|Russia|Russian|Moscow|invasion|sanctions,available,False,True,True,True,True,True,True,False,False,True,False,True,True,multiple_paths,geopolitical_crisis_financial,False
xwck52,2022-10-05,StockMarket,"""Russia have only a week left to stop the war or be defeated""!",Russia,blank,True,False,True,True,True,False,False,False,False,False,False,False,False,excluded,excluded,False
xwcr7f,2022-10-05,investing,"OPEC+ to cut oil production by 2 million barrels per day to shore up prices, defying U.S. pressure",Ukraine|Russia,available,False,True,True,False,False,True,True,False,False,False,False,True,False,direct_ukraine_financial,excluded,True
xwwepx,2022-10-06,stocks,What would be the global implications if Russia were to have tested a nuke?,Russia,removed,True,False,True,False,False,False,False,False,False,False,False,False,False,excluded,excluded,False
xx6a8l,2022-10-06,investing,Eight ways Elon Musk could still get out of buying Twitter,Ukraine,available,False,True,True,False,True,True,True,False,False,True,False,True,True,direct_ukraine_financial,geopolitical_crisis_financial,False
xxhnwg,2022-10-06,investing,Recap of the bloodbath so far,Russia,available,False,False,True,False,False,True,True,False,False,False,False,False,False,excluded,excluded,False
xxkjf8,2022-10-07,StockMarket,How is Apple in your opinion?,Ukraine|Russian,available,False,True,True,False,False,True,True,False,False,False,False,True,False,direct_ukraine_financial,excluded,True
xxqe37,2022-10-07,StockMarket,Defense stocks have been unable to hold onto gains following the invasion of Ukraine (right click chart to turn off loop),Ukraine|invasion,blank,True,True,False,True,True,True,True,False,False,True,False,True,True,direct_ukraine_financial,geopolitical_crisis_financial,False
xxtt5y,2022-10-07,stocks,Wagner Group lures foreign mercenaries with bumped-up salaries as Russia suffers losses,Russia,removed,True,False,True,False,False,False,True,False,False,False,False,False,False,excluded,excluded,False
xxxeej,2022-10-07,StockMarket,Fed's Evans says rates headed to 4.5%-4.75% by spring of 2023.,Ukraine|Russia|invasion,available,False,True,True,True,True,True,True,False,False,True,False,True,True,multiple_paths,geopolitical_crisis_financial,False
xy1xwx,2022-10-07,StockMarket,AMD revenue warning signals deep chip slump; shares currently down 10%,Ukraine,available,False,True,False,True,True,True,True,False,False,True,False,True,True,direct_ukraine_financial,geopolitical_crisis_financial,False
xy5ffc,2022-10-07,investing,Hell is coming - You guys miss the geopolitics,Ukraine|Russia|Putin|NATO,available,False,True,True,True,True,True,True,False,False,True,False,True,True,multiple_paths,geopolitical_crisis_financial,False
xz1wt9,2022-10-08,investing,"""Health care is the best sector in Europe when the dollar is rising. A very simple trade but it always works.”",Ukraine,available,False,True,False,True,True,True,True,False,False,True,False,True,True,direct_ukraine_financial,geopolitical_crisis_financial,False
xz24rt,2022-10-08,stocks,"""Health care is the best sector in Europe when the dollar is rising. A very simple trade but it always works.”",Ukraine,available,False,True,False,True,True,True,True,False,False,True,False,True,True,direct_ukraine_financial,geopolitical_crisis_financial,False
xzqytu,2022-10-09,investing,Invest in Ukraine after war?,Ukraine,removed,True,True,False,True,True,False,False,False,False,False,False,False,False,excluded,excluded,False
xzt52b,2022-10-09,investing,Why SPY is headed lower and CPI's downward trajectory is at risk,Russia|Russian,available,False,False,True,False,False,True,True,False,False,False,False,False,False,excluded,excluded,False
y0a1e8,2022-10-10,stocks,People who didnt sell end 2021 early '22. What made you hold? What did you expect from the investing landscape 2022/23. What went good/wrong,Russia,available,False,False,True,False,False,True,True,False,False,False,False,False,False,excluded,excluded,False
y0eb69,2022-10-10,StockMarket,"5 things to know before the market opens on Monday, see what matters most to you?",Ukraine|Ukrainian|Russia|Russian|Putin|Kiev|invasion,available,False,True,True,True,True,True,True,False,False,True,False,True,True,multiple_paths,geopolitical_crisis_financial,False
y0iwsy,2022-10-10,StockMarket,"Cathie Wood issues open letter to the Fed, saying it is risking an economic ‘bust’",Ukraine|Russia|invasion,available,False,True,True,True,True,True,True,False,False,True,False,True,True,multiple_paths,geopolitical_crisis_financial,False
y0j72b,2022-10-10,stocks,‘This is serious’: JPMorgan’s Jamie Dimon warns U.S. likely to tip into recession in 6 to 9 months,Ukraine|Russia,available,False,True,True,True,True,True,True,False,False,True,False,True,True,multiple_paths,geopolitical_crisis_financial,False
y0jtcs,2022-10-10,StockMarket,The US just spent $290 million on anti-radiation pills used to 'save lives following nuclear emergencies',Ukraine|Russia|Russian|Putin|invasion,available,False,True,True,True,True,True,True,False,False,True,False,True,True,multiple_paths,geopolitical_crisis_financial,False
y0mzwy,2022-10-10,investing,Market & the consequence of Russia,Russia,removed,True,False,True,False,False,True,True,False,False,False,False,False,False,excluded,excluded,False
y0ocu7,2022-10-10,stocks,Puts on Energy?,Russia,available,False,False,True,False,False,True,True,False,False,False,False,False,False,excluded,excluded,False
y0z5jz,2022-10-11,stocks,What are some stocks to watch that are specifically related to Ukraine's reconstruction?,Ukraine,available,False,True,False,True,True,True,True,False,False,True,False,True,True,direct_ukraine_financial,geopolitical_crisis_financial,False
y16zlw,2022-10-11,stocks,Fun fact: Men charged in stock fraud case involving a small-town NJ deli are set to appear in federal court.,Ukraine|Russian,available,False,True,True,True,True,True,True,False,False,True,False,True,True,multiple_paths,geopolitical_crisis_financial,False
y17m6x,2022-10-11,stocks,Putin Repeats the Scenario of the Second Chechen War in Ukraine,Ukraine|Putin,removed,True,True,True,True,True,False,False,False,False,False,False,False,False,excluded,excluded,False
y1814k,2022-10-11,stocks,Nissan takes $687 million loss as it sells Russian business for 1 euro,Ukraine|Russia|Russian|Moscow,available,False,True,True,True,True,True,True,True,True,True,True,True,True,multiple_paths,multiple_paths,False
y186jh,2022-10-11,StockMarket,‘This is serious’: JPMorgan’s Jamie Dimon warns U.S. likely to tip into recession in 6 to 9 months,Ukraine|Russia,available,False,True,True,True,True,True,True,False,False,True,False,True,True,multiple_paths,geopolitical_crisis_financial,False
y1h5nz,2022-10-11,stocks,Sell PDBC commodity ETF to go in on SPY?,Russia,available,False,False,True,False,False,True,True,False,False,False,False,False,False,excluded,excluded,False
y1r3ny,2022-10-12,stocks,"Are they lying, I wonder: U.S. economy is 'doing well' amid global economic uncertainty, says Treasury Secretary Janet Yellen.",Ukraine|Russia,available,False,True,True,True,True,True,True,False,False,True,False,True,True,multiple_paths,geopolitical_crisis_financial,False
y1wppg,2022-10-12,stocks,mbbs from russia | Mbbs Study in Russia |study in abroad for free | mbbs abroad |mbbs study in russia,Russia,removed,True,False,True,False,False,False,False,False,False,False,False,False,False,excluded,excluded,False
y1wr1d,2022-10-12,stocks,Study in abroad | abroad study | mbbs study in russia | mbbs abroad,Russia,removed,True,False,True,False,False,False,False,False,False,False,False,False,False,excluded,excluded,False
y2385w,2022-10-12,StockMarket,Bottom of the stock market is in... If history repeats,invasion,available,False,False,False,True,True,True,True,False,False,False,False,False,False,excluded,excluded,False
y2hbzn,2022-10-12,stocks,Do people take Credit Suisse seriously?,Ukraine,available,False,True,False,True,True,True,True,False,False,True,False,True,True,direct_ukraine_financial,geopolitical_crisis_financial,False
y37a4e,2022-10-13,investing,What’s the case for structural inflation?,Ukraine|Russia,available,False,True,True,True,True,True,True,False,False,True,False,True,True,multiple_paths,geopolitical_crisis_financial,False
y3owiy,2022-10-14,StockMarket,Is it time to enter the market?,Ukraine|Russia,available,False,True,True,True,True,True,True,False,False,True,False,True,True,multiple_paths,geopolitical_crisis_financial,False
y47uyi,2022-10-14,StockMarket,"Wall Street Week Ahead for the trading week beginning October 17th, 2022",Ukraine,available,False,True,False,True,True,True,True,False,False,True,False,True,True,direct_ukraine_financial,geopolitical_crisis_financial,False
y47vyn,2022-10-14,stocks,"Wall Street Week Ahead for the trading week beginning October 17th, 2022",Ukraine,available,False,True,False,True,True,True,True,False,False,True,False,True,True,direct_ukraine_financial,geopolitical_crisis_financial,False
y4jpvq,2022-10-15,stocks,How to find specific tickers?,Ukraine,available,False,True,False,True,True,True,True,False,False,True,False,True,True,direct_ukraine_financial,geopolitical_crisis_financial,False
y4w36h,2022-10-15,stocks,Guesses as to the range of stock market results,Russia,available,False,False,True,False,False,True,True,False,False,False,False,False,False,excluded,excluded,False
y57or6,2022-10-16,stocks,I have no idea what I'm even asking but here I go.,Ukraine|Russian,available,False,True,True,True,True,True,True,False,False,True,False,True,True,multiple_paths,geopolitical_crisis_financial,False
y58nk9,2022-10-16,StockMarket,Ray Dalio: ‘Ridiculously stupid’ economic policies have the U.S. hurtling toward a ‘perfect storm’ of economic pain,Ukraine,available,False,True,False,True,True,True,True,False,False,True,False,True,True,direct_ukraine_financial,geopolitical_crisis_financial,False
y5si3s,2022-10-16,stocks,"US sanctions on Chinese semiconductors ‘decapitate’ industry, experts say",sanctions,available,False,False,False,True,True,True,True,False,False,False,False,False,False,excluded,excluded,False
y5uu4g,2022-10-16,stocks,Best Semiconductor Stocks Impacted by the CHIPS Act and Sanctions,sanctions,available,False,False,False,True,True,True,True,False,False,False,False,False,False,excluded,excluded,False
y5yngt,2022-10-17,StockMarket,Arms dealer stocks are hot: The U.S. defense industry faces a surge in demand and a tightening of supply chains.,Ukraine,available,False,True,False,True,True,True,True,False,False,True,False,True,True,direct_ukraine_financial,geopolitical_crisis_financial,False
y647sd,2022-10-17,StockMarket,Did the Walt Disney Company buy the abandoned 'Global Dream'?,Ukraine,available,False,True,False,True,True,True,True,False,False,True,False,True,True,direct_ukraine_financial,geopolitical_crisis_financial,False
y650xz,2022-10-17,stocks,"Surovkin’s appointment, return of Russian troops to Belarus: what should Ukrainians brace for?",Russian,removed,True,False,True,True,True,False,True,False,False,True,False,False,True,excluded,geopolitical_crisis_financial,True
y66g94,2022-10-17,StockMarket,"US sanctions on Chinese semiconductors ‘decapitate’ industry, expert says. Every US executive/engineer working in China’s semiconductor manufacturing industry resigned yesterday, paralyzing Chinese manufacturing overnight - Industry in state of complete collapse with no chance of survival. Thoughts?",sanctions,blank,True,False,False,True,True,False,False,False,False,False,False,False,False,excluded,excluded,False
y67b12,2022-10-17,investing,Inflation will remain elevated for a few more years,Ukraine|Russia|Russian|invasion,available,False,True,True,True,True,True,True,False,False,True,False,True,True,multiple_paths,geopolitical_crisis_financial,False
y6n3ym,2022-10-17,investing,Crazy Russian drone getting destroyed but Ukrainian defense missile video,Ukrainian|Russian,removed,True,True,True,False,False,False,False,False,False,False,False,False,False,excluded,excluded,False
y6n62z,2022-10-17,StockMarket,China Evacuates Ukraine Over Nuclear Fears | Russian Kamikaze Drone Gets Shot Down,Ukraine|Russian,blank,True,True,True,False,False,False,False,False,False,False,False,False,False,excluded,excluded,False
y7ni6u,2022-10-19,stocks,Is there any reason besides the war in Ukraine for why ZIM isn't higher valued currently?,Ukraine,removed,True,True,False,True,True,False,False,False,False,False,False,False,False,excluded,excluded,False
y81v7q,2022-10-19,stocks,"ASML shrugs off slowdown, U.S. China sanctions, reports strong Q3 earnings",sanctions,removed,True,False,False,True,True,True,True,False,False,False,False,False,False,excluded,excluded,False
y846gq,2022-10-19,StockMarket,"J.P. Morgan trims equity positions, adds to bonds",Ukraine,available,False,True,False,True,True,True,True,False,False,True,False,True,True,direct_ukraine_financial,geopolitical_crisis_financial,False
y89gsd,2022-10-19,StockMarket,Is Ukraine President going to get drones contracts with $COMS? That's interesting as F*ck!,Ukraine,blank,True,True,False,False,False,False,False,False,False,False,False,False,False,excluded,excluded,False
y8n58s,2022-10-20,StockMarket,"Guru’s Whisper | Nobel Laureate Ben Bernanke: despite financial risk, 2008 nightmare will not be repeated",Ukrainian|Russian,available,False,True,True,True,True,True,True,False,False,True,False,True,True,multiple_paths,geopolitical_crisis_financial,False
y8oary,2022-10-20,stocks,CENX? What’s your guys thoughts on this aluminum company. Looks have taken a beating,Russia,available,False,False,True,False,False,True,True,False,False,False,False,False,False,excluded,excluded,False
y9eajw,2022-10-21,stocks,Whirlpool Cuts Earnings Outlook After Consumer Demand Drops ‘Massively’,Russia,available,False,False,True,False,False,True,True,False,False,False,False,False,False,excluded,excluded,False
y9l9a1,2022-10-21,StockMarket,"If China starts a conflict in Taiwan, will chip stock go up?",Ukraine,available,False,True,False,True,True,True,True,False,False,True,False,True,True,direct_ukraine_financial,geopolitical_crisis_financial,False
y9u856,2022-10-21,StockMarket,Twitter Tumbles as US Weighs Security Reviews for Musk Deal,Ukraine|Russia,available,False,True,True,False,False,True,True,False,False,False,False,True,False,direct_ukraine_financial,excluded,True
y9xi4o,2022-10-21,StockMarket,Analysis of Largo's Q3 Production Results - High Purity Supply at an All-Time High,Ukraine|Russian,available,False,True,True,True,True,True,True,False,False,True,False,True,True,multiple_paths,geopolitical_crisis_financial,False
y9z1mj,2022-10-21,stocks,TSM a good value stock or Geopolitical Nightmare?,invasion|sanctions,available,False,False,False,True,True,True,True,False,False,False,False,False,False,excluded,excluded,False
ybcvep,2022-10-23,investing,"To what extent are bonds valued (not priced) on a simple ""rules based"" basis?",Russia,available,False,False,True,True,True,True,True,False,False,True,False,True,True,russia_conflict_financial,geopolitical_crisis_financial,False
ybigmf,2022-10-23,stocks,Collection of energy market articles suggest deepening Winter '22 energy crisis for Europe,Russian|sanctions,available,False,False,True,True,True,True,True,False,False,True,False,True,True,russia_conflict_financial,geopolitical_crisis_financial,False
ybiyyo,2022-10-23,stocks,Market Price and Nuke Putin,Putin,removed,True,False,True,False,False,True,True,False,False,False,False,False,False,excluded,excluded,False
ybozjb,2022-10-23,StockMarket,Change of Heart: Kraken Closes Accounts for all Russian Users,Russian,blank,True,False,True,False,False,False,False,False,False,False,False,False,False,excluded,excluded,False
ybpkyf,2022-10-23,stocks,"Medici Etherton Code is an Insurance Policy that Protects the U.S. of America from foreign invasion, 'Game of Thrones,' Colonization.",invasion,removed,True,False,False,True,True,False,False,False,False,False,False,False,False,excluded,excluded,False
ycq8jy,2022-10-24,stocks,Does investing in military stocks make me a bad person?,Ukraine,available,False,True,False,True,True,True,True,False,False,True,False,True,True,direct_ukraine_financial,geopolitical_crisis_financial,False
yd3ukq,2022-10-25,investing,Am I a fool for being bullish on Eurodollar Futures /GE,Russia,available,False,False,True,False,False,True,True,False,False,False,False,False,False,excluded,excluded,False
yd7oem,2022-10-25,stocks,"Medici Etherton Code is an Insurance Policy that Protects the U.S. of America from foreign invasion, 'Game of Thrones,' Colonization.",invasion,removed,True,False,False,True,True,False,False,False,False,False,False,False,False,excluded,excluded,False
yds9sb,2022-10-26,investing,"If we assume Ukraine war will end in next 6months-1.5y, would this months be good for investing?",Ukraine,removed,True,True,False,True,True,True,True,False,False,True,False,True,True,direct_ukraine_financial,geopolitical_crisis_financial,False
ydtdh5,2022-10-26,investing,Recent economic turmoil has been a blessing in disguise,Ukraine,available,False,True,False,True,True,True,True,False,False,True,False,True,True,direct_ukraine_financial,geopolitical_crisis_financial,False
ydxla2,2022-10-26,StockMarket,Goldman Sachs continues to sing empty: US stocks have not bottomed! Another 25% drop in recession scenario,Ukraine,available,False,True,False,False,False,True,True,False,False,False,False,True,False,direct_ukraine_financial,excluded,True
yeigcu,2022-10-27,investing,"Stocks vs Bonds vs Commodities, time to get more aggressive",Ukraine|Russian,available,False,True,True,True,True,True,True,False,False,True,False,True,True,multiple_paths,geopolitical_crisis_financial,False
yem1oy,2022-10-27,stocks,Oil giant Shell reveals plans to hike dividend as it reports third-quarter profit,Ukraine|Russia|invasion,available,False,True,True,True,True,True,True,False,False,True,False,True,True,multiple_paths,geopolitical_crisis_financial,False
yen4c8,2022-10-27,investing,Do you review investing in Ukraine?,Ukraine,removed,True,True,False,False,False,True,True,False,False,False,False,True,False,direct_ukraine_financial,excluded,True
yer38o,2022-10-27,stocks,Russia warns it may destroy Western commercial satellites aiding Ukraine as Elon Musk prepares to buy Twitter,Ukraine|Ukrainian|Russia|Russian|Kyiv|Moscow|NATO,available,False,True,True,True,True,True,True,False,False,True,False,True,True,multiple_paths,geopolitical_crisis_financial,False
yfi7zb,2022-10-28,investing,Market overreactions to recent news,Ukraine|Russia|Russian|invasion|sanctions,available,False,True,True,True,True,True,True,False,False,True,False,True,True,multiple_paths,geopolitical_crisis_financial,False
yfkzfh,2022-10-28,stocks,"Chevron, Exxon up in premarket as energy sector earnings reports start to roll in, adding to industrial growth story",Russia,available,False,False,True,False,False,True,True,False,False,False,False,False,False,excluded,excluded,False
yftjyq,2022-10-28,stocks,X - industrial strength value,Ukraine,available,False,True,False,False,False,True,True,False,False,False,False,True,False,direct_ukraine_financial,excluded,True
yg5rdy,2022-10-29,StockMarket,Canada raising money for Ukraine with sale of bonds,Ukraine,blank,True,True,False,False,False,True,True,False,False,False,False,True,False,direct_ukraine_financial,excluded,True
ygpyfx,2022-10-29,investing,Curious what most of you are doing (not doing) with your 401k or other retirement plans,Ukraine,available,False,True,False,True,True,True,True,False,False,True,False,True,True,direct_ukraine_financial,geopolitical_crisis_financial,False
yh13q2,2022-10-30,investing,How to position for a China invasion of Taiwan?,invasion,removed,True,False,False,True,True,False,False,False,False,False,False,False,False,excluded,excluded,False
yi191q,2022-10-31,stocks,Earnings week 4,Russia,available,False,False,True,False,False,True,True,False,False,False,False,False,False,excluded,excluded,False
yk8d6l,2022-11-02,stocks,How to convert Russian ADRs into Russian Ordinary stocks here in the USA?,Russian,removed,True,False,True,False,False,True,True,True,False,False,False,True,False,russia_crisis_financial_consequence,excluded,True
ykczj0,2022-11-02,stocks,"Medici Etherton Code is an Insurance Policy that Protects the U. S. of America from foreign invasion, 'Game of Thrones,' Colonization.",invasion,removed,True,False,False,True,True,False,False,False,False,False,False,False,False,excluded,excluded,False
ykus4r,2022-11-03,stocks,Unpopular opinion: oil prices will stay high until oil stocks go up,Russia|Russian,available,False,False,True,False,True,True,True,False,False,True,False,False,True,excluded,geopolitical_crisis_financial,True
yl3l8w,2022-11-03,stocks,"""Diversifying"" with global exposure is more ideological than evidence based",Russia|sanctions,available,False,False,True,True,True,True,True,False,False,True,False,True,True,russia_conflict_financial,geopolitical_crisis_financial,False
ylxn3d,2022-11-04,StockMarket,Is Russia Currently Winning the Economic War?,Russia,blank,True,False,True,True,True,True,True,False,False,True,False,True,True,russia_conflict_financial,geopolitical_crisis_financial,False
ym5own,2022-11-04,StockMarket,Effects of Inflationary Boom/Bust or Deflationary Boom/Bust on the businesses involved in Energy,Ukraine|Russian,available,False,True,True,True,True,True,True,False,False,True,False,True,True,multiple_paths,geopolitical_crisis_financial,False
ymtsc6,2022-11-05,investing,"Books or resources on ethical investing in ""troubled"" or unstable regions",Ukraine,available,False,True,False,True,True,True,True,False,False,True,False,True,True,direct_ukraine_financial,geopolitical_crisis_financial,False
yn025m,2022-11-05,investing,Russian over here - where do I invest in FAANG?,Russian,removed,True,False,True,False,False,False,False,False,False,False,False,False,False,excluded,excluded,False
yob0uy,2022-11-07,investing,What's the opinions of this subreddit on the potential performance of international funds going forward?,Ukraine,available,False,True,False,False,False,True,True,False,False,False,False,True,False,direct_ukraine_financial,excluded,True
yohrg8,2022-11-07,stocks,Frozen Assets of the Bank of Russia Should Be Paid to Ukraine as Compensation for the Destruction Caused by the War: the EU Should Not Co,Ukraine|Russia,removed,True,True,True,True,True,True,True,True,True,True,True,True,True,multiple_paths,multiple_paths,False
yop9sf,2022-11-07,stocks,The US Northeast Is Hurtling Toward a Winter Heating Crisis,Ukraine|Russia|Russian,available,False,True,True,True,True,True,True,False,False,True,False,True,True,multiple_paths,geopolitical_crisis_financial,False
yp8avk,2022-11-08,StockMarket,"My Full Plan for this Week 11/07 + Challenge Update (3 Watchlist Plays + 6 Earnings Plays, 1 MAJOR Economic Event (CPI))",Ukraine,available,False,True,False,True,True,True,True,False,False,True,False,True,True,direct_ukraine_financial,geopolitical_crisis_financial,False
ypr2r0,2022-11-08,investing,Binance announces non-contingent purchase of FTX,Russian|Putin,available,False,False,True,False,False,True,True,False,False,False,False,False,False,excluded,excluded,False
yqiur5,2022-11-09,StockMarket,(11/9) Wednesday's Pre-Market Stock Movers & News,Ukraine,available,False,True,False,True,True,True,True,False,False,True,False,True,True,direct_ukraine_financial,geopolitical_crisis_financial,False
yqivot,2022-11-09,stocks,(11/9) Wednesday's Pre-Market Stock Movers & News,Ukraine,available,False,True,False,True,True,True,True,False,False,True,False,True,True,direct_ukraine_financial,geopolitical_crisis_financial,False
yqofdt,2022-11-09,StockMarket,Nasdaq $RGC CEO Figuratively Putting His Money Where His Mouth Is,Ukraine,available,False,True,False,True,True,True,True,False,False,True,False,True,True,direct_ukraine_financial,geopolitical_crisis_financial,False
yr7i6k,2022-11-10,StockMarket,Last day for Russian investors to sell META,Russian,removed,True,False,True,False,False,True,True,False,False,False,False,False,False,excluded,excluded,False
yr86zx,2022-11-10,StockMarket,Last day for Russian investors to sell META shares,Russian,removed,True,False,True,False,False,True,True,False,False,False,False,False,False,excluded,excluded,False
ys4ic7,2022-11-11,StockMarket,$COMS working with Elon and the government to make T Drones and help Ukraine win the war against Russia.,Ukraine|Russia,blank,True,True,True,True,True,False,False,False,False,False,False,False,False,excluded,excluded,False
ysbxva,2022-11-11,StockMarket,Do you think the dollar has peaked?,Ukrainian|Russian,available,False,True,True,True,True,True,True,False,False,True,False,True,True,multiple_paths,geopolitical_crisis_financial,False
yskm90,2022-11-11,stocks,So what have you been buying ?,Russia,available,False,False,True,False,False,True,True,False,False,False,False,False,False,excluded,excluded,False
ysljyd,2022-11-11,StockMarket,Stock Market will crash next week,Ukraine,available,False,True,False,True,True,True,True,False,False,True,False,True,True,direct_ukraine_financial,geopolitical_crisis_financial,False
ytl6f9,2022-11-12,investing,Does the fed care about the stock market rip on Thursday?,Ukraine,available,False,True,False,False,False,True,True,False,False,False,False,True,False,direct_ukraine_financial,excluded,True
ytnlsk,2022-11-13,stocks,"Fair Question, with evidence, for stock market investors: Is China trying to crash the U.S. stock market prior to their invasion of Taiwan?",invasion,removed,True,False,False,True,True,True,True,False,False,False,False,False,False,excluded,excluded,False
ytpcuz,2022-11-13,StockMarket,FTX Appears to Be a Political Ponzi Scheme Running Dollars to Politicians and Through Ukraine The FTX collapse is just another day in the life of Democrat and RINO corruption in the US. This scandal involves Uk,Ukraine,removed,True,True,False,False,False,False,False,False,False,False,False,False,False,excluded,excluded,False
ytukoz,2022-11-13,stocks,"Ukraine retaking Kherson, Democrats maintains control of the Senate...",Ukraine,removed,True,True,False,False,False,False,False,False,False,False,False,False,False,excluded,excluded,False
ytum01,2022-11-13,stocks,"Ukraine retaking Kherson, Democrats maintains control of the Senate...",Ukraine,removed,True,True,False,False,False,False,False,False,False,False,False,False,False,excluded,excluded,False
yuv7j0,2022-11-14,StockMarket,Russian rouble firms near 60 vs dollar as tax period nears,Russian,blank,True,False,True,False,False,True,True,False,False,False,False,False,False,excluded,excluded,False
yw69dp,2022-11-15,stocks,AP News Reports Russian Missles strike Poland (Nato Territory) and results in multiple deaths,Russian|NATO,removed,True,False,True,True,True,False,False,False,False,False,False,False,False,excluded,excluded,False
yw6b6q,2022-11-15,stocks,AP News Reports Russian Missles strike Poland (Nato Territory) and results in multiple deaths,Russian|NATO,removed,True,False,True,True,True,False,False,False,False,False,False,False,False,excluded,excluded,False
yw76d7,2022-11-15,StockMarket,"US official: Russian missiles crossed into Poland, NATO territory, killing 2",Russian|NATO,blank,True,False,True,True,True,False,False,False,False,False,False,False,False,excluded,excluded,False
yw7j59,2022-11-15,investing,Russian ETF's - RSX & FLRU --- sell and take the tax loss?,Russian,available,False,False,True,False,False,True,True,False,False,False,False,False,False,excluded,excluded,False
ywa76j,2022-11-15,StockMarket,Can I take ownership of my Russian friends shares?,Russian,removed,True,False,True,False,False,True,True,False,False,False,False,False,False,excluded,excluded,False
ywd0u1,2022-11-15,stocks,Would China and Taiwan conflict make you sell your stocks??,Ukraine|Russia|invasion,available,False,True,True,True,True,True,True,False,False,True,False,True,True,multiple_paths,geopolitical_crisis_financial,False
ywngyo,2022-11-16,stocks,Jaw dropping: UK inflation hits highest level in 40 years at 11.1 per cent,Ukraine|Russia,available,False,True,True,True,True,True,True,False,False,True,False,True,True,multiple_paths,geopolitical_crisis_financial,False
yx1yek,2022-11-16,investing,Or finances personnelles Russian food in moscow rate $22.00,Russian|Moscow,removed,True,False,True,False,False,False,False,False,False,False,False,False,False,excluded,excluded,False
yx34qt,2022-11-16,investing,Beat down stocks due to Russian war on Ukraine,Ukraine|Russian,removed,True,True,True,True,True,True,True,False,False,True,False,True,True,multiple_paths,geopolitical_crisis_financial,False
yxdn8w,2022-11-17,stocks,Recession indicator: U.S. shrinking container freight shows slipping consumer spending on merchandise,Ukraine,available,False,True,False,True,True,True,True,False,False,True,False,True,True,direct_ukraine_financial,geopolitical_crisis_financial,False
yxmsri,2022-11-17,investing,We are looking for those who have invested in real estate. Good day everyone. I'm from Ukraine and I'm doing research on real estate investing. I would be very grateful to conduct an interview with you. I will be grateful if Ukrainian-speaking or Russian-speaking people respond. Because I don't know,Ukraine|Ukrainian|Russian,removed,True,True,True,False,False,True,True,False,False,False,False,True,False,direct_ukraine_financial,excluded,True
z0enfb,2022-11-20,StockMarket,"Jeff Bezos, Elon Musk, and Ken Griffin are sounding the alarm on a US recession. Here are 12 dire economic warnings from BSDs. Do you agree?",Ukraine,available,False,True,False,True,True,True,True,False,False,True,False,True,True,direct_ukraine_financial,geopolitical_crisis_financial,False
z148u0,2022-11-21,stocks,where did Disneys money go,Russia|NATO,available,False,False,True,True,True,True,True,False,False,True,False,True,True,russia_conflict_financial,geopolitical_crisis_financial,False
z1pb67,2022-11-22,stocks,Russian stocks and international brokerage.,Russian,removed,True,False,True,False,False,True,True,False,False,False,False,False,False,excluded,excluded,False
z1ux0t,2022-11-22,StockMarket,"The S&P 500 is likely to bottom out early next year in a 'terrific buying opportunity' for investors, Morgan Stanley says",Ukraine|Russia,available,False,True,True,True,True,True,True,False,False,True,False,True,True,multiple_paths,geopolitical_crisis_financial,False
z2eo7h,2022-11-23,StockMarket,Russian territory officials demand Putin officially end his mobilization,Russian|Putin,blank,True,False,True,True,True,False,False,False,False,False,False,False,False,excluded,excluded,False
z2k7ai,2022-11-23,StockMarket,STICKY INFLATION IF RUSSIA WAR PERSISTS???,Russia,blank,True,False,True,True,True,True,True,False,False,True,False,True,True,russia_conflict_financial,geopolitical_crisis_financial,False
z2wgha,2022-11-23,StockMarket,"Medici Etherton Code is an Um-brella Insurance Policy that Protects the United States of America from foreign invasion, 'Game of Thrones,' Colonization.",invasion,removed,True,False,False,True,True,False,False,False,False,False,False,False,False,excluded,excluded,False
z37kbz,2022-11-24,StockMarket,"Germany plans to impose a 33% windfall profit tax on energy companies, but it is accused of not being high enough",Ukraine|Russia,available,False,True,True,True,True,True,True,False,False,True,False,True,True,multiple_paths,geopolitical_crisis_financial,False
z3q1oz,2022-11-24,stocks,There won't be any big decline,Ukraine,available,False,True,False,True,True,True,True,False,False,True,False,True,True,direct_ukraine_financial,geopolitical_crisis_financial,False
z430qu,2022-11-25,StockMarket,"Asset management giant: The Fed is expected to stop raising interest rates in March next year, and there are investment opportunities in stocks and bonds",Ukraine|Ukrainian|Russia|Russian,available,False,True,True,True,True,True,True,False,False,True,False,True,True,multiple_paths,geopolitical_crisis_financial,False
z4dkkj,2022-11-25,StockMarket,Optionable Penny Stock VEON: Russian Operations Sold For $2.1B.,Russian,blank,True,False,True,False,False,True,True,False,False,False,False,False,False,excluded,excluded,False
z4n2fo,2022-11-25,StockMarket,"Wall Street Week Ahead for the trading week beginning November 28th, 2022",Ukraine|Russia,available,False,True,True,True,True,True,True,False,False,True,False,True,True,multiple_paths,geopolitical_crisis_financial,False
z4n3mw,2022-11-25,stocks,"Wall Street Week Ahead for the trading week beginning November 28th, 2022",Ukraine|Russia,available,False,True,True,True,True,True,True,False,False,True,False,True,True,multiple_paths,geopolitical_crisis_financial,False
z6m5j0,2022-11-28,StockMarket,"So Much To Talk about surrounding Crude. Chevron License in Venezuela, Russian Crude Price Cap, EU Embargo, Opec + Meeting",Russian,available,False,False,True,True,True,True,True,False,False,True,False,True,True,russia_conflict_financial,geopolitical_crisis_financial,False
z72ixe,2022-11-28,stocks,Russian ADRs using freedom24.com,Russian,removed,True,False,True,False,False,True,True,True,False,False,False,True,False,russia_crisis_financial_consequence,excluded,True
z72k8k,2022-11-28,stocks,Russian ADRs using freedom24.com,Russian,removed,True,False,True,False,False,True,True,True,False,False,False,True,False,russia_crisis_financial_consequence,excluded,True
z72l9d,2022-11-28,stocks,Russian ADRs using freedom24?,Russian,removed,True,False,True,False,False,True,True,True,False,False,False,True,False,russia_crisis_financial_consequence,excluded,True
z7ktae,2022-11-29,StockMarket,Oil embargo set to restrain Russian stocks recovery in 2023: Reuters Poll,Russian,blank,True,False,True,True,True,True,True,True,True,True,True,True,True,multiple_paths,multiple_paths,False
z7v4qy,2022-11-29,stocks,Goldman Sachs sees ‘high probability’ of OPEC cut — and expects oil prices to hit $110 next year,Russia|Russian,available,False,False,True,False,False,True,True,False,False,False,False,False,False,excluded,excluded,False
z805gw,2022-11-29,stocks,"Medici Etherton Code is an Insurance Policy that Protects the U.S. of America from foreign invasion, 'Game of Thrones,' Colonization.",invasion,removed,True,False,False,True,True,False,False,False,False,False,False,False,False,excluded,excluded,False
z8h5cy,2022-11-30,StockMarket,Russian Crypto Billionaire Dies in Mysterious Chopper Crash,Russian,blank,True,False,True,False,False,False,False,False,False,False,False,False,False,excluded,excluded,False
z8nwdz,2022-11-30,StockMarket,How high are energy prices in russia now?,Russia,removed,True,False,True,False,False,True,True,False,False,False,False,False,False,excluded,excluded,False
z8p73c,2022-11-30,stocks,"Euro zone inflation falls for first time in 17 months, bolstering hopes for smaller ECB hike",Ukraine|Russia,available,False,True,True,True,True,True,True,False,False,True,False,True,True,multiple_paths,geopolitical_crisis_financial,False
z8t8sr,2022-11-30,stocks,When will Russian stocks be unfrozen?,Russian,removed,True,False,True,False,False,True,True,False,False,False,False,False,False,excluded,excluded,False
z9xm3d,2022-12-01,stocks,"What stocks will flourish during U.S. ""Reshoring"" trend?",Russia,available,False,False,True,True,True,True,True,False,False,True,False,True,True,russia_conflict_financial,geopolitical_crisis_financial,False
za28pi,2022-12-01,StockMarket,"Mark Zuckerberg (Meta), Andy Jassy (Amazon), and Larry Fink (BlackRock) issued bleak warnings about the US economy at yesterday's DealBook Summit (Yes, the same event where SBF appeared via Zoom)",Ukraine,available,False,True,False,True,True,True,True,False,False,True,False,True,True,direct_ukraine_financial,geopolitical_crisis_financial,False
zadd1m,2022-12-02,StockMarket,Do you think ALIBABA is a good bet for future?,Russia|Russian|invasion|sanctions,available,False,False,True,True,True,True,True,False,False,True,False,True,True,russia_conflict_financial,geopolitical_crisis_financial,False
zar6ot,2022-12-02,StockMarket,European Union officials set Russian oil price cap at $60 a barrel,Russian,blank,True,False,True,False,False,True,True,False,False,False,False,False,False,excluded,excluded,False
zav690,2022-12-02,StockMarket,European Union officials set Russian oil price cap at $60 a barrel,Russian,blank,True,False,True,False,False,True,True,False,False,False,False,False,False,excluded,excluded,False
zbatwo,2022-12-03,stocks,Foreign non-US stock opportunities,Russia,available,False,False,True,False,False,True,True,False,False,False,False,False,False,excluded,excluded,False
zbftyy,2022-12-03,StockMarket,"A big Global Nuclear Power Renaissance at different levels unexpected by many (investors, the financial sector, utilities, the mining sector, ...), while the future global uranium production at current low uranium price (~49USD/lb) isn't ready",Russian,available,False,False,True,False,False,True,True,False,False,False,False,False,False,excluded,excluded,False
zcojoc,2022-12-04,StockMarket,"Putin Declares 'American World Order' Is Ending, 'A Truly Multipolar World' Has Begun",Putin,blank,True,False,True,False,False,False,False,False,False,False,False,False,False,excluded,excluded,False
zddlax,2022-12-05,StockMarket,Draganfly expands drone force for humanitarian uses in Ukraine,Ukraine,blank,True,True,False,False,False,False,False,False,False,False,False,False,False,excluded,excluded,False
zdirov,2022-12-05,StockMarket,I am new to investing and looking for some advice,Ukrainian|Russian,available,False,True,True,True,True,True,True,False,False,True,False,True,True,multiple_paths,geopolitical_crisis_financial,False
zdsfw1,2022-12-06,stocks,190 million barrels dumped in three weeks! Crude Oil Position Collapse,Russian,available,False,False,True,False,False,True,True,False,False,False,False,False,False,excluded,excluded,False
ze7o3j,2022-12-06,StockMarket,"Russian oil cap will work, EU ministers insist, despite Kremlin opposition and broad skepticism",Russian,blank,True,False,True,False,False,True,True,False,False,False,False,False,False,excluded,excluded,False
zf1eap,2022-12-07,StockMarket,Oil Slumps Again With Demand Concerns Spurring Market Tumult,Ukraine|Russia|Russian|Moscow,available,False,True,True,True,True,True,True,False,False,True,False,True,True,multiple_paths,geopolitical_crisis_financial,False
zf5nqm,2022-12-07,stocks,"Medici Etherton Code is an Insurance Policy that Protects the U. S. of America from foreign invasion, 'Game of Thrones,' Colonization.",invasion,removed,True,False,False,True,True,False,False,False,False,False,False,False,False,excluded,excluded,False
zf8vgc,2022-12-07,StockMarket,TIME’s 2022 Person of the Year: Volodymyr Zelensky and the spirit of Ukraine,Ukraine,blank,True,True,False,False,False,False,False,False,False,False,False,False,False,excluded,excluded,False
zfaae3,2022-12-07,stocks,When/if will Russian stocks trade again?,Russian,deleted,True,False,True,False,False,True,True,False,False,False,False,False,False,excluded,excluded,False
zfhki1,2022-12-07,stocks,"Did Europe bottom? WSJ: ""Investors See Shift in Europe’s Fortunes.""",Ukraine|Russia|Russian|invasion|sanctions,available,False,True,True,True,True,True,True,False,False,True,False,True,True,multiple_paths,geopolitical_crisis_financial,False
zfuthk,2022-12-08,stocks,Weapon companies and manufacturing.,Ukraine,available,False,True,False,True,True,True,True,False,False,True,False,True,True,direct_ukraine_financial,geopolitical_crisis_financial,False
zgd7is,2022-12-08,investing,West Texas Intermediate vs Dollar,sanctions,available,False,False,False,True,True,True,True,False,False,False,False,False,False,excluded,excluded,False
zgn49v,2022-12-09,investing,With a potential upcoming/worsening recession what is the best time to start DCA'ing?,Ukraine,available,False,True,False,True,True,True,True,False,False,True,False,True,True,direct_ukraine_financial,geopolitical_crisis_financial,False
zh6ll1,2022-12-09,stocks,Should a person be investing in oil now that it is at a 1 year low? My personal opinion: Yes,Russia,available,False,False,True,False,False,True,True,False,False,False,False,False,False,excluded,excluded,False
ziuep7,2022-12-11,investing,Impact of Russia-Ukraine war ending early 2023,Ukraine|Russia,removed,True,True,True,True,True,False,False,False,False,False,False,False,False,excluded,excluded,False
ziupq9,2022-12-11,investing,Impact of Ukraine-Russia war ending early 2023,Ukraine|Russia,removed,True,True,True,True,True,False,False,False,False,False,False,False,False,excluded,excluded,False
zjyuda,2022-12-12,StockMarket,"World Economy Heads for One of Its Worst Years in Three Decades, per Bloomberg Economics",Ukraine,available,False,True,False,True,True,True,True,False,False,True,False,True,True,direct_ukraine_financial,geopolitical_crisis_financial,False
zk37ne,2022-12-12,stocks,"Medici Etherton Code is an insurance policy that protects the U. S. of America from foreign invasion, 'Game of Thrones,' Colonization.",invasion,removed,True,False,False,True,True,False,False,False,False,False,False,False,False,excluded,excluded,False
zk3r8j,2022-12-12,StockMarket,Deep Dive on Nickel: Global Supply Shortage | Canada's Role,Russia,available,False,False,True,False,False,True,True,False,False,False,False,False,False,excluded,excluded,False
zkuyf1,2022-12-13,StockMarket,"The S&P 500 will climb 12% next year as inflation keeps falling and China's reopening eases supply chain pressures, Oppenheimer says",Ukraine|Russia,available,False,True,True,True,True,True,True,False,False,True,False,True,True,multiple_paths,geopolitical_crisis_financial,False
zl7u42,2022-12-13,StockMarket,Expanding Argentina’s Largest Uranium Resource - Blue Sky Uranium (TSXV: BSK / OTCQB: BKUCF),Russia,available,False,False,True,False,False,True,True,False,False,False,False,False,False,excluded,excluded,False
zlnqp1,2022-12-14,stocks,"Profit driven inflation, not wage inflation?",Ukraine|Putin,available,False,True,True,True,True,True,True,False,False,True,False,True,True,multiple_paths,geopolitical_crisis_financial,False
zlzaim,2022-12-14,stocks,Fed raises interest rates half a point to highest level in 15 years,Ukraine|Russia|invasion,available,False,True,True,True,True,True,True,False,False,True,False,True,True,multiple_paths,geopolitical_crisis_financial,False
zm7dzu,2022-12-15,investing,Investing Course In Russian,Russian,available,False,False,True,False,False,True,True,False,False,False,False,False,False,excluded,excluded,False
zo5w4x,2022-12-17,stocks,"Trouble for HZO, WMAR, MBUU, MCFT, BC, MPX – sanctions are coming",sanctions,removed,True,False,False,True,True,False,False,False,False,False,False,False,False,excluded,excluded,False
zo5wx3,2022-12-17,investing,"Trouble for HZO, WMAR, MBUU, MCFT, BC, MPX – sanctions are coming",sanctions,removed,True,False,False,True,True,False,False,False,False,False,False,False,False,excluded,excluded,False
zpliom,2022-12-19,StockMarket,Putin’s War Makes Russian Stocks World’s Worst With Grim Outlook,Russian|Putin,blank,True,False,True,True,True,True,True,False,False,True,False,True,True,russia_conflict_financial,geopolitical_crisis_financial,False
zpnu39,2022-12-19,stocks,Why December CPI numbers are likely going to show deflation and why annualized inflation will rapidly approach 0 in 2023.,Ukraine|invasion,available,False,True,False,True,True,True,True,False,False,True,False,True,True,direct_ukraine_financial,geopolitical_crisis_financial,False
zq9hln,2022-12-20,StockMarket,Falling: The Story of 2023,Ukraine,available,False,True,False,True,True,True,True,False,False,True,False,True,True,direct_ukraine_financial,geopolitical_crisis_financial,False
zqa6mc,2022-12-20,stocks,Who really caused inflation? Biden? Powell? Trump? Xi? Putin?,Ukraine|Putin,available,False,True,True,True,True,True,True,False,False,True,False,True,True,multiple_paths,geopolitical_crisis_financial,False
zqnbk9,2022-12-20,investing,Is Bayer a good buy? Why the stock is going down now?,Ukraine|Russian,available,False,True,True,True,True,True,True,False,False,True,False,True,True,multiple_paths,geopolitical_crisis_financial,False
zqolkb,2022-12-20,investing,3 Retail Defensive Stocks To Consider,Ukraine,available,False,True,False,False,False,True,True,False,False,False,False,True,False,direct_ukraine_financial,excluded,True
zqrwlc,2022-12-20,stocks,Revisiting old TSLA threads,Ukraine,available,False,True,False,True,True,True,True,False,False,True,False,True,True,direct_ukraine_financial,geopolitical_crisis_financial,False
zr1fek,2022-12-20,investing,"Hey guys. Don’t know if this will get any traction here, but I’m raising funds to start a non profit that would directly support Ukraine and other countries having to deal with the struggles of war. Anything helps. https://gofund.me/9042754e",Ukraine,removed,True,True,False,True,True,True,True,False,False,True,False,True,True,direct_ukraine_financial,geopolitical_crisis_financial,False
zrdnvg,2022-12-21,StockMarket,Omnibus Bill,Ukraine,available,False,True,False,True,True,True,True,False,False,True,False,True,True,direct_ukraine_financial,geopolitical_crisis_financial,False
zsouaj,2022-12-22,stocks,I’m more worried about Ukraine than I am about stocks,Ukraine,removed,True,True,False,False,False,True,True,False,False,False,False,True,False,direct_ukraine_financial,excluded,True
zt2z4r,2022-12-23,StockMarket,Elon Musk Perplexed as Twitter Begins Widespread Suspensions of Accounts Critical of U.S. Funding for Ukraine and Zelenskyy Grift,Ukraine,removed,True,True,False,False,False,False,False,False,False,False,False,False,False,excluded,excluded,False
zt4bqc,2022-12-23,stocks,Fall of the USD,Russia,available,False,False,True,False,False,True,True,False,False,False,False,False,False,excluded,excluded,False
ztu9tn,2022-12-23,stocks,What do you believe is already baked into the market?,Ukraine|Russia,available,False,True,True,False,True,True,True,False,False,True,False,True,True,direct_ukraine_financial,geopolitical_crisis_financial,False
zu3w1e,2022-12-24,investing,What are your views on CBDC's?,Ukraine|Russia|invasion|sanctions,available,False,True,True,True,True,True,True,False,False,True,False,True,True,multiple_paths,geopolitical_crisis_financial,False
zupwfe,2022-12-25,stocks,Last punch - AMD & Micron,Putin,available,False,False,True,False,False,True,True,False,False,False,False,False,False,excluded,excluded,False
zwh7yn,2022-12-27,investing,Lumpsum vs DCA: DON'T Rely on the Math,Russian,available,False,False,True,False,False,True,True,False,False,False,False,False,False,excluded,excluded,False
zwmp18,2022-12-27,stocks,Putin bans sale of Russian oil to the west,Ukraine|Russia|Russian|Putin|Moscow,available,False,True,True,True,True,True,True,False,False,True,False,True,True,multiple_paths,geopolitical_crisis_financial,False
zwqajj,2022-12-27,StockMarket,Investing bible by Ethan Lee,Ukraine|invasion,available,False,True,False,True,True,True,True,False,False,True,False,True,True,direct_ukraine_financial,geopolitical_crisis_financial,False
zx2ver,2022-12-28,stocks,What's fundamentally different about Tesla 2019 vs Tesla 2022?,Ukraine|Russia,available,False,True,True,True,True,True,True,False,False,True,False,True,True,multiple_paths,geopolitical_crisis_financial,False
zxg4es,2022-12-28,StockMarket,Words cant explain how I feel everytime i open my account. Is it just me? I get that the market is down but not this bad. It all went downhill after the war in Ukraine started.,Ukraine,blank,True,True,False,True,True,True,True,False,False,True,False,True,True,direct_ukraine_financial,geopolitical_crisis_financial,False
zxq9wh,2022-12-29,investing,The Market in 2022: A Year In Review,Ukraine|Russia,available,False,True,True,True,True,True,True,False,False,True,False,True,True,multiple_paths,geopolitical_crisis_financial,False
zy2uc9,2022-12-29,stocks,contingent value rights of AGTC,Russian,available,False,False,True,False,False,True,True,False,False,False,False,False,False,excluded,excluded,False
zy3zku,2022-12-29,stocks,"Hi everyone, I'm interested in hearing your thoughts on the potential impact of a resolution to the conflict in Ukraine on the stock market.",Ukraine,removed,True,True,False,True,True,True,True,False,False,True,False,True,True,direct_ukraine_financial,geopolitical_crisis_financial,False
zy9zie,2022-12-29,StockMarket,"Latest Zoltan Pozsar from CS - ""War and Commodity Encumbrance"" - Deep Dive Into Geopolitical Risk, Global Currency Networks and Commodity Markets",Ukraine|Russia|Russian|Putin|sanctions|NATO,available,False,True,True,True,True,True,True,False,False,True,False,True,True,multiple_paths,geopolitical_crisis_financial,False
zya1w2,2022-12-29,StockMarket,Amazon lost half its value this year as tech stocks got crushed and recession fears grew,Ukraine,available,False,True,False,True,True,True,True,False,False,True,False,True,True,direct_ukraine_financial,geopolitical_crisis_financial,False
zybmqt,2022-12-29,stocks,Predictions and Sectors to Watch Out for in 2023: Thoughts and Discussion,Ukraine|Russia,available,False,True,True,True,True,True,True,False,False,True,False,True,True,multiple_paths,geopolitical_crisis_financial,False
zybn7s,2022-12-29,StockMarket,Predictions and Sectors to Watch Out for in 2023: Thoughts and Discussion,Ukraine|Russia,available,False,True,True,True,True,True,True,False,False,True,False,True,True,multiple_paths,geopolitical_crisis_financial,False
zyw13e,2022-12-30,stocks,"182:1 high vote! China and Russia join forces in favor of UN verification of biological weapons, US opposition nullified",Russia,removed,True,False,True,False,False,False,False,False,False,False,False,False,False,excluded,excluded,False
zzj3c6,2022-12-31,StockMarket,"Wall Street Week Ahead for the trading week beginning January 2nd, 2023 (Happy New Year!)",Ukraine|invasion,available,False,True,False,True,True,True,True,False,False,True,False,True,True,direct_ukraine_financial,geopolitical_crisis_financial,False
zzj6nf,2022-12-31,stocks,"Wall Street Week Ahead for the trading week beginning January 2nd, 2023 (Happy New Year!)",Ukraine|invasion,available,False,True,False,True,True,True,True,False,False,True,False,True,True,direct_ukraine_financial,geopolitical_crisis_financial,False
100tiwu,2023-01-01,stocks,Re: My shorting competition post 4 months ago,Russian,available,False,False,True,True,True,True,True,False,False,True,False,True,True,russia_conflict_financial,geopolitical_crisis_financial,False
100zdqx,2023-01-02,investing,Is the inflation fight just beginning?,Russian|invasion,available,False,False,True,True,True,True,True,False,False,True,False,True,True,russia_conflict_financial,geopolitical_crisis_financial,False
10115im,2023-01-02,stocks,"From steep interest-rate cuts to oil crashing as low as $40 a barrel, here are 8 surprise scenarios that could shock markets in 2023",Ukraine|Russia,available,False,True,True,True,True,True,True,False,False,True,False,True,True,multiple_paths,geopolitical_crisis_financial,False
102gzlu,2023-01-03,stocks,"Stocks making the biggest moves midday: TSLA, SQ, PYPL, COOK, MOH...",Ukraine|Russia|Russian|invasion|sanctions,available,False,True,True,True,True,True,True,False,False,True,False,True,True,multiple_paths,geopolitical_crisis_financial,False
102q6jd,2023-01-04,StockMarket,"⚜️⚜️ Gld, Gdx, Gdxj, Gldi, G G G Gsss!!",Ukraine|Russia|Russian|Putin|sanctions,available,False,True,True,True,True,True,True,False,True,True,True,True,True,multiple_paths,multiple_paths,False
102yoo2,2023-01-04,StockMarket,Ukrainian pharmacies allow crypto payments via Binance Pay -,Ukrainian,blank,True,True,False,False,False,False,False,False,False,False,False,False,False,excluded,excluded,False
103e3m0,2023-01-04,stocks,Ivanhoe mines a company for long term returns,Russia|Russian|sanctions,available,False,False,True,True,True,True,True,False,False,True,False,True,True,russia_conflict_financial,geopolitical_crisis_financial,False
103qw3j,2023-01-05,stocks,How would you capitalize on a new Russian offensive?,Russian|Putin,available,False,False,True,True,True,True,True,False,False,True,False,True,True,russia_conflict_financial,geopolitical_crisis_financial,False
10495lu,2023-01-05,stocks,Moldova commercial banks deposit rates close to 15%,Russian|invasion,available,False,False,True,True,True,True,True,False,False,True,False,True,True,russia_conflict_financial,geopolitical_crisis_financial,False
104igk2,2023-01-06,stocks,my case for oil.,Russia,available,False,False,True,False,False,True,True,False,False,False,False,False,False,excluded,excluded,False
104wj1a,2023-01-06,investing,Someone please explain to me..,Ukraine,available,False,True,False,True,True,True,True,False,False,True,False,True,True,direct_ukraine_financial,geopolitical_crisis_financial,False
1056n99,2023-01-06,stocks,Can we all agree this stock market is resilient?,Ukraine|Russia,available,False,True,True,True,True,True,True,False,False,True,False,True,True,multiple_paths,geopolitical_crisis_financial,False
105pbof,2023-01-07,stocks,"Quick Summary of the Economic and Investing Outlook in 2023 for the US, UK and the Eurozone: Research and Thoughts",Ukraine,available,False,True,False,True,True,True,True,False,False,True,False,True,True,direct_ukraine_financial,geopolitical_crisis_financial,False
105pgzo,2023-01-07,investing,"Quick Summary of the Economic and Investing Outlook in 2023 for the US, UK and the Eurozone: Research and Thoughts",Ukraine,available,False,True,False,True,True,True,True,False,False,True,False,True,True,direct_ukraine_financial,geopolitical_crisis_financial,False
105u4tf,2023-01-07,StockMarket,Binance joins association to address global sanctions compliance,sanctions,blank,True,False,False,True,True,False,False,False,False,False,False,False,False,excluded,excluded,False
1066j8f,2023-01-08,stocks,Amazon(AMZN) DCF Analysis need criticisms and advice,Ukraine,available,False,True,False,True,True,True,True,False,False,True,False,True,True,direct_ukraine_financial,geopolitical_crisis_financial,False
1079wlq,2023-01-09,stocks,Effect of the insurrection in Brazil on the markets,invasion,available,False,False,False,True,True,True,True,False,False,False,False,False,False,excluded,excluded,False
1086nix,2023-01-10,investing,The Titanium Supply Chain For The Aerospace Industry Goes Through Russia,Russia,removed,True,False,True,False,False,False,False,False,False,False,False,False,False,excluded,excluded,False
1086tao,2023-01-10,investing,Titanium for the Aerospace industry,Russia|Russian|invasion|sanctions|NATO,available,False,False,True,True,True,True,True,False,False,True,False,True,True,russia_conflict_financial,geopolitical_crisis_financial,False
109xmoq,2023-01-12,StockMarket,"Return of A Tech Sleeper: Adamant Holdings (CSE: ADMT) (OTC: UCCPF) (FSE: U06) Acquires 51% of EuroproNET an ISP with contracts with Coca-cola $250B MC, NATO, Philips Consumer (US$13B MC), Raiffeisen Bank (US$220B AUM), Intesa Sanpaolo (Italy's largest bank/worlds 27th largest financial institution)",NATO,available,False,False,False,True,True,True,True,False,False,False,False,False,False,excluded,excluded,False
10aevdq,2023-01-12,StockMarket,Returns Annualized - Composer's Year In Review 2022,Ukraine|Ukrainian|Russian|invasion,available,False,True,True,True,True,True,True,False,False,True,False,True,True,multiple_paths,geopolitical_crisis_financial,False
10b13ts,2023-01-13,StockMarket,Can anyone ELI5 why oil prices have collapsed but oil-related companies are still surging?,invasion,available,False,False,False,True,True,True,True,False,False,False,False,False,False,excluded,excluded,False
10b2jkg,2023-01-13,StockMarket,"Latest from Nomura/McElligott on Flows -> Macro/Micro, Broad exposures, CTAs, Vol & Skew",Ukraine|Russia,available,False,True,True,False,True,True,True,False,False,True,False,True,True,direct_ukraine_financial,geopolitical_crisis_financial,False
10bwl48,2023-01-14,stocks,Russia Mobilizing 2M+ Troops For War -- How Will Stock Market React,Russia,removed,True,False,True,True,True,True,True,False,False,True,False,True,True,russia_conflict_financial,geopolitical_crisis_financial,False
10by9iu,2023-01-14,StockMarket,Russia just gave another hint that second draft is coming,Russia,blank,True,False,True,False,False,False,False,False,False,False,False,False,False,excluded,excluded,False
10cm7zf,2023-01-15,investing,What are your thoughts on Gold?,Ukraine,available,False,True,False,True,True,True,True,False,False,True,False,True,True,direct_ukraine_financial,geopolitical_crisis_financial,False
10df4wj,2023-01-16,StockMarket,TSLA Tesla Q3 SEC Filling Dive in and Main Takeaways,sanctions,available,False,False,False,True,True,True,True,False,False,False,False,False,False,excluded,excluded,False
10df5kw,2023-01-16,stocks,TSLA Tesla Q3 SEC Filling Dive in and Main Takeaways,sanctions,available,False,False,False,True,True,True,True,False,False,False,False,False,False,excluded,excluded,False
10e7sl2,2023-01-17,investing,Why I like Berkshire -- and I think you should too... (at the right price),Ukraine|Russia,available,False,True,True,True,True,True,True,False,False,True,False,True,True,multiple_paths,geopolitical_crisis_financial,False
10e8o4y,2023-01-17,stocks,Trading long the Chinese stock market indexes,Russian,available,False,False,True,False,False,True,True,False,False,False,False,False,False,excluded,excluded,False
10ephp7,2023-01-17,StockMarket,Russia and Iran intend to launch a new stablecoin backed by gold.,Russia,blank,True,False,True,False,False,True,True,False,False,False,False,False,False,excluded,excluded,False
10g4inp,2023-01-19,StockMarket,Increasing Market Potential of Vanadium and Vanadium Flow Batteries,Ukraine|Russia|Russian,available,False,True,True,True,True,True,True,False,False,True,False,True,True,multiple_paths,geopolitical_crisis_financial,False
10gavm4,2023-01-19,StockMarket,VanEck Russia ETF (RSX) liquidation,Russia,removed,True,False,True,False,False,True,True,False,False,False,False,False,False,excluded,excluded,False
10gx9x0,2023-01-20,stocks,Speculative Buy: BBU,Ukraine|Russian|sanctions,available,False,True,True,True,True,True,True,False,False,True,False,True,True,multiple_paths,geopolitical_crisis_financial,False
10h3jo4,2023-01-20,investing,Planned refinery maintenance to greatly reduce US refined fuels output,Russian,available,False,False,True,False,False,True,True,False,False,False,False,False,False,excluded,excluded,False
10hiba5,2023-01-21,investing,Growth investing as a bet on interest rates.,Russian,available,False,False,True,True,True,True,True,False,False,True,False,True,True,russia_conflict_financial,geopolitical_crisis_financial,False
10hikti,2023-01-21,StockMarket,Will the end of the Ukrainian war be a catalyst into a bull market?,Ukrainian,removed,True,True,False,True,True,True,True,False,False,True,False,True,True,direct_ukraine_financial,geopolitical_crisis_financial,False
10hir2i,2023-01-21,StockMarket,Will the war in Ukraine ending be the catalyst to a new bull run starting?,Ukraine|Russia|Russian|Putin,available,False,True,True,True,True,False,False,False,False,False,False,False,False,excluded,excluded,False
10iymjh,2023-01-23,stocks,An update to Euro/US macro situation. FT: Eurozone set to avoid recession this year as economists’ gloom lifts,Ukraine|Russia|invasion,available,False,True,True,True,True,True,True,False,False,True,False,True,True,multiple_paths,geopolitical_crisis_financial,False
10izb7y,2023-01-23,investing,An update to Euro/US macro situation. FT: Eurozone set to avoid recession this year as economists’ gloom lifts,Ukraine|Russia|invasion,available,False,True,True,True,True,True,True,False,False,True,False,True,True,multiple_paths,geopolitical_crisis_financial,False
10j8msf,2023-01-23,stocks,"Long bonds , full port",Russia,available,False,False,True,False,False,True,True,False,False,False,False,False,False,excluded,excluded,False
10jcd04,2023-01-23,stocks,"Spotify to trim 6% of workforce, content head to depart",Ukraine|Russia,available,False,True,True,True,True,True,True,False,False,True,False,True,True,multiple_paths,geopolitical_crisis_financial,False
10jg8oi,2023-01-23,stocks,"Are defense contractors (Northrop, Boeing, Raytheon) bad choices for an investment at the moment?",Ukraine,available,False,True,False,True,True,True,True,False,False,True,False,True,True,direct_ukraine_financial,geopolitical_crisis_financial,False
10k6a3l,2023-01-24,StockMarket,How to trade Russian stocks as a US citizen?,Russian,removed,True,False,True,False,False,True,True,False,False,False,False,False,False,excluded,excluded,False
10kay7u,2023-01-24,StockMarket,A small overview about the latest news around the nuclear power restarts and the evolution in global uranium supply gap + latest information on a couple uranium companies,Russia,available,False,False,True,False,False,True,True,False,False,False,False,False,False,excluded,excluded,False
10lfxv6,2023-01-26,stocks,"Chevron announces $75 billion stock buyback, dividend boost",Ukraine|Russia|invasion,available,False,True,True,True,True,True,True,False,False,True,False,True,True,multiple_paths,geopolitical_crisis_financial,False
10otuwf,2023-01-30,StockMarket,Bitcoin Barrels Toward Historic January as Crypto Market Jumps by $280 Billion,Ukraine|Russia|Russian|Putin,available,False,True,True,False,True,True,True,False,False,True,False,True,True,direct_ukraine_financial,geopolitical_crisis_financial,False
10oxqey,2023-01-30,stocks,Germany May Still See Recession After Fourth-Quarter Contraction,Ukraine|Russia|invasion,available,False,True,True,True,True,True,True,False,False,True,False,True,True,multiple_paths,geopolitical_crisis_financial,False
10q7wtl,2023-01-31,stocks,"GM smashes expectations and guides toward a strong 2023, despite margin squeeze",Russia,available,False,False,True,False,False,True,True,False,False,False,False,False,False,excluded,excluded,False
10r2wnp,2023-02-01,stocks,"Fed raises rates a quarter point, expects ‘ongoing’ increases",Ukraine,available,False,True,False,True,True,True,True,False,False,True,False,True,True,direct_ukraine_financial,geopolitical_crisis_financial,False
10rk9jt,2023-02-02,stocks,Shell reports highest profits in 115 years,Ukraine|Russia|invasion,available,False,True,True,True,True,True,True,False,False,True,False,True,True,multiple_paths,geopolitical_crisis_financial,False
10rq9r6,2023-02-02,investing,Shell reports highest profits in 115 years,Ukraine|Russia|invasion,available,False,True,True,True,True,True,True,False,False,True,False,True,True,multiple_paths,geopolitical_crisis_financial,False
10s08rj,2023-02-02,investing,What would be the implications of a Chinese invasion of Taiwan on the semiconductor market?,invasion,removed,True,False,False,True,True,True,True,False,False,False,False,False,False,excluded,excluded,False
10s0cos,2023-02-02,stocks,What would be the implications of a Chinese invasion of Taiwan on the semiconductor market?,invasion,available,False,False,False,True,True,True,True,False,False,False,False,False,False,excluded,excluded,False
10s0w5l,2023-02-02,stocks,Amazon earnings are out — here are the numbers,Ukraine,available,False,True,False,True,True,True,True,False,False,True,False,True,True,direct_ukraine_financial,geopolitical_crisis_financial,False
10snk3z,2023-02-03,StockMarket,Time to Buy,Ukraine|Russia,available,False,True,True,True,True,True,True,False,False,True,False,True,True,multiple_paths,geopolitical_crisis_financial,False
10tncxa,2023-02-04,StockMarket,Summarized Palantir News this week [Feb 5],Ukraine,available,False,True,False,True,True,True,True,False,False,True,False,True,True,direct_ukraine_financial,geopolitical_crisis_financial,False
10tpt11,2023-02-04,StockMarket,"Draganfly Enters India’s Drone Market, Continues Efforts in Ukraine, and Talks Clean Tech (summary)",Ukraine|Russia,available,False,True,True,True,True,True,True,False,False,True,False,True,True,multiple_paths,geopolitical_crisis_financial,False
10tv0xs,2023-02-04,stocks,"Last year cost them $3.9 trillion in market value. Now Apple, Amazon, Alphabet, Microsoft and Meta are championing austerity.",Ukraine,available,False,True,False,True,True,True,True,False,False,True,False,True,True,direct_ukraine_financial,geopolitical_crisis_financial,False
10ugags,2023-02-05,investing,Geopolitical Investing: Any thoughts and strategies as to how to best position your portfolio? Don’t like how tensions with China are evolving….also Russia an Iran plan to build drones together for use in Ukraine.,Ukraine|Russia,removed,True,True,True,False,True,True,True,False,False,True,False,True,True,direct_ukraine_financial,geopolitical_crisis_financial,False
10uo081,2023-02-05,StockMarket,What will happen in the stock market if Ukraine lose?,Ukraine,removed,True,True,False,False,False,True,True,False,False,False,False,True,False,direct_ukraine_financial,excluded,True
10vaiyh,2023-02-06,StockMarket,Russia Stock Market Projected to grow Faster than Britain and Germany in 2023,Russia,removed,True,False,True,False,False,True,True,False,False,False,False,False,False,excluded,excluded,False
10vtdxy,2023-02-07,stocks,Bayerische Motoren Werke AG (BMW) DCF,Ukraine,available,False,True,False,True,True,True,True,False,False,True,False,True,True,direct_ukraine_financial,geopolitical_crisis_financial,False
10x5jwj,2023-02-08,StockMarket,January 2024 might be the start of decline in Russia,Russia,removed,True,False,True,False,False,False,False,False,False,False,False,False,False,excluded,excluded,False
10x5ko7,2023-02-08,stocks,January 2024 might be the start of decline in Russia,Russia,removed,True,False,True,False,False,False,False,False,False,False,False,False,False,excluded,excluded,False
10x5t6q,2023-02-08,investing,January 2024 might be the start of decline in Russia,Russia,removed,True,False,True,False,False,False,False,False,False,False,False,False,False,excluded,excluded,False
10xcf5q,2023-02-08,stocks,"Thoughts on Cybersecurity stocks in 2023. With increased tension between the US, Russia, China etc.",Russia,removed,True,False,True,False,True,True,True,False,False,True,False,False,True,excluded,geopolitical_crisis_financial,True
10xoxpw,2023-02-09,stocks,What meme stocks are trending?,Russia,available,False,False,True,False,False,True,True,False,False,False,False,False,False,excluded,excluded,False
10xxpa1,2023-02-09,stocks,Russian economy forecasted to beat Germany and Britain in 2023,Russian,removed,True,False,True,False,False,True,True,False,False,False,False,False,False,excluded,excluded,False
10y3iky,2023-02-09,stocks,China Sanctions,sanctions,removed,True,False,False,True,True,False,False,False,False,False,False,False,False,excluded,excluded,False
10ys338,2023-02-10,stocks,"Russia will cut output by 500,000 barrels a day next month in retaliation against Western sanctions",Russia|sanctions,deleted,True,False,True,True,True,False,False,False,False,False,False,False,False,excluded,excluded,False
10ys3z8,2023-02-10,stocks,"Russia announces it will cut oil output by 500,000 barrels a day next month in retaliation against Western sanctions",Ukraine|Russia|Russian|Moscow|invasion|sanctions,available,False,True,True,True,True,True,True,False,False,True,False,True,True,multiple_paths,geopolitical_crisis_financial,False
10yu9cg,2023-02-10,StockMarket,BP CEO says company will stay firm on investment strategy~?,Russia|sanctions,available,False,False,True,True,True,True,True,False,False,True,False,True,True,russia_conflict_financial,geopolitical_crisis_financial,False
10yues7,2023-02-10,StockMarket,Market Dip: U.S. Stocks End Week on Low Note with Mixed Corporate Earnings and Fluctuating Interest Rates ~?,Russia,available,False,False,True,False,False,True,True,False,False,False,False,False,False,excluded,excluded,False
10yv9lf,2023-02-10,investing,Getting spam about a purchase of shares,invasion,available,False,False,False,True,True,True,True,False,False,False,False,False,False,excluded,excluded,False
10yxaez,2023-02-10,StockMarket,Oil stocks continue to rally even as oil prices go down,Russia|sanctions,available,False,False,True,True,True,True,True,False,False,True,False,True,True,russia_conflict_financial,geopolitical_crisis_financial,False
10zm4c9,2023-02-11,StockMarket,"Russia's declining oil revenues could devalue ruble in 'vicious circle,' experts warn",Russia,blank,True,False,True,False,False,True,True,False,False,False,False,False,False,excluded,excluded,False
10zux1x,2023-02-11,stocks,Natural Gas Prices Set To Sky Rocket 🚀 After Putin Cuts Oil Output Amid Price Cap👀,Putin,removed,True,False,True,False,False,True,True,False,False,False,False,False,False,excluded,excluded,False
10zuypw,2023-02-11,StockMarket,Natural Gas Prices Set To Sky Rocket 🚀 After Putin Cuts Oil Output Amid Price Cap👀,Russia|Russian|Putin,available,False,False,True,False,False,True,True,False,False,False,False,False,False,excluded,excluded,False
10zv0oe,2023-02-11,StockMarket,Natural Gas Prices Set To Sky Rocket 🚀 After Putin Cuts Oil Output Amid Price Cap👀,Russia|Russian|Putin,available,False,False,True,False,False,True,True,False,False,False,False,False,False,excluded,excluded,False
110xjev,2023-02-13,stocks,US sanctions six Chinese tech companies for supporting spy balloon programs,sanctions,removed,True,False,False,True,True,True,True,False,False,False,False,False,False,excluded,excluded,False
1111yp0,2023-02-13,stocks,How would the stock market be effected by an alien invasion?,invasion,removed,True,False,False,True,True,True,True,False,False,False,False,False,False,excluded,excluded,False
111umz0,2023-02-14,StockMarket,"In 2021, the United States purchased 14 percent of its uranium from Russia.",Ukraine|Russia|Russian|sanctions,available,False,True,True,True,True,True,True,False,False,True,False,True,True,multiple_paths,geopolitical_crisis_financial,False
1127fr1,2023-02-14,stocks,"Coca-Cola Earnings - revenue rises in fourth quarter, fueled by higher prices",Russian,available,False,False,True,False,False,True,True,False,False,False,False,False,False,excluded,excluded,False
1127hqq,2023-02-14,stocks,"RESTAURANTS Burger King-owner Restaurant Brands posts strong fourth quarter, names new CEO",Ukraine|Russia|invasion,available,False,True,True,True,True,True,True,False,False,True,False,True,True,multiple_paths,geopolitical_crisis_financial,False
112whgs,2023-02-15,investing,Found a direction for investing that looks very tasty. Help me figure out if I'm right or wrong.,Russia,available,False,False,True,False,False,True,True,False,False,False,False,False,False,excluded,excluded,False
113ifkt,2023-02-16,StockMarket,This website started promoting Russian cryptos and donating directly to Vladimir Putin. I’ve heard numbers in the hundreds of millions. Woww.,Russian|Putin,blank,True,False,True,False,False,False,False,False,False,False,False,False,False,excluded,excluded,False
1143gmq,2023-02-16,StockMarket,So called military exercises in South Africa with Russia and China. Let me tell you it's not an exercise.,Russia,removed,True,False,True,True,True,False,False,False,False,False,False,False,False,excluded,excluded,False
114ym7j,2023-02-17,StockMarket,"SouthAfrica holding 10 days of joint naval drills with Russia and China points towards a ""re-ordering of the international spheres of influence.""",Russia,blank,True,False,True,False,False,False,False,False,False,False,False,False,False,excluded,excluded,False
1153zih,2023-02-18,StockMarket,"Wall Street Week Ahead for the trading week beginning February 20th, 2023",Ukraine|Russia|invasion,available,False,True,True,True,True,True,True,False,False,True,False,True,True,multiple_paths,geopolitical_crisis_financial,False
115430p,2023-02-18,stocks,"Wall Street Week Ahead for the trading week beginning February 20th, 2023",Ukraine|Russia|invasion,available,False,True,True,True,True,True,True,False,False,True,False,True,True,multiple_paths,geopolitical_crisis_financial,False
115pyye,2023-02-18,StockMarket,META Summarized News for the week [Feb 19],sanctions,available,False,False,False,True,True,True,True,False,False,False,False,False,False,excluded,excluded,False
117du3f,2023-02-20,stocks,Would a Chinese invasion of Taiwan bring the Tech stocks to their knees?,invasion,available,False,False,False,True,True,True,True,False,False,False,False,False,False,excluded,excluded,False
117j5re,2023-02-20,StockMarket,BRICS News: Russia joins China & South Africa for naval drills in Indian Ocean,Russia,blank,True,False,True,False,False,False,False,False,False,False,False,False,False,excluded,excluded,False
117thbq,2023-02-21,StockMarket,Meanwhile China’s Xi Jinping and Putin making crepes and just hanging out together! Wonder what these two are planning? 👀,Putin,blank,True,False,True,False,False,False,False,False,False,False,False,False,False,excluded,excluded,False
117u8q1,2023-02-21,stocks,How to prepare for war financially?,Russia,available,False,False,True,True,True,True,True,True,True,True,True,True,True,multiple_paths,multiple_paths,False
1182jxg,2023-02-21,StockMarket,‘They started the war’: Russia’s Putin blames West and Ukraine for provoking conflict,Ukraine|Russia|Putin,removed,True,True,True,True,True,False,False,False,False,False,False,False,False,excluded,excluded,False
1189g1a,2023-02-21,StockMarket,Investing in Ukraine Stock Market,Ukraine,removed,True,True,False,False,False,True,True,False,False,False,False,True,False,direct_ukraine_financial,excluded,True
1189r0j,2023-02-21,StockMarket,Ukraine Stock Market,Ukraine,removed,True,True,False,False,False,True,True,False,False,False,False,True,False,direct_ukraine_financial,excluded,True
118a3kq,2023-02-21,StockMarket,Ukraine Stock Market,Ukraine,removed,True,True,False,False,False,True,True,False,False,False,False,True,False,direct_ukraine_financial,excluded,True
118yni6,2023-02-22,investing,Russian stocks. What are the options?,Russian,removed,True,False,True,False,False,True,True,False,False,False,False,False,False,excluded,excluded,False
118yyr1,2023-02-22,stocks,What are you guys doing with a Russian stocks on your account?,Russian,removed,True,False,True,False,False,True,True,False,False,False,False,False,False,excluded,excluded,False
119ix8p,2023-02-23,investing,Dividend ETFs vs single Stocks,Russia,available,False,False,True,False,False,True,True,False,False,False,False,False,False,excluded,excluded,False
119urwu,2023-02-23,stocks,$DVYE - Your thoughts on iShares EM Dividend ETF right now?,Russian,available,False,False,True,True,True,True,True,False,False,True,False,True,True,russia_conflict_financial,geopolitical_crisis_financial,False
11a26ep,2023-02-23,investing,$DVYE - Your thoughts on iShares EM Dividend ETF right now?,Russian,available,False,False,True,True,True,True,True,False,False,True,False,True,True,russia_conflict_financial,geopolitical_crisis_financial,False
11a2dbz,2023-02-23,StockMarket,$DVYE - Your thoughts on iShares EM Dividend ETF right now?,Russian,available,False,False,True,True,True,True,True,False,False,True,False,True,True,russia_conflict_financial,geopolitical_crisis_financial,False
11aj6fo,2023-02-24,stocks,Thoughts on $RTX?(Brief DD),Ukraine|Russian,available,False,True,True,True,True,True,True,False,False,True,False,True,True,multiple_paths,geopolitical_crisis_financial,False
11b1tyi,2023-02-24,investing,"Outside of the US, which international market are you most bullish on?",Ukraine,available,False,True,False,True,True,True,True,False,False,True,False,True,True,direct_ukraine_financial,geopolitical_crisis_financial,False
11bey8f,2023-02-25,stocks,"War ends tomorrow, which tickers would have you rather own today?",Ukraine,available,False,True,False,True,True,True,True,False,False,True,False,True,True,direct_ukraine_financial,geopolitical_crisis_financial,False
11bmtr3,2023-02-25,StockMarket,The Ukrainian conflict updates…!,Ukrainian,deleted,True,True,False,True,True,False,False,False,False,False,False,False,False,excluded,excluded,False
11bnukt,2023-02-25,StockMarket,The Market Will be Choppy untill War in Ukraine is over.,Ukraine,blank,True,True,False,True,True,True,True,False,False,True,False,True,True,direct_ukraine_financial,geopolitical_crisis_financial,False
11bor6s,2023-02-25,StockMarket,Updates on the Ukrainian war…!,Ukrainian,deleted,True,True,False,True,True,False,False,False,False,False,False,False,False,excluded,excluded,False
11brqwg,2023-02-25,StockMarket,All the updates you need about the Ukraine war…!,Ukraine,removed,True,True,False,True,True,False,False,False,False,False,False,False,False,excluded,excluded,False
11c7vcq,2023-02-26,StockMarket,All the updates you need about the Ukraine war…!,Ukraine,removed,True,True,False,True,True,False,False,False,False,False,False,False,False,excluded,excluded,False
11cf6bl,2023-02-26,investing,What happens to the regular citizen's money abroad in case of war?,Russian,available,False,False,True,True,True,True,True,False,False,True,False,True,True,russia_conflict_financial,geopolitical_crisis_financial,False
11cipii,2023-02-26,StockMarket,"Inflation and the war in Ukraine have given us massive stock losses. To fix this, we each Venmo half our cash to a Russian, therefore overflowing their economy with capital and ravaging them with inflation, while we will have deflation, therefore tremendous stock gains",Ukraine|Russian,blank,True,True,True,True,True,True,True,False,False,True,False,True,True,multiple_paths,geopolitical_crisis_financial,False
11clp2p,2023-02-26,StockMarket,All the updates you need about the Ukraine war!,Ukraine,deleted,True,True,False,True,True,False,False,False,False,False,False,False,False,excluded,excluded,False
11cnoe3,2023-02-26,StockMarket,All the updates you need about the Ukraine war…!,Ukraine,deleted,True,True,False,True,True,False,False,False,False,False,False,False,False,excluded,excluded,False
11coon3,2023-02-26,StockMarket,All the updates you need about the Ukraine war…!,Ukraine,deleted,True,True,False,True,True,False,False,False,False,False,False,False,False,excluded,excluded,False
11crin1,2023-02-26,stocks,Can I give my Russian securities to my friend’s family?,Ukraine|Russia|Russian|Moscow|invasion,available,False,True,True,True,True,True,True,True,True,True,True,True,True,multiple_paths,multiple_paths,False
11d388t,2023-02-27,StockMarket,All of the updates you need about the Ukraine war…!,Ukraine,deleted,True,True,False,True,True,False,False,False,False,False,False,False,False,excluded,excluded,False
11d5170,2023-02-27,StockMarket,All of the updates you need about the Ukraine war…!,Ukraine,deleted,True,True,False,True,True,False,False,False,False,False,False,False,False,excluded,excluded,False
11d5vm5,2023-02-27,StockMarket,All of the updates you need about the Ukraine war…!,Ukraine,deleted,True,True,False,True,True,False,False,False,False,False,False,False,False,excluded,excluded,False
11d73hq,2023-02-27,StockMarket,all the updates you need about the Ukrainian war!,Ukrainian,removed,True,True,False,True,True,False,False,False,False,False,False,False,False,excluded,excluded,False
11d9dj0,2023-02-27,StockMarket,All of the updates you need about the Ukraine war!,Ukraine,deleted,True,True,False,True,True,False,False,False,False,False,False,False,False,excluded,excluded,False
11dakme,2023-02-27,StockMarket,All of the updates you need about the Ukraine war..!,Ukraine,deleted,True,True,False,True,True,False,False,False,False,False,False,False,False,excluded,excluded,False
11dc2ou,2023-02-27,StockMarket,All of the updates you need about the Ukraine war,Ukraine,deleted,True,True,False,True,True,False,False,False,False,False,False,False,False,excluded,excluded,False
11dd39h,2023-02-27,StockMarket,All of the updates you need about the Ukraine war,Ukraine,deleted,True,True,False,True,True,False,False,False,False,False,False,False,False,excluded,excluded,False
11dj424,2023-02-27,StockMarket,Stock Profit Calculator,Moscow,available,False,False,True,False,False,True,True,False,False,False,False,False,False,excluded,excluded,False
11dlev1,2023-02-27,StockMarket,"🇨🇳🇺🇲🇺🇦🇷🇺 China won’t tolerate US threats - Chinese Foreign Ministry Spokeswoman. US has no right to attack China-Russia relations, Washington constantly supplying Kiev with lethal weapons - Spokeswoman.",Russia|Kiev,blank,True,True,True,False,True,False,False,False,False,False,False,False,False,excluded,excluded,False
11e0j8z,2023-02-28,StockMarket,All of the updates you need about the Ukraine war,Ukraine,deleted,True,True,False,True,True,False,False,False,False,False,False,False,False,excluded,excluded,False
11ei39o,2023-02-28,stocks,"Defense Stocks, Geopolitical Climate/Tensions/ Sure Play For the Future",Russia,available,False,False,True,True,True,True,True,False,False,True,False,True,True,russia_conflict_financial,geopolitical_crisis_financial,False
11eq5zq,2023-03-01,investing,AP: US Economy Sending Mixed Signals,Russia|invasion,available,False,False,True,True,True,True,True,False,False,True,False,True,True,russia_conflict_financial,geopolitical_crisis_financial,False
11fbxaz,2023-03-01,stocks,Surprise jump in German inflation after surge in food prices,Ukraine|Russia,available,False,True,True,True,True,True,True,False,False,True,False,True,True,multiple_paths,geopolitical_crisis_financial,False
11fysi4,2023-03-02,investing,"Market mispricing of geopolitical risk: ""US seeks allies' backing for possible China sanctions over Ukraine war"" (Reuters)",Ukraine|Russia|invasion|sanctions,available,False,True,True,True,True,True,True,False,False,True,False,True,True,multiple_paths,geopolitical_crisis_financial,False
11g4vz6,2023-03-02,StockMarket,Buy Linde stock LIN now! The war in Ukraine substantially reduced production of various gases used for computer chip manufacturing. Linde increased their production of gases to compensate the war losses.,Ukraine,blank,True,True,False,True,True,True,True,False,False,True,False,True,True,direct_ukraine_financial,geopolitical_crisis_financial,False
11gb9vz,2023-03-02,StockMarket,Time to reform public debt or the way to suppress world violence via public bond change,Ukraine|Russia|Russian|invasion|sanctions,available,False,True,True,True,True,True,True,False,False,True,False,True,True,multiple_paths,geopolitical_crisis_financial,False
11h2s08,2023-03-03,StockMarket,U.S. seeks allies’ backing for possible China sanctions over Ukraine war,Ukraine|sanctions,removed,True,True,False,True,True,False,False,False,False,False,False,False,False,excluded,excluded,False
11h4655,2023-03-03,stocks,Putin Orders New Rules for Defense Firms in Case of Martial Law,Putin,removed,True,False,True,False,False,False,False,False,False,False,False,False,False,excluded,excluded,False
11hs8qh,2023-03-04,stocks,The Russian economy has 2 months left | The End of Putin,Russian|Putin,removed,True,False,True,False,False,True,True,False,False,False,False,False,False,excluded,excluded,False
11hsa02,2023-03-04,investing,The Russian economy has 2 months left | The End of Putin,Russian|Putin,removed,True,False,True,False,False,True,True,False,False,False,False,False,False,excluded,excluded,False
11jv5zo,2023-03-06,StockMarket,The Russian economy has 2 months left | The End of Putin,Russian|Putin,blank,True,False,True,False,False,True,True,False,False,False,False,False,False,excluded,excluded,False
11jxogv,2023-03-06,StockMarket,"Stock Market Today (as of Mar 6, 2023)",Ukraine,available,False,True,False,True,True,True,True,False,False,True,False,True,True,direct_ukraine_financial,geopolitical_crisis_financial,False
11lwouc,2023-03-08,stocks,"Inflation in Europe rises to record high, expected more ECB interest rate hikes (50bp),7.2 % France,9.3 % Germany, 9.9%, Italy 9.9%,UK 10.1%",Ukraine|Russia|invasion,available,False,True,True,True,True,True,True,False,False,True,False,True,True,multiple_paths,geopolitical_crisis_financial,False
11mj1ed,2023-03-09,StockMarket,Source to see a stock market news overview/recap on past days?,Ukraine|Russia,available,False,True,True,True,True,True,True,False,False,True,False,True,True,multiple_paths,geopolitical_crisis_financial,False
11oz0xw,2023-03-11,StockMarket,"The Flow Show - BofA's Hartnett... ""The Crashy Vibes of March"" -&gt; *Prescient 3/9/23 Writeup...*",Ukraine|Russia|NATO,available,False,True,True,True,True,True,True,False,False,True,False,True,True,multiple_paths,geopolitical_crisis_financial,False
11p1thp,2023-03-12,stocks,U.S Steel Due Dillegence,Russia,available,False,False,True,True,True,True,True,False,False,True,False,True,True,russia_conflict_financial,geopolitical_crisis_financial,False
11p1txq,2023-03-12,StockMarket,U.S. Steel Research and Valuation,Russia,available,False,False,True,True,True,True,True,False,False,True,False,True,True,russia_conflict_financial,geopolitical_crisis_financial,False
11p1uce,2023-03-12,investing,U.S. Steel DD and Valuation,Russia,available,False,False,True,True,True,True,True,False,False,True,False,True,True,russia_conflict_financial,geopolitical_crisis_financial,False
11prsna,2023-03-12,stocks,Saudi oil giant Aramco posts record $161 billion profit for 2022,Ukraine|Russia|Moscow|invasion|sanctions,available,False,True,True,True,True,True,True,False,False,True,False,True,True,multiple_paths,geopolitical_crisis_financial,False
11pwcjh,2023-03-13,investing,Dell stock research and valuation,Ukraine|Ukrainian|Russia|Russian,available,False,True,True,False,False,True,True,False,False,False,False,True,False,direct_ukraine_financial,excluded,True
11pwcww,2023-03-13,StockMarket,Dell research and valuation,Ukraine|Ukrainian|Russia|Russian,available,False,True,True,False,False,True,True,False,False,False,False,True,False,direct_ukraine_financial,excluded,True
11pwdcp,2023-03-13,stocks,Dell research and valuation,Ukraine|Ukrainian|Russia|Russian,available,False,True,True,False,False,True,True,False,False,False,False,True,False,direct_ukraine_financial,excluded,True
11pyez4,2023-03-13,investing,Russia Spreading Fear and Panic?,Russia,removed,True,False,True,False,False,False,False,False,False,False,False,False,False,excluded,excluded,False
11qb56b,2023-03-13,investing,Do you think that equities are worth less today than they were in February of 2020?,Ukraine|Russia,available,False,True,True,True,True,True,True,False,False,True,False,True,True,multiple_paths,geopolitical_crisis_financial,False
11ra618,2023-03-14,StockMarket,Should we anticipate international markets to start outperforming the US,Russia|Russian|sanctions,available,False,False,True,True,True,True,True,False,False,True,False,True,True,russia_conflict_financial,geopolitical_crisis_financial,False
11ruxxa,2023-03-15,StockMarket,"Stock Market Today (as of Mar 15, 2023)",Russian,available,False,False,True,True,True,True,True,False,False,True,False,True,True,russia_conflict_financial,geopolitical_crisis_financial,False
11sc1hd,2023-03-15,stocks,"Question on oil prices and today's drop, is it time to buy?",Ukraine|Russia,available,False,True,True,False,False,True,True,False,False,False,False,True,False,direct_ukraine_financial,excluded,True
11u57ns,2023-03-17,StockMarket,"Wall Street Week Ahead for the trading week beginning March 20th, 2023",Ukraine,available,False,True,False,False,True,True,True,False,False,True,False,True,True,direct_ukraine_financial,geopolitical_crisis_financial,False
11u58uo,2023-03-17,stocks,"Wall Street Week Ahead for the trading week beginning March 20th, 2023",Ukraine,available,False,True,False,False,True,True,True,False,False,True,False,True,True,direct_ukraine_financial,geopolitical_crisis_financial,False
11wi2v6,2023-03-20,investing,"With western banks and markets in disarray, how does it compare to the current Russian economy?",Russian,removed,True,False,True,False,False,True,True,False,False,False,False,False,False,excluded,excluded,False
11wxg63,2023-03-20,stocks,What will happen to the 19$ billion of Russian assets frozen at Credit Suisse? 🥶,Russian,removed,True,False,True,False,False,True,True,True,True,False,True,True,True,russia_crisis_financial_consequence,crisis_specific_financial_consequence,False
11x68xc,2023-03-21,investing,Texas adds HSBC to energy sanctions list,sanctions,removed,True,False,False,True,True,True,True,False,False,False,False,False,False,excluded,excluded,False
11xdhtd,2023-03-21,StockMarket,"Stock Market Today (as of Mar 21, 2023)",Russian,available,False,False,True,False,True,True,True,False,False,True,False,False,True,excluded,geopolitical_crisis_financial,True
11yrbvs,2023-03-22,stocks,"Fed hikes rates by a quarter percentage point, indicates increases are near an end",Ukraine|Russia|invasion,available,False,True,True,True,True,True,True,False,False,True,False,True,True,multiple_paths,geopolitical_crisis_financial,False
11yzi2q,2023-03-22,stocks,Panic caused by Ackman,Russia,available,False,False,True,False,True,True,True,False,False,True,False,False,True,excluded,geopolitical_crisis_financial,True
11z6z43,2023-03-23,stocks,What is the next big bang obvious investment theme?,Russia|invasion,available,False,False,True,True,True,True,True,False,False,True,False,True,True,russia_conflict_financial,geopolitical_crisis_financial,False
1202ore,2023-03-24,investing,SBER Russian bank stock - chalk it up as a loss?,Ukraine|Russia|Russian,available,False,True,True,True,True,True,True,False,False,True,False,True,True,multiple_paths,geopolitical_crisis_financial,False
120jp8d,2023-03-24,stocks,"Be careful about trusting ""Stress Test"" and other quality controls of our banking system",sanctions,available,False,False,False,True,True,True,True,False,False,False,False,False,False,excluded,excluded,False
122v543,2023-03-26,stocks,Uber stock analysis and valuation - The disruptor,Russia,available,False,False,True,False,False,True,True,False,False,False,False,False,False,excluded,excluded,False
123f84v,2023-03-27,investing,What are the platforms for investment on the issue of demining in Ukraine?,Ukraine,removed,True,True,False,False,False,True,True,False,False,False,False,True,False,direct_ukraine_financial,excluded,True
123koae,2023-03-27,StockMarket,"Stock Market Today (as of Mar 27, 2023)",Russian|sanctions,available,False,False,True,True,True,True,True,False,False,True,False,True,True,russia_conflict_financial,geopolitical_crisis_financial,False
123pl5u,2023-03-27,StockMarket,ConverDyn's restart could be Uranium's next Big Catalyst,Ukraine|Russia|Russian|invasion|sanctions,available,False,True,True,True,True,True,True,False,False,True,False,True,True,multiple_paths,geopolitical_crisis_financial,False
124bp04,2023-03-28,stocks,Singapore Airlines(C6L) DCF Analysis. Need advice and criticisms.,Ukraine,available,False,True,False,True,True,True,True,False,False,True,False,True,True,direct_ukraine_financial,geopolitical_crisis_financial,False
124it5w,2023-03-28,investing,What do you guys think about the post-Ukraine war energy market? Is the West planning to stay off Russian energy forever?,Ukraine|Russian,removed,True,True,True,True,True,True,True,False,False,True,False,True,True,multiple_paths,geopolitical_crisis_financial,False
124u7iu,2023-03-28,StockMarket,"I unfortunately bought a little bit of the Russian E-commerce company, Ozon, before the Ukraine War. Couldn’t have known. Will they let trading resume for this depending on who wins the war?? Or is this money gone forever?",Ukraine|Russian,blank,True,True,True,True,True,True,True,False,False,True,False,True,True,multiple_paths,geopolitical_crisis_financial,False
125v9tc,2023-03-29,StockMarket,"StokApp.com: Buy AeroVironment, Inc. Stock AVAV. They make Kamikaze Switchblade drones that destroy Russians in Ukraine. For more mind blowing investment advice: iStockApp.com",Ukraine,blank,True,True,False,False,False,True,True,False,False,False,False,True,False,direct_ukraine_financial,excluded,True
125y1ot,2023-03-29,investing,SVB’s Collapse Shows the World’s Favorite Safe Asset Isn’t Risk-Free,Ukraine|Russian|invasion|sanctions,available,False,True,True,True,True,True,True,False,False,True,False,True,True,multiple_paths,geopolitical_crisis_financial,False
125yzq9,2023-03-29,StockMarket,JetBlue Preparing To Trim New York Flights In Response To FAA Staffing Shortage !?,Ukraine,available,False,True,False,False,False,False,True,False,False,False,False,False,False,excluded,excluded,False
1264p3d,2023-03-29,StockMarket,"BREAKING: China &amp; Brazil have agreed to trade in their own currencies, ditching the US dollar.",Russia,available,False,False,True,True,True,True,True,False,False,True,False,True,True,russia_conflict_financial,geopolitical_crisis_financial,False
1268hwh,2023-03-30,investing,The decline of the petrodollar,Russia,available,False,False,True,False,False,True,True,False,False,False,False,False,False,excluded,excluded,False
126i75o,2023-03-30,stocks,How come defense stocks haven't gone up much in the past year despite all of the equipment being sent to Ukraine &amp; China's military buildup,Ukraine,available,False,True,False,True,True,True,True,False,False,True,False,True,True,direct_ukraine_financial,geopolitical_crisis_financial,False
126n5a0,2023-03-30,investing,"Just something to keep in mind as I'm seeing a LOT of misinfo recently: Most people suggesting USD reserve currency status is in jeopardy, or any shade of collapsing / falling apart are groups who are trying to profit from this.",Russia,available,False,False,True,False,False,True,True,False,False,False,False,False,False,excluded,excluded,False
127tvj5,2023-03-31,investing,U.S Index Funds are the Way to Go,Ukraine|Russia,available,False,True,True,True,True,True,True,False,False,True,False,True,True,multiple_paths,geopolitical_crisis_financial,False
1280ssr,2023-03-31,StockMarket,"Wall Street Week Ahead for the trading week beginning April 3rd, 2023",Ukraine|Russia|invasion,available,False,True,True,True,True,True,True,False,False,True,False,True,True,multiple_paths,geopolitical_crisis_financial,False
1280uii,2023-03-31,stocks,"Wall Street Week Ahead for the trading week beginning April 3rd, 2023",Ukraine|Russia|invasion,available,False,True,True,True,True,True,True,False,False,True,False,True,True,multiple_paths,geopolitical_crisis_financial,False
129pcf4,2023-04-02,stocks,Saudi Arabia and OPEC+ Makes Surprise 1 Million-Barrel Oil Production Cut,Ukraine|Russia|Russian|Putin|Moscow,available,False,True,True,True,True,True,True,False,False,True,False,True,True,multiple_paths,geopolitical_crisis_financial,False
129riat,2023-04-02,stocks,Economic gain from West falling,Russia,available,False,False,True,False,False,True,True,False,False,False,False,False,False,excluded,excluded,False
12am6vr,2023-04-03,stocks,"JWN, KSS and M",Ukraine,available,False,True,False,False,False,True,True,False,False,False,False,True,False,direct_ukraine_financial,excluded,True
12atjko,2023-04-03,investing,Financial Planner suggesting I divest from international equities and focus on US stocks,Ukraine,available,False,True,False,True,True,True,True,False,False,True,False,True,True,direct_ukraine_financial,geopolitical_crisis_financial,False
12ckvvi,2023-04-05,stocks,"The Ukrainian oligarch from Namsen Ltd is trying to take Kernel Holding off the Warsaw Stock Exchange, taking advantage of the ongoing war.",Ukrainian,removed,True,True,False,True,True,True,True,False,False,True,False,True,True,direct_ukraine_financial,geopolitical_crisis_financial,False
12cl264,2023-04-05,StockMarket,"The Ukrainian oligarch from Namsen Ltd is trying to take Kernel Holding off the Warsaw Stock Exchange, taking advantage of the ongoing war.",Ukraine|Ukrainian,available,False,True,False,True,True,True,True,False,False,True,False,True,True,direct_ukraine_financial,geopolitical_crisis_financial,False
12cmumr,2023-04-05,stocks,How I see the Future Economic Landscape - A few points to consider and ponder.,Ukraine|Russian,available,False,True,True,True,True,True,True,False,False,True,False,True,True,multiple_paths,geopolitical_crisis_financial,False
12dmref,2023-04-06,investing,"On the dollar, reserve currency, gold, BRICS, etc",Russia,available,False,False,True,True,True,True,True,False,False,True,False,True,True,russia_conflict_financial,geopolitical_crisis_financial,False
12dyyow,2023-04-06,StockMarket,"Wall Street Week Ahead for the trading week beginning April 10th, 2023",Ukraine|Russia|Russian|invasion|sanctions,available,False,True,True,True,True,True,True,True,True,True,True,True,True,multiple_paths,multiple_paths,False
12dyzv4,2023-04-06,stocks,"Wall Street Week Ahead for the trading week beginning April 10th, 2023",Ukraine|Russia|Russian|invasion|sanctions,available,False,True,True,True,True,True,True,True,True,True,True,True,True,multiple_paths,multiple_paths,False
12hzieb,2023-04-10,stocks,How New Data Could Stymie the Fed’s Inflation Fight,Ukraine|Russia|invasion,available,False,True,True,True,True,True,True,False,False,True,False,True,True,multiple_paths,geopolitical_crisis_financial,False
12icmuo,2023-04-11,stocks,Best oil stocks to day/swing trade?,Russian|sanctions,available,False,False,True,True,True,True,True,False,False,True,False,True,True,russia_conflict_financial,geopolitical_crisis_financial,False
12impun,2023-04-11,stocks,"EQUINOR trades at x3.3 fcf, are there any cheaper stocks out there?",Ukraine|Russia|invasion,available,False,True,True,True,True,True,True,False,False,True,False,True,True,multiple_paths,geopolitical_crisis_financial,False
12iq68f,2023-04-11,investing,Investment Strategy China Invasion of Taiwan + interefence USA,invasion,available,False,False,False,True,True,True,True,False,False,False,False,False,False,excluded,excluded,False
12jol5y,2023-04-12,investing,Did Buffet sell TMSC stake because he has inside knowledge on potential Chinese invasion of Taiwan in coming months?,invasion,removed,True,False,False,True,True,False,True,False,False,False,False,False,False,excluded,excluded,False
12jor8a,2023-04-12,investing,Buffet TMSC Sale/ Taiwan invasion indicator?,invasion,removed,True,False,False,True,True,False,False,False,False,False,False,False,False,excluded,excluded,False
12kj29l,2023-04-13,StockMarket,"Ukraine’s Zelenskiy Asks Global Leaders to Seize Russian Assets (Or, equivalently: ""Please trigger a US/Euro everything selloff as Chinese investors realise they could be next if TSHTF in Taiwan"") [Bloomberg]",Ukraine|Russian,blank,True,True,True,False,False,True,True,True,False,False,False,True,False,multiple_paths,excluded,True
12koky6,2023-04-13,StockMarket,Anyone Can Help Me With Figuring This Out?,Ukraine,available,False,True,False,False,False,True,True,False,False,False,False,True,False,direct_ukraine_financial,excluded,True
12p7qxu,2023-04-17,StockMarket,"Janet Yellen Says Banks May Tighten Lending Following Recent Failures, Potentially Affecting Monetary Policy",Ukraine|Russia|Russian|Putin|Moscow|sanctions,available,False,True,True,True,True,True,True,False,False,True,False,True,True,multiple_paths,geopolitical_crisis_financial,False
12qa5qi,2023-04-18,StockMarket,"India, Russia talk free trade deal in step-up of relations",Ukraine|Russia|Russian|invasion|sanctions,available,False,True,True,True,True,True,True,False,False,True,False,True,True,multiple_paths,geopolitical_crisis_financial,False
12qa9q9,2023-04-18,stocks,"India, Russia talk free trade deal in step-up of relations",Russia,removed,True,False,True,False,False,False,False,False,False,False,False,False,False,excluded,excluded,False
12rcjt3,2023-04-19,investing,Education online Ukraine invest,Ukraine,removed,True,True,False,False,False,False,False,False,False,False,False,False,False,excluded,excluded,False
12tka4i,2023-04-21,StockMarket,"The Federal Reserves Internal Turmoil, Recent Economic Reports and How To Profit - The Case for NUGT, UGL, AGQ, and Crypto",Ukraine|Russian|invasion,available,False,True,True,True,True,True,True,False,False,True,False,True,True,multiple_paths,geopolitical_crisis_financial,False
12uq8dv,2023-04-22,investing,EV hits another roadblock as Chile moves to nationalize lithium mines,Russia|sanctions,available,False,False,True,True,True,True,True,False,False,True,False,True,True,russia_conflict_financial,geopolitical_crisis_financial,False
12xk4l1,2023-04-24,investing,Is Europe dead for investing?,Russia,available,False,False,True,True,True,True,True,False,False,True,False,True,True,russia_conflict_financial,geopolitical_crisis_financial,False
12ydo0n,2023-04-25,StockMarket,The stock market is unusually quiet right now.,Ukraine|Russia,available,False,True,True,True,True,True,True,False,False,True,False,True,True,multiple_paths,geopolitical_crisis_financial,False
12yro42,2023-04-25,StockMarket,Market Drop at about 10:15 PST,Putin,available,False,False,True,False,False,True,True,False,False,False,False,False,False,excluded,excluded,False
12yucwt,2023-04-25,stocks,Good food inflation hedge for those who can handle a K-1/K-3 in taxes (it’s a publicly traded limited partnership).,Russia,available,False,False,True,True,True,True,True,False,False,True,False,True,True,russia_conflict_financial,geopolitical_crisis_financial,False
130u07e,2023-04-27,investing,$WOLF (Wolfspeed) down 18% after ER after disappointing guidance.,Russia,available,False,False,True,False,False,True,True,False,False,False,False,False,False,excluded,excluded,False
130u39k,2023-04-27,stocks,$WOLF (Wolfspeed) down 18% after ER after disappointing guidance.,Russia,available,False,False,True,False,False,True,True,False,False,False,False,False,False,excluded,excluded,False
131kwcg,2023-04-28,investing,What goes on with energy stocks,Russia,available,False,False,True,False,False,True,True,False,False,False,False,False,False,excluded,excluded,False
131s73h,2023-04-28,StockMarket,Epazz Holdings' ZenaDrone 1000 Displayed at the 2023 AERO in Germany Leads to Multiple Demonstrations With NATO Partner Countries Defense and German Law Enforcement and Rail Line,NATO,removed,True,False,False,True,True,False,False,False,False,False,False,False,False,excluded,excluded,False
137cwyw,2023-05-04,stocks,"Just a question 🙋, what if vladmir putin started short selling in the market. What will happen?",Putin,removed,True,False,True,False,False,True,True,False,False,False,False,False,False,excluded,excluded,False
137j2kz,2023-05-04,investing,China Takes the Yuan Global in Bid to Repel a Weaponized Dollar,Ukraine|Russia|Russian|Putin|Moscow|invasion|sanctions,available,False,True,True,True,True,True,True,True,False,True,False,True,True,multiple_paths,geopolitical_crisis_financial,False
137zuhm,2023-05-04,StockMarket,Trends nobody talks about,Ukraine|Russia|sanctions,available,False,True,True,True,True,True,True,True,False,True,False,True,True,multiple_paths,geopolitical_crisis_financial,False
138uzjb,2023-05-05,stocks,SEC Issues Largest-Ever Whistleblower Award 279M usd,sanctions,available,False,False,False,True,True,True,True,False,False,False,False,False,False,excluded,excluded,False
13aligv,2023-05-07,investing,War in Ukraine and odds of WW3,Ukraine,removed,True,True,False,True,True,False,False,False,False,False,False,False,False,excluded,excluded,False
13c8296,2023-05-08,stocks,"NASDAQ started delisting process for Russian ADRs (YNDX, OZON, HHR and QIWI) on 3/15. Any update that anyone knows of?",Russian,deleted,True,False,True,False,False,True,True,True,False,False,False,True,False,russia_crisis_financial_consequence,excluded,True
13dkuut,2023-05-10,stocks,Has uranium's time finally come?,Russia,available,False,False,True,False,False,True,True,False,False,False,False,False,False,excluded,excluded,False
13e3y87,2023-05-10,investing,"""Why the EU’s potash sanctions are looming over supermarket prices"" and what Sage Potash (SAGE.v) is doing to combat this in North America",sanctions,removed,True,False,False,True,True,True,True,False,False,False,False,False,False,excluded,excluded,False
13eaiea,2023-05-11,investing,"Investing in Ukraine, best ways?",Ukraine|Ukrainian|Russian,available,False,True,True,True,True,True,True,False,False,True,False,True,True,multiple_paths,geopolitical_crisis_financial,False
13eo757,2023-05-11,StockMarket,Here is a fun one for ya. Macro.,Ukraine|Ukrainian|NATO,available,False,True,False,True,True,True,True,False,False,True,False,True,True,direct_ukraine_financial,geopolitical_crisis_financial,False
13kmuzg,2023-05-18,investing,"How do we feel about going long on oil?!? BP,XOM, CVX, SHEL maybe even OXY",Putin,available,False,False,True,False,False,True,True,False,False,False,False,False,False,excluded,excluded,False
13nahkt,2023-05-20,StockMarket,"Intel Stock Evaluation + AMD Benchmark: Price Target Rage, deep analysis",Ukraine|Russian,available,False,True,True,True,True,True,True,False,False,True,False,True,True,multiple_paths,geopolitical_crisis_financial,False
13nymsl,2023-05-21,stocks,"Why are DAX, Nikkei at ATH",Ukraine,available,False,True,False,True,True,True,True,False,False,True,False,True,True,direct_ukraine_financial,geopolitical_crisis_financial,False
13qljxy,2023-05-24,investing,(Russian stocks) I have a number of OZON share on my DEGIRO account and was wonder how can I sell these stocks for euros?,Russian,removed,True,False,True,False,False,True,True,False,False,False,False,False,False,excluded,excluded,False
13qlmb6,2023-05-24,stocks,(Russian stocks),Russian,removed,True,False,True,False,False,True,True,False,False,False,False,False,False,excluded,excluded,False
13suecd,2023-05-27,stocks,"Wall Street Week Ahead for the trading week beginning May 29th, 2023",Ukraine,available,False,True,False,True,True,True,True,False,False,True,False,True,True,direct_ukraine_financial,geopolitical_crisis_financial,False
13ti0yp,2023-05-27,investing,World Economic Forum on Ukraine,Ukraine,removed,True,True,False,False,False,True,True,False,False,False,False,True,False,direct_ukraine_financial,excluded,True
13ti1ut,2023-05-27,stocks,World Economic Forum on Ukraine,Ukraine,removed,True,True,False,False,False,True,True,False,False,False,False,True,False,direct_ukraine_financial,excluded,True
13ti3y8,2023-05-27,investing,World Economic Forum on Ukraine,Ukraine,removed,True,True,False,False,False,True,True,False,False,False,False,True,False,direct_ukraine_financial,excluded,True
13tlegq,2023-05-27,stocks,Ukrainian recovery and prediction on stocks rising?,Ukrainian,removed,True,True,False,False,False,True,True,False,False,False,False,True,False,direct_ukraine_financial,excluded,True
13vo4x8,2023-05-30,stocks,"4 Reasons to buy Netflix stock, and 1 reason to sell",Ukraine|Russia|invasion,available,False,True,True,True,True,True,True,False,False,True,False,True,True,multiple_paths,geopolitical_crisis_financial,False
141k23n,2023-06-05,StockMarket,"Upcoming significant upward pressure on uranium price: Producers spotbuying + Uncovered reactors looking for short term delivery (9% price jump confirmed today) + New physical uranium fund Zuri-Invest (spotbuying starting this week?) - General market switching back in ""risk on"" mode in future",Ukraine,available,False,True,False,True,True,True,True,False,False,True,False,True,True,direct_ukraine_financial,geopolitical_crisis_financial,False
14351l8,2023-06-07,investing,Help My Russian Dad Keep Up With Inflation: Best Way to Invest $100K in 2023?,Russian,removed,True,False,True,False,False,True,True,False,False,False,False,False,False,excluded,excluded,False
144hgl4,2023-06-08,stocks,Stuck with 363 shares of CIAN (delisted). Help.,Ukraine|Russian,available,False,True,True,False,False,True,True,False,False,False,False,True,False,direct_ukraine_financial,excluded,True
1453tou,2023-06-09,stocks,"Tech leaders are calling for an A.I. pause because they have no product ready, Palantir CEO says",Ukraine|Ukrainian|Russian,available,False,True,True,True,True,False,True,False,False,True,False,False,True,excluded,geopolitical_crisis_financial,True
145j8ns,2023-06-09,stocks,U.S. awards supply contracts for 3 mln bbl SPR purchase at $73/bbl,Ukraine|Russia|invasion,available,False,True,True,True,True,True,True,False,False,True,False,True,True,multiple_paths,geopolitical_crisis_financial,False
1489ucf,2023-06-13,StockMarket,Some clarifications on the circumvention of EU sanctions against Russia,Russia|sanctions,blank,True,False,True,True,True,False,False,False,False,False,False,False,False,excluded,excluded,False
14aiafv,2023-06-16,investing,Hesitant to invest during bull runs,Ukraine|Russia,available,False,True,True,True,True,True,True,False,False,True,False,True,True,multiple_paths,geopolitical_crisis_financial,False
14c1g9i,2023-06-17,stocks,How will the NATO heads meeting in Vilnius (07.11-07.12) affect the stock market?,NATO,removed,True,False,False,True,True,True,True,False,False,False,False,False,False,excluded,excluded,False
14d5dyt,2023-06-19,stocks,Invest in russian companies,Russian,removed,True,False,True,False,False,True,True,False,False,False,False,False,False,excluded,excluded,False
14dn1ot,2023-06-19,stocks,Blackstones Ukraine investment fund/ETF,Ukraine,removed,True,True,False,False,False,True,True,False,False,False,False,True,False,direct_ukraine_financial,excluded,True
14dn3dx,2023-06-19,StockMarket,Blackstones Ukraine investment fund/ETF,Ukraine,removed,True,True,False,False,False,True,True,False,False,False,False,True,False,direct_ukraine_financial,excluded,True
14dv2wx,2023-06-20,StockMarket,The Telegraph: European Investment Bank hit by cyber attack after Russian hackers vow to bring down financial system,Russian,blank,True,False,True,False,True,True,True,False,False,True,False,False,True,excluded,geopolitical_crisis_financial,True
14e7eyk,2023-06-20,stocks,Will Apple be a $4 trillion dollar stock by 2024?,Ukrainian,available,False,True,False,True,True,True,True,False,False,True,False,True,True,direct_ukraine_financial,geopolitical_crisis_financial,False
14ewega,2023-06-21,stocks,"""Central Bank of Ireland Warns Against Budget Spending Spree: Risk of Overheating Economy""",Ukraine,available,False,True,False,True,True,True,True,False,False,True,False,True,True,direct_ukraine_financial,geopolitical_crisis_financial,False
14fva3u,2023-06-22,investing,Do people buy physical gold still?,Ukraine|Russia|Russian,available,False,True,True,True,True,True,True,False,False,True,False,True,True,multiple_paths,geopolitical_crisis_financial,False
14gfwou,2023-06-22,investing,Help the animals and nature of Ukraine to escape from the evil hands of the Russian situation. Do not be apart of a terrible disaster. Every dollar can save a life. 🙏🏻 Stay with 🇺🇦 Pay Pal: arocanada34@gmail.com,Ukraine|Russian,removed,True,True,True,False,False,False,False,False,False,False,False,False,False,excluded,excluded,False
14hi5ga,2023-06-24,stocks,Coup in Russia: How does this affect US equities in the coming week?,Russia,removed,True,False,True,False,False,True,True,False,False,False,False,False,False,excluded,excluded,False
14hkamk,2023-06-24,stocks,"Wagner revolt in Russia, possible catalyst for the near future?",Ukraine|Russia,available,False,True,True,True,True,True,True,False,False,True,False,True,True,multiple_paths,geopolitical_crisis_financial,False
14hm9gx,2023-06-24,investing,Which Russia stock or etf is available right now?,Russia,removed,True,False,True,False,False,True,True,False,False,False,False,False,False,excluded,excluded,False
14hskki,2023-06-24,stocks,How to profit from the (possible) collapse of Russia?,Russia,removed,True,False,True,False,False,False,True,False,False,False,False,False,False,excluded,excluded,False
14ht718,2023-06-24,StockMarket,Russian Coup (Wagner moving on Rostov then Moscow) Black Swan Event?,Russian|Moscow,removed,True,False,True,False,False,False,False,False,False,False,False,False,False,excluded,excluded,False
14htae9,2023-06-24,StockMarket,Russia right now:,Russia,blank,True,False,True,False,False,False,False,False,False,False,False,False,False,excluded,excluded,False
14hxju1,2023-06-24,StockMarket,Russian civil war - consequences,Russian,removed,True,False,True,True,True,False,False,False,False,False,False,False,False,excluded,excluded,False
14hxo1z,2023-06-24,StockMarket,Russian civil war - consequences,Russian,removed,True,False,True,True,True,False,False,False,False,False,False,False,False,excluded,excluded,False
14hyisr,2023-06-24,investing,What investments are likely to profit in the event of Putin’s overthrow?,Russia|Putin,available,False,False,True,False,False,False,True,False,False,False,False,False,False,excluded,excluded,False
14i901n,2023-06-25,stocks,Russian coup,Russian,removed,True,False,True,False,False,False,False,False,False,False,False,False,False,excluded,excluded,False
14j1mtx,2023-06-26,stocks,"Свобода , liberté - Russian Mutiny and Positive Impact on US Markets",Russian,removed,True,False,True,False,False,True,True,False,False,False,False,False,False,excluded,excluded,False
14j9mjb,2023-06-26,stocks,China Stocks Plummet on Weak Holiday Tourism Data - F*ck!,Russian,available,False,False,True,False,False,True,True,False,False,False,False,False,False,excluded,excluded,False
14jdsdo,2023-06-26,stocks,"Emerging Markets: Wagner insurrection in Russia, Jenin attack, US boots in Peru",Russia,removed,True,False,True,False,True,True,True,False,False,True,False,False,True,excluded,geopolitical_crisis_financial,True
14jgjal,2023-06-26,stocks,"Emerging Markets: Wagner insurrection in Russia, Jenin attack, US boots in Peru",Russia,removed,True,False,True,False,True,True,True,False,False,True,False,False,True,excluded,geopolitical_crisis_financial,True
14jgk7l,2023-06-26,stocks,"Emerging Markets: Wagner insurrection in Russia, Jenin attack, US boots in Peru",Russia,removed,True,False,True,False,True,True,True,False,False,True,False,False,True,excluded,geopolitical_crisis_financial,True
14jjskr,2023-06-26,stocks,Does anyone know how to write off the loss for tax purpose on Russian equity ?,Russian|sanctions,available,False,False,True,True,True,True,True,False,False,True,False,True,True,russia_conflict_financial,geopolitical_crisis_financial,False
14jmq1e,2023-06-26,stocks,The uncertainty surrounding the situation in Russia could have a significant impact on global markets:,Russia,removed,True,False,True,False,False,True,True,False,False,False,False,False,False,excluded,excluded,False
14jp3ua,2023-06-26,StockMarket,Exclusive: Deutsche Bank tells investors some of their Russian shares are missing,Russian,blank,True,False,True,False,False,True,True,False,False,False,False,False,False,excluded,excluded,False
14jp9bw,2023-06-26,stocks,Exclusive: Deutsche Bank tells investors some of their Russian shares are missing,Russian,removed,True,False,True,False,False,True,True,False,False,False,False,False,False,excluded,excluded,False
14jr3rp,2023-06-26,StockMarket,What's next for markets after aborted Wagner mutiny leaves Russia's Putin weakened,Russia|Putin,blank,True,False,True,False,False,True,True,False,False,False,False,False,False,excluded,excluded,False
14l86z5,2023-06-28,StockMarket,"Ukrainian Debt is now one of the hottest emerging market investments, with returns of over 30% in the second quarter. Ukraine's $3.2 billion notes due in August 2041 jumped from 27 cents on the dollar in late March to 40 cents this week.",Ukraine|Ukrainian,blank,True,True,False,False,False,True,True,False,False,False,False,True,False,direct_ukraine_financial,excluded,True
14mi6im,2023-06-29,stocks,"An Unexpected Turn: AI Out, Mining In - A Potential Commodity Boom",Russia,available,False,False,True,False,False,True,True,False,False,False,False,False,False,excluded,excluded,False
14n07ob,2023-06-30,stocks,"BlackRock $BLK (the world's largest asset manager) has released its 2023 midyear outlook report, highlighting these 5 trends:",Ukraine,available,False,True,False,True,True,True,True,False,False,True,False,True,True,direct_ukraine_financial,geopolitical_crisis_financial,False
14n6xg4,2023-06-30,investing,👋🏻GM UC Peace Fighters 🫡 We've just launched our first Zealy contest to reward early members of our community. Join us in building the WORLD 1st #web3 collaborative documentary about the Russia-Ukraine war. Unfiltered. Free from propaganda and censorship. Details below 👇,Ukraine|Russia,removed,True,True,True,True,True,False,False,False,False,False,False,False,False,excluded,excluded,False
14qrdfg,2023-07-04,investing,CME Group: if you think WTI is a manipulated commodity or a necessity- it once upon a time was until 1983,Ukraine,available,False,True,False,True,True,True,True,False,False,True,False,True,True,direct_ukraine_financial,geopolitical_crisis_financial,False
14r0egi,2023-07-05,stocks,Unilever paid an estimated $331 million in taxes to Russia in 2022.,Russia,removed,True,False,True,False,False,False,False,False,False,False,False,False,False,excluded,excluded,False
14rcggb,2023-07-05,StockMarket,Congressional Insider Trading in 2022: Using Inside Knowledge to Make Profits,Ukraine|Russia|invasion,available,False,True,True,True,True,True,True,False,False,True,False,True,True,multiple_paths,geopolitical_crisis_financial,False
14rcgki,2023-07-05,stocks,Congressional Insider Trading in 2022: Using Inside Knowledge to Make Profits,Ukraine|Russia|invasion,available,False,True,True,True,True,True,True,False,False,True,False,True,True,multiple_paths,geopolitical_crisis_financial,False
14t6uyb,2023-07-07,stocks,Best stocks for the post Russian Ukraine war?,Ukraine|Russian,removed,True,True,True,True,True,True,True,False,False,True,False,True,True,multiple_paths,geopolitical_crisis_financial,False
14teoul,2023-07-07,stocks,Nobody is going to warn you about what’s coming,Ukraine|Russia,available,False,True,True,True,True,True,True,False,False,True,False,True,True,multiple_paths,geopolitical_crisis_financial,False
14th4q1,2023-07-07,stocks,Which industries or stocks would be most affected if the Russia/Ukraine war suddenly ended?,Ukraine|Russia|Putin,available,False,True,True,True,True,True,True,False,False,True,False,True,True,multiple_paths,geopolitical_crisis_financial,False
14vzuiq,2023-07-10,stocks,Which US companies will rebuild Ukraine? Haliburton?,Ukraine,removed,True,True,False,False,False,True,True,False,False,False,False,True,False,direct_ukraine_financial,excluded,True
14xjkol,2023-07-12,StockMarket,[Quick Take] Mid-Year House Views: Understanding Current Market Conditions and Implications,Ukraine|Russia|invasion,available,False,True,True,True,True,True,True,False,False,True,False,True,True,multiple_paths,geopolitical_crisis_financial,False
14yk5db,2023-07-13,stocks,Escalating Nuclear Threat: Russia Raises Alarm over F-16 Jets in Ukraine,Ukraine|Ukrainian|Russia|Russian,available,False,True,True,True,True,False,False,False,False,False,False,False,False,excluded,excluded,False
14zdven,2023-07-14,investing,End of sanctions for Venezuela bonds?,sanctions,removed,True,False,False,True,True,True,True,False,False,False,False,False,False,excluded,excluded,False
14zskrk,2023-07-14,stocks,"Wall Street Week Ahead for the trading week beginning July 17th, 2023",Ukraine|Russia|invasion,available,False,True,True,True,True,True,True,False,False,True,False,True,True,multiple_paths,geopolitical_crisis_financial,False
15082sb,2023-07-15,investing,Investments while at war in my 30s,Ukraine,available,False,True,False,True,True,True,True,False,False,True,False,True,True,direct_ukraine_financial,geopolitical_crisis_financial,False
150ufum,2023-07-16,investing,Ideas for investing in global climate disaster,Russia,available,False,False,True,True,True,True,True,False,False,True,False,True,True,russia_conflict_financial,geopolitical_crisis_financial,False
150vfin,2023-07-16,investing,Safest and most liquid way to invest my savings?,Ukraine|Russia,available,False,True,True,False,False,True,True,False,False,False,False,True,False,direct_ukraine_financial,excluded,True
151vop2,2023-07-17,stocks,What will the fall of Ukraine do to the stock market?,Ukraine|Russia,available,False,True,True,False,False,True,True,False,False,False,False,True,False,direct_ukraine_financial,excluded,True
1521i5v,2023-07-17,stocks,"WSJ - Europeans Are Becoming Poorer as Europe has tipped into Recession Early This Year. ‘Yes, We’re All Worse Off.’",Ukraine|Russia,available,False,True,True,True,True,True,True,False,False,True,False,True,True,multiple_paths,geopolitical_crisis_financial,False
1546tku,2023-07-19,investing,Russia - Ukraine Grain Deal,Ukraine|Russia,available,False,True,True,False,False,True,True,False,False,False,False,True,False,direct_ukraine_financial,excluded,True
1559y84,2023-07-21,stocks,This memo explains why the Russian ruble is almost always a better investment than the US Dollar,Russian,removed,True,False,True,False,False,True,True,False,False,False,False,False,False,excluded,excluded,False
1559ys1,2023-07-21,StockMarket,This memo explains why the Russian ruble is almost always a better investment than the US Dollar,Russian,removed,True,False,True,False,False,True,True,False,False,False,False,False,False,excluded,excluded,False
155izzq,2023-07-21,StockMarket,"Draganfly Awarded Multi-Year Drone Training Contract by Ukraine’s Ministry of Interior for National Guard, National Police, State Border Guard, Emergency Services, and Special Forces Security DD",Ukraine|Ukrainian|invasion,available,False,True,False,True,True,True,True,False,False,True,False,True,True,direct_ukraine_financial,geopolitical_crisis_financial,False
1592k2g,2023-07-25,investing,"Investing in index funds as an EU temporary resident, possible? Are taxes only an issue upon withdrawal?",Russian,available,False,False,True,False,False,True,True,False,False,False,False,False,False,excluded,excluded,False
1592l56,2023-07-25,stocks,"Investing in index funds as an EU temporary resident, possible? Are taxes only an issue upon withdrawal?",Russian,available,False,False,True,False,False,True,True,False,False,False,False,False,False,excluded,excluded,False
15bij5f,2023-07-28,stocks,"Could a Recession Still Be Years Away? Steady Growth, Moderating Inflation Improve Odds of Extended Expansion",Ukraine|Russia|invasion,available,False,True,True,True,True,True,True,False,False,True,False,True,True,multiple_paths,geopolitical_crisis_financial,False
15bijxx,2023-07-28,stocks,"WSJ - Could a Recession Still Be Years Away? Steady Growth, Moderating Inflation Improve Odds of Extended Expansion",Ukraine|Russia|invasion,available,False,True,True,True,True,True,True,False,False,True,False,True,True,multiple_paths,geopolitical_crisis_financial,False
15c6uzx,2023-07-28,investing,Introducing Ukraine Confidential: Empowering Collaborative Filmmaking and Comic Book Creation through Blockchain Technology!,Ukraine,removed,True,True,False,False,False,False,False,False,False,False,False,False,False,excluded,excluded,False
15c9eip,2023-07-28,stocks,"Wall Street Week Ahead for the trading week beginning July 31st, 2023",Russia,available,False,False,True,False,True,True,True,False,False,True,False,False,True,excluded,geopolitical_crisis_financial,True
15d3255,2023-07-29,investing,"Stocks vs Bonds vs Commodities, an update",Ukraine|Russian,available,False,True,True,True,True,True,True,False,False,True,False,True,True,multiple_paths,geopolitical_crisis_financial,False
15dh61u,2023-07-30,StockMarket,Dr Reddy's Posts Bullish Q1 Results (NYSE: RDY)(NSE: DRREDDY),Russia,available,False,False,True,False,False,True,True,False,False,False,False,False,False,excluded,excluded,False
15eq53i,2023-07-31,investing,Van Eck Russia ETF RSX makes dividend payment 7/27/2023,Russia,available,False,False,True,False,False,True,True,False,False,False,False,False,False,excluded,excluded,False
15f5lcb,2023-08-01,stocks,Army resupply stocks?,Ukraine,available,False,True,False,True,True,True,True,False,False,True,False,True,True,direct_ukraine_financial,geopolitical_crisis_financial,False
15fcj89,2023-08-01,StockMarket,Global Inflation slows down,Russia,available,False,False,True,False,False,True,True,False,False,False,False,False,False,excluded,excluded,False
15fclre,2023-08-01,investing,Advise a good investment site in Canada,Ukraine,available,False,True,False,False,False,True,True,False,False,False,False,True,False,direct_ukraine_financial,excluded,True
15h5ay6,2023-08-03,stocks,The founder of Apple's key supplier said the US stock market would collapse in '10 seconds' if war breaks out in Taiwan.,Ukraine|Russia,available,False,True,True,True,True,True,True,False,False,True,False,True,True,multiple_paths,geopolitical_crisis_financial,False
15hcrzr,2023-08-03,investing,Gallium producers to invest in (that are not sanctioned in the US)?,sanctions,available,False,False,False,True,True,True,True,False,False,False,False,False,False,excluded,excluded,False
15hd232,2023-08-03,stocks,Gallium producers to invest in (that are not sanctioned in the US)?,sanctions,available,False,False,False,True,True,True,True,False,False,False,False,False,False,excluded,excluded,False
15jq5cy,2023-08-06,investing,Alternative Futures: A World Without the Russian Federation: Whats the Trade?,Russian,removed,True,False,True,False,False,True,True,False,False,False,False,False,False,excluded,excluded,False
15m7ngy,2023-08-09,stocks,"China hawk says Beijing could attack Taiwan by 2024, bringing ‘war to the West’",Ukraine|Russian|Putin|invasion,available,False,True,True,True,True,True,True,False,False,True,False,True,True,multiple_paths,geopolitical_crisis_financial,False
15mey54,2023-08-09,investing,Thoughts on investing in Russia?,Russia,removed,True,False,True,False,False,True,True,False,False,False,False,False,False,excluded,excluded,False
15mezrv,2023-08-09,investing,Thoughts on investing in Russia?,Russia|Russian|Putin|sanctions,available,False,False,True,True,True,True,True,False,False,True,False,True,True,russia_conflict_financial,geopolitical_crisis_financial,False
15nek5k,2023-08-10,investing,US inflation rises to 3.2% for the first time in ONE YEAR,Ukraine|Russia|invasion,available,False,True,True,True,True,True,True,False,False,True,False,True,True,multiple_paths,geopolitical_crisis_financial,False
15nv1g6,2023-08-11,stocks,Don’t roll the dice with Alibaba,Ukraine|Russia,available,False,True,True,True,True,True,True,False,False,True,False,True,True,multiple_paths,geopolitical_crisis_financial,False
15nvxod,2023-08-11,stocks,Billionaire Founder Of ‘Russia's Google' Condemns ‘Barbaric' Ukraine Invasion,Ukraine|Russia|invasion,removed,True,True,True,True,True,False,False,False,False,False,False,False,False,excluded,excluded,False
15oc2b0,2023-08-11,stocks,Military Industrial Complex Investing - restocking winners?,Ukraine,available,False,True,False,True,True,True,True,False,False,True,False,True,True,direct_ukraine_financial,geopolitical_crisis_financial,False
15ou48a,2023-08-12,investing,"""Russia says it will halt foreign currency purchases and launch a digital ruble to keep the currency from spiraling further"". I don't see how.",Russia,available,False,False,True,False,False,True,True,False,False,False,False,False,False,excluded,excluded,False
15qj3rr,2023-08-14,stocks,"BRICS Countries Planning New Gold-Backed Currency [Jul 10, 2023]",Russia|Russian|sanctions,available,False,False,True,True,True,True,True,True,False,True,False,True,True,multiple_paths,geopolitical_crisis_financial,False
15qqc0p,2023-08-14,stocks,Defense industry stocks which will benefit from the new Cold War,Ukraine|Russia|NATO,available,False,True,True,True,True,True,True,False,False,True,False,True,True,multiple_paths,geopolitical_crisis_financial,False
15rzqjt,2023-08-15,StockMarket,Russia hikes interest rates to stop ruble's fall,Russia,blank,True,False,True,False,False,True,True,False,False,False,False,False,False,excluded,excluded,False
15sqnly,2023-08-16,stocks,Redefining the value of Tech and Energy stocks.,Ukraine|Russia,available,False,True,True,True,True,True,True,False,False,True,False,True,True,multiple_paths,geopolitical_crisis_financial,False
15t69d3,2023-08-16,investing,Are we headed for another 1970s style great inflation?,Russia,available,False,False,True,True,True,True,True,False,False,True,False,True,True,russia_conflict_financial,geopolitical_crisis_financial,False
15t6at1,2023-08-16,stocks,Are we headed for another 1970s style great inflation?,Russia,available,False,False,True,True,True,True,True,False,False,True,False,True,True,russia_conflict_financial,geopolitical_crisis_financial,False
15tu6kq,2023-08-17,StockMarket,Is inflation not slowing enough because people have too much money or other factors?,Ukraine,available,False,True,False,True,True,True,True,False,False,True,False,True,True,direct_ukraine_financial,geopolitical_crisis_financial,False
15uj07w,2023-08-18,investing,Whill there be any Sensational Future for TSLA?,Russian,available,False,False,True,False,False,True,True,False,False,False,False,False,False,excluded,excluded,False
15w6l0p,2023-08-20,stocks,Investing in non-western markets,Ukraine|Russia|Russian,available,False,True,True,True,True,True,True,False,False,True,False,True,True,multiple_paths,geopolitical_crisis_financial,False
15wfln1,2023-08-20,stocks,BP - appealing potential,Russian,available,False,False,True,False,False,True,True,False,False,False,False,False,False,excluded,excluded,False
15x4wvg,2023-08-21,stocks,NETFLIX stock analysis,Russia,available,False,False,True,False,False,True,True,False,False,False,False,False,False,excluded,excluded,False
15zzmoe,2023-08-24,stocks,US Election 2024?,Ukraine,available,False,True,False,True,True,True,True,False,False,True,False,True,True,direct_ukraine_financial,geopolitical_crisis_financial,False
160ux70,2023-08-25,investing,Geopolitical events and the global stock market - past and future.,Russia,available,False,False,True,True,True,True,True,False,False,True,False,True,True,russia_conflict_financial,geopolitical_crisis_financial,False
161jrcg,2023-08-26,investing,"Heineken sold its operation in Russia for 1 Euro, why so cheap?",Russia,removed,True,False,True,False,False,False,False,False,False,False,False,False,False,excluded,excluded,False
162z3ak,2023-08-27,stocks,Is it time to invest in defense companies?,Ukraine|Russia|Russian|invasion|NATO,available,False,True,True,True,True,True,True,False,False,True,False,True,True,multiple_paths,geopolitical_crisis_financial,False
163o0x6,2023-08-28,investing,Should I diversify my retirement savings more?,Russia,available,False,False,True,False,True,True,True,False,False,True,False,False,True,excluded,geopolitical_crisis_financial,True
16477ar,2023-08-29,stocks,"WSJ - Europe’s biggest economy is sliding into stagnation, and a weakening political system is struggling to find an answer.",Ukraine|Russia|Russian|Putin|Kyiv|Moscow|sanctions,available,False,True,True,True,True,True,True,False,False,True,False,True,True,multiple_paths,geopolitical_crisis_financial,False
1652pk2,2023-08-30,investing,Is it advisable to keep US dollars in the event of nuclear war in Eastern Europe?,Ukraine|Russia|NATO,available,False,True,True,True,True,True,True,False,False,True,False,True,True,multiple_paths,geopolitical_crisis_financial,False
165no25,2023-08-30,StockMarket,"OZON and YNDX Shorted, Cant Close",Russian,available,False,False,True,True,True,True,True,False,False,True,False,True,True,russia_conflict_financial,geopolitical_crisis_financial,False
166zuv3,2023-09-01,stocks,El Nino is here,Ukraine,available,False,True,False,False,False,True,True,False,False,False,False,True,False,direct_ukraine_financial,excluded,True
167h7of,2023-09-01,stocks,Oil Reaches New 2023 High on likelihood that Saudi Arabia or Russia will extend cuts,Russia,available,False,False,True,False,False,True,True,False,False,False,False,False,False,excluded,excluded,False
168co3h,2023-09-02,investing,I bought shares in a ukrainian company where minority investor rights are violated and hostile takover takes place. Advice needed.,Ukrainian,available,False,True,False,True,True,True,True,False,False,True,False,True,True,direct_ukraine_financial,geopolitical_crisis_financial,False
168sy3g,2023-09-03,investing,"Highlights of August progress made by Draganfly, an autonomous drone solutions provider, data and more.",Ukraine|Ukrainian|Russia|Russian,available,False,True,True,True,True,True,True,False,False,True,False,True,True,multiple_paths,geopolitical_crisis_financial,False
16anny6,2023-09-05,investing,"Pre-market TMT Breakout - $PINS better metrics, $AAPL neg impact from Huawei phone/new $IBM?, $DIS Bull case, $NTAP upgrade, $ORCL upgrade on better runway growth, $ABNB to join SP500",sanctions,available,False,False,False,True,True,True,True,False,False,False,False,False,False,excluded,excluded,False
16aociq,2023-09-05,stocks,Oil Soars To New 2023 High as Saudi Arabia and Russia confirm extended crude-supply cuts,Russia,available,False,False,True,False,False,True,True,False,False,False,False,False,False,excluded,excluded,False
16bg0gg,2023-09-06,stocks,Tryting to understand commodities funds/ETFS,Ukraine,available,False,True,False,True,True,True,True,False,False,True,False,True,True,direct_ukraine_financial,geopolitical_crisis_financial,False
16dksyo,2023-09-08,StockMarket,Bankrupting Poland on the bond market to end the Ukraine War?,Ukraine,removed,True,True,False,True,True,True,True,False,False,True,False,True,True,direct_ukraine_financial,geopolitical_crisis_financial,False
16e5c71,2023-09-09,investing,Financing for investing/exporting to Ukraine,Ukraine,removed,True,True,False,False,False,True,True,False,False,False,False,True,False,direct_ukraine_financial,excluded,True
16gshct,2023-09-12,StockMarket,"Medici Etherton Code, Code-X Leonardo da' Vinci an Um-brella In-sur-ance Policy that Protects the United States of America from foreign invasion, 'Game of Thrones.' Colonization.",invasion,removed,True,False,False,True,True,False,False,False,False,False,False,False,False,excluded,excluded,False
16gwy4v,2023-09-12,investing,Why would you not invest in gold ?,Ukraine,available,False,True,False,True,True,True,True,False,False,True,False,True,True,direct_ukraine_financial,geopolitical_crisis_financial,False
16ihbbc,2023-09-14,stocks,U.S. crude oil prices top $90 a barrel for the first time since November 2022,Russia,available,False,False,True,False,False,True,True,False,False,False,False,False,False,excluded,excluded,False
16l73yj,2023-09-17,StockMarket,Are you monitoring lithium prices and other critical resources essential for advancing AI hardware?,Ukraine,available,False,True,False,True,True,True,True,False,False,True,False,True,True,direct_ukraine_financial,geopolitical_crisis_financial,False
16me7z3,2023-09-19,stocks,UNG and Natural Gas,Ukraine|Russian|invasion,available,False,True,True,True,True,True,True,False,False,True,False,True,True,multiple_paths,geopolitical_crisis_financial,False
16miisp,2023-09-19,stocks,Oil is $92.50 and Rising,Russia,available,False,False,True,False,False,True,True,False,False,False,False,False,False,excluded,excluded,False
16r3aqd,2023-09-24,stocks,Thoughts on the Inverse Yield Curve,Ukraine,available,False,True,False,True,True,True,True,False,False,True,False,True,True,direct_ukraine_financial,geopolitical_crisis_financial,False
16r5q7y,2023-09-24,stocks,Why are people bearish on MOEX (Russian Index)?,Ukraine|Russia|Russian,available,False,True,True,True,True,True,True,False,False,True,False,True,True,multiple_paths,geopolitical_crisis_financial,False
16ss6sv,2023-09-26,stocks,Been sitting on 30k for 3 years now. What to do,Ukraine|Russia,available,False,True,True,True,True,True,True,False,False,True,False,True,True,multiple_paths,geopolitical_crisis_financial,False
16szuaa,2023-09-26,stocks,Help Ukraine,Ukraine,removed,True,True,False,False,False,False,False,False,False,False,False,False,False,excluded,excluded,False
16szwfu,2023-09-26,stocks,Help Ukraine,Ukraine,removed,True,True,False,False,False,False,False,False,False,False,False,False,False,excluded,excluded,False
16wkri5,2023-09-30,StockMarket,Nathan’s Famous Write-Up,Ukraine,available,False,True,False,False,False,True,True,False,False,False,False,True,False,direct_ukraine_financial,excluded,True
16yi47b,2023-10-03,investing,How does interactive brokers handle dual citizenship,Ukrainian,available,False,True,False,False,False,True,True,False,False,False,False,True,False,direct_ukraine_financial,excluded,True
16z3a2t,2023-10-03,StockMarket,"Kevin McCarthy ousted as House speaker, falling after historic challenge by Matt Gaetz",Ukraine,available,False,True,False,True,True,False,False,False,False,False,False,False,False,excluded,excluded,False
170i6pl,2023-10-05,stocks,McDonald (MCD) DCF Analysis,Ukraine,available,False,True,False,True,True,True,True,False,False,True,False,True,True,direct_ukraine_financial,geopolitical_crisis_financial,False
1729yhj,2023-10-07,stocks,"What impact, if any, will a war between Israel and Hamas / Palestine have?",Ukraine,available,False,True,False,True,True,True,True,False,False,True,False,True,True,direct_ukraine_financial,geopolitical_crisis_financial,False
1736kte,2023-10-08,investing,"Defense Stocks now - Lockheed, RTX?!",Ukraine,available,False,True,False,False,True,True,True,False,False,True,False,True,True,direct_ukraine_financial,geopolitical_crisis_financial,False
173kq3w,2023-10-09,stocks,T2 in the Military Industrial Complex,Ukraine,available,False,True,False,True,True,True,True,False,False,True,False,True,True,direct_ukraine_financial,geopolitical_crisis_financial,False
173y8qf,2023-10-09,stocks,Saudi/OPEC led oil embargo?,Russia|Russian|sanctions,available,False,False,True,True,True,True,True,True,True,True,True,True,True,multiple_paths,multiple_paths,False
174g82u,2023-10-10,investing,Stocks buying advice/discussion,Ukraine|Russia,available,False,True,True,True,True,True,True,False,False,True,False,True,True,multiple_paths,geopolitical_crisis_financial,False
175a9qc,2023-10-11,stocks,Ukraine 🇺🇦 Newest Member Of NATO!,Ukraine|NATO,removed,True,True,False,True,True,False,False,False,False,False,False,False,False,excluded,excluded,False
175acgk,2023-10-11,stocks,Ukraine 🇺🇦 ‘Newest Member Of NATO!,Ukraine|NATO,removed,True,True,False,True,True,False,False,False,False,False,False,False,False,excluded,excluded,False
176vppb,2023-10-13,stocks,Placing bets in the stock market on the start of a multi-front proxy war in the Middle East.,Russia|NATO,available,False,False,True,True,True,True,True,False,False,True,False,True,True,russia_conflict_financial,geopolitical_crisis_financial,False
176wu9f,2023-10-13,stocks,JPM has another quarter of record profits as net income surges 35% from last year.,Ukraine,available,False,True,False,True,True,True,True,False,False,True,False,True,True,direct_ukraine_financial,geopolitical_crisis_financial,False
17a6v24,2023-10-17,StockMarket,Economic events for the week starting 10-16,Russian|Putin,available,False,False,True,False,True,True,True,False,False,True,False,False,True,excluded,geopolitical_crisis_financial,True
17b32sj,2023-10-18,StockMarket,Does escalation of situation in the Middle East create inflationary tailwinds?,invasion,available,False,False,False,True,True,True,True,False,False,False,False,False,False,excluded,excluded,False
17bwq5a,2023-10-19,stocks,Why are defense stocks so low?,Ukraine,available,False,True,False,True,True,True,True,False,False,True,False,True,True,direct_ukraine_financial,geopolitical_crisis_financial,False
17cgvj6,2023-10-20,stocks,Why aren’t Lockheed and RTX up today?,Ukraine,available,False,True,False,False,False,False,False,False,False,False,False,False,False,excluded,excluded,False
17dk4j7,2023-10-22,stocks,"If China declares war on Taiwan, what happens to the stock market?",invasion,available,False,False,False,True,True,True,True,False,False,False,False,False,False,excluded,excluded,False
17dkba0,2023-10-22,investing,"If China declares war on Taiwan, what happens to the stock market?",invasion,available,False,False,False,True,True,True,True,False,False,False,False,False,False,excluded,excluded,False
17duk0z,2023-10-22,stocks,What the hell is artec?,Ukraine|NATO,available,False,True,False,True,True,True,True,False,False,True,False,True,True,direct_ukraine_financial,geopolitical_crisis_financial,False
17e5io5,2023-10-22,stocks,"WSJ - As U.S. Debt Surges, Europe Brings Its Own Under Control",Ukraine|Russia|invasion,available,False,True,True,True,True,True,True,False,False,True,False,True,True,multiple_paths,geopolitical_crisis_financial,False
17em12b,2023-10-23,stocks,"How can I get rid of russian stocks (not ADR, custodian NSD)?",Russia|Russian|Moscow|sanctions,available,False,False,True,True,True,True,True,False,False,True,False,True,True,russia_conflict_financial,geopolitical_crisis_financial,False
17ex6gg,2023-10-23,stocks,Can I buy puts on bonds?,NATO,available,False,False,False,True,True,True,True,False,False,False,False,False,False,excluded,excluded,False
17fjdkq,2023-10-24,stocks,Thoughts on Uranium,Russian,available,False,False,True,False,False,True,True,False,False,False,False,False,False,excluded,excluded,False
17g4co1,2023-10-25,investing,market crash: ukraine/israel,Ukraine,removed,True,True,False,False,False,True,True,False,False,False,False,True,False,direct_ukraine_financial,excluded,True
17hrlq0,2023-10-27,stocks,What are today's sentiments towards the market? How are we feeling,Ukraine,available,False,True,False,True,True,True,True,False,False,True,False,True,True,direct_ukraine_financial,geopolitical_crisis_financial,False
17izo63,2023-10-29,StockMarket,How To Profit From War,Ukrainian,available,False,True,False,True,True,True,True,False,False,True,False,True,True,direct_ukraine_financial,geopolitical_crisis_financial,False
17jbivb,2023-10-29,investing,The Top 4 Defense Stocks for an Unsteady World,Ukraine|Ukrainian|Russia|invasion,available,False,True,True,True,True,True,True,False,False,True,False,True,True,multiple_paths,geopolitical_crisis_financial,False
17jkf1u,2023-10-30,stocks,Why aren't defense stocks really taking off?,Ukraine,available,False,True,False,False,False,True,True,False,False,False,False,True,False,direct_ukraine_financial,excluded,True
17jqadc,2023-10-30,stocks,Hedge funds are piling into uranium stocks in anticipation of a 'dramatic' surge.,Russian,available,False,False,True,False,False,True,True,False,False,False,False,False,False,excluded,excluded,False
17kfvau,2023-10-31,investing,The Kraken cryptocurrency exchange is going to share information about its customers with the U.S. Internal Revenue Service (IRS),sanctions,available,False,False,False,True,True,True,True,False,False,False,False,False,False,excluded,excluded,False
17kvmqc,2023-10-31,stocks,What does everyone think is driving oil down?,Russian,available,False,False,True,False,False,True,True,False,False,False,False,False,False,excluded,excluded,False
17pi05t,2023-11-07,investing,Intel in Lead to Get Billions for Secure Defense-Chip Facilities,invasion,available,False,False,False,True,True,True,True,False,False,False,False,False,False,excluded,excluded,False
17qylsl,2023-11-08,investing,Russian Rouble as a diversification away from U.S. dollars,Russian,removed,True,False,True,False,False,True,True,False,False,False,False,False,False,excluded,excluded,False
17s3phw,2023-11-10,investing,How was life before covid?,Russian,available,False,False,True,True,True,True,True,False,False,True,False,True,True,russia_conflict_financial,geopolitical_crisis_financial,False
17s3qo9,2023-11-10,stocks,How was life before covid?,Russian,available,False,False,True,True,True,True,True,False,False,True,False,True,True,russia_conflict_financial,geopolitical_crisis_financial,False
17t0uun,2023-11-11,investing,Has anyone invested through Serge Energy? Need tips - Offer seems too good to be true,Ukraine|invasion,available,False,True,False,True,True,True,True,False,False,True,False,True,True,direct_ukraine_financial,geopolitical_crisis_financial,False
17vpnkm,2023-11-15,investing,"Free Webinar: LEARN ABOUT THE US ECONOMY, WAR & ITS CORRELATION TO THE CRYPTO MARKET",sanctions,available,False,False,False,True,True,True,True,False,False,False,False,False,False,excluded,excluded,False
17yumyf,2023-11-19,StockMarket,Russian stocks for Western investors,Russian,removed,True,False,True,False,False,True,True,False,False,False,False,False,False,excluded,excluded,False
181eqtc,2023-11-22,StockMarket,A global nuclear renaisance in progress. While the global uranium supply is in a structural deficit that can't be solved in a year time. And the uranium mine share prices (and Uranium sector ETFs) have some serious catching up to do compared to the uranium price - Why?,Ukrainian|Russia,available,False,True,True,False,False,True,True,False,False,False,False,True,False,direct_ukraine_financial,excluded,True
185vwlj,2023-11-28,investing,Peloton Paying $13M Settlement Over Tread+,sanctions,available,False,False,False,True,True,True,True,False,False,False,False,False,False,excluded,excluded,False
186oiiz,2023-11-29,stocks,Polo Ralph Lauren(RL) DCF Analysis,Ukraine,available,False,True,False,True,True,True,True,False,False,True,False,True,True,direct_ukraine_financial,geopolitical_crisis_financial,False
188v7wg,2023-12-02,StockMarket,Putin unveils national strategy for AI development in Russia,Russia|Putin,blank,True,False,True,False,False,False,False,False,False,False,False,False,False,excluded,excluded,False
1896uwa,2023-12-02,investing,Cap gains/loss tax help needed!,Russian|sanctions,available,False,False,True,True,True,True,True,False,False,True,False,True,True,russia_conflict_financial,geopolitical_crisis_financial,False
189fkwf,2023-12-02,StockMarket,Zelenskyy's Insights on Winter Challenges in Ukrainian Conflict,Ukrainian,blank,True,True,False,True,True,False,False,False,False,False,False,False,False,excluded,excluded,False
189gepo,2023-12-02,investing,What Taiwanese companies are preparing for a potential Chinese invasion?,invasion,removed,True,False,False,True,True,True,True,False,False,False,False,False,False,excluded,excluded,False
189gg2j,2023-12-02,investing,What Taiwanese companies are preparing for a potential Chinese invasion?,invasion,removed,True,False,False,True,True,True,True,False,False,False,False,False,False,excluded,excluded,False
18a09bh,2023-12-03,stocks,"Saudi Arabia is struggling to boost oil prices, raising possibility of supply war with U.S.",Russia,available,False,False,True,True,True,True,True,False,False,True,False,True,True,russia_conflict_financial,geopolitical_crisis_financial,False
18a8skb,2023-12-04,StockMarket,Cryptocurrency Worth $1.5M Seized From Former Ukrainian Head of State Communications,Ukrainian,blank,True,True,False,False,False,False,False,False,False,False,False,False,False,excluded,excluded,False
18aom4f,2023-12-04,stocks,Bitcoin on track for 100k?,Ukraine,available,False,True,False,True,True,True,True,False,False,True,False,True,True,direct_ukraine_financial,geopolitical_crisis_financial,False
18aqnui,2023-12-04,stocks,US speeds up return of oil to Strategic Petroleum Reserve -Energy Dept,Ukraine|Russia|invasion,available,False,True,True,True,True,True,True,False,False,True,False,True,True,multiple_paths,geopolitical_crisis_financial,False
18dap6z,2023-12-08,StockMarket,Anyone else looking at the OXY?,Russia|Putin|Moscow,available,False,False,True,False,False,True,True,False,False,False,False,False,False,excluded,excluded,False
18fnjii,2023-12-11,StockMarket,Tether Freezes 41 Crypto Wallets Tied to Sanctions,sanctions,blank,True,False,False,True,True,False,False,False,False,False,False,False,False,excluded,excluded,False
18gkrt0,2023-12-12,StockMarket,Buying Russian ADRs and GDRs,Russian,removed,True,False,True,False,False,True,True,True,False,False,False,True,False,russia_crisis_financial_consequence,excluded,True
18i16l1,2023-12-14,stocks,Fitch Upgrades 2024 Oil Price Forecasts Amid OPEC+ Influence,Russian|sanctions,available,False,False,True,True,True,True,True,False,False,True,False,True,True,russia_conflict_financial,geopolitical_crisis_financial,False
18is8gf,2023-12-15,stocks,"What to do with a russian stock (YNDX), which I cannot sell?",Russian,removed,True,False,True,False,False,True,True,False,False,False,False,False,False,excluded,excluded,False
18iskvy,2023-12-15,stocks,"Question about taxes: What to do with a russian stock (YNDX), which I cannot sell due to sanctions?",Russian|sanctions,available,False,False,True,True,True,True,True,False,False,True,False,True,True,russia_conflict_financial,geopolitical_crisis_financial,False
18ktdx6,2023-12-17,StockMarket,Does anyone hold Defense stocks?,Ukraine|invasion,available,False,True,False,True,True,True,True,False,False,True,False,True,True,direct_ukraine_financial,geopolitical_crisis_financial,False
18l7r7t,2023-12-18,stocks,Im a professional money manager and this is some of my notes from premarket.,Russia|Putin|sanctions,available,False,False,True,True,True,True,True,False,False,True,False,True,True,russia_conflict_financial,geopolitical_crisis_financial,False
18l7tw8,2023-12-18,StockMarket,"I'm a professional money manager and these are some of my notes from premarket. We adopt an active trading strategy, so some of this may or may not be relevant to your strategy, but please take any value you can!",Russia|Putin|sanctions,available,False,False,True,True,True,True,True,False,False,True,False,True,True,russia_conflict_financial,geopolitical_crisis_financial,False
18l7zzv,2023-12-18,investing,"I'm a professional money manager and these are some of my notes from premarket 18/12. Some of what I am watching may be relevant to our active trading strategy, but hopefully there is value in here for your strategy too.",Russia|Putin|sanctions,available,False,False,True,True,True,True,True,False,False,True,False,True,True,russia_conflict_financial,geopolitical_crisis_financial,False
18m4mpu,2023-12-19,stocks,"My husband once opposed my long-term investment in TSLA, but I used my persistence to tell him what was the right thing to do.",Ukraine,available,False,True,False,True,True,True,True,False,False,True,False,True,True,direct_ukraine_financial,geopolitical_crisis_financial,False
18oyw5m,2023-12-23,StockMarket,Major events of 2023 and their impact on the stock market,Ukraine|Russia,available,False,True,True,True,True,True,True,False,False,True,False,True,True,multiple_paths,geopolitical_crisis_financial,False
18pv6iz,2023-12-24,StockMarket,"Trade volume between Russia and India exceeded over $40 billion in the first three quarters of this year | TV BRICS, 22.12.23",Russia,blank,True,False,True,False,False,False,False,False,False,False,False,False,False,excluded,excluded,False
18qjlzb,2023-12-25,stocks,Equinor value with Russia reentering the market.,Russia|sanctions,available,False,False,True,True,True,True,True,False,False,True,False,True,True,russia_conflict_financial,geopolitical_crisis_financial,False
18qncu3,2023-12-25,investing,venezuela/guyana conflict,Ukraine|Russia,available,False,True,True,True,True,True,True,False,False,True,False,True,True,multiple_paths,geopolitical_crisis_financial,False
18qw6u1,2023-12-26,investing,Diversifying into INDA: Balancing Growth and Risks in Global Markets,Ukraine,available,False,True,False,True,True,True,True,False,False,True,False,True,True,direct_ukraine_financial,geopolitical_crisis_financial,False
18r7oag,2023-12-26,stocks,I'm a professional money manager and these are some of my notes from premarket 26/12,Ukraine|Russian|invasion,available,False,True,True,True,True,True,True,False,False,True,False,True,True,multiple_paths,geopolitical_crisis_financial,False
18r7sjd,2023-12-26,StockMarket,Everything I'm watching in premarket 26/12. Including expectations and Skew analysis on what the data is saying the market/stocks will do.,Ukraine|Russian|invasion,available,False,True,True,True,True,True,True,False,False,True,False,True,True,multiple_paths,geopolitical_crisis_financial,False
18rd3jl,2023-12-26,investing,What Do You Think About Peloton Tread+ Scandal?,sanctions,available,False,False,False,True,True,True,True,False,False,False,False,False,False,excluded,excluded,False
18s0ust,2023-12-27,StockMarket,"Everything I'm watching in premarket 27/12, Including my analysis on DXY, IWM and more.",Russia,available,False,False,True,False,False,True,True,False,False,False,False,False,False,excluded,excluded,False
18s0zy2,2023-12-27,stocks,Here's everything I'm watching in premarket 27/12. Analysis included on what to expect with DXY and Small Caps.,Russia,available,False,False,True,False,False,True,True,False,False,False,False,False,False,excluded,excluded,False
18s13yf,2023-12-27,investing,What I'm watching in premarket 27/12 including my analysis on DXY and Small caps.,Russia,available,False,False,True,False,False,True,True,False,False,False,False,False,False,excluded,excluded,False
18stkzr,2023-12-28,stocks,Everything I'm watching in premarket 28/12 including analysis of Oil and FX.,Ukraine,available,False,True,False,False,False,True,True,False,False,False,False,True,False,direct_ukraine_financial,excluded,True
18stmtk,2023-12-28,StockMarket,What I'm watching in premarket 28/12. I have also included some analysis on what the option data is saying with regards to oil prices and more.,Ukraine,available,False,True,False,False,False,True,True,False,False,False,False,True,False,direct_ukraine_financial,excluded,True
18t1co7,2023-12-28,investing,Money in cash in Ukraine how to save them,Ukraine,removed,True,True,False,False,False,False,True,False,False,False,False,False,False,excluded,excluded,False
18tnoks,2023-12-29,stocks,"Everything I'm watching in premarket 29/12, including my analysis on Bond buying, and my expectations for the day.",Ukraine|Russia,available,False,True,True,False,True,True,True,False,False,True,False,True,True,direct_ukraine_financial,geopolitical_crisis_financial,False
18tnu9o,2023-12-29,StockMarket,My premarket report 29/12 - Catch up on all the news and data going into the trading day.,Ukraine|Russia,available,False,True,True,False,True,True,True,False,False,True,False,True,True,direct_ukraine_financial,geopolitical_crisis_financial,False
18u0u37,2023-12-29,stocks,Solar Stocks: Thriving Triumph or Hidden Shadows?,Ukraine,available,False,True,False,True,True,True,True,False,False,True,False,True,True,direct_ukraine_financial,geopolitical_crisis_financial,False
18v9w9a,2023-12-31,investing,What should I do with my money?,Ukraine,available,False,True,False,False,False,True,True,False,False,False,False,True,False,direct_ukraine_financial,excluded,True
