id,date_utc,subreddit,title,selftext,extraction_matched_keywords_original,matched_keywords_recomputed,body_status,title_only,has_direct_ukraine_context,has_russia_context,has_conflict_context,has_financial_context,has_crisis_financial_consequence,relevant_candidate,relevance_path,review_group
qvi2d8,2021-11-16,investing,Why is the Fed not raising rates?,"I hear a lot of arguments about the fed simply opening the floodgates to please Wall St and keep the economy rising, but that argument could have been made at any point in history; yet in the past the fed have acted responsibly.

Surely this reckless inflatory push has something to do with competition between the US and China/Russia? 

Whether its the fact China will overtake it quicker now or a potential conflict with either one. Could it be an experiment in whether having the “global currency” can allow a country to buy growth without insane amounts of inflation? Thoughts?",Russia,Russia,available,False,False,True,True,True,False,True,russia_conflict_financial,Russia_or_Russian
tt7lzs,2022-03-31,stocks,Biden’s Global Quest for Oil Triggers Political Pushback,"https://www.wsj.com/articles/bidens-global-quest-for-oil-triggers-political-pushback-11648632601?mod=hp_lead_pos1

Republicans have criticized him for scolding the U.S. oil industry and pushing for alternative-energy sources even as Russia’s invasion of Ukraine has underscored the world’s dependence on fossil fuels.

Mr. Biden has shifted course recently, including announcing that the U.S. would ship more liquefied natural gas to Europe to help countries there reduce their dependence on Russian gas.

That shift, however, drove concerns among progressives who think the Democratic president is stepping back from his campaign promise to transition the U.S. away from fossil fuels. Democrats also have chafed at White House attempts to get authoritarian regimes such as Venezuela and Saudi Arabia to produce more oil.

A White House spokeswoman said Mr. Biden “wants to do everything possible and sensible to mitigate” the effect of high energy prices on American families.

“He’s been clear in recent remarks that oil and gas companies should help ensure that oil supply meets demand, and at the same time we need to advance clean energy options and decrease our reliance on fossil fuels,” the spokeswoman said.

Decade-high prices and limited spare capacity give Mr. Biden few places to turn aside from oil companies he has shunned as climate polluters and foreign producers with checkered histories, said Samantha Gross, a fellow specializing in climate and energy at the Brookings Institution think tank in Washington.",Ukraine|Russia|Russian|invasion,Ukraine|Russia|Russian|invasion,available,False,True,True,True,True,False,True,multiple_paths,Russia_or_Russian
102q6jd,2023-01-04,StockMarket,"⚜️⚜️ Gld, Gdx, Gdxj, Gldi, G G G Gsss!!","First day of the season and good ol gold is already outperforming everything else.  If you were in JNUG you could have been up 6% already for the year.  Meanwhile what did SPX do?

I know roll your eyes, this is another Gold Bug who's been clamoring for Gold since the 1800s something something about fiat currencies and doomsday stuff and hiding in a bunker .. and my papa was a 49er... ACTUALLY NO!  I only hopped in gold at the end of 2022, because I see commodities (personally gold) and volatility selling strategies as the best performing asset class in 2023 AGAIN.  And because I'm so bullish on gold outperforming other asset classes, that **I'm actually hoping to get some counter arguments from the big brained folks here before I max my credit to buy gold**.

# Ok!

As you all know, while every asset class like stocks, bonds, etc... even gov treasuries crashed this year (believe it or not, your super duper safe haven super safe US treasury ETF $TLT fell 30% this year - so much for safety amirite), gold and many other commodities maintained it's value and even so in a RISING RATE environment 😮.  Although 2023 probably won't be as bad as 2022, I still see gold outperforming other asset classes for mostly the same reason it did in 2022.

**Why did gold outperform in 2022**?

1. Gold showed that once again it's a place where you can **really store value**.  Remember all the hype of Cryptos and all the TikTok stars clamoring cryptos are a store of value and inflation hedge and yada yada??  How's that correlation with the overall stock market work out?  How's boys like SBF and the lack of regulation work out in building investor confidence?  You think institutions will still maintain confidence in it and market it to their clients?  How's hypemen like Tom Brady and Matt Damon do for investor confidence as well?  While I believe in block chain tech, let's be honest, we are probably gonna have a winter for a bit because there isn't stimmies flowing out left and right, and let's be honest, a lot of people - the later bandwagoners, probably lost a bunch of money getting into it thinking it's a store of value and valid currency and not as a speculative asset, so probably have a bad taste in their mouths.  Oh! And mining bitcoin is bad for the environment.  You can't live in the West and be pro bitcoin or you are bad heartless person: [https://bitcoinmagazine.com/culture/eu-will-likely-ban-bitcoin-to-no-avail](https://bitcoinmagazine.com/culture/eu-will-likely-ban-bitcoin-to-no-avail) , just like you can't be pro fossil fuels, pro meat consumption, etc... all bad people stuff.  So it's time to get with the times and be anti-cryptos as well or eventually you are a bad person too.  And you don't want to be a bad person otherwise you end up like Putin.  Cryptos soon won't be ""vogue"" anymore when the next gen of kids get brainwashed because cryptos kill polar bears.  The powers that be are already setting this in motion.  Don't be that boomer in the next gen's eyes...
2. Gold maintained it's value in 2022 not only because it's a store of value, but also of **central bank buying**.  [https://www.ft.com/content/e0983ebb-bbe0-4d33-8517-e19fa06e1a77](https://www.ft.com/content/e0983ebb-bbe0-4d33-8517-e19fa06e1a77). I'll get into more why this is the case and why I think it will continue next.

**Why gold should continue to perform well in 2023**?

Too many reasons!

1. **Continued central bank buying**:  When war in Ukraine broke out, the West froze Russia's USD assets. [https://www.nbcnews.com/data-graphics/russian-bank-foreign-reserve-billions-frozen-sanctions-n1292153](https://www.nbcnews.com/data-graphics/russian-bank-foreign-reserve-billions-frozen-sanctions-n1292153)  Any country, that currently aren't simps for the West (China, Russia, India, Middle East, Turkey, South America, etc...) have immediately taken note of this unprecedented action by the west.  If they want to do ANYTHING that may be considered naughty naughty 🤭 🤫by the west, they could get their USD assets frozen.  Hence, the frenzy in all of these countries in trying to diversify their reserves away from USD into something else - which one of the new assets they are buying, besides something like the Yuan, is Gold: [https://www.bloomberg.com/news/articles/2022-12-30/russia-to-raise-yuan-share-in-wealth-fund-to-60-gold-to-40?leadSource=uverify%20wall](https://www.bloomberg.com/news/articles/2022-12-30/russia-to-raise-yuan-share-in-wealth-fund-to-60-gold-to-40?leadSource=uverify%20wall)  I see this trend to continue from now until de-globalization reverses, which could be quite a while.  This should prop up gold and other commodity prices.  The US is losing it's grip/influence in a lot of spaces in the world that's not the EU.  Saudi Arabia as an example.
   1. Heck some countries may just want to buy stuff with gold, like Ghana: [https://www.ft.com/content/403e39de-dace-4266-a525-5a36185faa82](https://www.ft.com/content/403e39de-dace-4266-a525-5a36185faa82)
2. **Reaching the terminal rates** :  Often times when rates rise, gold falls.  Yet, rates have risen by so much in 2022 yet gold has maintained it's price.  With the Fed supposedly reaching the end of the rate hikes and inflation supposedly peaking, this catalyst to decrease gold prices will eventually come off the table. [https://fortune.com/2022/12/27/gold-price-rise-2023-outlook-dollar-bitcoin-down/](https://fortune.com/2022/12/27/gold-price-rise-2023-outlook-dollar-bitcoin-down/)
3. **Persistent Inflation**: While inflation is coming down, I truly do believe that the Fed will never hit it's target of 2% inflation, without completely destroying demand and causing the country to enter a deep and tough recession.  I don't see the Fed willing to raise rates so much to do that, partly because of political pressure and partly because that just creates even more issues.  As a reuslt, both demand and supply side dynamics will continue to keep inflation above 2%
   1. **Supply Side Inflation Continues**: Everyone keeps on saying supply side inflation is ""transitory"" is the same dummies that said inflation is ""transitory"".  If the west really wanted to reduce supply side inflation, they would stop fueling the war in Ukraine.  They would stop being anti fossil fuel and anti a lot of things.  That's not ending any time soon, so supply side inflation won't stop.  Additionally, given how the west is so afraid of covid, we could once again see supply side inflation if China unleashes their population to infect the world again, leading to supply chain issues.
   2. **Demand Side Inflation Continues**: Given that the Fed probably won't bring us to a deep and serious recesssion with unemployment spiking over 10% and really crushing the demand side of things, demand will never drop low enough for inflatoin to reach 2%. Additionally, the west likes to fight inflation by handing out more money.  While the Fed can stop printing, like it's been doing, goverments themselves can continue to spend with money they don't have.  California is giving out money to fight inflation: [https://www.kcra.com/article/california-inflation-relief-payments-timeframe-update-1672447464/42371519](https://www.kcra.com/article/california-inflation-relief-payments-timeframe-update-1672447464/42371519).  Same with Spain [https://www.reuters.com/markets/europe/spain-announces-106-bln-package-ease-inflation-pain-2023-2022-12-27/](https://www.reuters.com/markets/europe/spain-announces-106-bln-package-ease-inflation-pain-2023-2022-12-27/).  Politicians live for votes, so they will never be aligned with the central bank.  Like any good corporation, they care about lining their pockets now, not necessarily do what's best.  Y**ou and I like free money, so we will never say no when a politician promises us free money for votes.  There's no end to it**.
   3. **TLDR**: Western govs like to induce inflation via their policies such as anti fossile fuel, extending the war in Ukraine, locking stuff down, etc... while handing out stimmies for votes.  The central bank must fight against all that but they can only do so much without causing a real legit recession.
   4. Example: Sellers used to sell 100 widgts and buyers bought 100 widgets.  Now only 50 widgets are availalbe due to supply constraints so the price goes up.  Only 50 widgets are now sold and some people can't afford them so they miss out.  Gov hands out stimmies so now more people can afford the 50 available widgest, so it goes up further in price.
4. **Changing Fed Inflation Target**: If the Fed can't get inflation down to 2%, that will unleash another wave of lack of confidence in the USD and fed, causing real assets to go up again.  And the Fed is already laying the groundwork for this when it realizes in 2-3 years that it can't reach it's 2% goal without causing a real and deep recession.  No one wants to go in depth yet on this stark reality, but the Fed stated in it's most recent meeting that: ""**there may be a longer-run project"" that could take a fresh look at the central bank's inflation goal**. "" [https://money.usnews.com/investing/news/articles/2022-12-14/powell-says-fed-will-not-change-2-inflation-goal](https://money.usnews.com/investing/news/articles/2022-12-14/powell-says-fed-will-not-change-2-inflation-goal).  Some managers are already making this claim - the Fed just has not admit it: [https://www.bloomberg.com/news/articles/2022-12-14/bill-ackman-says-fed-s-2-inflation-target-no-longer-credible?leadSource=uverify%20wall](https://www.bloomberg.com/news/articles/2022-12-14/bill-ackman-says-fed-s-2-inflation-target-no-longer-credible?leadSource=uverify%20wall).  Wait for the Fed to admit it and see what happens to commodities...
5. **Debt Ceiling Volatility**: 2023 marks a year where we may have another debt ceiling crisis.  While Reps are not as fiscally conservative as they used to be, they are still 1000% more conservative than Dems these days.  If inflation is still a hot topic, they may be able to rally around being more fiscally conservative, causing a deadlock as they control the House.  Some pundits are saying that this debt ceiling crisis could be as volatilie as the one in 2011 and 1995.  In both of those situations, gold prices popped, i personally have it going up 10% in 1995 and 20% in 2011.  While this is a small move in % terms, with the low implied volatility on gold options, it's a pretty big move within a few months. [https://www.cnn.com/2022/12/05/economy/debt-ceiling-fight-goldman-sachs/index.html](https://www.cnn.com/2022/12/05/economy/debt-ceiling-fight-goldman-sachs/index.html)
6. **Petrogold And Russia**: Similar to how central banks are moving away from the USD, if Russia truly gets desperate in the war in Ukraine, they could do the nuclear option and demand gold for oil/gas.  This scneario is more of a pipe dream that gold bulls like to push and is not covered by main stream media, aka it's more on the conspiracy side of things...but it's not impossible if Putin truly becomes desperate.  [https://www.kitco.com/news/2022-12-07/If-Russia-accepts-gold-for-oil-gold-price-doubles-to-3-600-says-Credit-Suisse-s-Zoltan-Pozsar.html](https://www.kitco.com/news/2022-12-07/If-Russia-accepts-gold-for-oil-gold-price-doubles-to-3-600-says-Credit-Suisse-s-Zoltan-Pozsar.html)
7. **Fed Pivot**: I personally don't see a fed pivot occuring next year given that I don't see inflation going down to 2% and I believe the Fed is going to be cautious so we don't hit a an outright recession.  Most people say fed pivot in 2H 2023, I say 2024-2025.  With that said, the financing market is very tight and MANY of your favorite negative income stocks are going to run out of cash in the next year, likely leading to higher unemployment.  If the Fed were to pivot, and start printing money again, well that'll only lead to an increase in gold prices...again! [https://www.usfunds.com/resource/gold-forecast-to-hit-3000-4000-an-ounce-in-2023/](https://www.usfunds.com/resource/gold-forecast-to-hit-3000-4000-an-ounce-in-2023/)

&#x200B;

**Why may gold not perform will in 2023**?

* **Demand Side Shock**: Any sort of demand side reduction or crazy drop in inflation, like another covid, could cause a drop in gold prices during the crisis.  However ,the aftermath/money printing and stimulus could cause gold to bounce right back up and higher than it was before.
* Any more?",Ukraine|Russia|Russian|Putin|sanctions,Ukraine|Russia|Russian|Putin|sanctions,available,False,True,True,True,True,False,True,multiple_paths,Russia_or_Russian
12uq8dv,2023-04-22,investing,EV hits another roadblock as Chile moves to nationalize lithium mines,"The markets do not like the news as lithium miners ""crashed"" today. This disrupts the EV battery supply chain and could wipe out lithium miners. 

Chile recently installed it's left-wing President who is involved in drafting Chile's new Constitution which is deemed ""too left-leaning and too radical.""

If this happens, China and Chile will have the duopoly of lithium, and the US will be at the mercy of these two countries who would be able to dictate the price of lithium; just like Russia would dictate the price of oil and gas to the EU. As everyone knows economic sanctions will not do much. 

This affects the US as it goes full scale of its EV infrastructure. California might need to rethink its discriminatory oil and gas policies. 

While $TSLA is discounting its vehicles, others may not be able to do it. Most still cannot afford EV and the new tax credit system just complicates it. When Chile's done nationalizing it lithium mines, EV will just stay as a luxury vehicle.",Russia|sanctions|NATO,Russia|sanctions,available,False,False,True,True,True,False,True,russia_conflict_financial,Russia_or_Russian
18tnoks,2023-12-29,stocks,"Everything I'm watching in premarket 29/12, including my analysis on Bond buying, and my expectations for the day.","  
Yesterday, we saw oil continue lower, as we noted would be the case in our report on Wednesday.   
Since our Wednesday report, where we signalled that put buying had increased on Brent, oil is now 4% lower.   
**Analysis:**

* Today’s analysis will briefly touch on bond buying, and what the data is telling us with regards to it.   

* We have noticed that bond yields have fallen sharply, with the 10 year now reaching the lowest price since July. Bond yields are more or less where they started the year, despite being up massively earlier in the year.   

* We can see that the data is telling us that bond yields will continue to be pressured, as option volatility skew on TLT hits a record high, as IV in OTM calls surges.   


**What happened yesterday and my analysis on it:**  


* Yesterday was a low volume day, where the 2021 closing high of 4793.45 was the focus. Would SPX close above it?
* Well, it tested it yesterday, but got rejected. This was purely the result of there not being enough volume there yesterday to actually break it.   

* I expect that today it probably will break it. It already pushed above it in premarket was Europe markets opened.   

* Chinese stocks outperformed yesterday, as Hong Kong MARKET moved higher on more stimulus from PBOC and on China walking back some of its gaming regulations.   

* Oil to continue to be pressured today, as I noted in previous reports.   

* Yesterday, Tesla was lower. Whilst there was reports of Xiaomi getting into the EV game in China, this was not the reason why as this news broke in premarket, yet Tesla was up in premarket. Tesla was down simply due to increased IV in OTM puts.   


**————— INSTITUTIONAL RESEARCH ———** 

* JPM puts out a piece, comparing China’s growth reading with MXCN all china shares index. They concluded that whilst recovery has been slow, China’s growth is returning back to positive, and they expect Chinese stocks to return positive YOY returns as a result.   

* I will put out my own analysis piece on China as part of next week’s report, likely on Tuesday. Maybe over the weekend so check back for more.   

* Carson Group says that gains of more than 10% in final 2 months of a year I historically a bullish signal that there’s more room for stocks to run.   

* Yardeni Research says bull market can be sustained as a melt up, but this melt up could lead to melt down if rise too far too fast. In other words, a clever way to say anything can happen.   


**—— DATA LEDE ———**   


* SPAIN - inflation Rate preliminary reading for December. Significant as Spain CPI tends to be a leading indicator of Eurozone CPI.   

* Came out soft, MOM reading at 0%, vs 0.3% forecast.   
YOY, the reading was 3.1% vs 3.4% forecast.   

* This is positive news for the Eurozone reading next week. We can expect Eurozone to come in better than expected too, which will strengthen rate cut hopes.   


**——— FOREX ————**  


* CHF continues to rise, partly due to stronger leading indicators in Switzerland, but mostly a continuation of the play on differentiating monetary policies between SNB and other central banks  

* AUD fractionally lower after hitting 0.687 level yesterday. No fundamental reason why, just price correction 

**——— MARKETS ———**   


* Ger40 tentatively higher, up by 0.18%. Will take bit more push over US session, although volume will be thin. Expect to close at 16,800. Closes year near all time high.   

* SPX - level to watch is the 2021 closing high of 4793.45, and beyond that 4800. It will be a low volume day but I expect it to creep up to close above the 2021 closing high. It went above it in premarket when Europe opened, but not enough volume there. Needs market to open to take it above.   

* Oil relatively flat after being red the last 2 days.   

* DXY - pushed a bit higher in premarket, after being higher yesterday too, to 101.40. But it pared those gains. 101.47 will likely offer a little resistance. Dollar to remain under pressure.   

* HKG50 - flat after pumping up yesterday, with supportive China policy and the fact they walked back some of their gaming regulations.   


**————MAG 7 NEWS ————**  


* GOOGL - agrees to settle a lawsuit, claiming that it secretly tracked the internet use of millions using incognito  

* MSFT - their next Surface laptops will reportedly be the first “ai computer” (yesterdays news, that broke intraday)  

* AMZN - planning to test making hydrogen fuel at its fulfilment center (yesterday’s news, broke intraday)  

* NVDA - has produced a less capable version of its 4090 GPU, especially for the Chinese market following tightened restrictions.   

* TESLA - Musk will likely set ups first India manufacturing plant in Gujarat.   


**——— COMPANY SPECIFIC NEWS ————**  


* Walmart - Joins costco in now selling gold bars as well.   

* BA - yesterday, urged inspections of their 737 Max planes for a possible loose bolt.   

* BABA - faces a fine after losing an antimonopoly suit vs [JD.com](https://JD.com)  

* JBL - completes the vesture of their mobility business. Lowered their Q2 2024 outlook as part of this announcement.   

* GFI - down 10% after cutting production outlook of Chilean mine  

* BSX - reiterated by Wells Fargo at buy, with price target of 62 (11% above spot)  

* Lyft - cut to sell by Nomura (price target 17% below spot) - can drag on Uber too  

* UBER - cut by Nomura to neutral too. (Price target flat to spot)  

* COP - maintained at strong buy at Raymond James, price target 21% above spot.   


**—— OTHER NEWS HEADLINES ——**   


* Slightly disappointing 7 year auction yesterday, intraday.   

* PBOC urges to step up existing monetary policy measured, reiterated the push for borrowing costs to trend lower, and for increased structural support for sectors, including tech and infrastructure.   

* Taiwan reports that 10 chinese Air Force planes crossed the Taiwan Strait median line, but did not enter Taiwan’s air defence zone.   

* CME Fedwatch shows 72.8% chance of rate cut as soon as March, after jobless data yesterday.   

* DOnald Trump is disqualified from running in Maine in 2024, says AP, due to role in 2021 attack on US Capitol. Note: This was decided by Democrat Secretary of State.   
California Secretary of State has declined to remove Donald Trump’s name from primary ballot after requests to disqualify him.   

* Ukraine seeking urgent funds for 2024 budget.   

* Saudi cut its key oil price by 1.25 per barrel for deliveries in Asia as of February.   

* Banks are borrowing a record amount from Fed’s backstop facility. Note, this is not a liquidity concern for banks, but is because they are profiting form low rates offered by the fed to profit form arbitrage.   

* Russia has been pummelling Ukraine with airstrikes overnight, killing 12 people.   

* Huawei forecasts 9% revenue growth in 2023, as smartphone sales surge. (Chipping away at AAPL China market share )",Ukraine|Russia,Ukraine|Russia,available,False,True,True,False,True,False,True,direct_ukraine_financial,Russia_or_Russian
vp0zyy,2022-07-01,StockMarket,Anybody else start investing literally the day before the Ukraine war?,[removed],Ukraine,Ukraine,removed,True,True,False,True,True,False,True,direct_ukraine_financial,general
11cipii,2023-02-26,StockMarket,"Inflation and the war in Ukraine have given us massive stock losses. To fix this, we each Venmo half our cash to a Russian, therefore overflowing their economy with capital and ravaging them with inflation, while we will have deflation, therefore tremendous stock gains",,Ukraine|Russia|Russian,Ukraine|Russian,blank,True,True,True,True,True,False,True,multiple_paths,general
ld2r3o,2021-02-05,stocks,Black Iron Inc. — BKI.CA OTC BKIRF,"Black Iron is a largely unwatched junior miner developing a premium 68% grade iron ore mine in the Ukraine with close proximity to rail lines and other essential infrastructure. The stock trades around $.26 at the time of writing, sporting a market cap of approx $64M US. The ten year NPV of the mine is $1.9B assuming average long term iron ore prices of $62/ ton. Iron ore currently trades at $155/ton. There is some political risk to be sure, but the project is located far from the war’s frontlines. Execution risk is of course a factor, but management is highly experienced in bringing mines to production and has made significant headway with potential financing sources, having received several expressions of interest from political risk insurers, export credit agencies, European banks for debt financing, and has executed a term sheet for royalty financing and is negotiating off take agreements and equity based construction financing agreements. Check out their corporate presentation pasted below. I would be interested to hear any arguments as to why this isn’t a compelling, investment opportunity and what kind of price appreciation could be expected as the company enters obtains financing and commences construction. 

HTTPS://blackiron.com/wp-content/uploads/2021/01/202101_BKI_CorpPres-1.pdf",Ukraine,Ukraine,available,False,True,False,True,True,False,True,direct_ukraine_financial,path_direct_ukraine_financial
lgeo3w,2021-02-09,investing,"Artificial intelligence meets agriculture, IPO","First post, so please direct me if I do things wrong.


Farmer's Edge Inc just filed for Initial public offering (https://www.bloomberg.com/news/articles/2021-02-09/farmers-edge-files-papers-for-initial-public-offering-in-canada)

Farmers Edge employs technology to collect and analyze local weather, soil moisture and satellite data to help farmers improve crop efficiencies and yields. Chief Executive Officer Wade Barnes co-founded the firm in 2005 and it has since expanded operations across Canada’s Prairie provinces and abroad, with offices in the U.S., Australia, Russia, Brazil and Ukraine.

I would like any information you guys drum up as im just learning about this and usually am comfortable with the SPAC setup. I always read good info and wanted to add.",Ukraine|Russia,Ukraine|Russia,available,False,True,True,False,True,False,True,direct_ukraine_financial,path_direct_ukraine_financial
m2bubi,2021-03-10,investing,Payoneer $FTOC is worth $5 or $35. Very misunderstood business and underestimated growth prospects.,"
DISCLOSURE I own 10,000 SHARES of $FTOC may add more or the warrants in the future if price continues to decline.The 1 sentence conclusion is that at $11 a share $FTOC seems to provide a good risk/reward. Below I provide a more detailed explanation, the real version would take me 20 pages but this version is for THE REDDITORS!!!A bit of backgroundSo, in the past here I have posted about $COTY and $APPH but what many of you may not know about me is that I have been involved in the digital coin and payments space for the past 5 years and have been using Payoneer for years to pay contractors. Nevertheless, Payoneer is more than that. I understand that at first glance it looks like just another Paypal which is fine because PayPal has been growing and is profitable, even though it took a bit of a hiatus once it was owned by EBAY (Ebay was right to buy them but wrong to not let them grow freely as they could after the spin-off).Anyway, I see many possibilities for Payoneer that I think many are not being considering at all. Not only is the business going to be growing at LEAST 25% for the next few years but I think it can expand 35% to 50% per year for the next 3 given the massive shift of online transactions but also new services. To simplify, adding more services to cater their current customers helps them bring in new customers which nets them more revenues and profits.
Why a SPAC vs. an IPOThe issue with Payoneer has been that they never had enough capital to grow or to provide their customers more. It takes a long time to build a really robust and safe payments platform. Payoneer has been around for more than 10 years and it took a lot of capital and development hours to get to where they are today. The business was limited to transactional growth which is fine but when that is like a profit of like 0.5% (as most goes to the credit card companies or banks) it is hard to grow or ever be profitable. So, Payoneer for years has been in this stunted growth because of lack of capital or because they are in markets that were “high risk”, like not being in the USA vs. being in the Ukraine.There are many reasons they did a SPAC and if I were to top it off it is because they failed to do an IPO a a few years ago, capital is expensive via private transactions and it would never be enough. So, yes they could have done raises of $50mm every year but in this type of industry when you have so many competitors who have tens of billions of revenues and hundreds of billions of transaction volume you need a lot more to be able to compete. $500 million makes you a pretty major player in the game vs. struggling with small raises. Definitely not ideal for shareholders but in the long-term it is the best way to assure your business can compete at the very least survive.When I usually look into these stock ideas or analysis I go through a process but here on REDDIT I feel I need to provide a sort of cliffs notes because I can really go into a deep dive analysis of like 10 to 20 pages to really understand the entire business, how it makes or loses money. So I will to the best of my ability be concise but deep with my knowledge of the business.Business modelHere are all of the products that Payoneer offers its customers.Global Payments, Multi-currency account, physical and virtual cards, B2B accounts payable and accounts receivable, working capital, merchant services, compliance and tax.So, it is basically a bank that includes an accountant to help meet a business’ needs. The one product or feature that is missing is digital coins and no doubt they will be offering that soon, if anything they should make that a major priority.
Who are their customers and where are they know?
5 million businesses in 190 countries. Customers include Amazon, Wish, Lazada (owned by Alibaba) Shopee, and Ebay. Weird right, they work with Ebay given Paypal does too. This is because they work with countries and specific clients that Paypal not accept into their platform. Investors need to understand that sometimes people have to use other platforms because they the Paypal’s or banks are NOT willing to take the risk. Sure the risk is probably higher but the amount of people that need access to capital or payment process is high when many banks in many countries do not approve people for such type of access.What are the growth drivers?
Acquisition in new or existing markets (which drives better margins) and working capital for some of their customers (not all) which is what helps Amazon and Paypal grow their business. When someone makes a transaction say buyer and seller the bank or credit card companies make fees but when both consumer and business use Payoneer exclusively they avoid transaction fees with banks which is why these platforms push or provide discounts for encouraging transactions within the same network vs. out of network. Over time more and more transactions will be within network, just takes more people to be part of the ecosystem.What are the revenues of the business? Company estimates.2020 $346mm*2021 $432 mm*2022 $540 mmWhat do I think actually happens?2020 $350 to $400mm2021 $450 to $550mm2022 $600 to $700mmWhy? Because $500 million of capital allows you to expand faster than before and I think the management has been prudent not to be so aggressive in their esimtates because I don’t think anyone can believe they can so more than 35% a year but I do.What does that say about valuation?Well, Paypal at its spin-off inception traded as low as 5x revenue but growing 15% to 20% a year and when it had $11 billion in revenues now it is growing same rate but trading at 15x Revenue. That means that given Payoneer is growing double the rate and 95% smaller they can command a higher multiple but for the sake of being “conservative” let’s use 5x revenue as the TROUGH valuation and 20x revenue as the PEAK.2020 $346mm Trough is $1.75 billion or $4.60 a share. Peak is $6.92 Billion or $18.21*2021 $432mm Trough is $2.16 Billion or $5.70 a share. Peak is $8.64 billion which is $22.75 a share.*2022 $540 mm Tough is $2.70 Billion or $7 a share. Peak is $10.8 Billion or $28 a share.If you used my estimates it would be the following2021 $450 to $550mm Trough is $6 or Peak of $292022 $600 to $700mm Tough is $7.89 or Peak of $36.84Given the current price of $11 it becomes a 4 up and 1 down scenario, a good risk/reward bet.What do I think the future holds for Payoneer?I actually think there are several exits for this company.1. Company continues to grow and eventually reach billions or revenue within 5 to 10 years. So many factors and things that can happen since sometimes a 10x of revenue growth does not always mean 10x in stock price, could be -50% (due to massive dilution or debt) or 10,000% (no dilution, growth increasing, becomes a top 5 player). So consider that when you get too enthusiastic about prospects there is always a downside.2. Large international payments processer buys them. Could be Paypal, Square, Stripe, First Data, etc. consolidation WILL happen in this space and I think short-term Payoneer will acquire some companies and then be sold to a bigger company. Think of this as how banks in the USA were allowed to merge in 1995 given the law that passed. Before you had 100,000 banks then it was 50,000 banks, then 10,000 banks and now like 5,000 banks but the top 10 banks make up a large % of the business/volume.3. Wildcard: CRM business buys them. What many people do not realize is that CRM’s have been changing the game. First it was to help you sell with marketing tools, then it is to improve communication within the team, then it will be storage, and legal transactions then it will be financial transaction. They are literally going to control the beginning to the end of the customer relationship and all of that data they possess is very valuable to help their customers grow.Conclusion: $FTOC provides a good risk reward and many ways to play the exit depending on your risk tolerance.

Nevertheless, I welcome everyone and anyone here to discuss all of the good and bad about $FTOC because that I love about the Reddit community is how open, transparent and sometimes incredibly funny you all are.Good luck to every one!Value MaverickSource: https://pubs.payoneer.com/docs/investor-presentation.pdfGurufocus to view historical financials of Paypal.",Ukraine,Ukraine,available,False,True,False,False,True,False,True,direct_ukraine_financial,path_direct_ukraine_financial
onb2s6,2021-07-19,StockMarket,Looks like the massive PS4 Mining farm busted In Ukraine wasn't mining crypto. It was mining rare FIFA Ultimate Team Cards to be sold on the illegal market. Lol,,Ukraine,Ukraine,blank,True,True,False,False,True,False,True,direct_ukraine_financial,path_direct_ukraine_financial
pk6k8v,2021-09-08,StockMarket,Next Quarter (Q3) Cub Energy Inc will have 66% higher Gas Prices than Q2 (present). New Update! KUB de-risking from East Ukraine assets. Clean books.,[removed],Ukraine,Ukraine,removed,True,True,False,False,True,False,True,direct_ukraine_financial,path_direct_ukraine_financial
szikpt,2022-02-23,stocks,"After seeing how Russia took Ukrainian territory, China is looking to take Taiwan. Extra risk for investors.",[removed],Ukrainian|Russia,Ukrainian|Russia,removed,True,True,True,False,True,False,True,direct_ukraine_financial,path_direct_ukraine_financial
x0n3ua,2022-08-29,StockMarket,(8/29) Monday's Pre-Market Stock Movers & News,"# Good Monday morning traders and investors of the r/StockMarket sub! Welcome to the new trading week and a fresh start! Here are your pre-market stock movers & news on this Monday, August 29th, 2022-

*****

# [Dow futures slide more than 200 points, building on last week’s sharp sell-off](https://www.cnbc.com/2022/08/28/stock-market-news-futures-open-to-close-live-updates.html)
*****
> Stock futures fell Monday as worries over rising rates and tighter monetary policy added fuel to a rout that began in the previous session.
*****
> Futures for the Dow Jones Industrial Average slid 264 points, or about 0.8%. Those for the S&P 500 and the Nasdaq 100 dropped 1% and 1.2%, respectively.
*****
> Wall Street was suffered a sharp sell-off on Friday, when Federal Reserve Chairman Jerome Powell’s short and blunt remarks in Jackson Hole, Wyoming, appeared to extinguish hopes of the central bank changing its aggressive course of rate hikes in the months ahead.
*****
> The Dow fell 1,008 points, or just over 3%, for its worst day since May. The S&P 500 and Nasdaq Composite fell 3.4% and 3.9%, respectively, for their worst days since June. The drop erased the August gains for all three averages.
*****
> “Investors again cut back on their recent Risk-On positioning, supporting our view that it is way too soon to call their recent risk appetite a more permanent stance, and now one more likely to have cost them badly,” Rick Bensignor of Bensignor Investment Strategies said in a note to clients.
*****
> Meanwhile in Europe over the weekend, European Central Bank board member Isabel Schnabel warned that central banks must continue to fight inflation — even if it tips economies into recession.
*****
> The coming week brings more Fed speeches, including Vice Chair Lael Brainard on Tuesday, before August’s nonfarm payrolls report on Friday.

*****

#STOCK FUTURES CURRENTLY:
######(**[CLICK HERE FOR STOCK FUTURES CHARTS!](https://finviz.com/futures.ashx)**)

*****

#LAST WEEK'S MARKET MAP:
######(**[CLICK HERE FOR LAST WEEK'S MARKET MAP!](https://i.imgur.com/IBIReWa.png)**)

*****

#TODAY'S MARKET MAP:
######(**[CLICK HERE FOR TODAY'S MARKET MAP!](https://finviz.com/map.ashx)**)

*****

#LAST WEEK'S S&P SECTORS:
######(**[CLICK HERE FOR LAST WEEK'S S&P SECTORS CHART!](https://i.imgur.com/PJhAALN.png)**)

*****

#TODAY'S S&P SECTORS:
######(**[CLICK HERE FOR TODAY'S S&P SECTORS CHART!](https://finviz.com/groups.ashx)**)

*****

#TODAY'S ECONOMIC CALENDAR:
######(**[CLICK HERE FOR TODAY'S ECONOMIC CALENDAR!](https://i.imgur.com/aJNpshq.png)**)

*****

#THIS WEEK'S ECONOMIC CALENDAR:
######(**[CLICK HERE FOR THIS WEEK'S ECONOMIC CALENDAR!](https://i.imgur.com/JG0NknP.png)**)

*****

#THIS WEEK'S UPCOMING IPO'S:
######(**[CLICK HERE FOR THIS WEEK'S UPCOMING IPO'S!](https://i.imgur.com/1dUzyC6.png)**)

*****

#THIS WEEK'S EARNINGS CALENDAR:
(**$CRWD $BBY $PDD $CHPT $BIDU $AVGO $CHWY $CTLT $BIG $FUTU $SLQT $HPQ $PSEC $MDB $OKTA $LULU $ITRN $BMO $NSSC $HTHT $PLAB $VEEV $GAMB $AMBA $EXPR $AI $NAT $S $HEI $FIVE $IQ $CPB $HPE $HRL $PVH $TTC $CONN $YY $AMWD $REX $DBI $PSTG**)
######(**[CLICK HERE FOR THIS WEEK'S EARNINGS CALENDAR!](https://i.imgur.com/xUDUxlg.png)**)

*****

#THIS MORNING'S PRE-MARKET EARNINGS CALENDAR:
(**N/A.**)
######(**[CLICK HERE FOR THIS MORNING'S EARNINGS CALENDAR!]()**)

*****

#EARNINGS RELEASES BEFORE THE OPEN TODAY:
######(**[CLICK HERE FOR THIS MORNING'S EARNINGS RELEASES LINK!](https://i.imgur.com/uuTKm3u.png)**)

*****

#EARNINGS RELEASES AFTER THE CLOSE TODAY:
######(**[CLICK HERE FOR THIS AFTERNOON'S EARNINGS RELEASES!](https://i.imgur.com/AFsWNov.png)**)

*****

#FRIDAY'S ANALYST UPGRADES/DOWNGRADES:
######(**[CLICK HERE FOR FRIDAY'S ANALYST UPGRADES/DOWNGRADES LINK #1!](https://i.imgur.com/Kb9cxME.png)**)
######(**[CLICK HERE FOR FRIDAY'S ANALYST UPGRADES/DOWNGRADES LINK #2!](https://i.imgur.com/GYykG0v.png)**)


*****

#FRIDAY'S INSIDER TRADING FILINGS:
######(**[CLICK HERE FOR FRIDAY'S INSIDER TRADING FILINGS!](https://i.imgur.com/2r6FrMM.png)**)

*****

#TODAY'S DIVIDEND CALENDAR:
######(**[CLICK HERE FOR TODAY'S DIVIDEND CALENDAR!](https://i.imgur.com/6STrsvO.png)**)

*****

#THIS MORNING'S MOST ACTIVE TRENDING TICKERS ON STOCKTWITS:

* CFVI
* JZ
* NERV
* PDD
* GOOG
* UVXY
* SPY
* DYP.X
* CFVI

*****

#THIS MORNING'S STOCK NEWS MOVERS:

######(**source: [cnbc.com](https://www.cnbc.com/2022/08/29/stocks-making-the-biggest-moves-premarket-catalent-pinduoduo-netflix-and-others.html)**)

*****

> **Catalent (CTLT)** – The drug delivery and manufacturing technology company beat bottom line estimates for its latest quarter. However, its revenue was short of Wall Street forecasts, as was its full-year revenue outlook. Its stock slid 5.7% in the premarket.

> #**STOCK SYMBOLS:** CTLT

> * [CLICK HERE FOR CHART!](http://charts.finviz.com/chart.ashx?t=CTLT&ty=c&ta=st_c,sch_200p,sma_50,sma_200,sma_20,sma_100,bb_20_2,rsi_b_14,macd_b_12_26_9,stofu_b_14_3_3&p=d&s=l)

> ######(**[CLICK HERE FOR LIVE STOCK QUOTE!](http://data.cnbc.com/quotes/CTLT)**)

*****

> **Pinduoduo (PDD)** – The China-based e-commerce company’s stock rallied 13.6% in the premarket following better-than-expected quarterly results. The company said its performance was boosted by a recovery in consumer sentiment.

> #**STOCK SYMBOLS:** PDD

> * [CLICK HERE FOR CHART!](http://charts.finviz.com/chart.ashx?t=PDD&ty=c&ta=st_c,sch_200p,sma_50,sma_200,sma_20,sma_100,bb_20_2,rsi_b_14,macd_b_12_26_9,stofu_b_14_3_3&p=d&s=l)

> ######(**[CLICK HERE FOR LIVE STOCK QUOTE!](http://data.cnbc.com/quotes/PDD)**)

*****

> **Netflix (NFLX)** – Netflix is mulling a $7 to $9 monthly price for its soon-to-debut ad-supported service, according to a Bloomberg report. That compares with the $15.49 price for the company’s most popular current ad-free plan. Netflix fell 1.3% in premarket trading.

> #**STOCK SYMBOLS:** NFLX

> * [CLICK HERE FOR CHART!](http://charts.finviz.com/chart.ashx?t=NFLX&ty=c&ta=st_c,sch_200p,sma_50,sma_200,sma_20,sma_100,bb_20_2,rsi_b_14,macd_b_12_26_9,stofu_b_14_3_3&p=d&s=l)

> ######(**[CLICK HERE FOR LIVE STOCK QUOTE!](http://data.cnbc.com/quotes/NFLX)**)

*****

> **Walmart (WMT)** – Walmart is offering to buy the 47% of South African retailer Massmart that it doesn’t already own for $377.6 million. That values Massmart at 53% above Friday’s close.

> #**STOCK SYMBOLS:** WMT

> * [CLICK HERE FOR CHART!](http://charts.finviz.com/chart.ashx?t=WMT&ty=c&ta=st_c,sch_200p,sma_50,sma_200,sma_20,sma_100,bb_20_2,rsi_b_14,macd_b_12_26_9,stofu_b_14_3_3&p=d&s=l)

> ######(**[CLICK HERE FOR LIVE STOCK QUOTE!](http://data.cnbc.com/quotes/WMT)**)

*****

> **Moderna (MRNA)** – Swiss officials gave their approval to the latest version of Moderna’s Covid-19 vaccine, which contains both the original vaccine compound and one that targets the omicron variant.

> #**STOCK SYMBOLS:** MRNA

> * [CLICK HERE FOR CHART!](http://charts.finviz.com/chart.ashx?t=MRNA&ty=c&ta=st_c,sch_200p,sma_50,sma_200,sma_20,sma_100,bb_20_2,rsi_b_14,macd_b_12_26_9,stofu_b_14_3_3&p=d&s=l)

> ######(**[CLICK HERE FOR LIVE STOCK QUOTE!](http://data.cnbc.com/quotes/MRNA)**)

*****

> **Etsy (ETSY)** – Etsy will require U.S. sellers using the online platform to either self-verify their bank accounts or provide fintech platform Plaid with their user name and password for those accounts. Reuters reports the move is causing pushback from sellers, some of whom are considering leaving Etsy. Etsy fell 1.1% in premarket action.

> #**STOCK SYMBOLS:** ETSY

> * [CLICK HERE FOR CHART!](http://charts.finviz.com/chart.ashx?t=ETSY&ty=c&ta=st_c,sch_200p,sma_50,sma_200,sma_20,sma_100,bb_20_2,rsi_b_14,macd_b_12_26_9,stofu_b_14_3_3&p=d&s=l)

> ######(**[CLICK HERE FOR LIVE STOCK QUOTE!](http://data.cnbc.com/quotes/ETSY)**)

*****

> **Dell Technologies (DELL)** – The computer products and services company has ceased all operations in Russia after suspending sales in Russia and Ukraine in February. Dell lost 1% in premarket trading.

> #**STOCK SYMBOLS:** DELL

> * [CLICK HERE FOR CHART!](http://charts.finviz.com/chart.ashx?t=DELL&ty=c&ta=st_c,sch_200p,sma_50,sma_200,sma_20,sma_100,bb_20_2,rsi_b_14,macd_b_12_26_9,stofu_b_14_3_3&p=d&s=l)

> ######(**[CLICK HERE FOR LIVE STOCK QUOTE!](http://data.cnbc.com/quotes/DELL)**)

*****

> **Dow Inc. (DOW)** – The chemical maker’s stock fell 2.8% in the premarket after KeyBanc downgraded it to “underweight” from “sector weight.” KeyBanc said it expects Dow’s margins and earnings this quarter to approach trough or recession levels.

> #**STOCK SYMBOLS:** DOW

> * [CLICK HERE FOR CHART!](http://charts.finviz.com/chart.ashx?t=DOW&ty=c&ta=st_c,sch_200p,sma_50,sma_200,sma_20,sma_100,bb_20_2,rsi_b_14,macd_b_12_26_9,stofu_b_14_3_3&p=d&s=l)

> ######(**[CLICK HERE FOR LIVE STOCK QUOTE!](http://data.cnbc.com/quotes/DOW)**)

*****

#**FULL DISCLOSURE:**

> /u/bigbear0083 has no positions in any stocks mentioned. Reddit, moderators, and the author do not advise making investment decisions based on discussion in these posts. Analysis is not subject to validation and users take action at their own risk.

*****

#**DISCUSS!**

What's on everyone's radar for today's trading day ahead here at r/StockMarket?

*****

# **I hope you all have an excellent trading day ahead today on this Monday, August 29th, 2022! :)**",Ukraine|Russia,Ukraine|Russia,available,False,True,True,False,True,False,True,direct_ukraine_financial,path_direct_ukraine_financial
yob0uy,2022-11-07,investing,What's the opinions of this subreddit on the potential performance of international funds going forward?,"I'm debating on investing in an international fund for diversity's sake. As of now I'm split 50/50 between the S&P and a dividend cover call ETF. However, I'm hesitating because the economic conditions outside the US are deteriorating. Here're my current concerns:

* The continued rise of interest rates and the continued strengthing of the dollar will continue to hamper the economic growth of countries, especially developing countries. Sri Lanka is said to be the first domino of many.
* Food scarcity is getting worse globally. China, Ukraine and others have banned fertilizer exports. India, China, Egypt and a mayrid of other countries have banned exports of wheat, cereal, and/or other commodities. Mulitple countries have had sub par harvests as well. Argentina, India, etc. While we don't have data, I'm sure China has suffered as well due to their ongoing drought.
* China is continuing to have economic headwinds, which is especially concerning considering that they're the biggest player on the block from an international standpoint. Xi, in his infinite wisdom, is bringing back a planned economy, essentially returning the country to the days of Mao. I probably don't need to tell you how this is affecting the mindset of the country's rich and entrepreneurial. I personally don't see China surviving as it exists today by the end of the decade.

I'm sure there are a lot more factors, and while I'm aware that specualtion has the tendincy to bite people in the butt (hindsight is a bitch), I believe that these are all merited concerns. If it was only a few economies that were affected then I probably wouldn't hesitate. It's not though, these concerns are global. I personally believe that many WILL go hungry this winter, especially in import dependent countries such as Egypt.

For those who are invested internationally, do you share these concerns? And in your opinion, should I start investing now or wait?",Ukraine,Ukraine,available,False,True,False,False,True,False,True,direct_ukraine_financial,path_direct_ukraine_financial
104wj1a,2023-01-06,investing,Someone please explain to me..,Who’s selling right now that wouldn’t have sold over the last 12 months of bad news? Oh raising rates? I’ll hold. War in Ukraine hold. Tech layoffs hold. Recession potential hold. Oh keeping rates high hold. Inflation high I’ll hold. Oh wait January 6th I’ll sell after I’ve taken so many loses. Doesn’t make sense to me.,Ukraine,Ukraine,available,False,True,False,True,True,False,True,direct_ukraine_financial,path_direct_ukraine_financial
105pgzo,2023-01-07,investing,"Quick Summary of the Economic and Investing Outlook in 2023 for the US, UK and the Eurozone: Research and Thoughts","Hey everyone! Over the holidays, I've been reading different analysts, reports, etc. and figured it was a good idea to write down some of the key points. I hope you find them useful! Obviously 2022 was a rollercoaster of a year and not really the pleasant type so it's good to get an idea of what to expect in 2023.

# Inflation

First of all, the question on everyone's minds. Has inflation actually peaked? Will we see higher levels of inflation in 2023 or not? The good news is that inflation has probably peaked for now. The biggest portion of the jump in inflation was contributed to gas and overall energy prices. Obviously, the war in Ukraine was a big factor, but that wasn't the only cause behind rising gas prices. There is a lot of green policy that has been implemented in Europe and America that has affected gas prices and reduced current and future supply. Still, gas prices seem to have stabilised for now and, given that we are close to the middle of winter and past the usual yearly gas spike, the likelihood is that gas prices will trend lower. Of course, it depends on government policy and whether gas reserves have been replenished, whether governments in Europe want to stack up on gas while the prices are lower, etc., but generally speaking we shouldn't see higher inflation in the first half of 2023 because of gas or other energy prices although that may change by the end of the year. Another big chunk of inflation came from materials shortages, especially the chip shortage. Unfortunately, that one is expected to extend through 2023 and possibly even 2024 so it will continue to put inflationary pressures. There are also shortages in various building materials like steel, bricks, timber, even cement. Some food categories are also seeing or expecting shortages in 2023. If you live in the UK, you probably know the struggle of buying fresh eggs!

However, what we need to realise is that extremely loose monetary policy set the table for this inflation spike. Central bank monetary policy usually encompasses two things: interest rates and money supply. Over the last 10 to 15 years, we saw the lowest interest rates EVER in the history of the US, UK and the Eurozone. In 2020, we also saw the start of a massive jump in M2 money supply which continued until a few months ago. If you don't know what M2 money supply is, well, that's basically the total money supply in a country including  all of the cash people have on hand plus all of the money deposited in checking accounts, savings accounts, and other short-term saving vehicles such as certificates of deposit (CDs). There's been a lot of discussion around M2 in recent years and, generally, it's accepted that it's a reliable inflation-prediction indicator, especially when you see a sharp rise in the money supply. However, some central bankers like Jerome Powell do not agree with that. In September 2022, he claimed that there was little correlation between money aggregates like M2 and inflation, essentially saying that printing money does not have a big impact on inflation and that he doesn't consider it to be a reliable indicator to use when thinking about policy. As the chairman of the Federal Reserve, his opinion carries a lot of weight, but he's drawn a lot of criticism from economists about that. You can see why when you look at the charts. US and UK M2 money supplies went up by about 40% and 30% respectively since March 2020. That's a lot of added money in just 2 years. Same goes for the Eurozone which has seen an increase of just over 20% in its M2 money supply. Now, both the US and the UK along with the Eurozone are seeing the highest inflation levels in 40 years. On the other hand, we have countries like Switzerland which did not engage in the rapid money printing like the UK and US did. Instead, the money supply has been rising gradually, but slowly, since the Great Financial Crisis. What's the Swiss inflation rate? It peaked at 3.5% which was the highest in 30 years, yes, but it was just 3.5%! Compare that to the US peak of 9% and the UK peak of 11.1%.

# Interest rates

So, should we be worried about the monetary policy? Well, the good thing here is that the US, UK and Euro central banks started tightening a few months ago and plan to continue to do so until they've brought inflation down to their target Goldilocks rate of 2%. For them, tightening means reducing the money supply and hiking interest rates. The Federal Reserve is planning on holding interest rates at around 5.25% during 2023 while the Bank of England is expected to hike rates up to the vicinity of 4.5% in 2023 before starting to cut them between late 2023 and the middle of 2024. The European Central Bank currently has an interest rate of 2.5%, but has already started to slow down on the hike with the latest rate hike being only 0.5% as opposed to the previous 0.75% hikes. Most analysts expect that the ECB will hold rates at about 3% although some think rates are more likely to hit 3.75% before pausing. Still, we can already see that inflation is going down although we can argue whether it's a result of central bank policy or simply a result of gas and overall energy prices correcting.

# Economy and GDP growth

So, this tightening must be good, right? Inflation must be kept under control, surely! Well, sort of. Yes, this will likely control inflation levels, but there is a trade-off. There is always a trade-off. Hiking interest rates and lowering government spending means slowing down the economy. Given that economies have gotten used to the loose monetary environment, this tightening will hit them ***hard***. Officially, economists and banks expect the UK will enter a recession in 2023 although there is debate over how much GDP will shrink. Just a reminder, a recession is two consecutive quarterly drops in GDP. Estimates vary, for example, CBI's expects a 0.4% shrink in the UK GDP in 2023, whereas KPMG and Goldman Sachs expect 1.2% to 1.3%. Generally speaking, I don't think anyone expects that the UK economy will grow in 2023. One big factor affecting the UK economy is the large percentage of house owners with a mortgage which will be negatively affected by the rising interest rates. There's a similar expectation around the Eurozone although the major consensus there is that there will be zero growth, zero shrinking and GDP will remain roughly the same or, worst case scenario, dip by up to 0.5%. What about the US? Well, things aren't looking rosy there either. Bank of America expects US growth to grind to a halt in the second half of 2023 or even enter a small recession. The consensus amongst economists surveyed by Bloomberg is that there's a 70% likelihood of the US entering a recession by the end of 2023.

# Possible scenarios

Okay, so we have small recessions expected in the US, UK, Eurozone. It's not great, but it's not terrible either, right? Maybe. See, when we are looking at these forecasts, we are looking at opinions and consensuses and all that. These are ***expectations***. These are not ***facts***. Now, expectations are important because investment managers, asset managers, banks, retirement funds, insurance companies, basically most of the financial world out there in the private and public sectors need them in order to form their strategies for resource allocations. They simply need to know what to expect. As a result, the markets worldwide reflect those expectations, especially the expectations for the next 3 to 6 months. The problem here is that reality is often different. Economic forecasts and expectations are notoriously wrong. Big moves in the markets happen when the reports hit, the figures get released and they are ***different*** from the expectations. In fact, sometimes those moves happen in the one or two weeks leading up to the releases. That's why negative results sometimes cause a market rally and positive results cause a drop. Difference between facts and expectations cause all of these financial institutions to adapt their strategy, move assets around and we see that reflected in the markets. Most importantly, these differences may cause the central banks to change their actions and when central banks change their mind, the markets change.

So, why am I talking about this? Well, we've seen the official estimations, the official forecasts, etc, but are these estimations likely? Are they accurate? To an extent, yes. Given everything that's happened over the last two years, the chances for positive macroeconomic developments and GDP growth in 2023 are slim so I agree with the forecasts on that note. Where do I disagree with them? Well, I think there is a high chance that the recessions we will see this year will be ***worse***. In fact, I actually suspect that central banks expect this too and they are just managing the expectations of the public. If the Federal Reserve came out and said something like ""2023 will be horrible and GDP may drop by 10%"", people will go nuts. There will be widespread panic and hysteria in the markets, sell-offs and the resulting financial turmoil will be much, much worse. Instead, they are playing clueless and saying ""Yes, things will be bad, but they won't be horrible"". As the rest of the financial world accepts that, expectations will slowly decline and decline. The question is how low will they go? Well, Michael Burry along with Nouriel Roubini and Steve Hanke who are currently the third and fourth most influential economists in the world believe that we will start seeing the beginning of a recession at some point in the second half of 2023. They think that the recession will be harsher than expected and that will force Central Banks to intervene again, which will provide a short-term fix, but will only make the underlying problem worse, incur even more debt, cause another inflation spike. If you think that's unlikely, just take a look at what happened when UK's Liz Truss announced her mini-budget. Within 24 hours, the Bank of England was forced to jump in and do more money printing or quantitative easing as they call it. The bank systems are fragile. Maybe the UK one is more fragile, but the US and the EU are not that far behind. In reality, it seems that central banks and economies just need to face the facts and take the hit, deleverage and clean the slate so the cycle can come to an end and the new cycle can begin. Will that happen? I doubt it, but you never know. To summarise the outlooks, the chances of 2023 being a positive year for the US, UK and Eurozone economy are slim to none. We will almost definitely see a recession by the end of the year. Currently, there is a massive yield inversion in the US bond markets which always precedes a recession. Depending on how severe it is and how the central banks react, we will either see a prolonged, sluggish, unpleasant recession or we will see even more central bank intervention combined with further inflation spikes and a much, much harsher recession down the line.

# Takeaways

So... where does that leave us? What's the takeaway here? Personally, I think it's not the time to be taking risks. Having extra cash on hand will be useful and, despite high inflation, it's probably worth it right now for the peace of mind, plus it will help you take advantage of good buy opportunities in the coming months. I am sticking to broad index funds and dollar-cost averaging every week. Broad index funds are always a good call. Even though you have a smaller potential reward, you are also limited in terms of risk. It's also good to spread your exposure across multiple countries, maybe multiple currencies. Personally, from what I've seen with emerging markets recently, I would not put more than 3 or 4% of my total portfolio there. In times of financial turmoil, emerging markets are likely to take a harder hit, see higher inflation, higher unemployment, currency devaluation. The index funds that I am investing in are Fidelity's Global Shares fund, which has a low fee and has only two-thirds of its assets in the US with the most of the rest being in other developed markets in the Eurozone, Asia, Japan, Canada, UK. I'm also getting the UK FTSE 100 and the MSCI Europe ETF. Even though the UK and EU economies aren't looking great, their indexes have a relatively big allocation in the base materials sector which I think will do relatively well over the next year. Plus, they're also more geared towards value instead of growth like the US. Gold is a good hedge to have, too, probably somewhere between 5-10% of total assets. If you're looking at individual stocks, personally, I'd avoid highly-priced growth stocks, especially ones with negative earnings. Avoid companies with high debts because their interest expenses will only keep rising. What will do best now is companies with a good real earnings and free cash flow yield, basically value stocks. Consumer defensives, health care, those type of companies are likely to remain stable. Dividend companies also provide good reassurance, but make sure that they can afford paying their dividend.

**P.S. I realise this is super chunky, but I hope it's readable! I wrote it partly to share my research, partly to put my own thoughts together. I hope you've found it useful and would love to see what you think. If I've made any mistakes or drawn illogical conclusions, feel free to let me know** 😄",Ukraine,Ukraine,available,False,True,False,True,True,False,True,direct_ukraine_financial,path_direct_ukraine_financial
10hikti,2023-01-21,StockMarket,Will the end of the Ukrainian war be a catalyst into a bull market?,[removed],Ukrainian,Ukrainian,removed,True,True,False,True,True,False,True,direct_ukraine_financial,path_direct_ukraine_financial
186oiiz,2023-11-29,stocks,Polo Ralph Lauren(RL) DCF Analysis,"# Introduction:

RL is a well-loved brand that embodies middle-class luxury, it may not have the prestige of Gucci or Louis Vuitton but it is still well respected in its own rights and has recently been making shifts towards trying to be perceived as a more luxurious brand, attracting attention of both the middle-class and the upper echelons as well. RL's main way of growing the topline is marketing, through different marketing initiatives that try to appeal to and remain relevant to a broader range of audiences. With initiatives like the vegan fragrance “Polo Earth”, their appearance in the Winter Olympics, and breaking into TikTok.  


# Revenue:

When forecasting Revenue, I took into account “our value perception, our quality score, and our purchase intent have strengthened through the pandemic, even with the backdrop of us taking pricing up 50% over the last two years.” - 2022 Q4 Earnings Conference. And, despite COVID-19, the War in Ukraine, and inflation RL seems resilient. Their customers are willing to spend despite worsening backdrop and price increases.  


When forecasting RL owned stores, I don’t believe this number will grow drastically as RL is trying to position itself as a luxury brand, so there needs to be a degree of “scarcity”. So, I assumed a meager growth rate till perpetuity. Overall, store growth had a CAGR of 1.5% in my base case.  
  
When forecasting Revenue/RL owned stores, I assumed that Revenue/RL owned stores would increase at a meager pace at the start in order for the brand to be able to integrate more easily into consumers before accelerating price increase.  
  
When forecasting wholesale distribution doors, to avoid being overly granular I assumed that the door would increase at a meager pace in line with the historic average.  
  
When forecasting Revenue/Door, according to the 2023 Q4 Earnings conference (March 2023), wholesale is expected to suffer whereas full price store is expected to perform even better. This is a testament to how RL is perceived as a luxury brand as it is deemed way too expensive to price-conscious consumers who believe the brand is not worth the price. So, since wholesaler mainly targets price-conscious consumers, I assumed that revenue/door only grew in line with inflation.  


# COST:

According to management, the main drivers of cost increase are freight and cotton.  
Cotton going forward will be the largest hurdle to clear in order to reduce margins. “AUR growth of 12% and lower air freight were offset by peak levels of raw material costs, notably cotton”  
  
When forecasting COGS, 2022 numbers are skewed by elevated freight cost and cotton cost which continued increasing into 2023. However, according to the 2023 Q4 earnings conference management expects their hedging efforts against cotton price increase to show up in 2024. So I assumed that beyond 2024, management will keep their cost under control and COGS as a %sales will drop.  
  
When forecasting SG&A, according to management marketing spending is likely to remain constant as a % of sales. However, in the past 2 years labor is a cost that is likely elevated given the tight labor market so I assume that in 2 years' time, the labor market will loosen. On top of that, given management’s willingness to pivot their stores online, I argue that there is a lesser need for more employees per physical store which helps to reduce cost.  


# WACC:

**Cost of Equity**  
The US has a bond rating of AA+  
10Y T-Bond yield (1M Avg) = 4.67%  
AA+ Risk Spread (1M Avg) = 0.63  
RFR = 4.04%  
Beta ([SOURCE](https://finance.yahoo.com/quote/RL/)) = 1.43  
4050 = (4050 \* 4.25%) \* (1+16%) / (1+R) + \[((4050 \* 4.25%) \* (1+16%)) \* (1+3.82%) / (R - 3.82%)\] / (1 + R) \^ 2   
R = 10.3%, ERP = 6.26%  
Cost of Equity = 12.99%   
  
**Cost of Debt**  
RL has a bond rating of A-  
A- Bond yield (1M Avg) = 5.89%  
Marginal Tax Rate = 21.00%  
Cost of Debt = 4.65%  
  
**Weightage**  
Share price(5D Avg) = $122.62  
Shares O/S = 65.40M  
MV Equity = 8019.35M  
When accounting for debt, I took into account Senior Note, Ops & Finance lease, and Mandatory Inventory Commitment.  
Weighted Average Debt Maturity = 3 Years  
FY23 Interest Expense = 40.40M  
MV Debt = 3579.94M  
%Debt = 30.86%  
%Equity = 69.14%  
WACC = 10.42%  


# CONCLUSION:

Ultimately, in the base case, I value RL at $146.38 per share. I believe that RL is reasonably priced given its consistently strong performance over the years. Taking into account the fact that its sales prices have been consistently increasing and the worsening microenvironment, it still managed to increase its topline regardless. I believe management has taken the right direction in trying to improve the premium image of RL.  


Base Case: \[[INSERT](https://imgur.com/a/UX1N1wS)\]  
Best Case: \[[INSERT](https://imgur.com/a/HJQyL3a)\]  
Worst Case: \[[INSERT](https://imgur.com/a/KV82BlT)\]  
Change in NWC schedule: \[[INSERT](https://imgur.com/a/id7CZCv)\]  
Sanity Check: \[[INSERT](https://imgur.com/a/rO5Rc8H)\]  
Revenue Model: \[[INSERT](https://imgur.com/a/lBprQxg)\]  
Cost Model: \[[INSERT](https://imgur.com/a/E8pOxPt)\]  
Debt Schedule: \[[INSERT](https://imgur.com/a/MzqQvWp)\]  
  
",Ukraine,Ukraine,available,False,True,False,True,True,False,True,direct_ukraine_financial,path_direct_ukraine_financial
li0rpg,2021-02-12,stocks,Blackberry -- A Dormant Giant,"###**Abbreviation Index:**

BB -- Blackberry

AWS -- Amazon Web Services

IVY -- Intelligent Vehicles Yo. I don't actually know if this stands for anything

QNX -- Quick-Unix perhaps? It's a Unix-like embedded microkernel RTOS (real-time operating system)

EOY -- end of year

PT -- price target

SP -- stock price

EV -- electric vehicle

SoC -- System on a Chip

IoT -- Internet of Things

- - - - - - - - - - - - - - - - - - - - - - - - - - -

**TL;DR:** Blackberry ($BB) is almost daily announcing new partnerships and new clients for their software, including new deals with companies that are just now or just this year launching autonomous vehicles that run on QNX software. The big kahuna of all these deals is BB's recent partnership with Amazon to go 50/50 into BB's software IVY, a scalable cloud-connected software platform designed for intelligent vehicle data gathering and data sharing. With Amazon's Jeff Bezos stepping down, and Andy Jassy filling his shoes, who was the CEO of AWS, BB will have some very firm support behind Amazon's new CEO. BB and Amazon are having a webinar Feb. 23rd about their partnership and IVY, which should be a strong catalyst moving forward. IVY beta earnings are projected to begin impacting BB's Q3 or Q4 earnings beginning in November this year, with IVY fully being integrated around the 2023 timeframe. Through a lot of reading and analysis, I believe BB has a four-tiered business model dating back as far as 2013 when BB's CEO John Chen was hired to begin the massive BB turnaround process. Tier 1 was development of QNX and IVY, lasting from 2013 to today and onward, however, Tier 2 overlaps Tier 1. Tier 2 was customer acquisition, primarily distributing their secure software in QNX, SecuSuite, Spark, and AtHoc. They secured 37 automakers during this time, including 9 of the top 10 automakers, over 106 governments from around the world, including all of G7 governments and 18 of G20 governments, as well as 77% of Fortune 100 companies, including partnerships with Amazon, Microsoft, Google, Sony, XPENG, XPEV, NVIDIA, Intel, Qualcomm, Baidu, IBM, LG, Samsung, and others. Well if they have such an incredible market share, why are they so undervalued? The answer is that QNX was not the end-all-be-all product. It was the base that the rest would be built on. Particularly IVY, which is the real money-maker. Tier 3 is IVY beta, and Tier 4 is IVY distribution and subscription revenue streams. So why is IVY the big deal and not QNX? They are both big deals, but QNX was never designed to be the money-maker. They are charging a one-time fee per vehicle use. There is a bigger goal here, to secure their clients as their customers for the bigger product in IVY. They also need QNX is to be a secure system in order for IVY to be trustworthy and reliable. And it certainly is secure. QNX has ISO26262 certification, as well as US government clearance, NSA clearance, and CIA clearance. The US government uses QNX and Blackberry products. Just let that sink in. That should tell you something about its security. Anyways, IVY will be used in autonomous vehicle level 4 and level 5 communication (note that QNX is level 5 certified... it has a business moat just in its security level and clearance), as well as EV and gas vehicle data collecting and AI-powered data synthesis. See below for more details on IVY. Wrapping up this TL;DR, BB is going to do well this year as IVY unfolds, but will do even better in the next 2-5 years. I have a PT of 25 by EOY and a PT of 80 by 2023 EOY, and a PT of 160+ by 2025 EOY

**TL;DR: TL;DR:** BB go up, but go slow for now because IVY revenue not here yet, but big fast later. Make big monies, BB is the future tech that Amazon, Microsoft, Google, etc will be building upon in the EV and IoT market

- - - - - - - - - - - - - - - - - - - - - - - - - - -

###**FAQs:**

**1) Why is Blackberry stock price going down?**

**A:** A few possible reasons. One, as of today the whole market is down. BB is connected to overall market swings as most companies are. Two, there may be some market manipulation by bearish financial institutions as there are a lot of calls expiring on 2/19. I would expect that BB SP to be volatile between $11 and $14 between now and then, and to move upwards after 2/19 and especially after 2/23 (Amazon + BB webinar). Three, there are bearish investors who still think BB is a phone company and don't understand the underworkings of BB's business strategy, their software, their patents, or their partners. Their revenue has been affected by coronavirus and has not been particularly phenomenal so far this year.

**2) Should I invest now or later?**

**A:** First off, I'm not a financial advisor, these are just my opinions. Invest at your own risk. In my opinion, BB will see a large SP growth by EOY, anywhere from 50% to 150% growth by EOY. While revenue will likely not increase much this year, the partnership with Amazon and news regarding IVY will likely create new floors for their SP much higher than the current SP right now, at around the $12 SP

**3) What's stopping competitors from building a similar product and hurting BB's business?**

**A:** There's a lot of reasons why BB has a huge moat right now. One, notice the partners that BB has with QNX. They've got all the big boys working them, aside from Apple and Tesla. Seeing as SpaceX runs on QNX, and seeing that Apple was trying to make a deal with Hyundai that did not go through, I think it is still possible that either Tesla or Apple or both companies could also make a deal with BB to use QNX as their OS system. BB worked to develop their QNX embedded microkernel OS for the last eight years or so. Anyone trying to step into the game now is far too late. Apple has the best chance of all companies, as it has its own OS and Apple knows security very well, but this still requires an entirely new system in order to work in the EV sector. Also, Apple announced recently that they would be developing their own EV, although they did not give much details beyond that statement. The likelihood that they are both working on the hardware and software side of this thing is slim given the large number of difficulties that come with certification as it relates to the cybersecurity software space. Regardless, I would suspect that either Apple or Tesla is the most likely to be competitors in this space, but neither company has successfully completed a certified OS system, particularly for the emerging sector of autonomous EVs. Tesla is currently building a Linux-based system that is having a lot of difficulty in passing certifications such as ISO26262, a struggle that has been ongoing for years now. They may achieve a product that passes these safety regulations and certifications, but the question remains whether this will be in time as the EV and autonomous market picks up speed, and whether competing companies would even be interested in using their product. In fact, any car company is unlikely to develop their own OS software because none of their competitors would be likely to use it. BB is the perfect business to license since it is not competing in the hardware sector for the EV market. This argument can also be used for Apple if they are also building an EV.

**4) Why is BB's revenue so low if they have so many customers and partners?**

**A:** QNX has been licensed so far as a one-time purchase, per vehicle or IoT using their software. IVY will be a subscription-based software that also includes a one-time purchase. Thus, BB's revenue streams are somewhat unimpressive currently, but they are playing the long game. If my hypothesis is correct, it is John Chen's goal to lay low as software is developed and customer relationships are built. It's the same with the book market. It's the sequel that makes all the money, not the first book. QNX is just the first book of a series looking to hook in its customers with low costs before hitting 'em with the strong follow up in IVY. Additionally, in order to build a competitive business moat, it was to their advantage to not forewarn any competitors of their involvement and plans. Consider John Chen's work as a CEO in his last business Sybase. Chen worked as the CEO of Sybase for 10 years. For the first 7 years, the SP remained at around $10 a share. Three years later, the SP was at $100 a share. I suspect he is implementing a similar model with Blackberry. Chen joined Blackberry in 2013. BB stock actually dropped for most of the last 7 years, resting at a stock price of around $5. Now BB is at $12 a share. I would not be surprised if BB reaches $50 two years from now.

- - - - - - - - - - - - - - - - - - - - - - - - - - -

###**Now for the details.**

Read this for DD on BB's achievements, certifications, markets, QNX products, EV growth, Spark software and clients, BB Radar, software pricing, and BB challenges:

[Comprehensive Guide about BB and how it shall take off in coming years](https://old.reddit.com/r/BB_Stock/comments/lc67bo/comprehensive_guide_about_bb_and_how_it_shall/)

- - - - - - - - - - - - - - - - - - - - - - - - - - -

#**Full List of Clients and Partners:**

Blackberry Clients and Partners

**Automakers:** Honda, Audi, Jeep, Mitsubishi, Ford, Hyundai, Volkswagen, Bentley, Lamboghini, Byton, Mini (cooper), Toyota, Subaru, Fiat Chrysler, Mazda, Nio, BMW, Porsche, Lexus, Kia, Land-Rover, Mercedes-Benz, Buick, Jaguar, Visteon, Skoda, Chevrolet, Nissan, Acura, Continental, General Motors, Baidu, Motional

**Other:** Denso, Aptiv, Bosch, Panasonic, Harman, Bugatti, LG, Vodafone, Bell, Carahsoft, CACI, Telus, iSec, KPMG, Tableau, Qlik

**Major:** Amazon, Google, Sony, XPENG, XPEV, Li Auto, NVIDIA, Canoo, Microsoft, Intel, Verizon, Qualcomm, IBM, LG, Samsung

**Major Investors:** PRIMECAP, Hamblin Watsa, Ontario Teachers’ Pension, Vanguard, Harris Associates, ETF Managers Group, Wells Capital, Arrowstreet Capital, Kahn Brothers Advisors, Norges Bank Investment

**Governments:** Albania, Andorra, Angola, Argentina, Australia, Austria, Bahrain, Belarus, Belgium, Benin, Bosnia and Herzegovina, Botswana, Brazil, Brunei, Bulgaria, Burkina Faso, Cameroon, Canada, Congo, Croatia, Czech Republic, DR Congo, Denmark, Egypt, Estonia, Finland, France, Gabon, Germany, Ghana, Gibraltar, Greece, Guadeloupe, Hong Kong, Hungary, Indonesia, Ireland, Italy, Japan, Kenya, Kuwait, Latvia, Lesotho, Liechtenstein, Lithuania, Luxembourg, Macau, Macedonia, Malawi, Malaysia, Mali, Malta, Marthinique, Mauritania, Mauritus, Mayotte, Mexico, Moldova, Monaco, Montenegro, Morocco, Mozambique, Namibia, Netherlands, Netherlands Antilles, New Zealand, Nigeria, Norway, Oman, Philippines, Poland, Portugal, Qatar, Romania, Russia, Réunion, Saint Barthélemy, Saint Martin, San Marino, Saudi Arabia, Senegal, Serbia, Singapore, Slovakia, Slovenia, South Africa, Spain, Swaziland, Sweden, Switzerland, Taiwan, Tanzania, Thailand, Togo, Turkey, USA, Uganda, Ukraine, United Arab Emirates, United Kingdom, Uruguay, Vatican City, Western Sahara, Zambia, Zimbabwe

- - - - - - - - - - - - - - - - - - - - - - - - - - -

#**Blackberry Current Revenues:**

[BlackBerry Revenues: How Does BlackBerry Make Money? -- Trefis](https://www.trefis.com/stock/bb/articles/472099/blackberry-revenues-how-does-blackberry-make-money/2019-09-17)

--> This display the biggest bearish argument to BB. Until IVY begins producing new revenue streams, BB is likely to not exponentially increase revenue streams, but only sustain moderate YoY growth

- - - - - - - - - - - - - - - - - - - - - - - - - - -

#**Blackberry Analysis Regarding Infotainment and Google and Ford Deal:**

see ""Blackberry (BB) Stock News Analysis | What I need to say..."" by Financial Live by LEYA on the forbidden video website

--> The media recently picked out a story that left out a lot of pertinent information, making it seems that BB lost Ford as a client. This is not true. QNX is designed to be a SoC. This means that other operating systems, such as Linux or Android, can be easily added to QNX. It is in fact encouraged. The Ford and Google deal was simply announcing the Ford would be using Android as their infotainment system. I believe that BB was never intended to try and be the predominant entity for all software systems in EVs or IoTs, but the backbone that connects all together, and to protect all components in a secure system. Autonomous EVs and even regular EVs in general would not be possible without a secure system protecting the product, as is true with IoTs. This is also why things like US Fighter Jets run on... you guess it, QNX. Ford is still using QNX. It is simply also now using Android that is running on top of QNX
more commentary on this: [Analyzing Blackberry Bear Argument - Case No. 1: Ford Deal](https://old.reddit.com/r/stocks/comments/ldcahf/analyzing_blackberry_bear_argument_case_no_1_ford/)

- - - - - - - - - - - - - - - - - - - - - - - - - - -

##**Pretty Charts**

[The New BlackBerry Everyone is Talking About $BB](https://stockhouse.com/companies/bullboard/t.bb/blackberry-limited?postid=32093887)

- - - - - - - - - - - - - - - - - - - - - - - - - - -

#**Facebook Settlement with BB**

[Image](https://imgur.com/GSmc5RH)

This is an interesting one to be sure. Facebook was being evil, like the do, and were caught using a number of BB patents. They settled in February, and the day that the settlement was finalized, John Chen (BB CEO) tweeted reminding everyone that BB is used on the ISS

https://twitter.com/JohnChen/status/1358853064153784321?s=20

Well, the connection and speculation here is that Blackberry is going to the moon, and that the settlement is rather significant. Someone else also dug out some information in Facebook's most recent 10-K, specifically a portion for a 'non-cancelable contractual commitment' of an amount of $7500 million dollars. That's 7.5 billion btw. We don't know how big the settlement is, but it is worth noting that BB's entire market cap is 7.5B. I highly doubt that a settlement would reach such lofty numbers, but it could be possible that FB settled for some initial amount of $1B or so, as well as $1B in reoccurring payments over several years. We won't know until March 15th actually, so stay tuned.

- - - - - - - - - - - - - - - - - - - - - - - - - - -

#**Blackberry New Partnerships**

Within the last few weeks, Blackberry has announced a stronger partnership with Baidu (China's Google), as well as their involvement with Baidu choosing to use QNX for their autonomous vehicles that will be hitting the road, as early as this year and next. BB has also announced their involvement with Motional, a joint venture between Hyundai and Aptiv, which will use QNX for their autonomous vehicles. Motional will be partnering with Lyft to use autonomous vehicles to begin serving customers and will be deploying their vehicles in 2023. It was also announced that QNX will be working with AOSP (Android Open Source Project), as well as announcing yesterday that QNX Hypervisor 2.2 is now released, which is what allows Android and Linux to run on top of QNX.

[A sum-up of all the recent news on $BB](https://old.reddit.com/r/BB_Stock/comments/lhpztu/a_sumup_of_all_the_recent_news_on_bb/)

- - - - - - - - - - - - - - - - - - - - - - - - - - -

#**BB's Technical Page on QNX Security**

[Link](http://support7.qnx.com/download/download/26406/QNX%20OS%20Security.pdf)

--> Very technical. But cool stuff.

- - - - - - - - - - - - - - - - - - - - - - - - - - -

#**Rumor: Blackberry Buyout? Here's why that's not happening:**

Just read this post. It's quite revealing:

[Great Day for BB despite stick dipping.](https://old.reddit.com/r/BB_Stock/comments/lgdokd/great_day_for_bb_despite_stick_dipping/)

**TL;DR:** Amazon could have easily bought BB. Why didn't they? Well, all the big players are interested in this EV and IoT emerging sector. This is the new wave of technology that will dominate the market. First we had the dot.com boom, then the cell-phone and smart-phone market, and now we have the autonomous EV and IoT market. If Amazon were to buy BB, they would have to submit a tender offer. This would be a red flag to all the big players that Amazon were trying to buy up the best security out there. It would be a bidding war that could result in a double-digit multi-billion dollar buyout. It was much more to their advantage to create a secret alliance with BB and establish a 50/50 partnership, whose contract includes exclusivity for their use of IVY. Ouch! That's gotta hurt. This is where the importance of QNX lies. BB will be able to pull the rug out from any company that chooses to use something other than IVY. No IVY, no QNX, no EV. It will be a package deal where IVY is the big money maker. All other companies will have to build from the ground up or be forced to license QNX and make their money off of other sectors, such as the infotainment sector, as Google has already begun to do with the Ford deal. When this deal happened, the other big boys wet their pants realizing they needed to get into this space, and fast. Microsoft partnered with Cruise/GM. Apple tried to partner with Hyundai, who was so flattered, they may have initially said yes or indicated so, before realizing that they were already partnered with BB, so it was a no-go. Not sure if that is fact or fiction, but it is an interesting proposal.

- - - - - - - - - - - - - - - - - - - - - - - - - - -

#**Blackberry IVY + AWS Partnership:**

Alright, so what's the deal with IVY? Why is it going to be so profitable? Why is IVY the real money-maker, while QNX has been used as the customer-acquisition software tool? Check out this picture:

[Image](https://imgur.com/P3mjahD)

For one, IVY is designed for real-time communication between EVs or other IoTs. Autonomous driving level 5 requires vehicles to communicate with one another. This is where IVY comes in. IVY connects the different software components of an EV (which presumably are running on QNX), as well as harvesting data on those systems. The data used can be distributed for a wide-variety of uses, including, but not limited to, automakers and suppliers, app developers, consumer services, smart cities, EV charging providers, insurance companies, and vehicle maintenance providers. All of these different sectors will be willing to pay subscriptions for these data services, as well as the automakers and IoT makers who will also be willing to pay subscriptions for IVY. For instance, IVY can help share information between vehicles that will allow for a car detecting ice roads in one area so that other cars using IVY can take a different route. This results in less crashes, which helps the automakers. Insurance companies can use data from all these different data points as well, allowing them an inside-view of their clients. The list of what is possible here is inexhaustible.

As for price points, the subscription models for multiple outside companies wanting to use the data will be create huge revenue streams for BB. With Amazon as a 50/50 partner, and with their resources and strategic management, BB will be poised to be the foundation in security and data sharing for the entire EV, and somewhat of the IoT market (the IoT market has more competitors for sure)

see ""Is BlackBerry Stock Undervalued?"" by Wealthy Mindset on the forbidden video website

see ""Roadmap to $180 a share (BlackBerry Stock)"" by Wealthy Mindset on the forbidden video website

- - - - - - - - - - - - - - - - - - - - - - - - - - -

#**Revenue, revenue, revenue...**

Blackberry is poised to be an industry leader in EV, government, and IoT security and data sharing with products such as QNX, IVY, Spark, and their other software products. Stock price will likely stay somewhat stunted until IVY revenue begins picking up. It is possible that more announcements and marketing related to IVY will make this growth more rapid. In my opinion, either way BB over the next 5 years will 10x. The question is whether you want to get in now at $12 / share or two years from now at $40 a share or something similar, assuming that either way this stock is going to push for that 100B market cap (it's currently at 7B). There will be bearish analysts that will continue to say that Blackberry is a worthless company until those IVY revenue streams begin to come in. It is also possible that a realistic competitor may emerge within the next three years, such as Tesla or Apple. But if Apple is seeking to create its own EV product, then both companies will have a hard time finding any way to license their software to any other company. It remains possible that Apple and/or Tesla may strikes deals with BB as well in order to be able to produce autonomous vehicles and get a bite of that market share

- - - - - - - - - - - - - - - - - - - - - - - - - - -

#**Really, no competitors?**

Well it's called a business moat for a reason. As we have recently seen, QNX is working with AOSP, and so clearly, they are not to be worried about. Tesla is not a true competitor as their OS product is not certified yet, and has demonstrated difficulty in doing so, and additionally, other automakers will not want to benefit their competitors by using their product. A third-party non-auto-maker will be much more desirable. Other companies such as VxWorks, have a lot of to prove both in security and certifications, as well as producing an OS product that is compatible with an emerging autonomous level 5 EV market. QNX's embedded microkernel RTOS is very much unique in this regard. This type of system allows for real-time processing and power distribution, while protecting the system from attacks. In an embedded microkernel system, if one part of the system is attacked, the whole system will not shut down, in layman's terms. This is essential for the security of any high-risk product that is built upon an underlying software that controls that different components of the system.

- - - - - - - - - - - - - - - - - - - - - - - - - - -

#**Conclusion:**

All eyes are turned towards Blackberry right now. People want to know what this deal with Amazon will look like, how it will work, what they will focus on, (will Amazon also use this system for a fleet of delivery drones? hmmm), what the revenue streams will look like, what are their projections, what markets and sectors are they targeting, what are their future goals, what will Amazon be doing on their end, etc, etc. The Amazon + BB webinar may answer some of those questions, or maybe they won't. Time will tell (Feb. 23rd, specifically -- here's a link to sign up and watch: [Next-Gen Vehicle Architectures Unlock Unprecedented Opportunities for Automakers](https://onlinexperiences.com/scripts/Server.nxp?LASCmd=AI:4;F:QS!10100&ShowUUID=44A51ADB-0425-420D-8A06-6ACABFCF98FF&LangLocaleID=1033&Referrer=https%3A%2F%2Fwww.autonews.com%2Fevents%3Fevent_type%3D64571)). Also look out for that FB settlement numbers on March 15th, and Q4 earnings March 31st. I don't expect Q4 earnings to be particularly interesting unless they include the FB settlement numbers. Could those numbers instead be put into Q1 earnings for 2021? Possibly.

Initially IVY beta is expected to begin being released late this year. I will also be looking forward to see how Apple and Tesla respond in the coming months. Ultimately, BB is a long-term play, but is poised to dominate this emerging industry with the partnerships and security focused software they have secretly been building. Now if only the could do something about their logo, some rebranding would be nice...

- - - - - - - - - - - - - - - - - - - - - - - - - - -

*This is not financial advice, just my own opinions. I am not a financial advisor nor a professional. I own 14k shares in Blackberry, as well as options (10x 8/17/21 20c BB). Do your own DD and fact check me as well*",Ukraine|Russia,Ukraine|Russia,available,False,True,True,True,True,False,True,multiple_paths,path_multiple_paths
mq36w5,2021-04-13,investing,The market doesn't seem to be affected by escalating military buildup at the Ukraine/Russian border,[removed],Ukraine|Russia|Russian,Ukraine|Russian,removed,True,True,True,True,True,False,True,multiple_paths,path_multiple_paths
rffzwj,2021-12-13,StockMarket,Here's Your Daily Market Brief For December 13th,"**📰 Top News**

S&P Futures: +0.17%; DOW Futures: +0.03%; Nasdaq Futures: +0.35%

**US stock futures inched higher Monday morning** after the S&P notched its best week since February at a fresh record close, rebounding from a big sell-off triggered by Omicron variant fears. 

**G-7 tells Russia stop or else...** \- The G7 (an inter-governmental political forum) warned Russia that there will be ""massive consequences"" and severe costs if President Vladimir Putin attacks Ukraine. *Note: At a meeting in England, G-7 delegates said they were united in their condemnation of Russia's military build-up near Ukraine and called on Moscow to de-escalate.*  


**Sound the alarm in the UK!** *-* The UK raised its Covid alert level due to a rapid increase in the number of Omicron cases across the country. *Note: The decision to increase the five-stage public health risk assessment from level 3 to 4 came after a further 1239 cases of the variant were recorded yesterday.*  


**Pandemic poverty takes a global toll** \- More than half a billion people were pushed into extreme poverty in 2020 due to healthcare costs associated with Covid-19 according to a report from the World Health Organization *Note: Globally, the pandemic made things worse with drops in immunization coverage for the first time in 10 years along with rising malaria and tuberculosis deaths.*

&#x200B;

**🎯 Price Target Updates**

Wedbush upgrades GoPro. GPRO upgraded from OUTPERFORM to NEUTRAL - $13.50 (from $11)

UBS downgrades Merck. MRK downgraded to NEUTRAL from BUY - $76 (from $98)

UBS upgrades Pfizer. PFE upgraded to BUY from NEUTRAL - $60 (from $52)

&#x200B;

**📻 In Other News**

**Short sellers to get a long look** \- The US Department of Justice has launched a criminal investigation into short selling by hedge funds and research firms, looking for evidence that they improperly coordinated trades. *Note: The probe digs into how hedge funds use research and set up trades especially in the run-up to publications that move stocks.*

**Peloton rides for its own cause** *-* Peloton came to its own defense after a scene from a reboot of the ""Sex and The City"" movie implied its products lead to health complications and sent its shares tumbling. *Note: Peloton was a huge pandemic beneficiary with its share price rising 440% in 2020 when people were stuck at home.*

**Sleeping on the job?** \- 80% of GenZ workers say they've taken a nap on the job according to a survey conducted by luxury bedding maker Plushbeds. *Note: The study found that napping at work was more common than not, with more than 2 in 3 respondents saying that had napped before.*

**📅 This Week's Key Economic Calendar**

**MONDAY***: No major economic events*  


**TUESDAY**: *NFIB Small Business Optimism (Nov)*  


**WEDNESDAY***: Business Inventories (Oct), FOMC Rate Decision, Fed Chairman press conference*  


**THURSDAY***: Initial jobless claims (wk end 11-Dec), Markit US Manufacturing PMI* 

**FRIDAY***: No major economic events*  


**📔 Snippet of the Day**

***Quote of the day:*** *""One of the funny things about investing is that for every seller there is a buyer and both think they're right"" -William Feather*",Ukraine|Russia|Putin|Moscow,Ukraine|Russia|Putin|Moscow,available,False,True,True,True,True,False,True,multiple_paths,path_multiple_paths
rr8mmm,2021-12-29,StockMarket,Here's Your Daily Market Brief For December 29th,"**📰 Top News**

S&P Futures: -.03%; DOW Futures: -.03%; Nasdaq Futures: -.03%

**US stock futures ticked lower Wednesday morning** following a mixed session as traders continue to assess the threat of the Omicron variant as it becomes the dominant strain in the US.

**US, Russia to meet on security impasse** \- US and Russian officials will hold security talks in January amid an alarming Russian military build-up on its shared border with Ukraine. *Note: For months, Ukraine has warned American and European allies that thousands of Russian troops were massing along its Eastern border - a tactic mimicking the pre-Crimea invasion.*

**CDC shortens isolation for Omicron** *-* US health officials have issued new guidance on reduced restrictions for Americans who catch the coronavirus and are asymptomatic*.* *Note: The new guidance indicates that an individual with Covid-19 and is asymptomatic should go into isolation for 5 days instead of the previously recommended 10*  


**China to tighten rules on overseas IPOs** \- China is planning to tighten restrictions for Chinese companies that want to list overseas*. Note: Chinese securities regulators proposed that any firm wanting to go public in another country has to register with the agency first, and then meet a set of requirements as laid out by government officials.* 

**🎯 Price Target Updates**

No notable price target updates today.

**📻 In Other News**

**Digitally unwrapping the dead?** *-* Egyptian scientists have digitally unwrapped the mummified remains of a long deceased Pharaoh. *Note: Using non-invasive digital techniques, the scientists used 3D CT scans to unwrap the 3500 year old Pharaoh Amenhotep 1 and study his remains.*

**A hotline to work it out** \- The defense ministers of Japan and China have agreed to set up a joint communication hotline by the end of 2022 amid growing tensions between the east Asian neighbors. *Note: The agreement comes with their countries in dispute over Taiwan and issues in the East and South China seas.*  


**Apple spending big bucks to keep top talent** \- Apple has reportedly issued significant stock bonuses to top talent in an effort to stave off defections to rivals such as Meta and Google. *Note: The bonuses, a surprise to those receiving them, ranged from $50,000 to as much as $180,000 in some cases..*  


**📅 This Week's Key Economic Calendar**

***Wednesday****: Pending home sales index (Nov)*

***Thursday****: Initial jobless claims  (wk end Dec 24)*

***Friday****: No major economic events*  


**📔 Snippet of the Day**

***Quote of the day:*** *""When buying shares ask yourself, would you buy the whole company?"" - Rene Rivkin*",Ukraine|Russia|Russian|invasion,Ukraine|Russia|Russian|invasion,available,False,True,True,True,True,False,True,multiple_paths,path_multiple_paths
syyxww,2022-02-22,StockMarket,"Daily Market Recap - Tuesday, February 22, 2022."," 

**PsychoMarket Recap - Tuesday, February 22, 2022**

*Happy Twosday, 2-22-22!*

Stocks fell sharply on Tuesday to start the shortened week in the red again, as market participants continue to digest escalating tensions stemming from the Russia and Ukraine situation. Today, President Biden officially acknowledged “the beginning of the Russian invasion” and announced sanctions against Russian firms, individuals, and sovereign debt. 

**Markets Today**

* S&P 500 (SPY): -1.05%
* Nasdaq (QQQ): -1.00%
* Dow Jones (DIA): -1.49%
* Russell 2000 (IWM): -1.39%
* Volatility Index (VIX): +7.57%
* Tesla (TSLA): -4.17%
* Apple (AAPL): -1.79%
* Sberbank (SBRCY): -21.10%
* Ford Motors (F): -4.13%
* Alibaba (BABA): -5.02%
* Digital World Acq (DWAC): +10.19%

Early in the morning, the Russian parliament agreed to a request by President Vladimir Putin to use military force outside the country and deployed troops into two breakaway pro-Moscow regions in eastern Ukraine under the guise of “peacekeeping” after announcing Monday evening Russia would recognize their independence. 

[https://www.politico.com/news/2022/02/22/putin-permission-force-outside-russia-00010637](https://www.politico.com/news/2022/02/22/putin-permission-force-outside-russia-00010637)

[https://www.independent.co.uk/news/world/europe/russia-ukraine-donetsk-luhansk-putin-b2019840.html](https://www.independent.co.uk/news/world/europe/russia-ukraine-donetsk-luhansk-putin-b2019840.html)

The move was seen by the West as a provocation and intensified worries a war was underway. Just last week, the Biden administration warned that recognizing the self-declared ""People's Republics"" of Donetsk and Luhansk in eastern Ukraine would defy international law and Ukraine's sovereignty and ""necessitate a swift and firm response"" from America and its allies.

In response, President Biden officially acknowledged the move as “the beginning of a Russian invasion of Ukraine” and imposed sanctions on major Russian bank VEB and its military bank, individuals, and the country’s sovereign debt. This move effectively cut the banks out of transactions involving U.S. dollars, the global reserve currency. 

President Biden said, “That means we’ve cut off Russia’s government from Western financing. It can no longer raise money from the West and cannot trade its new debt on our markets, or European markets either.”

In addition to the sanctions on the banks and Russian debt, Biden said in the days ahead he would sanction individual Russians in Putin’s inner circle.

He said, “Russia elites and their family members share the corrupt gains of the Kremlin’s policies, and so they ought to share in the pain as well.”

To conclude, Pres. Biden also said US troops in Europe were mobilizing towards the east to strengthen defensive positions. He said, “Today, in response to Russia’s admission that it will not withdraw its forces from Belarus, I have authorized additional movements of U.S. forces and equipment already stationed in Europe to strengthen our Baltic Allies, Estonia, Latvia, and Lithuania. As Russia contemplates its next move, we have our next move prepared as well.”

[https://www.cnbc.com/2022/02/22/biden-says-us-will-sanction-russian-financial-firms-sovereign-debt-and-individuals-after-ukraine-incursion.html](https://www.cnbc.com/2022/02/22/biden-says-us-will-sanction-russian-financial-firms-sovereign-debt-and-individuals-after-ukraine-incursion.html)

The conflict creates an added headwind for markets already holding its breath in anticipation of the Federal Reserve’s next move as it looks to tighten monetary conditions to mitigate surging inflationary pressures. A war between Russia and Ukraine could exacerbate inflation and spur other economic disruptions.

**Highlights**

* The Conference Board reported its consumer confidence index dropped to a reading of 110.5 this month from a downwardly revised 111.1 in January. Economists surveyed by Bloomberg anticipated a print of 110.0 expected.
* Lynn Franco, senior director of economic indicators at The Conference Board, said ""Expectations about short-term growth prospects weakened further, pointing to a likely moderation in growth over the first half of 2022. ""Meanwhile, the proportion of consumers planning to purchase homes, automobiles, major appliances, and vacations over the next six months all fell.""
* IHS Markit reported its flash U.S. Composite PMI Output Index, which tracks the manufacturing and services industries, bounced back to a print of 56.0 this month after falling to 51.1 in January. The data firm said the rise was led by ""employees returning from sick leave, increased traveling and greater availability of raw materials.""
* [Standard & Poor’s said Tuesday that its S&P CoreLogic Case-Shiller national home price index](https://www.spglobal.com/spdji/en/documents/indexnews/announcements/20210629-1407760/1407760_cshomeprice-release-0629.pdf) saw an 18.8% annual gain in December, unchanged from November. The 20-City Composite posted an 18.6% annual gain, up from 18.3% a month earlier. The 20-City results were higher than analysts’ expectations of an 18% annual gain, according to Bloomberg consensus estimates.
* The U.K. has imposed targeted economic sanctions on five Russian banks and three high net-worth individuals following a move by President Vladimir Putin to send troops into eastern Ukraine on Monday.
* Former US President [Donald Trump's](https://www.cnet.com/tags/donald-trump/) social media app [Truth Social](https://www.cnet.com/tech/social-media/trump-social-network-reportedly-opens-to-testers-ahead-of-expected-launch/) (DWAC) became available for download in [Apple's](https://www.cnet.com/apple/) App Store on Sunday night, but some people had trouble creating an account. Despite this, it hit No. 1 in the App Store's top charts early Monday.
* Electric-vehicle maker Lucid Group (LCID) said on Tuesday it would recall more than 200 of its premium sedans due to a possible safety issue
* Global oil benchmark Brent crude could rise by $5-$20 a barrel depending on the severity of the Russia-Ukraine crisis, Bank of America Global Research said on Tuesday, adding that prices could drop by $2-$4 if tensions de-escalate.

“The greatest glory in living lies not in never falling, but in rising every time we fall.” *-Nelson Mandela*",Ukraine|Russia|Russian|Putin|Moscow|invasion|sanctions,Ukraine|Russia|Russian|Putin|Moscow|invasion|sanctions,available,False,True,True,True,True,True,True,multiple_paths,path_multiple_paths
synegr,2022-02-22,investing,Short RUSL – Biggest potential for profits,"If you have not been living under a rock, you would have heard about the conflict/controversy between Russia and Ukraine. Earlier tonight (Feb. 21st, 2022) Russia deployed their troops into 2 regions of Ukraine, that Russia recently labelled the 2 regions as “independent states”.

Last week, the news broke about a potential Russian invasion of Ukraine, which sent the markets tumbling down multiple percentage points within the last hours of the trading day on Feb 17th. However, now the “potential invasion” has turned into an actual invasion (or as Russia calls it “A Peacekeeping Mission”). Stock futures (NASDAQ) is currently down 3.5% with no end in sight.

[RUSL](https://utradea.com/stocks/RUSL) is already down 20% since February 16th (2 trading days) and is going to fall more and more as the uncertainty and conflict continues. Furthermore, more countries will stop importing energy/products from Russia as a political move, as many countries have agreed to [suspend Russia’s involvement in their financial](https://www.theglobeandmail.com/world/article-russia-could-lose-financial-markets-access-advanced-goods-if-it/) markets, and European countries may start to reject Russian energy exports to punish Russia for their actions.

Both these factors (along with many others) should have negative impacts on Russia and Russian companies, which can be taken advantage of by shorting [$RUSL – Russia Bull 2x Shares](https://utradea.com/stocks/RUSL).

Quickly, by comparing this invasion of Ukraine, to the Russian invasion of Crimea, Ukraine in 2014 we can draw some insights into the effect that this conflict had on stocks. During this time [$RUSL](https://utradea.com/stocks/RUSL) fell by 40% (in a 2-month span). Currently, something similar is happening, and potentially something worse if other nations start to get involved, and the ETF is only down 20%.",Ukraine|Russia|Russian|invasion,Ukraine|Russia|Russian|invasion,available,False,True,True,True,True,False,True,multiple_paths,path_multiple_paths
t2uiat,2022-02-27,stocks,BP said on Sunday it plans to abandon its 19.75% stake in oil giant Rosneft (ROSN.MM) in the wake of Russia's invasion of Ukraine.,"BP said on Sunday it plans to abandon its 19.75% stake in oil giant Rosneft (ROSN.MM) in the wake of Russia's invasion of Ukraine, marking an abrupt and costly end to 30 at times fraught years operating in the oil-rich country.

The British oil and gas giant did not say how it planned to exit its stake, which it said would result in charges of up to $25 billion at the end of the first quarter. Rosneft accounts for around half of BP's oil and gas reserves and a third of its production.

""I have been deeply shocked and saddened by the situation unfolding in Ukraine and my heart goes out to everyone affected. It has caused us to fundamentally rethink bp's position with Rosneft,"" BP Chief Executive Bernard Looney said.

The move represents the boldest step yet by a Western oil company with exposure to Russia amid an escalating crisis between the West and Moscow.

BP said the move and financial hit will not impact its short and long term financial targets as part of its strategy to shift away from oil and gas to low-carbon fuels and renewables energy.

Looney and his predecessor as CEO Bob Dudley will both step down from the board of Rosneft, which BP acquired a shareholding in as part of its $12.5 billion TNK-BP stake sale in 2013.

British Business Secretary Kwasi Kwarteng, who on Friday expressed ""concern"" over BP's stake in Rosneft in a call with Looney, said on Twitter that he welcomed the decision.

""Russia's unprovoked invasion of Ukraine must be a wake up call for British businesses with commercial interests in (Russian President Vladimir) Putin's Russia,"" he said.

As a stake, BP received revenue from Rosneft in the form of dividends which totalled around $640 million in 2021, roughly 3% of BP's cash flow from operations.

[Source Reuters](https://www.reuters.com/business/energy/britains-bp-says-exit-stake-russian-oil-giant-rosneft-2022-02-27/)",Ukraine|Russia|Russian|Putin|Moscow|invasion,Ukraine|Russia|Russian|Putin|Moscow|invasion,available,False,True,True,True,True,False,True,multiple_paths,path_multiple_paths
t3hxbv,2022-02-28,stocks,Citi discloses $5.4 billion exposure to Russia. Not sure how much the other US banks are exposed,"Citigroup said Monday it has $5.4 billion in asset exposure to Russia, according a regulatory filings from the bank. The exposure totals about 0.3% of Citigroup's 2021 bank assets, the regulatory filing said. Citigroup also disclosed $8.2 billion of third party exposure to Russia. ""Sanctions and export controls, as well as any actions by Russia, could adversely affect Citi's business activities and customers in and from Russia and Ukraine,"" Citi said in a separate filing. Shares of Citigroup fell 2.2% in premarket trades on Monday.

[https://www.marketwatch.com/story/citi-discloses-54-billion-exposure-to-ukraine-2022-02-28?mod=mw\_quote\_news](https://www.marketwatch.com/story/citi-discloses-54-billion-exposure-to-ukraine-2022-02-28?mod=mw_quote_news)",Ukraine|Russia|sanctions,Ukraine|Russia|sanctions,available,False,True,True,True,True,False,True,multiple_paths,path_multiple_paths
10tpt11,2023-02-04,StockMarket,"Draganfly Enters India’s Drone Market, Continues Efforts in Ukraine, and Talks Clean Tech (summary)"," 

* **Draganfly Signs Strategic Agreement for the Development of Manufacturing and Distribution of Drones for Indian Market.**

*Remote Sensing and Geographic Information System (“GIS”) has entered into a strategic agreement with Draganfly for the development of manufacturing, distribution, and sales of Draganfly products in India. A core component of this agreement is to manufacture Draganfly drones in India under the AatmaNirbhar Bharat (Made in India) program.*

[https://draganfly.com/press-release/draganfly-signs-strategic-agreement-for-the-development-of-manufacturing-and-distribution-of-drones-for-indian-market/?utm\_source=General+Audience&utm\_campaign=aebd800fd3-EMAIL\_CAMPAIGN\_2023\_02\_03\_04\_40&utm\_medium=email&utm\_term=0\_-aebd800fd3-%5BLIST\_EMAIL\_ID%5D&ct=t(EMAIL\_CAMPAIGN\_2\_3\_2023\_9\_22)](https://draganfly.com/press-release/draganfly-signs-strategic-agreement-for-the-development-of-manufacturing-and-distribution-of-drones-for-indian-market/?utm_source=General+Audience&utm_campaign=aebd800fd3-EMAIL_CAMPAIGN_2023_02_03_04_40&utm_medium=email&utm_term=0_-aebd800fd3-%5BLIST_EMAIL_ID%5D&ct=t(EMAIL_CAMPAIGN_2_3_2023_9_22))

&#x200B;

* **Russia and Ukraine battle daily in the sky. So where are the pilots?**

*Around 50 Draganfly drones have been sent to various organizations in Ukraine for a wide variety of missions. They conduct search and rescue operations, they detect landmines from the air and deliver blood and other critical supplies to front-line areas.*

[https://www.npr.org/2023/02/02/1153438336/russia-and-ukraine-battle-daily-in-the-sky-so-where-are-the-pilots?utm\_source=General+Audience&utm\_campaign=aebd800fd3-EMAIL\_CAMPAIGN\_2023\_02\_03\_04\_40&utm\_medium=email&utm\_term=0\_-aebd800fd3-%5BLIST\_EMAIL\_ID%5D&ct=t(EMAIL\_CAMPAIGN\_2\_3\_2023\_9\_22)](https://www.npr.org/2023/02/02/1153438336/russia-and-ukraine-battle-daily-in-the-sky-so-where-are-the-pilots?utm_source=General+Audience&utm_campaign=aebd800fd3-EMAIL_CAMPAIGN_2023_02_03_04_40&utm_medium=email&utm_term=0_-aebd800fd3-%5BLIST_EMAIL_ID%5D&ct=t(EMAIL_CAMPAIGN_2_3_2023_9_22))

&#x200B;

* **Robot Wars: How Technology Is Shaping Ukraine Conflict**

*Cameron Chell, CEO of Draganfly, a drone-tech company founded in 1998, said that the war in Ukraine has meant drastic changes in warfare that have not been seen ""maybe since the advent of the tank in World War I.""*

[https://www.newsweek.com/ai-drones-russia-robots-killer-ukraine-weapons-1769077?utm\_source=General+Audience&utm\_campaign=aebd800fd3-EMAIL\_CAMPAIGN\_2023\_02\_03\_04\_40&utm\_medium=email&utm\_term=0\_-aebd800fd3-%5BLIST\_EMAIL\_ID%5D&ct=t(EMAIL\_CAMPAIGN\_2\_3\_2023\_9\_22)](https://www.newsweek.com/ai-drones-russia-robots-killer-ukraine-weapons-1769077?utm_source=General+Audience&utm_campaign=aebd800fd3-EMAIL_CAMPAIGN_2023_02_03_04_40&utm_medium=email&utm_term=0_-aebd800fd3-%5BLIST_EMAIL_ID%5D&ct=t(EMAIL_CAMPAIGN_2_3_2023_9_22))

&#x200B;

* **Draganfly Selected by Lufthansa Industry Solutions to Strengthen Marine Search and Rescue Infrastructure**

*Lufthansa Industry Solutions will research and analyze Draganfly’s cutting-edge drone solutions and Vital Intelligence (VI) technology for deployment in the maritime industry for marine search and rescue and reconnaissance purposes.*

[*https://draganfly.us9.list-manage.com/track/click?u=bd6ad2eee6b490a35c567de20&id=5040c2c400&e=7163e0f953*](https://draganfly.us9.list-manage.com/track/click?u=bd6ad2eee6b490a35c567de20&id=5040c2c400&e=7163e0f953)

&#x200B;

* **The Transformative Power of Drones Has Only Just Begun**

*Cameron Chell, President and CEO of Draganfly sits down with CleanTechnica to discuss how drones are changing warfare in Ukraine and how they are also accelerating the clean energy landscape in new and impactful ways.*

[https://cleantechnica.com/2023/01/29/the-transformative-power-of-drones-has-only-just-begun/?utm\_source=General+Audience&utm\_campaign=aebd800fd3-EMAIL\_CAMPAIGN\_2023\_02\_03\_04\_40&utm\_medium=email&utm\_term=0\_-aebd800fd3-%5BLIST\_EMAIL\_ID%5D&ct=t(EMAIL\_CAMPAIGN\_2\_3\_2023\_9\_22)](https://cleantechnica.com/2023/01/29/the-transformative-power-of-drones-has-only-just-begun/?utm_source=General+Audience&utm_campaign=aebd800fd3-EMAIL_CAMPAIGN_2023_02_03_04_40&utm_medium=email&utm_term=0_-aebd800fd3-%5BLIST_EMAIL_ID%5D&ct=t(EMAIL_CAMPAIGN_2_3_2023_9_22))",Ukraine|Russia,Ukraine|Russia,available,False,True,True,True,True,False,True,multiple_paths,path_multiple_paths
125y1ot,2023-03-29,investing,SVB’s Collapse Shows the World’s Favorite Safe Asset Isn’t Risk-Free,"From bloomberg: https://www.bloomberg.com/news/articles/2023-03-29/svb-collapse-shows-us-treasuries-aren-t-a-risk-free-asset?srnd=premium

&gt;Look deeper into the latest US banking crisis, and the cause may come as a surprise to anyone still thinking in terms of the crash of 2008. It wasn’t dodgy loans to impecunious homebuyers that sank Silicon Valley Bank. It was a stash of what are thought to be the safest securities on Earth: US Treasuries.

&gt;Those loans to the government were, of course, entirely safe in a very important sense. Uncle Sam is going to be good for the cash. (Set aside an unforeseen disaster with the debt ceiling—more on which in a moment.) But the final repayment date of SVB’s bonds was typically years away. The problem is what happens to their price in the meantime. Purchased during a time of ultralow interest rates, those long-maturity Treasuries were always liable to lose their immediate resale value if rates took off. Which they’ve done in a big way over the past year.

&gt;The Federal Reserve raised rates at the fastest pace in decades to tame inflation, pushing its key policy rate from about zero to a range of 4.75% to 5%. Treasury prices spiraled downward, since bond prices move in the opposite direction of rates. That’s only an immediate problem for someone who wants to sell a bond before it matures. Unfortunately for SVB, it fell into that category. Its clients, many of whom had much more than $250,000—the cap on federal deposit insurance—at the bank, got nervous and started yanking out their money. SVB could only sell Treasury holdings, as well as mortgage bonds backed by government agencies, at steep losses. The bank collapsed within days.

&gt;“We always refer to Treasuries as the world’s safest asset,” says Paul McCulley, the former chief economist for Pacific Investment Management Co. “That’s from the standpoint of credit quality. That’s not from the standpoint of asset price stability. There’s a huge difference.”

&gt;Kim Forrest, chief investment officer of Pittsburgh-based Bokeh Capital Partners, says she can’t get over how SVB bankers failed to spot the duration risk they were taking. “It’s kind of head-spinning,” she says. “They have to really know the parameters of what is going to happen to these bonds, given the forecasts for interest rates. What the heck happened? The supposedly bright people out in Silicon Valley couldn’t put that together and do a little calculus?”

&gt;Most banks don’t have as many uninsured deposits from jumpy tech startups as SVB did, but US lenders hold more than $4 trillion in government-backed securities. And Treasuries last year posted their worst losses since at least the early 1970s, with the longest-dated ones tumbling almost 30%. That’s one reason fear of bank contagion won’t go away, even after the Department of the Treasury, the Fed and the Federal Deposit Insurance Corp. swooped in to offer emergency protection for all depositors at SVB and New York’s Signature Bank, which collapsed around the same time. Policymakers haven’t said for sure whether other lenders will enjoy the same cover. Deposits have continued to flow out of banks—especially smaller, regional ones.
Losses Piled Up at US Banks as Rates Soared

&gt;The Fed loaned billions to banks after SVB’s collapse to ensure their liquidity, including new emergency programs that offered generous terms for borrowing against Treasuries and other bonds that had lost value. Essentially, the central bank—which already holds trillions of dollars’ worth of the low-yielding debt issued in the pandemic—was taking even more interest-rate risk out of the banking system.

&gt;But the Fed is also pushing ahead with monetary tightening. It raised rates another quarter of a percentage point on March 22. Bond prices have rallied anyway, because markets think Chair Jerome Powell and his colleagues will change course. If they don’t, that could spell more losses for Treasuries—and more trouble for banks that hold them.

&gt;Rising rates aren’t the only problem in the $24 trillion Treasury market. Another is a long-standing concern about the market’s liquidity—essentially, the ease with which trades can be carried out. Many institutions and businesses count on the Treasury market to function smoothly. The past month’s fear and uncertainty has created near-unprecedented volatility, with the largest swings in some yields seen in 40 years. Liquidity was “significantly compromised,” JPMorgan Chase &amp; Co. strategists told clients in mid-March, as trading in Treasuries surged to a record $1.5 trillion on one day.

&gt;There are various explanations of the liquidity problem. Treasury debt has ballooned by more than $7 trillion since the end of 2019, and there’s a widespread belief that the size of the market has outstripped the capacity of bank dealers to keep it orderly. Many say regulations imposed on banks after the 2008 financial crisis have also crimped dealers’ ability to keep enough bonds on hand to make sure buying and selling proceeds without hiccups. The Fed, Treasury and other regulators have been working for years on proposed fixes, but change has been slow in coming.

&gt;Then there’s the looming debt ceiling standoff—the possibility that politicians won’t reach a compromise on raising the nation’s self-imposed borrowing limit. Failure to do so before the Treasury runs out of ways to keep funding government spending could potentially trigger an unprecedented default on US public debt and throw a wrench into the global financial system that relies on Treasuries. The 2011 debt ceiling episode spurred S&amp;P Global Ratings to downgrade US government bonds from the top AAA rating, days after a deal to lift the limit and avert default was reached.

&gt;The recurring fights in Washington over debt limits may be one reason investors around the world have been showing more interest in potential alternatives to US Treasuries as a safe place to store wealth. Another is America’s aggressive use of financial sanctions, including the freezing of Russian central bank assets after the invasion of Ukraine, which has left some countries that hold lots of Treasuries wondering: Could that happen to us, too, someday? Global alternatives that sometimes get touted include old favorites such as gold, new monetary units based on commodity baskets, or the currencies of other large economies, like China’s yuan—even though it’s hard to make a persuasive case that any of them are better than Treasuries.

&gt;For many American investors seeking a risk-free asset, cash seems like the best option. Below the $250,000 cap on FDIC insurance, a bank account is reliable. But many individual and institutional savers alike have over the past months been seeking other options, like higher-yielding US money funds—which just attracted their biggest weekly influx since early in the pandemic. Those funds invest heavily in Treasuries, though at very short maturities that largely protect them from interest-rate risk. As rates go up, the funds can keep rolling over their holdings and pay investors the new higher rates.

&gt;How much more volatility is in store for Treasuries—and how much more damage the financial system suffers as a result—mostly hinges on the Fed. History suggests the US central bank has a poor track record when it comes to pulling off a major policy shift without something blowing up. SVB is already Exhibit A for this cycle.

&gt;McCulley recalls the wrecking of the US savings and loan industry in the 1980s—smallish mortgage lenders who went bust partly as a result of the same kind of duration risk that’s piled up on bank balance sheets today. He points out that the Fed has been raising rates at the fastest pace since back then, when former Chair Paul Volcker oversaw the inflation fight. And he says his key question for the Fed is this: “For the last year you’ve been channeling Paul Volcker. How much Volcker is too much Volcker?”",Ukraine|Russia|Russian|invasion|sanctions,Ukraine|Russian|invasion|sanctions,available,False,True,True,True,True,False,True,multiple_paths,path_multiple_paths
127tvj5,2023-03-31,investing,U.S Index Funds are the Way to Go,"\&gt;Positive birthrates, less reliance on immigration compared to nearly every other rich nation

\&gt;Lots of arable land for expansion

\&gt;When isolating for useful land, it is largest country on the planet

\&gt;High on the natural resource spectrum

\&gt;Very high economic growth

\&gt;Rising average wages

\&gt;Rising productivity/capita

\&gt;Still the technological epicenter of the world (i.e ChatGPT, Microsoft, Apple, META, Nvidia)

\&gt;Still financial capital of the world (J.P Morgan Chase, Goldman Sachs, Citibank, Morgan Stanley)

\&gt;Biggest cultural exporter (Hollywood, Madison Avenue, Twitter, Youtube)

\&gt;Brand monopoly (Nike, MacDonalds, Ford)

\&gt;Largest military in the world

\&gt;Largest military industrial complex in the world, meaning we can sustain our military in case of a war (Lockheed Martin, Raytheon).

\&gt;Food independent, net exporter of food, China is a net importer, meaning they're dependent

We're entering into a De-Globalization period which yes, will lower our standard of living as products formerly made overseas will rise relative to our income. This is the natural consequence of protectionism. However, we are still in a better position relative to China and Russia, which will suffer Demographic and economic problems for decades to come.

China has already maxxed out its one advantage. High population. With 1 billion people, even marginal increases in per-capita productivity can yield huge results. However, they're slowing down in this regard, and as the % difference in population between the U.S and China shrinks, the U.S's relative position will only strengthen.

The Ukraine war is absolutely nothing for the United States. The U.S taxes are very low compared to other nation-states, so the 900 billion we're sending to Ukraine makes up a huge hunk of the budget, but compared to our overall economic aggregate, it's NOTHING.",Ukraine|Russia,Ukraine|Russia,available,False,True,True,True,True,False,True,multiple_paths,path_multiple_paths
14th4q1,2023-07-07,stocks,Which industries or stocks would be most affected if the Russia/Ukraine war suddenly ended?,"Ever since the attempted coup in Russia, the possibility of the war ending is the highest it’s been since Russia first invaded Ukraine. There is no way to know when the war will end, it could be years away, it could be weeks away. No one knows the real answer to when the war will end, probably not even Putin himself. So instead of speculating if/when the war will end, let’s for arguments sake, pretend the war ends next week. What stocks/industries would be most affected?",Ukraine|Russia|Putin,Ukraine|Russia|Putin,available,False,True,True,True,True,False,True,multiple_paths,path_multiple_paths
kzzabs,2021-01-18,stocks,ADRs and China,"I've seen a few posts about ADRs recently talking about how all chinese stocks are based in the Cayman Islands and no one's really buying stock in these chinese companies and that China has no need to uphold these agreements - As a disclaimer, before I go on, I was to say I do own stock in NIO and BABA as well as AMZN, AAPL and a few other small AI companies.

While many of you may be technically correct about ADRs, it fundamentally ignores the foreign policy climate of almost all countries and more specifically ignores the way China's foreign policy is being conducted right now - I'm not an expert and you should of course do your own DD but what I've noticed from all these posts is that they are all ignoring the idea of Soft Power.

**Lets define what soft and hard power are**: I've taken these definitions from wikipedia, because they're concise and as always wikipedia is well referenced (damn teachers!)

Soft power: In politics (and particularly in international politics), soft power is the ability to attract and co-opt, rather than coerce (contrast hard power). In other words, soft power involves shaping the preferences of others through appeal and attraction - Foreign Aid is an excellent example of the use of Soft Power

Hard Power: Hard power is the use of military and economic means to influence the behavior or interests of other political bodies. This form of political power is often aggressive (coercion), and is most immediately effective when imposed by one political body upon another of lesser military and/or economic power

**Why is this important?:**

While China is on its way to becoming a global superpower its not there yet, there are more economically reliable countries (US) and countries with more functional military might (Russia and US) - I say functional here because military might isn't just man power and number of soldiers.

China uses hard power when it comes to domestic policy, through the use of censorship, coercion of officials, imprisonment of dissidents and so on and so forth. ([https://www.amnesty.org/en/countries/asia-and-the-pacific/china/report-china/](https://www.amnesty.org/en/countries/asia-and-the-pacific/china/report-china/))

However, they've also learnt from the collapse of the USSR which collapsed in part due their international and economic isolation among other factors ([https://www.britannica.com/story/why-did-the-soviet-union-collapse](https://www.britannica.com/story/why-did-the-soviet-union-collapse)) - Now China doesn't want that to happen and to ensure it doesn't, it's followed an interesting hybridisation of communism and capitalism where private companies are closely linked to the government but are allowed to compete and have private ownership. However this has meant that chinese companies and by extension China as a country has to be attractive to outside investors and that's where soft power comes in.

Throughout the pandemic and even before China has been trying to expand its soft power further in the hope of eventually leveraging itself into the world's leading super power. Case and point is the Free trade agreement it signed with 14 other asia-pacific countries creating an even larger free market than the eu (16% vs 22%) ([https://www.theguardian.com/business/2020/nov/15/china-and-14-asia-pacific-countries-agree-historic-free-trade-deal](https://www.theguardian.com/business/2020/nov/15/china-and-14-asia-pacific-countries-agree-historic-free-trade-deal)). While this gives it more economic power, it also gives china great headlines!

This isn't the only way China is trying to garner a better image of itself and therefore more soft power - For a long time, China has been and is commonly viewed as one of the largest polluters in the world ([https://ge.usembassy.gov/chinas-air-pollution-harms-its-citizens-and-the-world/#:\~:text=The%20People's%20Republic%20of%20China,health%20and%20the%20world's%20economy](https://ge.usembassy.gov/chinas-air-pollution-harms-its-citizens-and-the-world/#:~:text=The%20People's%20Republic%20of%20China,health%20and%20the%20world's%20economy).), pollution that has been killing around a million of its citizens a year - so to not only improve their citizens lives (though how much of the main motivation that is I'm very skeptical) but to also capture the ongoing trend of renewable energy becoming the dominant energy market in the next decade or two, China has been pouring money into clean energy initiatives, so they not only capture a significant slice of an upcoming dominant market but they are also able to position themselves as the clean energy capital of the world.

Let's be clear though, the current pandemic has affected their soft power and reduced it massively which leads onto the crux of my argument.

**How Soft power relates to ADRs and Stocks?**

For China to successfully follow through with their plans (leveraging soft power into economic might - the tried and tested american way to an extent - except america had WW2 and the Marshall plan to reach this point sidenote: I know that's massively reductive and there's a lot of other factors involved in america becoming a superpower including a shit load of hard power i.e. nuclear bombs and military might) they require investment not just from domestic sources but foreign sources otherwise they gain no soft power. So how does this relate the ADRs:

If China and Chinese companies were to renege on their agreements with these shell companies, it would lead to major banks, hedge funds and entire countries to disinvest from the chinese economy - a counterpoint I can imagine in the comments may be that it's technically not a reneging because the these chinese companies and chinese law doesn't state that you can own shares but the optics of it certainly are. Every major newspaper would be covering it, people who have invested would be using their soft power (their vote) to push for harder line on china and so would banks who would be disinvesting by their droves from chinese ADRs. I know I wouldn't be buying anything from China again because the risk is too high and that would be the most dangerous thing for the chinese government. They are trying and have until now succeeded in creating an image of a stable thriving economy

Disinvestment may sound sensationalist and to an extent I would agree it may be but the most recent example is BABA stock - The disappearance of Jack Ma not only lead to a massive drop in BABA stock but countless headlines about how dangerous it is to invest in Chinese companies - and while I'm sure Jack Ma when he returns will have to change to adapt to his potentially curbed reality, the chinese government will have also realised that they'll need to adapt to ensure that they don't lose the soft power they've spent over 40 years cultivating ( look up Deng Xiaoping's China reform and opening-up policy).

And to address comments that I'm sure will say China can be self sufficient without any foreign investments - I'm sure they can but that path has until now lead to ruin for other countries, the primary example being the USSR and a less prominent example being North Korea. The chinese government is ruthless, efficient and they're certainly not stupid.

Of course if anyone thinks I'm wrong, please let me know - I also understand that the BABA example is more nuanced than how far I've gone into it because of Jack Ma's Ant group going onto central bank turf but the logic behind the point stands.

**TLDR: China would lose their soft power, banks and people would disinvest in China if they didn't honor their ADR agreements and would set China onto the path of future economic ruin and upheaval - I could be wrong though**

Edit: Hong Kong is an interesting counterpoint to my argument, but I would say that to a certain extent, Banks knew HK would be bought under the CCP and still think they can make money there - also Hong Kong massively damaged Chinese Soft power and if there had been a better president I think the effect would have been huge but there wasn't and the markets are over it - if ADRs aren't honoured, then Banks and hedge funds would lose money and I think that that's their bottom line and a red line for them - I could be wrong though",Russia,Russia,available,False,False,True,True,True,False,True,russia_conflict_financial,path_russia_conflict_financial
lyjaja,2021-03-05,StockMarket,Industry Analysis: Pipelines,"This is an unrefined, uglier version,  [read the full analysis here!](https://cheesecakevault.medium.com/industry-analysis-pipelines-d97536e56526)

Summary near the bottom.

\----------------------------------------------------------------------------------------------------------------------------------------------------

 Pipeline operators are companies that develop and maintain integral energy infrastructure for the transportation of fossil fuels, chiefly oil and liquified natural gas.

In this security analysis, we will be looking at the pipeline industry, the bull and bear cases, and the future of the sector as a whole.

## Table of Contents

*State of the Pipeline Industry*

*The Case For*

* Industry Oligopoly
* Opportunities for Growth
* Cash Flow/Dividends

*The Case Against*

* An Aging Industry
* Commodity Reliance
* Weakening Institutional and Retail Supports

*Future*

* Evolving Uses
* Environmental Concerns
* Emerging Markets

*Conclusion*

*Summary*

\----------------------------------------------------------------------------------------------------------------------------------------------------

# State of the Pipeline Industry

To say the pipeline industry is going through a turbulent period would be a gross understatement. The Biden Administration, in its first 100 days, has taken various steps to curb climate change at the expense of (not exclusively) the pipeline industry.

On his very first day as POTUS, Biden [revoked the permit](https://apnews.com/article/joe-biden-alberta-2fbcce48372f5c29c3ae6f6f93907a6d) for TC Energy’s Keystone XL pipeline, signed an executive order detailing America’s [return to the Paris Climate Agreement](https://www.theguardian.com/environment/2021/jan/20/paris-climate-accord-joe-biden-returns-us), and overall changed the momentum of the pipeline industry overnight.

These decisions come on the heels of the COVID-19 pandemic, a since resolved Russia-OPEC price war, and the West Texas Intermediate turning negative at the peak of this turmoil.

As a result, no major Western pipeline operator, from Kinder Morgan to Enbridge, from Energy Transfer to Magellan Midstream has had a positive year- as of February 20th, 2021.

All this, alongside the acceleration of green initiatives across the globe, beg the question; what lies in the future for the pipeline industry? And, is it a safe investment?

 \----------------------------------------------------------------------------------------------------------------------------------------------------

# The Case For

Although pipeline adoption, public sentiment, and governments seem to be stacked against the industry, there is significant reason to be optimistic and invest in the industry.

 

## Industry Oligopoly

Many of the supposed nails in the coffin of the pipeline industry actually serve to work in favour of existing operators.

For instance, the imagery of a dying fossil fuel industry and the desert of venture capital is a massive barrier to entry for any startup with promising ideas and technology that may disrupt the sector and consolidates the power major corporations have. While finding a footing in green energy may be a Herculean task, finding capital is not, contrary to the situation for potential disruptors in the pipeline and fossil fuel industries.

Asides from allowing large operators to rest on their laurels without worry, this also gives them the opportunity to spend cash elsewhere, such as [horizontal integration](https://www2.deloitte.com/us/en/pages/energy-and-resources/articles/oil-and-gas-mergers-and-acquisitions.html), subsequently increasing efficiencies, out-lobbying green counterparts, and so forth.

Even more beneficial to existing operators is the politicization of the industry alongside the growing polarization of political landscapes across the globe. This trend forces ruling parties to adopt either a pro or anti-oil and gas position, both of which pipeline companies stand to profit off of.

The more obvious one, the pro-oil and gas position gives operators the opportunity to expand their operations, as seen with TC Energy and Keystone XL under the Trump Administration, increase inward cash flow and overall provide investors with higher yields.

Less obvious is how pro-climate politicians benefit large pipeline corporations. The answer is fairly simple:

Pro-Climate Politicians Restrict Pipeline Development → Oil demand is still [expected to grow](https://www.capp.ca/resources/crude-oil-forecast/#:~:text=Global%20Energy%20Demand&text=By%202040%2C%20global%20oil%20demand,U.S.%20energy%20demand%20is%20robust.), LNG demand is expected to [grow even more](https://www.mckinsey.com/industries/oil-and-gas/our-insights/global-gas-and-lng-outlook-to-2035#:~:text=LNG%3A%20Demand%20expected%20to%20grow,rebalancing%20expected%20in%202027%E2%80%9328&text=Similarly%2C%20Bangladesh%2C%20Pakistan%2C%20and,help%20offset%20declining%20domestic%20supply.)→ Demand for pipelines increase while supply is restricted → Existing pipeline operators benefit off of increased demand and can raise prices.

The second example actually may be more beneficial to large pipeline companies and is currently playing out with the Biden Administration.

## Opportunities for Growth

In spite of diminishing growth returns in traditional hubs, pipeline companies can look to new technologies, increasing efficiencies, and new markets, asides from other things, for revenues.

Innovations in the industry, such as geographic information systems (GIS), geohazard management systems, and SCADA systems reduce chances of environmental failure and the ensuing repair, ecological, and social (translates into marketing expenditures) costs.

Additionally, better coating, more corrosion-resistant steel, and overall more durable pipelines slash spending on repairs or new pipelines and ensure unhindered cash flow for a longer period of time.

As aforementioned in a previous part, there is also a growing trend of consolidation across the fossil fuel industry, due, in part, to the commotion wrought by the pandemic and its aftereffects. Mergers and acquisitions, as seen with [Chevron and Noble Energy](https://www.businesswire.com/news/home/20201002005358/en/Noble-Energy-Shareholders-Approve-Merger-With-Chevron), [Husky Energy and Cenovus](https://financialpost.com/commodities/energy/husky-cenovus-shareholders-approve-4-78-bln-merger-deal), and many more, allow corporations to pursue higher efficiencies by cutting excess labour costs, integrating technologies, and achieving greater economies of scale. The freed-up cash is then put to work, either reinvested in companies for growth or returned to shareholders via dividends.

Asides from realizing internal and domestic profits, pipeline operators can look outward, towards foreign markets for significant growth. Although a tremendously difficult task, as pipelines are often closely guarded public infrastructure or contractually given exclusively to domestic companies, a shift to economic liberalization, as seen in the West in the 20th century, is taking place in the developing world.

To better quantify the demand for pipelines in developing nations, we can take a look at demand forecasts for fossil fuels in these regions:

* China’s oil demand is expected to converge at [half of GDP growth](https://www.spglobal.com/platts/en/market-insights/latest-news/oil/011521-commodities-2021-chinas-economic-comeback-to-add-sparkle-to-oil-demand#:~:text=Oil%20analysts%20estimated%20China%27s%20oil,estimated%20at%204%25%2D6%25.), China’s natural gas demand is forecasted to [skyrocket this year](https://www.spglobal.com/platts/en/market-insights/latest-news/natural-gas/010721-commodities-2021-chinas-natural-gas-demand-set-to-hit-new-record#:~:text=China%27s%20average%20annual%20increase%20in,CNPC%27s%20think%20tank%20Economics%20%26%20Technology)
* India is anticipated to [drive global oil and gas demand growth](https://www.spglobal.com/platts/en/market-insights/latest-news/coal/020921-india-to-lead-world-energy-demand-growth-oil-to-play-key-role-iea)
* Africa’s energy consumption is expected to [double into 2035, propelled by fossil fuels](https://publications.jrc.ec.europa.eu/repository/bitstream/JRC118432/jrc118432_jrc118432_reviewed_by_ipo.pdf)

As we can see the demand for fossil fuels, by extension, pipelines, is steadily rising well into the 21st century. That said, as of yet, no American or Canadian pipeline operators have established a foothold in either India or China.

In Africa, ExxonMobil and Chevron only hold shares in the Chad-Cameroon pipeline. This case proves that it is not impossible for Western operators to gain some market share in these developing nations, however, the risk-reward payoff of expanding and staying there in the face of geopolitical uncertainty is quite unclear. If such labours do bear fruit, it is imaginable there would be an influx of Western capital to develop their infrastructure in developing nations and reward investors handsomely.

At this point, however, the expansion of operators into foreign markets is more fantasy than reality and undermines typical income investors’ desires for stable and low-risk securities.

Of course, American-Canadian pipeline operators still have much to gain from this rise in fossil fuel demand. Midstream pipeline operators in particular, which have a larger hand in exporting fossil fuels than their downstream counterparts, stand to benefit; a vast majority of the fossil fuels that China, India, and Africa use are imported- American-Canadian pipeline operators just need to be there to ensure lower costs and timely supply.

## Cash Flow/Dividends

Ultimately, in spite of all other bull cases, the appeal of pipeline stocks remains in their ability to promise steep and stable dividends.

The typical cost life-cycle of a pipeline is limited to construction and maintenance, while it produces stable cash flow for its entire existence. This process is exceedingly lucrative and allows pipeline operators to provide 7%-10% dividends- and maintain them- with little hesitation. Even though the COVID-19 pandemic, which has, as previously mentioned, seen negative futures prices, few major pipeline corporations, if any, have cut dividends.

And due to the crises plaguing the industry, pipeline stocks can be found at a discounted rate, furthering their allure.

However, in spite of these benefits, shares of pipeline operators lack both the excitement and create an opportunity cost dilemma of tripling one’s capital with cryptocurrency or short squeezes versus a safe, income investment such as pipelines.

 \---------------------------------------------------------------------------------------------------------------------------------------------------- 

# The Case Against

Despite all the benefits detailed above, it is impossible to ignore the facts; green energy adoption is accelerating faster than expected, cash flow stocks are losing their appeal, and investors are turning coat in favour of ESG. 

## An Aging Industry

Although, as discussed in the ‘Industry Oligopoly’ segment, pipeline operators are expected to gain with restrictions on new pipeline construction, there is a significant downside as well; maintenance and repairs.

As of current, it is more profitable to build new pipelines than repair old ones, partially owing to [increased labour expenditure](https://grist.org/climate-energy/fixing-old-water-and-gas-pipelines-would-create-far-more-jobs-than-building-keystone-xl/). With limits on their ability to build new pipelines, operators will likely have to cut into newfound profits to pay for additional expenses for older infrastructure.

Slowing adoption of cost-saving technologies will coincide with the reduction in new pipelines built as well.

The single largest threat to the industry, however, is the evolving power grid and accelerating green energy embracement.

While a majority of pipeline revenues do come from midstream activities for exporting fossil fuels, a large chunk of demand for oil supermajors such as [ExxonMobil](https://www.statista.com/statistics/1034945/exxonmobil-revenue-by-region-and-fuel-type/) and [Chevron](https://www.chevron.com/annual-report) is domestic- and the domestic economy is changing.

[Canada is experimenting with smart grids](https://www.nrcan.gc.ca/climate-change/green-infrastructure-programs/smart-grids/19793), which can levy excess household energy production (via photovoltaic panels and such) to fill gaps elsewhere, eliminating the need for fossil fuel facilities, consequently pipelines.

Furthermore, electric vehicle (EV) [sales](https://www.ev-volumes.com/) have crushed [forecasts](https://about.bnef.com/electric-vehicle-outlook/) and government initiatives, such as [carbon taxes](https://www.carbontax.org/where-carbon-is-taxed/), increased subsidies, and future [non-electric vehicle bans](https://carpart.com.au/blog/car-part-world-news/14-countries-banning-fossil-fuel-vehicles-norway-leads-in-2025) have facilitated an even more rapid transition.

Simply put, in the domestic market, there seems to be little consumer or governmental appetite for pipelines- and that’s something to worry about.

## Commodity Reliance

Yet, even with the emergence of energy alternatives, the domestic demand for pipelines exceeds the supply, though the clients of these projects- large fossil fuel companies- themselves suffer from volatile capital inflow, thanks to commodity markets.

Oil, and its byproducts, used to have relatively predictable pricing structures that swung seasonally. With the advent of fracking, a shift away from OPEC dominance, and a rising dollar, oil now lacks the pricing safety it once had.

As a result, banks are reluctant to finance major projects, since they fear oil supermajors, who constitute a bulk of the consumers of pipelines, and their shifting demands. That’s on top of the stresses of the government’s cancelling projects such as Keystone XL on a whim. 

Pipeline operators, therefore, don’t offer the same bastion of risk-free cash flows they once did.

Even more anxiety-inducing than current volatility is the discrepancy between long-term future forecasts; the Energy Information Administration (EIA) predicts 2050 oil prices to be anywhere from [$48/b to $173/b](https://www.eia.gov/outlooks/aeo/assumptions/pdf/international.pdf).

That uncertainty only has an upwards trajectory with the emergence of green alternatives.

Thus, reliance on commodity prices restricts financial viability for new pipeline projects, prompts investor apprehension, and is overall a major hindrance to the potential of major operators.

## Weakening Institutional and Retail Supports

Predominately on account of climate concerns and/or subsequent government actions, institutional and retail investors alike are refraining from putting their capital towards fossil fuel-attached industries such as pipelines.

For instance, Larry Fink, CEO of the world’s largest asset manager, [highlighted climate change](https://www.blackrock.com/corporate/investor-relations/larry-fink-ceo-letter) as the single largest issue to his clients. As such, he’s used BlackRock’s \~$8.7tln AUM to pressure corporations to set climate goals and [spearheaded the fight against climate change in the corporate world](https://www.nytimes.com/2021/01/26/business/dealbook/larry-fink-letter-blackrock-climate.html).

And that’s bad news for pipeline operators, who will become victims to changing, forced or not, attitudes.

Other than Fink, investing legend Warren Buffett [withdrew a $4bln investment](https://www.cbc.ca/news/canada/montreal/saguenay-lng-project-1.5486517#:~:text=Berkshire%20Hathaway%20opts%20not%20to,natural%20gas%20plant%20and%20pipeline&text=2125-,Warren%20Buffett%27s%20investment%20company%20Berkshire%20Hathaway%20has%20decided%20not%20to,plant%20by%20the%20Saguenay%20port.) in the Saguenay LNG pipeline due to political circumstances in Canada. Political circumstances born of public opinion on the matter of fossil fuels and pipelines.

As we can see, pipelines have a serious PR issue- and it’s not just pushing institutional investors away.

With the upsurge of retail investors thanks to Robinhood and other low-cost digital brokerages, it is becoming ever more essential to sustain public support, thus, capital. 

Pipelines, clearly fail to do that. Worse, even with evidence on the contrary, retail investors see pipelines as an investment in a bygone era- an industry that will die off in the next decade or so. Although it seems, factually, a false narrative, this new breed of traders seems to invest with sentiment and belief more than data or analytics.

Even more so, as previously explored, in this extreme bull market, investors are chasing rapid, easy-to-find capital appreciation more than ever; a complete departure from pipeline companies' promises of steady cash flow. There is a reason pipeline operators are among the few subsectors that have yet to fully- in terms of value- recover from the March 2020 crash.

 \----------------------------------------------------------------------------------------------------------------------------------------------------  

# Future

Regardless of challenges posed by commodities, for the near future, pipelines will likely be following their years-old playbook. Beyond that, however, opens a whole realm of possibilities. 

## Evolving Uses

Historically, pipelines were developed for the sole purpose of transporting oil. While the baseline function has stayed the same, the passenger has not.

Since then, operators have moved onwards to specializing in other types of oils, byproducts, LNG, and many other fossil fuels. Yet, the future of pipelines seems to be going green, being repurposed to transport hydrogen, water, alcohol, biofuel, sewage, liquified metals, and so much more.

Thus, contrary to popular belief, pipelines will remain an integral piece of infrastructure in the far, fossil fuelless, future.

The EU has committed to [reintegrating pipelines for hydrogen](https://www.siemens-energy.com/global/en/news/magazine/2020/repurposing-natural-gas-infrastructure-for-hydrogen.html) transfers while the Canadian government has plans to [leverage pipeline networks](https://www.nrcan.gc.ca/sites/www.nrcan.gc.ca/files/environment/hydrogen/NRCan_Hydrogen-Strategy-Canada-na-en-v3.pdf) for the same reason, attempting to make Canada the ‘hydrogen capital’ of the world. Demonstrably, even the world’s most progressive governments are backing the re-emergence of pipeline utility.

Similar effects are taking place in the private sector; the University of Alberta concluded the [viability of biofuel-based pipelines](https://www.ualberta.ca/engineering/research/featured-research-stories/a-new-kind-of-pipeline-for-biofuels.html), while the American Petroleum Institute is championing the efficient [transportation of ethanol](https://www.api.org/~/media/files/oil-and-natural-gas/pipeline/aopl_api_ethanol_transportation.pdf) via existing pipelines.

As can be seen, there is much potential, asides from volatile hydrocarbons, for forward demand and there are even more restrictions for the development of pipelines. This will result in a hard shift rightward of the demand curve, and, inextricably linked are higher prices and cash flows.

## Environmental Concerns

Even though pipelines are proven to have been the [least carbon-intensive](https://www.canadaaction.ca/reasons_why_pipelines_are_good_for_the_environment#:~:text=Pipelines%20have%20been%20shown%20to,oil%20and%20gas%20long%20distances.) way to transport fossil fuels, critics are not relenting.

Arguments range from pipelines inducing demand to being an anti-climate lobbying force, to silencing groups such as Greenpeace, to much, much more.

Most of these points aren’t particularly data-driven, however, they affect public opinion, thus shaping the way pipeline operators are performing their functions.

For example, the world’s largest pipeline operator by revenue, Energy Transfer Partners, [established the Alternative Energy Group](https://www.worldpipelines.com/business-news/15022021/energy-transfer-creates-new-group-to-develop-alternative-energy-projects/) for green energy projects; in the same vein, Enbridge has dedicated most of its capital expenditure towards [a vast portfolio of renewable energy projects](https://www.enbridge.com/about-us/utilities-and-power/renewable-energy).

This may seem like a good thing to all parties involved- the inverse is the reality for traditional pipeline investors. Though such initiatives will likely enhance company images and are followed by a limited capital appreciation of operator stocks, long-term pipeline cash flow in the form of dividends will play a diminishing role.

As an extension, current pipeline companies will compete with a larger population of younger, more exciting firms for investor attention rather than fulfilling the criteria of an income-generating safe-haven. The matter of fact is that wind and solar farms just don’t guarantee the same level of capital inflow as pipelines and are a much more competitive space.

It isn’t all doom and gloom with the environment, though. The forceful diversification of pipeline operators will mitigate against commodity price swings and allow retail investors to adequately plan their retirements without worrying about a holding such as pipelines going under due to any number of unexpected factors.

Another consideration when examining the dichotomy between pipelines and the environment is the question of abandoned pipelines. Previously, we touched upon the cost of repairing a pipeline versus developing a new one and determined that constructing a new one was exceedingly beneficial for revenue generation. This cost analysis has lead to, alongside the transition of pipeline operators to supposedly greener pastures, a collection of deserted pipeline infrastructure, too broken to reuse, and leaking ages-old greenhouse gas emissions.

Recent government inquiries across Europe and North America have led to the determination that, much like with abandoned oil wells, industry leaders (ExxonMobil, BP, Suncor for oil wells, Energy Transfer, Enbridge, Enterprise Products for old pipelines) should be paying for the fulfillment and plugging of such pipelines.

Although this isn’t yet a consensus, it is a development to pay attention to, as the cost for eliminating GHG emissions from abandoned pipelines looks to be astronomical, at least if it’s anything near the [$280bln](https://www.tgs.com/well-intel/well-intel-abandoned-wells-how-big-is-the-problem-and-what-can-be-done) to plug all onshore American oil wells.

## Emerging Markets

We dissected this topic at great length when considering ‘Opportunities for Growth’, so, this sub-section will be rather concise.

Despite the fact that the emerging economies of today endorse protectionist policies- with the two largest emerging markets (India + China) publicly controlling all their pipeline infrastructure- there remains significant reason to be optimistic about expansion into new markets.

Asides from the earlier deliberation on increasing exports (of which midstream companies stand to benefit most) in emerging markets, traditional regional energy providers, such as Saudi Arabia, Russia, and Iran, are all followed with negative geopolitical connotations. Consequently, blocs, such as the EU are increasingly looking to the US or internally to develop pipelines, countries in Africa and Eurasia are leveraging state-owned enterprises for new pipelines, and ultimately, when these nations inevitably undergo economic liberalization, American and Canadian operators have the most to gain.

All this is speculation, based on historical economic trends, but still speculation. It remains to be seen if this will become anything but.

 \----------------------------------------------------------------------------------------------------------------------------------------------------   

# Conclusion

In defiance of all the economic, political, and environmental challenges, I stand by my unstated hypothesis that pipeline operators will remain a safe and simple way to ensure steady cash flow for decades ahead. 

Most fundamental issues with pipelines have actually been boons to established pipeline operators, such as environmental regulation allowing large companies to exercise near oligopoly power over competitors, or commodity price unpredictability leading to unprecedented consolidation.

Moreover, the data just works out in favour of large pipeline corporations; oil and gas demand is increasing, demand for pipelines outside fossil fuels is increasing, ability to construct new pipelines in mature markets is decreasing, fossil fuel exports are only going up, and on and on. The point here is that the future of the pipeline industry lies within the most fundamental economic principles of supply and demand, which are going opposite ways and thus leading to record potential cash flow for pipeline operators, which will go relatively unhindered by price hikes for carbon taxes and whatnot.

**Conclusion:** Pipeline companies are an excellent investment, especially at their current, underpriced levels (<15 P/E), to guarantee cash flow for decades to come.

 \----------------------------------------------------------------------------------------------------------------------------------------------------    

# Summary

For those in a hurry, or just too lazy to read the three thousand words above, here’s a rundown of what we discussed in three hundred words:

**Bull Cases**

* With increasing government regulation, it is becoming difficult to establish new companies and pipelines, increasing the value of existing operators, especially as demand increases
* The wider trend of consolidation and efficiency due to volatile commodity prices and new technologies
* Demand for fossil fuels is growing exponentially in developing nations; midstream companies stand to benefit
* Economic liberalization is allowing Western operators to gain a foothold in emerging markets
* Pipeline stocks have high yields and are on sale right now

**Bear Cases**

* Restrictions on building new pipelines mean more repairs for old pipelines, which is much costlier than just building an improved one
* Green energy adoption is accelerating faster than expected which will cut into domestic midstream revenues
* Carbon taxes, cap-and-trade, and so forth will cut into the bottom line for operators
* Oil is losing its pricing safety thanks to a weakening OPEC, a rising dollar, and fracking
* As a result, banks are hesitant to finance pipeline projects
* There is uncertainty about the long-term price of oil, projected to be anywhere from $48/b-$173/b
* Institutional and retail investors are shying away from pipeline projects (See Warren Buffett and Larry Fink) due to public opinion and government resistance

**Future Outlook**

* The demand for pipelines is moving away from the fossil fuel industry exclusively; they have started looking at ethanol, hydrogen, sewage, and many other liquid/gas transports
* This idea has government backing
* Pipeline operators are moving away from pipelines- this could bite into cash flow and replace it with limited capital appreciation
* Established pipeline companies may be taxed to plug up abandoned pipelines
* Western companies have the most to gain from increased globalization, from a decade of protectionist policies

**Conclusion**

Pipeline companies are an excellent investment, especially at their current, underpriced levels (<15 P/E), to guarantee cash flow for decades to come.

 \----------------------------------------------------------------------------------------------------------------------------------------------------  

  

*Obligatory Disclaimer: I don’t have any shares in any pipeline stocks or ETFs as of the date of publishing*

Thanks for reading! If you have any constructive criticisms (need more quantitative analysis? Should I look at specific companies? etc.), ideas for future analyses (I’m thinking of taking a look at crypto, private equity, or maybe some individual companies), or anything else to say, feel free to tell me.

Depending on interest, I may create a poll to pick my next topic",Russia,Russia,available,False,False,True,True,True,False,True,russia_conflict_financial,path_russia_conflict_financial
mfbyli,2021-03-28,investing,Investing in Helium - DMEHF DD," **Investing in Desert Mountain Energy (DME.V, DMEHF)**

Due Diligence

**Why Helium?**

* Helium is a Non-renewable, non-synthesizable element that is an irreplaceable component of many growing, high tech industries - MRI magnetics, cloud storage, rocketry, semiconductors, nuclear power, and fiber optics, just to name a few. When used as a coolant and in many manufacturing aspects, there is no substitute.
* Helium is rare on Earth. It is only obtainable by drilling for gas reserves in very particular parts of the world.
* Helium is a $10+Billion industry with a CAGR of 4% (2018 prediction) - 11% (2020 prediction) (sources conflict as the Helium industry is highly concentrated currently with little transparency). Helium overperformed 2015 future-looking estimates by 150%.

**Why Now?**

* Demand has exceeded supply for years, and prices have continued to balloon: [https://imgur.com/a/QgUrnCf](https://imgur.com/a/QgUrnCf)
* The United States Bureau of Land Management (BLM) has been a major player in the Helium industry, accounting for nearly 20% of the global market. However, it was directed to privatize starting in 1996 and will be ending the majority of activity in 2021 having exhausted storage that has existed since the ‘60s, leaving a void in supply. **It’s not every day that a 20% player in an industry just exits the market.**
* Nearly all helium production today comes as a by-product of Natural gas extraction (constituting <1% of gas extracted). The move away from carbon fuels may further constrain helium supply as a consequence.

**Why Desert Mountain Energy (DME)?**

* DME is one of the only companies concentrating exclusively on helium production.
* DME operates in Arizona - the same area the US BLM found mining success in.
* Strong, experienced company leadership that have led multiple mining projects.
* Good financials (see below) and solid plan that is progressing - tens of thousands of acres procured for drilling and refining.
* DME is far ahead of all of the other helium-specific mining operations that are just starting to catch on (RHC, Helium One), and in a much better location.

**Why is Arizona Important**

* Test wells have shown tremendous yields, with the first test well showing 7% He and 24,000+ mcf (thousand cubic feet) gas flow per day.
* DME has hit significant Helium on 3/3 test wells drilled.
* Shipping and selling locally is important as gaseous helium can escape storage over time. Local industries include everything from SpaceX to Intel, which recently announced a $20B project to build semiconductor factories close to DME’s property.
* Other major helium players globally are in less stable locations or locations that don’t have strong US relations: Algeria, Qatar, Russia.
* The majority of land DME holds is private, meaning less regulation and quicker time to market.

**Financials and Plans**

* Strong cash on hand via private placement rather than private debt. $13M. Cash on hand used to procure land for both drilling and processing, and for equipment and transportation.
* Initial production and revenue generation starts this year. Getting 6 wells running by the end of year will cost $45M total over the lifetime of the wells, while the wells will generate this value in 18 months or less.
* Current market cap \~$128M, with the vast majority of retail/private ownership.
* Helium is extremely profitable once the operation is up and running. Analysts at Cormark expect DME to operate at 85% net of operating expenses.
* The first test well drilled has an overall valuation of $250M+ over a 10 year timespan based on static recent Helium prices. DME plans to drill 60 - 70 wells over this timespan. Even at conservative yields, we can expect order of magnitude increases to their revenue and market cap over the next decade.
* DME plans to process Helium and concentrate on high-grade Helium which has much higher yields than bulk helium (and is less or irreplaceable in its uses, such as cooling), further specializing operations.
* DME has other projects/holdings - namely land in OK for an oil play, but is concentrating on helium in Arizona right now.

**What’s Next?**

* Test results from wells 4-6 coming in the next few months
* Revenue and contract information towards the end of year.
* My opinion is that It’s entirely possible DME is acquired by a high-usage player local to the Arizona area.

**Risks?**

* Governmental effects, both nationally and locally. For example, the US leveraged helium politically by restricting exports to China in 2015, and if prices were to get out of control they could reverse course on privatization, though there are no indications of this now. (Quite the opposite, actually).
* Locally, the city of Flagstaff was granted a restraining order on DME to prevent drilling on one testing site due to concerns about the local water table (though misleadingly claimed they were fracking, which they are not). The vast majority of DME’s land is procured on private sources away from Flagstaff and is unaffected by this.
* Flow rates could be less successful at their other drill sites. I’ve been very conservative due to this in my future valuation calculations.
* There is barely any institutional ownership of the stock, which could be good or bad depending on which resources you consult.
* Other global supply coming online in the coming years. Largely in areas without close trade ties to the US, and offset by DME’s domestic concentration.
* A large player could ramp up supply to specifically push out the little guy. This would be difficult though. Since other helium production is a by-product of natural gas, this would mean flooding that primary market, which would have harsh consequences.

**My position**

* 2100 shares, continuing to add.
* IMO, this is a long term hold (3 - 5 years), not a short term flip. Expect volatility around this year’s catalyst events. Very conservatively I see this as hitting $20/share over this timeframe.
* Disclaimer: I do not provide personal investment advice and I am not a qualified licensed investment advisor. I am an amateur investor. All information found here, including any ideas, opinions, views, predictions, forecasts, commentaries, suggestions, or stock picks, expressed or implied herein, are for informational or educational purposes only and should not be construed as personal investment advice. While the information provided is believed to be accurate, it may include errors or inaccuracies. I will not and cannot be held liable for any actions you take as a result of anything you read here. Conduct your own due diligence.",Russia,Russia,available,False,False,True,True,True,False,True,russia_conflict_financial,path_russia_conflict_financial
t9reb4,2022-03-08,StockMarket,Airline Stocks Drop Due To Surge In Fuel Prices Driven By Russian Invasion,,Russia|Russian|invasion,Russian|invasion,blank,True,False,True,True,True,False,True,russia_conflict_financial,path_russia_conflict_financial
t9zleo,2022-03-09,stocks,U.S Politicians Loaded Up on Energy Stocks Right Before the Russian Invasion,"Numerous politicians bought energy plays BEFORE their run ups, and general discussions on banning Russian oil.  Many are on committees privy to private information, including Defense and Energy.  Many had not purchased energy plays before. 

Just Some Examples: 

Marjorie Taylor Greene bought American oil stocks, $CVX, war stocks, $LMT, and renewable energy stocks, $NEE, ONE DAY before the invasion and also tweeting:  ""War and rumors of war is incredibly profitable and convenient."" 

Robert Wittman bought $XLE (energy ETF) on January 28, 2022.  

Mark Green (who frequently invests in energy stocks) recently bought up to $1M in $ET (Feb 9, 2022) and over $1M in $ENLC (between Feb 9-18, 2022). 

Virginia Foxx bought $PAA, $PPL and $PSX on February 15, 2022 (energy stocks), which was reported today. 

What are Peoples Thoughts On This?

Should Trading And Individual Stock Purchases from Politicians Be Allowed?",Russia|Russian|invasion,Russian|invasion,available,False,False,True,True,True,False,True,russia_conflict_financial,path_russia_conflict_financial
twl8fa,2022-04-05,investing,is this a bear case for oil.,"Russia is offering India Ural grade oil at $35 per barrel and it's unlikely that the US will be able to sanction India for buying Russian oil if it can't prevent Europe from buy Russian gas.

India is one of the world's largest importers of oil. It produces less than 20% of the oil it consumes and last year imported just 2% from Russia.  In 2021, the US was among it's biggest suppliers. With Brent at $100+ in 2022, it seems like a no brianer to me that India will increase it's consumption of $30 Ural oil while reducing it's purchases of Brent.

At 4.5 million barrels a day, if India substitutes just 10% of their consumption of Brent with Ural that would add half a million barrels of oil back in the western markets.

Expanding the case to China which imports 7.5 million barrels of oil mainly from The Saudis and Russia. Again at $35 it would be unlikely that China won't substitute Arab Light with Ural. Again as a base case China taking in additional 10% would put 750k barrels of OPEC oil back on the market.

On a high level,   I see one clear difference between the gas crisis of the 70s and vs today. There isn't actually a lack of oil.  The supply chain issue combined with sanctions has created an inefficiently in the market but this will eventually even out as state actors with leverage take advantage of the arb. 

Tell me why I'm wrong",Russia|Russian|sanctions,Russia|Russian|sanctions,available,False,False,True,True,True,False,True,russia_conflict_financial,path_russia_conflict_financial
11p1txq,2023-03-12,StockMarket,U.S. Steel Research and Valuation,"## TLDR: U.S. Steel is significantly overvalued because they are not able to reduce capital expenditures and are sensitive to economic conditions. IV is $277 million, company trading at $6.53 billion.

## History

U.S. Steel (USS) was founded in 1901 by Andrew Carnegie. It was at one point the largest company in the United States, credited with being a key driving force behind much of the development in the early 20th country in North America. Their product has notably been used to construct the Willis Tower, the United Nations building, NASA’s vehicle assembly station, the New Orleans Superdome, among many other iconic structures.

They weathered the great depression by shifting towards consumer oriented production intended for use in household goods, as well as modernizing despite the economic conditions. During World War 2, USS’s steel was used in the construction of ships, tanks, planes, and weapons. The company we see today was formed by a public offering and split of two companies in the early 2000’s.

Strategic acquisitions in 2003 and 2007, despite a tough steel industry, allowed USS to grow its capabilities. In 2018, they began an initiative called “Best of Both”, which is purposed to better serve customers with integrated and mini mill steelmaking technologies. In 2021 they announced the renaming of the initiative to “Best of All”, and added improvements to their environmental policy.

Today, they have operations in the U.S and Europe. They are the 20th largest public steel company in the world with a market cap of $7.1 billion. As with almost all commodity businesses, we must consider operational costs and recurring investments. Steel requires steep capital expenditures, and comparing changes in these values to company decisions can be one factor determining if the company employs capital rationally.

They have an entire website dedicated to one of their facilities polluting Pittsburgh,[ https://pghcleanair.com/](https://pghcleanair.com/). In Pittsburgh alone they have been fined 6.65 million in the past 9 years. Social media posts about the company are overwhelmingly unfavorable, mostly citing unfavorable opinions about management and an abysmal environmental record.

## Description

The current company has a production **capability** of 22.4 million tons. Their typical customer is in the automotive, construction, consumer packaging/appliance, electrical, industrial, or energy field. The four segments of the company are:

\-  Flat rolled

\-  Mini mill

\-  Tubular

\-  European operations

Flat rolled is averaging 67% of capacity, producing 8.8 million tonnes last year. Mini mill is averaging 80% capacity at 2.7 million tonnes. European operations produce 3.8 million tonnes at 76% capacity. Tubular is averaging 70% capacity at 634 tonnes. This amounts to a total utilization of 71%.

The “Best for All” strategy the company is urgently using as their mantra boils down to cutting costs and gaining competitive advantages.

David Burritt has been CEO since 2017. He is optimistic for a company generally considered to be in decline. Only half of the company thinks he is a good CEO. To set the stage, steel prices increased at the beginning of 2021, and remained at a level above 50% of the previous for almost the entire year. He described declining business in 2022 compared to the record year of 2021. Prior to the war, they bought inputs from Russia and have since been purchasing from other sources.

## Finance

In the 2010’s, USS struggled to stay profitable. The past two years have been exceptional. Assets have nearly doubled and the company has built up a sizable cash position, despite the shortfalls of management, the company is in a favorable position. Good times come to an end, revenue is down 20% from last quarter, and net income is down over 80%, due to the company inability to keep COGS at a competitive relationship with revenue. The current financial results are indicative of the pre 2021 bump. The recurring, high, and predictable capital expenditures of the company should be considered part of operating cash flows. They have only had three years of positive return on equity prior to 2020 and following 2010.

The randomness of the capital expenditures and recurring large costs creates a strange situation. The company performance cannot be determined from looking at one-year cycles, instead the horizon must be extended to explain why some years the company has exceptional earnings. Instead, we must look at the balance sheet structure, and long-term averages to understand the direction of the company.

Significant implications can be drawn from U.S. Steels performance in 2007-2008. 2007 was a record year, and the company experienced a 50%+ drop in revenue. Net income went from over $2 billion to $1.4 billion in the red. A run up on assets before 2008 was almost symmetrical to the slow bleeding experienced after, 2004 and 2014 have similar looking balance sheets. The company issues share and was forced to reduce investment. The company was in a fight for its survival, and the actions to prevent catastrophe had long term consequences. The company is extremely exposed to economic volatility, and revenue fluctuates but does not show promising long-term growth. This is a mature company.

|Metric|Most Recent Value|30-year average|
|:-|:-|:-|
|ROE|25.5%|3.7%|
|ROA|14.2%|1.8%|
|Profit Margin|12%|0.8%|
|D/E|0.39|1.07|
|Net income per employee|$111,000|$9,000|

&amp;#x200B;

The company is in an exceptional position. There is a possibility for them to return tremendous value to shareholders, but there is also the possibility that the company attempts to grow their operations where it is clearly not in their best interests to do so. If there was a single action that this company should do, it is to reduce capital expenditures, which is the highest utility, both to the shareholders and the company’s future outlook.

What is certain is that the company will not see years like 2021 and 2022 in the foreseeable future. In constructing the DCF, we must account for the current position by making a positive adjustment. The company cash flow is trending downwards without the past two years, but slightly upwards with one. The premium for high performance in the past two years will be to assume the ability to increase free cash flow slightly in the next ten years, at a rate of half a percent yoy. Assuming we use the $28 million recommended by taking the average if the past (highly cyclical) decade, and using our half percent growth rate, and a decaying risk free rate from 4% to 0% over 10 years (a relative mean reversion to target inflation), we reach an **intrinsic value of $277 million**, which is less than 5% of the market value.

U.S. Steel is significantly overvalued, and they struggle to improve cash flows because they are unable to reduce capital expenditures. The fallacy of the current company standings encourages conservative investors who do not do in dept research. Unless there is a technological breakthrough in steel fabrication, this company will not improve their intrinsic value.",Russia,Russia,available,False,False,True,True,True,False,True,russia_conflict_financial,path_russia_conflict_financial
11ruxxa,2023-03-15,StockMarket,"Stock Market Today (as of Mar 15, 2023)","Last night, the three major US stock indexes fluctuated and closed higher, with regional banks rebounding and semiconductors leading the market. At the close, the Dow Jones rose 1.06%, the Nasdaq rose 2.14%, and the S&amp;P rose 1.65%.

The yield on 10-year US Treasury bonds rose 3.754% to close at 3.676%, with a spread of -56 basis points compared to the yield on 2-year Treasury bonds. The VIX fell 10.52%, Brent crude oil fell 3.78%, and spot gold has been on an upward trend since November 2022, but it fell 0.51% yesterday to $1903.8/ounce. The US dollar index continued to fall from its high, closing at 103.67.

The US CPI has risen steadily in February due to the high cost of rent, with a month-on-month increase of 0.4% and a year-on-year increase of 6.0%, which is in line with expectations. There is uncertainty among economists as to whether the increase in inflation will be enough to push the Fed to raise interest rates again next week, especially after the bankruptcy of two regional banks. Some economists, including Goldman Sachs, predict that the Fed will pause the current fast monetary policy tightening cycle since the 1980s to avoid the spread of the banking crisis, while financial markets still expect the Fed to raise interest rates by 25 basis points. CME's ""Fed Watch"" reflects the mixed opinions among economists regarding the Fed's next move.

The Wall Street Journal reports that the US Department of Justice and the US Securities and Exchange Commission are investigating Silicon Valley Bank's information disclosure and executive trading. Signature Bank is being sued for providing false statements to customers, and a proposed class-action lawsuit aims to obtain compensation from the bank. Moody's has stated that the operating environment for the US banking system is quickly deteriorating, with a negative outlook.

The US military has accused a Russian fighter jet of intercepting and destroying a US drone in the Black Sea. The US government has notified its allies and is in direct communication with Russian officials to express its opposition to the incident. The Russian ambassador to the US has been called in for discussions. The Russian side denies the allegations and claims that the drone was not deliberately targeted and lost control due to a sudden maneuver.

**Trending Stocks**

[**First Republic Bank(FRC)**](https://www.ainvest.com/stocks/NYSE-FRC/)

&amp;#x200B;

https://preview.redd.it/3fmgnwrjcwna1.png?width=1213&amp;format=png&amp;auto=webp&amp;v=enabled&amp;s=6ac790e161c5794472f5c34b407be6e637538e30

FRC, which was down 61.83% on Monday, was up nearly 28% yesterday, and traded up another 8.45% in the post-market.

[**Western Alliance(WAL)**](https://www.ainvest.com/stocks/NYSE-WAL/)

&amp;#x200B;

https://preview.redd.it/6oprt4ekcwna1.png?width=1219&amp;format=png&amp;auto=webp&amp;v=enabled&amp;s=2debd80728d49e2d01748f3b81e518d0617eebed

WAL, down 47.06% on Monday, was up over 14% yesterday and up another 6.80% after close. Wells Fargo reiterated its overweight rating on the stock, while lowering its price target to $65 from $90. Still, the new price target implies 148.9% upside from the stock’s Monday closing price of $26.12.

[**PacWest(PACW**](https://www.ainvest.com/stocks/NASDAQ-PACW/)**)**

PACW, was down 21.05% on Monday, up nearly 34% yesterday while it was down 3.75% after close.

&amp;#x200B;

https://preview.redd.it/48pmqralcwna1.png?width=1227&amp;format=png&amp;auto=webp&amp;v=enabled&amp;s=22670c5b9c5253251f950aaa3bf2d363b8b93372

Despite the recent failures of several banks, the new CEO of Silicon Valley Bank reassured customers that the bank is still in operation and conducting business as usual. The bank's domestic operations in the United States are unaffected, and cross-border transactions are expected to resume soon. The FDIC has transferred deposits and assets from the former Silicon Valley Bank to a newly established transitional bank, which is now being operated by the FDIC.

[**Tesla(TSLA)**](https://www.ainvest.com/stocks/NASDAQ-TSLA/)

&amp;#x200B;

https://preview.redd.it/dvefmz3mcwna1.png?width=1230&amp;format=png&amp;auto=webp&amp;v=enabled&amp;s=47f68aabf3bc397f26c6fa07d49698736250236b

Tesla's stock went up by 5.03%. Tesla is hiring more employees at its Austin factory to speed up production of the Cybertruck. Elon Musk tweeted that reports of Tesla ending its partnership with BYD are untrue, and that their relationship is positive. The US Secretary of Transportation criticized Tesla on Monday for naming their driving assistance system ""Autopilot"", saying it does not make sense.

[**Meta Platforms(META)**](https://www.ainvest.com/stocks/NASDAQ-META/)

&amp;#x200B;

https://preview.redd.it/8wbw95rmcwna1.png?width=1216&amp;format=png&amp;auto=webp&amp;v=enabled&amp;s=a0fe2baaf8fa8c576d651fbed6cc5eeb3567d1b2

Meta saw a 7.25% increase in stock price and is planning to cut around 10,000 jobs and halt recruitment for approximately 5,000 positions.

[**Microsoft(MSFT)**](https://www.ainvest.com/stocks/NASDAQ-MSFT/)

&amp;#x200B;

https://preview.redd.it/2qve8whncwna1.png?width=1236&amp;format=png&amp;auto=webp&amp;v=enabled&amp;s=c14b42895ca0e56226d8e3b18d45b0aa872bf4b3

Microsoft's stock increased by 2.71%. The Vice President and Chief Marketing Officer for Consumers announced that Microsoft's Bing ChatGPT daily chat limit has been expanded from 120 to 150. Plus subscribers of ChatGPT can now use GPT-4, which supports advanced reasoning, complex instructions, and increased creativity. However, the usage is limited to 100 messages every four hours. OpenAI has recently released GPT-4, the latest AI text model, which outperforms 90% of humans in lawyer exams, compared to only 10% in the previous version, GPT-3.

**Opportunities**

Last Friday, [**Silicon Valley Bank**](https://www.ainvest.com/stocks/NASDAQ-SIVB/)**,** which provides loans to major players in the technology industry, became the biggest bank to fail since the financial crisis of 2008. To avoid a crisis in the wider banking system, regulators abruptly closed Signature Bank on Sunday night. The rapid closure of both banks has caused shockwaves throughout the technology industry, Wall Street, and Washington. Here are the companies that could be affected by the shockwave from SVB's bankruptcy. [**SVB Bankruptcy Stocks**](https://www.ainvest.com/screener/svb-bankruptcy-stocks/)

.

ChatGPT has been so popular in recent days. In short, ChatGPT is “an AI-powered chatbot developed by OpenAI, based on the GPT (Generative Pretrained Transformer) language model.” Many big tech players (Google, Microsoft, Alibaba, Baidu) has participated in the field, along with small firms (C3.ai, Zhihu). For instance, C3.ai has an impressive return of 133% last month. Check out below for a complete list of ChatGPT concept stocks. [**ChatGPT Stocks**](https://www.ainvest.com/screener/screen?q=chatgpt)

Every day there are plenty of opportunities happen before market open. The preset screen, [**Pre-Market Change Stocks**](https://www.ainvest.com/screener/pre-market-change-stocks/), provides you the list of pre-market opportunities that are selected by our well-experienced analysts and AI analysts.",Russia|Russian,Russian,available,False,False,True,True,True,False,True,russia_conflict_financial,path_russia_conflict_financial
11z6z43,2023-03-23,stocks,What is the next big bang obvious investment theme?,"Most of the big market moves for the last several years can be examined in hindsight, and you can see they were pretty obviously telegraphed.  

Examples... Nvidia low $100's when AI hype was just starting to build.  Netflix $160 when hype about their ad tier pivot commenced.  Treasuries, early 2022 on furious rate hike demand/spec.  Energy, on Russia's launching another terrorist invasion campaign.  Cryp+o demise.  Banks, late 2022 on panic in European and other outlier institutions. FB first admitting metaverse was silly and backburnering it. 

I'm guilty of sometimes looking at these early narratives and finding them perhaps too obvious, and then being too cautious or contrarian. 

So what is your current narrative that we'll be looking back at, that sector or stock that's about to do 80% over 6 months and we'll be slapping ourselves saying ""of course we should have seen that, it was obvious""",Russia|invasion,Russia|invasion,available,False,False,True,True,True,False,True,russia_conflict_financial,path_russia_conflict_financial
12dmref,2023-04-06,investing,"On the dollar, reserve currency, gold, BRICS, etc","Seeing as we had another post with a very dismissive attitude towards all things in this area I thought I'd chime in the way I see it: There's two sides pushing opposing views and nothing in the middle.

A few months ago I saw some goldbug types tweeting (what I thought were) interesting numbers regarding central banks gold reserves over the years. This was after Russia attacked and the war had started. The US went to work fucking Russia's life up as best they could (not a political statement) and the rest of the world seemed to react to this display of power from the US kinda like ""oh shit, they can just freeze our reserves"" or so the narrative along with the posts went. 

A January article:
>Central banks added a whopping 1,136 tonnes of gold worth some $70 billion to their stockpiles in 2022, by far the most of any year in records going back to 1950, the World Gold Council (WGC) said on Tuesday.

>The data underline a shift in attitudes to gold since the 1990s and 2000s, when central banks, particularly those in Western Europe that own a lot of bullion, sold hundreds of tonnes a year.

~ https://www.reuters.com/markets/commodities/central-banks-bought-most-gold-since-1967-last-year-wgc-says-2023-01-31/

A gold bug dude Ronnie Stoeferle tweeted this report which had a detailed history of how the dollar came to be reserve currency and why this sucks for everyone else: https://ingoldwetrust.report/wp-content/uploads/2022/05/In-Gold-We-Trust-report-2022-english.pdf


There's talk of the BRICS maybe doing something but that suddenly explodes with news stories kinda coming out at an accelerating pace regarding trade in yuan etc.

Lots of twitter accounts posting things like ""The dollar isn't losing itsposition as reserve currency, gtfo you idiots"" and there seems to be a dismissal of some facts here where literal history is made when trade is setttled in non dollars.



So before you pick a side of this whole story get some extra information on why each side is saying what they're saying. Personally don't think the dollar is going anywhere for many years but I do think change is happening in that way where, you'd look back and say it happened slowly and then all at once.

That change could just be a decline in % of world trade to half. It could be anything. The BRICS guys need to be careful about handing China the same power the USA has with their currency but it looks like China is playing them all really well. 

But please do remember the USA is indeed in a position of exorbitant privilege when disucssing, I hate when there's ignorance of historical context in these discussions. 


disclosures : Not a gold bug myself. Have like 5% of my money in a gold miner tho. Live in a BRICS country (the S). Have couple % in a China ETF. Small money at that. I'm poor.",Russia,Russia,available,False,False,True,True,True,False,True,russia_conflict_financial,path_russia_conflict_financial
18iskvy,2023-12-15,stocks,"Question about taxes: What to do with a russian stock (YNDX), which I cannot sell due to sanctions?","I own 2 shares of YNDX in my RothIRA and 30 stocks in my regular trading account with Schwab. As a result of sanctions, I am unable to sell them.
What are my options now?  How can I report the loss in my taxes for this year without removing this stock from my account?

I can find out what I paid for this stock.",Russia|Russian|sanctions,Russian|sanctions,available,False,False,True,True,True,False,True,russia_conflict_financial,path_russia_conflict_financial
18l7zzv,2023-12-18,investing,"I'm a professional money manager and these are some of my notes from premarket 18/12. Some of what I am watching may be relevant to our active trading strategy, but hopefully there is value in here for your strategy too.","Note: My original notes have a few images, but not sure how to include them here. Am new to posting on Reddit, go easy.  
**What happened on Friday?**

* It was option expirations so bit more volatility in the market. Williams made comments that walked back some of Powell’s dovishness, saying the Fed isn’t really talking about rate cuts. This pushed the dollar higher, bond yields higher, and AUD fell. Some of the big gainers from Thursday pared gains as Williams undid some of Powell’s optimism. Volume came back into FAANg stocks which had lagged on Thursday. 
* Market had ben at 4740 in premarket, came back to test close to 4700, before pushing higher from there. Nasdaq fell and tested 16,600. 
* In end, another record high close for Dow, 52 week high close for SPX, but marginally vs Thursday.   
———————  


**TODAY’s DATA:**  
**GERMAN IFO BUSINESS CLIMATE REPORT**

* Came in marginally more pessimistic than expectations, and more pessimistic than the last couple of months. 
* Business climate report came in 86.4 vs 87.8 expectations
*  IFO expectations came in 84.3 vs 85.9 expectations.   


**US - NAHB Housing Market Indx (Dec)**  
COMES OUT AFTER MARKET OPENS.   
——————  
**PRE MARKET MOVEMENT:**  


* US MARKETS PRETTY FLAT IN PREMARKET.   
COMING OFF LONGEST WEEKLY WIN STREAK SINCE 2017.   

* GER40  
Construction and materials sectors were down 1.2%  

* CSI50 - Chinese market, hit another low. Now 6% below covid lows.  
NOTE: CHINESE MARKET, UNLIKE Hong Kong, HASN’T PARTICIPATED IN ANY OF THE RALLY POST FOMC YET. SKEW IS STARTING TO LOOK LIKE REVERSAL THOUGH  

* ASIAN MARKETS LOWER, BUT South Korea MARKET HIGHER, AS DEFENSE STOCKS LED HIGHER, IN RESPONSE TO North Korea MISSILE LAUNCH ON JAPAN.    

* US bond yields slightly lower in premarket, paring some of the gains from Friday following Williams comments. Still moving lower on Rate cut optimism.   

* OIL lower slightly after pushing up by 4.2% since Powell’s dovishness. Some slight price correction. Was initially higher on Red Sea uncertainty, nothing in fundamentals has changed.   
NOTE: GOLDMAN DID CUT OIL PRICE FORECAST ON STRONG US SUPPLY. RSI recovered from 32 to 40. Still stuck in downward channel (Tried to include image here).   
￼
* VIX at 12.55, opened slightly higher today after closing at 12.25  
——————  


**OPTIONS insight INTO MARKET POSITIONING:**   


* OPTIONS MARKET - CALL RESISTANCE MOVED UP FROM 4700 to 4800 AFTER OPEX - THATS BULLISH
* PUT SUPPORT AT 4400
* TOTAL GEX 4308.05m 
* HVL, separating positive and negative GEX is at 4595.   
—————— 

**FX:**  


* Yen pares some of its recent gains ahead of BOJ decision - profit taking 
* Dollar slightly lower, mostly flat 
* AUD higher 
* GBP started selling off a bit after European market opened  


**———— FAANG NEWS (CAN MOVE MARKETS) —————**   


* AAPL down slightly in premarket on reports that China is widening/accelerating their iPhone ban across government and state firms.   

* TSLA - Another major car maker, this time Audi, pushes back on further EV rollout. This follows GM and Ford doing same thing.   

* AMZN - Workers at logistics centre in Spain plan 3 day strike on wages  

* AMZN - strikes deal with Games Workshop to make Warhammer come to screen with films  

* NETFLIX - Monzo data shows a spike in Netflix subscriptions after password sharing crackdown.   


**———— COMPANY SPECIFIC NEWS —————**   


* X - Nippon Steel, a Japanese firm, will buy US steel for $15bn. Thats, 55 dollars per share, 40% above spot price. Trading higher in premarket.   
CLF - moving in sentiment with X, and also because they won’t be the ones buying X.   
Other Steel stocks also higher  

*  BLNK - higher after hedge fund Citadel discloses a stake in the EV charger company  

* AFRM - Morgan Stanley downgrades to Underweight from equal weight, with PT of 20, 50% down from spot price (down 5% in premarket)  

* ROKU - downgraded at Seaport Global to sell form Neutral, price target of 75 (down 22% from spot price)  

* NIO - gets big investment from Abu Dhabi based firm, $2.2b. Up in premarket, can drag XPENg and other Chinese EVs higher.   

* AMD - Goldman raises price target to 157, up 13% from spot price.   

* UBER - joins the SPX 500 today.   
JBL and BLDRS too.   
ALK, SEDG and SEE DROP OUT. This news has been priced in before though as pre-announced. But the rotation happens today.   

* SNAP - GUGGENHEIM upgrades to buy from neutral, despite it being up 100% since October. Pric target 23 is 35% above spot.   

* LUV - got hit with a $140m penalty for thier 2022 holiday season problems.   

* SHIPPING STOCKS HIGHER on Red Sea DISRUPTION. SUPPLY RESTRICTION = PRICE OF SHIPPING HIGHER.   

* IBM - will buy Software AG’s enterprise integration platforms for 2.3b  

* HOOD - wooing wealthier clients from bigger brokerages.   

* ADM - downgraded BMO Capital, cut to market perform from outperform, price target 6.6% above spot.   

* SHOP - downgraded at JMP securities to market perform from outperform  

* TENB - Needham maintains at buy, price target 52 (18% above spot)  

* ILMN - higher after their decision to divest their cancer test maker, Grail. Grail has been a problem for them from anti trust perspective  

* SOLAR STOCKS ARE GENERALLY LOWER, PARING SOME OF THE GAINS FROM LAST WEEK, JUST NORMAL PRICE CORRECTION TO BE HONESt,  
——————  


**GENERAL NEWS HEADLINES & RESEARCH:**  


* MESTER HAWKISH COMMENTS - similar comments to Williams on Friday. Next phase isn’t about when to cut, but is about how long to keep monetary policy restrictive.   
“Markets are a bit ahead of Fed”  
NOTE: MESTER IS A NOTORIOUS HAWK ANYWAY THOUGH.   

* CHINA A50 SKEW VS LIQUIDITY  
￼If we look at China a50 performance vs recent liquidity boost as result of China stimulus measures, we see there is potential for China A50 to push from here soon.   

* CHINA’s CENTRAL BANK ALSO INJECTS A RECORD 112B INTO FINANCIAL SYSTEM, SAYS BLOOMBERG.   

* GOLDMAN RAISES THIER 12 MONTH SPX TARGET TO 5,100 - Main reason is the good drop in inflation, and the dovish pivot in Fed which will cause yields to drop.   
NOTE: THEY RAISED IT IN LESS THAN A MONTH FRM 4700 TO 5100 (because of FOMC)  

* GOLDMAN ALSO CUT OIL PRICE FORECAST ON STRONG US SUPPLY.   

* Bank of America IS EXPECTING FED TO DEVLIER FOUR 25BPS CUTS IN MARCH, JUNE, SEPTEMBER, DECEMBER. Quite optimistic.   

* GOOLSBEE YDAY REITERATED RATE DECISIONS DEPEND ON DATA, MEETING BY MEETING APPROACH - no significance to these comments.   

* BP HAS DECIDED THAT THEY WILL NOT PASS ANY OIL TANKERS THROGUH THE Red Sea AFTER HOUTHI DISRUPTIONS  

* ECB’s VASLE TALKING EARLIER (Summary of comments - BIT MORE HAWKISH):  
Market pricing for start date of rate cuts, and size of rate cuts, is excessive  
This dovishness is inconsistent with whats required to get inflation down to target.   

* BOE’s DEPUTY GOVERNOR with hawkish comments saying they can’t yet be sure that wages are on a firmly downward trend, and that they would need to see this.   

* CHINA FOREIGN MINISTRY REITERATES THAT THEY ARE NOT HAPPY WITH US ARMS SALES TO TAIWAN. This builds on some of their comments last week.   

* CHINA HAVE, HOWEVER, CUT BACK ON NUMBER OF “DANGEROUS” FIGHTER JET MANOEUVRES AGAINST US PLANES, FOLLOWING XI BIDEN SUMMIT.    

*  JAPAN COMPLAINING THAT North Korea FIRED BALLISTIC MISSILE AT COAST - In response, US are considering posting a permanent fighter force again in Okinawa. Japan says North Korean missile might be a long range one.   

* RUSSIA DEPUTY PM WARNS THEY WILL RESTRICT OIL EXPORTS FURTHER NEXT YEAR AS PART OF OPEC+ DEAL.  - no effect on oil as oil fell in premarket.   

* CHINESE SEMICONDUCTORS ARE NOW LOOKING TO MALAYSIA TO AMNUFACTURE THEIR HIGH END CHIPS, hedging risks in case US expands sanctions on chip industry.  

* 2nd HAND ROLEX PRICES HIT LOWEST LEVEL SINCE APRIL 2021. Is this telling us anything on state of consumer ability to spend slowing?  

* HOMELESSNESS IN US REACHES RECORD LEVEL, RISING RENTS AND END OF COVID AID. More than 650k people are homeless, up 12% yoy.   

* CANADA WILL LIKELY PASS A RULE TO REQUIRE ALL NEW VEHICLES SOLD IN COUNTRY TO BE ZERO EMISSIONS BY 2035.  

* MANY CAR OWNERS IN US NOW OWE MORE ON THIER CAR LOANS THAN THEIR CAR IS WORTH, - negative equity  

* RUSSIA’S PUTIN WILL MEET CHINA’S XI.   

* VODAFONE UP 6% IN EUROPE AS ILIAD GROUP PROPOSED MERGER OF THE 2 COMPANIES.  

* UK WILL INTRODUCE CLIMATE LEVY ON STEEL IMPORTS, FROM 2027.   


**———— ISRAEL HAMAS CRISIS ————**   
\- OVER WEEKEND, WE SAW REACTION FROM US NAVY TO HOUTHI REBELS IN Red Sea< DESTROYING 14 HOUTHI DRONES. This comes after Houthi’s had been attacking shipping vessels in Red Sea last week in bid to pressure Israel to stop bombing Gaza  
\- QATAR TRYING TO BROKER TALKS TO REINTRODUCE SOME HOSTAGE AGREEMENTS FOR ISRAEL AGAIN.   
\- EGYPTIAN SECURITY SOURCE SAYS ISRAEL AND HAMAS ARE BOTH OPEN TO CEASEFIRE. JUST DETAILS.   
",Russia|Putin|sanctions,Russia|Putin|sanctions,available,False,False,True,True,True,False,True,russia_conflict_financial,path_russia_conflict_financial
mf8cmo,2021-03-28,investing,How to invest in Russian bonds?,[removed],Russia|Russian,Russian,removed,True,False,True,False,True,True,True,russia_crisis_financial_consequence,path_russia_crisis_financial_consequence
mf8gqb,2021-03-28,stocks,How to invest in Russian government bonds?," 

Russian government papers currently pay you a 7% yield and it's obvious that Russia will not default, despite poor credit rating by american agencies, which might have political interest to devalue Russian debt. How to invest in these bonds other than directly? Are there any ETFs which give exposure to them?

You can check various countries' bond yields here: [http://www.worldgovernmentbonds.com/](http://www.worldgovernmentbonds.com/) and it looks like the Russian bonds are one of the highest yielding ones from countries that meet some minimum reasonability criterions i.e. are not Argentina, Pakistan or Nigeria.",Russia|Russian,Russia|Russian,available,False,False,True,False,True,True,True,russia_crisis_financial_consequence,path_russia_crisis_financial_consequence
pc3h3m,2021-08-26,investing,"Some Thoughts on Fed Policy and ""Policy Mistakes"" As We Start Talking About Tapering","For the people out there who follow the macro environment, there is always a lot of discussion in past market bursts (such as 2008 or 2000) that there are or were fed policy mistakes that either caused or contributed to the meltdown.

This is relevant now because as we come into talks about tapering, there is a lot of chatter about a potential fed policy mistake one way or another. 

But I think this is a poor way to think about these items, and views of mistakes completely ignore the context of the macro environment and ***why*** the fed made the supposed mistakes in the first place. 

**Most Policy Mistakes Are Fed Decisions Where They're Forced To Choose Between Two Bad Choices**

# Fed Policy Quick History: Caught Between Tough Choices

Lets start with a quick history of important fed decisions, many which have been labeled policy errors in the past. 

* **1980-1982 Volcker Rate Shock:** This was the worst recession the USA had since the GFC, and capped off an era where Inflation was the boogeyman and there were multiple bad recessions and employment shocks. At this time, inflation was running extremely hot (over 10%), and it was starting to get out of control. 
   * **The Fed's Dilemma:** Raising interest rates would kill the economy, which was already having a tough time dealing with the inflation of the time. Rates would have to rise to 18%, which would seriously cut off lending growth. But it would effectively stem the tide of inflation. Volcker chose the very tough decision to raise rates to 18%, which effectively cut inflation down significantly.   
Another point worth making is that the introduction of Reagonomics was a key factor in reversing the age of inflation of the 1970's, where there was a significant lack of investment in new productive capacity.  At the time, this was extremely beneficial. OF course, we're more or less at the opposite end of that spectrum right now where we have a glut of overinvestment and have possibly taken the 80's policies too far (obviously subject to political debate and views).  
* **1998 LTCM Bailout:** This was a historic bailout that occurred during a time of a lot of international market turmoil (Asian financial crisis + Russian default) and a burgeoning US equity bubble (dotcom bubble was starting to really pick up steam here).  The sudden failure of LTCM however threatened systemic issues in the financial system, and thus became the first bailout of a private hedge fund by the FED. This was a new precedent, and many believe it kickstarted the parabolic phase of the dotcom bubble. 
   * **The Fed's Dilemma:** Do you allow the LTCM meltdown to spill into the rest of the US banking system and economy, or do you bail out LTCM and support the economy + job growth? The fed chose the latter, which at the time supported their mandate of stable prices and full employment. They did not have a crystal ball suggesting an even greater equity bubble would form from this. 
* **2000-2003 Dotcom Bubble Burst:** After likely contributing to the dotcom bubble with the LTCM bailout and interest rate decrease, inflation started to rise a bit in late 1999, and credit growth and equity mania forced the Fed's hand to cap the bubble before it became even more difficult to control. The fed did a few emergency rate hikes, and the credit cycle quickly turned down, which had been feeding the dotcom mania. 
   * **The Fed's Dilemma:** Critics of the fed would have said that the emergency rate hike burst the bubble. Critics of the fed also said that they let the bubble get out of hand. Literally, there was no good choice here except to bite the bullet and hope the landing wasn't too hard. In reality, the *real* economy did have a soft landing in the dotcom bubble, partially thanks to the fed's interest rate decrease after the bubble really started to get going. 
* **2007-2008 GFC:** After dropping interest rates to keep the economy afloat during the GFC, very few people wanted anything to do with equities, especially tech stocks. This caused a shift in behavior towards real estate, which was already quite strong and resilient even during the dotcom crash. At the same time, the global economy was recovering from the crises of the late 90's and dotcom era, the euro was being adopted as a currency, and China was rising as a member of the world trade organization. All of the above created a perfect storm for US real estate getting piled into via carry trades, while the US Dollar was getting depreciated by all the above factors. 
   * **The Fed's Dilemma:** The fed clearly started to see the monster that was being created in 2005. Not only was credit growth going parabolic + real estate lending going off the charts, but inflation was also surging in the USA due to all the aforementioned factors. Gas prices surged to over 4$ per gallon (at a time when many drove ""clunkers""), Copper surged to very high prices, and real estate / rent was also going parabolic. Greenspan was looking into a surge in inflation that hadn't been seen since the 70's, and was forced to decide between allowing real estate and inflation to go completely unchecked, or to raise rates very quickly to stem the flows from getting more and more out of hand.   
He chose the latter of raising rates, which then led to the chain reaction causing the GFC. Thing is, we don't know how much worse things may have gotten if Greenspan chose to ***not*** raise rates. Think of how much larger the US real estate bubble would have become if it wasn't cut off at the source. As bad as things got in 2008, they could have been worse if they allowed things to continue. 
* **Post GFC Environment:** After the GFC, the Fed shifted stance and most central banks became far more accomodative. The reaction of policymakers to any asset drawdowns has become far quicker and far larger. With that said, there have been some scares where the fed was tightening a little bit, which threatened to choke off the economy. The most noteworthy one was in late 2018, where the rate hikes and QE Rollback caused a 20% drop in markets before the fed reversed policy to engineer the 2019 rebound. This was likely a close call in some regards.   


# Lessons and Takeaways

From all the above, there are a few important lessons for investors when it comes to understanding equity and credit cycles + risk in the macro economy.   


1. **The party likely will or can continue so long as the central bank / government are accomodative:** You'll notice that all of the above recessions occurred during a time when the central banks were ***forced*** to tighten financial conditions.   

2. **Inflation (asset inflation or economic inflation) is always what takes the punch bowl away:** So what causes the fed or government to reverse accommodative policy? Almost always inflation. With a mandate to maintain stable prices and employment, inflation in the real economy tends to damage consumer's wallet and destabilizes prices. Inflation in assets typically comes with credit expansion, and threatens to destabilize employment and prices as it becomes larger and increasingly more fragile. These items generally tie the central banks' hands and force them into tough decisions. The ***levels*** at which the fed is forced to take away the punch bowl however is a lot more subject to opinion, and definitely not precise however.   

3. **Raising rates or tightening policy into an overleveraged environment creates systemic risk:** If you note the difference between the 1980's rate increase from Volcker, and the interest rate increases from the GFC or even in 2018, you'll notice how much more sensitive the economy is to rising rates. And furthermore, you'll likely realize how much more convex the downside gets with the more debt that exists in a system.   

4. **Debt in a system puts a soft cap on long term inflation rates:** Because central banks tend to get forced into action when inflation rears its head, and because the central bank behavior causes debt defaults and credit issues to arise, this forms something of a natural soft ceiling on how high both inflation as well as interest rates will go before triggering a deflationary shock. Once again, this isn't any set level, but you get a good broad view of this by looking at long term interest rates since the 80's, and then looking at aggregate leverage / credit.   

5. **The fed shifting to less accomodative stances isn't consistent with timing of market selloffs or recessions:** If you're trying to time the market based off this alone, you may get it right some times, but other times you would be far off. This timed the top of the dotcom bubble, but also missed out on the top of the GFC by over two years and quite a few rate hikes. It also missed out on most of the gains in 2017 and 2018 despite rising rates.   

6. **The fed doesn't make ""mistakes"", they make choices to deal with the problem at hand over the problems that may occur in the future:** In nearly every situation, the fed's dilemma caused them to choose between dealing with the problem that is currently occurring in the market with the risk that their solution could cause a problem somewhere else down the road. In every instance, the fed chooses to deal with the ***current*** problem over the problem that may be. And most people would not do anything different, because we don't have crystal balls and can't predict the future. I do think the fed has made bad choices, but most of the choices actually fit their **mandate**. In other words, don't hate the player, hate the game.",Russia|Russian,Russian,available,False,False,True,False,True,True,True,russia_crisis_financial_consequence,path_russia_crisis_financial_consequence
t0il8q,2022-02-24,StockMarket,Petition to Cut Russia off from SWIFT,[deleted],Russia,Russia,deleted,True,False,True,False,False,True,True,russia_crisis_financial_consequence,path_russia_crisis_financial_consequence
t28rxm,2022-02-26,investing,BBC News: West to cut some Russian banks off from Swift,[removed],Russia|Russian,Russian,removed,True,False,True,False,True,True,True,russia_crisis_financial_consequence,path_russia_crisis_financial_consequence
t4bxxr,2022-03-01,investing,Will Russian ADR holders still be able to collect their dividends. Will they be seized or can they even be paid if SWIFT payments are blocked?,[removed],Russia|Russian,Russian,removed,True,False,True,False,True,True,True,russia_crisis_financial_consequence,path_russia_crisis_financial_consequence
tygt36,2022-04-07,stocks,What are the chances of a flash crash coming to the stock market?,"I've been watching ""Stock Market Live"" on my off days and hes been talking about flash crash due to some current events. Are people buying these dips just cause their stocks are lower than what they were back at the start of 2021 due to the past events and trying to have confirmation bias on the past investments. I do know that the fed and the govs printed money to help the economy cause of the black swan event, but did everyone assume that this money would remain in circulation? 

Also related news is the [real estate market, is Canada](https://www.bloomberg.com/news/articles/2022-04-06/canada-to-ban-some-foreigners-from-buying-homes-as-prices-soar) placing bans on buying homes which could slow down the inflation of real estate and could effect it badly causing people to lose money in their homes?

[Europe is struggling to leave Russia oil](https://abcnews.go.com/Politics/wireStory/europe-set-ban-russian-coal-struggles-oil-gas-83930012), which has Europe  on a leash. I also read Russia talked to [Pakistan](https://www.deccanherald.com/international/pakistan-pm-imran-khan-paying-the-price-for-being-disobedient-to-washington-says-russia-1097876.html) and with the middle east hating the US that means Russia and the Middle would control oil and gas supply.

What would be a safe haven? Crypto or Cash? With retail controlling alot Crypto, I think they would flee when global markets continue to slide. I think Saylor would end up crashing the crypto market, since hes took [junk bond loans against MSTR](https://www.bloomberg.com/news/articles/2022-04-06/canada-to-ban-some-foreigners-from-buying-homes-as-prices-soar) and has recently [leverage his BTC](https://www.bloomberg.com/news/articles/2022-04-06/canada-to-ban-some-foreigners-from-buying-homes-as-prices-soar) holdings to buy more BTC.  I also don't think NFT can hold up the entire global market  and crypto itself.

What do you guys think?",Russia|Russian,Russia|Russian,available,False,False,True,False,True,True,True,russia_crisis_financial_consequence,path_russia_crisis_financial_consequence
ueq69m,2022-04-29,stocks,Russia aims to avert historic debt default with last-ditch dollar bond payments,"https://www.cnbc.com/2022/04/29/russia-attempts-last-ditch-dollar-bond-payments-to-try-to-avert-historic-default.html


Looks like Russia managed to pay their bonds.
""Russia looks to have averted a historic sovereign default on Friday by tapping its domestic reserves and attempting to make overdue dollar payments on its international debt obligations.

Earlier Friday, Russia’s Finance Ministry said that it had attempted the dollar payments — a dramatic U-turn after the country had previously sought to make the payments on its dollar-denominated bonds in Russian rubles.""",Russia|Russian,Russia|Russian,available,False,False,True,False,True,True,True,russia_crisis_financial_consequence,path_russia_crisis_financial_consequence
xg50zx,2022-09-16,StockMarket,"Wall Street Week Ahead for the trading week beginning September 19th, 2022","Good Friday evening to all of you here on r/StockMarket! I hope everyone on this sub made out pretty nicely in the market this past week, and are ready for the new trading week ahead. :)

Here is everything you need to know to get you ready for the trading week beginning September 19th, 2022.

# **Stocks close lower on Friday, extending sell off for worst week since June for S&P 500 and Nasdaq - [(Source)](https://www.cnbc.com/2022/09/15/stock-market-futures-open-to-close-news.html)**
*****
> Stocks fell Friday as Wall Street wrapped up one of its worst weeks in months and traders reacted to an ugly earnings warning from FedEx about the global economy.
*****
> The Dow Jones Industrial Average dropped 139.40 points, or 0.45%, to close at 30,822.42. The S&P 500 shed 0.72% to end the week at 3,873.33. The Nasdaq Composite slid 0.90% to finish at 11,448.40. It was the worst week for the S&P 500 and Nasdaq since June.
*****
> Shares of FedEx plunged 21.4%, their worst daily drop ever, after the shipments company withdrew its full-year guidance and said it will implement cost-cutting initiatives to contend with soft global shipment volumes as the global economy “significantly worsened.”
*****
> Transport stocks are typically seen as a leading indicator for the stock market as well as the economy, and FedEx pointed to weakness in Asia as one of the main reasons for its negative outlook. Shares of shipping rivals UPS and XPO Logistics dropped about 4.5% and 4.7%, respectively, and Amazon’s stock fell 2.1%.
*****
> FedEx’s announcement comes soon after a hotter-than-expected inflation report in the U.S. on Tuesday, which raised concerns that the Federal Reserve will be forced to cause a recession to cool prices. That data sparked a decline of more than 1,200 points for the Dow.
*****
> “There is a lot of nervousness about how the global economy can affect the U.S. economy now, while the U.S. economy is dealing with its own set of very serious issues. I think that dynamic is what people have woken up to,” said Callie Cox, U.S. investment analyst at eToro.
*****
> The three major averages suffered their fourth losing week in five, and the summer comeback rally looks increasingly like a bear market bounce. The Dow Jones Industrial Average declined 4.1% this week. The S&P 500 lost 4.8%, while the Nasdaq Composite dropped about 5.5%.

*****

# **This past week saw the following moves in the S&P:**
###### **([CLICK HERE FOR THE FULL S&P TREE MAP FOR THE PAST WEEK!](https://i.imgur.com/iBUT8kn.png))**

# **S&P Sectors for this past week:**
###### **([CLICK HERE FOR THE S&P SECTORS FOR THE PAST WEEK!](https://i.imgur.com/nr0xwOf.png))**

# **Major Indices for this past week:**
###### **([CLICK HERE FOR THE MAJOR INDICES FOR THE PAST WEEK!](https://i.imgur.com/MdJveWT.png))**

# **Major Futures Markets as of Friday's close:**
###### **([CLICK HERE FOR THE MAJOR FUTURES INDICES AS OF FRIDAY!](https://i.imgur.com/5KWxw7e.png))**

# **Economic Calendar for the Week Ahead:**
###### **([CLICK HERE FOR THE FULL ECONOMIC CALENDAR FOR THE WEEK AHEAD!](https://i.imgur.com/YEVF8yj.png))**

# **Percentage Changes for the Major Indices, WTD, MTD, QTD, YTD as of Friday's close:**
###### **([CLICK HERE FOR THE CHART!](https://i.imgur.com/u7uSKpu.png))**

# **S&P Sectors for the Past Week:**
###### **([CLICK HERE FOR THE CHART!](https://i.imgur.com/y0nYH4g.png))**

# **Major Indices Pullback/Correction Levels as of Friday's close:**
###### **([CLICK HERE FOR THE CHART!](https://i.imgur.com/S7omxx1.png))**

# **Major Indices Rally Levels as of Friday's close:**
###### **([CLICK HERE FOR THE CHART!](https://i.imgur.com/QwGb35h.png))**

# **Most Anticipated Earnings Releases for this week:**
###### **([CLICK HERE FOR THE CHART!]())**
(T.B.A. THIS WEEKEND.)

# **Here are the upcoming IPO's for this week:**
###### **([CLICK HERE FOR THE CHART!](https://i.imgur.com/gEVSvXM.png))**

# **Friday's Stock Analyst Upgrades & Downgrades:**
###### **([CLICK HERE FOR THE CHART LINK #1!](https://i.imgur.com/Oo0YB3d.png))**
###### **([CLICK HERE FOR THE CHART LINK #2!](https://i.imgur.com/M6lCkQC.png))**
###### **([CLICK HERE FOR THE CHART LINK #3!](https://i.imgur.com/Tim5nah.png))**

*****

> # What a Way to Start the Weekend

> If you've been in a particularly bad mood heading into weekends this year, you're obviously paying pretty close attention to the markets. With today's decline, the S&P 500 is in the familiar position of ending the week with a decline of 1% or more. If the current declines hold up into the close, it will be the 12th daily drop of 1% or more to end a week this year. Going back to 1952 when the five trading day week started, there have only been five other years (1974, 2000, 2001, 2002, and 2008) where there were as many or more down 1% Fridays (or last trading day of the week) in a given year. As you might expect, all five of those years were lousy for the stock market.

> ###### **([CLICK HERE FOR THE CHART!](https://media.bespokepremium.com/uploads/2022/09/091622-Number-Down-1-Weeks2.png))**

> While this year is currently tied for having the fourth-highest number of 1%+ down days, the year isn't even three-quarters done (heaven help us). After today there are still another 15 weeks left in the year, so there is plenty of time to move up the rankings. On a percentage basis, the S&P 500 has closed down at least 1% on the last trading day of the week just under a third (32.4%) of the time, and if that pace were to keep up for the remainder of the year, 2022 would easily set the record for the highest frequency of 1% declines to close out the week. Never have we needed a happy hour more than this year.

> ###### **([CLICK HERE FOR THE CHART!](https://media.bespokepremium.com/uploads/2022/09/091622-perc-Down-1-Weeks.png))**

*****

> # S&P 500 Down 25 of 32 Week After September Triple Witching, Average Loss 0.89%

> ###### **([CLICK HERE FOR THE CHART!](https://64.media.tumblr.com/ba2711672107ac095a7779b315c1f612/490d4ab446266551-02/s400x600/441d01b753ddc80b68fb09671198b26055aa683f.jpg))**

> On page 108 of the Stock Trader’s Almanac (see pinned tweet) we discuss the Aura of the Triple Witch, when stock options, stock index options and stock index futures all expire at the same time four times each year. It’s important as it usually increases volume and volatility.

> The week after September options expiration week, has a dreadful history of declines most notably since 1990. Substantial and across the board gains have occurred just four times: 1998, 2001, 2010 and 2016 while many more weeks were hit with sizable losses.

> Average losses since 1990 are even worse; DJIA –0.98%, S&P 500 –0.89%, NASDAQ –0.85% and Russell 2000 –1.44%. End-of-Q3 portfolio restructuring is the most likely explanation for this trend as managers trim summer holdings and position for the fourth quarter. And next week we have the Fed rate hike decision to contend with.

> Full stats since 1982 since S&P index futures began trading April 21, 1982:

> ###### **([CLICK HERE FOR THE CHART!](https://64.media.tumblr.com/c6c245663c4e6d4a6799f261270cb6b5/490d4ab446266551-f3/s640x960/02f4913d28e817e651e0e164d782c0ae3a7d275e.jpg))**

***** 

> # Bad CPI, ugly trading, but history of 4% daily declines shows good gains…eventually

> Today’s hotter than anticipated CPI report was the bad that triggered the day’s ugly across-the-board declines. Surging Treasury bond yields hit NASDAQ the hardest, off 5.16% today. Tech-heavy S&P 500 was down 4.32% while DJIA was off 3.94%. Since 1950, S&P 500 has declined 4% or more in a single day 53 times before today. In those previous 53 occurrences, on the next trading day S&P 500 was higher 35 times and lower 18 with an average gain of 1.08% on all days. Based upon historical performance, the odds of a gain tomorrow are 66.04%.

> However, the line chart of the 30 trading days before and 60 trading days after the last 53 greater than 4% drops does not suggest any significant advance in the near-term as S&P 500 only managed a modest recover, on average over the next 20-25 trading days (a typical month is generally 21 trading days). But the following table does showcase solid gains in the majority of occurrences when looking forward the next 3-, 6- and 12-months. S&P 500 was higher 82.7% of the time one year after a greater than 4% daily decline with an average gain over 25%.

> ###### **([CLICK HERE FOR THE CHART!](https://www.stocktradersalmanac.com/UploadedImage/blog_20230913_SP500_4per_decline_table.jpg))**

*****

> # 11%+ Annualized - Not Bad for the 'Worst Trade Ever'

> It has now been 14 years since Lehman Brothers' last day as a solvent company - an event that set off one of the biggest market meltdowns of all time. In hindsight, the events leading up to and after September 2008 may not seem all that bad. How quickly we forget. Three-quarters of a century removed from the Great Depression, most Americans had never given a second thought to the safety of the funds in their savings account or even money-market funds, but shortly after Lehman, these were legitimate concerns on the part of all Americans. People were actually going to ATMs and taking out extra cash to literally put 'under their mattress' just in case they woke up and the ATMs weren't working anymore.

> Most of these extremes came after the Lehman bankruptcy, but the period leading up to Lehman wasn't a picnic either; that's actually why Lehman went belly-up. From the S&P 500's peak in October 2007 through 9/12/08, the S&P 500 was down over 20%. But after an early summer sell-off, the S&P 500 rallied from mid-July to mid-August before selling off into Labor Day. Heading into the weekend after Labor Day, the S&P 500 was down 4% from its mid-August high but appeared to be stabilizing at a higher low relative to July. With the S&P 500 still down 20% from its all-time high, you couldn't have faulted someone heading into the weekend for thinking ""maybe I'll try to buy something on sale.""

> ###### **([CLICK HERE FOR THE CHART!](https://media.bespokepremium.com/uploads/2022/09/091222-100907.png))**

> On 9/12/08, stocks may have been on sale relative to the October 2007 highs, but any buys on that day would quickly go down as one of the 'worst trades ever.' After Lehman announced its bankruptcy that weekend, cracks spread all over the financial district from a Wall Street parched of liquidity. September ended with a decline of nearly 10% but continued to get worse from there, and by the following March, the S&P 500 was down just under 46% - or 71% annualized - from its 'pre-Lehman' close'. Stocks that seemed cheap less than six months earlier were now down by nearly half, so getting back to even from there would pretty much require a double. Speaking from experience, any investor who bought any stocks in those six months quickly felt like the stupidest investor in the world.

> ###### **([CLICK HERE FOR THE CHART!](https://media.bespokepremium.com/uploads/2022/09/091222-091208-030909.png))**

> While any equity purchases made 14 years ago just before Lehman collapsed quickly turned into some of the worst trades ever, time is an investor's best friend. Anyone who had time gradually looked less foolish. From a longer-term perspective, the decline from September 2008 to March 2009 still looks painful, but over time, the market (as it has to this point always done) dug itself out of its hole. The snowball effect of compounding has rewarded investors who were in it for the long haul. Not including dividends, the S&P 500 has rallied more than 227% since the Friday before Lehman's bankruptcy, and including dividends, it has delivered an annualized return of more than 11%. You'd probably sign the bottom line as fast as you could for an annualized return of 11% between now and 2036!

> Not bad for what seemed like the ""worst trade ever"" at the time.

> ###### **([CLICK HERE FOR THE CHART!](https://media.bespokepremium.com/uploads/2022/09/091222-091208-091222.png))**

*****

> # Buckle Up, Late September Can Be Rocky

> We are winding down an absolutely awesome time at Carson’s Excell experience in Las Vegas. It has been a ton of fun meeting with our advisors, learning more about our industry, presenting our investment views, but best of all making new friends. If you want to come to the very best conference for advisors, please be sure to make it next year in Nashville.

> Here’s a quick blog I put together (take note I’m running on fumes out here) that looks at seasonality and why late September and into October is one period that investors need to be aware can be bumpy.

> Here’s a similar chart, but it looks at midterm years. Yes, right about now isn’t historically a bullish timeframe, but check out what tends to happen once you get later in the year and past the uncertainty of the midterm election. We are optimistic that history could repeat itself once again.

> ###### **([CLICK HERE FOR THE CHART!](https://www.carsongroup.com/wp-content/uploads/2022/09/2-3-800x318.png))**

> Zooming in some and it becomes even more clear that late September can be a slide down.

> ###### **([CLICK HERE FOR THE CHART!](https://www.carsongroup.com/wp-content/uploads/2022/09/3-3-800x369.png))**

> Another look at this is a popular chart we’ve shared before, but it really does a nice job of showing just how weak some of the upcoming days are for the S&P 500.

> ###### **([CLICK HERE FOR THE CHART!](https://www.carsongroup.com/wp-content/uploads/2022/09/4-2-800x475.png))**

> So buckle up, as the calendar isn’t doing to any near-term favors, but we remain overweight equities and think the low for the year is in and once we can get past this seasonally weak period, a nice end of year rally is quite possible.

*****

> # Sentiment Contradicts Price Action

> The S&P 500 may have fallen around 1.5% over the past week, but individual investors have reportedly become increasingly bullish. 26.1% of responses to the weekly AAII sentiment survey reported as bullish this week, up from a recent low of 18.1% last week. With the S&P 500's worst day in since June 2020 and a hotter-than-expected CPI print occurring late in the response collection period (12:01 AM on Thursday through 11:59 PM Wednesday night), the timing of responses is a potential cause for the increase in optimism that was contrary to equities' price action. In other words, responses that came in prior to Tuesday were likely far more bullish than those that came in afterward and therefore elevating the level of bullish sentiment. As such, next week will be a more telling read on individual investor sentiment as it will more fully capture recent price action and inflation data.

> ###### **([CLICK HERE FOR THE CHART!](https://media.bespokepremium.com/uploads/2022/09/091522-AAII-1.png))**

> While bulls rose back above a quarter of responses, bears fell back below 50%. Bearish sentiment dropped to 46% which was only the lowest level since the week of August 24th.

> ###### **([CLICK HERE FOR THE CHART!](https://media.bespokepremium.com/uploads/2022/09/091522-AAII-2.png))**

> Those moves meant the bull-bear spread rose 15.3 points week over week going from -35.2 up to -19.9. That was the largest one-week jump in the reading since the end of June. However, that indicates sentiment remains heavily in favor of pessimism as the streak of negative readings grows to 24 weeks long; the second longest streak of negative readings on record.

> ###### **([CLICK HERE FOR THE CHART!](https://media.bespokepremium.com/uploads/2022/09/091522-AAII-3.png))**
> ###### **([CLICK HERE FOR THE CHART!](https://media.bespokepremium.com/uploads/2022/09/091522-AAII-3a.png))**

> The AAII survey was not alone in showing a rebound in sentiment. Both the Investors Intelligence survey and the NAAIM Exposure Index highlighted increased bullishness in the latest week's data. As with the AAII survey, though, the collection periods likely did not fully capture the effects of Tuesday's inflation data and historic one-day decline. Overall, the story remains that investors are remarkably bearish.

> ###### **([CLICK HERE FOR THE CHART!](https://media.bespokepremium.com/uploads/2022/09/091522-AAII-5a.png))**

*****

> # 4% Daily Drop with VIX Under 30 Unheard Of

> Today’s bounce back was in line with the stats we posted yesterday, but the gains and trading were uninspired. What stuck out was the 4% drop came with VIX below 30 all day. Never happened before.

> Since 1990 when VIX data began S&P 500 had 42 daily declines of 4% or more. Only 8 had a VIX print below 30 and zero that did not have a print above 30. 7 of the 8 opened below 30 and one hit a low below 30 intraday. VIX was below 30 all day 9/13/2022.

> October 27, 1997 Asian contagion mini crash, February 5, 2018 inflation fear selloff and June 11, 2020 Covid second wave scare were one-offs. The rest were just the beginning of trouble. Triple Witching, end Q3, Fed decision, September’s bearish history, Octoberphobia, midterms could make the comps between now and then a little fuzzy. But September 15, 2008, was also Monday of Triple Witching Week – and that brings in the scary 2008 analog into play, but that’s for another day.

> ###### **([CLICK HERE FOR THE CHART!](https://64.media.tumblr.com/7d986cbfac55c2304941b9e74dc7cde6/ad1f6f99e073b5f5-2b/s500x750/892a8f648b55ca91877ae8c58074d27f81cbe758.jpg))**

*****

> # Pain in CPI

> With investors expecting consumer prices to fall month-over-month heading into the day, this morning's higher-than-expected headline and core CPI reports caused an instantaneous reversal in market sentiment heading into the opening bell. While equity index futures were indicating a gain of around 75 basis points heading into the print, after the release, indications were for a decline of 2%. When the opening bell finally rang, the S&P 500 gapped down 2.27% as indicated by the tracking ETF - SPY.

> Going back to 1998, today marked just the sixth time that SPY gapped down in excess of 2% on the day of a CPI release. As shown in the top of the table below, on four of the five prior 2%+ gaps down on CPI days, SPY not only gapped down by over 2%, but it continued lower throughout the trading day. While that doesn't necessarily bode well for today, we would note that on many of those prior occurrences, there were other overriding factors impacting the market. From the Russian debt default and collapse of Long-Term Capital Management (LTCM) in 1998 to the Financial Crisis in 2008, the US debt downgrade in 2011, and then COVID in 2020, on most of these other days, investors had other issues besides inflation to worry about. The only time that there wasn't another major issue impacting the market was on 5/14/99 when headline CPI exceeded forecasts by 0.3 ppts and core CPI exceeded consensus estimates by 0.2 ppts.

> At the bottom of the table, we have listed every other time since 1998 that core CPI exceeded consensus forecasts by 0.3 ppts or more. Today's report is just the fourth time that core CPI has topped estimates by such a wide margin, but what stands out most is that every other prior occurrence since 1998 came after COVID. We noted numerous times in the past how COVID has created so many distortions in the economy that the job of forecasting it has become exceedingly difficult, and the fact that every 'beat' of this magnitude in core CPI has occurred since COVID only reinforces this point.

> ###### **([CLICK HERE FOR THE CHART!](https://media.bespokepremium.com/uploads/2022/09/091322-CPIs.png))**

*****

# **STOCK MARKET VIDEO: Stock Market Analysis Video for Week Ending September 16th, 2022** 
###### **([CLICK HERE FOR THE YOUTUBE VIDEO!](https://www.youtube.com/watch?v=o2f_XWyZx4E))**

# **STOCK MARKET VIDEO: ShadowTrader Video Weekly 9/18/22** 
###### **([CLICK HERE FOR THE YOUTUBE VIDEO!]())**
(VIDEO NOT YET POSTED.)

*****

Here are the most notable companies (tickers) reporting earnings in this upcoming trading week ahead-

*****

> * (**T.B.A. THIS WEEKEND.**)

*****

###### **([CLICK HERE FOR NEXT WEEK'S MOST NOTABLE EARNINGS RELEASES!]())**
(T.B.A. THIS WEEKEND.)
###### **([CLICK HERE FOR NEXT WEEK'S HIGHEST VOLATILITY EARNINGS RELEASES!]()**
(T.B.A. THIS WEEKEND.)
###### **([CLICK HERE FOR MONDAY'S PRE-MARKET NOTABLE EARNINGS RELEASES!]())**
(N/A.)

*****

Below are some of the notable companies coming out with earnings releases this upcoming trading week ahead which includes the date/time of release & consensus estimates courtesy of Earnings Whispers:

*****

> # ***Monday 9.19.22 Before Market Open:***
> ###### ([CLICK HERE FOR MONDAY'S PRE-MARKET EARNINGS TIME & ESTIMATES!](https://i.imgur.com/AlzQGSW.png))

> # ***Monday 9.19.22 After Market Close:*** 
> ###### ([CLICK HERE FOR MONDAY'S AFTER-MARKET EARNINGS TIME & ESTIMATES!]())
(NONE.)

*****

> # ***Tuesday 9.20.22 Before Market Open:***
> ###### ([CLICK HERE FOR TUESDAY'S PRE-MARKET EARNINGS TIME & ESTIMATES!](https://i.imgur.com/huOi3JO.png))

> # ***Tuesday 9.20.22 After Market Close:*** 
> ###### ([CLICK HERE FOR TUESDAY'S AFTER-MARKET EARNINGS TIME & ESTIMATES!](https://i.imgur.com/sTPTRtt.png))


*****

> # ***Wednesday 9.21.22 Before Market Open:*** 
> ###### ([CLICK HERE FOR WEDNESDAY'S PRE-MARKET EARNINGS TIME & ESTIMATES!](https://i.imgur.com/wvo1H4s.png))

> # ***Wednesday 9.21.22 After Market Close:*** 
> ###### ([CLICK HERE FOR WEDNESDAY'S AFTER-MARKET EARNINGS TIME & ESTIMATES!](https://i.imgur.com/2s7Um5I.png))

*****

> # ***Thursday 9.22.22 Before Market Open:*** 
> ###### ([CLICK HERE FOR THURSDAY'S PRE-MARKET EARNINGS TIME & ESTIMATES!](https://i.imgur.com/XwAagVR.png))

> # ***Thursday 9.22.22 After Market Close:*** 
> ###### ([CLICK HERE FOR THURSDAY'S AFTER-MARKET EARNINGS TIME & ESTIMATES!](https://i.imgur.com/JNdcnAU.png))


*****

> # ***Friday 9.23.22 Before Market Open:*** 
> ###### ([CLICK HERE FOR FRIDAY'S PRE-MARKET EARNINGS TIME & ESTIMATES!]())
(NONE.)

*****

> # ***Friday 9.23.22 After Market Close:***
> ###### ([CLICK HERE FOR FRIDAY'S AFTER-MARKET EARNINGS TIME & ESTIMATES!]())
(NONE.)

*****

> # (T.B.A. THIS WEEKEND.)
**(T.B.A. THIS WEEKEND.)** (T.B.A. THIS WEEKEND.).

> #([CLICK HERE FOR THE CHART!](https://charts.finviz.com/chart.ashx?t=SPY&ty=c&ta=st_c,sch_200p,sma_50,sma_200,sma_20,sma_100,bb_20_2,rsi_b_14,macd_b_12_26_9,stofu_b_14_3_3&p=d&s=l))

*****

# DISCUSS!

What are you all watching for in this upcoming trading week?

*****

I hope you all have a wonderful weekend and a great trading week ahead r/StockMarket. :)",Russia|Russian,Russian,available,False,False,True,False,True,True,True,russia_crisis_financial_consequence,path_russia_crisis_financial_consequence
11wxg63,2023-03-20,stocks,What will happen to the 19$ billion of Russian assets frozen at Credit Suisse? 🥶,[removed],Russia|Russian,Russian,removed,True,False,True,False,True,True,True,russia_crisis_financial_consequence,path_russia_crisis_financial_consequence
13c8296,2023-05-08,stocks,"NASDAQ started delisting process for Russian ADRs (YNDX, OZON, HHR and QIWI) on 3/15. Any update that anyone knows of?",[deleted],Russia|Russian,Russian,deleted,True,False,True,False,True,True,True,russia_crisis_financial_consequence,path_russia_crisis_financial_consequence
18gkrt0,2023-12-12,StockMarket,Buying Russian ADRs and GDRs,[removed],Russia|Russian,Russian,removed,True,False,True,False,True,True,True,russia_crisis_financial_consequence,path_russia_crisis_financial_consequence
lcdbmq,2021-02-04,investing,"Time to look at some real value, Gazprom","There's been a lack of discussion regarding real value companies in this sub. You know they exist, right?


PROS:

-Lowest cost producer of natural gas with the largest reserves in the world.

-Immense infrastructure in pipelines and facilities, hundreds of billions of $ have been invested into it. Europe, China, all bases covered.

-If the anti-nuclear sentiment holds, nat gas is the only viable option left after coal is phased out. It's prudent to hedge this assumption by holding some uranium miners as well.

-Balance sheet is strong.

-Valuation is a joke. P/E is often around 3, P/B .2 or something.

-Good dividend policy, 50% of profits will be paid out in dividends. Will probably yield around 10-15% going forward.

-Is doing research into producing green hydrogen from natural gas.


CONS:

-Russia; geopolitics, sanctions, owned >50% by the government

-Nord Stream 2 might still take a few years to finish. A minor nuisance.

-If a green revolution of a magnificent scale really happens. I'm talking about a solution to the baseline power problem of rebewables.


I've been long this stock for years. While my cost basis is around the current stock price, I've been reaping large divvies and have no problem waiting for the valuation to correct, while collecting a juicy dividend in the meantime. Don't care if it takes years or decades.

Anyone else like this stock? Or hate it? I would be very interested in hearing a bear case for this.",Russia|sanctions,Russia|sanctions,available,False,False,True,True,True,False,True,russia_conflict_financial,sanctions_or_invasion
lrclcc,2021-02-24,StockMarket,"Stock markets across the world, In particular RTSI","Hi guys, I have a question about stock markets across the world. I know that all stock markets should in theory be going up, because of innovation, companies growing larger, etc. And usually, that is the case. But if we look at the Russian Stock Market (RTSI), you can view it on tradingview, that hasn't been the case. Since the financial crash of 2008, it still hasn't rebounded the highs, and has not been showing consistent growth like other stock markets across the world. Even if we take into account that Russia might not be considered capitalistic to the degree of the US, it seems weird that it has been 14 years, and the stock market has still not recovered. What is the reason for this? Could it be sanctions, or the fact that not a lot of non-government associated companies are allowed to be traded on it? Thank you.",Russia|Russian|sanctions,Russia|Russian|sanctions,available,False,False,True,True,True,False,True,russia_conflict_financial,sanctions_or_invasion
t99dty,2022-03-08,investing,Morgan Stanley Says Russia’s Set for Venezuela-Style Default,"The odds of Russia making its foreign debt payments are diminishing as bond prices fall, recession in the nation looms and various payment restrictions pile up after the invasion of Ukraine, according to Morgan Stanley & Co.

“We see a default as the most likely scenario,” Simon Waever, the firm’s global head of emerging-market sovereign credit strategy, wrote in a Monday note. “In case of default, it is unlikely to be like a normal one, with Venezuela instead perhaps the most relevant comparison.”

The default may come as soon as April 15, which will mark the end of a 30-day grace period on coupon payments the Russian government owes on dollar bonds due in 2023 and 2043, he said. 

source: https://www.bloomberg.com/news/articles/2022-03-07/morgan-stanley-sees-russia-set-for-venezuela-style-debt-default",Ukraine|Russia|Russian|invasion,Ukraine|Russia|Russian|invasion,available,False,True,True,True,True,False,True,multiple_paths,sanctions_or_invasion
tjaenp,2022-03-21,StockMarket,Here's Your Daily Market Brief For March 21st,"**📰 Top News**

**US stock futures were mixed in Monday morning trading** as investors continued to monitor the latest developments between Russia and Ukraine.   


**No-fly zone!** *-* The US has moved to effectively ground 100 aircraft that it says recently flew to Russia, including a plane used by Russian businessman Roman Abramovich. *The US earlier this month launched what it called ""KleptoCapture"" - an initiative seeking to hold Russia's wealthy elite accountable and ensure US sanctions are being enforced.*   


**Japan, India strengthen ties***-* Japanese Prime Minister Fumio Kishida announced that his country would invest $42 billion in India over the next 5 years in a deal expected to boost economic ties. *The two nations, along with the US and Australia are members of the Indo-Pacific alliance known as ""The Quad"" that is countering China's rising influence in Asia.*

**Another variant?** \- US experts are warning that an emerging, highly contagious Covid-19 Omicron variant, called BA.2 could soon lead to another uptick in US coronavirus cases. *White House Chief Medical Advisor Anthony Fauci said BA.2 is about 50-60% more transmissible than Omicron but does not appear to be more severe.*   


**🎯 Price Target Updates**

KeyBanc upgrades Duolingo. DUOL upgraded to OVERWEIGHT from SECTOR WEIGHT - PT $112

Deutsche Bank upgrades Manchester United. MANU upgraded to BUY from NEUTRAL - PT $18   

Citigroup downgrades eHealth Inc. EHTH downgraded to NEUTRAL from BUY - PT $15 (from $37) 

**📻 In Other News**

**Facebook fined...again** \- Ireland's privacy watchdog has fined Facebook's parent company Meta, 17 million euros for violating Europe's privacy law. *Note: The regulator, the Data Protection Commission, said that it found that Meta didn't have the right measures in place to show it could protect EU users' data.*

**Crypto scams on the rise** *-* As cryptocurrency grows in popularity, scams involving digital currency are rising dramatically, according to a report from the Better Business Bureau. *Note: The new study shows cryptocurrency scams rose from 7th riskiest to number two, citing 66% of people targeted lost an average of $1200.*  


**How strong is your password?** \- A recent study by cybersecurity firm Hive Systems noted that short and simple passwords could be cracked in a matter of seconds, while longer and more complicated ones could take ""trillions of years"" to crack. *Note: The findings back up the advice of experts which suggests using long complex passwords of at least 8 characters.* 

**📅 This Week's Key Economic Calendar**

***Monday****: Fed Chair Powell speaks at NABE*

***Tuesday****: Richmond Fed Manufacturing Index (Mar)*

***Wednesday****: New Home Sales (Feb)*

***Thursday****: Initial Jobless Claims (wk end 19 Mar), Markit US Manufacturing PMI*

***Friday****: Pending Home Sales MoM (Feb), U of Mich. Sentiment (Mar) F*

**📔 Snippet of the Day**

***Quote of the day:*** *""What's good for the financial industry probably isn't good for you"" - Bethany McLean*",Ukraine|Russia|Russian|sanctions,Ukraine|Russia|Russian|sanctions,available,False,True,True,True,True,False,True,multiple_paths,sanctions_or_invasion
tr1cdv,2022-03-29,stocks,Which major stocks would benefit from Ukraine winning the war?,"So basically, I was lighting up my furnace in my cottage, and it hit me, there have to be some big winners (stocks wise) when Ukraine wins the war. Also, the peace negotiations made the markets rise today. 

So any big-brain ideas regarding this topic? 

I was thinking perhaps some European oil stocks would rise because it's pretty clear we won't be depending on Russian gas anymore, but those stocks already went up when the sanctions-hit Russian gas providers.

Let's discuss",Ukraine|Russia|Russian|sanctions,Ukraine|Russian|sanctions,available,False,True,True,True,True,False,True,multiple_paths,sanctions_or_invasion
10rk9jt,2023-02-02,stocks,Shell reports highest profits in 115 years,"**Oil and gas giant Shell has reported record annual profits after energy prices surged last year following Russia's invasion of Ukraine.**

The company reported adjusted earnings of $39.9bn (£32.2bn) for 2022, the highest in its 115-year history.

Energy firms have been making record profits after oil and gas prices jumped following Russia's invasion of Ukraine.

The profits have heaped pressure on firms to pay windfall taxes as households struggle with inflation.

Last year, the UK government introduced a windfall tax - called the Energy Profits Levy - on the profits of firms to help fund its scheme to lower gas and electricity bills.

Oil and gas prices had begun to rise after the end of Covid lockdowns but rose sharply after Russia's invasion of Ukraine, resulting in bumper profits for energy companies.

The price of Brent crude oil climbed above $120 a barrel in March 2022, but has fallen back since. Oil prices are now below the level seen before the invasion of Ukraine.

Gas prices remain elevated but have been capped for consumers by the government.

BBC News - Shell reports highest profits in 115 years
https://www.bbc.co.uk/news/uk-64489147",Ukraine|Russia|invasion,Ukraine|Russia|invasion,available,False,True,True,True,True,False,True,multiple_paths,sanctions_or_invasion
17t0uun,2023-11-11,investing,Has anyone invested through Serge Energy? Need tips - Offer seems too good to be true,"Hey everyone,

Roughly two years ago I found a really nice investment opportunity (guaranteed minimum 10% annual ROI over the course of 5 years) in wooden pellets through Serge Energy, a company based in Finland. 

I was a bit skeptical, so I did a ton of googling around and decided  to eventually go for it.

The amount I invested was fairly small, lets say 5k.

Over the last two years, everything has seemed fine and normal. 

My account manager calls me every couple of months (6-10) to let me know how the market prices are, considering the price of pellets started spiking due to the invasion of Ukraine.

I received a few emails with additional investment opportunities, most of them with a ROI of 12-15% per year, but it didn't really seem anything out of the ordinary considering the price of pellets had been soaring so fast that those values were still below the selling market value.

I received an invitation to a event in Helsinki, at the HQ, regarding future investment opportunities (I didn't go, but it all seemed fine).

Roughly a week ago I received a more curious email. Not from my account manager, but from two Asset Growth Executives (their title in the signature of the email).

The email basically states that they found a number of birch trees on my patch of land (the one used to produce wooden pellets) and that this is a great financial turn, since these can be turned into sheets of Veneer which will be sold for roughly 5x my initial investment and the payout of this process will be in 3 months from now. And the process of pellets will keep running, but the payout will be delayed a year.

For this to go forward, I would need to do an additional payment of roughly 40% the initial investment value (which, once again, is a fairly low value), to pay for the processing fees of the third party company who handles the wood. Serge Energy would also keep their usual 10% of the sale price of the veneer sheets.

So, in short, is this legit? 

Everything I google regarding the company comes out as being legit and I was fairly confident they were legit up until now -- since this really seems too good to be true.

Any feedbacks anyone?

Thanks in advance.",Ukraine|invasion,Ukraine|invasion,available,False,True,False,True,True,False,True,direct_ukraine_financial,sanctions_or_invasion
18r7sjd,2023-12-26,StockMarket,Everything I'm watching in premarket 26/12. Including expectations and Skew analysis on what the data is saying the market/stocks will do.,"**What happened on Friday, and General market analysis:**  
Friday saw PCE data come in below expectations, with core at 2.8% vs 3.3% last month. This was mostly in line with expectations, but continued good news on the inflation front caused markets to increase pricing of rate cuts in March, now pricing an 83% chance of a rate cut of some magnitude. This caused markets to open higher, rising to the resistance of 4775, but we failed to break it for the third time this week. This then caused some volatility, causing SPX to drop to 4735, before paring losses to finish around 4750.   
**My Trades:**  


* Nike sold off on earnings as they pointed to weak sales in China and Europe, and announced cost cuts. Personally, I didn’t buy Nike on this drop, as I think there can still be more of a drop to 103 possible, and generally, I’m not a big fan of buying bad earnings on the first day. However, because other footwear stocks got dragged down, I saw an opportunity in CROX and bought some (still small size incase market comes down). I intend to hold as swing trade back to 107, and will average if it goes lower.   

*  I closed my MOS position. I had opened it a couple of days ago as a day trade, but the set up hadn’t materialised as I had hoped. I held it overnight since the size was so small, but closed it at breakeven when I saw it open there.   

*  Opened BG at 100. Has acted as a support since August, and below 200day Moving average. Will hold as a swing trade probably to around 109.   

* Swing trade opened in CMI at 233. Tiny size. Will average on way lower. Looking at 245 to TP.  

* Added to my position in FXI. Have mentioned I think Chinese stocks are undervalued. The Tencent sell off and gaming regulations didn’t stop me averaging my FXI position slightly. Note: I am not expecting an immediate gain in my chinese stocks. I know china situation is weak. I am nibbling and will continue to average if goes lower. 

**Market Expectations and Analysis:**  


* EURUSD Skew at highest level of the year. Traders continue to bet that EURUSD will breakout. I personally had 1.10 as a price target on EURUSD but the active 1.11 strike tells us traders want 1.11.   
[https://imgur.com/a/xRK9bWq](https://imgur.com/a/xRK9bWq)  
The lack of data this week and risk reversal on DXY falling, pointing to continued drop in dollar means I won’t be surprised if 1.11 hits.   

* SPX skew is relatively flat. This tells us traders are not expecting a big move in either direction. Simply due to the fact of so little being on the economic calendar.   
Skew has lowered a bit, due to spike in VIX, but weak dollar means that volatility is not lasting in markets.  
Tells us dips are likely to be bought.   
[https://imgur.com/a/LHI1Srn](https://imgur.com/a/LHI1Srn)     

* Slight weakness in DOW Skews vs SPX skews. More hedging activity there. So if there is likely to be any weakness, Dow will probably underperform other indexes.   

* Tesla EXPECTATIONS FROM Skews (just because I know the retail audience Loves Tesla):  
Bullish imbalance tells us sentiment is positive around Tesla. But the bullish skews lowered, so probably see some chop this week. May move higher after Year End  
[https://imgur.com/a/2DkrGYP](https://imgur.com/a/2DkrGYP)  

* NVDA EXPECTATIONS FROM SKEWS:  
500 Gamma wall seems a strong resistance, unlikely to break in short term.   

*  JD Skew is still very supportive of positive price action. Gamma continues to increase on $30 for Jan 2024. Note: I am holding JD.   

* OIL:  
You know I am holding oil, although I trimmed it at the top of the downward channel last week. I expect falling dollar, OPEC cuts and eventual chinese recovery to support oil prices higher.   
However, technicals point to a double bottom at 67 first. Will wait for that then buy again what I trimmed out last week. 

**——— INSTITUTIONAL RESEARCH ———**   


* Renaissance Macro Research has given their contrarian 2024 call in healthcare. They said their SERM model shows excessive risk adjusted return and ETF flows show Excessive outflows on YOY basis, which they think will adjust itself.   

* Crescat Capital said that they see, due to Fed’s optimism (which they regarded to be complacency) on inflation, which will cause the dollar to devalue in 2024, that oil can rise to the peaks of the Russian Invasion. Note, I agree that oil can move higher, but believe that without China yet showing a stronger economic recovery, Russian invasion high seems a bit of a push.   

* The Conference Board LEI (leading Indicator index) for November shows that equities were the only positive contribution. No other contribution was positive, out of 10. Some economists, who I am reading, are using this as evidence to suggest that equity moves aren’t aligned with fundamentals.   


**———DATA LEDE:- ———**  
 

* US House Price index - Will probably show a MOM change of around 0.8% imo. Can cause small movement in dollar, but unlikely to be anything significant simply due to the low volume and lack of activity expected today.   

*  US 2 year auction - Will probably send 2 year yields lower, with better than expected demand.  


**———FOREX - ———**  


* Things are pretty flat for the currencies I am tracking, which is to be expected with the lack of macroeconomic catalysts.   

* USDJPY flattish at 142.35  
EURUSD flattish at 1.101  
AUDUSD moved a bit higher,  but pared to 0.68  
GBPUSD Flat as a pancake at 1.27  


**———MARKETS:- ———**  


*  SPX flat around 4760. Closed friday at 4754  

* DJI and Nasdaq totally flat  

* European markets are closed for Boxing Day Holiday
*  Hong Kong MARKET closed for Boxing Day Holiday  

*  Nikkei pretty flat, up 0.16%  

*  CHIna CSI300 lower 0.4% to 11,147, trading at  declines in tech and real estate stocks. Note: 11k likely to act as support.  

* OIL - was flat, but pushed up in last hour to 74.   

*  Vix opened higher, from 13 on Friday to 13.78 today. Flat around there.   

* NOTE: Iron Ore Prices at highest level since June 2022. Notable as it is right at the resistance. This comes as Beijing has been trying to stem property market declines.   


**——MAG7 NEWS (can move markets) ——**  


*  AAPL & GOOGL - will be subject to new Japanese Monopoly rules.   

* AAPL - Watch ban goes into effect, after Biden admin refuses to Veto.  
 
*  NVDA - CEO was talking on CNBC exclusive, saying that they have reinvented computing for the first time since IBM system 60 years ago.   

* AAPL - is exploring AI deals with news publishers.   

* TESLA - recalled more than 120k model S and X for door safety issue  


**————— COMPANY SPECIFIC ———**  


* MANU - British Billionaire Jim Ratcliffe Nears a deal to acquire a minority stake in Man U.   

* X - Brainard says that we need to review the US Steel deal given national security.   

* INTC - Israel grants Intel $3.2b for new $25b chip plant, which will be the biggest ever company investment in Israel.   

*   SAMSUNG - pushes back the start of their production at the new chip facility in US.   

*   TENCENT - Chinese gaming firms unveil buybacks after regulatory move unnerves investors.   

* BMY - will buy RayzeBio for about $4.1b  

*   UPS - downgraded at Daiwa Capital  

* Nio - jumps after unveiled the new ET9 at Nio Day over the weekend  


**———OTHER HEADLINES - ———**  
\- MAERSK WILL RESUME RED SEA SHIPMENTS, UNDER US ARMY PROTECTION. This improves threatening risks of supply chain disruptions. Note that Ballistic missile strikes from Houthi rebels are still happening though.  Nikkei say that the red sear attacks threaten to cut global shipping capacity by 20%  
\- Some China Economists have revised their growth expectations for 2024 lower, to 4.6%. Most expect around the 5% target.   
\- Ueda was talking. Key highlights include:  
The prospect of achieving the inflation target isn’t yet high enough. This means there is a level of uncertainty.  
They also pushed back on expectations that they will begin tightening soon, saying that you cannot pre-empt the timing of future policy change.   
\- SAUDI OIL EXPORTS DOWN 18% YOY, showing the extent of Saudi output cuts.   
\- Taiwanese Defence Ministry detects a Chinese balloon and multiple military aircrafts flying over the Taiwan strait on Saturday - potential escalation of tensions.   
\- 40% of Student loan borrowers missed first monthly payment this past fall.   
\- ROLLS ROYCE is in talks with Ukraine’s biggest private power company to build string of mini nuclear power plants in the country.  
\- UBS says that CHINA GAMING REGULATIONS will hurt small gaming companies more than the big, as the big have means to boost gamers engagement in other ways.   
CEBR expects UK to be the fastest growing major European economy, closing the gap on Germany by 2038.   
",Ukraine|Russia|Russian|Putin|invasion,Ukraine|Russian|invasion,available,False,True,True,True,True,False,True,multiple_paths,sanctions_or_invasion
lgyv2v,2021-02-10,StockMarket,Currency war: United States vs. China-Russia,,Russia,Russia,blank,True,False,True,True,True,False,True,russia_conflict_financial,title_only
mpfpx5,2021-04-12,investing,If tension on Ukraine - Russian border turn into full-scale war. How it l affect the stock market?,[removed],Ukraine|Russia|Russian,Ukraine|Russian,removed,True,True,True,True,True,False,True,multiple_paths,title_only
n9u9pp,2021-05-11,investing,Good time to invest in properties in Ukraine: Manipulated inflation in Ukraine caused havoc in South Africa,[removed],Ukraine,Ukraine,removed,True,True,False,False,True,False,True,direct_ukraine_financial,title_only
rm21sg,2021-12-22,stocks,I'm convinced Russia will invade Ukraine soon. What stocks/commodities would you long/short?,[removed],Ukraine|Russia,Ukraine|Russia,removed,True,True,True,True,True,False,True,multiple_paths,title_only
t1zeql,2022-02-26,stocks,What happens to the US markets if Russia is removed from SWIFT?,[removed],Russia,Russia,removed,True,False,True,False,True,True,True,russia_crisis_financial_consequence,title_only
t3b1sn,2022-02-28,StockMarket,"Russia-Ukraine War: Russian billionaires paid the price for Putin's insistence, a loss of $ 126 billion in four days",,Ukraine|Russia|Russian|Putin,Ukraine|Russia|Russian|Putin,blank,True,True,True,True,True,False,True,multiple_paths,title_only
t5f2o1,2022-03-03,investing,Could some foreign investment shift from Russia to Ukraine?,[removed],Ukraine|Russia,Ukraine|Russia,removed,True,True,True,False,True,False,True,direct_ukraine_financial,title_only
10bwl48,2023-01-14,stocks,Russia Mobilizing 2M+ Troops For War -- How Will Stock Market React,[removed],Russia,Russia,removed,True,False,True,True,True,False,True,russia_conflict_financial,title_only
123f84v,2023-03-27,investing,What are the platforms for investment on the issue of demining in Ukraine?,[removed],Ukraine,Ukraine,removed,True,True,False,False,True,False,True,direct_ukraine_financial,title_only
124u7iu,2023-03-28,StockMarket,"I unfortunately bought a little bit of the Russian E-commerce company, Ozon, before the Ukraine War. Couldn’t have known. Will they let trading resume for this depending on who wins the war?? Or is this money gone forever?",,Ukraine|Russia|Russian,Ukraine|Russian,blank,True,True,True,True,True,False,True,multiple_paths,title_only
12kj29l,2023-04-13,StockMarket,"Ukraine’s Zelenskiy Asks Global Leaders to Seize Russian Assets (Or, equivalently: ""Please trigger a US/Euro everything selloff as Chinese investors realise they could be next if TSHTF in Taiwan"") [Bloomberg]",,Ukraine|Russia|Russian,Ukraine|Russian,blank,True,True,True,False,True,True,True,multiple_paths,title_only
16e5c71,2023-09-09,investing,Financing for investing/exporting to Ukraine,[removed],Ukraine,Ukraine,removed,True,True,False,False,True,False,True,direct_ukraine_financial,title_only
