created_utc,id,num_comments,score,selftext,subreddit,title,url,search_keyword,search_month,created_datetime,date
1609677177,kpjvhs,449,671,"The last few months have been quite eventful for uranium investors, with shares of companies all across the sector appreciating in value substantially. There have been many reasons why this is the case and it feels different to just being strong seasonality. Below are 15 ‘first time’ things to look out for in this sector to start the year with, with full credit going to John Quakes (@quakes99 on Twitter), a retired earth sciences researcher, professor, analyst, writer and one of the best public sources for news about the uranium sector. I share his view that 2021 will prove to be an incredible year for the uranium sector and subsequently for anyone invested in it. Now, onto the aforementioned ‘first times’: 

First time entering a new year with uranium already in a record supply deficit, which is set to deepen further with 2 major mines permanently closing this year in Australia and Niger (\~7 million pounds, gone). At the same time, demand for nuclear energy has remained strong throughout the COVID-19 pandemic and continues to grow in a global shift to decarbonize industry dependent on fossil fuels.

First time that Cameco, the world’s 2nd largest producer, has begun a new year with every one of its uranium mines in Canada shut down. Both of the world’s 2 largest uranium mines are under care and maintenance, resulting in zero lbs being produced in Canada as we enter 2021. The US is also producing zero lbs while Kazakhstan’s production is at a multi-year low that is likely to continue thru 2022 under the nation’s current flex-down program and pandemic related mining disruptions. All uranium mines in the Ukraine have also been shut down due to the inability of the mine operator to pay the wages of 5000 mine workers.

Fist time that at least 3 of the world’s largest uranium producers are forced into buying uranium on the spot market. Cameco is now the largest spot market buyer in the world. World’s largest producer Kazatomprom is now also a spot buyer, as is French Orano given that heir Canadian mills are suspended and their Cominak mine in Africa is heading for closure in March. Inventory held by the world’s largest uranium producers is at rock bottom levels for the first time ever and in need of replenishment this year.

First time the US has taken steps to support its domestic uranium mining industry by establishing a strategic uranium reserve, a 10 year buying program (1.5 billion dollars total) whereby the US government will purchase, convert and potentially enrich US mined uranium to create an emergency supply for US reactors. Goal is to ensure at least 2 US uranium mining companies remain active and viable during this time when the commodity price of U3O8 is half the cost of production.

First time in several decades that there is strong bipartisan support in the US to rebuild the existing nuclear energy industry and manufacture a new generation of advanced reactors on a global scale, which is seen as a high priority in order to catch up with Russia and China who have become the new world leaders in nuclear energy.

First time that uranium equities have entered a bull market when there is an actual supply deficit. The last bull market saw the price of uranium skyrocket on mine floods and other events that created the ‘fear’ of a supply deficit on the horizon, at a time when the US-Russia Megatons to Megawatts program was still continuing to supply 20m lbs per year to US nuclear utilities, a program that continued until 2021 as the world’s largest virtual uranium mine.

First time that a new year begins with spot market supplies significantly depleted. Supply accessible to carry traders has been severely reduced. Kazatomprom no longer sells any lbs into the spot market and Orano’s supply from Canada and Niger is at a record low level, pushing nuclear utilities to secure new long term contracts with producers rather than entering into shorter term contracts with carry traders. Security of supply is a top priority of utilities (whose inventories are estimated to be around 2,5 years’ worth of supply, when the guideline is to never let it drop below 2-3 years given the long time it takes to enrich and deliver the fuel to the reactors).

First time that US and European nuclear utilities have begun a new year with inventories drawn down below usual safety margins at the same time that mines supply is in a record deficit and global uranium production is at its lowest level in 12 years. The new 2020 IAEA/NEA uranium Red Book projects that secondary supplies will fall in the future as an overdue utility inventory restocking cycle begins, due to higher levels of contracting, conversion and enrichment that will reduce underfeeding as facilities see their utilization rates rise.

First time in several years that there are no geopolitical overhangs holding back the uranium contracting plans of US and European nuclear utilities. There are no potential section 232 actions targeting uranium imports and no sanctions likely against UUN participants (Russia, China, UK, Germany, France) in the JCPOA Iran Nuclear deal. Russia and the US have successfully negotiated a 20-year extension to the Russian Suspension Agreement that will see the US imports from Russia decline over the coming 2 decades. The incoming US administration supports keeping nuclear power plants running and plans to immediately rejoin the Paris Climate Accord, pushing for global net zero emissions by 2050, a process in which nuclear energy will play a major role.

First time that nations around the world will be recovering from a global pandemic with massive infrastructure spending programs that include boosting nuclear capacity to achieve net zero carbon emissions goals. A new ‘nuclear renaissance’ is beginning to take shape on pandemic recovery spending to boost clean energy. The perception of nuclear energy is also changing to that of a safe, reliable, necessary baseload power source that fits with an emerging ESG investing model. Decarbonization has become a new buzz word in the global vocabulary. The ‘electrification of everything’ from cars, buses, trucks and trains to major industry is the new global target. Sustainability of so-called renewables solar and wind is now being called into question after failures by Germany and California to successfully transition to an economy powered by intermittent energy sources. Higher electricity prices, no net carbon emissions reductions and rolling blackouts have demonstrated how ‘renewables’ are not able to fulfill their early promise. This might change with new battery technology and better implementation, but we are nowhere near that point yet.

First time that uranium stocks are entering a new year on the heels of one of their best performance years since the last bull market. The U3O8 spot price is still one-half the global average cost of production that will incentivize new mines to be built this decade. This signals to investors that we are still at the opening pitch of the first inning of a long game yet to play out. A necessary doubling of the U3O8 commodity price is yet to come.

First time that Canada has begun a new year embarking on a small modular reactors build-out program with several provinces pledging to deploy SMR’s to power remote communities, mines and industrial heat applications in the energy industry.

First time that nuclear is being viewed as the ideal carbon free high-temperature power source to produce clear hydrogen fuel. US, Russia, Japan and others are looking to leverage their existing nuclear power capacity to produce hydrogen and build high-temperature SMR’s to optimize the use of emissions free nuclear to produce zero emissions hydrogen.

First time in decades that there is an emerging surge in acceptance of nuclear  of nuclear energy as necessary to achieve zero carbon emissions goals, with countries like the Netherlands looking to add more capacity after conducting studies showing nuclear is safer and cheaper than variable renewable energy.

First time I can recall one of the leading nuclear fuel consultants UxC reporting to their subscribers that uranium is in a 57M lbs mined supply deficit, that utility and supplier inventories are “declining at a rapid rate” just as global fuel demand growth is accelerating, a clear signal that a bull market is getting underway.

TLDR: with all the catalysts that are in place, I am of the firm believe that uranium related equities, namely the developers and explorers, will offer returns that will outperform any other broad investment asset class/sector in the market. This is a bold claim to make, but I can’t see any other opportunity that offers even close to the same risk vs reward the uranium sector offers. Read my other posts on the subject to get an idea of what companies you might want to look at and to get an answer to any question you might have. Good luck and here is to a great new year!",investing,2021 will be an unforgettable year for uranium investors (15 powerful catalyst that are in place),https://www.reddit.com/r/investing/comments/kpjvhs/2021_will_be_an_unforgettable_year_for_uranium/,Ukraine,2021-01-01,2021-01-03 12:32:57,2021-01-03
1610921916,kzggfz,33,6,"I know everybody is talking about the next Tech Stock with crazy returns which is perfectly fine but a balanced asset allocation can contain more than just stocks. Investors add Bonds, Real Estate, Precious Metals, Krypto or other assets to diversify. Of course stocks historically had the best returns, but do you really want to see your entire net worth drop by more than 50% for a few years?

Here are some arguments for and against Gold in your asset allocation and how it could perform in the next decade.

Arguments for Gold:

- Negativ real interest rates.
Gold is (Edit: sometimes) negatively correlated with real interest rates. Longterm negativ real interest rates would make gold more attractive as an investment and I don‘t think central banks will be able to significantly raise interest rates. This makes gold attractive over bonds to preserve real value.
- Exponential Money Supply.
Most economic crisis are deflationary since consumers and businesses increase savings rate. The increase in money supply could lead to higher inflation when spending and velocity of money increases as the economy recovers. Overall money could become less attractive as supply increases while the supply of gold doesn’t. This leads to my next point.
- Dept Cycles.
We seem to enter the later stage of a debt cycle. Interest rates have constantly decreased over the past 30 years while the debt of governments hast increased. This is not a problem as long as negativ cashflows of payed interest stay roughly the same. So higher government debt is no problem as long as interest rates decrease. The issue is, that this cycle is difficult to break and it doesn’t matter when the next crisis happens but when it does we will have to print even more money than now, decrease interest rates further below zero and hand out more helicopter money, fully embracing MMT. No currency survives forever and the dollar collapsing is possible in our lifetime.
- Central Banks hold massive gold reserves.
Gold is still backing our currencies to some degree as central banks hold gold. If a countries currency faces hyperinflation, gold will be the only thing retaining it’s value. Lots of commodity dependent countries like Russia started to expand gold reserves and China is likely to have way more gold reserves than official as they produce more than they sell.
- No taxes on gold gains.
In some countries there is no tax on gold gains which is often not accounted for when comparing gold performance with other asset classes.


Arguments against gold:

- Economic recovery.
Gold Is generally seen as a save haven and increases in value during recessions. Long bullmarkets make gold less attractive as an investment and it dropped 40% between 2011 and 2015 which was a great time to be in stocks or real estate. Overall gold is way more volatile than people think.
- Increase in bond yields.
Over the past weeks bond yields have increased as expected inflation increased which put pressure on the gold price. Higher bond yields could lead to further drops in the price of gold.
- Gold is a non-productive asset.
Often brought up by Warren Buffet, gold doesn’t do anything for economic output as it just sits around in a safe while companies create value and land can be harvested or built on. 10% of Gold produced has an industrial use but that alone wouldn’t justify the price.
- Bitcoin.
Bitcoin is gaining more and more acceptance as an asset and institutional money is flowing in. Many see bitcoin as an alternative to gold and a preserver of value with better liquidity and higher upside than gold. The market cap of bitcoin is already 1/13 of Gold which is crazy if you compare the short timeframe crypto has existed compared to gold. Capital flows that would otherwise go into Gold get sucked up by bitcoin.

Overall I think there is a strong case to be made for the role of gold in a balanced portfolio. In my opinion at least 10% gold is very reasonable but I can see how some of this could also be allocated to silver or crypto.

Personally I do have a significant amount of gold in my portfolio and it has performed similar to stocks over this particular timeframe (mostly bought in 2016). If you bought gold in 2011 you were less lucky but the same argument could be made for stocks between 2000 and 2010 with zero gains. 

Do you think gold is still relevant as an asset class? 
What percentage of your portfolio is in precious metals?

Feel free to critique and let‘s have an interesting conversation.",investing,Arguments for and against Gold in your Asset Allocation.,https://www.reddit.com/r/investing/comments/kzggfz/arguments_for_and_against_gold_in_your_asset/,Russia,2021-01-01,2021-01-17 22:18:36,2021-01-17
1611296205,l2hp2z,20,6,"I currently invest and trade in some of the major markets (e.g. USA/UK/EU/China/Japan/Aus) but was looking into investing in stocks listed within emerging/frontier markets. So places such as Indonesia, Russia or Argentina.

Curious if anyone does this actively and what kind of success they've had in such markets? I typically hold a lot of technology stocks so this might be a way for me to diversify geographically as well as into more cyclical industries which are more common to invest in within these markets.

Also find these places more interesting and suspect there might be more alpha available in such markets",investing,Investing in emerging and frontier markets,https://www.reddit.com/r/investing/comments/l2hp2z/investing_in_emerging_and_frontier_markets/,Russia,2021-01-01,2021-01-22 06:16:45,2021-01-22
1611722428,l5wj3e,130,1," What do you think of OXY?

I think it is the best stock in Energy Sector currently.

&#x200B;

STOCK TICKER: OXY

Current Price: $20.38

Short Volume: Around 60%

OXY has been an easy target for short sellers for more than a year.

OXY was so undervalued due to Energy sector, and 3.8 B loss in 3rd quarter.

1. OXY is one of top 3 shale oil company in US. It was expected to be TOP 1 or TOP 2 in 2020 if there was no COVID-19. With a high priced merger in 2019, OXY tanked all in 2020.

**P/E raito is still -1.28** which is crazy as other Energy companies (CVX -13.95, BP -3.58, TOT -19.14, PSX -11,76, RDS A -8.9)

OXY's position : **break even is $35** for crude oil price (current crude Oil price $52.77) WHY is OXY Shorted STILL???

**OXY makes $17.77/ each Barrel (34%)**

According to Merill, at **$47 WTI, unlevered free cash will be $4.1 BN** which will exceed 3rd quarter loss.

We are expecting huge surprise on earning.

2. To use Biden’s green Energy, Crude oil price has to be above $75 (42%higher than the current price) which is currently (**$52.77**). Green Energy companies were peaked when Crude oil price was over $100 in 2007\~2008. And, due to Russia event, the crude oil price will jump soon or later. Russia was the one who opposed Oil production cut down but they are busy with politics in the homeland. (Hope for the best)

3. Many Energy companies including OXY, they are changing carbon free production which will benefit them financially and investing on Green Energy sector.

4.  **short volume (60%)**, Why does individual investors have to suffer from firms' short positions?

5. The Legend, **Carl Icahn**, is still on OXY. He is heavily invested in OXY position. (It will be his return from failure of HERTZ (which short sellers put it down))",investing,"Energy Sector Stock, Undervalued : OXY",https://www.reddit.com/r/investing/comments/l5wj3e/energy_sector_stock_undervalued_oxy/,Russia,2021-01-01,2021-01-27 04:40:28,2021-01-27
1611761198,l66rz4,11,0,"RIG June Expy $4.50. When gas becomes $4/gal, this stock will hit $10 by June. Im already up $250 for one contract in 4 days.

  Here are my thoughts, sure, eventually alternative will take over, i.e. Germany phasing out nuclear by 2022 and 40% of its economy on Wind. But oil is still the major player. Saudi and Russia competing right now, with Saudi having kept up with production through pandemic. As the summer hits and people travel more, off shore oil / platforming  will kick in and BP, Exxon (aside from that SEC) and RIG will be massive gainers. 

    Premiums are cheap right now, oil isnt volatile atm. Thoughts on this?",investing,RIG Offshore Oil Skyrocketing. Next big take off.,https://www.reddit.com/r/investing/comments/l66rz4/rig_offshore_oil_skyrocketing_next_big_take_off/,Russia,2021-01-01,2021-01-27 15:26:38,2021-01-27
1612197578,la7g07,184,373,"Edit 1: More ARKQ buying today (~50k shares). Thank you everyone for the positive feedback and discussion! 

Bottom Line Up Front (BLUF) or TL;DR for the non-military types:

LMT is a good target if you want to literally go to the moon, and my PT is $690.26 in two years (more than 2x from current levels). Justification and some possible trade ideas are listed below, just CTRL-F “Trade Ideas”. I hope you guys enjoy this work and would appreciate any discussion or feedback. I hope to catch you in the comments.

Team,

We interrupt today’s regularly scheduled short squeeze coverage to discuss a traditionally boring stock, LMT (Lockheed Martin), with significant upside potential. To be clear, this is NOT a short squeeze target like many reddit posts are keying on. I hope that this piece sparks discussion, but if you are just looking for short squeeze content, all I have to say is BUY, HOLD, and GODSPEED.

The source of inspiration for me writing this piece is threefold; first, retail investors are winning, and I believe that we will continue to win if we continue to identify opportunities in the market. In my view, the stock market has always been a place for the public to shine a light on areas of innovation that real Americans are excited about and proud to be a part of. Online communities have stolen the loudspeaker from hedge fund managers and returned it to decentralized online democracies that quickly and proudly shift their weight behind ideas they believe in. In GME’s case, it was a blatant smear campaign to destroy a struggling business. I think that we should continue this campaign by identifying opportunities in the market and running with them. It may sound overly idealistic, but if reddit can take on the hedge funds, I non-ironically believe that we can quite literally take good companies researching space technology to the moon. I think LMT may be one of several stocks to help get us there.

Second, a video where the Secretary of State of Massachusetts argues that internet boards are full of a bunch of unsophisticated, thoughtless traders really ticked me off. This piece is designed to show that ‘the little guy’ is ready to get into the weeds, understand business plans, and outpace analysts that think companies like Tesla are overvalued by comparing them to Toyota. That is a big reason that I settled on an old, large, slow growth company to do a deep-dive on, and try my best to show some of the abysmal predictive analysis major ‘research firms’ do on even some of the most heavily covered stocks. LMT is making moves, and the suits on wall street are 10 steps behind. At the time of writing this piece, Analyst Estimates range from 330-460 (what an insane range).

Third, and most importantly, I am in the US military, and I think that it is fun to go deep into the financials of the defense sector. I think that it helps me understand the long-term growth plans of the DoD, and I think that I attack these deep-dives with a perspective that a lot of these finance-from-day-one cats do not understand. Even if no one ever looks at this work, I think that taking the time to write pieces like this makes me a better Soldier, and I will continue to do it in my spare time when I am feeling inspired. I wrote a piece on Raytheon Technologies (Ticker: RTX) 6 months ago, and I think it was well-received. I was most convicted about RTX in the defense sector, but I have since shifted to believing LMT is the leader in the defense space. I am long both, though. If this inspires anyone else to do similar research on other companies, or sparks discussion in the community, that is just a bonus. Special shout-out to the folks that read more than just the TL;DR, but if you do just read the TL;DR, I love you too!

Now let us get into it:

**Leadership**

I generally like to invest in companies that are led by people that seem to have integrity. Jim Taiclet took the reins at LMT in June of last year. While on active duty, he served as a C-141B Starlifter pilot (a retired LMT Aircraft). After getting out he went to work for the American Tower Corporation (Ticker: AMT). His first day at American Tower was September 10, 2001. The following day, AMT lost 13 employees in the World Trade Center attack. He stayed with the company, despite it being decimated by market uncertainty in the wake of 9/11. He was appointed CEO of the very same company in 2004. Over a 16 year tenure as CEO of AMT the company market cap 20x’d. He left his position as CEO of AMT in March of last year, and the stock stagnated since his departure, currently trading at roughly the same market cap as to when he left.

Jim Taiclet was also appointed to be the chairman of the board this week, replacing the previous CEO. Why is it relevant that the CEO came from a massive telecommunications company?

Rightfully, Taiclet’s focus for LMT is bringing military technology into the modern era. He wants LMT to be a first mover in the military 5G space, military application of AI space, the… space space, and the hypersonic glide vehicle (HGV) space. These areas are revolutionary for the boomer defense sector. We will discuss this in more detail later when we cover the company’s P/E multiple and why it is absolute nonsense.

It is not a surprise to me that they brought Taiclet on during the pandemic. He led AMT through adversity before, and LMT’s positioning during the pandemic is tremendous relative to the rest of the sector, thanks in large part to some strong strategic moves and good investments by current and past leadership. I think that Taiclet is the right CEO for the job.

In addition to the new CEO, the new Secretary of Defense, Secretary Lloyd Austin, has strong ties to the defense sector. He was formerly a board member for RTX. He is absolutely above reproach, and a true leader of character, but I bring this up not to suggest that he will inappropriately serve in the best interest of defense contractors, but to suggest that he speaks the language of these companies effectively. I do not anticipate that the current administration poses as significant of a risk to the defense sector as many analysts seem to believe. This will be expanded in the headwinds section below.

**SPACE**

Cathie Wood and the ARK Invest team brought a lot of attention to the space sector when the ARKX, The ARK Space Exploration ETF, Form N-1A was officially filed through the SEC. More recently, ARK Invest published their Big Ideas 2021 Annual Report and dedicated an entire 7-page chapter to Orbital Aerospace, a new disruptive innovation platform that the ARK Team is investigating. This may have helped energize wall street to re-look their portfolios and their investments in space technology, but it was certainly not the first catalyst that pushed the defense industry in the direction of winning the *new* space race.

In June 2018, then President Trump announced at the annual National Space Council that “it is not enough to merely have an American presence in space, we must have American dominance in space. So important. Therefore, I am hereby directing the Department of Defense (DoD) and Pentagon to immediately begin the process necessary to establish a Space Force as the sixth branch of the Armed Forces"". Historically, Department of Defense space assets were under the control of the Air Force. By creating a separate branch of service for the United States Space Force (USSF), the DoD would allocate a Chairman of Space Operations on the Joint Chiefs of Staff and clearly define the budget for space operations dedicated directly to the USSF. At present, this budget is funneled from the USAF’s budget. The process was formalized in December of 2019, and the DoD has appropriated \~$15B to the USSF in their first full year of existence according to the FY21 budget.

Among the 77 spacecraft that are controlled by the USSF, 29 of them are Lockheed Martin GPS satellites, 6 of them are Lockheed Martin Space-Based Infrared Systems (SBIRS), and LMT had a hand in creating and/or manufacturing for several of the other USSF efforts. The Next Generation Overhead Persistent Infrared Missile Warning Satellites (also known as Next-Gen OPIR) were contracted out to both Northrup Grumman (Ticker: NOC) and LMT. LMT’s contract is currently set at $4.9B, NOC’s contract is set at $2.37B.

Tangentially related to the discussion of space is the discussion of hypersonic glide vehicles (HGVs). HGVs have exoatmospheric and atmospheric implications, but I think that their technology is extremely important to driving margins down for both space exploration and terrestrial point-to-point travel. LMT is leading the charge for military HGV research. They hold contracts with the Navy, Air Force, and Army to develop HGVs and hypersonic precision fires. The priority for HGV technology accelerated significantly when Russia launched their Avangard HGV in December of 2019. Improving the technology for HGVs is a critical next-step in maintaining US hegemony, but also maintaining leadership in both terrestrial and exoatmospheric travel.

**LARGE SCALE COMBAT OPERATIONS (LSCO)**

The DoD transitioning to Large-Scale Combat Operations (LSCO) as the military’s strategic focus. This is a move away from an emphasis on Counter-Insurgency operations. LSCO requires effective multi-domain operations (MDO), which means effective and integrated strategies regarding land, sea, air, space, and cyberspace. To have effective MDO, the DoD is seeking systems that both expand capabilities against peer threats and increase the ability to track enemy units and communicate internally. This requires a modernizing military strategy that relies heavily on air, missile, and sensor modernization. Put simply, the DoD has decided to start preparing for peer or near-peer adversaries (China, Russia, Iran, North Korea) rather than insurgencies. For this reason, I believe that increased Chinese and Russian tensions are, unfortunate as it may be, a boon to the defense industry. This is particularly true in the missiles/fires and space industry, as peer-to-peer conflicts are won by leveraging technological advantages.

There are too many projects to cover in detail, but some important military technologies that LMT is focusing on to support LSCO include directed energy weapons (lasers) to address enemy drone technology, machine learning / artificial intelligence (most applications fall under LMT’s classified budget, but it is easy to imagine the applications of AI in a military context), and 5G to increase battlefield connectivity. These projects are all nested within the DoD’s LSCO strategy, and position LMT as the leader in emergent military tech. NOC is the other major contractor making a heavy push in the modernization direction, but winners win, and I think a better CEO, balance sheet, and larger market cap make LMT the clear winner for aiding the DoD in a transition toward LSCO.

**SECTOR COMPARISON (BACKLOG)**

The discussion of LSCO transitions well into the discussion of defense contractor backlogs. Massive defense contracts are not filled overnight, so examining order backlogs is a relatively reliable way to gauge the interest of the DoD in a defense contractor’s existing or emerging products. For my sector comparison, I am using the top 6 holdings of the iShares U.S. Aerospace & Defense ETF (Ticker: ITA). I hate this ETF, and ETFs like it (DFEN) because of their massively outsized exposure to aerospace, and undersized allocation to companies like LMT. LMT is only 18% smaller than Boeing (Ticker: BA) but is only 30.4% of the exposure of BA (18.46% of the fund is BA, only 5.62% of the fund is LMT). Funds of this category are just BA / RTX hacks. I suggest building your own pie on a site like M1 Finance (although they are implicated in the trade restriction BS… please be advised of that… hoping other brokerages that are above board will offer similar UIs like the pie design… just wanted to be clear there) if you are interested in the defense sector.

The top 6 holdings of ITA are:

Boeing Company (Ticker: BA, MKT CAP $110B) at 18.46%

Raytheon Technologies (Ticker: RTX, MKT CAP $101B) at 17.84%

Lockheed Martin (Ticker: LMT, MKT CAP $90B) at 5.62%

General Dynamics Corporation (Ticker: GD, MKT CAP $42B) 4.78%

Teledyne Technologies Incorporated (Ticker: TDY, MKT CAP $13B) at 4.74%

Northrop Grumman Corporation (Ticker: NOC, MKT CAP $48B) at 4.64%

As a brief aside, please look at the breakdowns of ETFs before buying them. The fact that ITA has more exposure to TDY than NOC and L3Harris is wild. Make sector ETFs balanced how you want them to be balanced and it will be more engaging, and you will likely outperform. I digress.

Backlogs for defense companies can easily be pulled from their quarterly reports. Here are the current backlogs in the same order as before, followed by a percentage of their backlog to their current market cap. All numbers are pulled from January earning reports unless otherwise noted with an \* because they are still pending.

**Boeing Company** backlog (Commercial: $282B, Defense: $61B, Foreign Military Sales (FMS, categorized by BA as ‘Global’): 21B, Total Backlog 364B): BA’s backlog to market cap is a ratio of 3.32, which is strong, but most of that backlog comes from the commercial, not the defense side. Airlines have been getting decimated, I am personally not interested in having much of my backlog exposed to commercial pressures when trying to invest in a defense play. Without commercial exposure, their defense only backlog ratio is .748. This is extremely low. I understand that this does not do BA justice, but I am keying in on defense exposure, and I am left thoroughly unsatisfied by that ratio. Also, we have seen several canceled contracts already on the commercial side.

**Raytheon Technologies** backlog (Defense backlog for all 4 subdivisions: 67.3B): Raytheon only published a defense backlog in this quarter’s report. That is further evidence to me that the commercial aerospace side of the house is getting hammered. They have a relatively week backlog to market cap as well, putting them at a ratio of .664, worse off than the BA defense backlog.

**Lockheed Martin** backlog (Total Backlog: $147B): This backlog blows our first two defense backlogs out of the water with a current market cap to backlog ratio of 1.63.

**General Dynamics Corporation** backlog (Total Backlog: $89.5B, $11.6B is primarily business jets, but it is difficult to determine how much of their aerospace business is commercial): Solid 2.13 ratio, still great 1.85 if you do not consider their aerospace business. The curveball here for me is that GD published a consolidated operating profit of $4.1B including commercial aerospace, whereas LMT published a consolidated operating profit of $9.1B. This makes the LMT ratio of profit/market cap slightly in favor of LMT without accounting for the GD commercial aerospace exposure. This research surprised me; I may like GD more than I originally assumed I would. Still prefer LMT.

**Teledyne Technologies Incorporated** backlog (Found in the earnings transcript, $1.7B): This stock is not quite in the same league as the other major contractors. This is an odd curveball that a lot of the defense ETFs seem to have too much exposure to. They have a weak backlog, but they are a smaller growing company. I am not interested in this at all. It has a backlog ratio of .129.

**Northrop Grumman Corporation** backlog ($81B): Strong numbers here. I see NOC and LMT as the two front-runners in the defense sector. I like LMT more because I like their exposure to AI, 5G, and HGVs more than NOC, but I think this is a great alternative to LMT if you like the defense sector. Has a ratio of 1.69, slightly edging out LMT on this metric. LMT edges out NOC on margins by \~.9%, though, which has significant implications when considering the depth of the LMT backlog.

The winners here are LMT, GD, and NOC. BA is attractive if you think anyone will have enough money to buy new planes. BA and RTX are both getting hammered by commercial aerospace exposure right now and are much more positioned as recovery plays. That said, LMT and NOC both make money now, and will regardless of the impact of the pandemic. LMT is growing at a slightly faster rate than NOC. Both are profit machines, but I like LMT’s product portfolio and leadership a lot more.

**FREE CASH FLOW**

Despite the pandemic, LMT had the free cash flow to be able to pay a $2.60 per share dividend. This maintains their \~3% yearly dividend rate. They had a free cash flow of $6.4B. They spent $3.9 of that in share repurchases and dividend payouts. That leaves 40% of that cash to continue to strengthen one of the most stalwart balance sheets outside of big tech on the street. Having this free cash flow allowed them to purchase Aerojet Rocketdyne for $4.4B in December. They seem flexible and willing to expand and take advantage of their relative position during the pandemic. This is a stock that has little downside risk and significant upside potential. It is always reassuring to me to know that at the end of the day, a company is using its profit to continue to grow.

**HEADWINDS**

**New Administration** – This is more of an unknown than a headwind. The Obama Administration was not light on military spending, and the newly appointed SecDef is unlikely to shy away from modernizing the force. Military defense budgets may get lost in the political shuffle, but nothing right now suggests that defense budgets are on the chopping block.

**Macroeconomic pressure** – The markets are tumultuous in the wake of GME. Hedgies are shaking in their boots, and scared money weighed on markets the past week. If scared money continues to exert pressure on the broader equity markets, all boomer stocks are likely weighed down by slumping markets.

**Non-meme Status** – The stocks that are impervious to macroeconomic pressures in the above paragraph are the stonks that we, the people, have decided to support. From GME to IPOE, there is a slew of stonks that are watching and laughing from the green zone as the broader markets slip deeper into the red zone. Unless sentiment about LMT changes, I see no evidence that LMT will remain unaffected by a broader economic downturn (despite showing growth YoY during a pandemic).

**TAILWINDS**

**Aerojet Rocketdyne to the Moon** – Cathie Wood opened up a $39mil position in LMT a few weeks ago, and this was near the announcement of ARKX. The big ideas 2021 article focuses heavily on satellite technology, deep learning, and HGVs. I think that the AR acquisition suggests that vertical integration is a priority for LMT. They even fielded a question in their earnings call about whether they were concerned about being perceived as a monopoly. Their answer was spot on—the USFG and DoD have a vested interest in the success of defense companies. Why would they discourage a defense contractor from vertical integration to optimize margins?

**International Tensions** – SolarWinds has escalated US-Russia tensions. President Biden wants to look tough on China. LSCO is a DoD-wide priority.

**5G.Mil** – We still do not have a lot of fidelity on what this looks like, but the military would benefit in a lot of ways if we had world-wide access to the rapid transfer of encrypted data. Many units still rely on Vietnam-era technology signal technology with abysmal data rates. There are a lot of implications if the code can be cracked to win a DoD 5G contract.

**TRADE IDEAS**

**Price Target:** LMT is currently at a P/E of \~14. Verizon has roughly the same. LMT’s 5-year P/E ratio average is \~17. NOC is currently at a P/E of \~20. TSLA has a P/E Ratio of 1339 (disappointingly not 1337). P/E is a useless metric because no one seems to care about it. My point is that LMT makes a lot of money, and other companies that are valued at much higher multiples do not make any money at all. LMT’s P/E ratio is that of a boomer stock that has no growth potential. LMT’s P/E is exactly in line with the Aerospace and Defense Industry P/E ratio standard. LMT’s new CEO is pushing the industry in a new direction. I will arbitrarily choose a P/E ratio of 30, because it is half of the software industry average, and it is a nice round number. Plus, stock values are speculative and nonsense anyway.

Share price today: $321.82

Share price based on LMT average 5-year P/E: $384.08 (I see this as a short term PT, reversion to the mean)

Share price with a P/E of 30: $690.26

**Buy and Hold:** Simple. Doesn’t take much thought. Come back in a year or two and be happy with your tendies (and a few dividends to boot).

**LEAPS Call Debit Spread (Based on last trade prices):** Buy $375 C 20 JAN 23 for $26.5, Sell $450 C 20 JAN 23 for $12. Total Cost $14.5 for a spread width of $75. Max gain 517% per spread. Higher risk strategy.

**LEAPS**: Buy $500 C 20 JAN 23 for $7.20. Very high-risk strat. If the price target is hit within two years, these would be in the money $183 per contract for a gain of 2500%. This is the casino strat.

**SOURCES**

[https://www.lockheedmartin.com/en-us/news/features/2020/james-taiclet-from-military-pilot-to-successful-ceo.html](https://www.lockheedmartin.com/en-us/news/features/2020/james-taiclet-from-military-pilot-to-successful-ceo.html)

[https://www.warren.senate.gov/newsroom/press-releases/in-response-to-senator-warrens-questions-secretary-of-defense-nominee-general-lloyd-austin-commits-to-recusing-himself-from-raytheon-decisions-for-four-years](https://www.warren.senate.gov/newsroom/press-releases/in-response-to-senator-warrens-questions-secretary-of-defense-nominee-general-lloyd-austin-commits-to-recusing-himself-from-raytheon-decisions-for-four-years)

[https://news.lockheedmartin.com/2019-08-30-Lockheed-Martins-Expertise-in-Hypersonic-Flight-Wins-New-Army-Work](https://news.lockheedmartin.com/2019-08-30-Lockheed-Martins-Expertise-in-Hypersonic-Flight-Wins-New-Army-Work)

[https://www.lockheedmartin.com/en-us/capabilities/hypersonics.html](https://www.lockheedmartin.com/en-us/capabilities/hypersonics.html)

[https://research.ark-invest.com/hubfs/1\_Download\_Files\_ARK-Invest/White\_Papers/ARK%E2%80%93Invest\_BigIdeas\_2021.pdf?hsCtaTracking=4e1a031b-7ed7-4fb2-929c-072267eda5fc%7Cee55057a-bc7b-441e-8b96-452ec1efe34c](https://research.ark-invest.com/hubfs/1_Download_Files_ARK-Invest/White_Papers/ARK%E2%80%93Invest_BigIdeas_2021.pdf?hsCtaTracking=4e1a031b-7ed7-4fb2-929c-072267eda5fc%7Cee55057a-bc7b-441e-8b96-452ec1efe34c)

[https://www.deseret.com/2018/6/19/20647309/twitter-reacts-to-trump-s-call-for-a-space-force](https://www.deseret.com/2018/6/19/20647309/twitter-reacts-to-trump-s-call-for-a-space-force)

[https://comptroller.defense.gov/Portals/45/Documents/defbudget/fy2021/fy2021\_Budget\_Request\_Overview\_Book.pdf](https://comptroller.defense.gov/Portals/45/Documents/defbudget/fy2021/fy2021_Budget_Request_Overview_Book.pdf)

[https://www.airforcemag.com/lockheed-receives-up-to-4-9-billion-for-next-gen-opir-satellites/](https://www.airforcemag.com/lockheed-receives-up-to-4-9-billion-for-next-gen-opir-satellites/)

[https://spacenews.com/northrop-grumman-gets-2-3-billion-space-force-contract-to-develop-missile-warning-satellites/](https://spacenews.com/northrop-grumman-gets-2-3-billion-space-force-contract-to-develop-missile-warning-satellites/)

[https://www.lockheedmartin.com/en-us/capabilities/directed-energy/laser-weapon-systems.html](https://www.lockheedmartin.com/en-us/capabilities/directed-energy/laser-weapon-systems.html)

[https://emerj.com/ai-sector-overviews/lockheed-martins-ai-applications-for-the-military/](https://emerj.com/ai-sector-overviews/lockheed-martins-ai-applications-for-the-military/)

[https://www.defenseone.com/business/2020/07/new-ceo-wants-lockheed-become-5g-player/167072/](https://www.defenseone.com/business/2020/07/new-ceo-wants-lockheed-become-5g-player/167072/)

[https://www.wsj.com/articles/defense-firms-expect-higher-spending-11548783988](https://www.wsj.com/articles/defense-firms-expect-higher-spending-11548783988)

[https://www.etf.com/ITA#efficiency](https://www.etf.com/ITA#efficiency)

[https://s2.q4cdn.com/661678649/files/doc\_financials/2020/q4/4Q20-Presentation.pdf](https://s2.q4cdn.com/661678649/files/doc_financials/2020/q4/4Q20-Presentation.pdf)

[https://investors.rtx.com/static-files/dfd94ff7-4cca-4540-bc4b-4e3ba92fc646](https://investors.rtx.com/static-files/dfd94ff7-4cca-4540-bc4b-4e3ba92fc646)

[https://investors.lockheedmartin.com/static-files/64e5aa03-9023-423a-8908-2aae8c7015ac](https://investors.lockheedmartin.com/static-files/64e5aa03-9023-423a-8908-2aae8c7015ac)

[https://s22.q4cdn.com/891946778/files/doc\_financials/2020/q4/GD\_4Q20\_Earnings\_Highlights-Outlook-Final.pdf](https://s22.q4cdn.com/891946778/files/doc_financials/2020/q4/GD_4Q20_Earnings_Highlights-Outlook-Final.pdf)

[https://www.fool.com/earnings/call-transcripts/2021/01/27/teledyne-technologies-inc-tdy-q4-2020-earnings-cal/](https://www.fool.com/earnings/call-transcripts/2021/01/27/teledyne-technologies-inc-tdy-q4-2020-earnings-cal/)

[https://investor.northropgrumman.com/static-files/6e6e117f-f656-4c68-ba7f-3dc53c2dd13a](https://investor.northropgrumman.com/static-files/6e6e117f-f656-4c68-ba7f-3dc53c2dd13a)",investing,LMT: A Deep Dive,https://www.reddit.com/r/investing/comments/la7g07/lmt_a_deep_dive/,Russia,2021-02-01,2021-02-01 16:39:38,2021-02-01
1612436429,lcdbmq,49,19,"There's been a lack of discussion regarding real value companies in this sub. You know they exist, right?


PROS:

-Lowest cost producer of natural gas with the largest reserves in the world.

-Immense infrastructure in pipelines and facilities, hundreds of billions of $ have been invested into it. Europe, China, all bases covered.

-If the anti-nuclear sentiment holds, nat gas is the only viable option left after coal is phased out. It's prudent to hedge this assumption by holding some uranium miners as well.

-Balance sheet is strong.

-Valuation is a joke. P/E is often around 3, P/B .2 or something.

-Good dividend policy, 50% of profits will be paid out in dividends. Will probably yield around 10-15% going forward.

-Is doing research into producing green hydrogen from natural gas.


CONS:

-Russia; geopolitics, sanctions, owned >50% by the government

-Nord Stream 2 might still take a few years to finish. A minor nuisance.

-If a green revolution of a magnificent scale really happens. I'm talking about a solution to the baseline power problem of rebewables.


I've been long this stock for years. While my cost basis is around the current stock price, I've been reaping large divvies and have no problem waiting for the valuation to correct, while collecting a juicy dividend in the meantime. Don't care if it takes years or decades.

Anyone else like this stock? Or hate it? I would be very interested in hearing a bear case for this.",investing,"Time to look at some real value, Gazprom",https://www.reddit.com/r/investing/comments/lcdbmq/time_to_look_at_some_real_value_gazprom/,Russia,2021-02-01,2021-02-04 11:00:29,2021-02-04
1612716823,leq7j4,16,0,"Opendoor (OPEN) has demonstrated it can achieve over 10% market share in some cities and is now going national.  As it scales up, it's becoming an achievable target to grow its valuation from $15B to $450B.

OZON is the Amazon of Russia and recently IPO'd.  Or it's the Alibaba (BABA) of Russia.  Either way, OZON is way underestimated.  OZON was one of the top 15 IPOs of 2020 yet received far too little press.

BurgerFi (BFI) has a modest 125 restaurants yet is lining up growth funding with potential to be bigger than Sonic (3,500 locations).  Yet BFI is also becoming a 'delivery-only' disruptor in some markets selling on Grubhub, Doordash and others without a physical location.",investing,potential 30-baggers for this decade OPEN OZON BFI,https://www.reddit.com/r/investing/comments/leq7j4/potential_30baggers_for_this_decade_open_ozon_bfi/,Russia,2021-02-01,2021-02-07 16:53:43,2021-02-07
1612908072,lgeo3w,43,96,"First post, so please direct me if I do things wrong.


Farmer's Edge Inc just filed for Initial public offering (https://www.bloomberg.com/news/articles/2021-02-09/farmers-edge-files-papers-for-initial-public-offering-in-canada)

Farmers Edge employs technology to collect and analyze local weather, soil moisture and satellite data to help farmers improve crop efficiencies and yields. Chief Executive Officer Wade Barnes co-founded the firm in 2005 and it has since expanded operations across Canada’s Prairie provinces and abroad, with offices in the U.S., Australia, Russia, Brazil and Ukraine.

I would like any information you guys drum up as im just learning about this and usually am comfortable with the SPAC setup. I always read good info and wanted to add.",investing,"Artificial intelligence meets agriculture, IPO",https://www.reddit.com/r/investing/comments/lgeo3w/artificial_intelligence_meets_agriculture_ipo/,Ukraine,2021-02-01,2021-02-09 22:01:12,2021-02-09
1613491898,ll74gh,71,100,"Loop Energy Inc. is the leading hydrogen fuel cell provider for commercial vehicles. It recently filed its prospectus to raise $100mn and list on the TSX, with shares expected to price later this week. ***Here’s all you need to know about Loop Energy and its proposed IPO.***

**Summary**

* Loop is the leading provider of hydrogen fuel cell systems targeted for the electrification of commercial vehicles
* Loop filed its preliminary prospectus for its $100mn IPO, pricing shares at \~$12-$16 (implying EV of \~$513mn)
* Investment Thesis:
   * Industry-leading, patented offering in the attractive rapidly expanding and strategically important market for the electrification of commercial vehicles
   * Well-defined go to market strategy and path to profitability provides clear valuation and upside
   * Market positioning solidified by best-in-class management/board, OEM partnerships, and backing from Cummins
   * Provides Clean energy solution and interesting sustainability/ESG play
* Key Risks:
   * Realization of business development pipeline into fixed revenue contracts
   * Existing and new competitors developing a more attractive, more widely adopted product offering
   * Technological risk of more attractive technology rendering Loop’s technology and offering obsolete
   * Large-scale manufacturing execution
* **Initiate at a Buy on valuation upside (see valuation section)**
* *Note - all figures in Canadian Dollar (CAD)*

# Outline

1. Business Model
2. Management, Board, and Ownership Overview
3. Market Overview / Competitive Landscape
4. IPO Details
5. Financial Analysis
6. Valuation / Key Risks

**1. Business Model**

*What does Loop do?*

Loop designs, manufactures, sells, and services hydrogen fuel cell systems for the electrification of commercial vehicles. Its near-term focus markets include light/medium trucks (e.g. home delivery vehicles), semi-trucks, buses, and other commercial vehicles (mining, etc), with long-term plans to expand into other intermodal transport (marine, rail, etc).

*What is its product offering?*

Loop’s key products are fuel cell stacks (stacks of fuel cells that produce electricity and water when supplied with hydrogen and oxygen) and fuel cell modules (fuel cell stacks along with the balance of plant - all the necessary equipment to operate) and has manufacturing facilities in British Columbia, Canada, and Langfang, China. Loop believes that through its proprietary eFlow technology, its fuel cell systems are superior to its peers in terms of fuel efficiency, durability, and power.  We expect these characteristics to be key differentiators as Loop and its competitors race to secure OEM relationships and achieve mass-market adoption.

*Understanding the current landscape and Loop’s competitive advantages*

On the path to transitioning the global fleet to zero-emissions vehicles, Loop sees the current lithium-ion batteries as only a part of the solution, with its hydrogen fuel cells creating significant advantages over the existing solutions in terms of range, payload, and refueling times. Loop markets three key benefits to its fuel cells, compared to competitors, which we think well-position the company to continue to lead its industry. In addition to the technical competitive advantages which are outlined in the *Competitive Landscape* section, we see Loop’s industry positioning is supported by Cummin’s investment and its partnership with OEMs.

*Growth Strategy*

The company has rapidly developed its business development pipeline, forming partnerships with OEMs and building a relatively small revenue backlog of $16.4 million to date, with plans of significantly expanding this over time. The company expects that the larger OEM suppliers will be in a position to launch commercial vehicles with fuel cell systems between 2025 and 2027, meaning the company’s near-term focus should be on manufacturing fuel cell vessels in smaller volumes and developing its technology and backlog. Loop also has a JV with InPower in China to establish a manufacturing line. We think Loop’s stated strategy (below) is well-aligned with the most important objective - becoming the dominant player in the industry.

*Loop Growth Strategy*

1. Focus on commercial vehicle market and leverage products into other markets
2. Scale manufacturing and customer support infrastructure
3. Develop partnerships with leading OEMs and OEM suppliers
4. Reduce costs by leveraging scale and internalizing certain components
5. Continue to invest to develop and improve eFlow technology

**2. Management, Board, and Ownership Overview**

Loop’s management team is highly experienced with significant experience in related industries, including fuel cell development and automotive development (key relationships at strategically important OEMs). The company also appointed two special advisors with excellent track records leading companies: Lord John Browne (BP, Riverstone) and Lance Uggla (IHS Market, S&P Global). With its recent additions, we view Loop’s management team and board as a strength.

The current and pro forma ownership of the company is included below. Upon completion of the offering, there will be a concurrent reverse stock split, consolidating 3 shares into 1 share, which is noted below, along with the forced conversion of convertible debentures, reflected in the table below:

&#x200B;

|**Beneficial Owner**|**Fully Diluted Current Ownership (post-consolidation)**|**Pro Forma Fully Diluted Ownership** (assumes $115mn allotment at $16/share)|
|:-|:-|:-|
|Cummins|6.9mn (25.4%)|6.9mn (17.5%)|
|InPower|1.3mn (4.9%)|1.3mn (3.4%)|
|Management & Board|2.9mn (10.6%)|2.9mn (7.3%)|
|Other|16.2mn (59.1%)|23.3mn (59.0%)|
|Options & Warrants Exercised|0 (0%)|2.7mn (6.7%)|
|Convertible Debentures Converted|0 (0%)|2.4mn (6.1%)|
|**Total**|**27.3mn (100%)**|**39.6mn (100%)**|

&#x200B;

**3. Market Overview / Competitive Landscape**

*Industry Overview*

The market for fuel cell electric vehicles is expected to grow at a 39% CAGR, from \~$2.6bn today to $50.8bn. Hydrogen fuel cells are the most widely adopted form, with significant investments from governments and corporates to support the widespread adoption of hydrogen. The hydrogen market is expected to represent \~€10 trillion+, with countries representing \~70% of the world’s GDP introducing hydrogen strategies (including US and Russia).  While this is clearly a growing, attractive and strategic market, we do note that many industry data sources provided by management are sponsored research, including the Hydrogen Council.

We see electrification as an important global trend as countries and companies commit to decreasing emissions, with a target of net-zero by 2050.

Loop’s competitors include Ballard Power, Beijing Sinohytec, Horizon Fuel Technologies, Hydrogenics Corporation, Hyundai, Nuvera Fuel Cells, Plug Power. Powercell, and Toyota. Despite this strong group of competitors, Loop’s technology provides significant competitive advantages, noting that competitors pose a significant risk for the company (see *Key Risks to Loop’s Valuation)*

*Competitive Advantages (per Loop)*

* Fuel Efficiency - efficiency improvements enable greater savings and higher return on investment
   * According to Loop, the incorporation of fuel cells into battery electric vehicles increases range by 2.5 to 3 times
   * 16% lower fuel consumption vs. competitors, generating \~$300k in fuel savings over lifetime
* Higher Peaking Power - provides higher payload capacity and range
   * \>50% more peak power than top competitor and >90% more peak power than most competitors
* Durability - results in lower service and maintenance costs
   * Up to 10x better current density uniformity

**4. IPO Details**

*Overview of the Offering*

Loop issued its preliminary prospectus on February 5, 2021, announcing plans to raise \~$100mn (+15% greenshoe option) at an \~$12-$16/share valuation. Shares are expected to price the week of February 15, 2021 and trade the week of February 22, 2021. The IPO will be led by National Bank Financial. Per filings, the net proceeds are expected to be used for R&D, capital assets, and other expenses.

Funds from the strategic financing will be used to further accelerate the company's product development activities, project deployments, and growth plans as it expands its technical leadership in medium and heavy-duty hydrogen fuel cell bus and trucking applications.

*Share Count*

Loop’s current fully-diluted share count pre-IPO is \~30.0 million shares, and pro forma for the offering will increase to \~39.6 million shares (assuming shares price at the top range of indications and the underwriters exercise their over-allotment option).

*Previous Equity Raises*

Based on Cummin’s prior investments in the company and current shares owned, Cummin’s cost basis is \~$4.32/share.

**5. Financial Analysis**

*Revenue* was \~$350k for the three and nine months ended September 30, 2020, primarily representing the sale of demo field and test bench units. This will increase as the business continues to develop its product backlog, noting Loop’s definition of this figure represents estimated sales, including conditional agreements and MOUs. We view the development of this product backlog and execution to be a key risk, as this backlog may or may not actually materialize.

*Product Backlog* as of January 31, 2021 represents revenue of $16.4mn, up from $4.3mn as of December 31, 2020.

*Operating Expenses* \- the company expects to achieve gross margins of \~30% and EBIT margins of 20% by 2030, supported by its eFlow technology, which the company expects to reduce manufacturing costs. We think that Loop’s approach to design in-house and expand vertically along the supply chain will be beneficial to achieve best-in-class margins. Given the significant size of the addressable market, economies of scale, and importance of reaching the “tipping point” for mass-market adoption, we expect significant M&A in the near-term. We also expect strategic M&A to be viewed favourably by the market with the understanding that despite near-term dilution, these types of transactions should be accretive to long-term value.

*Capital Structure -* pro forma for the offering, Loop’s balance sheet will substantially change, with the majority of its debt (convertible debentures) converting into shares, leaving Loop with an essentially debt-free balance sheet.

&#x200B;

|**($ millions)**|**30-Sep-20**|**Adjustment**|**Pro Forma**|**Description**|
|:-|:-|:-|:-|:-|
|(+) LT Debt|0.8||0.8||
|(+) Convertible Debentures|3.6|(3.6)|–|Converted|
|**Total Debt**|**4.4**|**(3.6)**|**0.8**||
|(-) Cash|6.3|115|121.3|IPO proceeds + conversion of warrants and options|
|**Net Debt**|**(1.9)**|**(118.6)**|**(120.5)**||

**6. Valuation / Key Risks**

*Market Valuation*

We expect shares to price at the top range of the $16/share IPO price, valuing the company on a fully-diluted basis at \~$513mn. At this valuation, we see tremendous long-term upside if the business is able to execute on its plan (see multiples valuation below)

&#x200B;

|Shares Outstanding (mn)|39.6|
|:-|:-|
|Stock Price ($)|$16.0|
|**Market Cap ($mn)**|**633.6**|
|(+) Net Debt|(120.5)|
|Enterprise Value|**513.1**|

*Multiples Valuation*

While it is difficult to value the business today, we (and Loop) expect the fuel cell market for commercial vehicles to significantly expand in the next few years, with OEMs ramping up production for commercial launch by 2026. The market for fuel cell electric vehicles is expected to grow to \~$7bn in 2026.

Working backwards from this, if Loop grows to a \~$750mn revenue business with 20% EBIT margins (2026 EBIT of $150mn) and a 15x EBIT valuation (in line with current valuation multiples), this would imply a >$2.2bn enterprise value in 2026. Discounting this back to today at a 15% cost of equity still results in >$1.1bn of value, offering >2x upside. We also think this 15x multiple is conservative given the growth potential of the industry and potential for Loop to become a leading market player.

Using this same methodology, 2026E revenue of $200mn - $400mn at a 15x EBIT multiple backs into the $12-$16/share range today.

*Key Risks to Loop’s Valuation*

* Inability to grow business development pipeline with OEMs or translate pipeline into revenue-generating contracts
   * The current pipeline represents $16.4mn, which includes conditional agreements and MOUs; the key focus of the business is expanding on this pipeline
* Existing and new competitors developing a more attractive, more widely adopted product offering
   * While Loop’s positioning is protected by patents, technological advantages, and Cummins backing, OEMs with substantially more capital and may enter the space and compete
* Technological risk of more attractive technology rendering Loop’s technology and offering obsolete
   * Emissions technology continues to advance and there may be a new form of technology that will reach mass-market adoption, replacing hydrogen fuel cells
* Large-scale manufacturing execution
   * While Loop’s management team has experience building out manufacturing, the company (and its competitors) have yet to execute on the large-scale manufacturing required to meet expected future demand

**Disclosure:** I/we have no positions in any stocks mentioned, and no plans to initiate any positions within the next 72 hours.

I wrote this article myself, and it expresses my own opinions. I am not receiving compensation for it. I have no business relationship with any company whose stock is mentioned in this article.",investing,Loop Energy Inc. (TSX: LPEN) IPO DD - The leading hydrogen fuel cell provider: here’s all you need to know,https://www.reddit.com/r/investing/comments/ll74gh/loop_energy_inc_tsx_lpen_ipo_dd_the_leading/,Russia,2021-02-01,2021-02-16 16:11:38,2021-02-16
1613646022,lmk8f3,720,3429,"# Due Diligence of Bitcoin Mining stock valuations: RIOT and MARA

Unlike the 2017/18 rise of Bitcoin, the 2020/21 Bitcoin price action has been largely driven and influenced by institutional demand.

With institutional demand comes institutional products. We have seen bitcoin derivatives, bitcoin trusts, and more recently a new way for exposure to bitcoin price action: publicly traded bitcoin mining companies.

There are two bitcoin mining companies which I'd like to review for you here. Both trade on Nasdaq; they are [**RIOT**](https://www.tradingview.com/symbols/NASDAQ-RIOT/) and [**MARA**](https://www.tradingview.com/symbols/NASDAQ-MARA/).

Lets begin with a quick summary on bitcoin mining.

---

## **What is Bitcoin Mining?**

To mine a new block on the bitcoin blockchain you must find a number called a [nonce](https://en.wikipedia.org/wiki/Bitcoin#Mining). The cryptographic combination of the nonce + next block content must be numerically smaller than the network's difficulty target (more on this below). Generating a new nonce is extremely computationally expensive. There is no shortcut, miners must try calculations over and over again until they brute force the correct result. They are trying to find the answer to a math problem; a nonce that hashes correctly with the [SHA-256](https://en.wikipedia.org/wiki/SHA-2) (cryptographical hashing function).

The bitcoin network adjusts how many computations must be done on average to find a valid nonce every 2 weeks. This is called the [difficulty](https://www.blockchain.com/charts/difficulty). The aim is to have a new block mined approximately every 10 minutes. This means that if the mining power is doubled, the difficulty is made 2x harder. Double the energy for the same amount of bitcoin.

We can see an estimate for the [total hash rate being applied to the bitcoin network today](https://www.blockchain.com/charts/hash-rate).  Notice that it is about 150m TH/s right now (150 million trillion nonces tried every second). So for every block (every 10 minutes) 9*10^22 attempts are done (90 sextillion) until one lucky participant finds a valid nonce and can ""mine"" the next bitcoin block. In doing so they get rewarded 6.25 newly generated bitcoin + some bitcoin in transaction fees from users of the network.

You can run code on your computer to try and find the next bitcoin block. In fact, this is how all bitcoin mining used to be done. However, these days you will end up spending more on electricity than you mine in bitcoin. This is because people have developed special ASIC chips designed specially for brute forcing the SHA-256 function. These chips are a factor of 100 times more efficient than your computer.

---

## **Mining on an ASIC Bitcoin Miner**

The biggest producer of ASIC Bitcoin Miners is a Chinese company called [Bitmain](https://en.wikipedia.org/wiki/Bitmain). They produce miners, run many of the miners, and even run many [mining pools](https://antpool.com/) where people can collectively search for the next block and split the profits.

Bitcoin mining becomes incredibly profitable when there is a rapid price increase in bitcoin. This is because there is a lag while new bitcoin mining hardware is being built and deployed to capture excess profit.

So lets take a look at how profitable it is to run an ASIC miner today.

The [Antminer S19 Pro](https://shop.bitmain.com/product/detail?pid=00020201222165500548JAa69Gvu067A) is one of Bitmain's latest machines.  It can run an impressive 110 TH/s and uses 3250W of power. On their website Bitmain is listing them at $3769 per machine but in bulk companies can buy them for as low as $2333 (notice they are sold out until at least August).

So:

* **$2333 machine cost**
* Using $0.08/kWh electricity costs ([benchmark for electricity cost in China](https://www.ovoenergy.com/guides/energy-guides/average-electricity-prices-kwh.html)) we get 3.25kW * $0.08 = $0.26 per hour in electricity costs. Assuming we run 24/7 this gives us $0.26 * 24 * 365 = **$2278 in electricity costs per year**
* And how many bitcoin will we mine? Well at 110 Th/s on an ASIC machine we are capturing 110/150,000,000 = 0.0000733% of the total bitcoin network per machine **at current total hash rate**. 52,560 bitcoin blocks mined per year; 6.25 bitcoin reward per block + ~1.25 bitcoin in transaction fees (avg right now) -> 7.5 bitcoin per block * 52,560 blocks -> 394.2k bitcoin per year for the entire network. 0.0000733% of this is **0.289 bitcoin per machine per year = $14,450 revenue (at $50k per bitcoin)**
* **$14,450 - $2278 = $12.2k profit per year**

You can play with the parameters to figure out different profit levels. For example, **if the total hash rate doubled to 300m Th/s, profit per machine would drop to $5k per year.**

Also note that transaction fees fluctuate over time depending on how many people are actually using bitcoin (sending and receiving transactions). See [historic transaction fees](https://www.blockchain.com/charts/transaction-fees). 

And how long can you run a machine for?

Running so many calculations slows a machine quickly. Additionally, new faster hardware is introduced making past hardware unprofitable fairly quickly. **As a rule of thumb we can expect a machine to be profitable for about 2 years.** This is also the rate at which companies mark the depreciation of miners on their balance sheet.

In Year 2 the machines become much less profitable than initially.

There have been studies to see where bitcoin mining is occurring through IP address analysis of miners working in pools. The University of Cambridge has a [real-time map](https://cbeci.org/mining_map) in which we can see that in 2020 mining was:

| Country    	| % Total Hash Rate 	|
|------------	|-------------------	|
| China      	| 69%               	|
| Russia     	| 6%                	|
| US         	| 5%                	|
| Kazakhstan 	| 5%                	|
| Malaysia   	| 4%                	|
| Iran       	| 4%                	|

---

## **RIOT and MARA**

Now that we have a basic overview of how bitcoin mining works let's look our new investment phenomenon: publicly traded NASDAQ listed bitcoin mining companies.

## **RIOT**

Incorporated in July 2000, the company was renamed to Riot Blockchain in October 2017. The company now exclusively mines bitcoin and has a partnership with Coinmint LLC in New York who operate the miners. RIOT was a penny stock for most of its existence and was irrelevant until mid 2020.

How many miners do they have?

* Current status of pre-Dec 2020 orders: [11.5k miners in operation and 10k more to be delivered](https://www.riotblockchain.com/news-media/press-releases/detail/99/riot-blockchain-achieves-milestone-of-1-ehs-in-hash-rate) ([funded from $100m secondary offering in Oct 2020](https://www.sec.gov/Archives/edgar/data/1167419/000107997320000871/riot_s3.htm))
* In December 2020 their stock price rocketed alongside bitcoin ($3->$15 in 1.5 months). They took advantage of this and ran a secondary offering [raising $200m](https://www.sec.gov/Archives/edgar/data/1167419/000107997320001054/riot_s3.htm). With this money [they ordered 15k more miners for $35m](https://www.sec.gov/Archives/edgar/data/1167419/000107997320001096/ex99x1.htm). Expected delivery starts in May 2021 with the bulk to be delivered in October 2021.

**Summary: 37,640 machines at full deployment. 11.5k machines today and won't be running the rest until Q3/Q4.**

So ignoring the cost of the machines:

* Operational 11.5k machines at $12.2k profit per year per machine = $137m
* Full capacity (Q3/Q4) 37.6k machine at $12.2k profit per year per machine = $459m

And assets

* Maybe $150m in cash/btc left over from secondary offering and past assets


Note: They may get cheaper electricity costs through their partnership and claim as low as $0.014 per kwh in some releases.


## **MARA**

Incorporated in 2010, the company has a wild history. It first engaged in the exploration and development of uranium and vanadium, then real estate in Southern California, and most recently patent trolling. The company has some questionable leadership and has also been a penny stock for most of its existence. In 2019 (I think?) the company began delving into bitcoin mining.

In September 2019 they purchased 6k S9 Bitmain miners (13.5 TH/s) for $4m. Notice that at 13.5 TH/s: these machines are far from profitable today (I'm not even sure they were profitable back then!).

So more recently they own:

* Current status of pre-Dec 2020 orders: [6.5k miners in operation and 30k more to be delivered](https://www.marathonpg.com/news/press-releases/detail/1226/bitmain-ships-4000-antminer-s-19-pro-asic-miners-to) ([funded from $100m secondary offering in Aug 2020](https://www.sec.gov/Archives/edgar/data/1507605/000149315220014870/forms-3.htm))
* In December 2020 ran another secondary offering after their stock price went from $2->$14 in a month. [They raised $200m](https://www.sec.gov/Archives/edgar/data/1507605/000149315220023410/forms-3.htm). With this money they ordered 70k more miners (delivery of 7k in July, 63k in December) for $168m
* In January 2021 they ran yet another secondary offering raising [$300m more](https://www.sec.gov/Archives/edgar/data/1507605/000149315221000864/forms-3asr.htm). They used $150m of this to buy 4.8k bitcoin at $31k per coin

**Summary**

* **Operational 6.5k miners = $79m per yr**
* **Full capacity (Dec 2021) 103k miners = $1.25bn per yr!**

**They also made ~$90m on their bitcoin holdings so far ($150m -> ~$240m)**

Impressive numbers right? Well..

---

## **Too good to be true?**

So what are RIOT and MARA trading at you may ask?

With the recent jump of bitcoin to $50k, RIOT and MARA have rocketed.

* RIOT closed at $77.90 per share, **a market cap of $5.3bn**
* MARA closed at $47.90 per share, **a market cap of $4.5bn**

Investor euphoria is at all time highs. So much so that their price action has rapidly [outpaced](https://i.imgur.com/VjQTaA3.png) and [diverged](https://i.imgur.com/wwzoTn6.png) from bitcoin.

So is it because they have such huge potential? If RIOT gets all of its hardware delivered is it really going to be making $459m per year? And MARA $1.25bn per year!?!

Well, probably not..

* As bitcoin price goes up, mining becomes VERY profitable and there is a rush to build and deploy more hardware. From Oct to Dec 2017 the price of bitcoin famously went from $4k to $20k. Total hash rate went up about 60% during this time. [However, it went up a massive 600% over the following 9 months as new miners were produced and deployed](https://www.blockchain.com/charts/difficulty) with a lag.
* As the price of bitcoin capped out and then dipped mining soon became unprofitable at such a high total hash rate and miners lost a lot of money.
* Both RIOT and MARA are pending receipt of the majority of their miners and won't be taking delivery until late 2021/early 2022. What will the network's total hash rate be by then? What will bitcoin price be by then? Chinese miners won't be sitting by idle.
* And we ignored the cost of the machines! In the future RIOT and MARA will need to buy new machines. Regardless of the market the old ASIC miners will quickly trend towards unprofitability. Bitcoin is closed system; There will only be a maximum of 328.5k + tx fees of bitcoin mined per year. In fact, this will reduce in 2024 with the next ""halving"". A company cannot reliably mine more bitcoin/capture more of the network because if they are finding it profitable to increase their hash rate then you can be certain every other miner is doing the same. How many $100m secondary offerings can they do for this free lunch?
* Take a look at the [past financials of these companies](https://www.sec.gov/ix?doc=/Archives/edgar/data/1167419/000107997320000948/riot10qq3-0920.htm). RIOT mined an ""impressive"" $2.4m worth of bitcoin in Q3 2020. Their costs were $1.3m in electricity/rent/etc. + $1.2m depreciation ($2.5m!). Once you add in their $2m of salaries and marketing they had an operating loss of -$2.1m for the quarter. Their bitcoin did appreciate by a cool $385k meaning their net loss for the quarter ended at -$1.7m.
* Of course their next quarter should look wildly better thanks to bitcoins Q4 2020 price action. But this is not a business that is massively profitable under normal market conditions.


The bull case:

* Bitcoin keeps rocketing and never comes back. The total hash rate doesn't catch up and $50k btc becomes $1m btc. MARA's $1.25bn revenue next year becomes $12.5bn before ASIC miner production catches up. Investors doubled their money.


Of course, if it becomes so profitable one wonders if Bitmain decides it is better value to use the miner's themselves and breach their contract.

---

## **Tobin's Q**

Simply stated, when you invest in a RIOT or MARA you are investing in the profitability/unprofitability of bitcoin mining over the next 1-2 years.

It could be hugely profitable, or it could crash and burn like it did in 2018 and you see no returns.

In this instance, you are paying the executive team of MARA and RIOT to buy the hardware, plug it in, and sell any bitcoin for you. There isn't much more to it than that - you could buy the hardware yourself and run a few machines if you found a good electric company to partner with for cheap electricity.

So perhaps a good way to see what kind of premium you are paying to own bitcoin miner exposure through these NASDAQ companies is the [Q Ratio](https://en.wikipedia.org/wiki/Tobin%27s_q). The Q ratio is the market cap of the company divided by the replacement costs of its assets.

RIOT

* Market Cap $5.3bn
* Current btc miners 11.5k ($27m)
* Ordered btc miners 26k ($60m)
* $150m cash remaining (guess)
* **A whopping Q ratio of 22.4! And 63% of that is cash, 25% in orders!**

MARA

* Market Cap $4.5bn
* Current btc miners 6.5k ($15m)
* Ordered btc miners 96.5k ($225m)
* $240m in bitcoin
* $100m cash remaining (guess)
* **A ""value"" Q ratio of 7.75!**

With this approach, RIOT is trading at a 22.4x premium today and MARA a 7.75x.

A criticism of this valuation methodology may be that it is justified paying a premium when orders for new hardware are so backlogged. Just remember that these companies are also stuck in that backlog and won't have most of their machines online until 2022. Is it really worth such a premium?

---

## **Other factors to consider**

These companies have questionable management. **The CEO of MARA has awarded himself [compensation in excess of $300m](https://www.sec.gov/Archives/edgar/data/1507605/000149315221000469/form8-k.htm) over the last few months. Realise that the market cap of MARA was less than $300m just 3 months ago.**

Both companies are quick to do secondary offering after secondary offering at such high prices. MARA has been more aggressive recently and the downward pressure of insider selling and secondary share offerings has resulted in the price moving from $20->$48 in the time RIOT has gone from $20->$77.

A read through both of their 10-Qs will give you paragraphs of legal claims, shareholder class actions, and past investment write-offs due to corruption/shady circumstances.

These companies have no moat. They have no IP. They have no key talent hires. They are simply ordering ASIC miners, plugging them in, and having the biggest pay-days of their lives.

---

## **Trading strategies**

So is there a trading strategy I would recommend?

### **Bear**

**The challenge with being a bear in this market is you have to seriously consider whether the risk/reward is there for betting on the downside.**

Right now the market doesn't care for your fundamentals. Bitcoin has passed $50k, the narrative is that its going to $100k. The market expects these stocks to continue to trade at multiples and be 10x higher in a month.

It sounds ridiculous but it keeps happening. It is far too dangerous to be short these stocks. Or worse, short calls and you could be bankrupt on 1 intra-day move.

So that leaves you with puts. Average implied vol nearing 300% does not make them cheap.

If you truly have conviction that there will be a correction in the near term then consider weekly bear spreads.

Longer DTE plays are insanely expensive and run the risk of the many secondary offerings eventually justifying a price higher than your price target.

Another interesting idea would be a relative trade. If you could find exposure to bitcoin mining at <20x premium your long run earnings could net out. However, all publicly traded companies are similarly ludicrous so you'd have to buy a stake in btc mining privately or try and own some ASIC miners yourself.

More simply you could go long bitcoin and short RIOT/MARA. This should converge in the long run. The risk is that short term the short position will be impossible to risk manage and there is always the risk of more secondary offerings.


### **Bull**

Buy as far OTM weekly calls as you can at 400% IV and hope that momentum market continues. Fundamentals are for the 2010s.

---

### **Other**

Both RIOT and MARA's stock price spent some time consolidating down from ~28 to the 16-22 range when bitcoin corrected back from its initial $45k run up back to to $30k.

It is possible they will again if bitcoin has a pullback. However, the price action of these stocks has diverged even from bitcoin for the time being.

Ultimately the price action we are seeing now is purely momentum/hype/technical and probably retail driven. Long term and as far as future earnings go this play is a loser. But be careful; that doesn't seem to matter right now.

---

*Disclaimer: This is not financial advice; do your own DD and trade at your own risk. Positions: I hold 1 60/50 put debit spread for Feb 26th for each company.*

---

**TLDR; Bitcoin mining stock valuations are about as crazy as the valuations of all growth stocks in this market. Fuelled by retail demand of people who don't know what a blockchain is but their crypto-millionaire friend told them its revolutionary. ""The greater fool"" investing 101.**",investing,Due Diligence of Bitcoin Mining stock valuations: RIOT and MARA,https://www.reddit.com/r/investing/comments/lmk8f3/due_diligence_of_bitcoin_mining_stock_valuations/,Russia,2021-02-01,2021-02-18 11:00:22,2021-02-18
1613806069,lo1z4p,14,19,"Tech companies in the USA had this amazing run for over a decade now.

I want to take a look around and see what is going on in other countries. Are valuations just as high as in the US? Are there interesting companies elsewhere?

Maybe we can gather a list! If you have ideas, please put them in the comments!

Here are two I have on my radar:

Fiverr
====

    Country: Israel
    Market Cap: $11B

The popular gig marketplace. Growing fast at the moment. Only public competitor I know about is UpWork which is valued in the same order of magnitude.

Yandex
======

    Country: Russia
    Market Cap: $24B

A tech conglomerate similar to Google. But less  then 1/20 of the valuation. It is interesting how similar they are. They even have an autonomous taxi service.",investing,Public tech companies around the world,https://www.reddit.com/r/investing/comments/lo1z4p/public_tech_companies_around_the_world/,Russia,2021-02-01,2021-02-20 07:27:49,2021-02-20
1613965884,lpee2r,52,94,"Palladium is what's in your catalytic converter. It is so precious, that in a lot of 3rd world counties they remove the converters from their vehicles to sell the Palladium. It was an interesting car rental experience in  Belize a few years back...

Palladium  is pretty rare and pretty much only produced in Russia and S. Africa  while main consumers are US and China. We can imagine how well that can  end up.[https://www.statista.com/statistics/273647/global-mine-production-of-palladium/](https://www.statista.com/statistics/273647/global-mine-production-of-palladium/)

From an emerging technology perspective, it has a variety of application which are all summarized nicely in this review paper:[https://pubs.acs.org/doi/10.1021/acs.chemrev.5b00324](https://pubs.acs.org/doi/10.1021/acs.chemrev.5b00324)

If  inorganic chemistry bores you, just look at the picture in the  abstract. Pd is useful for a lot of stuff, present and future. The main  competitor to Palladium is Platinum and historically Palladium was less expensive but that has changed over the past couple years and may continue to change in the future as the demand for it outgrows supply.

Another fun fact,  other than the noble metals (Silver, Gold, Platinum), Palladium jewelry  has to get a purity stamp: 500, 950, or 999 [https://www.jewelryshoppingguide.com/palladium-rings-guide/](https://www.jewelryshoppingguide.com/palladium-rings-guide/)

There are a couple of ways to participate in Palladium:

1. PALL ETF : [https://etfdb.com/etf/PALL/#etf-ticker-profile](https://etfdb.com/etf/PALL/#etf-ticker-profile)
2. Futures: [https://www.cmegroup.com/trading/metals/precious/palladium.html](https://www.cmegroup.com/trading/metals/precious/palladium.html)
3. bars/coins: [https://bullionexchanges.com/buy-palladium](https://bullionexchanges.com/buy-palladium)
4. The fun way: jewelry - if I buy it, might as well wear it

Reservations:

If the dollar starts to rally and we enter a new cycle, all precious metals will go down.

Looking  at the chart of Palladium I can tell that this is obviously this is not  an original idea and it has been in a steady upward trend since  mid-2018 so it does have further to go down today than 3 years ago  should the demand diminish or we avoid inflation. [https://seekingalpha.com/symbol/PALL/chart](https://seekingalpha.com/symbol/PALL/chart)

Edit: it has actually overtaken platinum on price per oz in 2018  
[https://www.macrotrends.net/2540/platinum-prices-historical-chart-data](https://www.macrotrends.net/2540/platinum-prices-historical-chart-data)

[https://www.macrotrends.net/2542/palladium-prices-historical-chart-data](https://www.macrotrends.net/2542/palladium-prices-historical-chart-data)

I  have no position open today but looking into it after seeing the market  reaction to Powell this week. I've been wanting to get some Gold in my  otherwise very tech-heavy portfolio but I think Palladium may be safer  since it a key metal for current and future carbon footprint reduction  tech.",investing,"Palladium: play inflation, weak dollar, and green tech all at once",https://www.reddit.com/r/investing/comments/lpee2r/palladium_play_inflation_weak_dollar_and_green/,Russia,2021-02-01,2021-02-22 03:51:24,2021-02-22
1615418085,m2bubi,8,22,"
DISCLOSURE I own 10,000 SHARES of $FTOC may add more or the warrants in the future if price continues to decline.The 1 sentence conclusion is that at $11 a share $FTOC seems to provide a good risk/reward. Below I provide a more detailed explanation, the real version would take me 20 pages but this version is for THE REDDITORS!!!A bit of backgroundSo, in the past here I have posted about $COTY and $APPH but what many of you may not know about me is that I have been involved in the digital coin and payments space for the past 5 years and have been using Payoneer for years to pay contractors. Nevertheless, Payoneer is more than that. I understand that at first glance it looks like just another Paypal which is fine because PayPal has been growing and is profitable, even though it took a bit of a hiatus once it was owned by EBAY (Ebay was right to buy them but wrong to not let them grow freely as they could after the spin-off).Anyway, I see many possibilities for Payoneer that I think many are not being considering at all. Not only is the business going to be growing at LEAST 25% for the next few years but I think it can expand 35% to 50% per year for the next 3 given the massive shift of online transactions but also new services. To simplify, adding more services to cater their current customers helps them bring in new customers which nets them more revenues and profits.
Why a SPAC vs. an IPOThe issue with Payoneer has been that they never had enough capital to grow or to provide their customers more. It takes a long time to build a really robust and safe payments platform. Payoneer has been around for more than 10 years and it took a lot of capital and development hours to get to where they are today. The business was limited to transactional growth which is fine but when that is like a profit of like 0.5% (as most goes to the credit card companies or banks) it is hard to grow or ever be profitable. So, Payoneer for years has been in this stunted growth because of lack of capital or because they are in markets that were “high risk”, like not being in the USA vs. being in the Ukraine.There are many reasons they did a SPAC and if I were to top it off it is because they failed to do an IPO a a few years ago, capital is expensive via private transactions and it would never be enough. So, yes they could have done raises of $50mm every year but in this type of industry when you have so many competitors who have tens of billions of revenues and hundreds of billions of transaction volume you need a lot more to be able to compete. $500 million makes you a pretty major player in the game vs. struggling with small raises. Definitely not ideal for shareholders but in the long-term it is the best way to assure your business can compete at the very least survive.When I usually look into these stock ideas or analysis I go through a process but here on REDDIT I feel I need to provide a sort of cliffs notes because I can really go into a deep dive analysis of like 10 to 20 pages to really understand the entire business, how it makes or loses money. So I will to the best of my ability be concise but deep with my knowledge of the business.Business modelHere are all of the products that Payoneer offers its customers.Global Payments, Multi-currency account, physical and virtual cards, B2B accounts payable and accounts receivable, working capital, merchant services, compliance and tax.So, it is basically a bank that includes an accountant to help meet a business’ needs. The one product or feature that is missing is digital coins and no doubt they will be offering that soon, if anything they should make that a major priority.
Who are their customers and where are they know?
5 million businesses in 190 countries. Customers include Amazon, Wish, Lazada (owned by Alibaba) Shopee, and Ebay. Weird right, they work with Ebay given Paypal does too. This is because they work with countries and specific clients that Paypal not accept into their platform. Investors need to understand that sometimes people have to use other platforms because they the Paypal’s or banks are NOT willing to take the risk. Sure the risk is probably higher but the amount of people that need access to capital or payment process is high when many banks in many countries do not approve people for such type of access.What are the growth drivers?
Acquisition in new or existing markets (which drives better margins) and working capital for some of their customers (not all) which is what helps Amazon and Paypal grow their business. When someone makes a transaction say buyer and seller the bank or credit card companies make fees but when both consumer and business use Payoneer exclusively they avoid transaction fees with banks which is why these platforms push or provide discounts for encouraging transactions within the same network vs. out of network. Over time more and more transactions will be within network, just takes more people to be part of the ecosystem.What are the revenues of the business? Company estimates.2020 $346mm*2021 $432 mm*2022 $540 mmWhat do I think actually happens?2020 $350 to $400mm2021 $450 to $550mm2022 $600 to $700mmWhy? Because $500 million of capital allows you to expand faster than before and I think the management has been prudent not to be so aggressive in their esimtates because I don’t think anyone can believe they can so more than 35% a year but I do.What does that say about valuation?Well, Paypal at its spin-off inception traded as low as 5x revenue but growing 15% to 20% a year and when it had $11 billion in revenues now it is growing same rate but trading at 15x Revenue. That means that given Payoneer is growing double the rate and 95% smaller they can command a higher multiple but for the sake of being “conservative” let’s use 5x revenue as the TROUGH valuation and 20x revenue as the PEAK.2020 $346mm Trough is $1.75 billion or $4.60 a share. Peak is $6.92 Billion or $18.21*2021 $432mm Trough is $2.16 Billion or $5.70 a share. Peak is $8.64 billion which is $22.75 a share.*2022 $540 mm Tough is $2.70 Billion or $7 a share. Peak is $10.8 Billion or $28 a share.If you used my estimates it would be the following2021 $450 to $550mm Trough is $6 or Peak of $292022 $600 to $700mm Tough is $7.89 or Peak of $36.84Given the current price of $11 it becomes a 4 up and 1 down scenario, a good risk/reward bet.What do I think the future holds for Payoneer?I actually think there are several exits for this company.1. Company continues to grow and eventually reach billions or revenue within 5 to 10 years. So many factors and things that can happen since sometimes a 10x of revenue growth does not always mean 10x in stock price, could be -50% (due to massive dilution or debt) or 10,000% (no dilution, growth increasing, becomes a top 5 player). So consider that when you get too enthusiastic about prospects there is always a downside.2. Large international payments processer buys them. Could be Paypal, Square, Stripe, First Data, etc. consolidation WILL happen in this space and I think short-term Payoneer will acquire some companies and then be sold to a bigger company. Think of this as how banks in the USA were allowed to merge in 1995 given the law that passed. Before you had 100,000 banks then it was 50,000 banks, then 10,000 banks and now like 5,000 banks but the top 10 banks make up a large % of the business/volume.3. Wildcard: CRM business buys them. What many people do not realize is that CRM’s have been changing the game. First it was to help you sell with marketing tools, then it is to improve communication within the team, then it will be storage, and legal transactions then it will be financial transaction. They are literally going to control the beginning to the end of the customer relationship and all of that data they possess is very valuable to help their customers grow.Conclusion: $FTOC provides a good risk reward and many ways to play the exit depending on your risk tolerance.

Nevertheless, I welcome everyone and anyone here to discuss all of the good and bad about $FTOC because that I love about the Reddit community is how open, transparent and sometimes incredibly funny you all are.Good luck to every one!Value MaverickSource: https://pubs.payoneer.com/docs/investor-presentation.pdfGurufocus to view historical financials of Paypal.",investing,Payoneer $FTOC is worth $5 or $35. Very misunderstood business and underestimated growth prospects.,https://www.reddit.com/r/investing/comments/m2bubi/payoneer_ftoc_is_worth_5_or_35_very_misunderstood/,Ukraine,2021-03-01,2021-03-10 23:14:45,2021-03-10
1616197509,m8ugyr,40,33,"# ***Disclaimer, positions and reasoning for post.***

**Reasoning:**

Financial discussions on reddit are, understandably, dominated by US-based companies. I learned early on in investing, however, that having a diversity not only different sectors but also the currencies a portfolio is in can be beneficial. (Changes in exchange rates saw a portfolio that was invested in US stocks drop in value by as much as high single digit percentages.) 

*For this reason, I want to draw attention to three hopefully interesting UK-based companies in an effort to help encourage people to find diversity, wherever they are based.*

All three are established companies that have the potential for fast growth, with two paying dividends. The third has yet to IPO but I feel might draw interest when it does, hence its inclusion. GAW and CINE are also traded on the NYSE as a [depository receipt](https://www.investopedia.com/terms/d/depositaryreceipt.asp) hence the different tickers. 

**Disclaimer:**

Until now, I've been somewhat new to the details of investing, and am still getting to grips with fundamental and technical jargon, but am doing my best to provide information accurately. I'll provide links to their relevant LSE pages, as well as financial reports, to do a lot of the heavy lifting for me. The numbers I provide are coming from my broker and might be slightly different. If I have anything misleading or wrong, please let me know. 

**Positions:**

I have a handful of shares in Cineworld Group (CWD/CNNWF) and am considering investing in both Games Workshop Group (GAW/GMWKF) and Brewdog, when it eventually IPOs.
___
# ***Games Workshop Group (GAW/GMWKF)*** [LSE page.](https://www.lse.co.uk/SharePrice.asp?shareprice=GAW&share=Games-Workshop) 

[Games workshop annual reports and half-year results](https://investor.games-workshop.com/annual-reports-and-half-year-results/) 

Possibly the best-known company on this list, it is an established company that has well-recognized IP. They own ""Warhammer"" and ""Warhammer 40,000"" along with their spin-offs, the more recent ""Age of Sigmar"", as well as a ""Lord of the Rings"" range that is still in production. To add to those, they also own brands such as ""Citadel"" (not to be confused with the hedge-fund), ""Black Library"", and ""Forge World"". They have a diverse range of products, from their core table-top wargame minis, to literature, a large number of licensed computer games, and even a number of TV shows in development. The most prominent of these shows is a live-action adaption of their ""Eisenhorn"" book series, with [Frank Spotnitz](https://en.m.wikipedia.org/wiki/Frank_Spotnitz) as the showrunner. They also have lesser known [Funko figures](https://www.popinabox.co.uk/franchise/warhammer.list) and even [action figures](https://mcfarlane.com/toys/brands/warhammer/) that have been released, the latter of which was unexpectedly popular. 

In recent years the company has undergone a change in direction which has led to a rapid growth in share value, with approximately 80%/year growth for the past 5 years. More recently, they have seen a somewhat slow but consistent drop in share value over the past 3-4 months. Going forward, they are working to tap into Chinese markets which could potentially fuel a lot of further growth. This will likely be supported by a re-release of their ""Warhammer Fantasy"" range, notably with the inclusion of ""Kislev"" and ""Grand Cathay:"" Fantasy versions of Russia and China Respectively.

Details at a glance: 

Share value at close of 19/3/21: p9,596.5 (~$133)  
Market cap: £3.24B  
P/E ratio: 45.09  
Revenue: £269.70M  
EPs: £2.19  
Dividend yield: 1.87%  
Beta: 1.33 

___
# ***Cineworld Group (CWD/CNNWF)*** [LSE page.](https://www.lse.co.uk/SharePrice.asp?shareprice=CINE&share=Cineworld) 

[Cineworld results, reports and presentations](https://www.cineworldplc.com/en/investors/results-reports-presentations/year/2020) 

Cineworld Group own cinemas across both North America and Europe. Around 2017/2018 Cineworld Group aggressively expanded and bought over competitors in North America with this expansion making it the second-largest cinema chain in the world. The expansion, combined with COVID, however, has left the company with significant debt and close to bankruptcy. That said, with cinemas reopening, and them receiving some bailouts, they now have a chance to avoid this.

Details at a glance: 

Share value at close of 19/3/21: p122.13 (~$1.70)  
Market cap: £407.45M  
P/E ratio: 2.29  
Revenue: £3.38B  
EPS: £0.13  
Dividend yield: 29.72%  
Beta: 2.69  

___
# ***Brewdog***.

[Brewdog annual report - August 2020](https://www.google.com/url?sa=t&source=web&rct=j&url=https://d1fnkk8n0t8a0e.cloudfront.net/docs/BrewDog-Reports-and-Accounts-Doc-2019_v1.pdf&ved=2ahUKEwjL_ISFt73vAhVKfMAKHXlNAjkQFjADegQIDxAC&usg=AOvVaw0ma-44dIGQgDCWD1ihuedc) **PDF warning.**

Brewdog are a craft brewing company that has exploded in popularity over the past decade. They are a famous brand, although many might not recognise it by name. Early in their history, in 2009, they gained worldwide infamy for the strongest beer at the time: Tactical Nuclear Penguin, which also almost ruined the company after regulators accused them of promoting irresponsible drinking. Over the years the company has continued to provoke controversy, although this has largely helped increase brand awareness rather than cause harm. As well as brewing, they operate a number of bars globally, and Brewdog also began to operate a small number of hotels pre-COVID.

For those who are interested in ethical investing Brewdog is a certified [B-Corp](https://www.brewdog.com/bcorp) and has a growing focus on sustainable production and distribution. As part of their sustainability commitment, [all their recipes are publically available.](https://www.brewdog.com/uk/community/diy-dog)

As of writing, Brewdog does not have an IPO date, although have expressed a desire to go public in the past.

___
Edit: Formatting",investing,GAW (Warhammer) & Cineworld Group DD,https://www.reddit.com/r/investing/comments/m8ugyr/gaw_warhammer_cineworld_group_dd/,Russia,2021-03-01,2021-03-19 23:45:09,2021-03-19
1616971610,mfbyli,48,63," **Investing in Desert Mountain Energy (DME.V, DMEHF)**

Due Diligence

**Why Helium?**

* Helium is a Non-renewable, non-synthesizable element that is an irreplaceable component of many growing, high tech industries - MRI magnetics, cloud storage, rocketry, semiconductors, nuclear power, and fiber optics, just to name a few. When used as a coolant and in many manufacturing aspects, there is no substitute.
* Helium is rare on Earth. It is only obtainable by drilling for gas reserves in very particular parts of the world.
* Helium is a $10+Billion industry with a CAGR of 4% (2018 prediction) - 11% (2020 prediction) (sources conflict as the Helium industry is highly concentrated currently with little transparency). Helium overperformed 2015 future-looking estimates by 150%.

**Why Now?**

* Demand has exceeded supply for years, and prices have continued to balloon: [https://imgur.com/a/QgUrnCf](https://imgur.com/a/QgUrnCf)
* The United States Bureau of Land Management (BLM) has been a major player in the Helium industry, accounting for nearly 20% of the global market. However, it was directed to privatize starting in 1996 and will be ending the majority of activity in 2021 having exhausted storage that has existed since the ‘60s, leaving a void in supply. **It’s not every day that a 20% player in an industry just exits the market.**
* Nearly all helium production today comes as a by-product of Natural gas extraction (constituting <1% of gas extracted). The move away from carbon fuels may further constrain helium supply as a consequence.

**Why Desert Mountain Energy (DME)?**

* DME is one of the only companies concentrating exclusively on helium production.
* DME operates in Arizona - the same area the US BLM found mining success in.
* Strong, experienced company leadership that have led multiple mining projects.
* Good financials (see below) and solid plan that is progressing - tens of thousands of acres procured for drilling and refining.
* DME is far ahead of all of the other helium-specific mining operations that are just starting to catch on (RHC, Helium One), and in a much better location.

**Why is Arizona Important**

* Test wells have shown tremendous yields, with the first test well showing 7% He and 24,000+ mcf (thousand cubic feet) gas flow per day.
* DME has hit significant Helium on 3/3 test wells drilled.
* Shipping and selling locally is important as gaseous helium can escape storage over time. Local industries include everything from SpaceX to Intel, which recently announced a $20B project to build semiconductor factories close to DME’s property.
* Other major helium players globally are in less stable locations or locations that don’t have strong US relations: Algeria, Qatar, Russia.
* The majority of land DME holds is private, meaning less regulation and quicker time to market.

**Financials and Plans**

* Strong cash on hand via private placement rather than private debt. $13M. Cash on hand used to procure land for both drilling and processing, and for equipment and transportation.
* Initial production and revenue generation starts this year. Getting 6 wells running by the end of year will cost $45M total over the lifetime of the wells, while the wells will generate this value in 18 months or less.
* Current market cap \~$128M, with the vast majority of retail/private ownership.
* Helium is extremely profitable once the operation is up and running. Analysts at Cormark expect DME to operate at 85% net of operating expenses.
* The first test well drilled has an overall valuation of $250M+ over a 10 year timespan based on static recent Helium prices. DME plans to drill 60 - 70 wells over this timespan. Even at conservative yields, we can expect order of magnitude increases to their revenue and market cap over the next decade.
* DME plans to process Helium and concentrate on high-grade Helium which has much higher yields than bulk helium (and is less or irreplaceable in its uses, such as cooling), further specializing operations.
* DME has other projects/holdings - namely land in OK for an oil play, but is concentrating on helium in Arizona right now.

**What’s Next?**

* Test results from wells 4-6 coming in the next few months
* Revenue and contract information towards the end of year.
* My opinion is that It’s entirely possible DME is acquired by a high-usage player local to the Arizona area.

**Risks?**

* Governmental effects, both nationally and locally. For example, the US leveraged helium politically by restricting exports to China in 2015, and if prices were to get out of control they could reverse course on privatization, though there are no indications of this now. (Quite the opposite, actually).
* Locally, the city of Flagstaff was granted a restraining order on DME to prevent drilling on one testing site due to concerns about the local water table (though misleadingly claimed they were fracking, which they are not). The vast majority of DME’s land is procured on private sources away from Flagstaff and is unaffected by this.
* Flow rates could be less successful at their other drill sites. I’ve been very conservative due to this in my future valuation calculations.
* There is barely any institutional ownership of the stock, which could be good or bad depending on which resources you consult.
* Other global supply coming online in the coming years. Largely in areas without close trade ties to the US, and offset by DME’s domestic concentration.
* A large player could ramp up supply to specifically push out the little guy. This would be difficult though. Since other helium production is a by-product of natural gas, this would mean flooding that primary market, which would have harsh consequences.

**My position**

* 2100 shares, continuing to add.
* IMO, this is a long term hold (3 - 5 years), not a short term flip. Expect volatility around this year’s catalyst events. Very conservatively I see this as hitting $20/share over this timeframe.
* Disclaimer: I do not provide personal investment advice and I am not a qualified licensed investment advisor. I am an amateur investor. All information found here, including any ideas, opinions, views, predictions, forecasts, commentaries, suggestions, or stock picks, expressed or implied herein, are for informational or educational purposes only and should not be construed as personal investment advice. While the information provided is believed to be accurate, it may include errors or inaccuracies. I will not and cannot be held liable for any actions you take as a result of anything you read here. Conduct your own due diligence.",investing,Investing in Helium - DMEHF DD,https://www.reddit.com/r/investing/comments/mfbyli/investing_in_helium_dmehf_dd/,Russia,2021-03-01,2021-03-28 22:46:50,2021-03-28
1617313082,mi5ox3,1,1,[removed],investing,Russia and Ukraine have rising tensions: is there money to be made?,https://www.reddit.com/r/investing/comments/mi5ox3/russia_and_ukraine_have_rising_tensions_is_there/,Ukraine,2021-04-01,2021-04-01 21:38:02,2021-04-01
1618239834,mpfpx5,1,1,[removed],investing,If tension on Ukraine - Russian border turn into full-scale war. How it l affect the stock market?,https://www.reddit.com/r/investing/comments/mpfpx5/if_tension_on_ukraine_russian_border_turn_into/,Ukraine,2021-04-01,2021-04-12 15:03:54,2021-04-12
1618323521,mq36w5,1,1,[removed],investing,The market doesn't seem to be affected by escalating military buildup at the Ukraine/Russian border,https://www.reddit.com/r/investing/comments/mq36w5/the_market_doesnt_seem_to_be_affected_by/,Ukraine,2021-04-01,2021-04-13 14:18:41,2021-04-13
